mtllib model_0.mtl
o model_0
v -200.25582885742188 -117.6932601928711 682.9266357421875 
v -217.45362854003906 -117.92285919189453 682.2044067382812 
v -193.97372436523438 -145.01637268066406 679.3154296875 
v -223.69117736816406 -145.01637268066406 668.00048828125 
v -230.64158630371094 -111.2642822265625 667.1177368164062 
v -226.67628479003906 -145.01637268066406 637.7468872070312 
v -234.78509521484375 -109.42743682861328 637.7468872070312 
v -230.64158630371094 -111.26428985595703 608.456298828125 
v -229.1713104248047 -90.8293685913086 606.2896118164062 
v -233.448486328125 -90.59976196289062 637.7468872070312 
v -229.1713104248047 -90.82935333251953 669.284423828125 
v -217.40907287597656 -63.04701614379883 646.9754028320312 
v -222.57733154296875 -79.11945343017578 674.5005493164062 
v -205.69140625 -67.63914489746094 651.790283203125 
v -220.66151428222656 -63.04701614379883 637.7468872070312 
v -217.40907287597656 -63.04701614379883 628.5985717773438 
v -222.57733154296875 -79.11946105957031 601.0734252929688 
v -205.69140625 -67.63915252685547 623.78369140625 
v -217.45362854003906 -117.9228744506836 593.36962890625 
v -223.69117736816406 -145.01637268066406 607.5735473632812 
v -200.25582885742188 -117.69327545166016 592.6473999023438 
v -193.97372436523438 -145.01637268066406 596.258544921875 
v -212.7754669189453 -168.66580200195312 607.4933471679688 
v -220.26052856445312 -168.66580200195312 637.7468872070312 
v -211.17153930664062 -201.95867919921875 608.1353149414062 
v -217.31997680664062 -202.4178924560547 637.7468872070312 
v -211.17153930664062 -201.9586639404297 667.438720703125 
v -212.7754669189453 -168.66580200195312 668.0806884765625 
v -183.8599853515625 -202.41787719726562 679.9574584960938 
v -185.1966094970703 -168.66580200195312 680.117919921875 
v -185.1966094970703 -168.66580200195312 595.4561157226562 
v -183.8599853515625 -202.4178924560547 595.6165771484375 
v -200.25582885742188 -117.6932601928711 682.9266357421875 
v -185.8649139404297 -99.55437469482422 681.0809326171875 
v -170.5829315185547 -109.42743682861328 671.5313720703125 
v -184.1273193359375 -89.68132019042969 668.7227172851562 
v -202.12709045410156 -75.67535400390625 676.0252685546875 
v -193.97372436523438 -145.01637268066406 679.3154296875 
v -164.3453826904297 -145.01637268066406 666.0745239257812 
v -185.1966094970703 -168.66580200195312 680.117919921875 
v -162.2958984375 -168.66580200195312 666.9572143554688 
v -161.58303833007812 -202.41787719726562 666.7967529296875 
v -156.1920166015625 -202.4178924560547 637.7468872070312 
v -156.90487670898438 -168.66580200195312 637.7468872070312 
v -162.2958984375 -168.66580200195312 608.6168212890625 
v -161.58303833007812 -202.4178924560547 608.7772827148438 
v -185.1966094970703 -168.66580200195312 595.4561157226562 
v -183.8599853515625 -202.4178924560547 595.6165771484375 
v -183.8599853515625 -202.41787719726562 679.9574584960938 
v -164.3453826904297 -145.01637268066406 609.49951171875 
v -193.97372436523438 -145.01637268066406 596.258544921875 
v -170.5829315185547 -109.42744445800781 604.0426635742188 
v -200.25582885742188 -117.69327545166016 592.6473999023438 
v -185.8649139404297 -99.55438995361328 594.4931030273438 
v -184.1273193359375 -89.68133544921875 606.851318359375 
v -202.12709045410156 -75.67536163330078 599.5487060546875 
v -192.85987854003906 -72.23128509521484 627.8763427734375 
v -205.69140625 -67.63915252685547 623.78369140625 
v -222.57733154296875 -79.11946105957031 601.0734252929688 
v -192.85987854003906 -72.23127746582031 637.7468872070312 
v -181.9441680908203 -88.0740737915039 637.7468872070312 
v -165.19190979003906 -109.42743682861328 637.7468872070312 
v -158.99891662597656 -145.01637268066406 637.7468872070312 
v -192.85987854003906 -72.23127746582031 647.6976318359375 
v -205.69140625 -67.63914489746094 651.790283203125 
v -222.57733154296875 -79.11945343017578 674.5005493164062 
v -186.88966369628906 -158.5631103515625 705.556640625 
v -200.83502197265625 -158.33351135253906 709.48876953125 
v -187.95895385742188 -152.36375427246094 704.4331665039062 
v -202.706298828125 -151.904541015625 708.6060791015625 
v -190.45396423339844 -140.1946258544922 704.0319213867188 
v -206.44882202148438 -138.58740234375 708.5258178710938 
v -198.60733032226562 -108.73861694335938 704.5133666992188 
v -215.09226989746094 -108.73861694335938 704.6738891601562 
v -218.30015563964844 -101.8504409790039 702.2664184570312 
v -203.5973663330078 -98.17674255371094 703.6306762695312 
v -217.18630981445312 -90.5997543334961 700.9022216796875 
v -191.70147705078125 -113.10112762451172 691.9946899414062 
v -187.33518981933594 -143.1795196533203 690.5502319335938 
v -184.92929077148438 -155.807861328125 692.315673828125 
v -183.81544494628906 -162.4664306640625 693.920654296875 
v -195.0430145263672 -166.14013671875 686.6180419921875 
v -196.3350830078125 -158.5631103515625 684.6920776367188 
v -200.07760620117188 -144.78677368164062 682.0438842773438 
v -200.25582885742188 -117.6932601928711 682.9266357421875 
v -194.5529327392578 -98.86556243896484 690.1489868164062 
v -207.96365356445312 -86.6964340209961 701.4639282226562 
v -206.6270294189453 -81.64511108398438 691.0316772460938 
v -220.75062561035156 -84.62998962402344 687.1797485351562 
v -202.12709045410156 -75.67535400390625 676.0252685546875 
v -222.57733154296875 -79.11945343017578 674.5005493164062 
v -185.8649139404297 -99.55437469482422 681.0809326171875 
v -217.45362854003906 -117.92285919189453 682.2044067382812 
v -216.56256103515625 -143.4091339111328 686.778564453125 
v -222.57733154296875 -79.11945343017578 674.5005493164062 
v -229.1713104248047 -90.82935333251953 669.284423828125 
v -220.75062561035156 -84.62998962402344 687.1797485351562 
v -226.67628479003906 -96.79911804199219 687.3402709960938 
v -217.18630981445312 -90.5997543334961 700.9022216796875 
v -218.30015563964844 -101.8504409790039 702.2664184570312 
v -215.09226989746094 -108.73861694335938 704.6738891601562 
v -224.2703857421875 -113.56034851074219 691.5934448242188 
v -219.45855712890625 -140.1946258544922 699.9392700195312 
v -211.48341369628906 -158.33352661132812 689.2662353515625 
v -209.03294372558594 -165.680908203125 690.5502319335938 
v -214.24575805664062 -154.88941955566406 700.8219604492188 
v -206.44882202148438 -138.58740234375 708.5258178710938 
v -202.706298828125 -151.904541015625 708.6060791015625 
v -200.83502197265625 -158.33351135253906 709.48876953125 
v -211.9735107421875 -161.777587890625 702.1862182617188 
v -171.25123596191406 -234.10348510742188 716.7111206054688 
v -173.6125946044922 -227.9041290283203 716.39013671875 
v -175.8848419189453 -236.16993713378906 712.5382080078125 
v -179.0481719970703 -230.42979431152344 711.8159790039062 
v -173.6571502685547 -235.25152587890625 706.9208374023438 
v -176.8650360107422 -229.9705810546875 705.3961181640625 
v -201.2360076904297 -189.330322265625 706.7603759765625 
v -189.91932678222656 -183.81976318359375 714.2234497070312 
v -197.89447021484375 -166.5993194580078 710.3715209960938 
v -209.12205505371094 -172.10986328125 703.95166015625 
v -200.83502197265625 -158.33351135253906 709.48876953125 
v -211.9735107421875 -161.777587890625 702.1862182617188 
v -205.95872497558594 -177.85003662109375 693.1984252929688 
v -209.03294372558594 -165.680908203125 690.5502319335938 
v -195.0430145263672 -166.14013671875 686.6180419921875 
v -191.4787139892578 -177.85003662109375 689.0255126953125 
v -186.17678833007812 -190.9375762939453 690.5502319335938 
v -199.14198303222656 -192.5447998046875 694.6428833007812 
v -169.29086303710938 -227.21531677246094 703.5504150390625 
v -166.8849639892578 -232.2666473388672 705.3961181640625 
v -162.2958984375 -230.42979431152344 709.5690307617188 
v -163.89984130859375 -224.6896514892578 708.0443115234375 
v -175.08287048339844 -185.6566162109375 697.6923217773438 
v -180.29568481445312 -172.33949279785156 695.3651123046875 
v -183.81544494628906 -162.4664306640625 693.920654296875 
v -183.41445922851562 -166.5993194580078 706.1986083984375 
v -186.88966369628906 -158.5631103515625 705.556640625 
v -200.83502197265625 -158.33351135253906 709.48876953125 
v -197.89447021484375 -166.5993194580078 710.3715209960938 
v -189.91932678222656 -183.81976318359375 714.2234497070312 
v -176.7759246826172 -181.98292541503906 709.7295532226562 
v -166.03843688964844 -225.14886474609375 714.4641723632812 
v -164.4790496826172 -231.1186065673828 715.1864013671875 
v -171.25123596191406 -234.10348510742188 716.7111206054688 
v -173.6125946044922 -227.9041290283203 716.39013671875 
v -183.8599853515625 -202.41787719726562 679.9574584960938 
v -205.69140625 -225.3784637451172 676.7474975585938 
v -211.17153930664062 -201.9586639404297 667.438720703125 
v -215.8496856689453 -223.08241271972656 664.79052734375 
v -184.1273193359375 -221.9343719482422 680.2784423828125 
v -205.24586486816406 -267.166748046875 678.833984375 
v -185.8649139404297 -266.01873779296875 682.525390625 
v -206.40426635742188 -319.2873229980469 674.7413330078125 
v -193.92916870117188 -321.81298828125 677.7105102539062 
v -196.3350830078125 -337.6557922363281 676.8278198242188 
v -208.98838806152344 -333.52288818359375 673.858642578125 
v -216.1170196533203 -331.9156494140625 662.8646240234375 
v -213.35467529296875 -318.5985107421875 663.5868530273438 
v -213.5774383544922 -333.98211669921875 650.3458862304688 
v -215.8496856689453 -274.2845458984375 665.2720336914062 
v -216.8298797607422 -238.6956329345703 663.6670532226562 
v -220.9288330078125 -221.70477294921875 651.068115234375 
v -220.9288330078125 -221.01596069335938 637.7468872070312 
v -217.31997680664062 -202.4178924560547 637.7468872070312 
v -211.17153930664062 -201.95867919921875 608.1353149414062 
v -220.9288330078125 -221.7047882080078 624.5059204101562 
v -215.53781127929688 -245.58380126953125 637.7468872070312 
v -215.53781127929688 -246.73184204101562 633.573974609375 
v -215.53781127929688 -246.73184204101562 642.0000610351562 
v -211.928955078125 -254.07923889160156 649.1421508789062 
v -211.66162109375 -283.00958251953125 649.6236572265625 
v -210.6368865966797 -320.43536376953125 650.827392578125 
v -202.83995056152344 -338.3446350097656 643.5247802734375 
v -199.89939880371094 -323.42022705078125 643.926025390625 
v -195.1321258544922 -288.0609130859375 641.1975708007812 
v -193.39453125 -262.1154479980469 641.3580932617188 
v -192.68167114257812 -246.73184204101562 642.1605834960938 
v -193.39453125 -246.04302978515625 637.7468872070312 
v -192.68167114257812 -246.73184204101562 633.4135131835938 
v -193.39453125 -262.1154479980469 634.2160034179688 
v -211.928955078125 -254.07923889160156 626.431884765625 
v -195.1321258544922 -288.0609130859375 634.37646484375 
v -211.66162109375 -283.00958251953125 625.950439453125 
v -199.89939880371094 -323.42022705078125 631.6480712890625 
v -216.8298797607422 -238.6956329345703 611.906982421875 
v -215.8496856689453 -223.08241271972656 610.7835083007812 
v -205.69140625 -225.37847900390625 598.8265380859375 
v -183.8599853515625 -202.4178924560547 595.6165771484375 
v -184.1273193359375 -221.93438720703125 595.2955932617188 
v -205.24586486816406 -267.1667785644531 596.7400512695312 
v -185.8649139404297 -266.01873779296875 593.0486450195312 
v -206.40426635742188 -319.2873229980469 600.832763671875 
v -193.92916870117188 -321.8130187988281 597.8635864257812 
v -196.3350830078125 -337.65582275390625 598.7462768554688 
v -208.98838806152344 -333.5229187011719 601.7154541015625 
v -216.1170196533203 -331.9156799316406 612.70947265625 
v -213.35467529296875 -318.5985107421875 611.9872436523438 
v -213.5774383544922 -333.98211669921875 625.2282104492188 
v -215.8496856689453 -274.2845458984375 610.302001953125 
v -210.6368865966797 -320.43536376953125 624.7467041015625 
v -202.83995056152344 -338.3446350097656 632.04931640625 
v -185.59759521484375 -341.7887268066406 670.0869750976562 
v -196.3350830078125 -337.6557922363281 676.8278198242188 
v -187.33518981933594 -356.7131042480469 669.2844848632812 
v -198.07269287109375 -353.0393981933594 676.0253295898438 
v -201.05780029296875 -378.06646728515625 675.7845458984375 
v -183.0134735107422 -343.85516357421875 657.4879760742188 
v -184.70651245117188 -358.7795715332031 656.7657470703125 
v -190.1866455078125 -342.4775390625 646.4939575195312 
v -191.74603271484375 -357.63153076171875 645.8519897460938 
v -202.83995056152344 -338.3446350097656 643.5247802734375 
v -204.3102264404297 -354.18743896484375 642.9630737304688 
v -192.77076721191406 -379.444091796875 645.531005859375 
v -206.8498077392578 -376 642.5618286132812 
v -196.2459716796875 -449.47393798828125 649.7841796875 
v -204.97854614257812 -450.1627502441406 647.7779541015625 
v -192.1915740966797 -446.9482727050781 658.3707275390625 
v -185.1966094970703 -381.28094482421875 656.5250244140625 
v -188.62725830078125 -380.8217468261719 669.043701171875 
v -202.21620178222656 -449.47393798828125 671.5314331054688 
v -194.24105834960938 -446.9482727050781 665.8338012695312 
v -199.89939880371094 -323.42022705078125 643.926025390625 
v -187.42430114746094 -326.1755065917969 646.9754638671875 
v -202.83995056152344 -338.3446350097656 643.5247802734375 
v -190.1866455078125 -342.4775390625 646.4939575195312 
v -183.0134735107422 -343.85516357421875 657.4879760742188 
v -195.1321258544922 -288.0609130859375 641.1975708007812 
v -175.9293975830078 -286.9128723144531 644.8889770507812 
v -193.39453125 -262.1154479980469 641.3580932617188 
v -172.27598571777344 -258.6713562011719 644.728515625 
v -192.68167114257812 -246.73184204101562 642.1605834960938 
v -169.7809600830078 -246.73184204101562 642.0000610351562 
v -169.7809600830078 -246.73184204101562 637.7468872070312 
v -193.39453125 -246.04302978515625 637.7468872070312 
v -192.68167114257812 -246.73184204101562 633.4135131835938 
v -169.7809600830078 -246.73184204101562 633.573974609375 
v -172.27598571777344 -258.6713562011719 630.8455810546875 
v -193.39453125 -262.1154479980469 634.2160034179688 
v -175.9293975830078 -286.9128723144531 630.68505859375 
v -195.1321258544922 -288.0609130859375 634.37646484375 
v -187.42430114746094 -326.1755065917969 628.5986328125 
v -199.89939880371094 -323.42022705078125 631.6480712890625 
v -202.83995056152344 -338.3446350097656 632.04931640625 
v -190.1866455078125 -342.4775390625 629.0801391601562 
v -183.0134735107422 -343.85516357421875 618.0861206054688 
v -180.47389221191406 -326.86431884765625 617.4441528320312 
v -185.59759521484375 -341.7887268066406 605.4871215820312 
v -165.23646545410156 -279.79510498046875 617.0428466796875 
v -160.91473388671875 -245.35418701171875 618.0861206054688 
v -159.84544372558594 -221.7047882080078 624.5059204101562 
v -159.84544372558594 -221.7047882080078 637.7468872070312 
v -156.1920166015625 -202.4178924560547 637.7468872070312 
v -159.84544372558594 -221.70477294921875 651.068115234375 
v -161.58303833007812 -202.4178924560547 608.7772827148438 
v -166.08299255371094 -230.20021057128906 602.8389282226562 
v -169.46908569335938 -271.070068359375 601.3944702148438 
v -183.19168090820312 -325.0274963378906 604.6846313476562 
v -196.3350830078125 -337.65582275390625 598.7462768554688 
v -193.92916870117188 -321.8130187988281 597.8635864257812 
v -185.8649139404297 -266.01873779296875 593.0486450195312 
v -184.1273193359375 -221.93438720703125 595.2955932617188 
v -183.8599853515625 -202.4178924560547 595.6165771484375 
v -161.58303833007812 -202.41787719726562 666.7967529296875 
v -166.08299255371094 -230.2001953125 672.735107421875 
v -160.91473388671875 -245.35418701171875 657.4879760742188 
v -169.46908569335938 -271.070068359375 674.1795654296875 
v -185.8649139404297 -266.01873779296875 682.525390625 
v -193.92916870117188 -321.81298828125 677.7105102539062 
v -183.8599853515625 -202.41787719726562 679.9574584960938 
v -184.1273193359375 -221.9343719482422 680.2784423828125 
v -165.23646545410156 -279.79510498046875 658.5311889648438 
v -183.19168090820312 -325.0274658203125 670.889404296875 
v -196.3350830078125 -337.6557922363281 676.8278198242188 
v -185.59759521484375 -341.7887268066406 670.0869750976562 
v -180.47389221191406 -326.86431884765625 658.1299438476562 
v -213.5774383544922 -333.98211669921875 650.3458862304688 
v -215.04771423339844 -350.51373291015625 649.6236572265625 
v -202.83995056152344 -338.3446350097656 643.5247802734375 
v -204.3102264404297 -354.18743896484375 642.9630737304688 
v -206.8498077392578 -376 642.5618286132812 
v -216.1170196533203 -331.9156494140625 662.8646240234375 
v -217.67640686035156 -348.6768798828125 662.1423950195312 
v -208.98838806152344 -333.52288818359375 673.858642578125 
v -210.6368865966797 -349.8249206542969 673.05615234375 
v -196.3350830078125 -337.6557922363281 676.8278198242188 
v -198.07269287109375 -353.0393981933594 676.0253295898438 
v -215.18138122558594 -374.85198974609375 672.8153686523438 
v -201.05780029296875 -378.06646728515625 675.7845458984375 
v -211.03787231445312 -449.9331359863281 669.2844848632812 
v -202.21620178222656 -449.47393798828125 671.5314331054688 
v -216.56256103515625 -449.7035217285156 661.420166015625 
v -222.75555419921875 -372.7855224609375 661.8214111328125 
v -219.2803497314453 -373.2447509765625 649.3026733398438 
v -204.97854614257812 -450.1627502441406 647.7779541015625 
v -213.93386840820312 -449.9331359863281 652.2718505859375 
v -188.76092529296875 -59.83256149291992 646.8951416015625 
v -188.3599395751953 -46.285804748535156 656.5249633789062 
v -200.92413330078125 -54.09239196777344 651.6298217773438 
v -200.25582885742188 -35.035118103027344 659.8953857421875 
v -203.8647003173828 -43.53054428100586 657.88916015625 
v -215.13682556152344 -44.678531646728516 653.3150024414062 
v -209.8794708251953 -37.33113479614258 659.1731567382812 
v -219.2357940673828 -32.739051818847656 656.5249633789062 
v -210.7705535888672 -27.228483200073242 658.2101440429688 
v -214.15664672851562 -50.418697357177734 646.81494140625 
v -216.8298797607422 -50.18910217285156 637.7468872070312 
v -221.32981872558594 -38.24957275390625 649.5433349609375 
v -225.1614532470703 -41.92327117919922 637.7468872070312 
v -228.85943603515625 -21.94756317138672 637.7468872070312 
v -221.81991577148438 -21.947559356689453 653.3150024414062 
v -202.30531311035156 -26.769289016723633 660.4570922851562 
v -221.32981872558594 -10.467276573181152 650.98779296875 
v -200.30038452148438 -7.023176670074463 655.6422119140625 
v -200.30038452148438 0.3242133855819702 637.7468872070312 
v -224.67137145996094 -7.023179531097412 637.7468872070312 
v -172.7215118408203 -44.90817642211914 637.7468872070312 
v -173.4789276123047 -60.980594635009766 637.7468872070312 
v -173.96902465820312 -59.83256149291992 644.648193359375 
v -188.2708282470703 -61.439788818359375 637.7468872070312 
v -188.76092529296875 -59.83256149291992 646.8951416015625 
v -188.3599395751953 -46.285804748535156 656.5249633789062 
v -176.6422576904297 -47.433837890625 650.9075927734375 
v -178.9145050048828 -38.47917175292969 652.111328125 
v -173.25616455078125 -30.902183532714844 637.7468872070312 
v -172.45419311523438 -42.61211013793945 641.6790161132812 
v -167.01861572265625 -41.46407699584961 637.7468872070312 
v -200.25582885742188 -35.035118103027344 659.8953857421875 
v -179.0036163330078 -28.14691925048828 653.3150024414062 
v -202.30531311035156 -26.769289016723633 660.4570922851562 
v -200.30038452148438 -7.023176670074463 655.6422119140625 
v -180.34024047851562 -10.467276573181152 650.98779296875 
v -175.9739532470703 -7.023179531097412 637.7468872070312 
v -171.47401428222656 -25.162065505981445 637.7468872070312 
v -200.30038452148438 0.3242133855819702 637.7468872070312 
v -203.8647003173828 -43.53054428100586 657.88916015625 
v -210.5477752685547 -37.5607795715332 661.5003662109375 
v -209.8794708251953 -37.33113479614258 659.1731567382812 
v -210.7705535888672 -27.228483200073242 658.2101440429688 
v -211.43885803222656 -27.458080291748047 661.7410888671875 
v -202.30531311035156 -26.769289016723633 660.4570922851562 
v -202.97361755371094 -27.458080291748047 663.2658081054688 
v -200.25582885742188 -35.035118103027344 659.8953857421875 
v -186.88966369628906 -158.56314086914062 570.0173950195312 
v -200.83502197265625 -158.3335418701172 566.0852661132812 
v -187.95895385742188 -152.36376953125 571.140869140625 
v -202.706298828125 -151.90455627441406 566.9679565429688 
v -190.45396423339844 -140.1946563720703 571.5421142578125 
v -206.44882202148438 -138.58743286132812 567.0482177734375 
v -198.60733032226562 -108.73863983154297 571.0606079101562 
v -215.09226989746094 -108.73863983154297 570.900146484375 
v -218.30015563964844 -101.8504638671875 573.3075561523438 
v -203.5973663330078 -98.17676544189453 571.943359375 
v -217.18630981445312 -90.59977722167969 574.6718139648438 
v -191.70147705078125 -113.10114288330078 583.579345703125 
v -187.33518981933594 -143.17953491210938 585.0238037109375 
v -184.92929077148438 -155.80787658691406 583.2583618164062 
v -183.81544494628906 -162.46644592285156 581.6533813476562 
v -195.0430145263672 -166.14015197753906 588.9559936523438 
v -196.3350830078125 -158.56312561035156 590.8819580078125 
v -211.48341369628906 -158.3335418701172 586.3078002929688 
v -209.03294372558594 -165.68092346191406 585.0238037109375 
v -214.24575805664062 -154.88943481445312 574.7520751953125 
v -211.9735107421875 -161.77761840820312 573.3878173828125 
v -200.83502197265625 -158.3335418701172 566.0852661132812 
v -202.706298828125 -151.90455627441406 566.9679565429688 
v -206.44882202148438 -138.58743286132812 567.0482177734375 
v -219.45855712890625 -140.1946563720703 575.634765625 
v -215.09226989746094 -108.73863983154297 570.900146484375 
v -224.2703857421875 -113.56036376953125 583.9805908203125 
v -226.67628479003906 -96.79913330078125 588.2337646484375 
v -218.30015563964844 -101.8504638671875 573.3075561523438 
v -217.18630981445312 -90.59977722167969 574.6718139648438 
v -220.75062561035156 -84.63001251220703 588.3942260742188 
v -229.1713104248047 -90.8293685913086 606.2896118164062 
v -222.57733154296875 -79.11946105957031 601.0734252929688 
v -216.56256103515625 -143.40914916992188 588.7954711914062 
v -200.07760620117188 -144.7867889404297 593.5301513671875 
v -200.25582885742188 -117.69327545166016 592.6473999023438 
v -194.5529327392578 -98.8655776977539 585.425048828125 
v -217.45362854003906 -117.9228744506836 593.36962890625 
v -185.8649139404297 -99.55438995361328 594.4931030273438 
v -206.6270294189453 -81.64512634277344 584.5422973632812 
v -207.96365356445312 -86.69645690917969 574.1100463867188 
v -202.12709045410156 -75.67536163330078 599.5487060546875 
v -220.75062561035156 -84.63001251220703 588.3942260742188 
v -222.57733154296875 -79.11946105957031 601.0734252929688 
v -171.25123596191406 -234.103515625 558.8629150390625 
v -175.8848419189453 -236.16995239257812 563.0358276367188 
v -173.6125946044922 -227.90415954589844 559.1838989257812 
v -179.0481719970703 -230.4298095703125 563.758056640625 
v -189.91932678222656 -183.81979370117188 561.3505859375 
v -201.2360076904297 -189.33033752441406 568.813720703125 
v -197.89447021484375 -166.59934997558594 565.2025146484375 
v -209.12205505371094 -172.10989379882812 571.6223754882812 
v -200.83502197265625 -158.3335418701172 566.0852661132812 
v -211.9735107421875 -161.77761840820312 573.3878173828125 
v -173.6571502685547 -235.2515411376953 568.6531982421875 
v -176.8650360107422 -229.97059631347656 570.1779174804688 
v -199.14198303222656 -192.54481506347656 580.93115234375 
v -205.95872497558594 -177.8500518798828 582.3756103515625 
v -209.03294372558594 -165.68092346191406 585.0238037109375 
v -195.0430145263672 -166.14015197753906 588.9559936523438 
v -191.4787139892578 -177.8500518798828 586.5485229492188 
v -180.29568481445312 -172.33950805664062 580.2089233398438 
v -183.81544494628906 -162.46644592285156 581.6533813476562 
v -183.41445922851562 -166.59934997558594 569.3754272460938 
v -186.88966369628906 -158.56314086914062 570.0173950195312 
v -200.83502197265625 -158.3335418701172 566.0852661132812 
v -197.89447021484375 -166.59934997558594 565.2025146484375 
v -189.91932678222656 -183.81979370117188 561.3505859375 
v -176.7759246826172 -181.98294067382812 565.844482421875 
v -173.6125946044922 -227.90415954589844 559.1838989257812 
v -166.8849639892578 -232.26666259765625 570.1779174804688 
v -175.08287048339844 -185.65664672851562 577.8817138671875 
v -186.17678833007812 -190.93759155273438 585.0238037109375 
v -169.29086303710938 -227.21533203125 572.0236206054688 
v -162.2958984375 -230.4298095703125 566.0050048828125 
v -163.89984130859375 -224.68966674804688 567.5297241210938 
v -166.03843688964844 -225.14889526367188 561.10986328125 
v -171.25123596191406 -234.103515625 558.8629150390625 
v -164.4790496826172 -231.11863708496094 560.3876342773438 
v -185.59759521484375 -341.7887268066406 605.4871215820312 
v -196.3350830078125 -337.65582275390625 598.7462768554688 
v -187.33518981933594 -356.7131042480469 606.2896118164062 
v -198.07269287109375 -353.0394287109375 599.5487670898438 
v -201.05780029296875 -378.06646728515625 599.78955078125 
v -183.0134735107422 -343.85516357421875 618.0861206054688 
v -184.70651245117188 -358.7795715332031 618.808349609375 
v -190.1866455078125 -342.4775390625 629.0801391601562 
v -191.74603271484375 -357.63153076171875 629.7221069335938 
v -202.83995056152344 -338.3446350097656 632.04931640625 
v -204.3102264404297 -354.18743896484375 632.6110229492188 
v -192.77076721191406 -379.444091796875 630.0430908203125 
v -206.8498077392578 -376 633.0122680664062 
v -196.2459716796875 -449.47393798828125 625.7899780273438 
v -204.97854614257812 -450.1627502441406 627.796142578125 
v -192.1915740966797 -446.9482727050781 617.2034301757812 
v -185.1966094970703 -381.28094482421875 619.049072265625 
v -188.62725830078125 -380.8217468261719 606.5303955078125 
v -202.21620178222656 -449.47393798828125 604.042724609375 
v -194.24105834960938 -446.9482727050781 609.7402954101562 
v -213.5774383544922 -333.98211669921875 625.2282104492188 
v -202.83995056152344 -338.3446350097656 632.04931640625 
v -215.04771423339844 -350.51373291015625 625.950439453125 
v -204.3102264404297 -354.18743896484375 632.6110229492188 
v -206.8498077392578 -376 633.0122680664062 
v -216.1170196533203 -331.9156799316406 612.70947265625 
v -217.67640686035156 -348.6769104003906 613.4317016601562 
v -208.98838806152344 -333.5229187011719 601.7154541015625 
v -210.6368865966797 -349.8249206542969 602.5179443359375 
v -196.3350830078125 -337.65582275390625 598.7462768554688 
v -198.07269287109375 -353.0394287109375 599.5487670898438 
v -215.18138122558594 -374.85198974609375 602.7587280273438 
v -201.05780029296875 -378.06646728515625 599.78955078125 
v -211.03787231445312 -449.9331359863281 606.2896728515625 
v -202.21620178222656 -449.47393798828125 604.042724609375 
v -216.56256103515625 -449.70355224609375 614.1539916992188 
v -222.75555419921875 -372.7855224609375 613.752685546875 
v -219.2803497314453 -373.2447509765625 626.2714233398438 
v -204.97854614257812 -450.1627502441406 627.796142578125 
v -213.93386840820312 -449.9331359863281 623.30224609375 
v -188.76092529296875 -59.83256149291992 628.6788330078125 
v -188.3599395751953 -46.28581237792969 619.049072265625 
v -200.92413330078125 -54.0923957824707 623.9442138671875 
v -200.25582885742188 -35.035125732421875 615.6785888671875 
v -203.8647003173828 -43.53055191040039 617.684814453125 
v -215.13682556152344 -44.67853546142578 622.2589721679688 
v -209.8794708251953 -37.33114242553711 616.40087890625 
v -219.2357940673828 -32.73905944824219 619.049072265625 
v -210.7705535888672 -27.228490829467773 617.3638305664062 
v -214.15664672851562 -50.418701171875 628.7590942382812 
v -216.8298797607422 -50.18910217285156 637.7468872070312 
v -221.32981872558594 -38.249576568603516 626.0306396484375 
v -225.1614532470703 -41.92327117919922 637.7468872070312 
v -228.85943603515625 -21.94756317138672 637.7468872070312 
v -221.81991577148438 -21.94756507873535 622.2589721679688 
v -202.30531311035156 -26.769296646118164 615.1168823242188 
v -221.32981872558594 -10.467281341552734 624.586181640625 
v -200.30038452148438 -7.023182392120361 619.9317626953125 
v -200.30038452148438 0.3242133855819702 637.7468872070312 
v -224.67137145996094 -7.023179531097412 637.7468872070312 
v -172.7215118408203 -44.90817642211914 637.7468872070312 
v -173.4789276123047 -60.980594635009766 637.7468872070312 
v -173.96902465820312 -59.83256149291992 630.92578125 
v -188.2708282470703 -61.439788818359375 637.7468872070312 
v -188.76092529296875 -59.83256149291992 628.6788330078125 
v -188.3599395751953 -46.28581237792969 619.049072265625 
v -176.6422576904297 -47.433841705322266 624.6664428710938 
v -178.9145050048828 -38.47917556762695 623.4627075195312 
v -173.25616455078125 -30.902183532714844 637.7468872070312 
v -172.45419311523438 -42.61211395263672 633.8949584960938 
v -167.01861572265625 -41.46407699584961 637.7468872070312 
v -200.25582885742188 -35.035125732421875 615.6785888671875 
v -179.0036163330078 -28.14692497253418 622.2589721679688 
v -202.30531311035156 -26.769296646118164 615.1168823242188 
v -200.30038452148438 -7.023182392120361 619.9317626953125 
v -180.34024047851562 -10.467281341552734 624.586181640625 
v -175.9739532470703 -7.023179531097412 637.7468872070312 
v -171.47401428222656 -25.162065505981445 637.7468872070312 
v -200.30038452148438 0.3242133855819702 637.7468872070312 
v -203.8647003173828 -43.53055191040039 617.684814453125 
v -210.5477752685547 -37.560787200927734 614.0736694335938 
v -209.8794708251953 -37.33114242553711 616.40087890625 
v -210.7705535888672 -27.228490829467773 617.3638305664062 
v -211.43885803222656 -27.458087921142578 613.8328857421875 
v -202.30531311035156 -26.769296646118164 615.1168823242188 
v -202.97361755371094 -27.458087921142578 612.3081665039062 
v -200.25582885742188 -35.035125732421875 615.6785888671875 
v -150.57823181152344 -246.27261352539062 702.9887084960938 
v -155.65737915039062 -239.61402893066406 706.8406372070312 
v -154.9890594482422 -236.16993713378906 704.3529052734375 
v -162.2958984375 -230.42979431152344 709.5690307617188 
v -156.90487670898438 -240.07325744628906 710.7727661132812 
v -158.82069396972656 -242.36932373046875 717.5938720703125 
v -153.42967224121094 -254.0792236328125 717.8345947265625 
v -162.563232421875 -257.293701171875 719.9210815429688 
v -166.35031127929688 -245.58380126953125 719.1185913085938 
v -164.4790496826172 -231.1186065673828 715.1864013671875 
v -171.25123596191406 -234.10348510742188 716.7111206054688 
v -149.28616333007812 -244.6653594970703 701.062744140625 
v -150.35545349121094 -252.24237060546875 711.9765014648438 
v -146.70204162597656 -275.66217041015625 716.7913818359375 
v -152.62770080566406 -277.7286376953125 718.0753784179688 
v -157.08309936523438 -278.1878356933594 716.7111206054688 
v -171.29579162597656 -258.90093994140625 716.1494140625 
v -174.23634338378906 -246.50221252441406 713.9024658203125 
v -175.8848419189453 -236.16993713378906 712.5382080078125 
v -143.58326721191406 -273.8253479003906 714.3037109375 
v -161.62759399414062 -469.67926025390625 656.2843017578125 
v -161.2266082763672 -463.9391174316406 656.123779296875 
v -156.414794921875 -469.67926025390625 663.506591796875 
v -156.05836486816406 -463.9391174316406 663.506591796875 
v -158.90980529785156 -469.67926025390625 675.704345703125 
v -158.55337524414062 -463.9391174316406 675.7846069335938 
v -167.24139404296875 -469.67926025390625 679.5562744140625 
v -166.8849639892578 -463.9391174316406 679.95751953125 
v -194.24105834960938 -446.9482727050781 665.8338012695312 
v -202.21620178222656 -449.47393798828125 671.5314331054688 
v -196.2459716796875 -449.47393798828125 649.7841796875 
v -192.1915740966797 -446.9482727050781 658.3707275390625 
v -196.73606872558594 -469.67926025390625 649.9446411132812 
v -161.62759399414062 -469.67926025390625 656.2843017578125 
v -193.66184997558594 -469.67926025390625 658.6917114257812 
v -156.414794921875 -469.67926025390625 663.506591796875 
v -193.66184997558594 -469.67926025390625 658.6917114257812 
v -156.414794921875 -469.67926025390625 663.506591796875 
v -195.44400024414062 -469.67926025390625 664.7905883789062 
v -158.90980529785156 -469.67926025390625 675.704345703125 
v -204.97854614257812 -450.1627502441406 647.7779541015625 
v -204.93399047851562 -469.67926025390625 647.9384765625 
v -213.93386840820312 -449.9331359863281 652.2718505859375 
v -213.7556610107422 -469.67926025390625 652.3521118164062 
v -216.56256103515625 -449.7035217285156 661.420166015625 
v -216.42889404296875 -469.67926025390625 661.420166015625 
v -211.03787231445312 -449.9331359863281 669.2844848632812 
v -210.94876098632812 -469.67926025390625 669.1239624023438 
v -202.21620178222656 -449.47393798828125 671.5314331054688 
v -202.528076171875 -469.67926025390625 671.1301879882812 
v -202.528076171875 -469.67926025390625 671.1301879882812 
v -167.24139404296875 -469.67926025390625 679.5562744140625 
v -202.21620178222656 -449.47393798828125 671.5314331054688 
v -166.8849639892578 -463.9391174316406 679.95751953125 
v -161.62759399414062 -469.67926025390625 656.2843017578125 
v -196.73606872558594 -469.67926025390625 649.9446411132812 
v -161.2266082763672 -463.9391174316406 656.123779296875 
v -196.2459716796875 -449.47393798828125 649.7841796875 
v -204.97854614257812 -450.1627502441406 647.7779541015625 
v -204.93399047851562 -469.67926025390625 647.9384765625 
v -195.44400024414062 -469.67926025390625 664.7905883789062 
v -158.90980529785156 -469.67926025390625 675.704345703125 
v -202.528076171875 -469.67926025390625 671.1301879882812 
v -167.24139404296875 -469.67926025390625 679.5562744140625 
v -157.08309936523438 -278.1878356933594 716.7111206054688 
v -171.29579162597656 -258.90093994140625 716.1494140625 
v -155.39004516601562 -276.8102111816406 714.1431884765625 
v -167.4641571044922 -258.2121276855469 713.3406982421875 
v -174.23634338378906 -246.50221252441406 713.9024658203125 
v -170.76113891601562 -245.58380126953125 710.1307983398438 
v -175.8848419189453 -236.16993713378906 712.5382080078125 
v -173.6571502685547 -235.25152587890625 706.9208374023438 
v -162.11769104003906 -242.36932373046875 708.5258178710938 
v -166.8849639892578 -232.2666473388672 705.3961181640625 
v -143.58326721191406 -273.8253479003906 714.3037109375 
v -148.66241455078125 -274.51416015625 712.939453125 
v -156.99398803710938 -254.76803588867188 711.2542724609375 
v -150.35545349121094 -252.24237060546875 711.9765014648438 
v -156.90487670898438 -240.07325744628906 710.7727661132812 
v -158.2415008544922 -240.07325744628906 702.9887084960938 
v -155.65737915039062 -239.61402893066406 706.8406372070312 
v -152.1376190185547 -246.73182678222656 699.9392700195312 
v -150.57823181152344 -246.27261352539062 702.9887084960938 
v -150.44456481933594 -245.3541717529297 698.2540283203125 
v -149.28616333007812 -244.6653594970703 701.062744140625 
v -156.86033630371094 -236.629150390625 700.7417602539062 
v -154.9890594482422 -236.16993713378906 704.3529052734375 
v -162.2958984375 -230.42979431152344 709.5690307617188 
v -192.85987854003906 -72.23127746582031 647.6976318359375 
v -192.85987854003906 -72.23127746582031 637.7468872070312 
v -188.2708282470703 -61.439788818359375 637.7468872070312 
v -192.85987854003906 -72.23128509521484 627.8763427734375 
v -188.76092529296875 -59.83256149291992 628.6788330078125 
v -205.69140625 -67.63915252685547 623.78369140625 
v -200.92413330078125 -54.0923957824707 623.9442138671875 
v -217.40907287597656 -63.04701614379883 628.5985717773438 
v -214.15664672851562 -50.418701171875 628.7590942382812 
v -220.66151428222656 -63.04701614379883 637.7468872070312 
v -216.8298797607422 -50.18910217285156 637.7468872070312 
v -188.76092529296875 -59.83256149291992 646.8951416015625 
v -205.69140625 -67.63914489746094 651.790283203125 
v -200.92413330078125 -54.09239196777344 651.6298217773438 
v -217.40907287597656 -63.04701614379883 646.9754028320312 
v -214.15664672851562 -50.418697357177734 646.81494140625 
v -220.66151428222656 -63.04701614379883 637.7468872070312 
v -216.8298797607422 -50.18910217285156 637.7468872070312 
v -143.58326721191406 -273.8253479003906 561.2703857421875 
v -146.70204162597656 -275.6622009277344 558.7826538085938 
v -150.35545349121094 -252.24240112304688 563.5975952148438 
v -153.42967224121094 -254.07925415039062 557.7394409179688 
v -156.90487670898438 -240.07327270507812 564.80126953125 
v -158.82069396972656 -242.3693389892578 557.980224609375 
v -162.563232421875 -257.2937316894531 555.6530151367188 
v -152.62770080566406 -277.7286682128906 557.4987182617188 
v -157.08309936523438 -278.1878662109375 558.8629150390625 
v -171.29579162597656 -258.90093994140625 559.4246826171875 
v -166.35031127929688 -245.5838165283203 556.4555053710938 
v -164.4790496826172 -231.11863708496094 560.3876342773438 
v -162.2958984375 -230.4298095703125 566.0050048828125 
v -155.65737915039062 -239.6140594482422 568.7334594726562 
v -154.9890594482422 -236.16995239257812 571.2211303710938 
v -150.57823181152344 -246.2726287841797 572.5853881835938 
v -149.28616333007812 -244.66539001464844 574.5113525390625 
v -174.23634338378906 -246.50222778320312 561.671630859375 
v -171.25123596191406 -234.103515625 558.8629150390625 
v -175.8848419189453 -236.16995239257812 563.0358276367188 
v -161.62759399414062 -469.67926025390625 619.2898559570312 
v -156.414794921875 -469.67926025390625 612.0675048828125 
v -161.2266082763672 -463.9391174316406 619.4503784179688 
v -156.05836486816406 -463.9391174316406 612.0675048828125 
v -196.2459716796875 -449.47393798828125 625.7899780273438 
v -192.1915740966797 -446.9482727050781 617.2034301757812 
v -158.55337524414062 -463.9391174316406 599.78955078125 
v -194.24105834960938 -446.9482727050781 609.7402954101562 
v -166.8849639892578 -463.9391174316406 595.6166381835938 
v -202.21620178222656 -449.47393798828125 604.042724609375 
v -158.90980529785156 -469.67926025390625 599.8698120117188 
v -167.24139404296875 -469.67926025390625 596.0178833007812 
v -156.414794921875 -469.67926025390625 612.0675048828125 
v -193.66184997558594 -469.67926025390625 616.8823852539062 
v -161.62759399414062 -469.67926025390625 619.2898559570312 
v -196.73606872558594 -469.67926025390625 625.6294555664062 
v -158.90980529785156 -469.67926025390625 599.8698120117188 
v -195.44400024414062 -469.67926025390625 610.7835693359375 
v -156.414794921875 -469.67926025390625 612.0675048828125 
v -193.66184997558594 -469.67926025390625 616.8823852539062 
v -202.528076171875 -469.67926025390625 604.4439697265625 
v -202.21620178222656 -449.47393798828125 604.042724609375 
v -210.94876098632812 -469.67926025390625 606.4501342773438 
v -211.03787231445312 -449.9331359863281 606.2896728515625 
v -216.42889404296875 -469.67926025390625 614.1539916992188 
v -216.56256103515625 -449.70355224609375 614.1539916992188 
v -213.7556610107422 -469.67926025390625 623.2220458984375 
v -213.93386840820312 -449.9331359863281 623.30224609375 
v -204.93399047851562 -469.67926025390625 627.6356811523438 
v -204.97854614257812 -450.1627502441406 627.796142578125 
v -166.8849639892578 -463.9391174316406 595.6166381835938 
v -202.21620178222656 -449.47393798828125 604.042724609375 
v -167.24139404296875 -469.67926025390625 596.0178833007812 
v -202.528076171875 -469.67926025390625 604.4439697265625 
v -161.62759399414062 -469.67926025390625 619.2898559570312 
v -196.73606872558594 -469.67926025390625 625.6294555664062 
v -161.2266082763672 -463.9391174316406 619.4503784179688 
v -196.2459716796875 -449.47393798828125 625.7899780273438 
v -204.97854614257812 -450.1627502441406 627.796142578125 
v -204.93399047851562 -469.67926025390625 627.6356811523438 
v -167.24139404296875 -469.67926025390625 596.0178833007812 
v -202.528076171875 -469.67926025390625 604.4439697265625 
v -158.90980529785156 -469.67926025390625 599.8698120117188 
v -195.44400024414062 -469.67926025390625 610.7835693359375 
v -171.29579162597656 -258.90093994140625 559.4246826171875 
v -155.39004516601562 -276.81024169921875 561.4308471679688 
v -157.08309936523438 -278.1878662109375 558.8629150390625 
v -143.58326721191406 -273.8253479003906 561.2703857421875 
v -167.4641571044922 -258.2121276855469 562.2333374023438 
v -174.23634338378906 -246.50222778320312 561.671630859375 
v -170.76113891601562 -245.5838165283203 565.4432983398438 
v -175.8848419189453 -236.16995239257812 563.0358276367188 
v -173.6571502685547 -235.2515411376953 568.6531982421875 
v -162.11769104003906 -242.3693389892578 567.0482177734375 
v -166.8849639892578 -232.26666259765625 570.1779174804688 
v -156.99398803710938 -254.76806640625 564.31982421875 
v -148.66241455078125 -274.51416015625 562.6345825195312 
v -150.35545349121094 -252.24240112304688 563.5975952148438 
v -156.90487670898438 -240.07327270507812 564.80126953125 
v -158.2415008544922 -240.07327270507812 572.5853881835938 
v -155.65737915039062 -239.6140594482422 568.7334594726562 
v -152.1376190185547 -246.7318572998047 575.6348266601562 
v -150.57823181152344 -246.2726287841797 572.5853881835938 
v -150.44456481933594 -245.3542022705078 577.3200073242188 
v -149.28616333007812 -244.66539001464844 574.5113525390625 
v -156.86033630371094 -236.62918090820312 574.8323364257812 
v -154.9890594482422 -236.16995239257812 571.2211303710938 
v -162.2958984375 -230.4298095703125 566.0050048828125 
v -216.42889404296875 -469.67926025390625 661.420166015625 
v -213.7556610107422 -469.67926025390625 652.3521118164062 
v -210.94876098632812 -469.67926025390625 669.1239624023438 
v -204.93399047851562 -469.67926025390625 647.9384765625 
v -202.528076171875 -469.67926025390625 671.1301879882812 
v -196.73606872558594 -469.67926025390625 649.9446411132812 
v -195.44400024414062 -469.67926025390625 664.7905883789062 
v -193.66184997558594 -469.67926025390625 658.6917114257812 
v -216.42889404296875 -469.67926025390625 614.1539916992188 
v -210.94876098632812 -469.67926025390625 606.4501342773438 
v -213.7556610107422 -469.67926025390625 623.2220458984375 
v -204.93399047851562 -469.67926025390625 627.6356811523438 
v -202.528076171875 -469.67926025390625 604.4439697265625 
v -196.73606872558594 -469.67926025390625 625.6294555664062 
v -195.44400024414062 -469.67926025390625 610.7835693359375 
v -193.66184997558594 -469.67926025390625 616.8823852539062 
vn 0.009252645075321198 -0.0025283501017838717 0.0028277209494262934 
vn -0.009439393877983093 -0.003073542844504118 0.0012046481715515256 
vn 0.0003587405662983656 -0.0010684558656066656 0.00993628241121769 
vn -0.007897515781223774 -0.00290676555596292 0.005401847418397665 
vn -0.009211179800331593 -0.000720324635040015 0.003825611202046275 
vn -0.009605418890714645 -0.002781098475679755 0.00003776824814849533 
vn -0.009977075271308422 -0.0006767380982637405 1.1025690777044517e-10 
vn -0.009211179800331593 -0.0007203258574008942 -0.0038256109692156315 
vn -0.009562895633280277 0.002146025188267231 -0.0019863550551235676 
vn -0.009652630425989628 0.0026128017343580723 -4.256782704104012e-10 
vn -0.009562895633280277 0.002146025886759162 0.001986354123800993 
vn -0.006989242043346167 0.004758463706821203 0.005339243449270725 
vn -0.006175657734274864 0.0072464714758098125 0.0030577615834772587 
vn 0.0017020696541294456 0.0058672442100942135 0.007916969247162342 
vn -0.009261542931199074 0.003771259682253003 0.00003773759090108797 
vn -0.006989242043346167 0.004758461844176054 -0.005339244846254587 
vn -0.006175657734274864 0.007246470544487238 -0.0030577639117836952 
vn 0.0017020696541294456 0.00586724141612649 -0.007916971109807491 
vn -0.009439393877983093 -0.0030735433101654053 -0.0012046471238136292 
vn -0.007897515781223774 -0.0029067674186080694 -0.00540184648707509 
vn 0.009252645075321198 -0.0025283510331064463 -0.0028277202509343624 
vn 0.0003587405662983656 -0.0010684591252356768 -0.009936281479895115 
vn -0.00738241383805871 -0.0015880769351497293 -0.006555758882313967 
vn -0.009766941890120506 -0.0021460256539285183 -0.00003774122887989506 
vn -0.007651318795979023 0.0007203242275863886 -0.006398316007107496 
vn -0.009937921538949013 0.0011118910042569041 0.000037751993659185246 
vn -0.007651318795979023 0.0007203263230621815 0.006398316007107496 
vn -0.00738241383805871 -0.0015880748396739364 0.006555759347975254 
vn 0.0007350515807047486 0.0006331396871246397 0.009952830150723457 
vn 0.0009049347718246281 0.00010923424270004034 0.00995837152004242 
vn 0.0009049347718246281 0.00010923099762294441 -0.00995837152004242 
vn 0.0007350515807047486 0.0006331364274956286 -0.009952831082046032 
vn 0.009252645075321198 -0.0025283501017838717 0.0028277209494262934 
vn 0.0074981157667934895 0.002146026585251093 0.006258820649236441 
vn 0.00786272156983614 0.0024860533885657787 0.00565660186111927 
vn 0.007171066012233496 0.006181070115417242 0.0032202776055783033 
vn 0.002889013849198818 0.008590245619416237 0.004226259887218475 
vn 0.0003587405662983656 -0.0010684558656066656 0.00993628241121769 
vn 0.008042218163609505 0.0009815312223508954 0.00586168235167861 
vn 0.0009049347718246281 0.00010923424270004034 0.00995837152004242 
vn 0.008071623742580414 0.0006767390295863152 0.005864377599209547 
vn 0.008314676582813263 0.000021847847165190615 0.005555689334869385 
vn 0.009991385973989964 -0.0004149730084463954 6.760781517956005e-11 
vn 0.009985088370740414 0.0005459024687297642 -8.893897424089303e-11 
vn 0.008071623742580414 0.0006767371669411659 -0.005864377599209547 
vn 0.008314676582813263 0.000021846037270734087 -0.005555689334869385 
vn 0.0009049347718246281 0.00010923099762294441 -0.00995837152004242 
vn 0.0007350515807047486 0.0006331364274956286 -0.009952831082046032 
vn 0.0007350515807047486 0.0006331396871246397 0.009952830150723457 
vn 0.008042218163609505 0.0009815292432904243 -0.00586168235167861 
vn 0.0003587405662983656 -0.0010684591252356768 -0.009936281479895115 
vn 0.00786272156983614 0.0024860515259206295 -0.005656602792441845 
vn 0.009252645075321198 -0.0025283510331064463 -0.0028277202509343624 
vn 0.0074981157667934895 0.0021460244897753 -0.006258821114897728 
vn 0.007171066012233496 0.0061810691840946674 -0.0032202797010540962 
vn 0.002889013849198818 0.008590244688093662 -0.004226262681186199 
vn 0.008499018847942352 0.0035680371802300215 -0.0038776022847741842 
vn 0.0017020696541294456 0.00586724141612649 -0.007916971109807491 
vn -0.006175657734274864 0.007246470544487238 -0.0030577639117836952 
vn 0.009942756034433842 0.0010684574954211712 -1.740741717437544e-10 
vn 0.008224106393754482 0.00568894250318408 -9.268482092927854e-10 
vn 0.009245053865015507 0.003811691189184785 -6.210045255805596e-10 
vn 0.009922564961016178 0.0012420606799423695 -2.0235776942989503e-10 
vn 0.008499018847942352 0.0035680383443832397 0.003877601120620966 
vn 0.0017020696541294456 0.0058672442100942135 0.007916969247162342 
vn -0.006175657734274864 0.0072464714758098125 0.0030577615834772587 
vn 0.006913045421242714 0.0027391030453145504 0.006686337757855654 
vn -0.0014106499729678035 0.0008945296285673976 0.009859507903456688 
vn 0.007351001724600792 0.002146026585251093 0.006430967710912228 
vn -0.0015042105223983526 0.00024029501946642995 0.009883299469947815 
vn 0.006902562454342842 0.001631201128475368 0.00704938406124711 
vn -0.0022461917251348495 0.00006554199353558943 0.009744245558977127 
vn 0.005532655864953995 0.0022312956862151623 0.00802564900368452 
vn -0.004049947019666433 0.0005895273643545806 0.009124165400862694 
vn -0.005935679189860821 0.0011118922848254442 0.00797065906226635 
vn 0.004221005365252495 0.003239382291212678 0.008466966450214386 
vn -0.004940206650644541 0.004642768297344446 0.00735112652182579 
vn 0.009959504008293152 0.0005895259673707187 0.0006787815946154296 
vn 0.009173041209578514 0.001328722690232098 -0.003753639990463853 
vn 0.00914080161601305 0.0008510001935064793 -0.003965040668845177 
vn 0.008903446607291698 0.001674292259849608 -0.004233838990330696 
vn 0.0013181855902075768 -0.00180337845813483 -0.009747317992150784 
vn 0.0016914749285206199 -0.00180337845813483 -0.009689516387879848 
vn 0.0017467067809775472 -0.0008510024636052549 -0.009809425100684166 
vn 0.009252645075321198 -0.0025283501017838717 0.0028277209494262934 
vn 0.008677981793880463 0.002823042683303356 0.004089383874088526 
vn 0.00215638498775661 0.00635131960734725 0.007416922599077225 
vn 0.0024558433797210455 0.008285759016871452 0.005031405482441187 
vn -0.006257656961679459 0.006715084426105022 0.003968547563999891 
vn 0.002889013849198818 0.008590245619416237 0.004226259887218475 
vn -0.006175657734274864 0.0072464714758098125 0.0030577615834772587 
vn 0.0074981157667934895 0.002146026585251093 0.006258820649236441 
vn -0.009439393877983093 -0.003073542844504118 0.0012046481715515256 
vn -0.00690113240852952 -0.0025283517315983772 -0.006780988536775112 
vn -0.006175657734274864 0.0072464714758098125 0.0030577615834772587 
vn -0.009562895633280277 0.002146025886759162 0.001986354123800993 
vn -0.006257656961679459 0.006715084426105022 0.003968547563999891 
vn -0.00972199160605669 0.0003276460920460522 0.0023185189347714186 
vn -0.004940206650644541 0.004642768297344446 0.00735112652182579 
vn -0.005935679189860821 0.0011118922848254442 0.00797065906226635 
vn -0.004049947019666433 0.0005895273643545806 0.009124165400862694 
vn -0.009609434753656387 -0.001803376479074359 0.0020991910714656115 
vn -0.009198663756251335 -0.0018892615335062146 0.003437336068600416 
vn -0.007107145618647337 -0.003445281879976392 -0.006133392918854952 
vn -0.007004967425018549 -0.003280688775703311 -0.006337784696370363 
vn -0.008753189817070961 -0.002570600248873234 0.00409556832164526 
vn -0.0022461917251348495 0.00006554199353558943 0.009744245558977127 
vn -0.0015042105223983526 0.00024029501946642995 0.009883299469947815 
vn -0.0014106499729678035 0.0008945296285673976 0.009859507903456688 
vn -0.008842749521136284 -0.001889261300675571 0.004270418547093868 
vn -0.0026106960140168667 0.000371314468793571 0.009646055288612843 
vn -0.0018764175474643707 -0.00019660836551338434 0.009820407256484032 
vn -0.009109508246183395 -0.0033631122205406427 0.002388794906437397 
vn -0.008340932428836823 -0.004211876541376114 0.003562154481187463 
vn -0.004556639119982719 -0.004211878404021263 -0.007842009887099266 
vn -0.005517612211406231 -0.00510056596249342 -0.006598498672246933 
vn -0.008242424577474594 -0.0033631117548793554 0.004555427469313145 
vn -0.00124175357632339 0.0008074591169133782 0.009889693930745125 
vn -0.0013353456743061543 0.0009380396804772317 0.009865947999060154 
vn -0.008673721924424171 -0.0023163920268416405 0.0044046430848538876 
vn -0.0014106499729678035 0.0008945296285673976 0.009859507903456688 
vn -0.008842749521136284 -0.001889261300675571 0.004270418547093868 
vn -0.007328337524086237 -0.0036901822313666344 -0.005716470070183277 
vn -0.007004967425018549 -0.003280688775703311 -0.006337784696370363 
vn 0.0013181855902075768 -0.00180337845813483 -0.009747317992150784 
vn 0.0011678365990519524 -0.0011986949248239398 -0.00985896959900856 
vn 0.0016718979459255934 -0.0016312015941366553 -0.009723370894789696 
vn -0.006548608653247356 -0.0044872695580124855 -0.0060811289586126804 
vn 0.0027031851932406425 -0.0021033308003097773 -0.009395147673785686 
vn 0.0011862722458317876 -0.0005459040985442698 -0.009914370253682137 
vn 0.008489574305713177 0.005250109825283289 -0.0006028907373547554 
vn 0.0092799486592412 0.0016742924926802516 -0.0033285575918853283 
vn 0.008723127655684948 0.0020605921745300293 -0.004434072412550449 
vn 0.008419481106102467 0.002528349868953228 -0.004766526632010937 
vn 0.008903446607291698 0.001674292259849608 -0.004233838990330696 
vn 0.007162946276366711 0.0038923362735658884 0.005791538394987583 
vn 0.006913045421242714 0.0027391030453145504 0.006686337757855654 
vn -0.0014106499729678035 0.0008945296285673976 0.009859507903456688 
vn -0.0013353456743061543 0.0009380396804772317 0.009865947999060154 
vn -0.00124175357632339 0.0008074591169133782 0.009889693930745125 
vn 0.0071372841484844685 0.003445281879976392 0.00609829556196928 
vn 0.0066037653014063835 0.0025283517315983772 0.007070906460285187 
vn 0.005405742675065994 0.003321933327242732 0.007729340810328722 
vn -0.0026106960140168667 0.000371314468793571 0.009646055288612843 
vn -0.0018764175474643707 -0.00019660836551338434 0.009820407256484032 
vn 0.0007350515807047486 0.0006331396871246397 0.009952830150723457 
vn -0.005070545244961977 0.0008074588840827346 0.008581235073506832 
vn -0.007651318795979023 0.0007203263230621815 0.006398316007107496 
vn -0.00860612466931343 0.0007203260902315378 0.0050414022989571095 
vn 0.001073620980605483 0.0008945296285673976 0.00990187656134367 
vn -0.0051732673309743404 -0.00006553901039296761 0.008557628840208054 
vn 0.0013544328976422548 -0.00032764411298558116 0.00990243162959814 
vn -0.005492739845067263 -0.000021845580704393797 0.008356395177543163 
vn 0.0013550914591178298 -0.0009815286612138152 0.009859022684395313 
vn 0.0013922693906351924 -0.0007203236455097795 0.00987637136131525 
vn -0.005799297243356705 0.0004149743472225964 0.008136088959872723 
vn -0.009760354645550251 0.0013720171991735697 0.0016890955157577991 
vn -0.009795013815164566 0.0006331383483484387 0.0019122854573652148 
vn -0.008026446215808392 0.0014152835356071591 -0.005794232711195946 
vn -0.009788891300559044 -0.000283971952740103 0.0020240982994437218 
vn -0.009372333995997906 -0.0007638980750925839 0.0034023255575448275 
vn -0.009866002947092056 0.0004149732703808695 0.001577900256961584 
vn -0.009991385973989964 0.0004149730084463954 -6.760575432807059e-11 
vn -0.009937921538949013 0.0011118910042569041 0.000037751993659185246 
vn -0.007651318795979023 0.0007203242275863886 -0.006398316007107496 
vn -0.009866002947092056 0.0004149727465119213 -0.001577900373376906 
vn -0.0068910978734493256 -0.007246471010148525 -0.00003778108657570556 
vn -0.007806119509041309 -0.00558065390214324 0.0028143920935690403 
vn -0.007806119509041309 -0.005580654833465815 -0.002814390230923891 
vn -0.007925372570753098 -0.001717354985885322 -0.005851424764841795 
vn -0.007822777144610882 -0.00024029442283790559 -0.0062246620655059814 
vn -0.007931363768875599 0.0007638976676389575 -0.006042344029992819 
vn -0.0015974214766174555 0.0005459008971229196 -0.009856482036411762 
vn -0.0015046127373352647 -0.00006554201536346227 -0.009885941632091999 
vn -0.0013539930805563927 -0.000414974638260901 -0.009899216704070568 
vn -0.0010922610526904464 -0.0007639002287760377 -0.009910772554576397 
vn -0.0004910632851533592 -0.007276513613760471 -0.00684187188744545 
vn -0.00013107800623402 -0.009999141097068787 1.6290701010390762e-9 
vn -0.0004910632851533592 -0.007276511285454035 0.006841874215751886 
vn -0.0010922610526904464 -0.0007638970273546875 0.009910773485898972 
vn -0.007925372570753098 -0.0017173531232401729 0.005851425230503082 
vn -0.0013539930805563927 -0.0004149714077357203 0.009899216704070568 
vn -0.007822777144610882 -0.00024029238556977361 0.0062246620655059814 
vn -0.0015046127373352647 -0.00006553879211423919 0.009885941632091999 
vn -0.009372333995997906 -0.0007638991810381413 -0.003402325324714184 
vn -0.00860612466931343 0.0007203244604170322 -0.005041402764618397 
vn -0.005070545244961977 0.0008074560901150107 -0.008581235073506832 
vn 0.0007350515807047486 0.0006331364274956286 -0.009952831082046032 
vn 0.001073620980605483 0.0008945264271460474 -0.00990187656134367 
vn -0.0051732673309743404 -0.00006554179708473384 -0.008557628840208054 
vn 0.0013544328976422548 -0.00032764734351076186 -0.00990243162959814 
vn -0.005492739845067263 -0.000021848303731530905 -0.008356395177543163 
vn 0.0013550914591178298 -0.0009815318044275045 -0.009859022684395313 
vn 0.0013922693906351924 -0.0007203268469311297 -0.00987637136131525 
vn -0.005799297243356705 0.00041497169877402484 -0.008136089891195297 
vn -0.009760354645550251 0.0013720167335122824 -0.0016890959814190865 
vn -0.009795013815164566 0.0006331377080641687 -0.0019122856901958585 
vn -0.008026446215808392 0.0014152853982523084 0.005794232245534658 
vn -0.009788891300559044 -0.0002839726221282035 -0.002024098066613078 
vn -0.007931363768875599 0.0007638996466994286 0.006042344029992819 
vn -0.0015974214766174555 0.0005459040985442698 0.009856482036411762 
vn 0.007951361127197742 -0.0013287223409861326 0.005916954949498177 
vn 0.0013922693906351924 -0.0007203236455097795 0.00987637136131525 
vn 0.007966590113937855 -0.0008509998442605138 0.005984082352370024 
vn 0.0015033489326015115 -0.0004149714077357203 0.009877637960016727 
vn 0.001411455450579524 -0.0004586236027535051 0.009889259934425354 
vn 0.009776339866220951 -0.0011986936442553997 -0.0017280925530940294 
vn 0.009816071949899197 -0.0006331383483484387 -0.0018010748317465186 
vn 0.00566510297358036 -0.0004586265713442117 -0.008227774873375893 
vn 0.005617248825728893 -0.00019661130500026047 -0.008270904421806335 
vn -0.0015974214766174555 0.0005459008971229196 -0.009856482036411762 
vn -0.0014485269784927368 0.0005022670375183225 -0.009881775826215744 
vn 0.005663912743330002 -0.0005022699479013681 -0.008226045407354832 
vn -0.0015790760517120361 -0.0001529243600089103 -0.00987335480749607 
vn 0.004221824463456869 0.0011118894908577204 -0.008996659889817238 
vn -0.0012791972840204835 -0.000414974638260901 -0.009909160435199738 
vn 0.008401363156735897 0.005062933079898357 -0.0019452018896117806 
vn 0.00985126942396164 -0.0006767383310943842 -0.0015794048085808754 
vn 0.007933943532407284 -0.0007203242857940495 0.0060443091206252575 
vn -0.00022643303964287043 0.001025005360133946 0.009944751858711243 
vn 0.006379421800374985 0.004949463065713644 0.005899643525481224 
vn -0.0015046127373352647 -0.00006554201536346227 -0.009885941632091999 
vn 0.005563188344240189 -0.0013287246692925692 -0.008202769793570042 
vn -0.0015974214766174555 0.0005459008971229196 -0.009856482036411762 
vn 0.00566510297358036 -0.0004586265713442117 -0.008227774873375893 
vn 0.009776339866220951 -0.0011986936442553997 -0.0017280925530940294 
vn -0.0013539930805563927 -0.000414974638260901 -0.009899216704070568 
vn 0.0055335224606096745 -0.0014585262397304177 -0.008200782351195812 
vn -0.0010922610526904464 -0.0007639002287760377 -0.009910772554576397 
vn 0.005220011342316866 -0.0010684588924050331 -0.008462262339890003 
vn -0.0004910632851533592 -0.007276513613760471 -0.00684187188744545 
vn 0.007130588870495558 -0.005138100124895573 -0.004770181141793728 
vn 0.005562512204051018 -0.00831014197319746 1.3538965504267253e-9 
vn -0.00013107800623402 -0.009999141097068787 1.6290701010390762e-9 
vn -0.0004910632851533592 -0.007276511285454035 0.006841874215751886 
vn 0.007130588870495558 -0.005138098262250423 0.004770183004438877 
vn 0.005220011342316866 -0.0010684560984373093 0.008462262339890003 
vn -0.0010922610526904464 -0.0007638970273546875 0.009910773485898972 
vn 0.0055335224606096745 -0.0014585235621780157 0.008200782351195812 
vn -0.0013539930805563927 -0.0004149714077357203 0.009899216704070568 
vn 0.005563188344240189 -0.0013287219917401671 0.008202769793570042 
vn -0.0015046127373352647 -0.00006553879211423919 0.009885941632091999 
vn -0.0015974214766174555 0.0005459040985442698 0.009856482036411762 
vn 0.00566510297358036 -0.0004586238937918097 0.008227774873375893 
vn 0.009776339866220951 -0.0011986930621787906 0.001728092902339995 
vn 0.009652279317378998 -0.0021886806935071945 0.0014293956337496638 
vn 0.007951361127197742 -0.0013287242036312819 -0.005916954483836889 
vn 0.009710862301290035 -0.0020605926401913166 0.001205450389534235 
vn 0.009882600978016853 -0.0013287231558933854 0.0007541159284301102 
vn 0.00985175371170044 -0.0015017376281321049 -0.0008292944985441864 
vn 0.009707403369247913 -0.0024013144429773092 3.91224552753755e-10 
vn 0.009991385973989964 -0.0004149730084463954 6.760781517956005e-11 
vn 0.00985175371170044 -0.0015017373953014612 0.0008292950224131346 
vn 0.008314676582813263 0.000021846037270734087 -0.005555689334869385 
vn 0.007484946865588427 -0.00006554148421855643 -0.006631084252148867 
vn 0.00739239202812314 -0.001242061727680266 -0.006618898827582598 
vn 0.007560111116617918 -0.0018892630469053984 -0.00626700883731246 
vn 0.0013922693906351924 -0.0007203268469311297 -0.00987637136131525 
vn 0.0013550914591178298 -0.0009815318044275045 -0.009859022684395313 
vn 0.0013544328976422548 -0.00032764734351076186 -0.00990243162959814 
vn 0.001073620980605483 0.0008945264271460474 -0.00990187656134367 
vn 0.0007350515807047486 0.0006331364274956286 -0.009952831082046032 
vn 0.008314676582813263 0.000021847847165190615 0.005555689334869385 
vn 0.007484946865588427 -0.00006553932325914502 0.006631084252148867 
vn 0.009882600978016853 -0.001328723388724029 -0.0007541155209764838 
vn 0.00739239202812314 -0.001242059632204473 0.006618899293243885 
vn 0.0013544328976422548 -0.00032764411298558116 0.00990243162959814 
vn 0.0013550914591178298 -0.0009815286612138152 0.009859022684395313 
vn 0.0007350515807047486 0.0006331396871246397 0.009952830150723457 
vn 0.001073620980605483 0.0008945296285673976 0.00990187656134367 
vn 0.009710862301290035 -0.002060593105852604 -0.001205449691042304 
vn 0.007560111116617918 -0.0018892610678449273 0.0062670097686350346 
vn 0.0013922693906351924 -0.0007203236455097795 0.00987637136131525 
vn 0.007951361127197742 -0.0013287223409861326 0.005916954949498177 
vn 0.009652279317378998 -0.002188681159168482 -0.001429394818842411 
vn -0.008026446215808392 0.0014152835356071591 -0.005794232711195946 
vn -0.007874013856053352 0.001242059632204473 -0.006037979386746883 
vn -0.0015974214766174555 0.0005459008971229196 -0.009856482036411762 
vn -0.0014485269784927368 0.0005022670375183225 -0.009881775826215744 
vn -0.0015790760517120361 -0.0001529243600089103 -0.00987335480749607 
vn -0.009760354645550251 0.0013720171991735697 0.0016890955157577991 
vn -0.009753013961017132 0.0013287236215546727 0.0017644311301410198 
vn -0.005799297243356705 0.0004149743472225964 0.008136088959872723 
vn -0.005568977445363998 0.0005459038075059652 0.008287850767374039 
vn 0.0013922693906351924 -0.0007203236455097795 0.00987637136131525 
vn 0.0015033489326015115 -0.0004149714077357203 0.009877637960016727 
vn -0.0057422928512096405 0.00010923395166173577 0.008186216466128826 
vn 0.001411455450579524 -0.0004586236027535051 0.009889259934425354 
vn -0.005614460911601782 -0.0003713115584105253 0.008266798220574856 
vn -0.00022643303964287043 0.001025005360133946 0.009944751858711243 
vn -0.009845269843935966 -0.0004586249415297061 0.0016912479186430573 
vn -0.009850996546447277 0.0005895261419937015 0.0016156481578946114 
vn -0.007911363616585732 0.00041497201891615987 -0.006102304905653 
vn -0.0012791972840204835 -0.000414974638260901 -0.009909160435199738 
vn -0.007740654516965151 -0.0004586262512020767 -0.006314422935247421 
vn 0.004008841700851917 -0.005796253215521574 0.00709454994648695 
vn 0.00226355018094182 -0.002697051502764225 0.009359607473015785 
vn -0.0006601267377845943 -0.0030319334473460913 0.009506397880613804 
vn 0.002737961709499359 -0.0020178155973553658 0.009403828531503677 
vn -0.0009608350810594857 -0.004642765503376722 0.008804630488157272 
vn -0.00538191432133317 -0.005580652970820665 0.006315956357866526 
vn -0.00774163706228137 -0.004642766434699297 0.004302531480789185 
vn -0.00633601238951087 -0.0010250024497509003 0.007668396923691034 
vn -0.004841263871639967 0.004369744099676609 0.007580731995403767 
vn -0.007236524950712919 -0.003198011079803109 0.006115998141467571 
vn -0.009747815318405628 -0.0022312942892313004 -0.000037760200939374045 
vn -0.00840186607092619 -0.0034862656611949205 0.004153864923864603 
vn -0.009051166474819183 -0.004251466132700443 -0.000037761914427392185 
vn -0.009997112676501274 0.0002402934042038396 -3.9146772629061743e-11 
vn -0.006979919038712978 0.0011986944591626525 0.007060018368065357 
vn 0.002996161812916398 0.004448179621249437 0.008440184406936169 
vn -0.00574760977178812 0.005324285011738539 0.006214255467057228 
vn 0.00016954602324403822 0.006452019326388836 0.007638239301741123 
vn 0.00004369377711554989 0.009999904781579971 -1.6291944460178343e-9 
vn -0.0072614108212292194 0.006875353399664164 0.00003770565672311932 
vn 0.009294222109019756 -0.0036901813000440598 6.01208027806166e-10 
vn 0.006795623805373907 -0.00733617739751935 1.1952173695206625e-9 
vn 0.006399025209248066 -0.0062495265156030655 0.0044716764241456985 
vn 0.00602532085031271 -0.007980946451425552 1.3002638965531332e-9 
vn 0.004008841700851917 -0.005796253215521574 0.00709454994648695 
vn 0.00226355018094182 -0.002697051502764225 0.009359607473015785 
vn 0.006676528602838516 -0.0013720158021897078 0.007317208219319582 
vn 0.006569977384060621 0.00037131414865143597 0.007529776077717543 
vn 0.009998067282140255 0.00019660996622405946 -3.203189102851667e-11 
vn 0.008513926528394222 -0.00032764486968517303 0.005235045682638884 
vn 0.009905431419610977 -0.001372016966342926 2.2353037476552373e-10 
vn 0.002737961709499359 -0.0020178155973553658 0.009403828531503677 
vn 0.006627666298300028 0.00032764693605713546 0.007481088396161795 
vn 0.002996161812916398 0.004448179621249437 0.008440184406936169 
vn 0.00016954602324403822 0.006452019326388836 0.007638239301741123 
vn 0.00561195332556963 0.00510056596249342 0.006518451496958733 
vn 0.007409969344735146 0.006715083494782448 -1.0940282013649494e-9 
vn 0.009989477694034576 0.0004586252325680107 -7.471968183070388e-11 
vn 0.00004369377711554989 0.009999904781579971 -1.6291944460178343e-9 
vn -0.0009608350810594857 -0.004642765503376722 0.008804630488157272 
vn -0.006753727328032255 -0.004758461844176054 0.005634200293570757 
vn -0.00774163706228137 -0.004642766434699297 0.004302531480789185 
vn -0.004841263871639967 0.004369744099676609 0.007580731995403767 
vn -0.007114906795322895 0.00510056596249342 0.004833459388464689 
vn 0.002996161812916398 0.004448179621249437 0.008440184406936169 
vn 0.00392504408955574 0.005025207065045834 0.007703332230448723 
vn 0.002737961709499359 -0.0020178155973553658 0.009403828531503677 
vn 0.006913045421242714 0.0027391009498387575 -0.006686338689178228 
vn -0.0014106499729678035 0.0008945264271460474 -0.009859507903456688 
vn 0.007351001724600792 0.0021460244897753 -0.006430968176573515 
vn -0.0015042105223983526 0.00024029178894124925 -0.009883299469947815 
vn 0.006902562454342842 0.0016311989165842533 -0.007049384526908398 
vn -0.0022461917251348495 0.00006553882121806964 -0.009744245558977127 
vn 0.005532655864953995 0.002231293125078082 -0.008025649935007095 
vn -0.004049947019666433 0.000589524395763874 -0.009124165400862694 
vn -0.005935679189860821 0.001111889723688364 -0.00797065906226635 
vn 0.004221005365252495 0.0032393797300755978 -0.00846696738153696 
vn -0.004940206650644541 0.00464276596903801 -0.007351127918809652 
vn 0.009959504008293152 0.000589525792747736 -0.0006787818274460733 
vn 0.009173041209578514 0.0013287238543853164 0.0037536395248025656 
vn 0.00914080161601305 0.0008510014740750194 0.003965040668845177 
vn 0.008903446607291698 0.0016742936568334699 0.004233838524669409 
vn 0.0013181855902075768 -0.0018033751985058188 0.009747318923473358 
vn 0.0016914749285206199 -0.0018033751985058188 0.009689517319202423 
vn -0.007107145618647337 -0.003445279784500599 0.006133394315838814 
vn -0.007004967425018549 -0.003280686680227518 0.006337785627692938 
vn -0.008753189817070961 -0.002570601413026452 -0.0040955678559839725 
vn -0.008842749521136284 -0.0018892626976594329 -0.004270418081432581 
vn -0.0014106499729678035 0.0008945264271460474 -0.009859507903456688 
vn -0.0015042105223983526 0.00024029178894124925 -0.009883299469947815 
vn -0.0022461917251348495 0.00006553882121806964 -0.009744245558977127 
vn -0.009198663756251335 -0.001889262581244111 -0.0034373353701084852 
vn -0.004049947019666433 0.000589524395763874 -0.009124165400862694 
vn -0.009609434753656387 -0.00180337717756629 -0.002099190605804324 
vn -0.00972199160605669 0.00032764533534646034 -0.0023185191676020622 
vn -0.005935679189860821 0.001111889723688364 -0.00797065906226635 
vn -0.004940206650644541 0.00464276596903801 -0.007351127918809652 
vn -0.006257656961679459 0.0067150830291211605 -0.003968549892306328 
vn -0.009562895633280277 0.002146025188267231 -0.0019863550551235676 
vn -0.006175657734274864 0.007246470544487238 -0.0030577639117836952 
vn -0.00690113240852952 -0.0025283496361225843 0.006780989468097687 
vn 0.0017467067809775472 -0.0008509992621839046 0.009809425100684166 
vn 0.009252645075321198 -0.0025283510331064463 -0.0028277202509343624 
vn 0.008677981793880463 0.0028230412863194942 -0.0040893848054111 
vn -0.009439393877983093 -0.0030735433101654053 -0.0012046471238136292 
vn 0.0074981157667934895 0.0021460244897753 -0.006258821114897728 
vn 0.0024558433797210455 0.008285757154226303 -0.005031408276408911 
vn 0.00215638498775661 0.0063513172790408134 -0.007416924461722374 
vn 0.002889013849198818 0.008590244688093662 -0.004226262681186199 
vn -0.006257656961679459 0.0067150830291211605 -0.003968549892306328 
vn -0.006175657734274864 0.007246470544487238 -0.0030577639117836952 
vn -0.0026106960140168667 0.00037131132557988167 -0.009646056219935417 
vn -0.009109508246183395 -0.0033631129190325737 -0.0023887937422841787 
vn -0.0018764175474643707 -0.00019661156693473458 -0.009820407256484032 
vn -0.008340932428836823 -0.004211877938359976 -0.003562153084203601 
vn -0.00124175357632339 0.0008074558572843671 -0.0098896948620677 
vn -0.008242424577474594 -0.0033631131518632174 -0.004555426072329283 
vn -0.0013353456743061543 0.0009380364790558815 -0.009865948930382729 
vn -0.008673721924424171 -0.0023163934238255024 -0.004404642153531313 
vn -0.0014106499729678035 0.0008945264271460474 -0.009859507903456688 
vn -0.008842749521136284 -0.0018892626976594329 -0.004270418081432581 
vn -0.004556639119982719 -0.004211876075714827 0.007842011749744415 
vn -0.005517612211406231 -0.00510056409984827 0.006598500069230795 
vn -0.006548608653247356 -0.004487267695367336 0.00608113082125783 
vn -0.007328337524086237 -0.003690180368721485 0.005716471001505852 
vn -0.007004967425018549 -0.003280686680227518 0.006337785627692938 
vn 0.0013181855902075768 -0.0018033751985058188 0.009747318923473358 
vn 0.0011678365990519524 -0.0011986917816102505 0.009858970530331135 
vn 0.008419481106102467 0.0025283514987677336 0.004766525700688362 
vn 0.008903446607291698 0.0016742936568334699 0.004233838524669409 
vn 0.007162946276366711 0.003892334410920739 -0.005791539791971445 
vn 0.006913045421242714 0.0027391009498387575 -0.006686338689178228 
vn -0.0014106499729678035 0.0008945264271460474 -0.009859507903456688 
vn -0.0013353456743061543 0.0009380364790558815 -0.009865948930382729 
vn -0.00124175357632339 0.0008074558572843671 -0.0098896948620677 
vn 0.0071372841484844685 0.003445279784500599 -0.006098296493291855 
vn -0.0018764175474643707 -0.00019661156693473458 -0.009820407256484032 
vn 0.0011862722458317876 -0.0005459008389152586 0.009914371185004711 
vn 0.008723127655684948 0.0020605935715138912 0.004434071946889162 
vn 0.0016718979459255934 -0.001631198450922966 0.00972337182611227 
vn 0.0027031851932406425 -0.0021033277735114098 0.009395147673785686 
vn 0.008489574305713177 0.005250110290944576 0.0006028890493325889 
vn 0.0092799486592412 0.001674293540418148 0.003328557126224041 
vn 0.0066037653014063835 0.0025283494032919407 -0.007070907391607761 
vn -0.0026106960140168667 0.00037131132557988167 -0.009646056219935417 
vn 0.005405742675065994 0.003321930766105652 -0.007729341741651297 
vn 0.007951361127197742 -0.0013287242036312819 -0.005916954483836889 
vn 0.0013922693906351924 -0.0007203268469311297 -0.00987637136131525 
vn 0.007966590113937855 -0.0008510018233209848 -0.005984081886708736 
vn 0.0015033489326015115 -0.0004149746091570705 -0.009877637960016727 
vn 0.001411455450579524 -0.0004586268332786858 -0.009889259934425354 
vn 0.009776339866220951 -0.0011986930621787906 0.001728092902339995 
vn 0.009816071949899197 -0.0006331377662718296 0.0018010749481618404 
vn 0.00566510297358036 -0.0004586238937918097 0.008227774873375893 
vn 0.005617248825728893 -0.00019660861289594322 0.008270904421806335 
vn -0.0015974214766174555 0.0005459040985442698 0.009856482036411762 
vn -0.0014485269784927368 0.0005022702389396727 0.009881775826215744 
vn 0.005663912743330002 -0.0005022672703489661 0.008226045407354832 
vn -0.0015790760517120361 -0.00015292114403564483 0.00987335480749607 
vn 0.004221824463456869 0.001111892401240766 0.008996659889817238 
vn -0.0012791972840204835 -0.0004149714077357203 0.009909160435199738 
vn 0.008401363156735897 0.005062934011220932 0.0019452001433819532 
vn 0.00985126942396164 -0.0006767378654330969 0.001579405041411519 
vn 0.007933943532407284 -0.0007203262648545206 -0.0060443091206252575 
vn -0.00022643303964287043 0.0010250021005049348 -0.009944752790033817 
vn 0.006379421800374985 0.004949461203068495 -0.005899645388126373 
vn -0.008026446215808392 0.0014152853982523084 0.005794232245534658 
vn -0.0015974214766174555 0.0005459040985442698 0.009856482036411762 
vn -0.007874013856053352 0.001242061611264944 0.006037978921085596 
vn -0.0014485269784927368 0.0005022702389396727 0.009881775826215744 
vn -0.0015790760517120361 -0.00015292114403564483 0.00987335480749607 
vn -0.009760354645550251 0.0013720167335122824 -0.0016890959814190865 
vn -0.009753013961017132 0.0013287230394780636 -0.0017644314793869853 
vn -0.005799297243356705 0.00041497169877402484 -0.008136089891195297 
vn -0.005568977445363998 0.0005459011299535632 -0.008287851698696613 
vn 0.0013922693906351924 -0.0007203268469311297 -0.00987637136131525 
vn 0.0015033489326015115 -0.0004149746091570705 -0.009877637960016727 
vn -0.0057422928512096405 0.00010923128138529137 -0.008186216466128826 
vn 0.001411455450579524 -0.0004586268332786858 -0.009889259934425354 
vn -0.005614460911601782 -0.0003713142650667578 -0.008266798220574856 
vn -0.00022643303964287043 0.0010250021005049348 -0.009944752790033817 
vn -0.009845269843935966 -0.0004586254945024848 -0.0016912478022277355 
vn -0.009850996546447277 0.0005895256181247532 -0.001615648390725255 
vn -0.007911363616585732 0.0004149739979766309 0.006102304905653 
vn -0.0012791972840204835 -0.0004149714077357203 0.009909160435199738 
vn -0.007740654516965151 -0.00045862418483011425 0.006314422935247421 
vn 0.004008841700851917 -0.0057962555438280106 -0.007094548083841801 
vn 0.00226355018094182 -0.0026970545295625925 -0.00935960654169321 
vn -0.0006601267377845943 -0.0030319367069751024 -0.00950639694929123 
vn 0.002737961709499359 -0.0020178186241537333 -0.009403827600181103 
vn -0.0009608350810594857 -0.004642768297344446 -0.008804629556834698 
vn -0.00538191432133317 -0.005580655299127102 -0.006315954495221376 
vn -0.00774163706228137 -0.004642767831683159 -0.004302529618144035 
vn -0.00633601238951087 -0.0010250050108879805 -0.007668396458029747 
vn -0.004841263871639967 0.0043697417713701725 -0.0075807333923876286 
vn -0.007236524950712919 -0.003198013175278902 -0.006115996744483709 
vn -0.009747815318405628 -0.0022312942892313004 -0.000037760200939374045 
vn -0.00840186607092619 -0.0034862670581787825 -0.004153863992542028 
vn -0.009051166474819183 -0.004251466132700443 -0.000037761914427392185 
vn -0.009997112676501274 0.0002402934042038396 -3.9146772629061743e-11 
vn -0.006979919038712978 0.0011986922472715378 -0.0070600188337266445 
vn 0.002996161812916398 0.0044481768272817135 -0.008440186269581318 
vn -0.00574760977178812 0.005324282683432102 -0.006214257329702377 
vn 0.00016954602324403822 0.006452016998082399 -0.00763824163004756 
vn 0.00004369377711554989 0.009999904781579971 -1.6291944460178343e-9 
vn -0.0072614108212292194 0.006875353399664164 0.00003770565672311932 
vn 0.009294222109019756 -0.0036901813000440598 6.01208027806166e-10 
vn 0.006795623805373907 -0.00733617739751935 1.1952173695206625e-9 
vn 0.006399025209248066 -0.006249527912586927 -0.004471674561500549 
vn 0.00602532085031271 -0.007980946451425552 1.3002638965531332e-9 
vn 0.004008841700851917 -0.0057962555438280106 -0.007094548083841801 
vn 0.00226355018094182 -0.0026970545295625925 -0.00935960654169321 
vn 0.006676528602838516 -0.0013720181304961443 -0.007317207753658295 
vn 0.006569977384060621 0.00037131167482584715 -0.007529776077717543 
vn 0.009998067282140255 0.00019660996622405946 -3.203189102851667e-11 
vn 0.008513926528394222 -0.00032764658681117 -0.005235045682638884 
vn 0.009905431419610977 -0.001372016966342926 2.2353037476552373e-10 
vn 0.002737961709499359 -0.0020178186241537333 -0.009403827600181103 
vn 0.006627666298300028 0.00032764452043920755 -0.007481088861823082 
vn 0.002996161812916398 0.0044481768272817135 -0.008440186269581318 
vn 0.00016954602324403822 0.006452016998082399 -0.00763824163004756 
vn 0.00561195332556963 0.00510056409984827 -0.0065184528939425945 
vn 0.007409969344735146 0.006715083494782448 -1.0940282013649494e-9 
vn 0.009989477694034576 0.0004586252325680107 -7.471968183070388e-11 
vn 0.00004369377711554989 0.009999904781579971 -1.6291944460178343e-9 
vn -0.0009608350810594857 -0.004642768297344446 -0.008804629556834698 
vn -0.006753727328032255 -0.004758463706821203 -0.005634198430925608 
vn -0.00774163706228137 -0.004642767831683159 -0.004302529618144035 
vn -0.004841263871639967 0.0043697417713701725 -0.0075807333923876286 
vn -0.007114906795322895 0.00510056409984827 -0.0048334612511098385 
vn 0.002996161812916398 0.0044481768272817135 -0.008440186269581318 
vn 0.00392504408955574 0.00502520427107811 -0.007703333627432585 
vn 0.002737961709499359 -0.0020178186241537333 -0.009403827600181103 
vn 0.003968054428696632 -0.0068435585126280785 0.006117209326475859 
vn 0.006956502795219421 -0.0038116900250315666 0.006089177913963795 
vn 0.007229828275740147 0.006907016038894653 0.00015068853099364787 
vn 0.008489574305713177 0.005250109825283289 -0.0006028907373547554 
vn 0.009898641146719456 0.001285404316149652 0.0006038501742295921 
vn 0.005072991829365492 0.0034862677566707134 0.00788103323429823 
vn 0.005174662452191114 0.0021460270509123802 0.008283563889563084 
vn -0.0012043284950777888 -0.0004149714077357203 0.00991853792220354 
vn -0.0019322518492117524 0.0008510024636052549 0.009774569422006607 
vn 0.005405742675065994 0.003321933327242732 0.007729340810328722 
vn -0.0026106960140168667 0.000371314468793571 0.009646055288612843 
vn 0.009994546882808208 0.00024029337510000914 -0.0002264724171254784 
vn 0.008818702772259712 0.00286493101157248 -0.003744683461263776 
vn 0.00615869602188468 -0.006452017463743687 0.00452127680182457 
vn 0.0016777969431132078 -0.008007196709513664 0.005750634707510471 
vn -0.004772943910211325 -0.008678401820361614 0.0013799791922792792 
vn -0.00895205419510603 -0.004092630930244923 0.0017638287972658873 
vn -0.009562277235090733 -0.0026128015015274286 0.0013176199281588197 
vn -0.009109508246183395 -0.0033631122205406427 0.002388794906437397 
vn 0.009307417087256908 -0.0023163931909948587 -0.002829542150720954 
vn 0.00522190285846591 -0.00045862660044804215 -0.008515949361026287 
vn 0.005426531657576561 0.003649535123258829 -0.007565292064100504 
vn 0.009753786027431488 -0.000676738447509706 -0.002098969416692853 
vn 0.008773854933679104 0.004448177758604288 -0.001798105426132679 
vn 0.00784392561763525 -0.000676737108733505 0.006165619473904371 
vn 0.007112164981663227 0.004409003537148237 0.005475197918713093 
vn 0.0009042092133313417 -0.0004149713786318898 0.009950387291610241 
vn 0.0015203445218503475 0.0036088228225708008 0.009201356209814548 
vn 0.006379421800374985 0.004949463065713644 0.005899643525481224 
vn -0.00022643303964287043 0.001025005360133946 0.009944751858711243 
vn 0.004221824463456869 0.0011118894908577204 -0.008996659889817238 
vn 0.008401363156735897 0.005062933079898357 -0.0019452018896117806 
vn 2.068231052255163e-15 -0.009999999776482582 1.629209989140179e-9 
vn 2.068231052255163e-15 -0.009999999776482582 1.629209989140179e-9 
vn 2.068231052255163e-15 -0.009999999776482582 1.629209989140179e-9 
vn 2.068231052255163e-15 -0.009999999776482582 1.629209989140179e-9 
vn 2.068231052255163e-15 -0.009999999776482582 1.629209989140179e-9 
vn 2.068231052255163e-15 -0.009999999776482582 1.629209989140179e-9 
vn 2.068231052255163e-15 -0.009999999776482582 1.629209989140179e-9 
vn 2.068231052255163e-15 -0.009999999776482582 1.629209989140179e-9 
vn -0.0012791972840204835 -0.000414974638260901 -0.009909160435199738 
vn -0.001130297314375639 -0.00010923423542408273 -0.009935315698385239 
vn -0.007740654516965151 -0.0004586262512020767 -0.006314422935247421 
vn -0.007681517396122217 -0.0001092336606234312 -0.006401746068149805 
vn -0.009845269843935966 -0.0004586249415297061 0.0016912479186430573 
vn -0.009861713275313377 -0.00010923235095106065 0.001653687679208815 
vn -0.005614460911601782 -0.0003713115584105253 0.008266798220574856 
vn -0.005617999937385321 -0.00010923126683337614 0.008272009901702404 
vn -0.00022643303964287043 0.001025005360133946 0.009944751858711243 
vn -0.002392876660451293 -0.00015292117313947529 0.00970828253775835 
vn -0.002392876660451293 -0.00015292117313947529 0.00970828253775835 
vn 0.0009042092133313417 -0.0004149713786318898 0.009950387291610241 
vn -0.00022643303964287043 0.001025005360133946 0.009944751858711243 
vn 0.0015203445218503475 0.0036088228225708008 0.009201356209814548 
vn 0.00522190285846591 -0.00045862660044804215 -0.008515949361026287 
vn 0.00202467804774642 -0.00015292434545699507 -0.009791694581508636 
vn 0.005426531657576561 0.003649535123258829 -0.007565292064100504 
vn 0.004221824463456869 0.0011118894908577204 -0.008996659889817238 
vn -0.0012791972840204835 -0.000414974638260901 -0.009909160435199738 
vn -0.001130297314375639 -0.00010923423542408273 -0.009935315698385239 
vn 2.068231052255163e-15 -0.009999999776482582 1.629209989140179e-9 
vn 2.068231052255163e-15 -0.009999999776482582 1.629209989140179e-9 
vn 2.068231052255163e-15 -0.009999999776482582 1.629209989140179e-9 
vn 2.068231052255163e-15 -0.009999999776482582 1.629209989140179e-9 
vn -0.004772943910211325 -0.008678401820361614 0.0013799791922792792 
vn -0.00895205419510603 -0.004092630930244923 0.0017638287972658873 
vn -0.0013531777076423168 -0.006146664265543222 -0.007770935073494911 
vn -0.0038678625132888556 -0.0030319364741444588 -0.008709018118679523 
vn -0.009562277235090733 -0.0026128015015274286 0.0013176199281588197 
vn -0.0042115761898458 -0.00315658375620842 -0.008502858690917492 
vn -0.009109508246183395 -0.0033631122205406427 0.002388794906437397 
vn -0.004556639119982719 -0.004211878404021263 -0.007842009887099266 
vn -0.0002453296910971403 -0.0044090040028095245 -0.008972207084298134 
vn 0.0011862722458317876 -0.0005459040985442698 -0.009914370253682137 
vn 0.009307417087256908 -0.0023163931909948587 -0.002829542150720954 
vn 0.0014282971387729049 -0.005250111222267151 -0.00839024968445301 
vn 0.000509178324136883 -0.0011553048389032483 -0.009919979609549046 
vn 0.008818702772259712 0.00286493101157248 -0.003744683461263776 
vn 0.009898641146719456 0.001285404316149652 0.0006038501742295921 
vn -0.005519241094589233 -0.006875354330986738 -0.0047188433818519115 
vn 0.006956502795219421 -0.0038116900250315666 0.006089177913963795 
vn -0.0027138772420585155 -0.009078915230929852 -0.003195021999999881 
vn 0.003968054428696632 -0.0068435585126280785 0.006117209326475859 
vn 0.004047411493957043 -0.002316394355148077 -0.008846060372889042 
vn 0.009994546882808208 0.00024029337510000914 -0.0002264724171254784 
vn -0.00039587210630998015 0.004012740217149258 -0.00915102194994688 
vn 0.007229828275740147 0.006907016038894653 0.00015068853099364787 
vn 0.008489574305713177 0.005250109825283289 -0.0006028907373547554 
vn 0.008499018847942352 0.0035680383443832397 0.003877601120620966 
vn 0.009942756034433842 0.0010684574954211712 -1.740741717437544e-10 
vn 0.00602532085031271 -0.007980946451425552 1.3002638965531332e-9 
vn 0.008499018847942352 0.0035680371802300215 -0.0038776022847741842 
vn 0.004008841700851917 -0.0057962555438280106 -0.007094548083841801 
vn 0.0017020696541294456 0.00586724141612649 -0.007916971109807491 
vn -0.0006601267377845943 -0.0030319367069751024 -0.00950639694929123 
vn -0.006989242043346167 0.004758461844176054 -0.005339244846254587 
vn -0.007236524950712919 -0.003198013175278902 -0.006115996744483709 
vn -0.009261542931199074 0.003771259682253003 0.00003773759090108797 
vn -0.009747815318405628 -0.0022312942892313004 -0.000037760200939374045 
vn 0.004008841700851917 -0.005796253215521574 0.00709454994648695 
vn 0.0017020696541294456 0.0058672442100942135 0.007916969247162342 
vn -0.0006601267377845943 -0.0030319334473460913 0.009506397880613804 
vn -0.006989242043346167 0.004758463706821203 0.005339243449270725 
vn -0.007236524950712919 -0.003198011079803109 0.006115998141467571 
vn -0.009261542931199074 0.003771259682253003 0.00003773759090108797 
vn -0.009747815318405628 -0.0022312942892313004 -0.000037760200939374045 
vn 0.009307417087256908 -0.002316392259672284 0.002829542849212885 
vn 0.00615869602188468 -0.006452018860727549 -0.0045212749391794205 
vn 0.008818702772259712 0.0028649321757256985 0.003744682529941201 
vn 0.005174662452191114 0.0021460242569446564 -0.008283564820885658 
vn 0.009898641146719456 0.0012854041997343302 -0.0006038506398908794 
vn 0.005072991829365492 0.0034862651955336332 -0.007881034165620804 
vn -0.0012043284950777888 -0.000414974638260901 -0.00991853792220354 
vn 0.0016777969431132078 -0.008007198572158813 -0.005750632379204035 
vn -0.004772943910211325 -0.008678402751684189 -0.0013799763983115554 
vn -0.00895205419510603 -0.00409263139590621 -0.0017638274002820253 
vn -0.0019322518492117524 0.0008509992621839046 -0.009774569422006607 
vn 0.005405742675065994 0.003321930766105652 -0.007729341741651297 
vn 0.008489574305713177 0.005250110290944576 0.0006028890493325889 
vn 0.006956502795219421 -0.0038116921205073595 -0.006089176516979933 
vn 0.007229828275740147 0.006907016038894653 -0.00015069077198859304 
vn 0.003968054428696632 -0.006843560840934515 -0.006117206998169422 
vn 0.009994546882808208 0.00024029344785958529 0.00022647232981398702 
vn -0.009562277235090733 -0.002612801967188716 -0.0013176191132515669 
vn -0.0026106960140168667 0.00037131132557988167 -0.009646056219935417 
vn -0.009109508246183395 -0.0033631129190325737 -0.0023887937422841787 
vn 0.00522190285846591 -0.00045862383558414876 0.008515950292348862 
vn 0.009753786027431488 -0.0006767377490177751 0.0020989696495234966 
vn 0.005426531657576561 0.0036495376843959093 0.007565291132777929 
vn 0.008773854933679104 0.004448178224265575 0.0017981039127334952 
vn 0.004221824463456869 0.001111892401240766 0.008996659889817238 
vn 0.008401363156735897 0.005062934011220932 0.0019452001433819532 
vn 0.007112164981663227 0.004409001674503088 -0.005475199315696955 
vn 0.006379421800374985 0.004949461203068495 -0.005899645388126373 
vn 0.0015203445218503475 0.0036088197957724333 -0.009201357141137123 
vn -0.00022643303964287043 0.0010250021005049348 -0.009944752790033817 
vn 0.00784392561763525 -0.0006767390877939761 -0.006165619473904371 
vn 0.0009042092133313417 -0.000414974638260901 -0.009950386360287666 
vn 2.068231052255163e-15 -0.009999999776482582 1.629209989140179e-9 
vn 2.068231052255163e-15 -0.009999999776482582 1.629209989140179e-9 
vn 2.068231052255163e-15 -0.009999999776482582 1.629209989140179e-9 
vn 2.068231052255163e-15 -0.009999999776482582 1.629209989140179e-9 
vn 2.068231052255163e-15 -0.009999999776482582 1.629209989140179e-9 
vn 2.068231052255163e-15 -0.009999999776482582 1.629209989140179e-9 
vn 2.068231052255163e-15 -0.009999999776482582 1.629209989140179e-9 
vn 2.068231052255163e-15 -0.009999999776482582 1.629209989140179e-9 
vn -0.002392876660451293 -0.00015292433090507984 -0.00970828253775835 
vn -0.00022643303964287043 0.0010250021005049348 -0.009944752790033817 
vn -0.005617999937385321 -0.000109233966213651 -0.008272009901702404 
vn -0.005614460911601782 -0.0003713142650667578 -0.008266798220574856 
vn -0.009861713275313377 -0.0001092328893719241 -0.001653687679208815 
vn -0.009845269843935966 -0.0004586254945024848 -0.0016912478022277355 
vn -0.007681517396122217 -0.00010923157242359594 0.006401746068149805 
vn -0.007740654516965151 -0.00045862418483011425 0.006314422935247421 
vn -0.001130297314375639 -0.00010923099762294441 0.009935315698385239 
vn -0.0012791972840204835 -0.0004149714077357203 0.009909160435199738 
vn 0.0015203445218503475 0.0036088197957724333 -0.009201357141137123 
vn -0.00022643303964287043 0.0010250021005049348 -0.009944752790033817 
vn 0.0009042092133313417 -0.000414974638260901 -0.009950386360287666 
vn -0.002392876660451293 -0.00015292433090507984 -0.00970828253775835 
vn 0.00522190285846591 -0.00045862383558414876 0.008515950292348862 
vn 0.00202467804774642 -0.00015292115858756006 0.009791694581508636 
vn 0.005426531657576561 0.0036495376843959093 0.007565291132777929 
vn 0.004221824463456869 0.001111892401240766 0.008996659889817238 
vn -0.0012791972840204835 -0.0004149714077357203 0.009909160435199738 
vn -0.001130297314375639 -0.00010923099762294441 0.009935315698385239 
vn 2.068231052255163e-15 -0.009999999776482582 1.629209989140179e-9 
vn 2.068231052255163e-15 -0.009999999776482582 1.629209989140179e-9 
vn 2.068231052255163e-15 -0.009999999776482582 1.629209989140179e-9 
vn 2.068231052255163e-15 -0.009999999776482582 1.629209989140179e-9 
vn -0.00895205419510603 -0.00409263139590621 -0.0017638274002820253 
vn -0.0013531777076423168 -0.006146661471575499 0.00777093693614006 
vn -0.004772943910211325 -0.008678402751684189 -0.0013799763983115554 
vn 0.009307417087256908 -0.002316392259672284 0.002829542849212885 
vn -0.0038678625132888556 -0.003031933680176735 0.008709019050002098 
vn -0.009562277235090733 -0.002612801967188716 -0.0013176191132515669 
vn -0.0042115761898458 -0.003156580962240696 0.008502859622240067 
vn -0.009109508246183395 -0.0033631129190325737 -0.0023887937422841787 
vn -0.004556639119982719 -0.004211876075714827 0.007842011749744415 
vn -0.0002453296910971403 -0.004409001208841801 0.008972208946943283 
vn 0.0011862722458317876 -0.0005459008389152586 0.009914371185004711 
vn 0.000509178324136883 -0.0011553015792742372 0.00991998054087162 
vn 0.0014282971387729049 -0.005250108893960714 0.00839025154709816 
vn 0.008818702772259712 0.0028649321757256985 0.003744682529941201 
vn 0.009898641146719456 0.0012854041997343302 -0.0006038506398908794 
vn -0.005519241094589233 -0.006875352468341589 0.004718845244497061 
vn 0.006956502795219421 -0.0038116921205073595 -0.006089176516979933 
vn -0.0027138772420585155 -0.009078914299607277 0.0031950250267982483 
vn 0.003968054428696632 -0.006843560840934515 -0.006117206998169422 
vn 0.004047411493957043 -0.0023163913283497095 0.008846061304211617 
vn 0.009994546882808208 0.00024029344785958529 0.00022647232981398702 
vn -0.00039587210630998015 0.0040127430111169815 0.009151021018624306 
vn 0.007229828275740147 0.006907016038894653 -0.00015069077198859304 
vn 0.008489574305713177 0.005250110290944576 0.0006028890493325889 
vn 2.068231052255163e-15 -0.009999999776482582 1.629209989140179e-9 
vn 2.068231052255163e-15 -0.009999999776482582 1.629209989140179e-9 
vn 2.068231052255163e-15 -0.009999999776482582 1.629209989140179e-9 
vn 2.068231052255163e-15 -0.009999999776482582 1.629209989140179e-9 
vn 2.068231052255163e-15 -0.009999999776482582 1.629209989140179e-9 
vn 2.068231052255163e-15 -0.009999999776482582 1.629209989140179e-9 
vn 2.068231052255163e-15 -0.009999999776482582 1.629209989140179e-9 
vn 2.068231052255163e-15 -0.009999999776482582 1.629209989140179e-9 
vn 2.068231052255163e-15 -0.009999999776482582 1.629209989140179e-9 
vn 2.068231052255163e-15 -0.009999999776482582 1.629209989140179e-9 
vn 2.068231052255163e-15 -0.009999999776482582 1.629209989140179e-9 
vn 2.068231052255163e-15 -0.009999999776482582 1.629209989140179e-9 
vn 2.068231052255163e-15 -0.009999999776482582 1.629209989140179e-9 
vn 2.068231052255163e-15 -0.009999999776482582 1.629209989140179e-9 
vn 2.068231052255163e-15 -0.009999999776482582 1.629209989140179e-9 
vn 2.068231052255163e-15 -0.009999999776482582 1.629209989140179e-9 
vt 0.021993225440382957 0.5570574402809143 
vt 0.05260007455945015 0.5474124550819397 
vt 0.027373336255550385 0.6090463399887085 
vt 0.08428294211626053 0.5952845811843872 
vt 0.08846747130155563 0.5331801772117615 
vt 0.14059476554393768 0.595402181148529 
vt 0.14059476554393768 0.5296515226364136 
vt 0.19284160435199738 0.5331801772117615 
vt 0.1983412802219391 0.4960116147994995 
vt 0.14059476554393768 0.4963644742965698 
vt 0.08284825086593628 0.4960116147994995 
vt 0.1226610615849495 0.4384944438934326 
vt 0.0723271444439888 0.4715462327003479 
vt 0.10269487649202347 0.4233212172985077 
vt 0.14059476554393768 0.4409645199775696 
vt 0.15852846205234528 0.4384944438934326 
vt 0.2089819312095642 0.4715462327003479 
vt 0.17861419916152954 0.4233212172985077 
vt 0.22870901226997375 0.5474124550819397 
vt 0.19690658152103424 0.5952845811843872 
vt 0.25919631123542786 0.5570574402809143 
vt 0.2539357542991638 0.6090463399887085 
vt 0.2028844803571701 0.6450386643409729 
vt 0.14059476554393768 0.6428038477897644 
vt 0.19786304235458374 0.7099660634994507 
vt 0.14059476554393768 0.708907425403595 
vt 0.08344604074954987 0.7099660634994507 
vt 0.07830504328012466 0.6450386643409729 
vt 0.027373336255550385 0.7185524106025696 
vt 0.020678088068962097 0.6548013091087341 
vt 0.2606309950351715 0.6548013091087341 
vt 0.2539357542991638 0.7185524106025696 
vt 0.4087633490562439 0.39344522356987 
vt 0.380906343460083 0.428849458694458 
vt 0.408404678106308 0.45343244075775146 
vt 0.3657224774360657 0.45507916808128357 
vt 0.32495319843292236 0.43567153811454773 
vt 0.4642382562160492 0.3966210186481476 
vt 0.47344422340393066 0.45860782265663147 
vt 0.5131375193595886 0.40556028485298157 
vt 0.518039345741272 0.45625537633895874 
vt 0.5833180546760559 0.45437341928482056 
vt 0.5843940377235413 0.5118905901908875 
vt 0.5195935964584351 0.5118905901908875 
vt 0.518039345741272 0.5675258040428162 
vt 0.5833180546760559 0.5695253610610962 
vt 0.5131375193595886 0.6183385252952576 
vt 0.5802095532417297 0.6206909418106079 
vt 0.5802095532417297 0.4032078683376312 
vt 0.47344422340393066 0.5652909874916077 
vt 0.4642382562160492 0.6271601319313049 
vt 0.408404678106308 0.5704663395881653 
vt 0.4087633490562439 0.6304535865783691 
vt 0.380906343460083 0.5950493216514587 
vt 0.3657224774360657 0.5688196420669556 
vt 0.32495319843292236 0.5882272720336914 
vt 0.32782259583473206 0.5308277010917664 
vt 0.30379143357276917 0.5435308814048767 
vt 0.28669464588165283 0.5995189547538757 
vt 0.32782259583473206 0.5118905901908875 
vt 0.36368998885154724 0.5118905901908875 
vt 0.4116327464580536 0.5118905901908875 
vt 0.4754767119884491 0.5118905901908875 
vt 0.32782259583473206 0.4930710792541504 
vt 0.30379143357276917 0.48036789894104004 
vt 0.28669464588165283 0.424379825592041 
vt 0.8484976887702942 0.16925770044326782 
vt 0.8208797574043274 0.1694929450750351 
vt 0.8469434380531311 0.18160800635814667 
vt 0.8176516890525818 0.1817256361246109 
vt 0.8418024182319641 0.2071319818496704 
vt 0.8097608685493469 0.2097196727991104 
vt 0.8315204381942749 0.2659429907798767 
vt 0.8012722730636597 0.26606062054634094 
vt 0.7958921790122986 0.27958714962005615 
vt 0.8225535750389099 0.28405678272247314 
vt 0.8000766634941101 0.3006414771080017 
vt 0.8629642128944397 0.2655901312828064 
vt 0.8682247400283813 0.20442667603492737 
vt 0.871452808380127 0.18066702783107758 
vt 0.8725288510322571 0.1676109880208969 
vt 0.8987120389938354 0.17031629383563995 
vt 0.8969186544418335 0.18501904606819153 
vt 0.89656001329422 0.20913155376911163 
vt 0.8897451758384705 0.2604147493839264 
vt 0.8505301475524902 0.2939370274543762 
vt 0.81693434715271 0.3021705746650696 
vt 0.8227927088737488 0.3192257583141327 
vt 0.7986419796943665 0.32898837327957153 
vt 0.8383352756500244 0.34451448917388916 
vt 0.8017504811286926 0.3540418744087219 
vt 0.8721701502799988 0.30205294489860535 
vt 0.9227432012557983 0.2678249478340149 
vt 0.9247756600379944 0.2199527770280838 
vt 0.92238450050354 0.34921935200691223 
vt 0.9058855175971985 0.3273416757583618 
vt 0.9448614120483398 0.33510473370552063 
vt 0.9381662011146545 0.3102864921092987 
vt 0.9702077507972717 0.3199314773082733 
vt 0.969729483127594 0.29781854152679443 
vt 0.9742726683616638 0.28370389342308044 
vt 0.9431875944137573 0.2778227925300598 
vt 0.9473721385002136 0.22783344984054565 
vt 0.9253734946250916 0.19301734864711761 
vt 0.9257321357727051 0.1778441071510315 
vt 0.9484481811523438 0.1984279602766037 
vt 0.9765443205833435 0.22665724158287048 
vt 0.9758269786834717 0.19701649248600006 
vt 0.9765443205833435 0.1839604526758194 
vt 0.9496437311172485 0.18419569730758667 
vt 0.8738439679145813 0.7527804374694824 
vt 0.869181215763092 0.740547776222229 
vt 0.8860388994216919 0.7487813234329224 
vt 0.8832890391349792 0.7364310026168823 
vt 0.8958426713943481 0.7445468902587891 
vt 0.894766628742218 0.7329023480415344 
vt 0.8641597628593445 0.6502140760421753 
vt 0.8367810249328613 0.6546837091445923 
vt 0.8298466205596924 0.6176327466964722 
vt 0.8561493754386902 0.6143393516540527 
vt 0.8268576860427856 0.600342333316803 
vt 0.8529213070869446 0.5936378836631775 
vt 0.87862628698349 0.6209262013435364 
vt 0.878148078918457 0.5957551002502441 
vt 0.9072006344795227 0.6021066308021545 
vt 0.907081127166748 0.6270425319671631 
vt 0.9103091955184937 0.6533898711204529 
vt 0.8869953751564026 0.6513902544975281 
vt 0.9117438793182373 0.730197012424469 
vt 0.9118634462356567 0.741135835647583 
vt 0.9248952269554138 0.7410182356834412 
vt 0.9262104034423828 0.7299617528915405 
vt 0.9349381327629089 0.6522136330604553 
vt 0.9346989989280701 0.6262191534042358 
vt 0.9354163408279419 0.6052824258804321 
vt 0.9586105942726135 0.618220865726471 
vt 0.9611213207244873 0.6006951928138733 
vt 0.98969566822052 0.5936378836631775 
vt 0.9882609844207764 0.6118692755699158 
vt 0.9838373064994812 0.6502140760421753 
vt 0.9571759104728699 0.6491554379463196 
vt 0.9380466341972351 0.7325494289398193 
vt 0.9352967739105225 0.7444292902946472 
vt 0.9506002068519592 0.7506632208824158 
vt 0.9547847509384155 0.738077700138092 
vt 0.5461354851722717 0.11374011635780334 
vt 0.49400821328163147 0.13338299095630646 
vt 0.5284408926963806 0.16196513175964355 
vt 0.4903019070625305 0.161494642496109 
vt 0.5154091119766235 0.10068407654762268 
vt 0.4255014657974243 0.0991549864411354 
vt 0.4443916380405426 0.06927900016307831 
vt 0.3433651328086853 0.05269429832696915 
vt 0.3525710999965668 0.03175758197903633 
vt 0.3286595046520233 0.019524894654750824 
vt 0.3212468922138214 0.04140258580446243 
vt 0.30976933240890503 0.06010448560118675 
vt 0.33009418845176697 0.0728076621890068 
vt 0.2943463623523712 0.07551296800374985 
vt 0.39776402711868286 0.11985646188259125 
vt 0.4600537419319153 0.15690739452838898 
vt 0.48779118061065674 0.18772435188293457 
vt 0.4876716434955597 0.21242497861385345 
vt 0.521386981010437 0.21242497861385345 
vt 0.5284408926963806 0.26288482546806335 
vt 0.48779118061065674 0.23724322021007538 
vt 0.42849043011665344 0.21242497861385345 
vt 0.42693617939949036 0.2231285721063614 
vt 0.42693617939949036 0.20183899998664856 
vt 0.4139043390750885 0.17619739472866058 
vt 0.3676353991031647 0.1329125016927719 
vt 0.313595175743103 0.09080382436513901 
vt 0.2768908739089966 0.0904509574174881 
vt 0.2968570590019226 0.10680041462182999 
vt 0.33965882658958435 0.15043817460536957 
vt 0.36727672815322876 0.18160800635814667 
vt 0.37588492035865784 0.20383857190608978 
vt 0.3776782751083374 0.21242497861385345 
vt 0.37588492035865784 0.22112900018692017 
vt 0.36727672815322876 0.24335956573486328 
vt 0.4139043390750885 0.24865254759788513 
vt 0.33965882658958435 0.27441176772117615 
vt 0.3676353991031647 0.29205507040023804 
vt 0.2968570590019226 0.31804952025413513 
vt 0.4600537419319153 0.26794254779815674 
vt 0.4903019070625305 0.26347291469573975 
vt 0.49400821328163147 0.29146695137023926 
vt 0.5461354851722717 0.3112274408340454 
vt 0.5154091119766235 0.32416588068008423 
vt 0.4255014657974243 0.3256949484348297 
vt 0.4443916380405426 0.35568857192993164 
vt 0.3433651328086853 0.37215563654899597 
vt 0.3525710999965668 0.3932099938392639 
vt 0.3286595046520233 0.4053250551223755 
vt 0.3212468922138214 0.3834473490715027 
vt 0.30976933240890503 0.3648630976676941 
vt 0.33009418845176697 0.3520422875881195 
vt 0.2943463623523712 0.34933698177337646 
vt 0.39776402711868286 0.3051111102104187 
vt 0.313595175743103 0.3340461254119873 
vt 0.2768908739089966 0.33451661467552185 
vt 0.3052261173725128 0.821942150592804 
vt 0.28035807609558105 0.827823281288147 
vt 0.3060630261898041 0.793124794960022 
vt 0.28131452202796936 0.7980648875236511 
vt 0.28035807609558105 0.7501927614212036 
vt 0.3294964134693146 0.818413496017456 
vt 0.3308115303516388 0.7899489998817444 
vt 0.3546035885810852 0.8199425935745239 
vt 0.3557991683483124 0.7908899784088135 
vt 0.37971076369285583 0.8261765837669373 
vt 0.38066723942756653 0.7957124710083008 
vt 0.35567960143089294 0.7499575018882751 
vt 0.38293883204460144 0.7541919350624084 
vt 0.34707143902778625 0.6197499632835388 
vt 0.36368998885154724 0.6170446276664734 
vt 0.3294964134693146 0.6251605749130249 
vt 0.33105066418647766 0.7472522258758545 
vt 0.3071390688419342 0.7476050853729248 
vt 0.29733529686927795 0.6178680062294006 
vt 0.31491032242774963 0.624690055847168 
vt 0.029047148302197456 0.333693265914917 
vt 0.04566571116447449 0.3501603305339813 
vt 0.010396099649369717 0.3519246578216553 
vt 0.02450394444167614 0.3706265687942505 
vt 0.04016604274511337 0.3870936334133148 
vt 0.06694703549146652 0.28464487195014954 
vt 0.09731476753950119 0.298994779586792 
vt 0.09014128893613815 0.24782919883728027 
vt 0.1338995099067688 0.2542984187602997 
vt 0.09743432700634003 0.22301095724105835 
vt 0.15362659096717834 0.22501052916049957 
vt 0.15386569499969482 0.21336595714092255 
vt 0.09588006883859634 0.21336595714092255 
vt 0.09743432700634003 0.20372094213962555 
vt 0.15362659096717834 0.20172137022018433 
vt 0.1338995099067688 0.17231586575508118 
vt 0.09014128893613815 0.17890270054340363 
vt 0.09731476753950119 0.12761950492858887 
vt 0.06694703549146652 0.14208701252937317 
vt 0.04566571116447449 0.07657156139612198 
vt 0.029047148302197456 0.0930386409163475 
vt 0.010396099649369717 0.07480723410844803 
vt 0.02450394444167614 0.05610533431172371 
vt 0.04016604274511337 0.03952063247561455 
vt 0.06312117725610733 0.06022210419178009 
vt 0.057143278419971466 0.025288371369242668 
vt 0.12839984893798828 0.11891548335552216 
vt 0.18303784728050232 0.16220037639141083 
vt 0.2259591668844223 0.18795959651470184 
vt 0.22452448308467865 0.21336595714092255 
vt 0.2587180733680725 0.21336595714092255 
vt 0.2259591668844223 0.23865467309951782 
vt 0.2646959722042084 0.1669052541255951 
vt 0.22225287556648254 0.1431456208229065 
vt 0.15757200121879578 0.10468322038650513 
vt 0.08069620281457901 0.04399026930332184 
vt 0.07507697492837906 0.010820865631103516 
vt 0.09683653712272644 0.02728794515132904 
vt 0.1800488978624344 0.07998260110616684 
vt 0.24759916961193085 0.11609255522489548 
vt 0.27772778272628784 0.1264432966709137 
vt 0.2646959722042084 0.25970903038978577 
vt 0.22225287556648254 0.2835862934589386 
vt 0.18303784728050232 0.26453152298927307 
vt 0.15757200121879578 0.3220486640930176 
vt 0.1800488978624344 0.34674930572509766 
vt 0.09683653712272644 0.39944395422935486 
vt 0.27772778272628784 0.3002886176109314 
vt 0.24759916961193085 0.310639351606369 
vt 0.12839984893798828 0.30781641602516174 
vt 0.08069620281457901 0.38274163007736206 
vt 0.07507697492837906 0.4159110486507416 
vt 0.057143278419971466 0.4014435410499573 
vt 0.06312117725610733 0.3663921654224396 
vt 0.4822915196418762 0.6695040464401245 
vt 0.5151699781417847 0.6693864464759827 
vt 0.4893454611301422 0.6438624858856201 
vt 0.5211478471755981 0.6438624858856201 
vt 0.5644278526306152 0.6466854214668274 
vt 0.4777483344078064 0.6945575475692749 
vt 0.5111050009727478 0.6947928071022034 
vt 0.4783461093902588 0.7203167676925659 
vt 0.5106267929077148 0.7204343676567078 
vt 0.4834870994091034 0.7461935877799988 
vt 0.5139743685722351 0.7461935877799988 
vt 0.5580912828445435 0.719258189201355 
vt 0.5627540349960327 0.7459583878517151 
vt 0.6966590285301208 0.7218458652496338 
vt 0.6963003277778625 0.7389010190963745 
vt 0.6967785954475403 0.7037320733070374 
vt 0.5565370321273804 0.6953809261322021 
vt 0.5585695505142212 0.6724446415901184 
vt 0.7014413475990295 0.667269229888916 
vt 0.6983328461647034 0.6857358813285828 
vt 0.6262393593788147 0.07904162257909775 
vt 0.6567266583442688 0.11397536098957062 
vt 0.6133270859718323 0.11632779985666275 
vt 0.6519443392753601 0.15996555984020233 
vt 0.6288696527481079 0.1479681134223938 
vt 0.5988605618476868 0.1598479449748993 
vt 0.6244459748268127 0.17161014676094055 
vt 0.6050775647163391 0.19066490232944489 
vt 0.6289892196655273 0.1993689388036728 
vt 0.583078920841217 0.142792746424675 
vt 0.5578522086143494 0.14420421421527863 
vt 0.5854700803756714 0.1804317831993103 
vt 0.5522329807281494 0.17490355670452118 
vt 0.5589281916618347 0.22912730276584625 
vt 0.6012517213821411 0.21712985634803772 
vt 0.6512269973754883 0.19760459661483765 
vt 0.6032842397689819 0.24430052936077118 
vt 0.6567266583442688 0.2518283426761627 
vt 0.6372386813163757 0.30275866389274597 
vt 0.5778183937072754 0.26770731806755066 
vt 0.8058154582977295 0.40062016248703003 
vt 0.7740130424499512 0.3713322877883911 
vt 0.7679156064987183 0.3874465227127075 
vt 0.7338415384292603 0.3681564927101135 
vt 0.7322872877120972 0.39556244015693665 
vt 0.7448409199714661 0.4394354224205017 
vt 0.7723392248153687 0.4197925627231598 
vt 0.7792735695838928 0.44214072823524475 
vt 0.8261403441429138 0.44084689021110535 
vt 0.803185224533081 0.41320574283599854 
vt 0.8219558000564575 0.40803036093711853 
vt 0.7322872877120972 0.482132226228714 
vt 0.790870726108551 0.46684136986732483 
vt 0.7394607663154602 0.504127562046051 
vt 0.7793931365013123 0.5430604219436646 
vt 0.8119129538536072 0.5034217834472656 
vt 0.8475412130355835 0.5034217834472656 
vt 0.8349876403808594 0.4544910490512848 
vt 0.8262599110603333 0.5672905445098877 
vt 0.5500808954238892 0.3481607735157013 
vt 0.5207892060279846 0.3533361256122589 
vt 0.5203109979629517 0.3459259569644928 
vt 0.4947255551815033 0.3568647801876068 
vt 0.5036923885345459 0.36027583479881287 
vt 0.5035728216171265 0.38168302178382874 
vt 0.509909451007843 0.37368473410606384 
vt 0.5344188213348389 0.38168302178382874 
vt 0.499507874250412 0.816884458065033 
vt 0.4998665452003479 0.7892432808876038 
vt 0.5119419097900391 0.8154729604721069 
vt 0.5120614767074585 0.7860674858093262 
vt 0.5374077558517456 0.8101799488067627 
vt 0.5400380492210388 0.7781867980957031 
vt 0.5962303280830383 0.7999468445777893 
vt 0.596349835395813 0.7696003913879395 
vt 0.6098598837852478 0.7643073797225952 
vt 0.6144031286239624 0.7908899784088135 
vt 0.6310216784477234 0.7685418128967285 
vt 0.5959911942481995 0.8313519358634949 
vt 0.5347774624824524 0.8366449475288391 
vt 0.5109854340553284 0.8398207426071167 
vt 0.4979536235332489 0.8408793210983276 
vt 0.5007034540176392 0.8671090006828308 
vt 0.5154091119766235 0.8653447031974792 
vt 0.5234194993972778 0.8938091993331909 
vt 0.5082356333732605 0.8941620588302612 
vt 0.5287995934486389 0.9168631434440613 
vt 0.5144526362419128 0.9180393815040588 
vt 0.5143330693244934 0.9449747800827026 
vt 0.5273649096488953 0.944269061088562 
vt 0.5570152997970581 0.9449747800827026 
vt 0.5582108497619629 0.9158045053482056 
vt 0.6139248609542847 0.9426223635673523 
vt 0.6081861257553101 0.911570131778717 
vt 0.6405863165855408 0.9065123796463013 
vt 0.6281523108482361 0.9381527304649353 
vt 0.6502705216407776 0.9386231899261475 
vt 0.6654543876647949 0.9133344888687134 
vt 0.6576831340789795 0.8742839694023132 
vt 0.6795622110366821 0.8907510638237 
vt 0.550320029258728 0.8932210803031921 
vt 0.5395597815513611 0.8649918437004089 
vt 0.590730607509613 0.8581697344779968 
vt 0.6242069005966187 0.8190016150474548 
vt 0.5981432199478149 0.8911039233207703 
vt 0.632456362247467 0.8406440615653992 
vt 0.6495531797409058 0.7911252379417419 
vt 0.632456362247467 0.7853617072105408 
vt 0.6747798919677734 0.8067689538002014 
vt 0.659356951713562 0.7670127153396606 
vt 0.6843445301055908 0.7701885104179382 
vt 0.8567472100257874 0.8147672414779663 
vt 0.8688225150108337 0.818884015083313 
vt 0.8520843982696533 0.8271175622940063 
vt 0.8661922812461853 0.8311166763305664 
vt 0.8196842074394226 0.9129816293716431 
vt 0.8470630049705505 0.9174512624740601 
vt 0.8127498626708984 0.9499149322509766 
vt 0.8390526175498962 0.9533259272575378 
vt 0.8097608685493469 0.9672053456306458 
vt 0.8358245491981506 0.9739097952842712 
vt 0.8787458539009094 0.8230007886886597 
vt 0.8776698112487793 0.8346453309059143 
vt 0.8698985576629639 0.9161574244499207 
vt 0.861529529094696 0.9466214776039124 
vt 0.8610512614250183 0.9717925786972046 
vt 0.8899843096733093 0.9654409885406494 
vt 0.8899843096733093 0.9405051469802856 
vt 0.9176021814346313 0.9414461255073547 
vt 0.9183195233345032 0.9622652530670166 
vt 0.9413942694664001 0.9494444131851196 
vt 0.9440245032310486 0.9669700860977173 
vt 0.9725989103317261 0.9739097952842712 
vt 0.9711641669273376 0.955678403377533 
vt 0.9667405486106873 0.9173336029052734 
vt 0.9400790929794312 0.9183922410011292 
vt 0.9376879334449768 0.8295875787734985 
vt 0.894766628742218 0.8264118432998657 
vt 0.9178413152694702 0.9153340458869934 
vt 0.8932123780250549 0.9142754673957825 
vt 0.8945274949073792 0.8374682664871216 
vt 0.9077984690666199 0.8265294432640076 
vt 0.9091135859489441 0.83770352602005 
vt 0.920830249786377 0.8351158499717712 
vt 0.9335033893585205 0.8170020580291748 
vt 0.9182000160217285 0.8231183886528015 
vt 0.7990006804466248 0.8153553605079651 
vt 0.8238687515258789 0.8212364315986633 
vt 0.7981637716293335 0.7865379452705383 
vt 0.8230318427085876 0.7914780974388123 
vt 0.8238687515258789 0.74360591173172 
vt 0.774730384349823 0.8118267059326172 
vt 0.7734152674674988 0.7834798097610474 
vt 0.7497427463531494 0.8133557438850403 
vt 0.7484276294708252 0.7843031287193298 
vt 0.7245160341262817 0.8195897340774536 
vt 0.723559558391571 0.7891256213188171 
vt 0.7485471963882446 0.7433706521987915 
vt 0.7212879657745361 0.7476050853729248 
vt 0.7571553587913513 0.6131631135940552 
vt 0.7405368089675903 0.6104578375816345 
vt 0.774730384349823 0.6185737252235413 
vt 0.7731761336326599 0.7406653761863708 
vt 0.7970877289772034 0.7410182356834412 
vt 0.8068915009498596 0.611281156539917 
vt 0.7893164753913879 0.6181032657623291 
vt 0.7023978233337402 0.12820762395858765 
vt 0.6768124103546143 0.13538256287574768 
vt 0.7022782564163208 0.1611417829990387 
vt 0.6768124103546143 0.16714049875736237 
vt 0.6795622110366821 0.210307776927948 
vt 0.7275049686431885 0.12373798340559006 
vt 0.7276245355606079 0.15702500939369202 
vt 0.7532099485397339 0.12444371730089188 
vt 0.7533295154571533 0.1566721498966217 
vt 0.7791540622711182 0.12950146198272705 
vt 0.7791540622711182 0.15996555984020233 
vt 0.7521339058876038 0.20407381653785706 
vt 0.7789149284362793 0.20877869427204132 
vt 0.7546446323394775 0.342632532119751 
vt 0.7717414498329163 0.34227967262268066 
vt 0.7365913987159729 0.3427501618862152 
vt 0.7282223105430603 0.20254471898078918 
vt 0.7052671909332275 0.2045443058013916 
vt 0.7001262307167053 0.3474550247192383 
vt 0.7185381054878235 0.3442792296409607 
vt 0.6788448691368103 0.6317474246025085 
vt 0.7093321681022644 0.5966960191726685 
vt 0.6659325957298279 0.5943436026573181 
vt 0.7045498490333557 0.5507058501243591 
vt 0.6814751625061035 0.5627033114433289 
vt 0.6514660716056824 0.5509411096572876 
vt 0.6770514845848083 0.5390612483024597 
vt 0.6576831340789795 0.5200064778327942 
vt 0.6817142963409424 0.5113024711608887 
vt 0.6356844305992126 0.5678786635398865 
vt 0.610457718372345 0.5665848255157471 
vt 0.638075590133667 0.5302396416664124 
vt 0.604838490486145 0.5357678532600403 
vt 0.6115337014198303 0.4815441071987152 
vt 0.6538572311401367 0.49354156851768494 
vt 0.7038325071334839 0.5131844282150269 
vt 0.656009316444397 0.46648848056793213 
vt 0.7093321681022644 0.45884305238723755 
vt 0.6898441910743713 0.40803036093711853 
vt 0.630423903465271 0.442964106798172 
vt 0.08081576228141785 0.808533251285553 
vt 0.051524050533771515 0.7765401005744934 
vt 0.06766438484191895 0.7705413699150085 
vt 0.04829598590731621 0.7364310026168823 
vt 0.07579432427883148 0.7349019050598145 
vt 0.11967211216688156 0.7474874258041382 
vt 0.09994503855705261 0.7750110030174255 
vt 0.12230239063501358 0.7819507122039795 
vt 0.12110681086778641 0.8287642598152161 
vt 0.09336934983730316 0.8058279752731323 
vt 0.08822835981845856 0.8246474862098694 
vt 0.16223475337028503 0.7349019050598145 
vt 0.1470508873462677 0.7934776544570923 
vt 0.1842334270477295 0.7420768141746521 
vt 0.22332890331745148 0.7820683121681213 
vt 0.1836356371641159 0.8145319819450378 
vt 0.1836356371641159 0.8501714468002319 
vt 0.13461686670780182 0.83770352602005 
vt 0.2474796175956726 0.8288818597793579 
vt 0.8794631958007812 0.36051106452941895 
vt 0.874322235584259 0.38979893922805786 
vt 0.8817347884178162 0.3902694284915924 
vt 0.8708550333976746 0.4159110486507416 
vt 0.8673878312110901 0.40685415267944336 
vt 0.8461065292358398 0.4069717526435852 
vt 0.8541169166564941 0.40073779225349426 
vt 0.8461065292358398 0.3761548101902008 
vt 0.9378075003623962 0.08986285328865051 
vt 0.9191564321517944 0.10927048325538635 
vt 0.9263299107551575 0.12020932883024216 
vt 0.9025378823280334 0.14208701252937317 
vt 0.9066028594970703 0.10962334275245667 
vt 0.8866366744041443 0.10397748649120331 
vt 0.8910603523254395 0.06822039932012558 
vt 0.854356050491333 0.06986711174249649 
vt 0.8554320335388184 0.10456559807062149 
vt 0.8853215575218201 0.13949933648109436 
vt 0.8588992357254028 0.13902884721755981 
vt 0.9449809789657593 0.09515584260225296 
vt 0.9091135859489441 0.07010235637426376 
vt 0.8852019906044006 0.016349099576473236 
vt 0.8677465319633484 0.015996234491467476 
vt 0.8531604409217834 0.01117373164743185 
vt 0.8261403441429138 0.07327815145254135 
vt 0.8299661874771118 0.11079956591129303 
vt 0.8379765748977661 0.14079317450523376 
vt 0.8938101530075073 0.01117373164743185 
vt 0.6578026413917542 0.38297685980796814 
vt 0.6459664106369019 0.3776838779449463 
vt 0.664976179599762 0.36756840348243713 
vt 0.6530203223228455 0.3642749786376953 
vt 0.6659325957298279 0.34216204285621643 
vt 0.6525421142578125 0.3449849784374237 
vt 0.6579222083091736 0.32545971870422363 
vt 0.6453686356544495 0.33122318983078003 
vt 0.5785357356071472 0.3429853916168213 
vt 0.5701666474342346 0.32545971870422363 
vt 0.5704057812690735 0.377331018447876 
vt 0.5786553025245667 0.35992297530174255 
vt 0.19475454092025757 0.011997085995972157 
vt 0.26146790385246277 0.01046799961477518 
vt 0.20360182225704193 0.026817457750439644 
vt 0.2737823724746704 0.02175971120595932 
vt 0.20360182225704193 0.026817457750439644 
vt 0.2737823724746704 0.02175971120595932 
vt 0.20264536142349243 0.03869727998971939 
vt 0.2737823724746704 0.04504886642098427 
vt 0.046622175723314285 0.4975407123565674 
vt 0.011591680347919464 0.4971878230571747 
vt 0.04721996560692787 0.47872117161750793 
vt 0.012428586371243 0.47872117161750793 
vt 0.04733952134847641 0.4609602689743042 
vt 0.012548143975436687 0.46107786893844604 
vt 0.04686129093170166 0.442964106798172 
vt 0.011830795556306839 0.44343459606170654 
vt 0.04733952134847641 0.4259088933467865 
vt 0.010635215789079666 0.4272027313709259 
vt 0.759905219078064 0.8739311099052429 
vt 0.6918767094612122 0.8739311099052429 
vt 0.7607421278953552 0.8371154069900513 
vt 0.6916375756263733 0.8609926700592041 
vt 0.28932490944862366 0.25382792949676514 
vt 0.28932490944862366 0.18701861798763275 
vt 0.3022371828556061 0.2540631592273712 
vt 0.326387882232666 0.18631288409233093 
vt 0.3247140944004059 0.1694929450750351 
vt 0.28968358039855957 0.171139657497406 
vt 0.20264536142349243 0.03869727998971939 
vt 0.2737823724746704 0.04504886642098427 
vt 0.19200469553470612 0.053047165274620056 
vt 0.2599136531352997 0.05528198182582855 
vt 0.8028265237808228 0.05363527312874794 
vt 0.7497427463531494 0.08998047560453415 
vt 0.7958921790122986 0.04693081974983215 
vt 0.7467538118362427 0.07586583495140076 
vt 0.7150709629058838 0.09515584260225296 
vt 0.7093321681022644 0.08104120194911957 
vt 0.6884095072746277 0.1013898029923439 
vt 0.6807578206062317 0.08798089623451233 
vt 0.6980937123298645 0.04845990613102913 
vt 0.6697584986686707 0.06822039932012558 
vt 0.7961312532424927 0.010585621930658817 
vt 0.7929031848907471 0.026346970349550247 
vt 0.7387434244155884 0.03928539156913757 
vt 0.734798014163971 0.015760989859700203 
vt 0.6982132792472839 0.02693508006632328 
vt 0.6790840029716492 0.0342276431620121 
vt 0.6872139573097229 0.027876056730747223 
vt 0.6735843420028687 0.015408123843371868 
vt 0.6760950684547424 0.010585621930658817 
vt 0.6698780059814453 0.0162314772605896 
vt 0.6678455471992493 0.011761842295527458 
vt 0.6662912964820862 0.03434526547789574 
vt 0.6582809090614319 0.03187520429491997 
vt 0.6501509547233582 0.06128070503473282 
vt 0.5342992544174194 0.05269429832696915 
vt 0.5156481862068176 0.05269429832696915 
vt 0.5156481862068176 0.027523189783096313 
vt 0.4969971477985382 0.05269429832696915 
vt 0.49998611211776733 0.024935506284236908 
vt 0.47081395983695984 0.047518931329250336 
vt 0.4764331877231598 0.01834867335855961 
vt 0.44654369354248047 0.04081447422504425 
vt 0.4518042504787445 0.013996659778058529 
vt 0.42849043011665344 0.03810916841030121 
vt 0.4360225796699524 0.010703244246542454 
vt 0.5313103199005127 0.024935506284236908 
vt 0.5603628754615784 0.047518931329250336 
vt 0.5548632144927979 0.01834867335855961 
vt 0.5847527384757996 0.04081447422504425 
vt 0.5794921517372131 0.013996659778058529 
vt 0.6028059720993042 0.03810916841030121 
vt 0.5952738523483276 0.010703244246542454 
vt 0.14214901626110077 0.8826351165771484 
vt 0.13688845932483673 0.8912215232849121 
vt 0.08308736234903336 0.8672266602516174 
vt 0.08511985093355179 0.8853404521942139 
vt 0.043633222579956055 0.8698143362998962 
vt 0.049252450466156006 0.8898100852966309 
vt 0.08332648128271103 0.9220384955406189 
vt 0.13736669719219208 0.9086295962333679 
vt 0.14214901626110077 0.9232147336006165 
vt 0.07997885346412659 0.9502677917480469 
vt 0.04865466058254242 0.920979917049408 
vt 0.01374372374266386 0.8911039233207703 
vt 0.011113448068499565 0.8738134503364563 
vt 0.043991897255182266 0.8572287559509277 
vt 0.03299256041646004 0.8500538468360901 
vt 0.063360296189785 0.8386445045471191 
vt 0.058099742978811264 0.8314695358276367 
vt 0.04243764281272888 0.9465038776397705 
vt 0.01422195602208376 0.9175688624382019 
vt 0.012548143975436687 0.938387930393219 
vt 0.4632818102836609 0.8289995193481445 
vt 0.44773927330970764 0.8360568284988403 
vt 0.45802125334739685 0.8170020580291748 
vt 0.44451120495796204 0.8241769671440125 
vt 0.45766258239746094 0.7414887547492981 
vt 0.4402071237564087 0.7497222423553467 
vt 0.42526236176490784 0.8235889077186584 
vt 0.42334944009780884 0.7496046423912048 
vt 0.41151317954063416 0.816413938999176 
vt 0.4056548476219177 0.7412534952163696 
vt 0.42239296436309814 0.8369978070259094 
vt 0.4056548476219177 0.8289995193481445 
vt 0.021754110231995583 0.26323768496513367 
vt 0.026895103976130486 0.19313496351242065 
vt 0.010515658184885979 0.25088736414909363 
vt 0.011950354091823101 0.18419569730758667 
vt 0.0450679212808609 0.26323768496513367 
vt 0.038731347769498825 0.19207637012004852 
vt 0.021754110231995583 0.26323768496513367 
vt 0.026895103976130486 0.19313496351242065 
vt 0.26852181553840637 0.43508341908454895 
vt 0.2316979616880417 0.43378958106040955 
vt 0.2673262357711792 0.4513152539730072 
vt 0.23217618465423584 0.45084476470947266 
vt 0.26648932695388794 0.4689585566520691 
vt 0.2316979616880417 0.46884092688560486 
vt 0.2666088938713074 0.486601859331131 
vt 0.23181751370429993 0.4867194890975952 
vt 0.26756536960601807 0.5050684809684753 
vt 0.2324153035879135 0.5054214000701904 
vt 0.43590301275253296 0.6522136330604553 
vt 0.4119914174079895 0.721257746219635 
vt 0.4488152861595154 0.6524488925933838 
vt 0.4488152861595154 0.7204343676567078 
vt 0.18028801679611206 0.3895637094974518 
vt 0.24700137972831726 0.3895637094974518 
vt 0.1800488978624344 0.3767428994178772 
vt 0.24771873652935028 0.35251277685165405 
vt 0.26457640528678894 0.354277104139328 
vt 0.2629025876522064 0.3893284499645233 
vt 0.05523034930229187 0.24935828149318695 
vt 0.0530783049762249 0.18149039149284363 
vt 0.0450679212808609 0.26323768496513367 
vt 0.038731347769498825 0.19207637012004852 
vt 0.38772115111351013 0.8551115989685059 
vt 0.43399009108543396 0.8981612324714661 
vt 0.4409244656562805 0.8914567828178406 
vt 0.4341096580028534 0.9343888163566589 
vt 0.38485175371170044 0.8691086173057556 
vt 0.35316887497901917 0.8499361872673035 
vt 0.34731054306030273 0.8640508651733398 
vt 0.32650744915008545 0.8437022566795349 
vt 0.31885573267936707 0.8571111559867859 
vt 0.33607208728790283 0.8966321349143982 
vt 0.30785641074180603 0.876871645450592 
vt 0.37684136629104614 0.9058066606521606 
vt 0.4310011565685272 0.9186274409294128 
vt 0.3728959560394287 0.9293310642242432 
vt 0.3363112211227417 0.9181569814682007 
vt 0.31718191504478455 0.9107468128204346 
vt 0.3253118693828583 0.9172160029411316 
vt 0.3115626871585846 0.9296839237213135 
vt 0.3141929805278778 0.9343888163566589 
vt 0.30785641074180603 0.928860604763031 
vt 0.30594348907470703 0.9332125782966614 
vt 0.30438920855522156 0.9107468128204346 
vt 0.29637882113456726 0.9130992293357849 
vt 0.2881293296813965 0.883811354637146 
vt 0.16283254325389862 0.0403439886868 
vt 0.16426724195480347 0.022700687870383263 
vt 0.17574481666088104 0.052459053695201874 
vt 0.17885331809520721 0.011408976279199123 
vt 0.19200469553470612 0.053047165274620056 
vt 0.19475454092025757 0.011997085995972157 
vt 0.20264536142349243 0.03869727998971939 
vt 0.20360182225704193 0.026817457750439644 
vt 0.04040515795350075 0.15232013165950775 
vt 0.05248051509261131 0.16525855660438538 
vt 0.02271057479083538 0.1537315994501114 
vt 0.011352564208209515 0.16831672191619873 
vt 0.0530783049762249 0.18149039149284363 
vt 0.011950354091823101 0.18419569730758667 
vt 0.038731347769498825 0.19207637012004852 
vt 0.026895103976130486 0.19313496351242065 
s on 
f 1/1/1 2/2/2 3/3/3 
f 2/2/2 2/2/2 3/3/3 
f 3/3/3 2/2/2 4/4/4 
f 2/2/2 5/5/5 4/4/4 
f 4/4/4 5/5/5 6/6/6 
f 5/5/5 7/7/7 6/6/6 
f 6/6/6 7/7/7 8/8/8 
f 7/7/7 7/7/7 8/8/8 
f 8/8/8 7/7/7 9/9/9 
f 7/7/7 7/7/7 9/9/9 
f 9/9/9 7/7/7 10/10/10 
f 7/7/7 11/11/11 10/10/10 
f 10/10/10 11/11/11 12/12/12 
f 11/11/11 13/13/13 12/12/12 
f 12/12/12 13/13/13 14/14/14 
f 13/13/13 14/14/14 14/14/14 
f 14/14/14 14/14/14 2/2/2 
f 14/14/14 2/2/2 2/2/2 
f 2/2/2 2/2/2 5/5/5 
f 2/2/2 11/11/11 5/5/5 
f 5/5/5 11/11/11 7/7/7 
f 11/11/11 7/7/7 7/7/7 
f 7/7/7 7/7/7 12/12/12 
f 7/7/7 12/12/12 12/12/12 
f 12/12/12 12/12/12 10/10/10 
f 12/12/12 15/15/15 10/10/10 
f 10/10/10 15/15/15 10/10/10 
f 15/15/15 16/16/16 10/10/10 
f 10/10/10 16/16/16 9/9/9 
f 16/16/16 16/16/16 9/9/9 
f 9/9/9 16/16/16 17/17/17 
f 16/16/16 18/18/18 17/17/17 
f 17/17/17 18/18/18 18/18/18 
f 18/18/18 9/9/9 18/18/18 
f 18/18/18 9/9/9 9/9/9 
f 9/9/9 19/19/19 9/9/9 
f 9/9/9 19/19/19 8/8/8 
f 19/19/19 20/20/20 8/8/8 
f 8/8/8 20/20/20 6/6/6 
f 20/20/20 6/6/6 6/6/6 
f 6/6/6 6/6/6 21/21/21 
f 6/6/6 21/21/21 21/21/21 
f 21/21/21 21/21/21 19/19/19 
f 21/21/21 22/22/22 19/19/19 
f 19/19/19 22/22/22 20/20/20 
f 22/22/22 23/23/23 20/20/20 
f 20/20/20 23/23/23 24/24/24 
f 23/23/23 25/25/25 24/24/24 
f 24/24/24 25/25/25 24/24/24 
f 25/25/25 26/26/26 24/24/24 
f 24/24/24 26/26/26 24/24/24 
f 26/26/26 27/27/27 24/24/24 
f 24/24/24 27/27/27 28/28/28 
f 27/27/27 29/29/29 28/28/28 
f 28/28/28 29/29/29 28/28/28 
f 29/29/29 30/30/30 28/28/28 
f 28/28/28 30/30/30 28/28/28 
f 30/30/30 3/3/3 28/28/28 
f 28/28/28 3/3/3 28/28/28 
f 3/3/3 4/4/4 28/28/28 
f 28/28/28 4/4/4 24/24/24 
f 4/4/4 6/6/6 24/24/24 
f 24/24/24 6/6/6 20/20/20 
f 6/6/6 20/20/20 20/20/20 
f 20/20/20 20/20/20 22/22/22 
f 20/20/20 22/22/22 22/22/22 
f 22/22/22 22/22/22 23/23/23 
f 22/22/22 31/31/31 23/23/23 
f 23/23/23 31/31/31 23/23/23 
f 31/31/31 32/32/32 23/23/23 
f 23/23/23 32/32/32 25/25/25 
f 32/32/32 25/25/25 25/25/25 
f 25/25/25 25/25/25 33/33/33 
f 25/25/25 33/33/33 33/33/33 
f 33/33/33 33/33/33 34/34/34 
f 33/33/33 35/35/35 34/34/34 
f 34/34/34 35/35/35 34/34/34 
f 35/35/35 36/36/36 34/34/34 
f 34/34/34 36/36/36 37/37/37 
f 36/36/36 37/37/37 37/37/37 
f 37/37/37 37/37/37 33/33/33 
f 37/37/37 33/33/33 33/33/33 
f 33/33/33 33/33/33 35/35/35 
f 33/33/33 38/38/38 35/35/35 
f 35/35/35 38/38/38 39/39/39 
f 38/38/38 40/40/40 39/39/39 
f 39/39/39 40/40/40 41/41/41 
f 40/40/40 42/42/42 41/41/41 
f 41/41/41 42/42/42 41/41/41 
f 42/42/42 43/43/43 41/41/41 
f 41/41/41 43/43/43 44/44/44 
f 43/43/43 43/43/43 44/44/44 
f 44/44/44 43/43/43 45/45/45 
f 43/43/43 46/46/46 45/45/45 
f 45/45/45 46/46/46 47/47/47 
f 46/46/46 48/48/48 47/47/47 
f 47/47/47 48/48/48 48/48/48 
f 48/48/48 42/42/42 48/48/48 
f 48/48/48 42/42/42 42/42/42 
f 42/42/42 40/40/40 42/42/42 
f 42/42/42 40/40/40 49/49/49 
f 40/40/40 49/49/49 49/49/49 
f 49/49/49 49/49/49 45/45/45 
f 49/49/49 45/45/45 45/45/45 
f 45/45/45 45/45/45 50/50/50 
f 45/45/45 47/47/47 50/50/50 
f 50/50/50 47/47/47 50/50/50 
f 47/47/47 51/51/51 50/50/50 
f 50/50/50 51/51/51 52/52/52 
f 51/51/51 53/53/53 52/52/52 
f 52/52/52 53/53/53 52/52/52 
f 53/53/53 54/54/54 52/52/52 
f 52/52/52 54/54/54 55/55/55 
f 54/54/54 56/56/56 55/55/55 
f 55/55/55 56/56/56 57/57/57 
f 56/56/56 56/56/56 57/57/57 
f 57/57/57 56/56/56 58/58/58 
f 56/56/56 59/59/59 58/58/58 
f 58/58/58 59/59/59 59/59/59 
f 59/59/59 57/57/57 59/59/59 
f 59/59/59 57/57/57 57/57/57 
f 57/57/57 60/60/60 57/57/57 
f 57/57/57 60/60/60 55/55/55 
f 60/60/60 61/61/61 55/55/55 
f 55/55/55 61/61/61 52/52/52 
f 61/61/61 62/62/62 52/52/52 
f 52/52/52 62/62/62 50/50/50 
f 62/62/62 63/63/63 50/50/50 
f 50/50/50 63/63/63 45/45/45 
f 63/63/63 63/63/63 45/45/45 
f 45/45/45 63/63/63 44/44/44 
f 63/63/63 63/63/63 44/44/44 
f 44/44/44 63/63/63 41/41/41 
f 63/63/63 63/63/63 41/41/41 
f 41/41/41 63/63/63 39/39/39 
f 63/63/63 62/62/62 39/39/39 
f 39/39/39 62/62/62 35/35/35 
f 62/62/62 61/61/61 35/35/35 
f 35/35/35 61/61/61 36/36/36 
f 61/61/61 60/60/60 36/36/36 
f 36/36/36 60/60/60 36/36/36 
f 60/60/60 64/64/64 36/36/36 
f 36/36/36 64/64/64 37/37/37 
f 64/64/64 65/65/65 37/37/37 
f 37/37/37 65/65/65 66/66/66 
f 65/65/65 66/66/66 66/66/66 
f 66/66/66 66/66/66 67/67/67 
f 66/66/66 67/67/67 67/67/67 
f 67/67/67 67/67/67 68/68/68 
f 67/67/67 69/69/69 68/68/68 
f 68/68/68 69/69/69 70/70/70 
f 69/69/69 71/71/71 70/70/70 
f 70/70/70 71/71/71 72/72/72 
f 71/71/71 73/73/73 72/72/72 
f 72/72/72 73/73/73 74/74/74 
f 73/73/73 73/73/73 74/74/74 
f 74/74/74 73/73/73 75/75/75 
f 73/73/73 76/76/76 75/75/75 
f 75/75/75 76/76/76 77/77/77 
f 76/76/76 77/77/77 77/77/77 
f 77/77/77 77/77/77 76/76/76 
f 77/77/77 76/76/76 76/76/76 
f 76/76/76 76/76/76 78/78/78 
f 76/76/76 73/73/73 78/78/78 
f 78/78/78 73/73/73 78/78/78 
f 73/73/73 71/71/71 78/78/78 
f 78/78/78 71/71/71 79/79/79 
f 71/71/71 69/69/69 79/79/79 
f 79/79/79 69/69/69 80/80/80 
f 69/69/69 67/67/67 80/80/80 
f 80/80/80 67/67/67 80/80/80 
f 67/67/67 81/81/81 80/80/80 
f 80/80/80 81/81/81 80/80/80 
f 81/81/81 82/82/82 80/80/80 
f 80/80/80 82/82/82 80/80/80 
f 82/82/82 83/83/83 80/80/80 
f 80/80/80 83/83/83 80/80/80 
f 83/83/83 84/84/84 80/80/80 
f 80/80/80 84/84/84 79/79/79 
f 84/84/84 85/85/85 79/79/79 
f 79/79/79 85/85/85 78/78/78 
f 85/85/85 86/86/86 78/78/78 
f 78/78/78 86/86/86 76/76/76 
f 86/86/86 87/87/87 76/76/76 
f 76/76/76 87/87/87 77/77/77 
f 87/87/87 88/88/88 77/77/77 
f 77/77/77 88/88/88 89/89/89 
f 88/88/88 90/90/90 89/89/89 
f 89/89/89 90/90/90 91/91/91 
f 90/90/90 91/91/91 91/91/91 
f 91/91/91 91/91/91 87/87/87 
f 91/91/91 87/87/87 87/87/87 
f 87/87/87 87/87/87 88/88/88 
f 87/87/87 86/86/86 88/88/88 
f 88/88/88 86/86/86 92/92/92 
f 86/86/86 85/85/85 92/92/92 
f 92/92/92 85/85/85 85/85/85 
f 85/85/85 92/92/92 85/85/85 
f 85/85/85 92/92/92 92/92/92 
f 92/92/92 90/90/90 92/92/92 
f 92/92/92 90/90/90 88/88/88 
f 90/90/90 88/88/88 88/88/88 
f 88/88/88 88/88/88 85/85/85 
f 88/88/88 85/85/85 85/85/85 
f 85/85/85 85/85/85 93/93/93 
f 85/85/85 84/84/84 93/93/93 
f 93/93/93 84/84/84 94/94/94 
f 84/84/84 83/83/83 94/94/94 
f 94/94/94 83/83/83 83/83/83 
f 83/83/83 95/95/95 83/83/83 
f 83/83/83 95/95/95 95/95/95 
f 95/95/95 96/96/96 95/95/95 
f 95/95/95 96/96/96 97/97/97 
f 96/96/96 98/98/98 97/97/97 
f 97/97/97 98/98/98 99/99/99 
f 98/98/98 98/98/98 99/99/99 
f 99/99/99 98/98/98 100/100/100 
f 98/98/98 98/98/98 100/100/100 
f 100/100/100 98/98/98 101/101/101 
f 98/98/98 102/102/102 101/101/101 
f 101/101/101 102/102/102 103/103/103 
f 102/102/102 94/94/94 103/103/103 
f 103/103/103 94/94/94 104/104/104 
f 94/94/94 83/83/83 104/104/104 
f 104/104/104 83/83/83 104/104/104 
f 83/83/83 82/82/82 104/104/104 
f 104/104/104 82/82/82 104/104/104 
f 82/82/82 105/105/105 104/104/104 
f 104/104/104 105/105/105 104/104/104 
f 105/105/105 106/106/106 104/104/104 
f 104/104/104 106/106/106 103/103/103 
f 106/106/106 107/107/107 103/103/103 
f 103/103/103 107/107/107 101/101/101 
f 107/107/107 101/101/101 101/101/101 
f 101/101/101 101/101/101 94/94/94 
f 101/101/101 94/94/94 94/94/94 
f 94/94/94 94/94/94 93/93/93 
f 94/94/94 102/102/102 93/93/93 
f 93/93/93 102/102/102 96/96/96 
f 102/102/102 98/98/98 96/96/96 
f 96/96/96 98/98/98 98/98/98 
f 98/98/98 107/107/107 98/98/98 
f 98/98/98 107/107/107 107/107/107 
f 107/107/107 106/106/106 107/107/107 
f 107/107/107 106/106/106 108/108/108 
f 106/106/106 106/106/106 108/108/108 
f 108/108/108 106/106/106 109/109/109 
f 106/106/106 106/106/106 109/109/109 
f 109/109/109 106/106/106 110/110/110 
f 106/106/106 105/105/105 110/110/110 
f 110/110/110 105/105/105 105/105/105 
f 105/105/105 111/111/111 105/105/105 
f 105/105/105 111/111/111 111/111/111 
f 111/111/111 112/112/112 111/111/111 
f 111/111/111 112/112/112 113/113/113 
f 112/112/112 114/114/114 113/113/113 
f 113/113/113 114/114/114 115/115/115 
f 114/114/114 114/114/114 115/115/115 
f 115/115/115 114/114/114 116/116/116 
f 114/114/114 114/114/114 116/116/116 
f 116/116/116 114/114/114 117/117/117 
f 114/114/114 118/118/118 117/117/117 
f 117/117/117 118/118/118 117/117/117 
f 118/118/118 119/119/119 117/117/117 
f 117/117/117 119/119/119 120/120/120 
f 119/119/119 121/121/121 120/120/120 
f 120/120/120 121/121/121 120/120/120 
f 121/121/121 122/122/122 120/120/120 
f 120/120/120 122/122/122 123/123/123 
f 122/122/122 124/124/124 123/123/123 
f 123/123/123 124/124/124 123/123/123 
f 124/124/124 125/125/125 123/123/123 
f 123/123/123 125/125/125 123/123/123 
f 125/125/125 126/126/126 123/123/123 
f 123/123/123 126/126/126 123/123/123 
f 126/126/126 127/127/127 123/123/123 
f 123/123/123 127/127/127 128/128/128 
f 127/127/127 129/129/129 128/128/128 
f 128/128/128 129/129/129 116/116/116 
f 129/129/129 130/130/130 116/116/116 
f 116/116/116 130/130/130 115/115/115 
f 130/130/130 115/115/115 115/115/115 
f 115/115/115 115/115/115 118/118/118 
f 115/115/115 118/118/118 118/118/118 
f 118/118/118 118/118/118 112/112/112 
f 118/118/118 114/114/114 112/112/112 
f 112/112/112 114/114/114 114/114/114 
f 114/114/114 116/116/116 114/114/114 
f 114/114/114 116/116/116 116/116/116 
f 116/116/116 117/117/117 116/116/116 
f 116/116/116 117/117/117 128/128/128 
f 117/117/117 120/120/120 128/128/128 
f 128/128/128 120/120/120 123/123/123 
f 120/120/120 123/123/123 123/123/123 
f 123/123/123 123/123/123 130/130/130 
f 123/123/123 130/130/130 130/130/130 
f 130/130/130 130/130/130 131/131/131 
f 130/130/130 129/129/129 131/131/131 
f 131/131/131 129/129/129 132/132/132 
f 129/129/129 127/127/127 132/132/132 
f 132/132/132 127/127/127 133/133/133 
f 127/127/127 126/126/126 133/133/133 
f 133/133/133 126/126/126 134/134/134 
f 126/126/126 125/125/125 134/134/134 
f 134/134/134 125/125/125 134/134/134 
f 125/125/125 135/135/135 134/134/134 
f 134/134/134 135/135/135 136/136/136 
f 135/135/135 137/137/137 136/136/136 
f 136/136/136 137/137/137 136/136/136 
f 137/137/137 138/138/138 136/136/136 
f 136/136/136 138/138/138 136/136/136 
f 138/138/138 139/139/139 136/136/136 
f 136/136/136 139/139/139 136/136/136 
f 139/139/139 140/140/140 136/136/136 
f 136/136/136 140/140/140 136/136/136 
f 140/140/140 141/141/141 136/136/136 
f 136/136/136 141/141/141 134/134/134 
f 141/141/141 141/141/141 134/134/134 
f 134/134/134 141/141/141 133/133/133 
f 141/141/141 142/142/142 133/133/133 
f 133/133/133 142/142/142 132/132/132 
f 142/142/142 143/143/143 132/132/132 
f 132/132/132 143/143/143 131/131/131 
f 143/143/143 131/131/131 131/131/131 
f 131/131/131 131/131/131 143/143/143 
f 131/131/131 143/143/143 143/143/143 
f 143/143/143 143/143/143 144/144/144 
f 143/143/143 142/142/142 144/144/144 
f 144/144/144 142/142/142 145/145/145 
f 142/142/142 141/141/141 145/145/145 
f 145/145/145 141/141/141 140/140/140 
f 141/141/141 140/140/140 140/140/140 
f 140/140/140 140/140/140 146/146/146 
f 140/140/140 146/146/146 146/146/146 
f 146/146/146 146/146/146 147/147/147 
f 146/146/146 148/148/148 147/147/147 
f 147/147/147 148/148/148 149/149/149 
f 148/148/148 149/149/149 149/149/149 
f 149/149/149 149/149/149 146/146/146 
f 149/149/149 146/146/146 146/146/146 
f 146/146/146 146/146/146 150/150/150 
f 146/146/146 147/147/147 150/150/150 
f 150/150/150 147/147/147 150/150/150 
f 147/147/147 151/151/151 150/150/150 
f 150/150/150 151/151/151 152/152/152 
f 151/151/151 153/153/153 152/152/152 
f 152/152/152 153/153/153 154/154/154 
f 153/153/153 153/153/153 154/154/154 
f 154/154/154 153/153/153 155/155/155 
f 153/153/153 153/153/153 155/155/155 
f 155/155/155 153/153/153 156/156/156 
f 153/153/153 153/153/153 156/156/156 
f 156/156/156 153/153/153 157/157/157 
f 153/153/153 158/158/158 157/157/157 
f 157/157/157 158/158/158 159/159/159 
f 158/158/158 159/159/159 159/159/159 
f 159/159/159 159/159/159 153/153/153 
f 159/159/159 153/153/153 153/153/153 
f 153/153/153 153/153/153 158/158/158 
f 153/153/153 151/151/151 158/158/158 
f 158/158/158 151/151/151 160/160/160 
f 151/151/151 147/147/147 160/160/160 
f 160/160/160 147/147/147 161/161/161 
f 147/147/147 149/149/149 161/161/161 
f 161/161/161 149/149/149 162/162/162 
f 149/149/149 148/148/148 162/162/162 
f 162/162/162 148/148/148 163/163/163 
f 148/148/148 164/164/164 163/163/163 
f 163/163/163 164/164/164 163/163/163 
f 164/164/164 165/165/165 163/163/163 
f 163/163/163 165/165/165 163/163/163 
f 165/165/165 166/166/166 163/163/163 
f 163/163/163 166/166/166 167/167/167 
f 166/166/166 168/168/168 167/167/167 
f 167/167/167 168/168/168 168/168/168 
f 168/168/168 163/163/163 168/168/168 
f 168/168/168 163/163/163 163/163/163 
f 163/163/163 167/167/167 163/163/163 
f 163/163/163 167/167/167 162/162/162 
f 167/167/167 169/169/169 162/162/162 
f 162/162/162 169/169/169 162/162/162 
f 169/169/169 170/170/170 162/162/162 
f 162/162/162 170/170/170 161/161/161 
f 170/170/170 171/171/171 161/161/161 
f 161/161/161 171/171/171 160/160/160 
f 171/171/171 172/172/172 160/160/160 
f 160/160/160 172/172/172 158/158/158 
f 172/172/172 172/172/172 158/158/158 
f 158/158/158 172/172/172 159/159/159 
f 172/172/172 172/172/172 159/159/159 
f 159/159/159 172/172/172 173/173/173 
f 172/172/172 172/172/172 173/173/173 
f 173/173/173 172/172/172 174/174/174 
f 172/172/172 171/171/171 174/174/174 
f 174/174/174 171/171/171 175/175/175 
f 171/171/171 170/170/170 175/175/175 
f 175/175/175 170/170/170 176/176/176 
f 170/170/170 169/169/169 176/176/176 
f 176/176/176 169/169/169 177/177/177 
f 169/169/169 167/167/167 177/177/177 
f 177/177/177 167/167/167 178/178/178 
f 167/167/167 167/167/167 178/178/178 
f 178/178/178 167/167/167 179/179/179 
f 167/167/167 168/168/168 179/179/179 
f 179/179/179 168/168/168 180/180/180 
f 168/168/168 181/181/181 180/180/180 
f 180/180/180 181/181/181 182/182/182 
f 181/181/181 183/183/183 182/182/182 
f 182/182/182 183/183/183 184/184/184 
f 183/183/183 184/184/184 184/184/184 
f 184/184/184 184/184/184 168/168/168 
f 184/184/184 168/168/168 168/168/168 
f 168/168/168 168/168/168 181/181/181 
f 168/168/168 166/166/166 181/181/181 
f 181/181/181 166/166/166 185/185/185 
f 166/166/166 186/186/186 185/185/185 
f 185/185/185 186/186/186 187/187/187 
f 186/186/186 165/165/165 187/187/187 
f 187/187/187 165/165/165 187/187/187 
f 165/165/165 188/188/188 187/187/187 
f 187/187/187 188/188/188 187/187/187 
f 188/188/188 189/189/189 187/187/187 
f 187/187/187 189/189/189 190/190/190 
f 189/189/189 191/191/191 190/190/190 
f 190/190/190 191/191/191 192/192/192 
f 191/191/191 193/193/193 192/192/192 
f 192/192/192 193/193/193 192/192/192 
f 193/193/193 194/194/194 192/192/192 
f 192/192/192 194/194/194 192/192/192 
f 194/194/194 195/195/195 192/192/192 
f 192/192/192 195/195/195 192/192/192 
f 195/195/195 196/196/196 192/192/192 
f 192/192/192 196/196/196 197/197/197 
f 196/196/196 198/198/198 197/197/197 
f 197/197/197 198/198/198 198/198/198 
f 198/198/198 181/181/181 198/198/198 
f 198/198/198 181/181/181 181/181/181 
f 181/181/181 185/185/185 181/181/181 
f 181/181/181 185/185/185 183/183/183 
f 185/185/185 199/199/199 183/183/183 
f 183/183/183 199/199/199 200/200/200 
f 199/199/199 197/197/197 200/200/200 
f 200/200/200 197/197/197 200/200/200 
f 197/197/197 198/198/198 200/200/200 
f 200/200/200 198/198/198 200/200/200 
f 198/198/198 201/201/201 200/200/200 
f 200/200/200 201/201/201 200/200/200 
f 201/201/201 184/184/184 200/200/200 
f 200/200/200 184/184/184 183/183/183 
f 184/184/184 183/183/183 183/183/183 
f 183/183/183 183/183/183 166/166/166 
f 183/183/183 166/166/166 166/166/166 
f 166/166/166 166/166/166 186/186/186 
f 166/166/166 165/165/165 186/186/186 
f 186/186/186 165/165/165 165/165/165 
f 165/165/165 192/192/192 165/165/165 
f 165/165/165 192/192/192 192/192/192 
f 192/192/192 197/197/197 192/192/192 
f 192/192/192 197/197/197 190/190/190 
f 197/197/197 199/199/199 190/190/190 
f 190/190/190 199/199/199 187/187/187 
f 199/199/199 185/185/185 187/187/187 
f 187/187/187 185/185/185 185/185/185 
f 185/185/185 202/202/202 185/185/185 
f 185/185/185 202/202/202 202/202/202 
f 202/202/202 203/203/203 202/202/202 
f 202/202/202 203/203/203 204/204/204 
f 203/203/203 205/205/205 204/204/204 
f 204/204/204 205/205/205 206/206/206 
f 205/205/205 206/206/206 206/206/206 
f 206/206/206 206/206/206 202/202/202 
f 206/206/206 202/202/202 202/202/202 
f 202/202/202 202/202/202 207/207/207 
f 202/202/202 204/204/204 207/207/207 
f 207/207/207 204/204/204 207/207/207 
f 204/204/204 208/208/208 207/207/207 
f 207/207/207 208/208/208 209/209/209 
f 208/208/208 210/210/210 209/209/209 
f 209/209/209 210/210/210 211/211/211 
f 210/210/210 210/210/210 211/211/211 
f 211/211/211 210/210/210 212/212/212 
f 210/210/210 213/213/213 212/212/212 
f 212/212/212 213/213/213 214/214/214 
f 213/213/213 215/215/215 214/214/214 
f 214/214/214 215/215/215 216/216/216 
f 215/215/215 216/216/216 216/216/216 
f 216/216/216 216/216/216 215/215/215 
f 216/216/216 215/215/215 215/215/215 
f 215/215/215 215/215/215 217/217/217 
f 215/215/215 213/213/213 217/217/217 
f 217/217/217 213/213/213 218/218/218 
f 213/213/213 210/210/210 218/218/218 
f 218/218/218 210/210/210 218/218/218 
f 210/210/210 208/208/208 218/218/218 
f 218/218/218 208/208/208 219/219/219 
f 208/208/208 204/204/204 219/219/219 
f 219/219/219 204/204/204 219/219/219 
f 204/204/204 206/206/206 219/219/219 
f 219/219/219 206/206/206 219/219/219 
f 206/206/206 220/220/220 219/219/219 
f 219/219/219 220/220/220 219/219/219 
f 220/220/220 221/221/221 219/219/219 
f 219/219/219 221/221/221 218/218/218 
f 221/221/221 217/217/217 218/218/218 
f 218/218/218 217/217/217 217/217/217 
f 217/217/217 222/222/222 217/217/217 
f 217/217/217 222/222/222 222/222/222 
f 222/222/222 223/223/223 222/222/222 
f 222/222/222 223/223/223 224/224/224 
f 223/223/223 223/223/223 224/224/224 
f 224/224/224 223/223/223 225/225/225 
f 223/223/223 226/226/226 225/225/225 
f 225/225/225 226/226/226 226/226/226 
f 226/226/226 222/222/222 226/226/226 
f 226/226/226 222/222/222 222/222/222 
f 222/222/222 227/227/227 222/222/222 
f 222/222/222 227/227/227 223/223/223 
f 227/227/227 227/227/227 223/223/223 
f 223/223/223 227/227/227 228/228/228 
f 227/227/227 229/229/229 228/228/228 
f 228/228/228 229/229/229 230/230/230 
f 229/229/229 231/231/231 230/230/230 
f 230/230/230 231/231/231 232/232/232 
f 231/231/231 231/231/231 232/232/232 
f 232/232/232 231/231/231 233/233/233 
f 231/231/231 234/234/234 233/233/233 
f 233/233/233 234/234/234 233/233/233 
f 234/234/234 235/235/235 233/233/233 
f 233/233/233 235/235/235 236/236/236 
f 235/235/235 235/235/235 236/236/236 
f 236/236/236 235/235/235 237/237/237 
f 235/235/235 238/238/238 237/237/237 
f 237/237/237 238/238/238 239/239/239 
f 238/238/238 240/240/240 239/239/239 
f 239/239/239 240/240/240 241/241/241 
f 240/240/240 242/242/242 241/241/241 
f 241/241/241 242/242/242 241/241/241 
f 242/242/242 243/243/243 241/241/241 
f 241/241/241 243/243/243 241/241/241 
f 243/243/243 244/244/244 241/241/241 
f 241/241/241 244/244/244 241/241/241 
f 244/244/244 245/245/245 241/241/241 
f 241/241/241 245/245/245 246/246/246 
f 245/245/245 247/247/247 246/246/246 
f 246/246/246 247/247/247 247/247/247 
f 247/247/247 241/241/241 247/247/247 
f 247/247/247 241/241/241 241/241/241 
f 241/241/241 246/246/246 241/241/241 
f 241/241/241 246/246/246 239/239/239 
f 246/246/246 248/248/248 239/239/239 
f 239/239/239 248/248/248 237/237/237 
f 248/248/248 249/249/249 237/237/237 
f 237/237/237 249/249/249 236/236/236 
f 249/249/249 250/250/250 236/236/236 
f 236/236/236 250/250/250 251/251/251 
f 250/250/250 252/252/252 251/251/251 
f 251/251/251 252/252/252 251/251/251 
f 252/252/252 253/253/253 251/251/251 
f 251/251/251 253/253/253 251/251/251 
f 253/253/253 232/232/232 251/251/251 
f 251/251/251 232/232/232 251/251/251 
f 232/232/232 233/233/233 251/251/251 
f 251/251/251 233/233/233 236/236/236 
f 233/233/233 236/236/236 236/236/236 
f 236/236/236 236/236/236 252/252/252 
f 236/236/236 252/252/252 252/252/252 
f 252/252/252 252/252/252 254/254/254 
f 252/252/252 250/250/250 254/254/254 
f 254/254/254 250/250/250 255/255/255 
f 250/250/250 249/249/249 255/255/255 
f 255/255/255 249/249/249 256/256/256 
f 249/249/249 248/248/248 256/256/256 
f 256/256/256 248/248/248 257/257/257 
f 248/248/248 246/246/246 257/257/257 
f 257/257/257 246/246/246 257/257/257 
f 246/246/246 247/247/247 257/257/257 
f 257/257/257 247/247/247 257/257/257 
f 247/247/247 258/258/258 257/257/257 
f 257/257/257 258/258/258 257/257/257 
f 258/258/258 259/259/259 257/257/257 
f 257/257/257 259/259/259 256/256/256 
f 259/259/259 260/260/260 256/256/256 
f 256/256/256 260/260/260 255/255/255 
f 260/260/260 261/261/261 255/255/255 
f 255/255/255 261/261/261 254/254/254 
f 261/261/261 262/262/262 254/254/254 
f 254/254/254 262/262/262 262/262/262 
f 262/262/262 252/252/252 262/262/262 
f 262/262/262 252/252/252 252/252/252 
f 252/252/252 263/263/263 252/252/252 
f 252/252/252 263/263/263 253/253/253 
f 263/263/263 264/264/264 253/253/253 
f 253/253/253 264/264/264 265/265/265 
f 264/264/264 264/264/264 265/265/265 
f 265/265/265 264/264/264 266/266/266 
f 264/264/264 267/267/267 266/266/266 
f 266/266/266 267/267/267 268/268/268 
f 267/267/267 268/268/268 268/268/268 
f 268/268/268 268/268/268 269/269/269 
f 268/268/268 269/269/269 269/269/269 
f 269/269/269 269/269/269 263/263/263 
f 269/269/269 270/270/270 263/263/263 
f 263/263/263 270/270/270 264/264/264 
f 270/270/270 267/267/267 264/264/264 
f 264/264/264 267/267/267 267/267/267 
f 267/267/267 253/253/253 267/267/267 
f 267/267/267 253/253/253 253/253/253 
f 253/253/253 265/265/265 253/253/253 
f 253/253/253 265/265/265 232/232/232 
f 265/265/265 265/265/265 232/232/232 
f 232/232/232 265/265/265 230/230/230 
f 265/265/265 271/271/271 230/230/230 
f 230/230/230 271/271/271 228/228/228 
f 271/271/271 228/228/228 228/228/228 
f 228/228/228 228/228/228 265/265/265 
f 228/228/228 265/265/265 265/265/265 
f 265/265/265 265/265/265 271/271/271 
f 265/265/265 266/266/266 271/271/271 
f 271/271/271 266/266/266 272/272/272 
f 266/266/266 268/268/268 272/272/272 
f 272/272/272 268/268/268 272/272/272 
f 268/268/268 273/273/273 272/272/272 
f 272/272/272 273/273/273 272/272/272 
f 273/273/273 274/274/274 272/272/272 
f 272/272/272 274/274/274 275/275/275 
f 274/274/274 226/226/226 275/275/275 
f 275/275/275 226/226/226 275/275/275 
f 226/226/226 223/223/223 275/275/275 
f 275/275/275 223/223/223 275/275/275 
f 223/223/223 228/228/228 275/275/275 
f 275/275/275 228/228/228 275/275/275 
f 228/228/228 271/271/271 275/275/275 
f 275/275/275 271/271/271 272/272/272 
f 271/271/271 272/272/272 272/272/272 
f 272/272/272 272/272/272 276/276/276 
f 272/272/272 276/276/276 276/276/276 
f 276/276/276 276/276/276 277/277/277 
f 276/276/276 278/278/278 277/277/277 
f 277/277/277 278/278/278 277/277/277 
f 278/278/278 279/279/279 277/277/277 
f 277/277/277 279/279/279 280/280/280 
f 279/279/279 280/280/280 280/280/280 
f 280/280/280 280/280/280 276/276/276 
f 280/280/280 276/276/276 276/276/276 
f 276/276/276 276/276/276 281/281/281 
f 276/276/276 277/277/277 281/281/281 
f 281/281/281 277/277/277 281/281/281 
f 277/277/277 282/282/282 281/281/281 
f 281/281/281 282/282/282 283/283/283 
f 282/282/282 284/284/284 283/283/283 
f 283/283/283 284/284/284 285/285/285 
f 284/284/284 284/284/284 285/285/285 
f 285/285/285 284/284/284 286/286/286 
f 284/284/284 287/287/287 286/286/286 
f 286/286/286 287/287/287 288/288/288 
f 287/287/287 289/289/289 288/288/288 
f 288/288/288 289/289/289 290/290/290 
f 289/289/289 290/290/290 290/290/290 
f 290/290/290 290/290/290 289/289/289 
f 290/290/290 289/289/289 289/289/289 
f 289/289/289 289/289/289 291/291/291 
f 289/289/289 287/287/287 291/291/291 
f 291/291/291 287/287/287 292/292/292 
f 287/287/287 284/284/284 292/292/292 
f 292/292/292 284/284/284 292/292/292 
f 284/284/284 282/282/282 292/292/292 
f 292/292/292 282/282/282 293/293/293 
f 282/282/282 277/277/277 293/293/293 
f 293/293/293 277/277/277 293/293/293 
f 277/277/277 280/280/280 293/293/293 
f 293/293/293 280/280/280 293/293/293 
f 280/280/280 294/294/294 293/293/293 
f 293/293/293 294/294/294 293/293/293 
f 294/294/294 295/295/295 293/293/293 
f 293/293/293 295/295/295 292/292/292 
f 295/295/295 291/291/291 292/292/292 
f 292/292/292 291/291/291 291/291/291 
f 291/291/291 296/296/296 291/291/291 
f 291/291/291 296/296/296 296/296/296 
f 296/296/296 297/297/297 296/296/296 
f 296/296/296 297/297/297 298/298/298 
f 297/297/297 299/299/299 298/298/298 
f 298/298/298 299/299/299 298/298/298 
f 299/299/299 300/300/300 298/298/298 
f 298/298/298 300/300/300 301/301/301 
f 300/300/300 302/302/302 301/301/301 
f 301/301/301 302/302/302 303/303/303 
f 302/302/302 304/304/304 303/303/303 
f 303/303/303 304/304/304 304/304/304 
f 304/304/304 298/298/298 304/304/304 
f 304/304/304 298/298/298 298/298/298 
f 298/298/298 301/301/301 298/298/298 
f 298/298/298 301/301/301 305/305/305 
f 301/301/301 301/301/301 305/305/305 
f 305/305/305 301/301/301 306/306/306 
f 301/301/301 307/307/307 306/306/306 
f 306/306/306 307/307/307 308/308/308 
f 307/307/307 307/307/307 308/308/308 
f 308/308/308 307/307/307 309/309/309 
f 307/307/307 307/307/307 309/309/309 
f 309/309/309 307/307/307 310/310/310 
f 307/307/307 303/303/303 310/310/310 
f 310/310/310 303/303/303 310/310/310 
f 303/303/303 304/304/304 310/310/310 
f 310/310/310 304/304/304 310/310/310 
f 304/304/304 311/311/311 310/310/310 
f 310/310/310 311/311/311 312/312/312 
f 311/311/311 313/313/313 312/312/312 
f 312/312/312 313/313/313 312/312/312 
f 313/313/313 314/314/314 312/312/312 
f 312/312/312 314/314/314 312/312/312 
f 314/314/314 315/315/315 312/312/312 
f 312/312/312 315/315/315 310/310/310 
f 315/315/315 309/309/309 310/310/310 
f 310/310/310 309/309/309 309/309/309 
f 309/309/309 303/303/303 309/309/309 
f 309/309/309 303/303/303 303/303/303 
f 303/303/303 307/307/307 303/303/303 
f 303/303/303 307/307/307 301/301/301 
f 307/307/307 301/301/301 301/301/301 
f 301/301/301 301/301/301 316/316/316 
f 301/301/301 316/316/316 316/316/316 
f 316/316/316 316/316/316 317/317/317 
f 316/316/316 318/318/318 317/317/317 
f 317/317/317 318/318/318 319/319/319 
f 318/318/318 318/318/318 319/319/319 
f 319/319/319 318/318/318 320/320/320 
f 318/318/318 318/318/318 320/320/320 
f 320/320/320 318/318/318 321/321/321 
f 318/318/318 322/322/322 321/321/321 
f 321/321/321 322/322/322 323/323/323 
f 322/322/322 322/322/322 323/323/323 
f 323/323/323 322/322/322 324/324/324 
f 322/322/322 325/325/325 324/324/324 
f 324/324/324 325/325/325 326/326/326 
f 325/325/325 325/325/325 326/326/326 
f 326/326/326 325/325/325 316/316/316 
f 325/325/325 322/322/322 316/316/316 
f 316/316/316 322/322/322 318/318/318 
f 322/322/322 318/318/318 318/318/318 
f 318/318/318 318/318/318 321/321/321 
f 318/318/318 321/321/321 321/321/321 
f 321/321/321 321/321/321 327/327/327 
f 321/321/321 323/323/323 327/327/327 
f 327/327/327 323/323/323 327/327/327 
f 323/323/323 328/328/328 327/327/327 
f 327/327/327 328/328/328 329/329/329 
f 328/328/328 328/328/328 329/329/329 
f 329/329/329 328/328/328 330/330/330 
f 328/328/328 331/331/331 330/330/330 
f 330/330/330 331/331/331 332/332/332 
f 331/331/331 331/331/331 332/332/332 
f 332/332/332 331/331/331 333/333/333 
f 331/331/331 328/328/328 333/333/333 
f 333/333/333 328/328/328 333/333/333 
f 328/328/328 323/323/323 333/333/333 
f 333/333/333 323/323/323 324/324/324 
f 323/323/323 324/324/324 324/324/324 
f 324/324/324 324/324/324 332/332/332 
f 324/324/324 332/332/332 332/332/332 
f 332/332/332 332/332/332 330/330/330 
f 332/332/332 334/334/334 330/330/330 
f 330/330/330 334/334/334 334/334/334 
f 334/334/334 335/335/335 334/334/334 
f 334/334/334 335/335/335 335/335/335 
f 335/335/335 336/336/336 335/335/335 
f 335/335/335 336/336/336 337/337/337 
f 336/336/336 336/336/336 337/337/337 
f 337/337/337 336/336/336 338/338/338 
f 336/336/336 339/339/339 338/338/338 
f 338/338/338 339/339/339 340/340/340 
f 339/339/339 341/341/341 340/340/340 
f 340/340/340 341/341/341 342/342/342 
f 341/341/341 341/341/341 342/342/342 
f 342/342/342 341/341/341 335/335/335 
f 341/341/341 341/341/341 335/335/335 
f 335/335/335 341/341/341 336/336/336 
f 341/341/341 339/339/339 336/336/336 
f 336/336/336 339/339/339 339/339/339 
f 339/339/339 343/343/343 339/339/339 
f 339/339/339 343/343/343 343/343/343 
f 343/343/343 344/344/344 343/343/343 
f 343/343/343 344/344/344 345/345/345 
f 344/344/344 346/346/346 345/345/345 
f 345/345/345 346/346/346 347/347/347 
f 346/346/346 348/348/348 347/347/347 
f 347/347/347 348/348/348 349/349/349 
f 348/348/348 350/350/350 349/349/349 
f 349/349/349 350/350/350 349/349/349 
f 350/350/350 351/351/351 349/349/349 
f 349/349/349 351/351/351 352/352/352 
f 351/351/351 353/353/353 352/352/352 
f 352/352/352 353/353/353 353/353/353 
f 353/353/353 352/352/352 353/353/353 
f 353/353/353 352/352/352 352/352/352 
f 352/352/352 354/354/354 352/352/352 
f 352/352/352 354/354/354 349/349/349 
f 354/354/354 354/354/354 349/349/349 
f 349/349/349 354/354/354 347/347/347 
f 354/354/354 355/355/355 347/347/347 
f 347/347/347 355/355/355 345/345/345 
f 355/355/355 356/356/356 345/345/345 
f 345/345/345 356/356/356 343/343/343 
f 356/356/356 356/356/356 343/343/343 
f 343/343/343 356/356/356 357/357/357 
f 356/356/356 356/356/356 357/357/357 
f 357/357/357 356/356/356 358/358/358 
f 356/356/356 359/359/359 358/358/358 
f 358/358/358 359/359/359 358/358/358 
f 359/359/359 360/360/360 358/358/358 
f 358/358/358 360/360/360 361/361/361 
f 360/360/360 362/362/362 361/361/361 
f 361/361/361 362/362/362 363/363/363 
f 362/362/362 362/362/362 363/363/363 
f 363/363/363 362/362/362 364/364/364 
f 362/362/362 362/362/362 364/364/364 
f 364/364/364 362/362/362 365/365/365 
f 362/362/362 362/362/362 365/365/365 
f 365/365/365 362/362/362 366/366/366 
f 362/362/362 367/367/367 366/366/366 
f 366/366/366 367/367/367 368/368/368 
f 367/367/367 369/369/369 368/368/368 
f 368/368/368 369/369/369 368/368/368 
f 369/369/369 370/370/370 368/368/368 
f 368/368/368 370/370/370 371/371/371 
f 370/370/370 370/370/370 371/371/371 
f 371/371/371 370/370/370 372/372/372 
f 370/370/370 370/370/370 372/372/372 
f 372/372/372 370/370/370 373/373/373 
f 370/370/370 374/374/374 373/373/373 
f 373/373/373 374/374/374 375/375/375 
f 374/374/374 375/375/375 375/375/375 
f 375/375/375 375/375/375 362/362/362 
f 375/375/375 362/362/362 362/362/362 
f 362/362/362 362/362/362 367/367/367 
f 362/362/362 360/360/360 367/367/367 
f 367/367/367 360/360/360 376/376/376 
f 360/360/360 359/359/359 376/376/376 
f 376/376/376 359/359/359 377/377/377 
f 359/359/359 356/356/356 377/377/377 
f 377/377/377 356/356/356 377/377/377 
f 356/356/356 355/355/355 377/377/377 
f 377/377/377 355/355/355 378/378/378 
f 355/355/355 354/354/354 378/378/378 
f 378/378/378 354/354/354 379/379/379 
f 354/354/354 352/352/352 379/379/379 
f 379/379/379 352/352/352 352/352/352 
f 352/352/352 367/367/367 352/352/352 
f 352/352/352 367/367/367 367/367/367 
f 367/367/367 376/376/376 367/367/367 
f 367/367/367 376/376/376 369/369/369 
f 376/376/376 380/380/380 369/369/369 
f 369/369/369 380/380/380 369/369/369 
f 380/380/380 374/374/374 369/369/369 
f 369/369/369 374/374/374 370/370/370 
f 374/374/374 370/370/370 370/370/370 
f 370/370/370 370/370/370 376/376/376 
f 370/370/370 376/376/376 376/376/376 
f 376/376/376 376/376/376 380/380/380 
f 376/376/376 377/377/377 380/380/380 
f 380/380/380 377/377/377 378/378/378 
f 377/377/377 378/378/378 378/378/378 
f 378/378/378 378/378/378 378/378/378 
f 378/378/378 378/378/378 378/378/378 
f 378/378/378 378/378/378 381/381/381 
f 378/378/378 379/379/379 381/381/381 
f 381/381/381 379/379/379 382/382/382 
f 379/379/379 383/383/383 382/382/382 
f 382/382/382 383/383/383 353/353/353 
f 383/383/383 383/383/383 353/353/353 
f 353/353/353 383/383/383 352/352/352 
f 383/383/383 379/379/379 352/352/352 
f 352/352/352 379/379/379 379/379/379 
f 379/379/379 381/381/381 379/379/379 
f 379/379/379 381/381/381 381/381/381 
f 381/381/381 382/382/382 381/381/381 
f 381/381/381 382/382/382 384/384/384 
f 382/382/382 385/385/385 384/384/384 
f 384/384/384 385/385/385 386/386/386 
f 385/385/385 386/386/386 386/386/386 
f 386/386/386 386/386/386 382/382/382 
f 386/386/386 382/382/382 382/382/382 
f 382/382/382 382/382/382 385/385/385 
f 382/382/382 353/353/353 385/385/385 
f 385/385/385 353/353/353 353/353/353 
f 353/353/353 387/387/387 353/353/353 
f 353/353/353 387/387/387 387/387/387 
f 387/387/387 388/388/388 387/387/387 
f 387/387/387 388/388/388 389/389/389 
f 388/388/388 390/390/390 389/389/389 
f 389/389/389 390/390/390 391/391/391 
f 390/390/390 392/392/392 391/391/391 
f 391/391/391 392/392/392 393/393/393 
f 392/392/392 394/394/394 393/393/393 
f 393/393/393 394/394/394 395/395/395 
f 394/394/394 396/396/396 395/395/395 
f 395/395/395 396/396/396 396/396/396 
f 396/396/396 388/388/388 396/396/396 
f 396/396/396 388/388/388 388/388/388 
f 388/388/388 397/397/397 388/388/388 
f 388/388/388 397/397/397 390/390/390 
f 397/397/397 398/398/398 390/390/390 
f 390/390/390 398/398/398 392/392/392 
f 398/398/398 399/399/399 392/392/392 
f 392/392/392 399/399/399 394/394/394 
f 399/399/399 400/400/400 394/394/394 
f 394/394/394 400/400/400 396/396/396 
f 400/400/400 400/400/400 396/396/396 
f 396/396/396 400/400/400 401/401/401 
f 400/400/400 400/400/400 401/401/401 
f 401/401/401 400/400/400 402/402/402 
f 400/400/400 403/403/403 402/402/402 
f 402/402/402 403/403/403 402/402/402 
f 403/403/403 404/404/404 402/402/402 
f 402/402/402 404/404/404 405/405/405 
f 404/404/404 406/406/406 405/405/405 
f 405/405/405 406/406/406 407/407/407 
f 406/406/406 406/406/406 407/407/407 
f 407/407/407 406/406/406 408/408/408 
f 406/406/406 406/406/406 408/408/408 
f 408/408/408 406/406/406 409/409/409 
f 406/406/406 406/406/406 409/409/409 
f 409/409/409 406/406/406 410/410/410 
f 406/406/406 411/411/411 410/410/410 
f 410/410/410 411/411/411 412/412/412 
f 411/411/411 412/412/412 412/412/412 
f 412/412/412 412/412/412 398/398/398 
f 412/412/412 398/398/398 398/398/398 
f 398/398/398 398/398/398 413/413/413 
f 398/398/398 397/397/397 413/413/413 
f 413/413/413 397/397/397 397/397/397 
f 397/397/397 406/406/406 397/397/397 
f 397/397/397 406/406/406 406/406/406 
f 406/406/406 404/404/404 406/406/406 
f 406/406/406 404/404/404 411/411/411 
f 404/404/404 404/404/404 411/411/411 
f 411/411/411 404/404/404 414/414/414 
f 404/404/404 403/403/403 414/414/414 
f 414/414/414 403/403/403 415/415/415 
f 403/403/403 400/400/400 415/415/415 
f 415/415/415 400/400/400 415/415/415 
f 400/400/400 399/399/399 415/415/415 
f 415/415/415 399/399/399 416/416/416 
f 399/399/399 398/398/398 416/416/416 
f 416/416/416 398/398/398 416/416/416 
f 398/398/398 413/413/413 416/416/416 
f 416/416/416 413/413/413 416/416/416 
f 413/413/413 417/417/417 416/416/416 
f 416/416/416 417/417/417 416/416/416 
f 417/417/417 418/418/418 416/416/416 
f 416/416/416 418/418/418 415/415/415 
f 418/418/418 418/418/418 415/415/415 
f 415/415/415 418/418/418 414/414/414 
f 418/418/418 419/419/419 414/414/414 
f 414/414/414 419/419/419 411/411/411 
f 419/419/419 419/419/419 411/411/411 
f 411/411/411 419/419/419 412/412/412 
f 419/419/419 419/419/419 412/412/412 
f 412/412/412 419/419/419 420/420/420 
f 419/419/419 419/419/419 420/420/420 
f 420/420/420 419/419/419 421/421/421 
f 419/419/419 418/418/418 421/421/421 
f 421/421/421 418/418/418 417/417/417 
f 418/418/418 417/417/417 417/417/417 
f 417/417/417 417/417/417 422/422/422 
f 417/417/417 422/422/422 422/422/422 
f 422/422/422 422/422/422 423/423/423 
f 422/422/422 424/424/424 423/423/423 
f 423/423/423 424/424/424 425/425/425 
f 424/424/424 426/426/426 425/425/425 
f 425/425/425 426/426/426 426/426/426 
f 426/426/426 422/422/422 426/426/426 
f 426/426/426 422/422/422 422/422/422 
f 422/422/422 427/427/427 422/422/422 
f 422/422/422 427/427/427 424/424/424 
f 427/427/427 427/427/427 424/424/424 
f 424/424/424 427/427/427 428/428/428 
f 427/427/427 429/429/429 428/428/428 
f 428/428/428 429/429/429 430/430/430 
f 429/429/429 431/431/431 430/430/430 
f 430/430/430 431/431/431 430/430/430 
f 431/431/431 432/432/432 430/430/430 
f 430/430/430 432/432/432 433/433/433 
f 432/432/432 434/434/434 433/433/433 
f 433/433/433 434/434/434 435/435/435 
f 434/434/434 436/436/436 435/435/435 
f 435/435/435 436/436/436 436/436/436 
f 436/436/436 435/435/435 436/436/436 
f 436/436/436 435/435/435 435/435/435 
f 435/435/435 437/437/437 435/435/435 
f 435/435/435 437/437/437 433/433/433 
f 437/437/437 438/438/438 433/433/433 
f 433/433/433 438/438/438 430/430/430 
f 438/438/438 438/438/438 430/430/430 
f 430/430/430 438/438/438 428/428/428 
f 438/438/438 439/439/439 428/428/428 
f 428/428/428 439/439/439 424/424/424 
f 439/439/439 439/439/439 424/424/424 
f 424/424/424 439/439/439 426/426/426 
f 439/439/439 439/439/439 426/426/426 
f 426/426/426 439/439/439 440/440/440 
f 439/439/439 439/439/439 440/440/440 
f 440/440/440 439/439/439 441/441/441 
f 439/439/439 438/438/438 441/441/441 
f 441/441/441 438/438/438 437/437/437 
f 438/438/438 437/437/437 437/437/437 
f 437/437/437 437/437/437 442/442/442 
f 437/437/437 442/442/442 442/442/442 
f 442/442/442 442/442/442 443/443/443 
f 442/442/442 444/444/444 443/443/443 
f 443/443/443 444/444/444 445/445/445 
f 444/444/444 446/446/446 445/445/445 
f 445/445/445 446/446/446 446/446/446 
f 446/446/446 442/442/442 446/446/446 
f 446/446/446 442/442/442 442/442/442 
f 442/442/442 447/447/447 442/442/442 
f 442/442/442 447/447/447 444/444/444 
f 447/447/447 447/447/447 444/444/444 
f 444/444/444 447/447/447 448/448/448 
f 447/447/447 449/449/449 448/448/448 
f 448/448/448 449/449/449 450/450/450 
f 449/449/449 451/451/451 450/450/450 
f 450/450/450 451/451/451 450/450/450 
f 451/451/451 452/452/452 450/450/450 
f 450/450/450 452/452/452 453/453/453 
f 452/452/452 454/454/454 453/453/453 
f 453/453/453 454/454/454 455/455/455 
f 454/454/454 456/456/456 455/455/455 
f 455/455/455 456/456/456 456/456/456 
f 456/456/456 455/455/455 456/456/456 
f 456/456/456 455/455/455 455/455/455 
f 455/455/455 457/457/457 455/455/455 
f 455/455/455 457/457/457 453/453/453 
f 457/457/457 458/458/458 453/453/453 
f 453/453/453 458/458/458 450/450/450 
f 458/458/458 458/458/458 450/450/450 
f 450/450/450 458/458/458 448/448/448 
f 458/458/458 459/459/459 448/448/448 
f 448/448/448 459/459/459 444/444/444 
f 459/459/459 459/459/459 444/444/444 
f 444/444/444 459/459/459 446/446/446 
f 459/459/459 459/459/459 446/446/446 
f 446/446/446 459/459/459 460/460/460 
f 459/459/459 459/459/459 460/460/460 
f 460/460/460 459/459/459 461/461/461 
f 459/459/459 458/458/458 461/461/461 
f 461/461/461 458/458/458 457/457/457 
f 458/458/458 457/457/457 457/457/457 
f 457/457/457 457/457/457 462/462/462 
f 457/457/457 462/462/462 462/462/462 
f 462/462/462 462/462/462 463/463/463 
f 462/462/462 464/464/464 463/463/463 
f 463/463/463 464/464/464 465/465/465 
f 464/464/464 464/464/464 465/465/465 
f 465/465/465 464/464/464 466/466/466 
f 464/464/464 467/467/467 466/466/466 
f 466/466/466 467/467/467 468/468/468 
f 467/467/467 469/469/469 468/468/468 
f 468/468/468 469/469/469 470/470/470 
f 469/469/469 470/470/470 470/470/470 
f 470/470/470 470/470/470 464/464/464 
f 470/470/470 464/464/464 464/464/464 
f 464/464/464 464/464/464 467/467/467 
f 464/464/464 471/471/471 467/467/467 
f 467/467/467 471/471/471 467/467/467 
f 471/471/471 472/472/472 467/467/467 
f 467/467/467 472/472/472 473/473/473 
f 472/472/472 474/474/474 473/473/473 
f 473/473/473 474/474/474 473/473/473 
f 474/474/474 475/475/475 473/473/473 
f 473/473/473 475/475/475 473/473/473 
f 475/475/475 476/476/476 473/473/473 
f 473/473/473 476/476/476 469/469/469 
f 476/476/476 476/476/476 469/469/469 
f 469/469/469 476/476/476 470/470/470 
f 476/476/476 476/476/476 470/470/470 
f 470/470/470 476/476/476 477/477/477 
f 476/476/476 478/478/478 477/477/477 
f 477/477/477 478/478/478 479/479/479 
f 478/478/478 478/478/478 479/479/479 
f 479/479/479 478/478/478 480/480/480 
f 478/478/478 478/478/478 480/480/480 
f 480/480/480 478/478/478 481/481/481 
f 478/478/478 476/476/476 481/481/481 
f 481/481/481 476/476/476 475/475/475 
f 476/476/476 475/475/475 475/475/475 
f 475/475/475 475/475/475 469/469/469 
f 475/475/475 469/469/469 469/469/469 
f 469/469/469 469/469/469 473/473/473 
f 469/469/469 467/467/467 473/473/473 
f 473/473/473 467/467/467 467/467/467 
f 467/467/467 482/482/482 467/467/467 
f 467/467/467 482/482/482 482/482/482 
f 482/482/482 483/483/483 482/482/482 
f 482/482/482 483/483/483 484/484/484 
f 483/483/483 485/485/485 484/484/484 
f 484/484/484 485/485/485 484/484/484 
f 485/485/485 486/486/486 484/484/484 
f 484/484/484 486/486/486 484/484/484 
f 486/486/486 487/487/487 484/484/484 
f 484/484/484 487/487/487 488/488/488 
f 487/487/487 489/489/489 488/488/488 
f 488/488/488 489/489/489 488/488/488 
f 489/489/489 490/490/490 488/488/488 
f 488/488/488 490/490/490 491/491/491 
f 490/490/490 492/492/492 491/491/491 
f 491/491/491 492/492/492 491/491/491 
f 492/492/492 482/482/482 491/491/491 
f 491/491/491 482/482/482 488/488/488 
f 482/482/482 484/484/484 488/488/488 
f 488/488/488 484/484/484 484/484/484 
f 484/484/484 487/487/487 484/484/484 
f 484/484/484 487/487/487 487/487/487 
f 487/487/487 493/493/493 487/487/487 
f 487/487/487 493/493/493 489/489/489 
f 493/493/493 493/493/493 489/489/489 
f 489/489/489 493/493/493 494/494/494 
f 493/493/493 495/495/495 494/494/494 
f 494/494/494 495/495/495 494/494/494 
f 495/495/495 496/496/496 494/494/494 
f 494/494/494 496/496/496 497/497/497 
f 496/496/496 498/498/498 497/497/497 
f 497/497/497 498/498/498 497/497/497 
f 498/498/498 499/499/499 497/497/497 
f 497/497/497 499/499/499 494/494/494 
f 499/499/499 499/499/499 494/494/494 
f 494/494/494 499/499/499 489/489/489 
f 499/499/499 490/490/490 489/489/489 
f 489/489/489 490/490/490 490/490/490 
f 490/490/490 498/498/498 490/490/490 
f 490/490/490 498/498/498 498/498/498 
f 498/498/498 496/496/496 498/498/498 
f 498/498/498 496/496/496 500/500/500 
f 496/496/496 500/500/500 500/500/500 
f 500/500/500 500/500/500 501/501/501 
f 500/500/500 501/501/501 501/501/501 
f 501/501/501 501/501/501 502/502/502 
f 501/501/501 503/503/503 502/502/502 
f 502/502/502 503/503/503 502/502/502 
f 503/503/503 504/504/504 502/502/502 
f 502/502/502 504/504/504 505/505/505 
f 504/504/504 506/506/506 505/505/505 
f 505/505/505 506/506/506 507/507/507 
f 506/506/506 508/508/508 507/507/507 
f 507/507/507 508/508/508 507/507/507 
f 508/508/508 501/501/501 507/507/507 
f 507/507/507 501/501/501 507/507/507 
f 501/501/501 502/502/502 507/507/507 
f 507/507/507 502/502/502 505/505/505 
f 502/502/502 505/505/505 505/505/505 
f 505/505/505 505/505/505 509/509/509 
f 505/505/505 509/509/509 509/509/509 
f 509/509/509 509/509/509 510/510/510 
f 509/509/509 511/511/511 510/510/510 
f 510/510/510 511/511/511 510/510/510 
f 511/511/511 512/512/512 510/510/510 
f 510/510/510 512/512/512 513/513/513 
f 512/512/512 514/514/514 513/513/513 
f 513/513/513 514/514/514 515/515/515 
f 514/514/514 514/514/514 515/515/515 
f 515/515/515 514/514/514 516/516/516 
f 514/514/514 514/514/514 516/516/516 
f 516/516/516 514/514/514 517/517/517 
f 514/514/514 518/518/518 517/517/517 
f 517/517/517 518/518/518 519/519/519 
f 518/518/518 519/519/519 519/519/519 
f 519/519/519 519/519/519 512/512/512 
f 519/519/519 512/512/512 512/512/512 
f 512/512/512 512/512/512 514/514/514 
f 512/512/512 518/518/518 514/514/514 
f 514/514/514 518/518/518 518/518/518 
f 518/518/518 511/511/511 518/518/518 
f 518/518/518 511/511/511 511/511/511 
f 511/511/511 509/509/509 511/511/511 
f 511/511/511 509/509/509 520/520/520 
f 509/509/509 520/520/520 520/520/520 
f 520/520/520 520/520/520 513/513/513 
f 520/520/520 513/513/513 513/513/513 
f 513/513/513 513/513/513 521/521/521 
f 513/513/513 515/515/515 521/521/521 
f 521/521/521 515/515/515 522/522/522 
f 515/515/515 523/523/523 522/522/522 
f 522/522/522 523/523/523 524/524/524 
f 523/523/523 516/516/516 524/524/524 
f 524/524/524 516/516/516 525/525/525 
f 516/516/516 517/517/517 525/525/525 
f 525/525/525 517/517/517 526/526/526 
f 517/517/517 519/519/519 526/526/526 
f 526/526/526 519/519/519 527/527/527 
f 519/519/519 527/527/527 527/527/527 
f 527/527/527 527/527/527 521/521/521 
f 527/527/527 521/521/521 521/521/521 
f 521/521/521 521/521/521 528/528/528 
f 521/521/521 522/522/522 528/528/528 
f 528/528/528 522/522/522 524/524/524 
f 522/522/522 524/524/524 524/524/524 
f 524/524/524 524/524/524 515/515/515 
f 524/524/524 515/515/515 515/515/515 
f 515/515/515 515/515/515 523/523/523 
f 515/515/515 516/516/516 523/523/523 
f 523/523/523 516/516/516 516/516/516 
f 516/516/516 529/529/529 516/516/516 
f 516/516/516 529/529/529 529/529/529 
f 529/529/529 530/530/530 529/529/529 
f 529/529/529 530/530/530 531/531/531 
f 530/530/530 532/532/532 531/531/531 
f 531/531/531 532/532/532 533/533/533 
f 532/532/532 534/534/534 533/533/533 
f 533/533/533 534/534/534 535/535/535 
f 534/534/534 534/534/534 535/535/535 
f 535/535/535 534/534/534 536/536/536 
f 534/534/534 537/537/537 536/536/536 
f 536/536/536 537/537/537 538/538/538 
f 537/537/537 538/538/538 538/538/538 
f 538/538/538 538/538/538 530/530/530 
f 538/538/538 530/530/530 530/530/530 
f 530/530/530 530/530/530 532/532/532 
f 530/530/530 539/539/539 532/532/532 
f 532/532/532 539/539/539 532/532/532 
f 539/539/539 540/540/540 532/532/532 
f 532/532/532 540/540/540 534/534/534 
f 540/540/540 537/537/537 534/534/534 
f 534/534/534 537/537/537 537/537/537 
f 537/537/537 541/541/541 537/537/537 
f 537/537/537 541/541/541 541/541/541 
f 541/541/541 542/542/542 541/541/541 
f 541/541/541 542/542/542 543/543/543 
f 542/542/542 544/544/544 543/543/543 
f 543/543/543 544/544/544 544/544/544 
f 544/544/544 545/545/545 544/544/544 
f 544/544/544 545/545/545 545/545/545 
f 545/545/545 546/546/546 545/545/545 
f 545/545/545 546/546/546 547/547/547 
f 546/546/546 548/548/548 547/547/547 
f 547/547/547 548/548/548 548/548/548 
f 548/548/548 549/549/549 548/548/548 
f 548/548/548 549/549/549 549/549/549 
f 549/549/549 550/550/550 549/549/549 
f 549/549/549 550/550/550 551/551/551 
f 550/550/550 552/552/552 551/551/551 
f 551/551/551 552/552/552 553/553/553 
f 552/552/552 554/554/554 553/553/553 
f 553/553/553 554/554/554 555/555/555 
f 554/554/554 556/556/556 555/555/555 
f 555/555/555 556/556/556 557/557/557 
f 556/556/556 558/558/558 557/557/557 
f 557/557/557 558/558/558 558/558/558 
f 558/558/558 559/559/559 558/558/558 
f 558/558/558 559/559/559 559/559/559 
f 559/559/559 560/560/560 559/559/559 
f 559/559/559 560/560/560 561/561/561 
f 560/560/560 562/562/562 561/561/561 
f 561/561/561 562/562/562 562/562/562 
f 562/562/562 563/563/563 562/562/562 
f 562/562/562 563/563/563 563/563/563 
f 563/563/563 564/564/564 563/563/563 
f 563/563/563 564/564/564 565/565/565 
f 564/564/564 564/564/564 565/565/565 
f 565/565/565 564/564/564 566/566/566 
f 564/564/564 564/564/564 566/566/566 
f 566/566/566 564/564/564 567/567/567 
f 564/564/564 568/568/568 567/567/567 
f 567/567/567 568/568/568 568/568/568 
f 568/568/568 569/569/569 568/568/568 
f 568/568/568 569/569/569 569/569/569 
f 569/569/569 570/570/570 569/569/569 
f 569/569/569 570/570/570 571/571/571 
f 570/570/570 572/572/572 571/571/571 
f 571/571/571 572/572/572 572/572/572 
f 572/572/572 573/573/573 572/572/572 
f 572/572/572 573/573/573 573/573/573 
f 573/573/573 574/574/574 573/573/573 
f 573/573/573 574/574/574 575/575/575 
f 574/574/574 574/574/574 575/575/575 
f 575/575/575 574/574/574 576/576/576 
f 574/574/574 577/577/577 576/576/576 
f 576/576/576 577/577/577 578/578/578 
f 577/577/577 579/579/579 578/578/578 
f 578/578/578 579/579/579 578/578/578 
f 579/579/579 580/580/580 578/578/578 
f 578/578/578 580/580/580 581/581/581 
f 580/580/580 582/582/582 581/581/581 
f 581/581/581 582/582/582 582/582/582 
f 582/582/582 573/573/573 582/582/582 
f 582/582/582 573/573/573 573/573/573 
f 573/573/573 575/575/575 573/573/573 
f 573/573/573 575/575/575 583/583/583 
f 575/575/575 584/584/584 583/583/583 
f 583/583/583 584/584/584 585/585/585 
f 584/584/584 576/576/576 585/585/585 
f 585/585/585 576/576/576 585/585/585 
f 576/576/576 578/578/578 585/585/585 
f 585/585/585 578/578/578 585/585/585 
f 578/578/578 581/581/581 585/585/585 
f 585/585/585 581/581/581 586/586/586 
f 581/581/581 581/581/581 586/586/586 
f 586/586/586 581/581/581 587/587/587 
f 581/581/581 588/588/588 587/587/587 
f 587/587/587 588/588/588 589/589/589 
f 588/588/588 590/590/590 589/589/589 
f 589/589/589 590/590/590 591/591/591 
f 590/590/590 592/592/592 591/591/591 
f 591/591/591 592/592/592 593/593/593 
f 592/592/592 592/592/592 593/593/593 
f 593/593/593 592/592/592 594/594/594 
f 592/592/592 588/588/588 594/594/594 
f 594/594/594 588/588/588 594/594/594 
f 588/588/588 581/581/581 594/594/594 
f 594/594/594 581/581/581 594/594/594 
f 581/581/581 582/582/582 594/594/594 
f 594/594/594 582/582/582 595/595/595 
f 582/582/582 596/596/596 595/595/595 
f 595/595/595 596/596/596 596/596/596 
f 596/596/596 576/576/576 596/596/596 
f 596/596/596 576/576/576 576/576/576 
f 576/576/576 584/584/584 576/576/576 
f 576/576/576 584/584/584 575/575/575 
f 584/584/584 575/575/575 575/575/575 
f 575/575/575 575/575/575 585/585/585 
f 575/575/575 585/585/585 585/585/585 
f 585/585/585 585/585/585 583/583/583 
f 585/585/585 586/586/586 583/583/583 
f 583/583/583 586/586/586 586/586/586 
f 586/586/586 588/588/588 586/586/586 
f 586/586/586 588/588/588 588/588/588 
f 588/588/588 592/592/592 588/588/588 
f 588/588/588 592/592/592 590/590/590 
f 592/592/592 590/590/590 590/590/590 
f 590/590/590 590/590/590 594/594/594 
f 590/590/590 594/594/594 594/594/594 
f 594/594/594 594/594/594 593/593/593 
f 594/594/594 595/595/595 593/593/593 
f 593/593/593 595/595/595 595/595/595 
f 595/595/595 597/597/597 595/595/595 
f 595/595/595 597/597/597 597/597/597 
f 597/597/597 598/598/598 597/597/597 
f 597/597/597 598/598/598 599/599/599 
f 598/598/598 600/600/600 599/599/599 
f 599/599/599 600/600/600 601/601/601 
f 600/600/600 602/602/602 601/601/601 
f 601/601/601 602/602/602 603/603/603 
f 602/602/602 604/604/604 603/603/603 
f 603/603/603 604/604/604 605/605/605 
f 604/604/604 606/606/606 605/605/605 
f 605/605/605 606/606/606 607/607/607 
f 606/606/606 607/607/607 607/607/607 
f 607/607/607 607/607/607 599/599/599 
f 607/607/607 599/599/599 599/599/599 
f 599/599/599 599/599/599 597/597/597 
f 599/599/599 608/608/608 597/597/597 
f 597/597/597 608/608/608 609/609/609 
f 608/608/608 610/610/610 609/609/609 
f 609/609/609 610/610/610 611/611/611 
f 610/610/610 612/612/612 611/611/611 
f 611/611/611 612/612/612 613/613/613 
f 612/612/612 614/614/614 613/613/613 
f 613/613/613 614/614/614 614/614/614 
f 614/614/614 615/615/615 614/614/614 
f 614/614/614 615/615/615 615/615/615 
f 615/615/615 616/616/616 615/615/615 
f 615/615/615 616/616/616 617/617/617 
f 616/616/616 618/618/618 617/617/617 
f 617/617/617 618/618/618 619/619/619 
f 618/618/618 618/618/618 619/619/619 
f 619/619/619 618/618/618 620/620/620 
f 618/618/618 618/618/618 620/620/620 
f 620/620/620 618/618/618 621/621/621 
f 618/618/618 622/622/622 621/621/621 
f 621/621/621 622/622/622 623/623/623 
f 622/622/622 616/616/616 623/623/623 
f 623/623/623 616/616/616 615/615/615 
f 616/616/616 615/615/615 615/615/615 
f 615/615/615 615/615/615 618/618/618 
f 615/615/615 618/618/618 618/618/618 
f 618/618/618 618/618/618 622/622/622 
f 618/618/618 616/616/616 622/622/622 
f 622/622/622 616/616/616 616/616/616 
f 616/616/616 623/623/623 616/616/616 
f 616/616/616 623/623/623 623/623/623 
f 623/623/623 624/624/624 623/623/623 
f 623/623/623 624/624/624 621/621/621 
f 624/624/624 625/625/625 621/621/621 
f 621/621/621 625/625/625 620/620/620 
f 625/625/625 626/626/626 620/620/620 
f 620/620/620 626/626/626 620/620/620 
f 626/626/626 627/627/627 620/620/620 
f 620/620/620 627/627/627 619/619/619 
f 627/627/627 627/627/627 619/619/619 
f 619/619/619 627/627/627 628/628/628 
f 627/627/627 629/629/629 628/628/628 
f 628/628/628 629/629/629 630/630/630 
f 629/629/629 631/631/631 630/630/630 
f 630/630/630 631/631/631 631/631/631 
f 631/631/631 624/624/624 631/631/631 
f 631/631/631 624/624/624 624/624/624 
f 624/624/624 632/632/632 624/624/624 
f 624/624/624 632/632/632 625/625/625 
f 632/632/632 633/633/633 625/625/625 
f 625/625/625 633/633/633 626/626/626 
f 633/633/633 626/626/626 626/626/626 
f 626/626/626 626/626/626 633/633/633 
f 626/626/626 633/633/633 633/633/633 
f 633/633/633 633/633/633 634/634/634 
f 633/633/633 632/632/632 634/634/634 
f 634/634/634 632/632/632 632/632/632 
f 632/632/632 635/635/635 632/632/632 
f 632/632/632 635/635/635 635/635/635 
f 635/635/635 636/636/636 635/635/635 
f 635/635/635 636/636/636 637/637/637 
f 636/636/636 638/638/638 637/637/637 
f 637/637/637 638/638/638 639/639/639 
f 638/638/638 638/638/638 639/639/639 
f 639/639/639 638/638/638 640/640/640 
f 638/638/638 641/641/641 640/640/640 
f 640/640/640 641/641/641 642/642/642 
f 641/641/641 643/643/643 642/642/642 
f 642/642/642 643/643/643 644/644/644 
f 643/643/643 644/644/644 644/644/644 
f 644/644/644 644/644/644 636/636/636 
f 644/644/644 636/636/636 636/636/636 
f 636/636/636 636/636/636 638/638/638 
f 636/636/636 645/645/645 638/638/638 
f 638/638/638 645/645/645 641/641/641 
f 645/645/645 646/646/646 641/641/641 
f 641/641/641 646/646/646 643/643/643 
f 646/646/646 643/643/643 643/643/643 
f 643/643/643 643/643/643 647/647/647 
f 643/643/643 647/647/647 647/647/647 
f 647/647/647 647/647/647 648/648/648 
f 647/647/647 649/649/649 648/648/648 
f 648/648/648 649/649/649 650/650/650 
f 649/649/649 650/650/650 650/650/650 
f 650/650/650 650/650/650 651/651/651 
f 650/650/650 651/651/651 651/651/651 
f 651/651/651 651/651/651 652/652/652 
f 651/651/651 653/653/653 652/652/652 
f 652/652/652 653/653/653 654/654/654 
f 653/653/653 654/654/654 654/654/654 
f 654/654/654 654/654/654 655/655/655 
f 654/654/654 655/655/655 655/655/655 
f 655/655/655 655/655/655 656/656/656 
f 655/655/655 657/657/657 656/656/656 
f 656/656/656 657/657/657 658/658/658 
f 657/657/657 659/659/659 658/658/658 
f 658/658/658 659/659/659 660/660/660 
f 659/659/659 661/661/661 660/660/660 
f 660/660/660 661/661/661 662/662/662 
f 661/661/661 663/663/663 662/662/662 
f 662/662/662 663/663/663 664/664/664 
f 663/663/663 664/664/664 664/664/664 
f 664/664/664 664/664/664 665/665/665 
f 664/664/664 665/665/665 665/665/665 
f 665/665/665 665/665/665 666/666/666 
f 665/665/665 667/667/667 666/666/666 
f 666/666/666 667/667/667 668/668/668 
f 667/667/667 668/668/668 668/668/668 
f 668/668/668 668/668/668 669/669/669 
f 668/668/668 669/669/669 669/669/669 
f 669/669/669 669/669/669 670/670/670 
f 669/669/669 671/671/671 670/670/670 
f 670/670/670 671/671/671 670/670/670 
f 671/671/671 672/672/672 670/670/670 
f 670/670/670 672/672/672 670/670/670 
f 672/672/672 673/673/673 670/670/670 
f 670/670/670 673/673/673 674/674/674 
f 673/673/673 674/674/674 674/674/674 
f 674/674/674 674/674/674 675/675/675 
f 674/674/674 675/675/675 675/675/675 
f 675/675/675 675/675/675 676/676/676 
f 675/675/675 677/677/677 676/676/676 
f 676/676/676 677/677/677 678/678/678 
f 677/677/677 678/678/678 678/678/678 
f 678/678/678 678/678/678 679/679/679 
f 678/678/678 679/679/679 679/679/679 
f 679/679/679 679/679/679 680/680/680 
f 679/679/679 681/681/681 680/680/680 
f 680/680/680 681/681/681 682/682/682 
f 681/681/681 682/682/682 682/682/682 
f 682/682/682 682/682/682 680/680/680 
f 682/682/682 680/680/680 680/680/680 
f 680/680/680 680/680/680 679/679/679 
f 680/680/680 683/683/683 679/679/679 
f 679/679/679 683/683/683 684/684/684 
f 683/683/683 685/685/685 684/684/684 
f 684/684/684 685/685/685 686/686/686 
f 685/685/685 685/685/685 686/686/686 
f 686/686/686 685/685/685 687/687/687 
f 685/685/685 688/688/688 687/687/687 
f 687/687/687 688/688/688 689/689/689 
f 688/688/688 689/689/689 689/689/689 
f 689/689/689 689/689/689 688/688/688 
f 689/689/689 688/688/688 688/688/688 
f 688/688/688 688/688/688 690/690/690 
f 688/688/688 685/685/685 690/690/690 
f 690/690/690 685/685/685 690/690/690 
f 685/685/685 683/683/683 690/690/690 
f 690/690/690 683/683/683 691/691/691 
f 683/683/683 680/680/680 691/691/691 
f 691/691/691 680/680/680 691/691/691 
f 680/680/680 682/682/682 691/691/691 
f 691/691/691 682/682/682 690/690/690 
f 682/682/682 692/692/692 690/690/690 
f 690/690/690 692/692/692 688/688/688 
f 692/692/692 693/693/693 688/688/688 
f 688/688/688 693/693/693 694/694/694 
f 693/693/693 695/695/695 694/694/694 
f 694/694/694 695/695/695 696/696/696 
f 695/695/695 697/697/697 696/696/696 
f 696/696/696 697/697/697 698/698/698 
f 697/697/697 699/699/699 698/698/698 
f 698/698/698 699/699/699 700/700/700 
f 699/699/699 701/701/701 700/700/700 
f 700/700/700 701/701/701 689/689/689 
f 701/701/701 702/702/702 689/689/689 
f 689/689/689 702/702/702 702/702/702 
f 702/702/702 696/696/696 702/702/702 
f 702/702/702 696/696/696 696/696/696 
f 696/696/696 698/698/698 696/696/696 
f 696/696/696 698/698/698 694/694/694 
f 698/698/698 700/700/700 694/694/694 
f 694/694/694 700/700/700 688/688/688 
f 700/700/700 689/689/689 688/688/688 
f 688/688/688 689/689/689 689/689/689 
f 689/689/689 703/703/703 689/689/689 
f 689/689/689 703/703/703 703/703/703 
f 703/703/703 704/704/704 703/703/703 
f 703/703/703 704/704/704 705/705/705 
f 704/704/704 706/706/706 705/705/705 
f 705/705/705 706/706/706 707/707/707 
f 706/706/706 708/708/708 707/707/707 
f 707/707/707 708/708/708 709/709/709 
f 708/708/708 710/710/710 709/709/709 
f 709/709/709 710/710/710 710/710/710 
f 710/710/710 711/711/711 710/710/710 
f 710/710/710 711/711/711 711/711/711 
f 711/711/711 712/712/712 711/711/711 
f 711/711/711 712/712/712 713/713/713 
f 712/712/712 712/712/712 713/713/713 
f 713/713/713 712/712/712 714/714/714 
f 712/712/712 715/715/715 714/714/714 
f 714/714/714 715/715/715 716/716/716 
f 715/715/715 717/717/717 716/716/716 
f 716/716/716 717/717/717 718/718/718 

