mtllib model_130.mtl
o model_130
v 226.4368133544922 -238.6334686279297 286.093994140625 
v 248.34519958496094 -238.84730529785156 282.8812255859375 
v 236.04795837402344 -220.0300750732422 278.7046203613281 
v 256.8651428222656 -228.36953735351562 272.1720275878906 
v 261.1460876464844 -220.0300750732422 262.6408386230469 
v 230.88563537597656 -283.9658508300781 289.4138488769531 
v 248.34519958496094 -283.5381774902344 288.0216369628906 
v 233.36187744140625 -321.8141174316406 287.2720031738281 
v 247.79959106445312 -322.2417907714844 286.30816650390625 
v 232.7742919921875 -333.3610534667969 284.2734375 
v 247.3798828125 -329.5120544433594 284.5946960449219 
v 247.46383666992188 -335.71319580078125 283.2025146484375 
v 259.005615234375 -322.66943359375 277.7408142089844 
v 257.116943359375 -338.2791748046875 275.2777099609375 
v 262.7829284667969 -322.8832702636719 264.2472229003906 
v 259.80303955078125 -340.20367431640625 263.3905029296875 
v 261.6077575683594 -284.1796875 277.847900390625 
v 258.2921142578125 -248.0420684814453 274.7422180175781 
v 259.1734924316406 -240.7717742919922 265.10394287109375 
v 263.5803527832031 -232.21852111816406 253.00254821777344 
v 264.7135314941406 -220.0300750732422 253.6450958251953 
v 267.1058349609375 -206.5586700439453 254.5018310546875 
v 243.6025848388672 -201.6405487060547 269.7088928222656 
v 267.1058349609375 -206.5586700439453 236.93875122070312 
v 266.8120422363281 -220.03009033203125 236.93875122070312 
v 264.7135314941406 -220.03009033203125 220.33949279785156 
v 267.1058349609375 -206.5586700439453 219.48275756835938 
v 261.1460876464844 -220.03009033203125 211.34376525878906 
v 236.04795837402344 -220.03009033203125 195.27996826171875 
v 243.6025848388672 -201.6405487060547 204.27569580078125 
v 265.59490966796875 -285.4626770019531 262.8550109863281 
v 259.13153076171875 -253.60169982910156 260.4989929199219 
v 226.4368133544922 -238.63348388671875 187.89060974121094 
v 248.34519958496094 -238.84732055664062 191.10337829589844 
v 256.8651428222656 -228.36953735351562 201.8125762939453 
v 258.2921142578125 -248.04208374023438 199.24237060546875 
v 248.34519958496094 -283.5382080078125 185.9629669189453 
v 261.6077575683594 -284.1796875 196.13670349121094 
v 247.79959106445312 -322.2417907714844 187.67645263671875 
v 233.36187744140625 -321.8141174316406 186.71261596679688 
v 232.7742919921875 -333.3610534667969 189.71119689941406 
v 247.3798828125 -329.5120849609375 189.38992309570312 
v 247.46383666992188 -335.71319580078125 190.78211975097656 
v 259.005615234375 -322.6694641113281 196.24380493164062 
v 257.116943359375 -338.2792053222656 198.70692443847656 
v 262.7829284667969 -322.88330078125 209.73739624023438 
v 259.80303955078125 -340.20367431640625 210.59413146972656 
v 230.88563537597656 -283.9658508300781 184.57077026367188 
v 265.59490966796875 -285.4626770019531 211.1295928955078 
v 259.13153076171875 -253.60171508789062 213.48561096191406 
v 259.1734924316406 -240.77178955078125 208.88064575195312 
v 263.5803527832031 -232.21852111816406 220.98204040527344 
v 263.5803527832031 -232.21852111816406 236.93875122070312 
v 261.8175964355469 -239.06112670898438 248.39759826660156 
v 260.2227478027344 -243.97927856445312 253.21673583984375 
v 255.56405639648438 -260.87200927734375 240.36570739746094 
v 261.8175964355469 -239.06112670898438 236.93875122070312 
v 261.8175964355469 -239.06112670898438 225.58700561523438 
v 260.2227478027344 -243.97927856445312 220.7678680419922 
v 255.56405639648438 -260.87200927734375 233.61891174316406 
v 255.56405639648438 -260.87200927734375 236.93875122070312 
v 237.5169219970703 -265.3624572753906 239.18768310546875 
v 237.39100646972656 -265.3624572753906 236.93875122070312 
v 237.5169219970703 -265.3624572753906 234.7969207763672 
v 252.71009826660156 -265.3624572753906 226.8721160888672 
v 258.7537841796875 -287.17333984375 225.37283325195312 
v 257.03302001953125 -323.09710693359375 222.58843994140625 
v 238.566162109375 -270.708251953125 234.1543731689453 
v 243.7704620361328 -288.4563293457031 233.29763793945312 
v 244.6938018798828 -323.09710693359375 229.54942321777344 
v 243.56060791015625 -330.7950744628906 228.58558654785156 
v 254.80859375 -340.4175109863281 221.8387908935547 
v 242.46939086914062 -338.70684814453125 228.26431274414062 
v 241.4621124267578 -131.93128967285156 271.95782470703125 
v 241.08438110351562 -149.6793670654297 269.7088928222656 
v 216.4479217529297 -133.00045776367188 271.5294494628906 
v 211.0757598876953 -145.1888885498047 256.9649353027344 
v 223.70875549316406 -175.5530242919922 254.39474487304688 
v 223.70875549316406 -175.5530242919922 236.93873596191406 
v 220.0993194580078 -196.9362335205078 254.5018310546875 
v 220.0993194580078 -196.9362335205078 236.93875122070312 
v 220.0993194580078 -196.93624877929688 219.48275756835938 
v 223.70875549316406 -175.5530242919922 219.58984375 
v 243.6025848388672 -201.6405487060547 204.27569580078125 
v 244.6938018798828 -175.12538146972656 208.55935668945312 
v 241.08438110351562 -149.6793670654297 204.2756805419922 
v 211.0757598876953 -145.18890380859375 217.01962280273438 
v 211.0757598876953 -145.1888885498047 236.93873596191406 
v 209.77467346191406 -128.08233642578125 255.67984008789062 
v 213.04833984375 -118.24606323242188 269.7088928222656 
v 211.5793914794922 -118.45987701416016 253.85926818847656 
v 209.85862731933594 -128.29615783691406 236.93873596191406 
v 209.77467346191406 -128.08233642578125 218.3047332763672 
v 216.4479217529297 -133.00045776367188 202.45510864257812 
v 241.4621124267578 -131.93130493164062 202.02674865722656 
v 244.6938018798828 -175.1253662109375 265.4252014160156 
v 243.6025848388672 -201.6405487060547 269.7088928222656 
v 213.04833984375 -118.2460708618164 204.2756805419922 
v 211.5793914794922 -118.45988464355469 220.1252899169922 
v 216.6157989501953 -106.27147674560547 222.90968322753906 
v 221.94601440429688 -105.62996673583984 205.77496337890625 
v 222.99525451660156 -93.65538787841797 229.013916015625 
v 215.35670471191406 -106.05763244628906 236.93873596191406 
v 219.67962646484375 -92.80005645751953 236.93873596191406 
v 222.99525451660156 -93.65538787841797 244.9706268310547 
v 216.6157989501953 -106.27146911621094 251.0748748779297 
v 221.94601440429688 -105.62995147705078 268.2095947265625 
v 210.94984436035156 -118.88755798339844 236.93873596191406 
v 201.464599609375 -232.21852111816406 253.00254821777344 
v 202.22006225585938 -247.6144256591797 248.39759826660156 
v 205.91343688964844 -252.53253173828125 265.42523193359375 
v 209.64877319335938 -261.2996826171875 251.18199157714844 
v 202.22006225585938 -247.6144256591797 236.93875122070312 
v 201.464599609375 -232.21852111816406 236.93875122070312 
v 205.24191284179688 -220.0300750732422 262.53375244140625 
v 212.33485412597656 -243.97926330566406 278.8117370605469 
v 209.06118774414062 -286.74566650390625 267.24578857421875 
v 213.04833984375 -288.24249267578125 252.25291442871094 
v 226.31089782714844 -288.8840026855469 242.0791778564453 
v 222.1138916015625 -267.0731201171875 241.43661499023438 
v 219.51174926757812 -260.87200927734375 238.22386169433594 
v 219.51174926757812 -260.87200927734375 236.93875122070312 
v 237.5169219970703 -265.3624572753906 239.18768310546875 
v 237.39100646972656 -265.3624572753906 236.93875122070312 
v 238.566162109375 -270.708251953125 239.8302459716797 
v 243.7704620361328 -288.4563293457031 240.68698120117188 
v 244.6938018798828 -323.09710693359375 244.43521118164062 
v 230.0882110595703 -322.2417907714844 245.2919464111328 
v 243.56060791015625 -330.7950744628906 245.39903259277344 
v 229.03895568847656 -336.3547058105469 246.79122924804688 
v 242.46939086914062 -338.70684814453125 245.72030639648438 
v 218.63037109375 -321.8141174316406 254.18057250976562 
v 215.10488891601562 -321.60028076171875 267.6741638183594 
v 219.6376495361328 -334.4302062988281 254.71603393554688 
v 216.9095916748047 -332.9333801269531 266.6032409667969 
v 220.8547821044922 -321.60028076171875 280.31103515625 
v 221.94601440429688 -332.5057067871094 277.95501708984375 
v 232.7742919921875 -333.3610534667969 284.2734375 
v 233.36187744140625 -321.8141174316406 287.2720031738281 
v 230.88563537597656 -283.9658508300781 289.4138488769531 
v 215.90231323242188 -285.24884033203125 281.4890441894531 
v 226.4368133544922 -238.6334686279297 286.093994140625 
v 236.04795837402344 -220.0300750732422 278.7046203613281 
v 243.6025848388672 -201.6405487060547 269.7088928222656 
v 220.0993194580078 -196.9362335205078 254.5018310546875 
v 205.24191284179688 -220.03009033203125 236.93875122070312 
v 220.0993194580078 -196.9362335205078 236.93875122070312 
v 220.0993194580078 -196.93624877929688 219.48275756835938 
v 205.24191284179688 -220.03009033203125 211.4508514404297 
v 243.6025848388672 -201.6405487060547 204.27569580078125 
v 236.04795837402344 -220.03009033203125 195.27996826171875 
v 226.4368133544922 -238.63348388671875 187.89060974121094 
v 212.33485412597656 -243.97927856445312 195.17288208007812 
v 215.90231323242188 -285.2488708496094 192.49557495117188 
v 230.88563537597656 -283.9658508300781 184.57077026367188 
v 220.8547821044922 -321.60028076171875 193.67359924316406 
v 233.36187744140625 -321.8141174316406 186.71261596679688 
v 232.7742919921875 -333.3610534667969 189.71119689941406 
v 221.94601440429688 -332.5057373046875 196.02963256835938 
v 216.9095916748047 -332.9333801269531 207.38137817382812 
v 215.10488891601562 -321.60028076171875 206.31045532226562 
v 219.6376495361328 -334.4302062988281 219.26858520507812 
v 209.06118774414062 -286.74566650390625 206.7388153076172 
v 205.91343688964844 -252.5325469970703 208.5593719482422 
v 201.464599609375 -232.21852111816406 220.98204040527344 
v 202.22006225585938 -247.6144256591797 225.58700561523438 
v 219.51174926757812 -260.87200927734375 235.7607421875 
v 237.5169219970703 -265.3624572753906 234.7969207763672 
v 238.566162109375 -270.708251953125 234.1543731689453 
v 222.1138916015625 -267.0731201171875 232.54798889160156 
v 243.7704620361328 -288.4563293457031 233.29763793945312 
v 209.64877319335938 -261.2996826171875 222.8026123046875 
v 226.31089782714844 -288.8840026855469 231.9054412841797 
v 244.6938018798828 -323.09710693359375 229.54942321777344 
v 230.0882110595703 -322.2417907714844 228.69268798828125 
v 243.56060791015625 -330.7950744628906 228.58558654785156 
v 229.03895568847656 -336.3547058105469 227.19338989257812 
v 242.46939086914062 -338.70684814453125 228.26431274414062 
v 218.63037109375 -321.8141174316406 219.80404663085938 
v 213.04833984375 -288.24249267578125 221.73170471191406 
v 242.46939086914062 -338.70684814453125 245.72030639648438 
v 243.56060791015625 -330.7950744628906 245.39903259277344 
v 254.80859375 -340.4175109863281 252.1458282470703 
v 257.03302001953125 -323.09710693359375 251.3961944580078 
v 258.7537841796875 -287.17333984375 248.61178588867188 
v 243.7704620361328 -288.4563293457031 240.68698120117188 
v 238.566162109375 -270.708251953125 239.8302459716797 
v 252.71009826660156 -265.3624572753906 247.1125030517578 
v 244.6938018798828 -323.09710693359375 244.43521118164062 
v 242.46939086914062 -338.70684814453125 245.72030639648438 
v 242.9730224609375 -343.19732666015625 245.2919464111328 
v 229.03895568847656 -336.3547058105469 246.79122924804688 
v 229.79441833496094 -345.7633056640625 246.89833068847656 
v 243.56060791015625 -350.2537841796875 245.9344940185547 
v 241.79786682128906 -375.4859619140625 245.50613403320312 
v 229.96229553222656 -373.1337890625 246.57705688476562 
v 243.3087921142578 -436.64190673828125 245.07777404785156 
v 232.2286834716797 -435.7865905761719 246.04161071777344 
v 243.3087921142578 -442.62921142578125 246.14869689941406 
v 232.98414611816406 -442.843017578125 247.11253356933594 
v 244.35804748535156 -455.24530029296875 243.6855926513672 
v 232.98414611816406 -456.314453125 244.75650024414062 
v 225.2616424560547 -442.843017578125 254.6089630126953 
v 224.46421813964844 -457.1697692871094 253.00259399414062 
v 223.9605712890625 -434.7174072265625 254.07350158691406 
v 221.1066131591797 -371.2093200683594 254.93023681640625 
v 219.34385681152344 -342.5558166503906 254.9302215576172 
v 219.6376495361328 -334.4302062988281 254.71603393554688 
v 216.9095916748047 -332.9333801269531 266.6032409667969 
v 216.28004455566406 -341.0589904785156 267.1387023925781 
v 221.94601440429688 -332.5057067871094 277.95501708984375 
v 221.862060546875 -341.70050048828125 278.70465087890625 
v 232.7742919921875 -333.3610534667969 284.2734375 
v 233.8655242919922 -344.69415283203125 285.2372741699219 
v 223.45692443847656 -371.42315673828125 279.1330261230469 
v 233.7815704345703 -373.3476257324219 285.7727355957031 
v 218.63037109375 -370.56781005859375 267.3529052734375 
v 221.61024475097656 -434.28973388671875 265.8536376953125 
v 226.1430206298828 -434.28973388671875 276.9911804199219 
v 235.75416564941406 -434.7174072265625 283.30963134765625 
v 227.23423767089844 -442.6291809082031 276.0273742675781 
v 236.1738739013672 -442.4153747558594 281.8103332519531 
v 226.6046905517578 -456.7420959472656 276.7770080566406 
v 236.46766662597656 -455.88677978515625 283.2025451660156 
v 222.0299530029297 -457.38360595703125 265.2110900878906 
v 223.0372314453125 -442.843017578125 265.5323486328125 
v 232.7742919921875 -333.3610534667969 284.2734375 
v 247.46383666992188 -335.71319580078125 283.2025146484375 
v 247.3798828125 -342.9834899902344 284.80889892578125 
v 257.116943359375 -338.2791748046875 275.2777099609375 
v 233.8655242919922 -344.69415283203125 285.2372741699219 
v 247.7156524658203 -349.1846008300781 284.1663513183594 
v 233.7815704345703 -373.3476257324219 285.7727355957031 
v 245.6171417236328 -375.9136047363281 284.5947265625 
v 235.75416564941406 -434.7174072265625 283.30963134765625 
v 246.8342742919922 -435.78656005859375 282.23870849609375 
v 236.1738739013672 -442.4153747558594 281.8103332519531 
v 246.49851989746094 -442.2015380859375 280.84649658203125 
v 236.46766662597656 -455.88677978515625 283.2025451660156 
v 247.79959106445312 -454.6037902832031 282.1316223144531 
v 254.22100830078125 -442.2015380859375 273.4571533203125 
v 256.3614807128906 -453.74847412109375 273.8855285644531 
v 255.10238647460938 -436.64190673828125 274.31390380859375 
v 254.4308624267578 -377.8381042480469 276.2415466308594 
v 257.2008972167969 -353.888916015625 276.3486328125 
v 259.80303955078125 -340.20367431640625 263.3905029296875 
v 259.928955078125 -356.2410583496094 264.14013671875 
v 254.80859375 -340.4175109863281 252.1458282470703 
v 256.9490661621094 -378.4795837402344 263.8188781738281 
v 257.4527282714844 -437.28338623046875 262.5337829589844 
v 256.4034729003906 -442.2015380859375 262.42669677734375 
v 258.7957458496094 -453.74847412109375 261.6770324707031 
v 252.2484130859375 -442.4153747558594 252.03875732421875 
v 254.17904663085938 -454.1761169433594 250.21820068359375 
v 243.3087921142578 -442.62921142578125 246.14869689941406 
v 244.35804748535156 -455.24530029296875 243.6855926513672 
v 243.3087921142578 -436.64190673828125 245.07777404785156 
v 252.91993713378906 -437.28338623046875 251.2891082763672 
v 252.08053588867188 -377.624267578125 252.14584350585938 
v 254.7246551513672 -354.7442321777344 252.36001586914062 
v 243.56060791015625 -350.2537841796875 245.9344940185547 
v 242.9730224609375 -343.19732666015625 245.2919464111328 
v 242.46939086914062 -338.70684814453125 245.72030639648438 
v 241.79786682128906 -375.4859619140625 245.50613403320312 
v 239.4055633544922 -169.77957153320312 303.76416015625 
v 239.11178588867188 -162.9369354248047 300.9797668457031 
v 231.17942810058594 -167.42739868164062 308.4761962890625 
v 231.17942810058594 -161.01243591308594 306.2272644042969 
v 239.57345581054688 -150.53468322753906 294.5542297363281 
v 230.63381958007812 -147.9687042236328 300.76556396484375 
v 238.31434631347656 -129.79298400878906 281.8102722167969 
v 234.28521728515625 -127.4408187866211 290.1634521484375 
v 235.33447265625 -121.8812026977539 288.9854431152344 
v 239.53147888183594 -121.0258560180664 280.7393493652344 
v 232.2286834716797 -114.61091613769531 287.48614501953125 
v 241.4621124267578 -131.93128967285156 271.95782470703125 
v 238.39828491210938 -153.74215698242188 287.05780029296875 
v 238.1044921875 -166.999755859375 292.1982116699219 
v 238.2723846435547 -173.4147186279297 295.73223876953125 
v 228.9130401611328 -174.48387145996094 292.5195007324219 
v 229.1648712158203 -168.9242401123047 288.7712707519531 
v 228.367431640625 -155.66664123535156 283.7379455566406 
v 216.4479217529297 -133.00045776367188 271.5294494628906 
v 218.2526397705078 -130.6483154296875 281.489013671875 
v 213.04833984375 -118.24606323242188 269.7088928222656 
v 215.77639770507812 -118.67371368408203 280.0968017578125 
v 221.94601440429688 -105.62995147705078 268.2095947265625 
v 222.91131591796875 -108.62360382080078 278.9187927246094 
v 219.9314422607422 -120.38436889648438 288.4499816894531 
v 224.54815673828125 -113.96940612792969 287.1648864746094 
v 232.2286834716797 -114.61091613769531 287.48614501953125 
v 227.31817626953125 -121.66736602783203 288.7712707519531 
v 235.33447265625 -121.8812026977539 288.9854431152344 
v 234.28521728515625 -127.4408187866211 290.1634521484375 
v 221.2744903564453 -128.0823211669922 289.8421936035156 
v 219.4697723388672 -153.52833557128906 288.87835693359375 
v 221.23251342773438 -166.78591918945312 294.0187683105469 
v 221.862060546875 -172.1317138671875 297.4457092285156 
v 222.2397918701172 -162.9369354248047 302.6932373046875 
v 222.91131591796875 -168.9242401123047 304.8350830078125 
v 231.17942810058594 -167.42739868164062 308.4761962890625 
v 231.17942810058594 -161.01243591308594 306.2272644042969 
v 230.63381958007812 -147.9687042236328 300.76556396484375 
v 220.60296630859375 -149.67935180664062 297.338623046875 
v 231.7670135498047 -173.8423614501953 313.509521484375 
v 222.53358459472656 -175.766845703125 309.868408203125 
v 231.17942810058594 -167.42739868164062 308.4761962890625 
v 222.91131591796875 -168.9242401123047 304.8350830078125 
v 221.94601440429688 -180.04348754882812 300.76556396484375 
v 221.862060546875 -172.1317138671875 297.4457092285156 
v 228.9130401611328 -174.48387145996094 292.5195007324219 
v 229.75244140625 -182.1818084716797 295.1968078613281 
v 238.566162109375 -180.04348754882812 298.8379211425781 
v 238.2723846435547 -173.4147186279297 295.73223876953125 
v 239.99314880371094 -175.98068237304688 307.94073486328125 
v 239.4055633544922 -169.77957153320312 303.76416015625 
v 231.17942810058594 -167.42739868164062 308.4761962890625 
v 231.7670135498047 -173.8423614501953 313.509521484375 
v 238.4822235107422 -215.5395965576172 324.11163330078125 
v 232.7742919921875 -214.25662231445312 327.85986328125 
v 232.90020751953125 -220.0300750732422 329.89459228515625 
v 238.2723846435547 -221.09922790527344 326.4676513671875 
v 236.59356689453125 -218.74708557128906 318.00738525390625 
v 236.3417510986328 -224.30673217773438 320.6846923828125 
v 231.34730529785156 -218.74708557128906 315.43719482421875 
v 231.55715942382812 -223.87905883789062 318.32867431640625 
v 225.6813507080078 -217.46409606933594 319.1853942871094 
v 226.35287475585938 -215.3257598876953 325.396728515625 
v 232.7742919921875 -214.25662231445312 327.85986328125 
v 232.90020751953125 -220.0300750732422 329.89459228515625 
v 226.8984832763672 -221.09922790527344 327.6456604003906 
v 226.22695922851562 -223.0237274169922 321.8627014160156 
v 240.6646728515625 -229.65252685546875 334.3924865722656 
v 238.77601623535156 -232.00466918945312 328.2882385253906 
v 241.16831970214844 -233.9291534423828 337.1768798828125 
v 240.1190643310547 -234.57064819335938 332.2506408691406 
v 240.37088012695312 -238.4196319580078 334.9279479980469 
v 241.4621124267578 -238.4196319580078 339.1045227050781 
v 241.62998962402344 -241.84092712402344 340.4967041015625 
v 240.53875732421875 -241.84092712402344 336.5343017578125 
v 241.2102813720703 -257.87835693359375 344.8874816894531 
v 240.41285705566406 -256.8091735839844 341.9960021972656 
v 240.6646728515625 -229.65252685546875 334.3924865722656 
v 241.4621124267578 -233.07383728027344 329.46624755859375 
v 242.301513671875 -230.29400634765625 333.2144470214844 
v 247.92550659179688 -238.84730529785156 332.5718994140625 
v 247.92550659179688 -236.49513244628906 334.8208312988281 
v 226.22695922851562 -223.0237274169922 321.8627014160156 
v 226.8984832763672 -221.09922790527344 327.6456604003906 
v 223.62481689453125 -230.29400634765625 329.0378723144531 
v 224.46421813964844 -229.01101684570312 335.1421203613281 
v 222.2397918701172 -234.78448486328125 333.3215637207031 
v 223.28904724121094 -234.3568115234375 338.2477722167969 
v 221.98797607421875 -238.84730529785156 335.99884033203125 
v 223.07920837402344 -238.84730529785156 340.068359375 
v 223.4989013671875 -242.2686004638672 341.2463684082031 
v 222.44964599609375 -242.0547637939453 337.39105224609375 
v 227.02439880371094 -257.2368469238281 342.3172912597656 
v 227.8218231201172 -258.0921630859375 345.31585693359375 
v 226.22695922851562 -223.0237274169922 321.8627014160156 
v 223.62481689453125 -230.29400634765625 329.0378723144531 
v 230.96957397460938 -230.72166442871094 325.3967590332031 
v 230.50790405273438 -234.78448486328125 329.5733337402344 
v 240.1190643310547 -234.57064819335938 332.2506408691406 
v 240.37088012695312 -238.4196319580078 334.9279479980469 
v 238.77601623535156 -232.00466918945312 328.2882385253906 
v 231.55715942382812 -223.87905883789062 318.32867431640625 
v 236.3417510986328 -224.30673217773438 320.6846923828125 
v 244.35804748535156 -230.29400634765625 324.43292236328125 
v 241.4621124267578 -233.07383728027344 329.46624755859375 
v 249.4783935546875 -236.9228057861328 330.6442565917969 
v 247.92550659179688 -238.84730529785156 332.5718994140625 
v 222.2397918701172 -234.78448486328125 333.3215637207031 
v 221.98797607421875 -238.84730529785156 335.99884033203125 
v 230.63381958007812 -238.6334686279297 332.1435546875 
v 230.9276123046875 -241.84092712402344 334.17828369140625 
v 240.53875732421875 -241.84092712402344 336.5343017578125 
v 240.41285705566406 -256.8091735839844 341.9960021972656 
v 233.3199005126953 -256.5953369140625 340.7109069824219 
v 222.44964599609375 -242.0547637939453 337.39105224609375 
v 227.02439880371094 -257.2368469238281 342.3172912597656 
v 253.00387573242188 -75.90731048583984 251.50323486328125 
v 258.501953125 -74.62433624267578 247.1124725341797 
v 256.4454345703125 -67.14021301269531 250.2181396484375 
v 259.7190856933594 -63.077415466308594 244.54225158691406 
v 255.85784912109375 -62.00825119018555 250.0039520263672 
v 256.99102783203125 -57.73159408569336 248.50465393066406 
v 248.30323791503906 -58.15926742553711 253.9663543701172 
v 257.4107360839844 -50.888980865478516 249.147216796875 
v 252.20645141601562 -44.6878547668457 250.43231201171875 
v 262.698974609375 -50.03363037109375 236.938720703125 
v 255.6479949951172 -42.335716247558594 236.938720703125 
v 244.148193359375 -42.12185287475586 251.71742248535156 
v 245.74305725097656 -37.845245361328125 236.938720703125 
v 244.148193359375 -42.121856689453125 222.26712036132812 
v 252.20645141601562 -44.68785858154297 223.55221557617188 
v 248.30323791503906 -58.159271240234375 220.0181884765625 
v 257.4107360839844 -50.88898468017578 224.8373260498047 
v 256.99102783203125 -57.731597900390625 225.47987365722656 
v 261.39788818359375 -57.945457458496094 230.51319885253906 
v 262.57305908203125 -57.945457458496094 236.938720703125 
v 261.39788818359375 -57.94545364379883 243.47134399414062 
v 263.1186828613281 -62.649742126464844 236.938720703125 
v 259.7190856933594 -63.07741928100586 229.44229125976562 
v 255.85784912109375 -62.00825500488281 223.9805908203125 
v 256.4454345703125 -67.14021301269531 223.7664031982422 
v 253.00387573242188 -75.90731811523438 222.48130798339844 
v 244.148193359375 -42.12185287475586 251.71742248535156 
v 258.501953125 -74.62433624267578 226.87208557128906 
v 257.3687744140625 -84.0329360961914 227.193359375 
v 257.158935546875 -88.3095932006836 227.83590698242188 
v 258.9216613769531 -90.66172790527344 236.93873596191406 
v 260.1387939453125 -86.59890747070312 236.93873596191406 
v 262.82489013671875 -76.76264190673828 236.938720703125 
v 261.9854736328125 -73.55517578125 232.76214599609375 
v 267.8612976074219 -73.76901245117188 236.938720703125 
v 261.9854736328125 -73.55517578125 241.222412109375 
v 257.3687744140625 -84.03292846679688 246.79119873046875 
v 257.158935546875 -88.30958557128906 246.1486358642578 
v 253.00387573242188 -75.90731048583984 251.50323486328125 
v 245.8689727783203 -77.61796569824219 253.75216674804688 
v 257.158935546875 -88.30958557128906 246.1486358642578 
v 246.66639709472656 -87.0265884399414 247.2195587158203 
v 238.77601623535156 -77.83180236816406 253.53799438476562 
v 248.30323791503906 -58.15926742553711 253.9663543701172 
v 238.23040771484375 -60.725223541259766 256.85784912109375 
v 244.148193359375 -42.12185287475586 251.71742248535156 
v 229.12289428710938 -44.901668548583984 253.109619140625 
v 235.7122039794922 -58.80075454711914 255.7869110107422 
v 218.7143096923828 -53.66879653930664 250.21812438964844 
v 232.52247619628906 -60.725223541259766 255.1443634033203 
v 232.3126220703125 -64.57420349121094 255.67982482910156 
v 220.14129638671875 -69.92002868652344 253.109619140625 
v 225.55543518066406 -75.05198669433594 250.64649963378906 
v 214.05563354492188 -69.92002868652344 236.938720703125 
v 222.70147705078125 -79.75629425048828 236.938720703125 
v 226.26893615722656 -79.75629425048828 245.50608825683594 
v 234.28521728515625 -82.9637680053711 249.46849060058594 
v 241.9237823486328 -88.9510726928711 245.50608825683594 
v 247.79959106445312 -90.66172790527344 236.93873596191406 
v 258.9216613769531 -90.66172790527344 236.93873596191406 
v 244.5259246826172 -90.87556457519531 236.93873596191406 
v 234.3271942138672 -67.99551391601562 255.46563720703125 
v 239.23768615722656 -70.77532958984375 255.57273864746094 
v 238.23040771484375 -60.725223541259766 256.85784912109375 
v 235.20855712890625 -58.58694076538086 257.92877197265625 
v 235.7122039794922 -58.80075454711914 255.7869110107422 
v 231.97686767578125 -60.725223541259766 258.67840576171875 
v 232.52247619628906 -60.725223541259766 255.1443634033203 
v 231.72503662109375 -64.57420349121094 258.35711669921875 
v 232.3126220703125 -64.57420349121094 255.67982482910156 
v 233.6976318359375 -68.42318725585938 257.393310546875 
v 234.3271942138672 -67.99551391601562 255.46563720703125 
v 239.23768615722656 -70.77532958984375 255.57273864746094 
v 242.46939086914062 -338.70684814453125 228.26431274414062 
v 242.9730224609375 -343.19732666015625 228.69268798828125 
v 229.03895568847656 -336.3547058105469 227.19338989257812 
v 229.79441833496094 -345.7633056640625 227.0863037109375 
v 243.56060791015625 -350.2537841796875 228.05014038085938 
v 241.79786682128906 -375.4859619140625 228.478515625 
v 229.96229553222656 -373.1338195800781 227.4075927734375 
v 243.93833923339844 -428.9439697265625 231.90545654296875 
v 231.13746643066406 -428.7301330566406 230.72744750976562 
v 243.93833923339844 -445.4090270996094 229.44235229492188 
v 232.81626892089844 -446.0505065917969 228.37142944335938 
v 244.35804748535156 -455.24530029296875 230.29908752441406 
v 232.98414611816406 -456.314453125 229.22816467285156 
v 224.5061798095703 -446.4781799316406 220.44662475585938 
v 224.46421813964844 -457.1697692871094 220.98208618164062 
v 221.48434448242188 -428.7301330566406 221.5175323486328 
v 221.1066131591797 -371.2093200683594 219.05441284179688 
v 219.34385681152344 -342.5558166503906 219.05441284179688 
v 219.6376495361328 -334.4302062988281 219.26858520507812 
v 216.9095916748047 -332.9333801269531 207.38137817382812 
v 216.28004455566406 -341.05902099609375 206.84591674804688 
v 221.94601440429688 -332.5057373046875 196.02963256835938 
v 221.862060546875 -341.70050048828125 195.2799835205078 
v 232.7742919921875 -333.3610534667969 189.71119689941406 
v 233.8655242919922 -344.69415283203125 188.74737548828125 
v 223.45692443847656 -371.42315673828125 194.85162353515625 
v 233.7815704345703 -373.3476257324219 188.2119140625 
v 218.63037109375 -370.56781005859375 206.63174438476562 
v 218.75628662109375 -428.51629638671875 207.80975341796875 
v 222.15585327148438 -446.6920166015625 208.5594024658203 
v 222.0299530029297 -457.38360595703125 208.77359008789062 
v 226.64666748046875 -446.26434326171875 197.3147430419922 
v 226.6046905517578 -456.74212646484375 197.20765686035156 
v 236.2578125 -445.62286376953125 191.10340881347656 
v 236.46766662597656 -455.88677978515625 190.78213500976562 
v 223.9605712890625 -428.51629638671875 194.95872497558594 
v 235.12461853027344 -428.51629638671875 187.6764678955078 
v 232.7742919921875 -333.3610534667969 189.71119689941406 
v 247.3798828125 -342.9834899902344 189.1757354736328 
v 247.46383666992188 -335.71319580078125 190.78211975097656 
v 257.116943359375 -338.2792053222656 198.70692443847656 
v 233.8655242919922 -344.69415283203125 188.74737548828125 
v 247.7156524658203 -349.18463134765625 189.8182830810547 
v 233.7815704345703 -373.3476257324219 188.2119140625 
v 245.6171417236328 -375.91363525390625 189.38992309570312 
v 235.12461853027344 -428.51629638671875 187.6764678955078 
v 247.96746826171875 -428.51629638671875 188.85447692871094 
v 236.2578125 -445.62286376953125 191.10340881347656 
v 247.33792114257812 -444.9813537597656 192.06724548339844 
v 236.46766662597656 -455.88677978515625 190.78213500976562 
v 247.79959106445312 -454.6037902832031 191.85305786132812 
v 255.6479949951172 -444.5537109375 200.09913635253906 
v 256.3614807128906 -453.74847412109375 200.09913635253906 
v 257.57861328125 -428.7301330566406 198.06439208984375 
v 254.4308624267578 -377.8381042480469 197.74310302734375 
v 257.2008972167969 -353.888916015625 197.63601684570312 
v 259.80303955078125 -340.20367431640625 210.59413146972656 
v 259.928955078125 -356.2410888671875 209.84449768066406 
v 254.80859375 -340.4175109863281 221.8387908935547 
v 256.9490661621094 -378.4796142578125 210.165771484375 
v 260.3066711425781 -428.7301330566406 211.7721710205078 
v 257.9983215332031 -444.3398742675781 211.98635864257812 
v 258.7957458496094 -453.74847412109375 212.30763244628906 
v 253.54949951171875 -444.76751708984375 223.23101806640625 
v 254.17904663085938 -454.1761474609375 223.7664794921875 
v 243.93833923339844 -445.4090270996094 229.44235229492188 
v 244.35804748535156 -455.24530029296875 230.29908752441406 
v 243.93833923339844 -428.9439697265625 231.90545654296875 
v 255.10238647460938 -428.9439697265625 224.7303009033203 
v 252.08053588867188 -377.624267578125 221.83880615234375 
v 254.7246551513672 -354.7442626953125 221.62461853027344 
v 243.56060791015625 -350.2537841796875 228.05014038085938 
v 242.9730224609375 -343.19732666015625 228.69268798828125 
v 242.46939086914062 -338.70684814453125 228.26431274414062 
v 241.79786682128906 -375.4859619140625 228.478515625 
v 239.4055633544922 -169.7795867919922 170.22042846679688 
v 239.11178588867188 -162.93695068359375 173.00482177734375 
v 231.17942810058594 -167.42742919921875 165.5083770751953 
v 231.17942810058594 -161.01246643066406 167.75730895996094 
v 239.57345581054688 -150.53469848632812 179.43032836914062 
v 230.63381958007812 -147.96871948242188 173.218994140625 
v 238.31434631347656 -129.79299926757812 192.17428588867188 
v 234.28521728515625 -127.44083404541016 183.82110595703125 
v 235.33447265625 -121.88121795654297 184.99911499023438 
v 239.53147888183594 -121.02587127685547 193.2451934814453 
v 232.2286834716797 -114.61093139648438 186.49839782714844 
v 241.4621124267578 -131.93130493164062 202.02674865722656 
v 238.39828491210938 -153.74217224121094 186.92677307128906 
v 238.1044921875 -166.99977111816406 181.78636169433594 
v 238.2723846435547 -173.41473388671875 178.25233459472656 
v 228.9130401611328 -174.48390197753906 181.465087890625 
v 229.1648712158203 -168.92425537109375 185.2133026123047 
v 221.23251342773438 -166.7859344482422 179.96580505371094 
v 221.862060546875 -172.13172912597656 176.53884887695312 
v 222.2397918701172 -162.93695068359375 171.29135131835938 
v 222.91131591796875 -168.92425537109375 169.14950561523438 
v 231.17942810058594 -167.42742919921875 165.5083770751953 
v 231.17942810058594 -161.01246643066406 167.75730895996094 
v 230.63381958007812 -147.96871948242188 173.218994140625 
v 220.60296630859375 -149.67938232421875 176.6459503173828 
v 234.28521728515625 -127.44083404541016 183.82110595703125 
v 221.2744903564453 -128.0823516845703 184.1423797607422 
v 219.9314422607422 -120.38438415527344 185.53457641601562 
v 227.31817626953125 -121.6673812866211 185.2133026123047 
v 235.33447265625 -121.88121795654297 184.99911499023438 
v 232.2286834716797 -114.61093139648438 186.49839782714844 
v 224.54815673828125 -113.96942138671875 186.81967163085938 
v 222.91131591796875 -108.62361907958984 195.06576538085938 
v 215.77639770507812 -118.6737289428711 193.88775634765625 
v 221.94601440429688 -105.62996673583984 205.77496337890625 
v 213.04833984375 -118.2460708618164 204.2756805419922 
v 218.2526397705078 -130.64833068847656 192.4955596923828 
v 219.4697723388672 -153.52835083007812 185.10621643066406 
v 228.367431640625 -155.66665649414062 190.2466278076172 
v 216.4479217529297 -133.00045776367188 202.45510864257812 
v 232.90020751953125 -220.0301055908203 144.08998107910156 
v 226.8984832763672 -221.09925842285156 146.3389129638672 
v 232.7742919921875 -214.25665283203125 146.12474060058594 
v 226.35287475585938 -215.32579040527344 148.5878448486328 
v 231.7670135498047 -173.84239196777344 160.4750518798828 
v 222.53358459472656 -175.76687622070312 164.11618041992188 
v 231.17942810058594 -167.42742919921875 165.5083770751953 
v 222.91131591796875 -168.92425537109375 169.14950561523438 
v 226.22695922851562 -223.0237579345703 152.12188720703125 
v 225.6813507080078 -217.464111328125 154.79917907714844 
v 231.55715942382812 -223.8790740966797 155.6559295654297 
v 231.34730529785156 -218.7471160888672 158.5474090576172 
v 236.3417510986328 -224.30674743652344 153.29989624023438 
v 236.59356689453125 -218.7471160888672 155.97720336914062 
v 238.2723846435547 -221.09925842285156 147.51693725585938 
v 238.4822235107422 -215.5396270751953 149.87295532226562 
v 232.90020751953125 -220.0301055908203 144.08998107910156 
v 232.7742919921875 -214.25665283203125 146.12474060058594 
v 239.99314880371094 -175.980712890625 166.04383850097656 
v 231.7670135498047 -173.84239196777344 160.4750518798828 
v 231.17942810058594 -167.42742919921875 165.5083770751953 
v 239.4055633544922 -169.7795867919922 170.22042846679688 
v 238.2723846435547 -173.41473388671875 178.25233459472656 
v 238.566162109375 -180.0435028076172 175.14666748046875 
v 228.9130401611328 -174.48390197753906 181.465087890625 
v 229.75244140625 -182.1818389892578 178.7877960205078 
v 221.94601440429688 -180.0435028076172 173.21900939941406 
v 221.862060546875 -172.13172912597656 176.53884887695312 
v 240.6646728515625 -229.65255737304688 139.5921173095703 
v 241.16831970214844 -233.92918395996094 136.8077392578125 
v 238.77601623535156 -232.00469970703125 145.6963653564453 
v 240.1190643310547 -234.5706787109375 141.7339630126953 
v 240.37088012695312 -238.41966247558594 139.05667114257812 
v 241.4621124267578 -238.41966247558594 134.88006591796875 
v 241.62998962402344 -241.84097290039062 133.48788452148438 
v 240.53875732421875 -241.84095764160156 137.45028686523438 
v 241.2102813720703 -257.8783874511719 129.09710693359375 
v 240.41285705566406 -256.8092041015625 131.9886016845703 
v 240.6646728515625 -229.65255737304688 139.5921173095703 
v 241.4621124267578 -233.0738525390625 144.5183563232422 
v 242.301513671875 -230.29403686523438 140.7701416015625 
v 247.92550659179688 -238.8473358154297 141.41268920898438 
v 247.92550659179688 -236.4951629638672 139.16375732421875 
v 226.22695922851562 -223.0237579345703 152.12188720703125 
v 226.8984832763672 -221.09925842285156 146.3389129638672 
v 223.62481689453125 -230.29403686523438 144.94671630859375 
v 224.46421813964844 -229.01104736328125 138.8424835205078 
v 222.2397918701172 -234.78451538085938 140.6630401611328 
v 223.28904724121094 -234.35684204101562 135.73681640625 
v 221.98797607421875 -238.8473358154297 137.98574829101562 
v 223.07920837402344 -238.8473358154297 133.916259765625 
v 223.4989013671875 -242.26864624023438 132.7382354736328 
v 222.44964599609375 -242.0548095703125 136.5935516357422 
v 227.02439880371094 -257.23687744140625 131.66732788085938 
v 227.8218231201172 -258.0921936035156 128.6687469482422 
v 226.22695922851562 -223.0237579345703 152.12188720703125 
v 223.62481689453125 -230.29403686523438 144.94671630859375 
v 230.96957397460938 -230.72169494628906 148.5878448486328 
v 230.50790405273438 -234.78451538085938 144.41127014160156 
v 240.1190643310547 -234.5706787109375 141.7339630126953 
v 240.37088012695312 -238.41966247558594 139.05667114257812 
v 238.77601623535156 -232.00469970703125 145.6963653564453 
v 231.55715942382812 -223.8790740966797 155.6559295654297 
v 236.3417510986328 -224.30674743652344 153.29989624023438 
v 244.35804748535156 -230.29403686523438 149.5516815185547 
v 241.4621124267578 -233.0738525390625 144.5183563232422 
v 249.4783935546875 -236.92283630371094 143.34034729003906 
v 247.92550659179688 -238.8473358154297 141.41268920898438 
v 222.2397918701172 -234.78451538085938 140.6630401611328 
v 221.98797607421875 -238.8473358154297 137.98574829101562 
v 230.63381958007812 -238.6334991455078 141.841064453125 
v 230.9276123046875 -241.84095764160156 139.80630493164062 
v 240.53875732421875 -241.84095764160156 137.45028686523438 
v 240.41285705566406 -256.8092041015625 131.9886016845703 
v 233.3199005126953 -256.5953674316406 133.27371215820312 
v 222.44964599609375 -242.0548095703125 136.5935516357422 
v 227.02439880371094 -257.23687744140625 131.66732788085938 
v 253.00387573242188 -75.90731811523438 222.48130798339844 
v 245.8689727783203 -77.61797332763672 220.2323760986328 
v 257.158935546875 -88.3095932006836 227.83590698242188 
v 246.66639709472656 -87.0265884399414 226.76498413085938 
v 238.77601623535156 -77.8318099975586 220.44656372070312 
v 239.23768615722656 -70.77533721923828 218.41180419921875 
v 234.3271942138672 -67.99551391601562 218.51890563964844 
v 225.55543518066406 -75.05199432373047 223.33804321289062 
v 232.3126220703125 -64.57421112060547 218.30471801757812 
v 220.14129638671875 -69.92002868652344 220.8749237060547 
v 214.05563354492188 -69.92002868652344 236.938720703125 
v 222.70147705078125 -79.75629425048828 236.938720703125 
v 226.26893615722656 -79.75630187988281 228.47845458984375 
v 234.28521728515625 -82.9637680053711 224.51605224609375 
v 241.9237823486328 -88.95108032226562 228.47845458984375 
v 247.79959106445312 -90.66172790527344 236.93873596191406 
v 258.9216613769531 -90.66172790527344 236.93873596191406 
v 248.30323791503906 -58.159271240234375 220.0181884765625 
v 238.23040771484375 -60.7252311706543 217.126708984375 
v 244.148193359375 -42.121856689453125 222.26712036132812 
v 229.12289428710938 -44.90167236328125 220.8749237060547 
v 245.74305725097656 -37.845245361328125 236.938720703125 
v 227.15029907226562 -39.342037200927734 236.938720703125 
v 218.7143096923828 -53.668800354003906 223.7664031982422 
v 214.72715759277344 -52.59963607788086 236.938720703125 
v 220.14129638671875 -69.92002868652344 220.8749237060547 
v 214.05563354492188 -69.92002868652344 236.938720703125 
v 244.5259246826172 -90.87556457519531 236.93873596191406 
v 235.7122039794922 -58.80076217651367 218.19761657714844 
v 232.52247619628906 -60.72522735595703 218.84017944335938 
v 232.3126220703125 -64.57421112060547 218.30471801757812 
v 238.23040771484375 -60.7252311706543 217.126708984375 
v 235.7122039794922 -58.80076217651367 218.19761657714844 
v 235.20855712890625 -58.58694839477539 216.0557861328125 
v 231.97686767578125 -60.7252311706543 215.30613708496094 
v 232.52247619628906 -60.72522735595703 218.84017944335938 
v 231.72503662109375 -64.57421112060547 215.62741088867188 
v 232.3126220703125 -64.57421112060547 218.30471801757812 
v 233.6976318359375 -68.4231948852539 216.59124755859375 
v 234.3271942138672 -67.99551391601562 218.51890563964844 
v 239.23768615722656 -70.77533721923828 218.41180419921875 
v 252.20645141601562 -44.6878547668457 250.43231201171875 
v 244.148193359375 -42.12185287475586 251.71742248535156 
v 249.60430908203125 -59.656105041503906 256.85784912109375 
v 239.6573944091797 -57.731590270996094 257.8216552734375 
v 242.6792449951172 -74.4104995727539 258.67840576171875 
v 235.20855712890625 -86.812744140625 259.5351257324219 
v 230.9276123046875 -59.86991882324219 258.9996643066406 
v 227.0663604736328 -90.44789123535156 261.355712890625 
v 222.4916229248047 -66.9263916015625 256.6436462402344 
v 219.25991821289062 -101.35332489013672 256.4294738769531 
v 220.14129638671875 -69.92002868652344 253.109619140625 
v 212.4607696533203 -91.94473266601562 237.0458221435547 
v 214.05563354492188 -69.92002868652344 236.938720703125 
v 218.7143096923828 -53.66879653930664 250.21812438964844 
v 229.12289428710938 -44.901668548583984 253.109619140625 
v 251.6608428955078 -76.548828125 257.60748291015625 
v 211.2855987548828 -116.74922943115234 253.3238067626953 
v 204.6123504638672 -126.3716812133789 236.08200073242188 
v 211.2855987548828 -116.74922943115234 221.73167419433594 
v 218.42051696777344 -91.94473266601562 221.3032989501953 
v 221.7781219482422 -98.5735092163086 217.66217041015625 
v 230.34002685546875 -86.59891510009766 218.84017944335938 
v 232.3126220703125 -64.57421112060547 218.30471801757812 
v 220.14129638671875 -69.92002868652344 220.8749237060547 
v 220.60296630859375 -70.77532958984375 252.35997009277344 
v 219.25991821289062 -55.379451751708984 249.68267822265625 
v 222.82737731933594 -67.99551391601562 255.67982482910156 
v 229.0809326171875 -47.03999710083008 252.35997009277344 
v 230.75973510742188 -61.152896881103516 257.92877197265625 
v 239.02783203125 -59.228431701660156 256.750732421875 
v 243.26681518554688 -44.473995208740234 250.9677734375 
v 248.38717651367188 -61.152896881103516 255.7869110107422 
v 250.8634033203125 -47.03999710083008 249.78976440429688 
v 249.60430908203125 -59.656105041503906 256.85784912109375 
v 252.20645141601562 -44.6878547668457 250.43231201171875 
v 251.6608428955078 -76.548828125 257.60748291015625 
v 250.35977172851562 -76.97647857666016 256.53656005859375 
v 241.88180541992188 -75.05198669433594 257.5003967285156 
v 234.83082580566406 -86.59890747070312 258.35711669921875 
v 227.10833740234375 -90.0202407836914 260.0705871582031 
v 219.80552673339844 -100.2841567993164 255.4656524658203 
v 213.3841094970703 -91.51705932617188 237.260009765625 
v 214.85305786132812 -70.77532958984375 237.1529083251953 
v 219.0081024169922 -91.51705932617188 222.3742218017578 
v 220.60296630859375 -70.77533721923828 221.9458465576172 
v 232.10276794433594 -65.64337158203125 219.58982849121094 
v 230.214111328125 -86.38510131835938 220.0181884765625 
v 232.3126220703125 -64.57421112060547 218.30471801757812 
v 230.34002685546875 -86.59891510009766 218.84017944335938 
v 222.15585327148438 -97.71818542480469 218.94728088378906 
v 221.7781219482422 -98.5735092163086 217.66217041015625 
v 212.25091552734375 -114.82473754882812 222.80259704589844 
v 211.2855987548828 -116.74922943115234 221.73167419433594 
v 205.9553985595703 -124.01951599121094 236.2961883544922 
v 204.6123504638672 -126.3716812133789 236.08200073242188 
v 212.25091552734375 -114.82473754882812 252.57415771484375 
v 248.89080810546875 -91.51705169677734 258.99969482421875 
v 211.2855987548828 -116.74922943115234 253.3238067626953 
v 219.25991821289062 -101.35332489013672 256.4294738769531 
v 227.0663604736328 -90.44789123535156 261.355712890625 
v 235.20855712890625 -86.812744140625 259.5351257324219 
v 242.6792449951172 -74.4104995727539 258.67840576171875 
v 241.88180541992188 -89.80640411376953 258.5713195800781 
v 247.7156524658203 -91.08940124511719 257.92877197265625 
v 247.7156524658203 -103.06397247314453 259.9635009765625 
v 246.6244354248047 -101.99481201171875 258.7854919433594 
v 245.4492645263672 -108.40977478027344 259.8564147949219 
v 244.48394775390625 -106.91295623779297 258.7854919433594 
v 243.6025848388672 -201.6405487060547 204.27569580078125 
v 244.6938018798828 -175.12538146972656 208.55935668945312 
v 267.1058349609375 -206.5586700439453 219.48275756835938 
v 265.6368713378906 -174.9115447998047 219.58984375 
v 267.1058349609375 -206.5586700439453 236.93875122070312 
v 265.6368713378906 -174.91152954101562 236.93873596191406 
v 265.6368713378906 -174.91152954101562 254.39474487304688 
v 267.1058349609375 -206.5586700439453 254.5018310546875 
v 271.051025390625 -153.9560089111328 217.01962280273438 
v 241.08438110351562 -149.6793670654297 204.2756805419922 
v 270.8411865234375 -140.69842529296875 214.98487854003906 
v 241.4621124267578 -131.93130493164062 202.02674865722656 
v 256.78118896484375 -122.522705078125 215.73451232910156 
v 242.5952911376953 -121.02587127685547 203.52603149414062 
v 246.6244354248047 -106.05763244628906 225.69407653808594 
v 236.719482421875 -107.12680053710938 205.34658813476562 
v 238.98587036132812 -98.14585876464844 229.013916015625 
v 230.96957397460938 -95.79369354248047 225.051513671875 
v 221.94601440429688 -105.62996673583984 205.77496337890625 
v 222.99525451660156 -93.65538787841797 229.013916015625 
v 242.25953674316406 -99.00118255615234 236.93873596191406 
v 246.6244354248047 -106.05763244628906 236.93873596191406 
v 256.78118896484375 -122.522705078125 236.93873596191406 
v 270.8411865234375 -140.69842529296875 236.93873596191406 
v 271.051025390625 -153.95599365234375 236.93873596191406 
v 271.051025390625 -153.95599365234375 256.9649353027344 
v 244.6938018798828 -175.1253662109375 265.4252014160156 
v 241.08438110351562 -149.6793670654297 269.7088928222656 
v 270.8411865234375 -140.69842529296875 258.99969482421875 
v 256.78118896484375 -122.52269744873047 258.2500305175781 
v 243.6025848388672 -201.6405487060547 269.7088928222656 
v 241.4621124267578 -131.93128967285156 271.95782470703125 
v 242.5952911376953 -121.0258560180664 270.4585266113281 
v 246.6244354248047 -106.05763244628906 248.2904815673828 
v 236.719482421875 -107.12679290771484 268.6379699707031 
v 238.98587036132812 -98.14585876464844 244.9706268310547 
v 230.96957397460938 -95.79368591308594 248.9330291748047 
v 221.94601440429688 -105.62995147705078 268.2095947265625 
v 222.99525451660156 -93.65538787841797 244.9706268310547 
v 221.94601440429688 -105.62995147705078 268.2095947265625 
v 236.719482421875 -107.12679290771484 268.6379699707031 
v 222.91131591796875 -108.62360382080078 278.9187927246094 
v 234.7888641357422 -109.90660858154297 279.2400817871094 
v 224.54815673828125 -113.96940612792969 287.1648864746094 
v 242.5952911376953 -121.0258560180664 270.4585266113281 
v 242.25953674316406 -99.00118255615234 236.93873596191406 
v 238.98587036132812 -98.14585876464844 244.9706268310547 
v 244.5259246826172 -90.87556457519531 236.93873596191406 
v 241.9237823486328 -88.9510726928711 245.50608825683594 
v 230.96957397460938 -95.79368591308594 248.9330291748047 
v 234.28521728515625 -82.9637680053711 249.46849060058594 
v 222.99525451660156 -93.65538787841797 244.9706268310547 
v 226.26893615722656 -79.75629425048828 245.50608825683594 
v 219.67962646484375 -92.80005645751953 236.93873596191406 
v 222.70147705078125 -79.75629425048828 236.938720703125 
v 226.26893615722656 -79.75630187988281 228.47845458984375 
v 222.99525451660156 -93.65538787841797 229.013916015625 
v 234.28521728515625 -82.9637680053711 224.51605224609375 
v 230.96957397460938 -95.79369354248047 225.051513671875 
v 241.9237823486328 -88.95108032226562 228.47845458984375 
v 238.98587036132812 -98.14585876464844 229.013916015625 
v 244.5259246826172 -90.87556457519531 236.93873596191406 
v 242.25953674316406 -99.00118255615234 236.93873596191406 
v 222.0299530029297 -457.38360595703125 265.2110900878906 
v 226.6046905517578 -456.7420959472656 276.7770080566406 
v 231.05352783203125 -446.26434326171875 264.78271484375 
v 233.06808471679688 -446.4781799316406 269.8160400390625 
v 236.46766662597656 -455.88677978515625 283.2025451660156 
v 247.79959106445312 -454.6037902832031 282.1316223144531 
v 237.43296813964844 -447.1196594238281 272.70751953125 
v 242.46939086914062 -447.76116943359375 272.17205810546875 
v 244.35804748535156 -455.24530029296875 243.6855926513672 
v 232.98414611816406 -456.314453125 244.75650024414062 
v 241.0424041748047 -447.9750061035156 255.35861206054688 
v 236.00599670410156 -447.33349609375 255.78697204589844 
v 256.3614807128906 -453.74847412109375 273.8855285644531 
v 258.7957458496094 -453.74847412109375 261.6770324707031 
v 246.28866577148438 -448.40264892578125 268.6380310058594 
v 247.42185974121094 -448.6164855957031 263.2834167480469 
v 258.7957458496094 -453.74847412109375 261.6770324707031 
v 254.17904663085938 -454.1761169433594 250.21820068359375 
v 247.42185974121094 -448.6164855957031 263.2834167480469 
v 245.40728759765625 -448.6164855957031 258.14300537109375 
v 247.79959106445312 -454.6037902832031 282.1316223144531 
v 256.3614807128906 -453.74847412109375 273.8855285644531 
v 242.46939086914062 -447.76116943359375 272.17205810546875 
v 246.28866577148438 -448.40264892578125 268.6380310058594 
v 242.34347534179688 -474.9178161621094 254.60897827148438 
v 233.44581604003906 -462.3017578125 255.5727996826172 
v 235.04067993164062 -474.9178161621094 255.25152587890625 
v 228.03167724609375 -462.0879211425781 259.96356201171875 
v 229.50062561035156 -474.9178161621094 260.4990234375 
v 226.4368133544922 -461.87408447265625 266.4961853027344 
v 227.86380004882812 -474.9178161621094 268.1025695800781 
v 229.2068328857422 -461.87408447265625 272.6004333496094 
v 230.71775817871094 -475.13165283203125 275.38482666015625 
v 235.33447265625 -461.6602478027344 276.0273742675781 
v 237.01327514648438 -475.13165283203125 279.4543151855469 
v 237.43296813964844 -447.1196594238281 272.70751953125 
v 233.06808471679688 -446.4781799316406 269.8160400390625 
v 231.05352783203125 -446.26434326171875 264.78271484375 
v 232.18670654296875 -446.6920166015625 259.4281005859375 
v 236.00599670410156 -447.33349609375 255.78697204589844 
v 240.5807342529297 -462.3017578125 254.9302520751953 
v 241.0424041748047 -447.9750061035156 255.35861206054688 
v 254.8925323486328 -460.5910949707031 273.99261474609375 
v 279.52899169921875 -470.4273681640625 277.20538330078125 
v 242.46939086914062 -447.76116943359375 272.17205810546875 
v 242.46939086914062 -461.87408447265625 275.8132019042969 
v 235.33447265625 -461.6602478027344 276.0273742675781 
v 237.01327514648438 -475.13165283203125 279.4543151855469 
v 244.31607055664062 -475.3454895019531 278.811767578125 
v 280.20050048828125 -475.559326171875 278.811767578125 
v 237.43296813964844 -447.1196594238281 272.70751953125 
v 278.2279052734375 -475.13165283203125 254.60897827148438 
v 284.5234375 -475.3454895019531 258.678466796875 
v 248.6389923095703 -474.9178161621094 258.678466796875 
v 251.53492736816406 -475.13165283203125 265.9607238769531 
v 242.34347534179688 -474.9178161621094 254.60897827148438 
v 238.4402618408203 -474.9178161621094 264.46142578125 
v 235.04067993164062 -474.9178161621094 255.25152587890625 
v 229.50062561035156 -474.9178161621094 260.4990234375 
v 238.60813903808594 -475.13165283203125 270.565673828125 
v 227.86380004882812 -474.9178161621094 268.1025695800781 
v 237.01327514648438 -475.13165283203125 279.4543151855469 
v 230.71775817871094 -475.13165283203125 275.38482666015625 
v 244.31607055664062 -475.3454895019531 278.811767578125 
v 249.8561248779297 -475.13165283203125 273.56427001953125 
v 285.7405700683594 -475.559326171875 273.56427001953125 
v 287.3774108886719 -475.3454895019531 265.9607238769531 
v 280.20050048828125 -475.559326171875 278.811767578125 
v 241.0424041748047 -447.9750061035156 255.35861206054688 
v 253.5075225830078 -460.804931640625 257.1791687011719 
v 240.5807342529297 -462.3017578125 254.9302520751953 
v 277.64031982421875 -470.8550109863281 256.6437072753906 
v 242.34347534179688 -474.9178161621094 254.60897827148438 
v 278.2279052734375 -475.13165283203125 254.60897827148438 
v 232.98414611816406 -456.314453125 244.75650024414062 
v 236.00599670410156 -447.33349609375 255.78697204589844 
v 224.46421813964844 -457.1697692871094 253.00259399414062 
v 232.18670654296875 -446.6920166015625 259.4281005859375 
v 226.6046905517578 -456.7420959472656 276.7770080566406 
v 233.06808471679688 -446.4781799316406 269.8160400390625 
v 236.46766662597656 -455.88677978515625 283.2025451660156 
v 237.43296813964844 -447.1196594238281 272.70751953125 
v 224.46421813964844 -457.1697692871094 253.00259399414062 
v 232.18670654296875 -446.6920166015625 259.4281005859375 
v 222.0299530029297 -457.38360595703125 265.2110900878906 
v 231.05352783203125 -446.26434326171875 264.78271484375 
v 254.17904663085938 -454.1761169433594 250.21820068359375 
v 245.40728759765625 -448.6164855957031 258.14300537109375 
v 244.35804748535156 -455.24530029296875 243.6855926513672 
v 241.0424041748047 -447.9750061035156 255.35861206054688 
v 241.2102813720703 -257.87835693359375 344.8874816894531 
v 241.62998962402344 -241.84092712402344 340.4967041015625 
v 234.91476440429688 -258.51983642578125 346.6009521484375 
v 233.1100616455078 -242.2686004638672 343.70947265625 
v 227.8218231201172 -258.0921630859375 345.31585693359375 
v 223.4989013671875 -242.2686004638672 341.2463684082031 
v 232.81626892089844 -238.6334686279297 342.8527526855469 
v 223.07920837402344 -238.84730529785156 340.068359375 
v 232.60641479492188 -233.9291534423828 340.9250793457031 
v 223.28904724121094 -234.3568115234375 338.2477722167969 
v 232.6903533935547 -228.58335876464844 337.71234130859375 
v 224.46421813964844 -229.01101684570312 335.1421203613281 
v 232.90020751953125 -220.0300750732422 329.89459228515625 
v 226.8984832763672 -221.09922790527344 327.6456604003906 
v 241.4621124267578 -238.4196319580078 339.1045227050781 
v 241.16831970214844 -233.9291534423828 337.1768798828125 
v 240.6646728515625 -229.65252685546875 334.3924865722656 
v 238.2723846435547 -221.09922790527344 326.4676513671875 
v 242.301513671875 -230.29400634765625 333.2144470214844 
v 245.4492645263672 -227.08651733398438 327.7527770996094 
v 247.92550659179688 -236.49513244628906 334.8208312988281 
v 249.4783935546875 -234.57064819335938 332.8931884765625 
v 240.41285705566406 -256.8091735839844 341.9960021972656 
v 233.3199005126953 -256.5953369140625 340.7109069824219 
v 241.2102813720703 -257.87835693359375 344.8874816894531 
v 227.02439880371094 -257.2368469238281 342.3172912597656 
v 234.91476440429688 -258.51983642578125 346.6009521484375 
v 227.8218231201172 -258.0921630859375 345.31585693359375 
v 238.2723846435547 -221.09922790527344 326.4676513671875 
v 236.3417510986328 -224.30673217773438 320.6846923828125 
v 245.4492645263672 -227.08651733398438 327.7527770996094 
v 244.35804748535156 -230.29400634765625 324.43292236328125 
v 249.4783935546875 -234.57064819335938 332.8931884765625 
v 249.4783935546875 -236.9228057861328 330.6442565917969 
v 247.92550659179688 -236.49513244628906 334.8208312988281 
v 247.92550659179688 -238.84730529785156 332.5718994140625 
v 242.46939086914062 -447.76116943359375 272.17205810546875 
v 246.28866577148438 -448.40264892578125 268.6380310058594 
v 254.8925323486328 -460.5910949707031 273.99261474609375 
v 258.7118225097656 -461.2325744628906 270.4585876464844 
v 279.52899169921875 -470.4273681640625 277.20538330078125 
v 284.943115234375 -470.64117431640625 272.8146057128906 
v 280.20050048828125 -475.559326171875 278.811767578125 
v 285.7405700683594 -475.559326171875 273.56427001953125 
v 286.5799560546875 -470.8550109863281 266.2820129394531 
v 287.3774108886719 -475.3454895019531 265.9607238769531 
v 247.42185974121094 -448.6164855957031 263.2834167480469 
v 259.8450012207031 -461.4464111328125 265.1039733886719 
v 245.40728759765625 -448.6164855957031 258.14300537109375 
v 257.8304443359375 -461.4464111328125 259.96356201171875 
v 241.0424041748047 -447.9750061035156 255.35861206054688 
v 253.5075225830078 -460.804931640625 257.1791687011719 
v 283.7679748535156 -470.8550109863281 260.1777648925781 
v 284.5234375 -475.3454895019531 258.678466796875 
v 277.64031982421875 -470.8550109863281 256.6437072753906 
v 278.2279052734375 -475.13165283203125 254.60897827148438 
v 214.05563354492188 -69.92002868652344 236.938720703125 
v 220.14129638671875 -69.92002868652344 253.109619140625 
v 214.72715759277344 -52.59963607788086 236.938720703125 
v 218.7143096923828 -53.66879653930664 250.21812438964844 
v 227.15029907226562 -39.342037200927734 236.938720703125 
v 229.12289428710938 -44.901668548583984 253.109619140625 
v 245.74305725097656 -37.845245361328125 236.938720703125 
v 244.148193359375 -42.12185287475586 251.71742248535156 
v 233.6976318359375 -68.42318725585938 257.393310546875 
v 239.23768615722656 -70.77532958984375 255.57273864746094 
v 231.72503662109375 -64.57420349121094 258.35711669921875 
v 238.23040771484375 -60.725223541259766 256.85784912109375 
v 235.20855712890625 -58.58694076538086 257.92877197265625 
v 231.97686767578125 -60.725223541259766 258.67840576171875 
v 221.94601440429688 -105.62996673583984 205.77496337890625 
v 222.91131591796875 -108.62361907958984 195.06576538085938 
v 236.719482421875 -107.12680053710938 205.34658813476562 
v 234.7888641357422 -109.90662384033203 194.74449157714844 
v 242.5952911376953 -121.02587127685547 203.52603149414062 
v 224.54815673828125 -113.96942138671875 186.81967163085938 
v 233.06808471679688 -446.4781799316406 204.16864013671875 
v 231.05352783203125 -446.26434326171875 209.20196533203125 
v 226.6046905517578 -456.74212646484375 197.20765686035156 
v 222.0299530029297 -457.38360595703125 208.77359008789062 
v 242.46939086914062 -447.76116943359375 201.81260681152344 
v 237.43296813964844 -447.11968994140625 201.2771453857422 
v 247.79959106445312 -454.6037902832031 191.85305786132812 
v 236.46766662597656 -455.88677978515625 190.78213500976562 
v 236.00599670410156 -447.33349609375 218.19769287109375 
v 241.0424041748047 -447.9750061035156 218.6260528564453 
v 232.98414611816406 -456.314453125 229.22816467285156 
v 244.35804748535156 -455.24530029296875 230.29908752441406 
v 247.42185974121094 -448.61651611328125 210.7012481689453 
v 246.28866577148438 -448.4026794433594 205.34664916992188 
v 258.7957458496094 -453.74847412109375 212.30763244628906 
v 256.3614807128906 -453.74847412109375 200.09913635253906 
v 245.40728759765625 -448.61651611328125 215.84165954589844 
v 247.42185974121094 -448.61651611328125 210.7012481689453 
v 254.17904663085938 -454.1761474609375 223.7664794921875 
v 258.7957458496094 -453.74847412109375 212.30763244628906 
v 246.28866577148438 -448.4026794433594 205.34664916992188 
v 242.46939086914062 -447.76116943359375 201.81260681152344 
v 256.3614807128906 -453.74847412109375 200.09913635253906 
v 247.79959106445312 -454.6037902832031 191.85305786132812 
v 237.01327514648438 -475.1316833496094 194.53036499023438 
v 230.71775817871094 -475.1316833496094 198.599853515625 
v 235.33447265625 -461.6602478027344 197.95730590820312 
v 229.2068328857422 -461.87408447265625 201.38424682617188 
v 237.43296813964844 -447.11968994140625 201.2771453857422 
v 233.06808471679688 -446.4781799316406 204.16864013671875 
v 226.4368133544922 -461.87408447265625 207.48849487304688 
v 231.05352783203125 -446.26434326171875 209.20196533203125 
v 228.03167724609375 -462.0879211425781 214.02110290527344 
v 232.18670654296875 -446.6920166015625 214.5565643310547 
v 233.44581604003906 -462.3017578125 218.41188049316406 
v 235.04067993164062 -474.9178466796875 218.733154296875 
v 242.34347534179688 -474.9178466796875 219.37570190429688 
v 240.5807342529297 -462.3017578125 219.05442810058594 
v 236.00599670410156 -447.33349609375 218.19769287109375 
v 241.0424041748047 -447.9750061035156 218.6260528564453 
v 229.50062561035156 -474.9178466796875 213.4856414794922 
v 227.86380004882812 -474.9178466796875 205.88211059570312 
v 237.43296813964844 -447.11968994140625 201.2771453857422 
v 242.46939086914062 -447.76116943359375 201.81260681152344 
v 235.33447265625 -461.6602478027344 197.95730590820312 
v 242.46939086914062 -461.87408447265625 198.17147827148438 
v 237.01327514648438 -475.1316833496094 194.53036499023438 
v 244.31607055664062 -475.3454895019531 195.17291259765625 
v 280.20050048828125 -475.559326171875 195.17291259765625 
v 279.52899169921875 -470.4273681640625 196.779296875 
v 254.8925323486328 -460.5910949707031 199.99205017089844 
v 278.2279052734375 -475.1316833496094 219.37570190429688 
v 284.5234375 -475.3454895019531 215.30621337890625 
v 248.6389923095703 -474.9178466796875 215.30621337890625 
v 251.53492736816406 -475.1316833496094 208.02395629882812 
v 242.34347534179688 -474.9178466796875 219.37570190429688 
v 238.4402618408203 -474.9178466796875 209.5232391357422 
v 235.04067993164062 -474.9178466796875 218.733154296875 
v 229.50062561035156 -474.9178466796875 213.4856414794922 
v 238.60813903808594 -475.1316833496094 203.4189910888672 
v 227.86380004882812 -474.9178466796875 205.88211059570312 
v 237.01327514648438 -475.1316833496094 194.53036499023438 
v 230.71775817871094 -475.1316833496094 198.599853515625 
v 287.3774108886719 -475.3454895019531 208.02395629882812 
v 249.8561248779297 -475.1316833496094 200.42042541503906 
v 285.7405700683594 -475.559326171875 200.42042541503906 
v 244.31607055664062 -475.3454895019531 195.17291259765625 
v 280.20050048828125 -475.559326171875 195.17291259765625 
v 241.0424041748047 -447.9750061035156 218.6260528564453 
v 240.5807342529297 -462.3017578125 219.05442810058594 
v 253.5075225830078 -460.804931640625 216.8054962158203 
v 277.64031982421875 -470.85504150390625 217.34095764160156 
v 242.34347534179688 -474.9178466796875 219.37570190429688 
v 278.2279052734375 -475.1316833496094 219.37570190429688 
v 232.18670654296875 -446.6920166015625 214.5565643310547 
v 224.46421813964844 -457.1697692871094 220.98208618164062 
v 236.00599670410156 -447.33349609375 218.19769287109375 
v 232.98414611816406 -456.314453125 229.22816467285156 
v 237.43296813964844 -447.11968994140625 201.2771453857422 
v 236.46766662597656 -455.88677978515625 190.78213500976562 
v 233.06808471679688 -446.4781799316406 204.16864013671875 
v 226.6046905517578 -456.74212646484375 197.20765686035156 
v 231.05352783203125 -446.26434326171875 209.20196533203125 
v 222.0299530029297 -457.38360595703125 208.77359008789062 
v 232.18670654296875 -446.6920166015625 214.5565643310547 
v 224.46421813964844 -457.1697692871094 220.98208618164062 
v 241.0424041748047 -447.9750061035156 218.6260528564453 
v 244.35804748535156 -455.24530029296875 230.29908752441406 
v 245.40728759765625 -448.61651611328125 215.84165954589844 
v 254.17904663085938 -454.1761474609375 223.7664794921875 
v 241.2102813720703 -257.8783874511719 129.09710693359375 
v 241.62998962402344 -241.84097290039062 133.48788452148438 
v 234.91476440429688 -258.5198669433594 127.38363647460938 
v 233.1100616455078 -242.26864624023438 130.27513122558594 
v 227.8218231201172 -258.0921936035156 128.6687469482422 
v 223.4989013671875 -242.26864624023438 132.7382354736328 
v 232.81626892089844 -238.6334991455078 131.13185119628906 
v 223.07920837402344 -238.8473358154297 133.916259765625 
v 232.60641479492188 -233.92918395996094 133.05950927734375 
v 223.28904724121094 -234.35684204101562 135.73681640625 
v 232.6903533935547 -228.58338928222656 136.2722625732422 
v 224.46421813964844 -229.01104736328125 138.8424835205078 
v 232.90020751953125 -220.0301055908203 144.08998107910156 
v 226.8984832763672 -221.09925842285156 146.3389129638672 
v 241.4621124267578 -238.41966247558594 134.88006591796875 
v 241.16831970214844 -233.92918395996094 136.8077392578125 
v 240.6646728515625 -229.65255737304688 139.5921173095703 
v 238.2723846435547 -221.09925842285156 147.51693725585938 
v 242.301513671875 -230.29403686523438 140.7701416015625 
v 245.4492645263672 -227.0865478515625 146.23182678222656 
v 247.92550659179688 -236.4951629638672 139.16375732421875 
v 249.4783935546875 -234.5706787109375 141.09141540527344 
v 240.41285705566406 -256.8092041015625 131.9886016845703 
v 233.3199005126953 -256.5953674316406 133.27371215820312 
v 241.2102813720703 -257.8783874511719 129.09710693359375 
v 227.02439880371094 -257.23687744140625 131.66732788085938 
v 234.91476440429688 -258.5198669433594 127.38363647460938 
v 227.8218231201172 -258.0921936035156 128.6687469482422 
v 238.2723846435547 -221.09925842285156 147.51693725585938 
v 236.3417510986328 -224.30674743652344 153.29989624023438 
v 245.4492645263672 -227.0865478515625 146.23182678222656 
v 244.35804748535156 -230.29403686523438 149.5516815185547 
v 249.4783935546875 -234.5706787109375 141.09141540527344 
v 249.4783935546875 -236.92283630371094 143.34034729003906 
v 247.92550659179688 -236.4951629638672 139.16375732421875 
v 247.92550659179688 -238.8473358154297 141.41268920898438 
v 242.46939086914062 -447.76116943359375 201.81260681152344 
v 246.28866577148438 -448.4026794433594 205.34664916992188 
v 254.8925323486328 -460.5910949707031 199.99205017089844 
v 258.7118225097656 -461.23260498046875 203.52609252929688 
v 279.52899169921875 -470.4273681640625 196.779296875 
v 284.943115234375 -470.6412048339844 201.17005920410156 
v 280.20050048828125 -475.559326171875 195.17291259765625 
v 285.7405700683594 -475.559326171875 200.42042541503906 
v 286.5799560546875 -470.85504150390625 207.7026824951172 
v 287.3774108886719 -475.3454895019531 208.02395629882812 
v 247.42185974121094 -448.61651611328125 210.7012481689453 
v 259.8450012207031 -461.4464111328125 208.8806915283203 
v 245.40728759765625 -448.61651611328125 215.84165954589844 
v 257.8304443359375 -461.4464111328125 214.02110290527344 
v 241.0424041748047 -447.9750061035156 218.6260528564453 
v 253.5075225830078 -460.804931640625 216.8054962158203 
v 283.7679748535156 -470.85504150390625 213.80691528320312 
v 284.5234375 -475.3454895019531 215.30621337890625 
v 277.64031982421875 -470.85504150390625 217.34095764160156 
v 278.2279052734375 -475.1316833496094 219.37570190429688 
v 233.6976318359375 -68.4231948852539 216.59124755859375 
v 239.23768615722656 -70.77533721923828 218.41180419921875 
v 231.72503662109375 -64.57421112060547 215.62741088867188 
v 238.23040771484375 -60.7252311706543 217.126708984375 
v 235.20855712890625 -58.58694839477539 216.0557861328125 
v 231.97686767578125 -60.7252311706543 215.30613708496094 
v 241.88180541992188 -75.05198669433594 257.5003967285156 
v 241.88180541992188 -89.80640411376953 258.5713195800781 
v 242.6792449951172 -90.0202407836914 259.74932861328125 
v 248.89080810546875 -91.51705169677734 258.99969482421875 
v 245.4492645263672 -108.40977478027344 259.8564147949219 
v 247.7156524658203 -103.06397247314453 259.9635009765625 
v 244.48394775390625 -106.91295623779297 258.7854919433594 
v 241.9237823486328 -88.95108032226562 228.47845458984375 
v 244.5259246826172 -90.87556457519531 236.93873596191406 
v 234.28521728515625 -82.9637680053711 224.51605224609375 
v 226.26893615722656 -79.75630187988281 228.47845458984375 
v 222.70147705078125 -79.75629425048828 236.938720703125 
v 226.26893615722656 -79.75629425048828 245.50608825683594 
v 234.28521728515625 -82.9637680053711 249.46849060058594 
v 241.9237823486328 -88.9510726928711 245.50608825683594 
vn -0.0022998880594968796 0.0025283521972596645 0.009397762827575207 
vn 0.004093032330274582 0.002231295919045806 0.008846943266689777 
vn 0.00003773320349864662 0.004719988442957401 0.008815910667181015 
vn 0.007356543559581041 0.0029067674186080694 0.006118167657405138 
vn 0.007952334359288216 0.0009815312223508954 0.005983057431876659 
vn -0.0018767757574096322 -0.00002184534059779253 0.009822282940149307 
vn 0.003755440004169941 0.0002839737862814218 0.009263694286346436 
vn -0.0020420015789568424 -0.0015017359983175993 0.00967341847717762 
vn 0.0034564670640975237 -0.0014585234457626939 0.00926960352808237 
vn -0.0025200429372489452 -0.0008945264853537083 0.009635829366743565 
vn 0.0032411538995802402 -0.0022312928922474384 0.009193272329866886 
vn 0.003825291059911251 -0.00028397078858688474 0.009235070087015629 
vn 0.008141295053064823 -0.0012420597486197948 0.00567244179546833 
vn 0.008537262678146362 -0.0006331371841952205 0.005168586038053036 
vn 0.009909827262163162 -0.0011553033255040646 -0.0006786727462895215 
vn 0.00992253702133894 -0.0007638987735845149 -0.0009796546073630452 
vn 0.008550440892577171 0.00041497385245747864 0.005168921779841185 
vn 0.00879710540175438 0.0010250044288113713 0.0046433075331151485 
vn 0.009842739440500736 -0.0003713126352522522 0.0017270258395001292 
vn 0.00970395840704441 -0.0017603819724172354 0.0016535567119717598 
vn 0.009658291935920715 -0.0014152841176837683 0.0021712598390877247 
vn 0.008988285437226295 0.0002402941172476858 0.004376412834972143 
vn 0.0009978048037737608 0.0027391035109758377 0.009565652348101139 
vn 0.009995967149734497 -0.00028397227288223803 4.626504734872583e-11 
vn 0.009905431419610977 -0.001372016966342926 2.2353037476552373e-10 
vn 0.009658291935920715 -0.0014152848161756992 -0.0021712593734264374 
vn 0.008988285437226295 0.0002402926911599934 -0.004376412834972143 
vn 0.007952334359288216 0.0009815292432904243 -0.005983057897537947 
vn 0.00003773320349864662 0.004719985648989677 -0.008815912529826164 
vn 0.0009978048037737608 0.00273910048417747 -0.009565653279423714 
vn 0.009907069616019726 0.00045862499973736703 -0.0012804836733266711 
vn 0.009989986196160316 -0.00024029346241150051 -0.00037739649997092783 
vn -0.0022998880594968796 0.002528349170461297 -0.009397763758897781 
vn 0.004093032330274582 0.0022312928922474384 -0.008846944198012352 
vn 0.007356543559581041 0.00290676555596292 -0.006118168588727713 
vn 0.00879710540175438 0.0010250029154121876 -0.004643307998776436 
vn 0.003755440004169941 0.00028397078858688474 -0.009263694286346436 
vn 0.008550440892577171 0.00041497216443531215 -0.005168922245502472 
vn 0.0034564670640975237 -0.0014585264725610614 -0.009269602596759796 
vn -0.0020420015789568424 -0.0015017391415312886 -0.009673417545855045 
vn -0.0025200429372489452 -0.0008945296285673976 -0.009635829366743565 
vn 0.0032411538995802402 -0.002231295919045806 -0.009193271398544312 
vn 0.003825291059911251 -0.0002839737862814218 -0.009235070087015629 
vn 0.008141295053064823 -0.001242061611264944 -0.005672441329807043 
vn 0.008537262678146362 -0.000633138872217387 -0.005168585572391748 
vn 0.009909827262163162 -0.001155303092673421 0.0006786731537431479 
vn 0.00992253702133894 -0.0007638984825462103 0.0009796548401936889 
vn -0.0018767757574096322 -0.00002184854201914277 -0.009822282940149307 
vn 0.009907069616019726 0.0004586254362948239 0.0012804835569113493 
vn 0.009989986196160316 -0.0002402933459961787 0.00037739655817858875 
vn 0.009842739440500736 -0.0003713131882250309 -0.0017270257230848074 
vn 0.00970395840704441 -0.0017603824380785227 -0.0016535561298951507 
vn 0.009776297956705093 -0.0021033294033259153 3.4267652604391685e-10 
vn 0.009633725509047508 -0.002654952695593238 0.00037756565143354237 
vn 0.009678015485405922 -0.0024437066167593002 0.0006035941769368947 
vn 0.007916588336229324 -0.005902569741010666 -0.0015771148027852178 
vn 0.009652630425989628 -0.0026128017343580723 4.256802688118455e-10 
vn 0.009633725509047508 -0.002654952695593238 -0.00037756477831862867 
vn 0.009678015485405922 -0.002443706849589944 -0.0006035933620296419 
vn 0.007916588336229324 -0.005902568809688091 0.0015771167818456888 
vn 0.006954262964427471 -0.00718597462400794 1.1707461666787822e-9 
vn 0.0008098054677248001 -0.008429673500359058 -0.0053183468990027905 
vn -0.00013107800623402 -0.009999141097068787 1.6290701010390762e-9 
vn 0.0008098054677248001 -0.00842967163771391 0.005318349692970514 
vn 0.0077203200198709965 -0.001803375780582428 0.006094628479331732 
vn 0.007228041999042034 0.00019661108672153205 0.006907731294631958 
vn 0.007308253552764654 -0.0011118898401036859 0.006734473165124655 
vn 0.001634826185181737 -0.0022312928922474384 0.009609822183847427 
vn 0.002170716179534793 -0.00041497143683955073 0.009752732701599598 
vn 0.002338031306862831 -0.0012854026863351464 0.009637497365474701 
vn 0.002080759732052684 -0.0010684559820219874 0.009722594171762466 
vn 0.007262524217367172 -0.0005895247450098395 0.0068489559926092625 
vn 0.0018767757574096322 0.00002184854201914277 0.009822282940149307 
vn 0.007690810598433018 -0.0011986923636868596 0.0062781027518212795 
vn 0.00024552340619266033 -0.0023163913283497095 0.009724918752908707 
vn -0.008611527271568775 -0.004526273347437382 0.0023139668628573418 
vn -0.008688051253557205 -0.0031150919385254383 0.0038488912396132946 
vn -0.008297019638121128 -0.0010250027989968657 0.00548715190961957 
vn -0.009937921538949013 -0.0011118910042569041 -0.000037751993659185246 
vn -0.007876493968069553 0.004092631861567497 0.004605562891811132 
vn -0.00932603795081377 0.003608821425586939 -0.00003770814510062337 
vn -0.007876493968069553 0.004092630464583635 -0.004605564288794994 
vn -0.008297019638121128 -0.001025004661642015 -0.0054871514439582825 
vn 0.0009978048037737608 0.00273910048417747 -0.009565653279423714 
vn 0.00020760230836458504 -0.0005459040985442698 -0.009982929565012455 
vn 0.00024552340619266033 -0.002316394355148077 -0.009724917821586132 
vn -0.008688051253557205 -0.0031150931026786566 -0.0038488900754600763 
vn -0.009727943688631058 -0.0023163927253335714 -0.000037776375393150374 
vn -0.009895321913063526 0.00019661019905470312 0.0014296671142801642 
vn -0.009408405981957912 0.002401314675807953 0.0023907283321022987 
vn -0.00958653911948204 0.002781098475679755 0.0006031334050931036 
vn -0.009993103332817554 0.00037131289718672633 -6.049260398155454e-11 
vn -0.009895321913063526 0.0001966097333934158 -0.001429667230695486 
vn -0.008611527271568775 -0.004526273813098669 -0.00231396546587348 
vn 0.007690810598433018 -0.0011986943427473307 -0.006278102286159992 
vn 0.00020760230836458504 -0.0005459008389152586 0.009982929565012455 
vn 0.0009978048037737608 0.0027391035109758377 0.009565652348101139 
vn -0.009408405981957912 0.002401313977316022 -0.0023907290305942297 
vn -0.00958653911948204 0.002781098475679755 -0.0006031343364156783 
vn -0.008770019747316837 0.004526273347437382 -0.0016123264795169234 
vn -0.0043418495915830135 0.008358432911336422 -0.003359306836500764 
vn -0.007318778429180384 0.004330398980528116 -0.005261475685983896 
vn -0.009194295853376389 0.003932545892894268 -6.406924435431449e-10 
vn -0.009446462616324425 0.0032806876115500927 -0.000037709676689701155 
vn -0.007318778429180384 0.004330400377511978 0.005261474289000034 
vn -0.008770019747316837 0.004526273813098669 0.0016123249661177397 
vn -0.0043418495915830135 0.008358433842658997 0.0033593042753636837 
vn -0.009663880802690983 0.002570600714534521 0.000037714027712354437 
vn -0.009865938685834408 0.000851001066621393 0.0013924984959885478 
vn -0.009387076832354069 -0.0034452807158231735 -0.00011328421533107758 
vn -0.009613042697310448 -0.0011553027434274554 0.002500934526324272 
vn -0.008579994551837444 -0.0032806883100420237 -0.003952312748879194 
vn -0.008856821805238724 -0.004642766900360584 -0.00003775323784793727 
vn -0.009922564961016178 0.0012420606799423695 -2.0235571551729947e-10 
vn -0.008024463430047035 0.004092631861567497 0.00434262165799737 
vn -0.007073782850056887 0.0011118920519948006 0.0069803511723876 
vn -0.009848024696111679 -0.0012854040833190084 0.0011679674498736858 
vn -0.008335542865097523 -0.0014585257740691304 -0.005328360944986343 
vn -0.003562045283615589 -0.0011118925176560879 -0.009277690201997757 
vn -0.004026481881737709 -0.002739103278145194 -0.008734114468097687 
vn -0.005345500074326992 -0.007737895008176565 -0.0033986177295446396 
vn -0.00435008155182004 -0.009004265069961548 1.4669847558934634e-9 
vn 0.0008098054677248001 -0.008429673500359058 -0.0053183468990027905 
vn -0.00013107800623402 -0.009999141097068787 1.6290701010390762e-9 
vn 0.001634826185181737 -0.002231295919045806 -0.009609821252524853 
vn 0.002170716179534793 -0.0004149746091570705 -0.009752732701599598 
vn 0.002338031306862831 -0.0012854058295488358 -0.009637496434152126 
vn -0.003402187256142497 -0.0010250052437186241 -0.009347432292997837 
vn 0.002080759732052684 -0.0010684591252356768 -0.009722594171762466 
vn -0.0038429140113294125 -0.000545903982128948 -0.009215964935719967 
vn 0.0018767757574096322 0.00002184534059779253 -0.009822282940149307 
vn -0.008322269655764103 -0.0012854051310569048 -0.0053932880982756615 
vn -0.009816617704927921 -0.001588075770996511 0.0010545332916080952 
vn -0.00847285520285368 -0.00037131377030164003 -0.005298382602632046 
vn -0.009958012960851192 -0.0004586250870488584 0.0007922361837700009 
vn -0.0071411943063139915 -0.0016311989165842533 0.006807534955441952 
vn -0.007501611020416021 -0.0007638975512236357 0.006568278651684523 
vn -0.0025200429372489452 -0.0008945264853537083 0.009635829366743565 
vn -0.0020420015789568424 -0.0015017359983175993 0.00967341847717762 
vn -0.0018767757574096322 -0.00002184534059779253 0.009822282940149307 
vn -0.007147695869207382 -0.0006767369923181832 0.006960780825465918 
vn -0.0022998880594968796 0.0025283521972596645 0.009397762827575207 
vn 0.00003773320349864662 0.004719988442957401 0.008815910667181015 
vn 0.0009978048037737608 0.0027391035109758377 0.009565652348101139 
vn -0.007876493968069553 0.004092631861567497 0.004605562891811132 
vn -0.009069656021893024 0.0042118774726986885 -0.00003774019569391385 
vn -0.00932603795081377 0.003608821425586939 -0.00003770814510062337 
vn -0.007876493968069553 0.004092630464583635 -0.004605564288794994 
vn -0.008024463430047035 0.004092630464583635 -0.004342623054981232 
vn 0.0009978048037737608 0.00273910048417747 -0.009565653279423714 
vn 0.00003773320349864662 0.004719985648989677 -0.008815912529826164 
vn -0.0022998880594968796 0.002528349170461297 -0.009397763758897781 
vn -0.007073782850056887 0.0011118898401036859 -0.0069803511723876 
vn -0.007147695869207382 -0.0006767392042092979 -0.00696078035980463 
vn -0.0018767757574096322 -0.00002184854201914277 -0.009822282940149307 
vn -0.0071411943063139915 -0.001631201128475368 -0.0068075344897806644 
vn -0.0020420015789568424 -0.0015017391415312886 -0.009673417545855045 
vn -0.0025200429372489452 -0.0008945296285673976 -0.009635829366743565 
vn -0.007501611020416021 -0.0007638997049070895 -0.006568278651684523 
vn -0.009958012960851192 -0.0004586253489833325 -0.0007922360091470182 
vn -0.009816617704927921 -0.0015880761202424765 -0.0010545328259468079 
vn -0.00847285520285368 -0.0003713120531756431 0.005298382602632046 
vn -0.009848024696111679 -0.0012854044325649738 -0.0011679669842123985 
vn -0.009613042697310448 -0.0011553035583347082 -0.002500934060662985 
vn -0.009865938685834408 0.0008510006009601057 -0.0013924987288191915 
vn -0.009387076832354069 -0.0034452807158231735 0.00011328533582855016 
vn -0.005345500074326992 -0.0077378940768539906 0.0033986202906817198 
vn 0.0008098054677248001 -0.00842967163771391 0.005318349692970514 
vn 0.001634826185181737 -0.0022312928922474384 0.009609822183847427 
vn -0.004026481881737709 -0.00273910048417747 0.008734115399420261 
vn 0.002170716179534793 -0.00041497143683955073 0.009752732701599598 
vn -0.008579994551837444 -0.0032806869130581617 0.003952313680201769 
vn -0.003562045283615589 -0.0011118894908577204 0.009277690201997757 
vn 0.002338031306862831 -0.0012854026863351464 0.009637497365474701 
vn -0.003402187256142497 -0.0010250022169202566 0.009347432292997837 
vn 0.002080759732052684 -0.0010684559820219874 0.009722594171762466 
vn -0.0038429140113294125 -0.0005459009553305805 0.009215964935719967 
vn 0.0018767757574096322 0.00002184854201914277 0.009822282940149307 
vn -0.008322269655764103 -0.0012854033848270774 0.005393288563936949 
vn -0.008335542865097523 -0.001458524027839303 0.005328361410647631 
vn 0.0018767757574096322 0.00002184534059779253 -0.009822282940149307 
vn 0.002080759732052684 -0.0010684591252356768 -0.009722594171762466 
vn 0.007262524217367172 -0.0005895270151086152 -0.006848955526947975 
vn 0.007308253552764654 -0.0011118920519948006 -0.0067344726994633675 
vn 0.007228041999042034 0.00019660883117467165 -0.006907731294631958 
vn 0.002170716179534793 -0.0004149746091570705 -0.009752732701599598 
vn 0.001634826185181737 -0.002231295919045806 -0.009609821252524853 
vn 0.0077203200198709965 -0.001803377759642899 -0.006094627548009157 
vn 0.002338031306862831 -0.0012854058295488358 -0.009637496434152126 
vn 0.0018767757574096322 0.00002184534059779253 -0.009822282940149307 
vn 0.002098805969581008 -0.000021848534743185155 -0.009777246043086052 
vn -0.0038429140113294125 -0.000545903982128948 -0.009215964935719967 
vn -0.003824779763817787 -0.00032764722709544003 -0.009233835153281689 
vn 0.0023188290651887655 -0.00028397387359291315 -0.009723291732370853 
vn 0.0022462347988039255 0.000021845353330718353 -0.00974443182349205 
vn -0.004035059362649918 -0.00006554189894814044 -0.009149535559117794 
vn 0.002337915822863579 -0.000851002405397594 -0.00968555361032486 
vn -0.00415142672136426 -0.0009380395640619099 -0.009049073792994022 
vn 0.0023196260444819927 0.00010923103400273249 -0.009726633317768574 
vn -0.004240890499204397 -0.00015292422904167324 -0.009054913185536861 
vn 0.0020794139709323645 0.0020178155973553658 -0.009571021422743797 
vn -0.004203940276056528 0.0015449199127033353 -0.008940923027694225 
vn -0.008813130669295788 -0.00037131368299014866 -0.004710716661065817 
vn -0.008725624531507492 0.0010250029154121876 -0.00477627944201231 
vn -0.00872946996241808 -0.0009815309895202518 -0.004778384231030941 
vn -0.008665341883897781 -0.0004149738233536482 -0.0049738953821361065 
vn -0.008556158281862736 -0.0001966108102351427 -0.00517237838357687 
vn -0.00847285520285368 -0.00037131377030164003 -0.005298382602632046 
vn -0.009958012960851192 -0.0004586250870488584 0.0007922361837700009 
vn -0.009944138117134571 -0.000021846770323463716 0.001055295579135418 
vn -0.007501611020416021 -0.0007638975512236357 0.006568278651684523 
vn -0.007382673677057028 0.0001966110576177016 0.006742216181010008 
vn -0.0025200429372489452 -0.0008945264853537083 0.009635829366743565 
vn -0.002172167645767331 0.00019661155238281935 0.009759253822267056 
vn -0.007528481539338827 -0.0004149719316046685 0.0065688481554389 
vn -0.0023193161468952894 -0.00019660838006529957 0.009725334122776985 
vn -0.00993064884096384 -0.0005895257345400751 0.0010171903995797038 
vn -0.00989795196801424 -0.0010684573790058494 0.0009428404737263918 
vn -0.007676098961383104 -0.0011553021613508463 0.0063041881658136845 
vn -0.00242944760248065 -0.0011986917816102505 0.0096260542050004 
vn -0.007735331077128649 -0.0005895248614251614 0.006310080178081989 
vn -0.0024839218240231276 -0.0005459008971229196 0.00967120099812746 
vn -0.007797026541084051 0.0006767390877939761 0.006224821321666241 
vn -0.002591959899291396 0.0009380396222695708 0.00961258728057146 
vn -0.009942504577338696 0.0006767382146790624 0.0008298424072563648 
vn -0.009942805394530296 -0.0005022684927098453 0.0009425266762264073 
vn -0.0025200429372489452 -0.0008945264853537083 0.009635829366743565 
vn 0.003825291059911251 -0.00028397078858688474 0.009235070087015629 
vn 0.0036506124306470156 0.0007203267887234688 0.009281926788389683 
vn 0.008537262678146362 -0.0006331371841952205 0.005168586038053036 
vn -0.002172167645767331 0.00019661155238281935 0.009759253822267056 
vn 0.00382638699375093 -0.00015292124589905143 0.009237715043127537 
vn -0.0023193161468952894 -0.00019660838006529957 0.009725334122776985 
vn 0.003894923720508814 -0.00028397078858688474 0.00920591875910759 
vn -0.00242944760248065 -0.0011986917816102505 0.0096260542050004 
vn 0.0040679131634533405 -0.0011986918980255723 0.009056225419044495 
vn -0.0024839218240231276 -0.0005459008971229196 0.00967120099812746 
vn 0.00410059280693531 -0.0004149715241510421 0.00911114364862442 
vn -0.002591959899291396 0.0009380396222695708 0.00961258728057146 
vn 0.003979517146945 0.001328724785707891 0.00907733105123043 
vn 0.00874532014131546 -0.00019660918042063713 0.004845691844820976 
vn 0.00860869511961937 0.0017603830201551318 0.004774036351591349 
vn 0.008682156912982464 -0.0010684566805139184 0.004845466930419207 
vn 0.00862086657434702 -0.0005022677942179143 0.0050426567904651165 
vn 0.008592021651566029 -0.0003276448987890035 0.005105860996991396 
vn 0.00992253702133894 -0.0007638987735845149 -0.0009796546073630452 
vn 0.009938886389136314 -0.000633138173725456 -0.000904256827197969 
vn 0.007262524217367172 -0.0005895270151086152 -0.006848955526947975 
vn 0.009936891496181488 -0.000545902643352747 -0.0009798837127164006 
vn 0.009914757683873177 -0.0009380382252857089 -0.0009042498422786593 
vn 0.009958941489458084 0.000021846793970325962 -0.000904986634850502 
vn 0.009736291132867336 0.0020605928730219603 -0.00097907695453614 
vn 0.007729200646281242 0.00015292171156033874 -0.006343191489577293 
vn 0.007387728895992041 0.00218867976218462 -0.006374257151037455 
vn 0.0023196260444819927 0.00010923103400273249 -0.009726633317768574 
vn 0.0020794139709323645 0.0020178155973553658 -0.009571021422743797 
vn 0.002337915822863579 -0.000851002405397594 -0.00968555361032486 
vn 0.007686319295316935 -0.0008510018815286458 -0.0063400547951459885 
vn 0.007531933020800352 -0.00028397334972396493 -0.006571859586983919 
vn 0.007528481539338827 -0.0004149740852881223 -0.006568847689777613 
vn 0.0023188290651887655 -0.00028397387359291315 -0.009723291732370853 
vn 0.002098805969581008 -0.000021848534743185155 -0.009777246043086052 
vn 0.0018767757574096322 0.00002184534059779253 -0.009822282940149307 
vn 0.0022462347988039255 0.000021845353330718353 -0.00974443182349205 
vn 0.009166880510747433 0.0023163934238255024 0.003256168682128191 
vn 0.009058898314833641 0.0016742936568334699 0.0038901278749108315 
vn 0.0007723003509454429 0.004835141357034445 0.008719229139387608 
vn 0.0011855080956593156 0.00352718704380095 0.009281892329454422 
vn 0.009188634343445301 0.001588076469488442 0.0036120638251304626 
vn 0.001982850953936577 0.003932547755539417 0.008977938443422318 
vn 0.009370208717882633 0.00037131347926333547 0.0034729402977973223 
vn 0.004500968847423792 0.002401315839961171 0.00860087014734745 
vn 0.0056021567434072495 0.001975004095584154 0.008044575341045856 
vn 0.009092727676033974 0.0018033774103969336 0.003751016454771161 
vn 0.0033905210439115763 0.0053980532102286816 0.007704894058406353 
vn 0.007690810598433018 -0.0011986923636868596 0.0062781027518212795 
vn 0.008038421161472797 -0.0027391028124839067 -0.00528025534003973 
vn 0.007808700669556856 -0.0026549536269158125 -0.005654680076986551 
vn 0.007919642142951488 -0.002443707548081875 -0.0055953157134354115 
vn -0.001465729670599103 -0.004526275210082531 -0.008795707486569881 
vn -0.0007925113313831389 -0.004604024812579155 -0.008841656148433685 
vn -0.002113309921696782 -0.004681423306465149 -0.008580104447901249 
vn -0.008611527271568775 -0.004526273347437382 0.0023139668628573418 
vn -0.009765217080712318 -0.0016742927255108953 0.0013554597971960902 
vn -0.009408405981957912 0.002401314675807953 0.0023907283321022987 
vn -0.00906398519873619 0.002358876634389162 0.003504264634102583 
vn -0.0043418495915830135 0.008358433842658997 0.0033593042753636837 
vn -0.0036946076434105635 0.008406086824834347 0.003960753325372934 
vn -0.005899170413613319 0.0022312956862151623 0.007760225795209408 
vn -0.0025214063934981823 0.005972885061055422 0.0076136160641908646 
vn 0.0033905210439115763 0.0053980532102286816 0.007704894058406353 
vn -0.00020748961833305657 0.0019321524305269122 0.009809370152652264 
vn 0.0056021567434072495 0.001975004095584154 0.008044575341045856 
vn 0.004500968847423792 0.002401315839961171 0.00860087014734745 
vn -0.0062516480684280396 0.001674294238910079 0.00762323010712862 
vn -0.009587065316736698 -0.002103329636156559 -0.0019142074743285775 
vn -0.008942174725234509 -0.002739102579653263 -0.003540456760674715 
vn -0.009268955327570438 -0.0021460261195898056 -0.0030791282188147306 
vn -0.007932117208838463 0.0014585258904844522 0.005912208929657936 
vn -0.00831341091543436 0.002231295220553875 0.005090041551738977 
vn 0.0007723003509454429 0.004835141357034445 0.008719229139387608 
vn 0.0011855080956593156 0.00352718704380095 0.009281892329454422 
vn 0.001982850953936577 0.003932547755539417 0.008977938443422318 
vn -0.007594779599457979 0.0020605940371751785 0.006170354783535004 
vn 0.0009974678978323936 0.004835141357034445 0.00869634747505188 
vn -0.00804154947400093 0.002612802665680647 0.005339170340448618 
vn 0.0007723003509454429 0.004835141357034445 0.008719229139387608 
vn -0.00831341091543436 0.002231295220553875 0.005090041551738977 
vn -0.009093774482607841 -0.0020605935715138912 -0.003613477572798729 
vn -0.009268955327570438 -0.0021460261195898056 -0.0030791282188147306 
vn -0.001465729670599103 -0.004526275210082531 -0.008795707486569881 
vn -0.0009418467525392771 -0.004132460802793503 -0.009057356044650078 
vn 0.007906578481197357 -0.0024860533885657787 -0.005595136433839798 
vn 0.007919642142951488 -0.002443707548081875 -0.0055953157134354115 
vn 0.009092206135392189 0.0021886813919991255 0.003541391110047698 
vn 0.009166880510747433 0.0023163934238255024 0.003256168682128191 
vn 0.0007723003509454429 0.004835141357034445 0.008719229139387608 
vn 0.0009974678978323936 0.004835141357034445 0.00869634747505188 
vn 0.009325454011559486 0.00098153087310493 0.003474550787359476 
vn 0.001054426422342658 0.003363114083185792 0.009358292445540428 
vn 0.0009224258828908205 0.005544345360249281 0.008270995691418648 
vn 0.008445227518677711 0.004719987511634827 0.0025297931861132383 
vn 0.007647502236068249 -0.0031150933355093002 -0.005640204064548016 
vn 0.0056089116260409355 -0.0036495376843959093 -0.007431082893162966 
vn -0.0010172576876357198 -0.0047968486323952675 -0.008715241216123104 
vn -0.0009423491428606212 -0.005652955733239651 -0.008194880560040474 
vn -0.00899488478899002 -0.002654953161254525 -0.0034703421406447887 
vn -0.008033767342567444 0.0015017384430393577 0.005762235727161169 
vn 0.001054426422342658 0.003363114083185792 0.009358292445540428 
vn 0.0009224258828908205 0.005544345360249281 0.008270995691418648 
vn -0.00779879093170166 0.0038923360407352448 0.0049018957652151585 
vn -0.008610177785158157 -0.002823042683303356 -0.004230278544127941 
vn 0.006935632787644863 0.005175536032766104 0.005011070054024458 
vn 0.0009970403043553233 -0.008285759016871452 -0.005509275011718273 
vn 0.008723162114620209 0.002781099174171686 0.004021432716399431 
vn 0.007615834940224886 -0.003404230112209916 -0.00551455095410347 
vn 0.007175838574767113 -0.003115093568339944 -0.006229248363524675 
vn 0.008873898535966873 0.001975003629922867 0.004165728576481342 
vn 0.008844105526804924 0.001198694109916687 0.004510534927248955 
vn 0.006906617432832718 -0.0027391030453145504 -0.006692977622151375 
vn 0.00476474454626441 -0.007874425500631332 -0.003910323139280081 
vn 0.005451064556837082 -0.005937783978879452 -0.005918497685343027 
vn -0.003475950565189123 -0.007954543456435204 0.0049641733057796955 
vn -0.004690507426857948 -0.008805659599602222 -0.0006778623792342842 
vn -0.004984845407307148 -0.006907015107572079 0.005238745827227831 
vn -0.00615664292126894 -0.007847418077290058 -0.0007167871808633208 
vn -0.0069494997151196 -0.004987380467355251 0.005179815459996462 
vn -0.008610177785158157 -0.002823042683303356 -0.004230278544127941 
vn -0.00779879093170166 0.0038923360407352448 0.0049018957652151585 
vn -0.008894463069736958 -0.0017173547530546784 -0.004235471598803997 
vn -0.006892197299748659 0.0053242845460772514 0.0049142250791192055 
vn -0.009079255163669586 -0.0014585255412384868 -0.003929355647414923 
vn -0.007085446268320084 0.0038520509842783213 0.0059125423431396484 
vn -0.00903649628162384 -0.002358876634389162 -0.0035745545756071806 
vn -0.0071552288718521595 0.0020178183913230896 0.0066881319507956505 
vn -0.007118129171431065 0.0004149741434957832 0.0070114219561219215 
vn -0.008642083965241909 -0.0032806883100420237 -0.003814638825133443 
vn -0.006445714738219976 -0.006682643201202154 -0.0037141679786145687 
vn -0.004938080441206694 -0.006811634171754122 0.005405275151133537 
vn -0.008610177785158157 -0.002823042683303356 -0.004230278544127941 
vn -0.008894463069736958 -0.0017173547530546784 -0.004235471598803997 
vn -0.0011667655780911446 -0.006843560840934515 -0.007197522558271885 
vn -0.000829516735393554 -0.006385008338838816 -0.0076513770036399364 
vn 0.007615834940224886 -0.003404230112209916 -0.00551455095410347 
vn 0.007175838574767113 -0.003115093568339944 -0.006229248363524675 
vn 0.0009970403043553233 -0.008285759016871452 -0.005509275011718273 
vn -0.0009423491428606212 -0.005652955733239651 -0.008194880560040474 
vn 0.0056089116260409355 -0.0036495376843959093 -0.007431082893162966 
vn -0.002223192946985364 -0.007395282853394747 -0.006353519391268492 
vn -0.004690507426857948 -0.008805659599602222 -0.0006778623792342842 
vn -0.0025793162640184164 -0.007216292433440685 -0.006424347870051861 
vn -0.00615664292126894 -0.007847418077290058 -0.0007167871808633208 
vn -0.009079255163669586 -0.0014585255412384868 -0.003929355647414923 
vn -0.00903649628162384 -0.002358876634389162 -0.0035745545756071806 
vn -0.0005285987863317132 -0.005471407901495695 -0.008353698998689651 
vn -0.00041552650509402156 -0.004604024812579155 -0.008867371827363968 
vn 0.006906617432832718 -0.0027391030453145504 -0.006692977622151375 
vn 0.005451064556837082 -0.005937783978879452 -0.005918497685343027 
vn -0.00001888401857286226 -0.006938548292964697 -0.00720112444832921 
vn -0.008642083965241909 -0.0032806883100420237 -0.003814638825133443 
vn -0.006445714738219976 -0.006682643201202154 -0.0037141679786145687 
vn 0.004100844729691744 -0.0019321494037285447 0.008913465775549412 
vn 0.007985744625329971 -0.0010684565640985966 0.005923367105424404 
vn 0.006630830932408571 0.00010923383524641395 0.00748466094955802 
vn 0.00871013943105936 -0.00002184614095313009 0.004912534262984991 
vn 0.00656871497631073 0.000981531455181539 0.007475866470485926 
vn 0.006784677039831877 -0.00045862403931096196 0.0073319729417562485 
vn 0.0034388939384371042 0.0007203267887234688 0.009362432174384594 
vn 0.0069943140260875225 0.0024860533885657787 0.006700679659843445 
vn 0.004691032692790031 0.005760594736784697 0.006694009527564049 
vn 0.009294222109019756 0.0036901813000440598 -6.01208027806166e-10 
vn 0.00602532085031271 0.007980946451425552 -1.3002638965531332e-9 
vn 0.0010516585316509008 0.009467837400734425 0.0030420490074902773 
vn 0.0014801346696913242 0.009889853186905384 -1.6112647882593478e-9 
vn 0.0014239947777241468 0.007032340858131647 -0.00696551613509655 
vn 0.004691032692790031 0.00576059240847826 -0.006694011390209198 
vn 0.0034388939384371042 0.0007203237619251013 -0.009362432174384594 
vn 0.0069943140260875225 0.002486051293089986 -0.0067006805911660194 
vn 0.006784677039831877 -0.0004586264258250594 -0.007331972476094961 
vn 0.008989143185317516 -0.00019661067926790565 -0.004376830533146858 
vn 0.009987378492951393 -0.0005022686091251671 8.183010519191569e-11 
vn 0.008989143185317516 -0.00019660925318021327 0.0043768309988081455 
vn 0.009993103332817554 0.00037131289718672633 -6.04946717719379e-11 
vn 0.00871013943105936 -0.00002184774166380521 -0.004912534262984991 
vn 0.00656871497631073 0.0009815290104597807 -0.007475866936147213 
vn 0.006630830932408571 0.0001092313978006132 -0.00748466094955802 
vn 0.004100844729691744 -0.0019321523141115904 -0.008913464844226837 
vn 0.0015223058871924877 0.002146027283743024 0.009647650644183159 
vn 0.007985744625329971 -0.0010684584267437458 -0.005923367105424404 
vn 0.008030347526073456 -0.0016312008956447244 -0.005731726996600628 
vn 0.005298151168972254 -0.006317509803920984 -0.0056585040874779224 
vn 0.0062324577011168 -0.00782026071101427 1.2740846155878671e-9 
vn 0.009785395115613937 -0.0020605928730219603 3.3571384561170703e-10 
vn 0.008710779249668121 -0.004911448340862989 8.001780904542954e-10 
vn 0.00818860623985529 -0.0011986942263320088 -0.005613364279270172 
vn 0.009707403369247913 -0.0024013144429773092 3.91224552753755e-10 
vn 0.00818860623985529 -0.0011986924801021814 0.005613364744931459 
vn 0.008030347526073456 -0.0016311990329995751 0.0057317279279232025 
vn 0.005298151168972254 -0.006317507941275835 0.005658505950123072 
vn 0.004100844729691744 -0.0019321494037285447 0.008913465775549412 
vn 0.0013728925259783864 -0.003321930533275008 0.009331664070487022 
vn 0.005298151168972254 -0.006317507941275835 0.005658505950123072 
vn 0.000678566109854728 -0.00739528052508831 0.0066969674080610275 
vn -0.0014103848952800035 -0.0044481768272817135 0.008844464085996151 
vn 0.0034388939384371042 0.0007203267887234688 0.009362432174384594 
vn 0.0026283692568540573 0.0009380396222695708 0.00960269570350647 
vn 0.0015223058871924877 0.002146027283743024 0.009647650644183159 
vn -0.0012796329101547599 0.001717355684377253 0.009767969138920307 
vn -0.0016309571219608188 0.008522404357790947 0.004970774054527283 
vn -0.002830059500411153 0.0009815318044275045 0.009540826082229614 
vn -0.007979149930179119 0.004251466598361731 0.004272961523383856 
vn -0.00800001434981823 -0.0022312933579087257 0.00556965870782733 
vn -0.004266371950507164 -0.003932544961571693 0.008144517429172993 
vn -0.004538389854133129 -0.005507926922291517 0.007004695013165474 
vn -0.006985492538660765 -0.007155520375818014 -0.000037771271308884025 
vn -0.007321215700358152 -0.006811635103076696 -0.00003776651283260435 
vn -0.006581379100680351 -0.005398050881922245 0.005248475819826126 
vn -0.002381842816248536 -0.005760591942816973 0.007819361053407192 
vn 0.0006033945828676224 -0.007954542525112629 0.006030022166669369 
vn 0.0006549396202899516 -0.009978529997169971 1.6257120094564925e-9 
vn 0.0062324577011168 -0.00782026071101427 1.2740846155878671e-9 
vn 0.0017818838823586702 -0.009839964099228382 1.6031367344737646e-9 
vn -0.0054489970207214355 -0.0067150830291211605 0.0050215632654726505 
vn 0.000018868578990804963 -0.002358874538913369 0.009717785753309727 
vn 0.0026283692568540573 0.0009380396222695708 0.00960269570350647 
vn 0.0005826778360642493 0.008085031062364578 0.005856001749634743 
vn -0.0016309571219608188 0.008522404357790947 0.004970774054527283 
vn -0.008652732707560062 0.004604022949934006 -0.0019832251127809286 
vn -0.007979149930179119 0.004251466598361731 0.004272961523383856 
vn -0.009599507786333561 -0.0016742933075875044 -0.0022463712375611067 
vn -0.00800001434981823 -0.0022312933579087257 0.00556965870782733 
vn -0.007397715467959642 -0.006146663334220648 -0.0027372129261493683 
vn -0.0054489970207214355 -0.0067150830291211605 0.0050215632654726505 
vn 0.000018868578990804963 -0.002358874538913369 0.009717785753309727 
vn 0.0018767757574096322 0.00002184854201914277 0.009822282940149307 
vn 0.002098805969581008 -0.000021845347873750143 0.009777246043086052 
vn -0.0038429140113294125 -0.0005459009553305805 0.009215964935719967 
vn -0.003824779763817787 -0.000327644229400903 0.009233835153281689 
vn 0.0023188290651887655 -0.00028397070127539337 0.009723291732370853 
vn 0.0022453342098742723 0.00028397387359291315 0.009740525856614113 
vn -0.004033980891108513 0.00024029490305110812 0.009147089906036854 
vn 0.0023915062192827463 -0.00037131132557988167 0.009702722541987896 
vn -0.00411984184756875 -0.0005459010135382414 0.009095542132854462 
vn 0.0023921916726976633 -0.00028397070127539337 0.009705502539873123 
vn -0.0041894554160535336 -0.0005022671539336443 0.009066211991012096 
vn 0.002189996186643839 0.0008945296285673976 0.009716158732771873 
vn -0.004254711791872978 0.000633139512501657 0.009027544409036636 
vn -0.008754812180995941 -0.0007203244604170322 0.004778534173965454 
vn -0.008779820054769516 0.00028397305868566036 0.004778506234288216 
vn -0.00872789416462183 -0.0008074567303992808 0.004813718143850565 
vn -0.00867179874330759 -0.00015292192983906716 0.004977601580321789 
vn -0.008556158281862736 -0.00019660912221297622 0.00517237838357687 
vn -0.00847285520285368 -0.0003713120531756431 0.005298382602632046 
vn -0.009958012960851192 -0.0004586253489833325 -0.0007922360091470182 
vn -0.009944138117134571 -0.000021847114112460986 -0.001055295579135418 
vn -0.007501611020416021 -0.0007638997049070895 -0.006568278651684523 
vn -0.007382673677057028 0.0001966088602785021 -0.006742216181010008 
vn -0.0025200429372489452 -0.0008945296285673976 -0.009635829366743565 
vn -0.002172167645767331 0.00019660836551338434 -0.009759253822267056 
vn -0.007534090895205736 -0.00015292382158804685 -0.006573742721229792 
vn -0.002319714752957225 0.00006553882121806964 -0.009727004915475845 
vn -0.009944984689354897 -0.00037131307180970907 -0.0009794954676181078 
vn -0.00991125963628292 -0.0009380382252857089 -0.0009418163681402802 
vn -0.0099152447655797 -0.0008945281733758748 -0.0009421951253898442 
vn -0.00996492151170969 0.00010923248191829771 -0.000829705037176609 
vn -0.007719656452536583 -0.0009815312223508954 -0.006280405912548304 
vn -0.007824868895113468 0.00006553938874276355 -0.006226325873285532 
vn -0.0023727407678961754 -0.0009380396804772317 -0.009669031947851181 
vn -0.002539036562666297 0.00019660838006529957 -0.009670296683907509 
vn -0.007668396923691034 -0.0010250047780573368 -0.00633601238951087 
vn -0.002319509629160166 -0.0009815318044275045 -0.009677627123892307 
vn -0.0025200429372489452 -0.0008945296285673976 -0.009635829366743565 
vn 0.0036506124306470156 0.0007203237619251013 -0.009281926788389683 
vn 0.003825291059911251 -0.0002839737862814218 -0.009235070087015629 
vn 0.008537262678146362 -0.000633138872217387 -0.005168585572391748 
vn -0.002172167645767331 0.00019660836551338434 -0.009759253822267056 
vn 0.00382638699375093 -0.0001529242581455037 -0.009237715043127537 
vn -0.002319714752957225 0.00006553882121806964 -0.009727004915475845 
vn 0.0038964857812970877 -0.000021848441974725574 -0.009209610521793365 
vn -0.002319509629160166 -0.0009815318044275045 -0.009677627123892307 
vn 0.00419049896299839 -0.0008074589422903955 -0.009043656289577484 
vn -0.0023727407678961754 -0.0009380396804772317 -0.009669031947851181 
vn 0.004204330500215292 -0.0007639001123607159 -0.009041021578013897 
vn -0.002539036562666297 0.00019660838006529957 -0.009670296683907509 
vn 0.004031670279800892 0.0004149715241510421 -0.009141850285232067 
vn 0.008769410662353039 -0.0005022694240324199 -0.004779661074280739 
vn 0.008721056394279003 0.0006767372833564878 -0.0048461537808179855 
vn 0.008767399936914444 -0.0005459032254293561 -0.004778564907610416 
vn 0.00863330252468586 -0.00019661078113131225 -0.005042562261223793 
vn 0.008592021651566029 -0.0003276465577073395 -0.005105860996991396 
vn 0.00992253702133894 -0.0007638984825462103 0.0009796548401936889 
vn 0.009938886389136314 -0.0006331378826871514 0.0009042570018209517 
vn 0.007262524217367172 -0.0005895247450098395 0.0068489559926092625 
vn 0.009948973543941975 -0.0002402932441327721 0.0009798883693292737 
vn 0.009952097199857235 -0.00037131275166757405 0.0009043647442013025 
vn 0.009954948909580708 -0.00028397212736308575 0.0009046238265000284 
vn 0.009915398433804512 0.000851001008413732 0.0009801383130252361 
vn 0.007728610187768936 -0.00019660893303807825 0.006342706736177206 
vn 0.007583380211144686 0.0009380391566082835 0.006450769957154989 
vn 0.0023921916726976633 -0.00028397070127539337 0.009705502539873123 
vn 0.002189996186643839 0.0008945296285673976 0.009716158732771873 
vn 0.0023915062192827463 -0.00037131132557988167 0.009702722541987896 
vn 0.007726986892521381 -0.00028397125424817204 0.006341374479234219 
vn 0.007584244012832642 0.0000655414696666412 0.006517280824482441 
vn 0.007528481539338827 -0.0004149719316046685 0.0065688481554389 
vn 0.0023188290651887655 -0.00028397070127539337 0.009723291732370853 
vn 0.002098805969581008 -0.000021845347873750143 0.009777246043086052 
vn 0.0018767757574096322 0.00002184854201914277 0.009822282940149307 
vn 0.0022453342098742723 0.00028397387359291315 0.009740525856614113 
vn 0.009166880510747433 0.002316392259672284 -0.003256169380620122 
vn 0.009058898314833641 0.0016742923762649298 -0.0038901283405721188 
vn 0.0007723003509454429 0.004835138563066721 -0.008719231002032757 
vn 0.0011855080956593156 0.0035271840170025826 -0.009281893260776997 
vn 0.009188634343445301 0.0015880753053352237 -0.00361206429079175 
vn 0.001982850953936577 0.003932544495910406 -0.008977939374744892 
vn 0.009370208717882633 0.00037131234421394765 -0.0034729402977973223 
vn 0.004500968847423792 0.0024013130459934473 -0.008600871078670025 
vn 0.0056021567434072495 0.001975001534447074 -0.008044576272368431 
vn 0.009092727676033974 0.0018033762462437153 -0.003751017153263092 
vn 0.0033905210439115763 0.005398050416260958 -0.007704895921051502 
vn 0.007690810598433018 -0.0011986943427473307 -0.006278102286159992 
vn 0.008038421161472797 -0.002739101182669401 0.005280256271362305 
vn 0.007808700669556856 -0.0026549517642706633 0.005654681008309126 
vn 0.007919642142951488 -0.0024437056854367256 0.005595316644757986 
vn -0.001465729670599103 -0.00452627195045352 0.00879570934921503 
vn -0.0007925113313831389 -0.004604022018611431 0.00884165707975626 
vn -0.008942174725234509 -0.002739101415500045 0.0035404576919972897 
vn -0.009268955327570438 -0.002146025188267231 0.0030791289173066616 
vn -0.007932117208838463 0.0014585239114239812 -0.005912209395319223 
vn -0.00831341091543436 0.0022312935907393694 -0.005090042017400265 
vn 0.0007723003509454429 0.004835138563066721 -0.008719231002032757 
vn 0.0011855080956593156 0.0035271840170025826 -0.009281893260776997 
vn 0.001982850953936577 0.003932544495910406 -0.008977939374744892 
vn -0.007594779599457979 0.0020605919416993856 -0.006170355249196291 
vn 0.004500968847423792 0.0024013130459934473 -0.008600871078670025 
vn -0.0062516480684280396 0.0016742917941883206 -0.0076232305727899075 
vn -0.005899170413613319 0.002231293125078082 -0.007760226726531982 
vn -0.00020748961833305657 0.0019321492873132229 -0.009809370152652264 
vn 0.0056021567434072495 0.001975001534447074 -0.008044576272368431 
vn 0.0033905210439115763 0.005398050416260958 -0.007704895921051502 
vn -0.0025214063934981823 0.005972882267087698 -0.007613617926836014 
vn -0.0036946076434105635 0.008406085893511772 -0.003960756119340658 
vn -0.00906398519873619 0.002358875470235944 -0.003504265332594514 
vn -0.0043418495915830135 0.008358432911336422 -0.003359306836500764 
vn -0.009408405981957912 0.002401313977316022 -0.0023907290305942297 
vn -0.009765217080712318 -0.0016742931911721826 -0.001355459215119481 
vn -0.009587065316736698 -0.002103328937664628 0.0019142081728205085 
vn -0.002113309921696782 -0.004681420512497425 0.008580106310546398 
vn -0.008611527271568775 -0.004526273813098669 -0.00231396546587348 
vn 0.0009224258828908205 0.005544343031942844 -0.008270997554063797 
vn -0.00779879093170166 0.003892334410920739 -0.00490189716219902 
vn 0.001054426422342658 0.0033631110563874245 -0.009358294308185577 
vn -0.008033767342567444 0.0015017365803942084 -0.005762236192822456 
vn 0.0009974678978323936 0.004835138563066721 -0.008696349337697029 
vn -0.00804154947400093 0.0026128010358661413 -0.0053391712717711926 
vn 0.0007723003509454429 0.004835138563066721 -0.008719231002032757 
vn -0.00831341091543436 0.0022312935907393694 -0.005090042017400265 
vn -0.008610177785158157 -0.0028230412863194942 0.004230279475450516 
vn -0.00899488478899002 -0.0026549522299319506 0.0034703428391367197 
vn -0.0009423491428606212 -0.005652953404933214 0.008194882422685623 
vn -0.0010172576876357198 -0.004796845838427544 0.008715243078768253 
vn 0.0056089116260409355 -0.003649535123258829 0.00743108382448554 
vn 0.007647502236068249 -0.0031150917056947947 0.00564020499587059 
vn 0.008445227518677711 0.004719986580312252 -0.002529794815927744 
vn 0.009325454011559486 0.0009815297089517117 -0.0034745510201901197 
vn 0.0009224258828908205 0.005544343031942844 -0.008270997554063797 
vn 0.001054426422342658 0.0033631110563874245 -0.009358294308185577 
vn 0.009092206135392189 0.002188680227845907 -0.003541391808539629 
vn 0.0009974678978323936 0.004835138563066721 -0.008696349337697029 
vn 0.0007723003509454429 0.004835138563066721 -0.008719231002032757 
vn 0.009166880510747433 0.002316392259672284 -0.003256169380620122 
vn 0.007919642142951488 -0.0024437056854367256 0.005595316644757986 
vn 0.007906578481197357 -0.0024860515259206295 0.005595137365162373 
vn -0.001465729670599103 -0.00452627195045352 0.00879570934921503 
vn -0.0009418467525392771 -0.004132457543164492 0.009057356975972652 
vn -0.009093774482607841 -0.002060592407360673 0.00361347827129066 
vn -0.009268955327570438 -0.002146025188267231 0.0030791289173066616 
vn 0.006935632787644863 0.0051755341701209545 -0.005011071916669607 
vn 0.008723162114620209 0.0027810977771878242 -0.004021433647722006 
vn 0.0009970403043553233 -0.008285757154226303 0.005509277805685997 
vn 0.007615834940224886 -0.0034042284823954105 0.0055145518854260445 
vn 0.007175838574767113 -0.003115091472864151 0.00622924929484725 
vn 0.008873898535966873 0.001975002232939005 -0.00416572904214263 
vn 0.008844105526804924 0.0011986925965175033 -0.004510535392910242 
vn 0.006906617432832718 -0.0027391009498387575 0.006692978553473949 
vn 0.00476474454626441 -0.007874424569308758 0.003910325933247805 
vn 0.005451064556837082 -0.0059377821162343025 0.005918499547988176 
vn -0.003475950565189123 -0.007954544387757778 -0.004964170511811972 
vn -0.004690507426857948 -0.008805659599602222 0.0006778652314096689 
vn -0.004984845407307148 -0.006907016970217228 -0.005238743498921394 
vn -0.00615664292126894 -0.007847417145967484 0.000716789742000401 
vn -0.0069494997151196 -0.0049873823300004005 -0.0051798140630126 
vn -0.008610177785158157 -0.0028230412863194942 0.004230279475450516 
vn -0.00779879093170166 0.003892334410920739 -0.00490189716219902 
vn -0.008894463069736958 -0.0017173533560708165 0.004235472064465284 
vn -0.006892197299748659 0.0053242831490933895 -0.004914226941764355 
vn -0.009079255163669586 -0.0014585242606699467 0.00392935611307621 
vn -0.007085446268320084 0.003852049121633172 -0.00591254374012351 
vn -0.00903649628162384 -0.002358875470235944 0.0035745552740991116 
vn -0.0071552288718521595 0.002017816063016653 -0.006688132416456938 
vn -0.007118129171431065 0.0004149718733970076 -0.0070114219561219215 
vn -0.008642083965241909 -0.0032806869130581617 0.003814639989286661 
vn -0.006445714738219976 -0.0066826422698795795 0.0037141700740903616 
vn -0.004938080441206694 -0.006811635568737984 -0.005405272822827101 
vn -0.008610177785158157 -0.0028230412863194942 0.004230279475450516 
vn -0.008894463069736958 -0.0017173533560708165 0.004235472064465284 
vn -0.0011667655780911446 -0.0068435585126280785 0.0071975248865783215 
vn -0.000829516735393554 -0.006385005544871092 0.007651378866285086 
vn 0.007615834940224886 -0.0034042284823954105 0.0055145518854260445 
vn 0.007175838574767113 -0.003115091472864151 0.00622924929484725 
vn 0.0009970403043553233 -0.008285757154226303 0.005509277805685997 
vn -0.0009423491428606212 -0.005652953404933214 0.008194882422685623 
vn 0.0056089116260409355 -0.003649535123258829 0.00743108382448554 
vn -0.002223192946985364 -0.00739528052508831 0.006353522185236216 
vn -0.004690507426857948 -0.008805659599602222 0.0006778652314096689 
vn -0.0025793162640184164 -0.007216290570795536 0.006424350198358297 
vn -0.00615664292126894 -0.007847417145967484 0.000716789742000401 
vn -0.009079255163669586 -0.0014585242606699467 0.00392935611307621 
vn -0.00903649628162384 -0.002358875470235944 0.0035745552740991116 
vn -0.0005285987863317132 -0.005471405107527971 0.008353699930012226 
vn -0.00041552650509402156 -0.004604022018611431 0.008867373690009117 
vn 0.006906617432832718 -0.0027391009498387575 0.006692978553473949 
vn 0.005451064556837082 -0.0059377821162343025 0.005918499547988176 
vn -0.00001888401857286226 -0.006938545498996973 0.007201126776635647 
vn -0.008642083965241909 -0.0032806869130581617 0.003814639989286661 
vn -0.006445714738219976 -0.0066826422698795795 0.0037141700740903616 
vn 0.004100844729691744 -0.0019321523141115904 -0.008913464844226837 
vn 0.0013728925259783864 -0.0033219335600733757 -0.009331663139164448 
vn 0.005298151168972254 -0.006317509803920984 -0.0056585040874779224 
vn 0.000678566109854728 -0.007395282853394747 -0.006696965079754591 
vn -0.0014103848952800035 -0.004448179621249437 -0.008844462223351002 
vn 0.000018868578990804963 -0.0023588775657117367 -0.009717784821987152 
vn -0.0054489970207214355 -0.006715084426105022 -0.005021560937166214 
vn -0.004538389854133129 -0.005507929250597954 -0.007004693616181612 
vn -0.0009981229668483138 -0.0037712613120675087 -0.009207678027451038 
vn -0.004557226784527302 -0.0060427431017160416 -0.006535819265991449 
vn -0.006985492538660765 -0.007155520375818014 -0.000037771271308884025 
vn -0.007321215700358152 -0.006811635103076696 -0.00003776651283260435 
vn -0.006581379100680351 -0.005398052744567394 -0.005248474422842264 
vn -0.002381842816248536 -0.005760594736784697 -0.007819359190762043 
vn 0.0006033945828676224 -0.007954544387757778 -0.006030019372701645 
vn 0.0006549396202899516 -0.009978529997169971 1.6257120094564925e-9 
vn 0.0062324577011168 -0.00782026071101427 1.2740846155878671e-9 
vn 0.0034388939384371042 0.0007203237619251013 -0.009362432174384594 
vn 0.0026283692568540573 0.0009380365372635424 -0.00960269570350647 
vn 0.0014239947777241468 0.007032340858131647 -0.00696551613509655 
vn -0.003186344401910901 0.006077497731894255 -0.007274010684341192 
vn 0.0014801346696913242 0.009889853186905384 -1.6112647882593478e-9 
vn -0.004310696851462126 0.009023185819387436 -1.4700656247867983e-9 
vn -0.007222927175462246 0.002990267938002944 -0.006235993932932615 
vn -0.009277932345867157 0.0037307559978216887 -0.00003770778130274266 
vn -0.007078755646944046 0.0005895247450098395 -0.007038727402687073 
vn -0.00999978557229042 0.00006554040737682953 -1.0675840420026894e-11 
vn 0.0017818838823586702 -0.009839964099228382 1.6031367344737646e-9 
vn -0.0016309571219608188 0.008522403426468372 -0.0049707768484950066 
vn -0.007979149930179119 0.004251465201377869 -0.004272962920367718 
vn -0.009466507472097874 -0.00115530367475003 -0.0030084068421274424 
vn 0.0026283692568540573 0.0009380365372635424 -0.00960269570350647 
vn -0.0016309571219608188 0.008522403426468372 -0.0049707768484950066 
vn 0.0005826778360642493 0.008085029199719429 -0.005856004543602467 
vn -0.008652732707560062 0.00460402388125658 0.0019832237157970667 
vn -0.007979149930179119 0.004251465201377869 -0.004272962920367718 
vn -0.009599507786333561 -0.0016742926090955734 0.002246371703222394 
vn -0.009466507472097874 -0.00115530367475003 -0.0030084068421274424 
vn -0.007397715467959642 -0.006146662402898073 0.002737215021625161 
vn -0.0054489970207214355 -0.006715084426105022 -0.005021560937166214 
vn 0.000018868578990804963 -0.0023588775657117367 -0.009717784821987152 
vn 0.002040971303358674 0.0033219335600733757 0.009208647534251213 
vn 0.0013156523928046227 0.003445282345637679 0.00929511059075594 
vn 0.0015976789873093367 0.0018892636289820075 0.009689071215689182 
vn 0.0010354086989536881 0.002273866906762123 0.009682843461632729 
vn -0.000546944560483098 0.0005895274807699025 0.009967613033950329 
vn -0.0004150191380176693 0.0007639002869836986 0.009962138719856739 
vn -0.001465964363887906 0.0021033308003097773 0.009665762074291706 
vn -0.0040695383213460445 0.0006767395534552634 0.009109384380280972 
vn -0.005500840488821268 0.0011553044896572828 0.008270793594419956 
vn -0.008819153532385826 0.0015880765859037638 0.0044385287910699844 
vn -0.008816479705274105 0.000633138814009726 0.004676410462707281 
vn -0.00987194199115038 0.0015880758874118328 0.00015092935063876212 
vn -0.009977075271308422 0.0006767380982637405 -1.1025278606746625e-10 
vn -0.0052828099578619 0.0024013156071305275 0.008144053630530834 
vn -0.0018002380384132266 0.003363114083185792 0.009243842214345932 
vn 0.0012429655762389302 0.0006767397280782461 0.009899347089231014 
vn -0.009061874821782112 0.0026128024328500032 0.0033250106498599052 
vn -0.009651451371610165 0.0026128017343580723 0.00015086225175764412 
vn -0.008924531750380993 0.0024013137444853783 -0.0038192193023860455 
vn -0.0070888870395720005 0.0016311989165842533 -0.0068619875237345695 
vn -0.004769390448927879 0.0021886795293539762 -0.008512496948242188 
vn -0.0026310360990464687 0.000458623660961166 -0.009636769071221352 
vn -0.0020248712971806526 -0.00006554200081154704 -0.00979262962937355 
vn -0.005801956169307232 0.0002839709632098675 -0.008139819838106632 
vn 0.008834096603095531 -0.000633138814009726 -0.004643046297132969 
vn 0.0052828099578619 -0.0024013156071305275 -0.008144053630530834 
vn 0.005532219540327787 -0.0011553044896572828 -0.008249837905168533 
vn 0.0018002380384132266 -0.003363114083185792 -0.009243842214345932 
vn 0.0014490763423964381 -0.0021033308003097773 -0.00966830737888813 
vn -0.0010179029777646065 -0.002273866906762123 -0.009684699587523937 
vn -0.0013360175071284175 -0.003445282345637679 -0.009292205795645714 
vn 0.002718975767493248 -0.0015880774008110166 -0.009491321630775928 
vn 0.0046902927570044994 -0.004052726551890373 -0.00784707348793745 
vn 0.0076375300996005535 -0.0023163938894867897 -0.006025151815265417 
vn 0.008001315407454967 -0.003486267291009426 -0.0048810746520757675 
vn 0.0062676710076630116 -0.0005459037492983043 -0.007772920187562704 
vn 0.0030645921360701323 -0.000851002405397594 -0.00948072038590908 
vn 0.0016712398501113057 -0.0021460270509123802 -0.0096229687333107 
vn 0.004156443756073713 -0.005287248641252518 -0.007400606758892536 
vn 0.005947641097009182 -0.004949463065713644 -0.006334696896374226 
vn 0.00897491816431284 -0.003445281181484461 -0.002753340406343341 
vn 0.00987194199115038 -0.0015880758874118328 -0.00015092935063876212 
vn 0.009977075271308422 -0.0006767380982637405 1.1025484691895571e-10 
vn 0.007115093059837818 -0.0016311989165842533 0.006834811065346003 
vn 0.005801956169307232 -0.0002839709632098675 0.008139819838106632 
vn 0.008898194879293442 -0.0006767373415641487 0.004512665327638388 
vn 0.007473905570805073 -0.002401313278824091 0.006194709334522486 
vn 0.009915398433804512 -0.0008510006591677666 0.0009801386622712016 
vn 0.009221970103681087 -0.0036495360545814037 0.0012791253393515944 
vn 0.007416121196001768 -0.004487267695367336 0.004986538551747799 
vn 0.008493411354720592 -0.005212872289121151 0.0008294145227409899 
vn 0.008965653367340565 -0.00401274161413312 0.0018748235888779163 
vn 0.008668244816362858 -0.004949462134391069 0.0006036203121766448 
vn 0.009051244705915451 -0.004251466132700443 6.926531015416515e-10 
vn 0.008710452355444431 -0.004911448340862989 0.00007549150177510455 
vn 0.009058876894414425 -0.004012742079794407 -0.0013544938992708921 
vn 0.006532021798193455 -0.0015449225902557373 -0.007412550039589405 
vn 0.008741632103919983 -0.004835139960050583 -0.00045308528933674097 
vn 0.008707835339009762 -0.004911448340862989 -0.00022644861019216478 
vn 0.006474677473306656 -0.007424622308462858 -0.0017185850301757455 
vn 0.006101410370320082 -0.007336177863180637 -0.002992204623296857 
vn 0.00796174630522728 -0.005062934011220932 -0.003313199384137988 
vn -0.0009984171483665705 -0.0005895274807699025 -0.00993255339562893 
vn 0.002954416908323765 -0.0011553047224879265 -0.009483495727181435 
vn 0.0061179520562291145 -0.002060594270005822 -0.007637055590748787 
vn 0.00343702407553792 -0.0012420621933415532 -0.009308284148573875 
vn 0.005824128165841103 -0.002443708013743162 -0.007752923760563135 
vn 0.004657374694943428 -0.0021033308003097773 -0.008595630526542664 
vn 0.0009978048037737608 0.00273910048417747 -0.009565653279423714 
vn 0.00020760230836458504 -0.0005459040985442698 -0.009982929565012455 
vn 0.008988285437226295 0.0002402926911599934 -0.004376412834972143 
vn 0.008473925292491913 -0.0008945288718678057 -0.005233775358647108 
vn 0.009995967149734497 -0.00028397227288223803 4.626504734872583e-11 
vn 0.009947329759597778 -0.0010250037303194404 1.6699462646041496e-10 
vn 0.008473925292491913 -0.0008945271838456392 0.005233775358647108 
vn 0.008988285437226295 0.0002402941172476858 0.004376412834972143 
vn 0.008396013639867306 -0.0014585257740691304 -0.005232557188719511 
vn 0.00024552340619266033 -0.002316394355148077 -0.009724917821586132 
vn 0.00826489832252264 0.0021033284720033407 -0.005221826024353504 
vn 0.007690810598433018 -0.0011986943427473307 -0.006278102286159992 
vn 0.007462984882295132 0.0051755341701209545 -0.004185414873063564 
vn 0.007949607446789742 0.003321931231766939 -0.005076270084828138 
vn 0.007365841884166002 0.0063850064761936665 -0.002230709418654442 
vn 0.0047940416261553764 0.007765497546643019 -0.004088301677256823 
vn 0.007705597206950188 0.0036088204942643642 -0.0052535878494381905 
vn 0.0016300828428938985 0.005652953404933214 -0.008086219429969788 
vn -0.0043418495915830135 0.008358432911336422 -0.003359306836500764 
vn -0.007318778429180384 0.004330398980528116 -0.005261475685983896 
vn 0.009652630425989628 0.0026128017343580723 -4.256802688118455e-10 
vn 0.008097868412733078 0.0058672428131103516 -9.55897028198649e-10 
vn 0.008224106393754482 0.00568894250318408 -9.268482092927854e-10 
vn 0.009432113729417324 0.00332193193025887 -5.412124637338422e-10 
vn 0.009927896782755852 -0.001198693411424756 1.9529232397896834e-10 
vn 0.008396013639867306 -0.001458524027839303 0.005232558120042086 
vn 0.00020760230836458504 -0.0005459008389152586 0.009982929565012455 
vn 0.00024552340619266033 -0.0023163913283497095 0.009724918752908707 
vn 0.00826489832252264 0.0021033301018178463 0.005221825558692217 
vn 0.007462984882295132 0.0051755355671048164 0.004185413010418415 
vn 0.0009978048037737608 0.0027391035109758377 0.009565652348101139 
vn 0.007690810598433018 -0.0011986923636868596 0.0062781027518212795 
vn 0.007949607446789742 0.0033219328615814447 0.005076269153505564 
vn 0.007365841884166002 0.006385007407516241 0.002230707323178649 
vn 0.0047940416261553764 0.007765498943626881 0.004088299348950386 
vn 0.007705597206950188 0.00360882212407887 0.005253586918115616 
vn 0.0016300828428938985 0.005652955733239651 0.008086217567324638 
vn -0.0043418495915830135 0.008358433842658997 0.0033593042753636837 
vn -0.007318778429180384 0.004330400377511978 0.005261474289000034 
vn -0.0043418495915830135 0.008358433842658997 0.0033593042753636837 
vn 0.0047940416261553764 0.007765498943626881 0.004088299348950386 
vn -0.0036946076434105635 0.008406086824834347 0.003960753325372934 
vn 0.005163580644875765 0.007540563587099314 0.0040592290461063385 
vn -0.0025214063934981823 0.005972885061055422 0.0076136160641908646 
vn 0.007949607446789742 0.0033219328615814447 0.005076269153505564 
vn 0.009652630425989628 0.0026128017343580723 -4.256802688118455e-10 
vn 0.007705597206950188 0.00360882212407887 0.005253586918115616 
vn 0.009542446583509445 -0.0029902691021561623 4.871776315695797e-10 
vn 0.00641716830432415 -0.002231293125078082 0.007337661925703287 
vn 0.0016300828428938985 0.005652955733239651 0.008086217567324638 
vn -0.0009798883693292737 -0.00024029178894124925 0.009948973543941975 
vn -0.007318778429180384 0.004330400377511978 0.005261474289000034 
vn -0.007101318333297968 0.001458526006899774 0.006887958850711584 
vn -0.009446462616324425 0.0032806876115500927 -0.000037709676689701155 
vn -0.009747888892889023 0.0022312942892313004 -3.6352268417694233e-10 
vn -0.007101318333297968 0.0014585237950086594 -0.006887959316372871 
vn -0.007318778429180384 0.004330398980528116 -0.005261475685983896 
vn -0.0009798883693292737 -0.00024029503401834518 -0.009948973543941975 
vn 0.0016300828428938985 0.005652953404933214 -0.008086219429969788 
vn 0.00641716830432415 -0.0022312954533845186 -0.0073376609943807125 
vn 0.007705597206950188 0.0036088204942643642 -0.0052535878494381905 
vn 0.009542446583509445 -0.0029902691021561623 4.871776315695797e-10 
vn 0.009652630425989628 0.0026128017343580723 -4.256802688118455e-10 
vn 0.007650026120245457 -0.006418574135750532 -0.0005282117635942996 
vn 0.005815607961267233 -0.006779581308364868 -0.004496218170970678 
vn 0.007638139184564352 -0.006418574135750532 -0.0006787782767787576 
vn 0.00598870450630784 -0.006747397128492594 -0.004313705023378134 
vn 0.0018628676189109683 -0.0076822456903755665 -0.006124771200120449 
vn -0.001884601661004126 -0.008499464951455593 -0.004920098930597305 
vn 0.0021665403619408607 -0.007597672287374735 -0.0061303735710680485 
vn -0.0017613038653507829 -0.008476363494992256 -0.005004906095564365 
vn -0.0008274742867797613 -0.008545180782675743 0.0051278830505907536 
vn 0.0028058758471161127 -0.007820259779691696 0.0055651236325502396 
vn -0.0007528074202127755 -0.008545180782675743 0.005139375105500221 
vn 0.0031563073862344027 -0.007737893611192703 0.005492060445249081 
vn -0.003822616534307599 -0.008965907618403435 -0.0022360908333212137 
vn -0.004078593570739031 -0.00911520142108202 0.0005274325958453119 
vn -0.0037838825955986977 -0.008965907618403435 -0.0023010284639894962 
vn -0.004087594337761402 -0.00911520142108202 0.00045241633779369295 
vn -0.004078593570739031 -0.00911520142108202 0.0005274325958453119 
vn -0.0031845015473663807 -0.00896590668708086 0.0030775745399296284 
vn -0.004087594337761402 -0.00911520142108202 0.00045241633779369295 
vn -0.0032151970081031322 -0.008985171094536781 0.0029881768859922886 
vn -0.001884601661004126 -0.008499464951455593 -0.004920098930597305 
vn -0.003822616534307599 -0.008965907618403435 -0.0022360908333212137 
vn -0.0017613038653507829 -0.008476363494992256 -0.005004906095564365 
vn -0.0037838825955986977 -0.008965907618403435 -0.0023010284639894962 
vn -0.00013210099132265896 0.0008945264271460474 -0.009959034621715546 
vn -0.0041029429994523525 0.0002402919199084863 -0.00911636557430029 
vn -0.0027859469410032034 -0.0064853401854634285 -0.007083704229444265 
vn -0.008641684427857399 0.0004586244176607579 -0.0050110830925405025 
vn -0.0062340437434613705 -0.006811635568737984 -0.003839051118120551 
vn -0.009923074394464493 0.0009815304074436426 0.0007544498657807708 
vn -0.007341948337852955 -0.0067473966628313065 0.0007539509679190814 
vn -0.007587221451103687 0.0016742940060794353 0.006295300554484129 
vn -0.005723023787140846 -0.006215356756001711 0.005349423736333847 
vn -0.0025350800715386868 0.002231295919045806 0.009412474930286407 
vn -0.0019685968291014433 0.002017818856984377 0.009594427421689034 
vn -0.0022423577029258013 0.002612803364172578 0.00938856229186058 
vn -0.0071944971568882465 0.0029485467821359634 0.0062885042279958725 
vn -0.009556777775287628 0.002864931710064411 0.0006783572607673705 
vn -0.008263531140983105 0.0020178162958472967 -0.005257611162960529 
vn -0.0038085910491645336 0.0008509993203915656 -0.009207085706293583 
vn 0.000018872113287216052 0.0008945264271460474 -0.009959892369806767 
vn 0.0012986958026885986 0.001631198450922966 -0.009780213236808777 
vn 0.003362899413332343 0.005972885061055422 0.007281177677214146 
vn 0.003484606510028243 0.0057962555438280106 0.007366202771663666 
vn 0.0024585118517279625 0.004092632792890072 0.008786698803305626 
vn 0.0006219603237695992 0.0027391035109758377 0.009597420692443848 
vn -0.0025350800715386868 0.002231295919045806 0.009412474930286407 
vn -0.0019685968291014433 0.002017818856984377 0.009594427421689034 
vn 0.0003207077970728278 0.0023588775657117367 0.00971250981092453 
vn 0.003466234542429447 0.002612803364172578 0.00900879967957735 
vn -0.0022423577029258013 0.002612803364172578 0.00938856229186058 
vn -0.00010896530147874728 -0.009998473338782787 -0.00013663653226103634 
vn -0.00010896530147874728 -0.009998473338782787 -0.00013663653226103634 
vn -0.00010896530147874728 -0.009998473338782787 -0.00013663653226103634 
vn -0.00010896530147874728 -0.009998473338782787 -0.00013663653226103634 
vn -0.00010896530147874728 -0.009998473338782787 -0.00013663653226103634 
vn -0.00010896530147874728 -0.009998473338782787 -0.00013663653226103634 
vn -0.0027859469410032034 -0.0064853401854634285 -0.007083704229444265 
vn -0.0062340437434613705 -0.006811635568737984 -0.003839051118120551 
vn -0.00010896530147874728 -0.009998473338782787 -0.00013663653226103634 
vn -0.007341948337852955 -0.0067473966628313065 0.0007539509679190814 
vn -0.00010896530147874728 -0.009998473338782787 -0.00013663653226103634 
vn -0.005723023787140846 -0.006215356756001711 0.005349423736333847 
vn -0.00010896530147874728 -0.009998473338782787 -0.00013663653226103634 
vn -0.00010896530147874728 -0.009998473338782787 -0.00013663653226103634 
vn -0.00010896530147874728 -0.009998473338782787 -0.00013663653226103634 
vn -0.00010896530147874728 -0.009998473338782787 -0.00013663653226103634 
vn -0.00010896530147874728 -0.009998473338782787 -0.00013663653226103634 
vn 0.0012986958026885986 0.001631198450922966 -0.009780213236808777 
vn 0.003444872098043561 0.0036495348904281855 -0.008649494498968124 
vn 0.000018872113287216052 0.0008945264271460474 -0.009959892369806767 
vn 0.002971777692437172 0.005324282683432102 -0.007925941608846188 
vn -0.00013210099132265896 0.0008945264271460474 -0.009959034621715546 
vn 0.002661576960235834 0.0028230405878275633 -0.009216640144586563 
vn 0.0028058758471161127 -0.007820259779691696 0.0055651236325502396 
vn 0.0031563073862344027 -0.007737893611192703 0.005492060445249081 
vn 0.0062707108445465565 -0.006938546430319548 0.0035404458176344633 
vn 0.006545787677168846 -0.006843559443950653 0.003212221199646592 
vn 0.005815607961267233 -0.006779581308364868 -0.004496218170970678 
vn 0.00598870450630784 -0.006747397128492594 -0.004313705023378134 
vn 0.0018628676189109683 -0.0076822456903755665 -0.006124771200120449 
vn 0.0021665403619408607 -0.007597672287374735 -0.0061303735710680485 
vn 0.0062707108445465565 -0.006938546430319548 0.0035404458176344633 
vn 0.006545787677168846 -0.006843559443950653 0.003212221199646592 
vn 0.007650026120245457 -0.006418574135750532 -0.0005282117635942996 
vn 0.007638139184564352 -0.006418574135750532 -0.0006787782767787576 
vn -0.0031845015473663807 -0.00896590668708086 0.0030775745399296284 
vn -0.0032151970081031322 -0.008985171094536781 0.0029881768859922886 
vn -0.0008274742867797613 -0.008545180782675743 0.0051278830505907536 
vn -0.0007528074202127755 -0.008545180782675743 0.005139375105500221 
vn 0.002969189081341028 0.002231295919045806 0.009284677915275097 
vn 0.008844105526804924 0.001198694109916687 0.004510534927248955 
vn 0.0005848428118042648 0.002017818856984377 0.00977682787925005 
vn 0.00045275711454451084 0.002401316072791815 0.00969683937728405 
vn -0.004938080441206694 -0.006811634171754122 0.005405275151133537 
vn -0.007118129171431065 0.0004149741434957832 0.0070114219561219215 
vn 0.00050905323587358 0.003404230810701847 0.009388933889567852 
vn -0.0071552288718521595 0.0020178183913230896 0.0066881319507956505 
vn 0.0004338120052125305 0.004604024812579155 0.00886649638414383 
vn -0.007085446268320084 0.0038520509842783213 0.0059125423431396484 
vn 0.0005464675487019122 0.006146664265543222 0.007868919521570206 
vn -0.006892197299748659 0.0053242845460772514 0.0049142250791192055 
vn 0.0009224258828908205 0.005544345360249281 0.008270995691418648 
vn -0.00779879093170166 0.0038923360407352448 0.0049018957652151585 
vn 0.008873898535966873 0.001975003629922867 0.004165728576481342 
vn 0.008723162114620209 0.002781099174171686 0.004021432716399431 
vn 0.006935632787644863 0.005175536032766104 0.005011070054024458 
vn 0.008445227518677711 0.004719987511634827 0.0025297931861132383 
vn 0.004488988313823938 0.006317509803920984 0.006319656502455473 
vn 0.0077517153695225716 0.00631750887259841 -1.0292549035284537e-9 
vn 0.007891038432717323 0.0011118919355794787 0.006041127257049084 
vn 0.009023688733577728 0.002906766952946782 0.0031817848794162273 
vn 0.005451064556837082 -0.005937783978879452 -0.005918497685343027 
vn -0.00001888401857286226 -0.006938548292964697 -0.00720112444832921 
vn 0.00476474454626441 -0.007874425500631332 -0.003910323139280081 
vn -0.006445714738219976 -0.006682643201202154 -0.0037141679786145687 
vn 0.0001322369062108919 -0.009453683160245419 -0.0032573575153946877 
vn -0.004938080441206694 -0.006811634171754122 0.005405275151133537 
vn 0.008445227518677711 0.004719987511634827 0.0025297931861132383 
vn 0.0056089116260409355 -0.0036495376843959093 -0.007431082893162966 
vn 0.0077517153695225716 0.00631750887259841 -1.0292549035284537e-9 
vn 0.007573630195111036 0.004052724223583937 -0.005120112560689449 
vn 0.009023688733577728 0.002906766952946782 0.0031817848794162273 
vn 0.009972501546144485 -0.0006767381564714015 -0.00030206365045160055 
vn 0.007891038432717323 0.0011118919355794787 0.006041127257049084 
vn 0.008691261522471905 -0.003527184948325157 0.003467123256996274 
vn 0.0024585118517279625 0.004092632792890072 0.008786698803305626 
vn 0.006479119881987572 0.006779581308364868 0.0034725049044936895 
vn 0.003362899413332343 0.005972885061055422 0.007281177677214146 
vn 0.004792570136487484 0.008499464951455593 0.0021886921022087336 
vn 0.003484606510028243 0.0057962555438280106 0.007366202771663666 
vn 0.006938830483704805 0.006181070115417242 0.0036941852886229753 
vn 0.003466234542429447 0.002612803364172578 0.00900879967957735 
vn 0.0083015700802207 0.002273866208270192 0.005090526770800352 
vn 0.007885533384978771 0.006112139206379652 -0.0006783228600397706 
vn 0.009734389372169971 0.0021033291704952717 -0.0009042533347383142 
vn 0.007205191068351269 0.006875353399664164 -0.0009026271291077137 
vn 0.0050839148461818695 0.008590244688093662 -0.0006012482917867601 
vn 0.0061616450548172 0.00510056409984827 -0.006001531146466732 
vn 0.004890516400337219 0.007765497546643019 -0.003972392063587904 
vn 0.0012986958026885986 0.001631198450922966 -0.009780213236808777 
vn 0.003444872098043561 0.0036495348904281855 -0.008649494498968124 
vn 0.0060952757485210896 0.006385006010532379 -0.004698862321674824 
vn 0.007022091653198004 0.0033631115220487118 -0.006275325547903776 
vn 0.002971777692437172 0.005324282683432102 -0.007925941608846188 
vn 0.002661576960235834 0.0028230405878275633 -0.009216640144586563 
vn -0.00999978557229042 0.00006554040737682953 -1.0675840420026894e-11 
vn -0.00945279560983181 0.00006554093852173537 0.003261957783252001 
vn -0.009277932345867157 0.0037307559978216887 -0.00003770778130274266 
vn -0.008677658624947071 0.003730756463482976 0.003283245489001274 
vn -0.004310696851462126 0.009023185819387436 -1.4700656247867983e-9 
vn -0.004148411564528942 0.008545181713998318 0.0031257886439561844 
vn 0.0014801346696913242 0.009889853186905384 -1.6112647882593478e-9 
vn 0.0010516585316509008 0.009467837400734425 0.0030420490074902773 
vn 0.002830059500411153 -0.0009815286612138152 0.009540826082229614 
vn 0.000018868578990804963 -0.002358874538913369 0.009717785753309727 
vn 0.002830059500411153 -0.0009815286612138152 0.009540826082229614 
vn 0.0026283692568540573 0.0009380396222695708 0.00960269570350647 
vn 0.0005826778360642493 0.008085031062364578 0.005856001749634743 
vn 0.002830059500411153 -0.0009815286612138152 0.009540826082229614 
vn -0.0043418495915830135 0.008358432911336422 -0.003359306836500764 
vn -0.0036946076434105635 0.008406085893511772 -0.003960756119340658 
vn 0.0047940416261553764 0.007765497546643019 -0.004088301677256823 
vn 0.005163580644875765 0.007540562190115452 -0.004059231840074062 
vn 0.007949607446789742 0.003321931231766939 -0.005076270084828138 
vn -0.0025214063934981823 0.005972882267087698 -0.007613617926836014 
vn 0.00598870450630784 -0.006747395731508732 0.00431370735168457 
vn 0.007638139184564352 -0.006418573670089245 0.0006787803722545505 
vn 0.005815607961267233 -0.006779579911381006 0.004496220499277115 
vn 0.007650026120245457 -0.006418573670089245 0.0005282138590700924 
vn -0.0017613038653507829 -0.008476361632347107 0.005004908423870802 
vn 0.0021665403619408607 -0.007597669959068298 0.006130375899374485 
vn -0.001884601661004126 -0.008499464020133018 0.004920101724565029 
vn 0.0018628676189109683 -0.007682243827730417 0.006124773528426886 
vn 0.0031563073862344027 -0.0077378954738378525 -0.005492057651281357 
vn -0.0007528074202127755 -0.008545181713998318 -0.005139372311532497 
vn 0.0028058758471161127 -0.007820261642336845 -0.005565121304243803 
vn -0.0008274742867797613 -0.008545181713998318 -0.00512788025662303 
vn -0.004087594337761402 -0.00911520142108202 -0.00045241336920298636 
vn -0.0037838825955986977 -0.00896590668708086 0.0023010314907878637 
vn -0.004078593570739031 -0.00911520142108202 -0.0005274296272546053 
vn -0.003822616534307599 -0.00896590668708086 0.0022360936272889376 
vn -0.0032151970081031322 -0.008985172025859356 -0.0029881740920245647 
vn -0.004087594337761402 -0.00911520142108202 -0.00045241336920298636 
vn -0.0031845015473663807 -0.008965907618403435 -0.0030775717459619045 
vn -0.004078593570739031 -0.00911520142108202 -0.0005274296272546053 
vn -0.0037838825955986977 -0.00896590668708086 0.0023010314907878637 
vn -0.0017613038653507829 -0.008476361632347107 0.005004908423870802 
vn -0.003822616534307599 -0.00896590668708086 0.0022360936272889376 
vn -0.001884601661004126 -0.008499464020133018 0.004920101724565029 
vn -0.0019685968291014433 0.0020178155973553658 -0.009594427421689034 
vn -0.005723023787140846 -0.00621535861864686 -0.005349421873688698 
vn -0.0025350800715386868 0.0022312928922474384 -0.009412475861608982 
vn -0.007587221451103687 0.0016742919106036425 -0.006295301020145416 
vn -0.0022423577029258013 0.0026128003373742104 -0.009388563223183155 
vn -0.0071944971568882465 0.0029485446866601706 -0.006288505159318447 
vn -0.009923074394464493 0.000981530174612999 -0.0007544502150267363 
vn -0.009556777775287628 0.0028649314772337675 -0.0006783581920899451 
vn -0.008641684427857399 0.0004586260474752635 0.005011082626879215 
vn -0.008263531140983105 0.002017818158492446 0.005257610231637955 
vn -0.0041029429994523525 0.0002402948884991929 0.00911636557430029 
vn -0.0027859469410032034 -0.006485337857156992 0.007083706092089415 
vn -0.00013210099132265896 0.0008945296285673976 0.009959034621715546 
vn 0.000018872113287216052 0.0008945296285673976 0.009959892369806767 
vn -0.0038085910491645336 0.0008510023471899331 0.009207085706293583 
vn 0.0012986958026885986 0.0016312015941366553 0.009780213236808777 
vn -0.0062340437434613705 -0.006811634171754122 0.0038390534464269876 
vn -0.007341948337852955 -0.0067473966628313065 -0.0007539487560279667 
vn -0.0022423577029258013 0.0026128003373742104 -0.009388563223183155 
vn 0.0024585118517279625 0.004092629998922348 -0.008786700665950775 
vn -0.0025350800715386868 0.0022312928922474384 -0.009412475861608982 
vn 0.0006219603237695992 0.00273910048417747 -0.009597420692443848 
vn -0.0019685968291014433 0.0020178155973553658 -0.009594427421689034 
vn 0.0003207077970728278 0.002358874538913369 -0.009712510742247105 
vn 0.003466234542429447 0.0026128003373742104 -0.009008800610899925 
vn 0.003484606510028243 0.005796253215521574 -0.007366204634308815 
vn 0.003362899413332343 0.005972882732748985 -0.007281180005520582 
vn -0.00010896530147874728 -0.009998473338782787 0.0001366397918900475 
vn -0.00010896530147874728 -0.009998473338782787 0.0001366397918900475 
vn -0.00010896530147874728 -0.009998473338782787 0.0001366397918900475 
vn -0.00010896530147874728 -0.009998473338782787 0.0001366397918900475 
vn -0.00010896530147874728 -0.009998473338782787 0.0001366397918900475 
vn -0.00010896530147874728 -0.009998473338782787 0.0001366397918900475 
vn -0.0027859469410032034 -0.006485337857156992 0.007083706092089415 
vn -0.0062340437434613705 -0.006811634171754122 0.0038390534464269876 
vn -0.00010896530147874728 -0.009998473338782787 0.0001366397918900475 
vn -0.007341948337852955 -0.0067473966628313065 -0.0007539487560279667 
vn -0.00010896530147874728 -0.009998473338782787 0.0001366397918900475 
vn -0.005723023787140846 -0.00621535861864686 -0.005349421873688698 
vn -0.00010896530147874728 -0.009998473338782787 0.0001366397918900475 
vn -0.00010896530147874728 -0.009998473338782787 0.0001366397918900475 
vn -0.00010896530147874728 -0.009998473338782787 0.0001366397918900475 
vn -0.00010896530147874728 -0.009998473338782787 0.0001366397918900475 
vn -0.00010896530147874728 -0.009998473338782787 0.0001366397918900475 
vn 0.0012986958026885986 0.0016312015941366553 0.009780213236808777 
vn 0.000018872113287216052 0.0008945296285673976 0.009959892369806767 
vn 0.003444872098043561 0.0036495376843959093 0.008649492636322975 
vn 0.002971777692437172 0.005324285011738539 0.007925939746201038 
vn -0.00013210099132265896 0.0008945296285673976 0.009959034621715546 
vn 0.002661576960235834 0.002823043381795287 0.009216639213263988 
vn 0.006545787677168846 -0.006843560375273228 -0.0032122188713401556 
vn 0.0062707108445465565 -0.006938547361642122 -0.0035404434893280268 
vn 0.0031563073862344027 -0.0077378954738378525 -0.005492057651281357 
vn 0.0028058758471161127 -0.007820261642336845 -0.005565121304243803 
vn 0.0021665403619408607 -0.007597669959068298 0.006130375899374485 
vn 0.0018628676189109683 -0.007682243827730417 0.006124773528426886 
vn 0.00598870450630784 -0.006747395731508732 0.00431370735168457 
vn 0.005815607961267233 -0.006779579911381006 0.004496220499277115 
vn 0.007638139184564352 -0.006418573670089245 0.0006787803722545505 
vn 0.007650026120245457 -0.006418573670089245 0.0005282138590700924 
vn 0.006545787677168846 -0.006843560375273228 -0.0032122188713401556 
vn 0.0062707108445465565 -0.006938547361642122 -0.0035404434893280268 
vn -0.0007528074202127755 -0.008545181713998318 -0.005139372311532497 
vn -0.0008274742867797613 -0.008545181713998318 -0.00512788025662303 
vn -0.0032151970081031322 -0.008985172025859356 -0.0029881740920245647 
vn -0.0031845015473663807 -0.008965907618403435 -0.0030775717459619045 
vn 0.002969189081341028 0.0022312928922474384 -0.009284678846597672 
vn 0.008844105526804924 0.0011986925965175033 -0.004510535392910242 
vn 0.0005848428118042648 0.0020178155973553658 -0.009776828810572624 
vn 0.00045275711454451084 0.0024013128131628036 -0.009696840308606625 
vn -0.004938080441206694 -0.006811635568737984 -0.005405272822827101 
vn -0.007118129171431065 0.0004149718733970076 -0.0070114219561219215 
vn 0.00050905323587358 0.0034042277839034796 -0.009388934820890427 
vn -0.0071552288718521595 0.002017816063016653 -0.006688132416456938 
vn 0.0004338120052125305 0.004604022018611431 -0.008866498246788979 
vn -0.007085446268320084 0.003852049121633172 -0.00591254374012351 
vn 0.0005464675487019122 0.006146661471575499 -0.007868921384215355 
vn -0.006892197299748659 0.0053242831490933895 -0.004914226941764355 
vn 0.0009224258828908205 0.005544343031942844 -0.008270997554063797 
vn -0.00779879093170166 0.003892334410920739 -0.00490189716219902 
vn 0.008873898535966873 0.001975002232939005 -0.00416572904214263 
vn 0.008723162114620209 0.0027810977771878242 -0.004021433647722006 
vn 0.006935632787644863 0.0051755341701209545 -0.005011071916669607 
vn 0.008445227518677711 0.004719986580312252 -0.002529794815927744 
vn 0.004488988313823938 0.006317507941275835 -0.006319658365100622 
vn 0.0077517153695225716 0.00631750887259841 -1.0292549035284537e-9 
vn 0.007891038432717323 0.0011118899565190077 -0.006041127722710371 
vn 0.009023688733577728 0.0029067660216242075 -0.003181785810738802 
vn 0.005451064556837082 -0.0059377821162343025 0.005918499547988176 
vn -0.00001888401857286226 -0.006938545498996973 0.007201126776635647 
vn 0.00476474454626441 -0.007874424569308758 0.003910325933247805 
vn -0.006445714738219976 -0.0066826422698795795 0.0037141700740903616 
vn 0.0001322369062108919 -0.009453682228922844 0.003257360542193055 
vn -0.004938080441206694 -0.006811635568737984 -0.005405272822827101 
vn 0.008445227518677711 0.004719986580312252 -0.002529794815927744 
vn 0.0056089116260409355 -0.003649535123258829 0.00743108382448554 
vn 0.0077517153695225716 0.00631750887259841 -1.0292549035284537e-9 
vn 0.007573630195111036 0.004052726086229086 0.005120111163705587 
vn 0.009023688733577728 0.0029067660216242075 -0.003181785810738802 
vn 0.009972501546144485 -0.0006767380400560796 0.0003020638832822442 
vn 0.007891038432717323 0.0011118899565190077 -0.006041127722710371 
vn 0.008691261522471905 -0.0035271861124783754 -0.0034671220928430557 
vn 0.0024585118517279625 0.004092629998922348 -0.008786700665950775 
vn 0.006479119881987572 0.0067795803770422935 -0.003472507232800126 
vn 0.003362899413332343 0.005972882732748985 -0.007281180005520582 
vn 0.004792570136487484 0.008499464020133018 -0.0021886948961764574 
vn 0.003484606510028243 0.005796253215521574 -0.007366204634308815 
vn 0.006938830483704805 0.0061810691840946674 -0.0036941871512681246 
vn 0.003466234542429447 0.0026128003373742104 -0.009008800610899925 
vn 0.0083015700802207 0.0022738645784556866 -0.005090527236461639 
vn 0.007885533384978771 0.006112139206379652 0.0006783208809792995 
vn 0.009734389372169971 0.0021033294033259153 0.0009042526362463832 
vn 0.007205191068351269 0.006875353399664164 0.0009026248590089381 
vn 0.0050839148461818695 0.008590245619416237 0.0006012454978190362 
vn 0.0061616450548172 0.00510056596249342 0.006001529283821583 
vn 0.004890516400337219 0.007765498943626881 0.00397238926962018 
vn 0.0012986958026885986 0.0016312015941366553 0.009780213236808777 
vn 0.003444872098043561 0.0036495376843959093 0.008649492636322975 
vn 0.0060952757485210896 0.006385007873177528 0.004698859993368387 
vn 0.007022091653198004 0.0033631136175245047 0.006275324150919914 
vn 0.002971777692437172 0.005324285011738539 0.007925939746201038 
vn 0.002661576960235834 0.002823043381795287 0.009216639213263988 
vn 0.002830059500411153 -0.0009815318044275045 -0.009540826082229614 
vn 0.000018868578990804963 -0.0023588775657117367 -0.009717784821987152 
vn 0.002830059500411153 -0.0009815318044275045 -0.009540826082229614 
vn 0.0026283692568540573 0.0009380365372635424 -0.00960269570350647 
vn 0.0005826778360642493 0.008085029199719429 -0.005856004543602467 
vn 0.002830059500411153 -0.0009815318044275045 -0.009540826082229614 
vn -0.00809206161648035 0.00041497396887280047 0.005860574077814817 
vn -0.00818434078246355 -0.00024029247288126498 0.005740977358072996 
vn -0.004377666860818863 -0.000021845477021997795 0.008990859612822533 
vn 0.0008859254303388298 0.0005459040985442698 0.009945709258317947 
vn -0.005122733302414417 -0.0005459010717459023 0.008570857346057892 
vn 0.0005279320757836103 0.000414974638260901 0.009977429173886776 
vn -0.008273053914308548 -0.0011986924801021814 0.005488141905516386 
vn 0.004735049791634083 0.008656610734760761 0.001625543343834579 
vn 0.004816005006432533 0.00876390840858221 -1.42782474732428e-9 
vn 0.004735049791634083 0.008656610734760761 0.001625543343834579 
vn 0.004735049791634083 0.008656610734760761 0.001625543343834579 
vn 0.004816005006432533 0.00876390840858221 -1.42782474732428e-9 
vn 0.004735049791634083 0.008656610734760761 -0.0016255461378023028 
vn 0.004735049791634083 0.008656610734760761 -0.0016255461378023028 
vn 0.004735049791634083 0.008656610734760761 -0.0016255461378023028 
vt 0.18997822701931 0.5185375213623047 
vt 0.22776968777179718 0.5043508410453796 
vt 0.2221665382385254 0.5461956262588501 
vt 0.2582889795303345 0.517941415309906 
vt 0.2803439497947693 0.5341548323631287 
vt 0.1684001237154007 0.4287678599357605 
vt 0.19617745280265808 0.42006510496139526 
vt 0.15147145092487335 0.34913158416748047 
vt 0.17197661101818085 0.3432900011539459 
vt 0.14551065862178802 0.330533891916275 
vt 0.1678040474653244 0.33482566475868225 
vt 0.1622008979320526 0.32314249873161316 
vt 0.19117037951946259 0.3367331027984619 
vt 0.1816330999135971 0.3119361996650696 
vt 0.20929120481014252 0.3301762342453003 
vt 0.19593901932239532 0.30168360471725464 
vt 0.22073595225811005 0.40850114822387695 
vt 0.24624817073345184 0.48110368847846985 
vt 0.2702105939388275 0.4901641011238098 
vt 0.30037224292755127 0.5064967274665833 
vt 0.30061066150665283 0.5333203077316284 
vt 0.3014451861381531 0.5605015754699707 
vt 0.2492285668849945 0.5767149329185486 
vt 0.33434879779815674 0.5594286322593689 
vt 0.3355409502983093 0.5332010984420776 
vt 0.37035202980041504 0.5367775559425354 
vt 0.36689475178718567 0.5637204051017761 
vt 0.3904995322227478 0.5396387577056885 
vt 0.44724634289741516 0.5572826862335205 
vt 0.4172039031982422 0.5849408507347107 
vt 0.24171796441078186 0.39479130506515503 
vt 0.2718796133995056 0.4615522623062134 
vt 0.4819382131099701 0.5328434109687805 
vt 0.44569653272628784 0.5150802731513977 
vt 0.41398507356643677 0.5255712866783142 
vt 0.42960238456726074 0.4901641011238098 
vt 0.4853954613208771 0.4342518150806427 
vt 0.4620291292667389 0.42042276263237 
vt 0.516987681388855 0.36033788323402405 
vt 0.5367775559425354 0.36808693408966064 
vt 0.5446458458900452 0.3502045273780823 
vt 0.5219947695732117 0.3522312045097351 
vt 0.5287901163101196 0.3412633240222931 
vt 0.4986284375190735 0.3518735468387604 
vt 0.5104308128356934 0.32814955711364746 
vt 0.48110368847846985 0.3435284197330475 
vt 0.4973170757293701 0.31658560037612915 
vt 0.5122190713882446 0.44569653272628784 
vt 0.4425969123840332 0.40468624234199524 
vt 0.4059976041316986 0.46822836995124817 
vt 0.4049246609210968 0.4968402087688446 
vt 0.3732132017612457 0.510073184967041 
vt 0.33697155117988586 0.5055429935455322 
vt 0.3096710741519928 0.489091157913208 
vt 0.29655733704566956 0.478123277425766 
vt 0.32993781566619873 0.45952558517456055 
vt 0.3378060460090637 0.4886142909526825 
vt 0.3657025992870331 0.4919523596763611 
vt 0.37977010011672974 0.48217663168907166 
vt 0.3484162986278534 0.4604793190956116 
vt 0.33923664689064026 0.46000245213508606 
vt 0.3323221206665039 0.4125545024871826 
vt 0.34150174260139465 0.41291213035583496 
vt 0.3506813943386078 0.4133889973163605 
vt 0.3856116831302643 0.4331788718700409 
vt 0.42447608709335327 0.38799598813056946 
vt 0.4640558063983917 0.3341103494167328 
vt 0.37130576372146606 0.4005136787891388 
vt 0.4043285846710205 0.369398295879364 
vt 0.44688868522644043 0.32254642248153687 
vt 0.45737969875335693 0.305140882730484 
vt 0.483726441860199 0.30549851059913635 
vt 0.46500954031944275 0.29226553440093994 
vt 0.3333950638771057 0.5872059464454651 
vt 0.30227968096733093 0.6028232574462891 
vt 0.35246962308883667 0.6323887705802917 
vt 0.3279111385345459 0.6624312400817871 
vt 0.2547125220298767 0.6623120307922363 
vt 0.25518935918807983 0.7026070356369019 
vt 0.20726454257965088 0.6686304807662964 
vt 0.20988729596138 0.7026070356369019 
vt 0.20726454257965088 0.7365835905075073 
vt 0.2547125220298767 0.7430212497711182 
vt 0.19367390871047974 0.7955955266952515 
vt 0.2508975863456726 0.795833945274353 
vt 0.30227968096733093 0.8025100231170654 
vt 0.3279111385345459 0.7429020404815674 
vt 0.3268381953239441 0.7026070356369019 
vt 0.36141082644462585 0.6661269068717957 
vt 0.38179677724838257 0.6387072205543518 
vt 0.3806045949459076 0.6695842146873474 
vt 0.36081475019454956 0.7026070356369019 
vt 0.36141082644462585 0.7392063140869141 
vt 0.35246962308883667 0.772944450378418 
vt 0.3333950638771057 0.8180081248283386 
vt 0.2508975863456726 0.6094993352890015 
vt 0.19367390871047974 0.609737753868103 
vt 0.38179677724838257 0.7666260004043579 
vt 0.3806045949459076 0.7357490658760071 
vt 0.4064744710922241 0.7305035591125488 
vt 0.4117199778556824 0.7653146386146545 
vt 0.4343710243701935 0.7194164991378784 
vt 0.4064744710922241 0.7026070356369019 
vt 0.43401336669921875 0.7026070356369019 
vt 0.4343710243701935 0.6859167814254761 
vt 0.4064744710922241 0.6748297214508057 
vt 0.4117199778556824 0.6400186419487 
vt 0.37977010011672974 0.7026070356369019 
vt 0.44665026664733887 0.12250196188688278 
vt 0.449273020029068 0.1562400907278061 
vt 0.40790507197380066 0.1512330174446106 
vt 0.4242376685142517 0.18580566346645355 
vt 0.4753813147544861 0.15922048687934875 
vt 0.4770503342151642 0.12584000825881958 
vt 0.4342518150806427 0.0974666029214859 
vt 0.3900226652622223 0.12369412183761597 
vt 0.35974180698394775 0.21417906880378723 
vt 0.37464380264282227 0.23671089112758636 
vt 0.3871614933013916 0.2624615430831909 
vt 0.43413257598876953 0.22860419750213623 
vt 0.46226757764816284 0.21668259799480438 
vt 0.4725201427936554 0.2171594649553299 
vt 0.46119463443756104 0.26734939217567444 
vt 0.47001659870147705 0.2669917643070221 
vt 0.43627846240997314 0.2665148973464966 
vt 0.3989638686180115 0.28880828619003296 
vt 0.34317079186439514 0.3180162012577057 
vt 0.3327989876270294 0.29929929971694946 
vt 0.32493072748184204 0.325169175863266 
vt 0.3046640157699585 0.31479737162590027 
vt 0.31157854199409485 0.3307723104953766 
vt 0.32040053606033325 0.2820129692554474 
vt 0.30597537755966187 0.2675878405570984 
vt 0.2978686988353729 0.29882243275642395 
vt 0.28988122940063477 0.28380119800567627 
vt 0.29000043869018555 0.2554278075695038 
vt 0.2785557210445404 0.27104508876800537 
vt 0.26401135325431824 0.2613885998725891 
vt 0.2724756896495819 0.24445992708206177 
vt 0.31813541054725647 0.1767452508211136 
vt 0.3407864570617676 0.19415077567100525 
vt 0.36975595355033875 0.10140073299407959 
vt 0.383823424577713 0.06301318109035492 
vt 0.4031364321708679 0.028917403891682625 
vt 0.4496306777000427 0.05049550160765648 
vt 0.47824251651763916 0.10163916647434235 
vt 0.48062682151794434 0.05216452479362488 
vt 0.511622965335846 0.05359511449933052 
vt 0.5223524570465088 0.10175838321447372 
vt 0.5601438879966736 0.036666445434093475 
vt 0.5758804082870483 0.0725504606962204 
vt 0.5861330032348633 0.11213017255067825 
vt 0.5638396143913269 0.1322776824235916 
vt 0.6059228181838989 0.20726454257965088 
vt 0.6302428841590881 0.1921241134405136 
vt 0.6505096554756165 0.273190975189209 
vt 0.6689881086349487 0.26401135325431824 
vt 0.6757833957672119 0.28165531158447266 
vt 0.6602853536605835 0.28988122940063477 
vt 0.6478868722915649 0.3014451861381531 
vt 0.6333425045013428 0.28380119800567627 
vt 0.6383495926856995 0.3156318962574005 
vt 0.5851792693138123 0.22526615858078003 
vt 0.543334424495697 0.1579091101884842 
vt 0.5076888799667358 0.12548236548900604 
vt 0.5017280578613281 0.15886284410953522 
vt 0.48289191722869873 0.2176363319158554 
vt 0.47895780205726624 0.2681839168071747 
vt 0.503754734992981 0.2698529362678528 
vt 0.5095962882041931 0.23229989409446716 
vt 0.5386850237846375 0.2957228124141693 
vt 0.5236638188362122 0.19081273674964905 
vt 0.5529909133911133 0.270687460899353 
vt 0.5913785099983215 0.3302954435348511 
vt 0.6035385131835938 0.31265148520469666 
vt 0.6089032292366028 0.33923664689064026 
vt 0.6300044655799866 0.33089151978492737 
vt 0.6216593384742737 0.3461511731147766 
vt 0.617605984210968 0.2967957556247711 
vt 0.5680121779441833 0.24624817073345184 
vt 0.23051166534423828 0.28058236837387085 
vt 0.23683011531829834 0.2942922115325928 
vt 0.21060258150100708 0.2920271158218384 
vt 0.22729282081127167 0.3224271833896637 
vt 0.2613885998725891 0.3798893094062805 
vt 0.28332436084747314 0.3634375035762787 
vt 0.3130091428756714 0.3976525068283081 
vt 0.29560360312461853 0.4287678599357605 
vt 0.24553287029266357 0.3125322759151459 
vt 0.7479091286659241 0.01675737276673317 
vt 0.7474322319030762 0.027486812323331833 
vt 0.7274039387702942 0.019618555903434753 
vt 0.7280000448226929 0.04215037822723389 
vt 0.7465977072715759 0.043938618153333664 
vt 0.7479091286659241 0.10533486306667328 
vt 0.7281192541122437 0.0974666029214859 
vt 0.7402792572975159 0.19236254692077637 
vt 0.7268078923225403 0.18747468292713165 
vt 0.7393255233764648 0.20261511206626892 
vt 0.7266886234283447 0.19808490574359894 
vt 0.7364643812179565 0.23587638139724731 
vt 0.7262117862701416 0.23241911828517914 
vt 0.7130980491638184 0.194389209151268 
vt 0.7145286202430725 0.22943872213363647 
vt 0.7127403616905212 0.18354055285453796 
vt 0.7089254856109619 0.09174423664808273 
vt 0.7080909609794617 0.03940841183066368 
vt 0.7071372270584106 0.019499339163303375 
vt 0.6872281432151794 0.01759188435971737 
vt 0.6863936185836792 0.03785860538482666 
vt 0.6674383282661438 0.015088347718119621 
vt 0.6649347543716431 0.038216251879930496 
vt 0.6474100351333618 0.011750300414860249 
vt 0.645383358001709 0.04000449180603027 
vt 0.6694649457931519 0.09174423664808273 
vt 0.6494367122650146 0.09925484657287598 
vt 0.6894932389259338 0.08959835022687912 
vt 0.6981960535049438 0.18234840035438538 
vt 0.6834132671356201 0.18425585329532623 
vt 0.669822633266449 0.18902449309825897 
vt 0.6850822567939758 0.19510450959205627 
vt 0.6722069382667542 0.19951550662517548 
vt 0.6904469728469849 0.2303924411535263 
vt 0.6800751686096191 0.2337304949760437 
vt 0.7026070356369019 0.22860419750213623 
vt 0.6992689967155457 0.19319705665111542 
vt 0.8000065088272095 0.2832051217556 
vt 0.7821241021156311 0.28058236837387085 
vt 0.7823625206947327 0.2990608513355255 
vt 0.7603075504302979 0.27617138624191284 
vt 0.8001257181167603 0.3081212639808655 
vt 0.7830778360366821 0.30990952253341675 
vt 0.8001257181167603 0.3634375035762787 
vt 0.7790244817733765 0.36856380105018616 
vt 0.7759248614311218 0.4503459632396698 
vt 0.7616189122200012 0.45284950733184814 
vt 0.7731828689575195 0.46059852838516235 
vt 0.7595922946929932 0.46274441480636597 
vt 0.7638840675354004 0.49374058842658997 
vt 0.752916157245636 0.49493274092674255 
vt 0.7448095083236694 0.46512874960899353 
vt 0.7402792572975159 0.4963633418083191 
vt 0.7462400794029236 0.45547226071357727 
vt 0.7581616640090942 0.37357085943222046 
vt 0.763645589351654 0.3107440173625946 
vt 0.7429020404815674 0.27617138624191284 
vt 0.7419483065605164 0.31110167503356934 
vt 0.7258541584014893 0.27939021587371826 
vt 0.7367027997970581 0.3754783272743225 
vt 0.7306227684020996 0.4565452039241791 
vt 0.7299075126647949 0.46608248353004456 
vt 0.7276423573493958 0.49707862734794617 
vt 0.715243935585022 0.464651882648468 
vt 0.7151247262954712 0.49600568413734436 
vt 0.702130138874054 0.4613138437271118 
vt 0.7046337127685547 0.49374058842658997 
vt 0.7014148831367493 0.4512996971607208 
vt 0.715243935585022 0.45499539375305176 
vt 0.7154823541641235 0.3727363348007202 
vt 0.7204894423484802 0.3106248080730438 
vt 0.7017725110054016 0.3089557886123657 
vt 0.7035607695579529 0.2946498692035675 
vt 0.704037606716156 0.2853510081768036 
vt 0.6950964331626892 0.3662986755371094 
vt 0.7697256207466125 0.22240497171878815 
vt 0.7842699885368347 0.2253853678703308 
vt 0.7667452096939087 0.24171796441078186 
vt 0.780216634273529 0.2448175847530365 
vt 0.8133586645126343 0.22920028865337372 
vt 0.8079939484596252 0.25173211097717285 
vt 0.863787055015564 0.23826070129871368 
vt 0.8555611371994019 0.25626230239868164 
vt 0.8665290474891663 0.2610309422016144 
vt 0.8792851567268372 0.2476787567138672 
vt 0.8790466785430908 0.2712835371494293 
vt 0.8749933838844299 0.21954378485679626 
vt 0.8175312280654907 0.2115563154220581 
vt 0.7873696088790894 0.20619159936904907 
vt 0.7728252410888672 0.20511865615844727 
vt 0.7754480242729187 0.18544800579547882 
vt 0.7888001799583435 0.18699781596660614 
vt 0.8194386959075928 0.18699781596660614 
vt 0.87892746925354 0.1694730669260025 
vt 0.8678404092788696 0.15075615048408508 
vt 0.9055126309394836 0.15266361832618713 
vt 0.890133798122406 0.13811926543712616 
vt 0.9255409240722656 0.12941649556159973 
vt 0.9056318402290344 0.11975999921560287 
vt 0.8767815828323364 0.12667451798915863 
vt 0.8864380717277527 0.114633709192276 
vt 0.8800004124641418 0.10044700652360916 
vt 0.8695093989372253 0.11439527571201324 
vt 0.8641446828842163 0.09925484657287598 
vt 0.8537728786468506 0.10485799610614777 
vt 0.8615219593048096 0.13108551502227783 
vt 0.8172928094863892 0.1639891266822815 
vt 0.7886809706687927 0.16804248094558716 
vt 0.7759248614311218 0.16756561398506165 
vt 0.7866542935371399 0.1489679217338562 
vt 0.7740173935890198 0.15147145092487335 
vt 0.7692487835884094 0.13370826840400696 
vt 0.7826009392738342 0.13001257181167603 
vt 0.8103783130645752 0.12393255531787872 
vt 0.814908504486084 0.14491456747055054 
vt 0.8189618587493896 0.6883010864257812 
vt 0.8400630950927734 0.6867513060569763 
vt 0.8206308484077454 0.6701802611351013 
vt 0.8410167694091797 0.6687496900558472 
vt 0.8599721193313599 0.6846054196357727 
vt 0.8585415482521057 0.6670806407928467 
vt 0.8782122135162354 0.6668422222137451 
vt 0.8796427845954895 0.6838901042938232 
vt 0.8991941809654236 0.6838901042938232 
vt 0.899909496307373 0.6682727932929993 
vt 0.9194609522819519 0.6859167814254761 
vt 0.9188648462295532 0.6701802611351013 
vt 0.9400852918624878 0.6705378890037537 
vt 0.9404429197311401 0.688420295715332 
vt 0.9065855741500854 0.7725868225097656 
vt 0.9206531047821045 0.7756864428520203 
vt 0.9179111123085022 0.7882041335105896 
vt 0.904797375202179 0.7849853038787842 
vt 0.8916835784912109 0.7719907164573669 
vt 0.8906106352806091 0.7845084071159363 
vt 0.8798812031745911 0.7692487835884094 
vt 0.8798812031745911 0.7814087867736816 
vt 0.865694522857666 0.770440936088562 
vt 0.8518654704093933 0.772944450378418 
vt 0.8376787304878235 0.7756864428520203 
vt 0.8404207229614258 0.7882041335105896 
vt 0.8536536693572998 0.7853429317474365 
vt 0.8665290474891663 0.782720148563385 
vt 0.1672079712152481 0.9067047834396362 
vt 0.16541972756385803 0.9225605130195618 
vt 0.17936798930168152 0.9052742123603821 
vt 0.17519544064998627 0.9163613319396973 
vt 0.18640173971652985 0.9148114919662476 
vt 0.1905743032693863 0.90575110912323 
vt 0.19927707314491272 0.9064663648605347 
vt 0.19486607611179352 0.9148114919662476 
vt 0.23730696737766266 0.9139769673347473 
vt 0.2320614606142044 0.9194609522819519 
vt 0.1672079712152481 0.9067047834396362 
vt 0.15922048687934875 0.9185072183609009 
vt 0.1623201072216034 0.9082546234130859 
vt 0.13883455097675323 0.9114734530448914 
vt 0.14264947175979614 0.9052742123603821 
vt 0.5914977192878723 0.7822433114051819 
vt 0.605326771736145 0.7786668539047241 
vt 0.5953125953674316 0.7579232454299927 
vt 0.6090224385261536 0.7524393200874329 
vt 0.5974584817886353 0.7429020404815674 
vt 0.6081879734992981 0.7380141615867615 
vt 0.5976969599723816 0.7314572930335999 
vt 0.6065189242362976 0.7268078923225403 
vt 0.6050883531570435 0.718224287033081 
vt 0.5971008539199829 0.723112165927887 
vt 0.5914977192878723 0.684963047504425 
vt 0.5966240167617798 0.6794791221618652 
vt 0.01997620426118374 0.9523645639419556 
vt 0.04441548511385918 0.9523645639419556 
vt 0.035235852003097534 0.9354358911514282 
vt 0.049422554671764374 0.933170735836029 
vt 0.04715745151042938 0.9095659852027893 
vt 0.057886891067028046 0.9064663648605347 
vt 0.037500955164432526 0.9157652258872986 
vt 0.012704027816653252 0.9392507672309875 
vt 0.014373051933944225 0.9270907640457153 
vt 0.02546014077961445 0.904797375202179 
vt 0.04000449180603027 0.9088507294654846 
vt 0.04346175491809845 0.8883455395698547 
vt 0.0503762848675251 0.8902530074119568 
vt 0.059436701238155365 0.9523645639419556 
vt 0.07040457427501678 0.9500994086265564 
vt 0.060271210968494415 0.9303095936775208 
vt 0.06861633062362671 0.9275676012039185 
vt 0.06599357724189758 0.9044396877288818 
vt 0.10223524272441864 0.8968098759651184 
vt 0.10402348637580872 0.9133809208869934 
vt 0.07803439348936081 0.946880578994751 
vt 0.11046114563941956 0.9270907640457153 
vt 0.15969735383987427 0.8022716045379639 
vt 0.1328737586736679 0.8019139766693115 
vt 0.13943064212799072 0.7743750810623169 
vt 0.11499135941267014 0.7667452096939087 
vt 0.13549651205539703 0.7576848268508911 
vt 0.12560157477855682 0.7464784979820251 
vt 0.15969735383987427 0.7350337505340576 
vt 0.11844862252473831 0.7268078923225403 
vt 0.12643609941005707 0.7018917202949524 
vt 0.08482971042394638 0.7365835905075073 
vt 0.07994185388088226 0.7037991881370544 
vt 0.13442356884479523 0.6769756078720093 
vt 0.07517321407794952 0.6711339950561523 
vt 0.020214635878801346 0.6937850117683411 
vt 0.03499741852283478 0.7153631448745728 
vt 0.012584812007844448 0.7566118836402893 
vt 0.04978020489215851 0.7369412183761597 
vt 0.048588044941425323 0.7578040361404419 
vt 0.06861633062362671 0.7578040361404419 
vt 0.08781010657548904 0.7569695115089417 
vt 0.10640780627727509 0.7522009015083313 
vt 0.09198267012834549 0.785104513168335 
vt 0.06456299126148224 0.7741366028785706 
vt 0.042269594967365265 0.771394670009613 
vt 0.04346175491809845 0.7884425520896912 
vt 0.032017018646001816 0.8209885358810425 
vt 0.13442356884479523 0.6769756078720093 
vt 0.05752924457192421 0.8130010366439819 
vt 0.06205945089459419 0.8468583822250366 
vt 0.06623201072216034 0.8629525303840637 
vt 0.10378505289554596 0.8658137321472168 
vt 0.10140073299407959 0.8496003746986389 
vt 0.09710895270109177 0.8199155926704407 
vt 0.0802994966506958 0.8127626180648804 
vt 0.09508228302001953 0.8064441680908203 
vt 0.11105722934007645 0.8082323670387268 
vt 0.13835769891738892 0.8356520533561707 
vt 0.1389537751674652 0.8522230982780457 
vt 0.0221220925450325 0.5738537311553955 
vt 0.04751510173082352 0.5665815472602844 
vt 0.02689073234796524 0.624401330947876 
vt 0.06003278121352196 0.6049691438674927 
vt 0.06968927383422852 0.5584748983383179 
vt 0.012823243625462055 0.5092386603355408 
vt 0.049303341656923294 0.5067351460456848 
vt 0.012823243625462055 0.4474847912788391 
vt 0.06301318109035492 0.4547569453716278 
vt 0.05574100464582443 0.49827080965042114 
vt 0.09985092282295227 0.4676322937011719 
vt 0.06670887768268585 0.5010127425193787 
vt 0.07123908400535583 0.5115037560462952 
vt 0.10736153274774551 0.5101923942565918 
vt 0.10652702301740646 0.5329626798629761 
vt 0.1612471640110016 0.5020856857299805 
vt 0.1533789038658142 0.5494144558906555 
vt 0.12142901867628098 0.5503681898117065 
vt 0.09389012306928635 0.571111798286438 
vt 0.07946498692035675 0.6061612963676453 
vt 0.07111986726522446 0.6431182622909546 
vt 0.03392447531223297 0.6583778858184814 
vt 0.08220695704221725 0.6389456987380981 
vt 0.06968927383422852 0.5235446095466614 
vt 0.058721404522657394 0.5371351838111877 
vt 0.3125322759151459 0.3566421866416931 
vt 0.32254642248153687 0.36474886536598206 
vt 0.3235001266002655 0.35747671127319336 
vt 0.3345872163772583 0.3701135814189911 
vt 0.33589860796928406 0.35854965448379517 
vt 0.34758177399635315 0.37023282051086426 
vt 0.34805864095687866 0.3611724078655243 
vt 0.3612916171550751 0.36689475178718567 
vt 0.3612916171550751 0.3600994646549225 
vt 0.37917402386665344 0.3566421866416931 
vt 0.7687718868255615 0.7429020404815674 
vt 0.7682950496673584 0.7322918176651001 
vt 0.7483859658241272 0.7400408387184143 
vt 0.7488628029823303 0.7176282405853271 
vt 0.7674605250358582 0.7157207727432251 
vt 0.7687718868255615 0.6543245315551758 
vt 0.7489820718765259 0.6623120307922363 
vt 0.7611420750617981 0.5670584440231323 
vt 0.7476706504821777 0.5719462633132935 
vt 0.7587577700614929 0.53987717628479 
vt 0.7473130226135254 0.5439305305480957 
vt 0.757327139377594 0.5237830281257629 
vt 0.7470746040344238 0.5272402763366699 
vt 0.734795331954956 0.5472685694694519 
vt 0.7355106472969055 0.5302206873893738 
vt 0.7336031794548035 0.5758804082870483 
vt 0.7299075126647949 0.6680343747138977 
vt 0.7290729880332947 0.7202509641647339 
vt 0.7280000448226929 0.7401600480079651 
vt 0.7080909609794617 0.7421867251396179 
vt 0.7072564363479614 0.7218008041381836 
vt 0.688420295715332 0.7446902394294739 
vt 0.6857975721359253 0.7214431762695312 
vt 0.6682727932929993 0.7479091286659241 
vt 0.6662461161613464 0.7197741270065308 
vt 0.6903277635574341 0.6679151654243469 
vt 0.6702994704246521 0.6604045629501343 
vt 0.7104752659797668 0.6701802611351013 
vt 0.7191780209541321 0.5770725607872009 
vt 0.7219200134277344 0.5482223033905029 
vt 0.7234697937965393 0.531055212020874 
vt 0.7088062763214111 0.5464340448379517 
vt 0.7114289999008179 0.5293861627578735 
vt 0.697123110294342 0.5424999594688416 
vt 0.7009379863739014 0.5259289145469666 
vt 0.7043952345848083 0.5751650929450989 
vt 0.690804660320282 0.5703964829444885 
vt 0.5656278133392334 0.7975029349327087 
vt 0.5479838848114014 0.7816472053527832 
vt 0.547745406627655 0.8001257181167603 
vt 0.5259289145469666 0.8045367002487183 
vt 0.5657470226287842 0.7725868225097656 
vt 0.548699140548706 0.7709177732467651 
vt 0.5657470226287842 0.7172706127166748 
vt 0.5446458458900452 0.7122635245323181 
vt 0.5415462255477905 0.6301236748695374 
vt 0.5271210670471191 0.6276201605796814 
vt 0.5340356230735779 0.6030616760253906 
vt 0.5217563509941101 0.6013926267623901 
vt 0.5295053720474243 0.5870867371559143 
vt 0.5185375213623047 0.5858945846557617 
vt 0.508165717124939 0.5994851589202881 
vt 0.5059006214141846 0.584344744682312 
vt 0.5118614435195923 0.6249973773956299 
vt 0.5237830281257629 0.7072564363479614 
vt 0.5292669534683228 0.7700832486152649 
vt 0.5085233449935913 0.804655909538269 
vt 0.5075696706771851 0.7696064114570618 
vt 0.49147549271583557 0.8014370799064636 
vt 0.5023241639137268 0.7052297592163086 
vt 0.4962441325187683 0.6239244341850281 
vt 0.49433666467666626 0.5986506938934326 
vt 0.49326372146606445 0.5837486386299133 
vt 0.4808652698993683 0.599962055683136 
vt 0.4807460308074951 0.5847023725509644 
vt 0.469062864780426 0.6027039885520935 
vt 0.470255047082901 0.5869675278663635 
vt 0.4670362174510956 0.6291699409484863 
vt 0.4808652698993683 0.6254742741584778 
vt 0.48110368847846985 0.7079717516899109 
vt 0.48611077666282654 0.7702025175094604 
vt 0.4673938453197479 0.7718715071678162 
vt 0.4691821038722992 0.7861774563789368 
vt 0.4696589708328247 0.7953570485115051 
vt 0.4607177674770355 0.7145286202430725 
vt 0.7907076478004456 0.5172261595726013 
vt 0.8052520155906677 0.5142457485198975 
vt 0.7876080274581909 0.4980323612689972 
vt 0.8010794520378113 0.4948135316371918 
vt 0.8342214822769165 0.5104308128356934 
vt 0.8288567662239075 0.4878990054130554 
vt 0.884769082069397 0.5014896392822266 
vt 0.8764239549636841 0.4834880232810974 
vt 0.8873918056488037 0.4786001443862915 
vt 0.9002671241760254 0.4919523596763611 
vt 0.899909496307373 0.46834757924079895 
vt 0.8958561420440674 0.5200873017311096 
vt 0.8385132551193237 0.528194010257721 
vt 0.8082323670387268 0.5334395170211792 
vt 0.7936880588531494 0.534512460231781 
vt 0.7963107824325562 0.5541831254959106 
vt 0.8096629977226257 0.5526332855224609 
vt 0.809543788433075 0.5715886354446411 
vt 0.796787679195404 0.5720654726028442 
vt 0.8075171113014221 0.5906631946563721 
vt 0.794880211353302 0.5881596803665161 
vt 0.7902307510375977 0.6059228181838989 
vt 0.8034637570381165 0.609737753868103 
vt 0.8312410712242126 0.6156985759735107 
vt 0.8357712626457214 0.5947165489196777 
vt 0.8746356964111328 0.6347731351852417 
vt 0.8823847770690918 0.6085456013679504 
vt 0.8976444005966187 0.6129565834999084 
vt 0.8903722167015076 0.625355064868927 
vt 0.8850075006484985 0.6403762698173523 
vt 0.9009824395179749 0.6391841173171997 
vt 0.9073008894920349 0.6249973773956299 
vt 0.9264946579933167 0.6198711395263672 
vt 0.9109966158866882 0.6016310453414917 
vt 0.9464037418365479 0.6102145910263062 
vt 0.9263754487037659 0.5870867371559143 
vt 0.8888224363327026 0.5889941453933716 
vt 0.8382748365402222 0.5756419897079468 
vt 0.840301513671875 0.5526332855224609 
vt 0.8997902870178223 0.570158064365387 
vt 0.3657025992870331 0.8041790723800659 
vt 0.3789355754852295 0.807159423828125 
vt 0.3629606366157532 0.8166967034339905 
vt 0.3771473467350006 0.8194386959075928 
vt 0.34424373507499695 0.9040820598602295 
vt 0.36534494161605835 0.90575110912323 
vt 0.34591275453567505 0.9222028851509094 
vt 0.3662986755371094 0.9236334562301636 
vt 0.39181089401245117 0.8097822070121765 
vt 0.3909763991832733 0.8220614790916443 
vt 0.40516310930252075 0.8109743595123291 
vt 0.40516310930252075 0.8232536315917969 
vt 0.4158925414085388 0.8078747391700745 
vt 0.4169654846191406 0.8203924298286438 
vt 0.43007925152778625 0.8073979020118713 
vt 0.4319866895675659 0.8197963237762451 
vt 0.4431930184364319 0.8041790723800659 
vt 0.4459349811077118 0.8166967034339905 
vt 0.4447427988052368 0.9064663648605347 
vt 0.4657248258590698 0.9040820598602295 
vt 0.4653671681880951 0.9219644665718079 
vt 0.4441467225551605 0.9223220944404602 
vt 0.42519140243530273 0.9241103529930115 
vt 0.42447608709335327 0.9086122512817383 
vt 0.40349408984184265 0.9255409240722656 
vt 0.4049246609210968 0.9084930419921875 
vt 0.38525402545928955 0.9078969955444336 
vt 0.383823424577713 0.9254217147827148 
vt 0.9181495308876038 0.3792932331562042 
vt 0.9195801615715027 0.36701399087905884 
vt 0.9022938013076782 0.3810814619064331 
vt 0.9084930419921875 0.3711865544319153 
vt 0.9100428819656372 0.3599802255630493 
vt 0.9191032648086548 0.35592690110206604 
vt 0.9183880090713501 0.34710490703582764 
vt 0.9100428819656372 0.35151588916778564 
vt 0.9108773469924927 0.3090749979019165 
vt 0.9053934216499329 0.31432050466537476 
vt 0.9181495308876038 0.3792932331562042 
vt 0.9063471555709839 0.3872807025909424 
vt 0.9165997505187988 0.38406187295913696 
vt 0.9133809208869934 0.4075474143028259 
vt 0.9195801615715027 0.403851717710495 
vt 0.3227848410606384 0.01210794784128666 
vt 0.33661389350891113 0.015684427693486214 
vt 0.32659974694252014 0.03642801195383072 
vt 0.34030959010124207 0.04191194847226143 
vt 0.32874563336372375 0.05144922807812691 
vt 0.3394750952720642 0.056337084621191025 
vt 0.3289840817451477 0.06289396435022354 
vt 0.3378060460090637 0.06766260415315628 
vt 0.33637547492980957 0.07624615728855133 
vt 0.3283880054950714 0.07123908400535583 
vt 0.3227848410606384 0.10938820242881775 
vt 0.3279111385345459 0.11499135941267014 
vt 0.5929282903671265 0.9584445357322693 
vt 0.5683698058128357 0.9584445357322693 
vt 0.5775494575500488 0.9413966536521912 
vt 0.563362717628479 0.9391315579414368 
vt 0.5657470226287842 0.915526807308197 
vt 0.5550175905227661 0.9124271869659424 
vt 0.5754035711288452 0.9217260479927063 
vt 0.6000812649726868 0.945330798625946 
vt 0.5985314249992371 0.9330515265464783 
vt 0.5873251557350159 0.9107581377029419 
vt 0.5727807879447937 0.9148114919662476 
vt 0.5694427490234375 0.8943063616752625 
vt 0.562408983707428 0.8962138295173645 
vt 0.5534678101539612 0.9583253264427185 
vt 0.542380690574646 0.9560602307319641 
vt 0.5526332855224609 0.9362703561782837 
vt 0.544288158416748 0.9335284233093262 
vt 0.5469109416007996 0.9104005098342896 
vt 0.5106692314147949 0.9027706980705261 
vt 0.5087618231773376 0.9193416833877563 
vt 0.5348700881004333 0.9528414011001587 
vt 0.5024433732032776 0.9330515265464783 
vt 0.6511057019233704 0.5873251557350159 
vt 0.6259511113166809 0.5788608193397522 
vt 0.6438335180282593 0.63763427734375 
vt 0.6116452217102051 0.6165330410003662 
vt 0.604373037815094 0.5696811676025391 
vt 0.6162946224212646 0.5489376187324524 
vt 0.6060420870780945 0.5348700881004333 
vt 0.568727433681488 0.542380690574646 
vt 0.6050883531570435 0.5225908756256104 
vt 0.5689659118652344 0.5196104645729065 
vt 0.5156763195991516 0.5088810324668884 
vt 0.5211602449417114 0.556448221206665 
vt 0.5529909133911133 0.5590709447860718 
vt 0.5795761346817017 0.5810067057609558 
vt 0.5920937657356262 0.6167715191841125 
vt 0.5987699031829834 0.6540861129760742 
vt 0.635130763053894 0.6711339950561523 
vt 0.6635041832923889 0.523306131362915 
vt 0.6271432638168335 0.5190143585205078 
vt 0.6666038036346436 0.4615522623062134 
vt 0.6160562038421631 0.4663209021091461 
vt 0.6681535840034485 0.404805451631546 
vt 0.5997236371040344 0.4114815592765808 
vt 0.5786224007606506 0.4774079918861389 
vt 0.5435729026794434 0.45010754466056824 
vt 0.5689659118652344 0.5196104645729065 
vt 0.5156763195991516 0.5088810324668884 
vt 0.5879212021827698 0.6494367122650146 
vt 0.6211825013160706 0.5101923942565918 
vt 0.6100953817367554 0.5123382806777954 
vt 0.6050883531570435 0.5225908756256104 
vt 0.45284950733184814 0.02534092403948307 
vt 0.4638173580169678 0.02450641244649887 
vt 0.46286365389823914 0.017234236001968384 
vt 0.47490444779396057 0.011869516223669052 
vt 0.47621583938598633 0.023552684113383293 
vt 0.4878990054130554 0.011750300414860249 
vt 0.48837587237358093 0.020929932594299316 
vt 0.5016088485717773 0.015088347718119621 
vt 0.5016088485717773 0.022002875804901123 
vt 0.5194912552833557 0.02534092403948307 
vt 0.8434011340141296 0.9063471555709839 
vt 0.8265916705131531 0.913619339466095 
vt 0.8315987586975098 0.8729667067527771 
vt 0.8112127780914307 0.880358099937439 
vt 0.8116896748542786 0.8441163897514343 
vt 0.790469229221344 0.8208692669868469 
vt 0.7924959063529968 0.8784506320953369 
vt 0.7712754607200623 0.8156237602233887 
vt 0.7716330885887146 0.8679596185684204 
vt 0.7452863454818726 0.8088284730911255 
vt 0.7611420750617981 0.8645023703575134 
vt 0.7088062763214111 0.8299297094345093 
vt 0.7258541584014893 0.8758278489112854 
vt 0.7659107446670532 0.899909496307373 
vt 0.7936880588531494 0.9124271869659424 
vt 0.8301681280136108 0.8367249965667725 
vt 0.7263309955596924 0.7663875818252563 
vt 0.6912814974784851 0.7750903367996216 
vt 0.6579010486602783 0.7893962860107422 
vt 0.6730414628982544 0.844712495803833 
vt 0.6564704179763794 0.8360097408294678 
vt 0.6548014283180237 0.8686749339103699 
vt 0.6725645661354065 0.913619339466095 
vt 0.6915199160575867 0.8906106352806091 
vt 0.7611420750617981 0.8645023703575134 
vt 0.7659107446670532 0.899909496307373 
vt 0.7716330885887146 0.8679596185684204 
vt 0.7936880588531494 0.9124271869659424 
vt 0.7924959063529968 0.8784506320953369 
vt 0.8112127780914307 0.880358099937439 
vt 0.8265916705131531 0.913619339466095 
vt 0.8315987586975098 0.8729667067527771 
vt 0.8434011340141296 0.9063471555709839 
vt 0.8315987586975098 0.8729667067527771 
vt 0.8434011340141296 0.9063471555709839 
vt 0.8301681280136108 0.8367249965667725 
vt 0.8301681280136108 0.8367249965667725 
vt 0.8116896748542786 0.8441163897514343 
vt 0.790469229221344 0.8208692669868469 
vt 0.7712754607200623 0.8156237602233887 
vt 0.7452863454818726 0.8088284730911255 
vt 0.7088062763214111 0.8299297094345093 
vt 0.7258541584014893 0.8758278489112854 
vt 0.6730414628982544 0.844712495803833 
vt 0.6915199160575867 0.8906106352806091 
vt 0.6725645661354065 0.913619339466095 
vt 0.6548014283180237 0.8686749339103699 
vt 0.6725645661354065 0.913619339466095 
vt 0.6548014283180237 0.8686749339103699 
vt 0.6564704179763794 0.8360097408294678 
vt 0.6564704179763794 0.8360097408294678 
vt 0.6579010486602783 0.7893962860107422 
vt 0.6579010486602783 0.7893962860107422 
vt 0.6912814974784851 0.7750903367996216 
vt 0.6912814974784851 0.7750903367996216 
vt 0.7263309955596924 0.7663875818252563 
vt 0.8188426494598389 0.8056096434593201 
vt 0.7263309955596924 0.7663875818252563 
vt 0.7452863454818726 0.8088284730911255 
vt 0.7712754607200623 0.8156237602233887 
vt 0.790469229221344 0.8208692669868469 
vt 0.8116896748542786 0.8441163897514343 
vt 0.8060864806175232 0.8107359409332275 
vt 0.8188426494598389 0.8056096434593201 
vt 0.8121665120124817 0.7814087867736816 
vt 0.8121665120124817 0.7814087867736816 
vt 0.8054904341697693 0.7711561918258667 
vt 0.8054904341697693 0.7711561918258667 
vt 0.02999034710228443 0.011750300414860249 
vt 0.0880485400557518 0.021883660927414894 
vt 0.015445996075868607 0.07243124395608902 
vt 0.08614108711481094 0.07517321407794952 
vt 0.013776971958577633 0.10998428612947464 
vt 0.08327990025281906 0.11344154924154282 
vt 0.08244539052248001 0.1518290936946869 
vt 0.011750300414860249 0.14765654504299164 
vt 0.12929727137088776 0.0802994966506958 
vt 0.1489679217338562 0.016518939286470413 
vt 0.15576322376728058 0.08256460726261139 
vt 0.19009743630886078 0.028321323916316032 
vt 0.1933162659406662 0.07767675071954727 
vt 0.2115563154220581 0.041435085237026215 
vt 0.23396892845630646 0.09675130993127823 
vt 0.24505601823329926 0.04834961146116257 
vt 0.25781211256980896 0.10378505289554596 
vt 0.2742639183998108 0.09186345338821411 
vt 0.27712512016296387 0.03940841183066368 
vt 0.2946498692035675 0.09555914998054504 
vt 0.25113603472709656 0.12166745215654373 
vt 0.2332536280155182 0.12083294242620468 
vt 0.19355469942092896 0.11892548203468323 
vt 0.15421341359615326 0.11689881235361099 
vt 0.12548236548900604 0.11558743566274643 
vt 0.12584000825881958 0.15099458396434784 
vt 0.07910733669996262 0.2049994319677353 
vt 0.13919220864772797 0.21632495522499084 
vt 0.15242518484592438 0.1512330174446106 
vt 0.18926292657852173 0.15981657803058624 
vt 0.020214635878801346 0.2094104290008545 
vt 0.1811562329530716 0.20869512856006622 
vt 0.20392648875713348 0.1977272629737854 
vt 0.2315846085548401 0.14479535818099976 
vt 0.23790305852890015 0.19415077567100525 
vt 0.2560238838195801 0.1401459276676178 
vt 0.2712835371494293 0.15361733734607697 
vt 0.26889920234680176 0.2060723751783371 
vt 0.2917886972427368 0.15194831788539886 
vt 0.9255409240722656 0.28165531158447266 
vt 0.9160036444664001 0.2536395788192749 
vt 0.9037244319915771 0.2858278751373291 
vt 0.8966906666755676 0.26341527700424194 
vt 0.8832192420959473 0.28666239976882935 
vt 0.8939486742019653 0.23194225132465363 
vt 0.1827060431241989 0.239810511469841 
vt 0.1650620698928833 0.24231404066085815 
vt 0.18509036302566528 0.2570968270301819 
vt 0.16696953773498535 0.26222312450408936 
vt 0.14598751068115234 0.24398307502269745 
vt 0.14753732085227966 0.2714027464389801 
vt 0.12703217566013336 0.24505601823329926 
vt 0.12810511887073517 0.2746215760707855 
vt 0.10914976894855499 0.2454136610031128 
vt 0.10914976894855499 0.27271413803100586 
vt 0.09019442647695541 0.2746215760707855 
vt 0.09126736968755722 0.24505601823329926 
vt 0.07076221704483032 0.2714027464389801 
vt 0.07219281047582626 0.24398307502269745 
vt 0.05121079459786415 0.26222312450408936 
vt 0.053237468004226685 0.24231404066085815 
vt 0.03308996558189392 0.2570968270301819 
vt 0.03559349849820137 0.239810511469841 
vt 0.7852237224578857 0.07565007358789444 
vt 0.7743750810623169 0.07648459076881409 
vt 0.7852237224578857 0.09532071650028229 
vt 0.7736597657203674 0.09555914998054504 
vt 0.31539344787597656 0.8598529100418091 
vt 0.3246923089027405 0.8548458814620972 
vt 0.31539344787597656 0.8443548679351807 
vt 0.32540759444236755 0.8413744568824768 
vt 0.8113319873809814 0.45118048787117004 
vt 0.801794707775116 0.44617339968681335 
vt 0.8120473027229309 0.4657248258590698 
vt 0.801794707775116 0.4626252055168152 
vt 0.6419260501861572 0.7135748863220215 
vt 0.6414492130279541 0.7027262449264526 
vt 0.6321503520011902 0.7122635245323181 
vt 0.6321503520011902 0.7011764049530029 
vt 0.9485496282577515 0.31980443000793457 
vt 0.9493841528892517 0.3089557886123657 
vt 0.9388931393623352 0.32099661231040955 
vt 0.9388931393623352 0.30990952253341675 
vt 0.8107359409332275 0.09698974341154099 
vt 0.8203924298286438 0.09234031289815903 
vt 0.8107359409332275 0.08494892716407776 
vt 0.8211077451705933 0.08184930682182312 
vt 0.9717967510223389 0.01318089198321104 
vt 0.9472382664680481 0.03404369205236435 
vt 0.9729889035224915 0.028798187151551247 
vt 0.9484304189682007 0.0476343147456646 
vt 0.9743002653121948 0.04524999484419823 
vt 0.9492649435997009 0.060271210968494415 
vt 0.9754924178123474 0.0625363141298294 
vt 0.9490264654159546 0.07326575368642807 
vt 0.9763269424438477 0.07946498692035675 
vt 0.9472382664680481 0.08769088983535767 
vt 0.9760885238647461 0.09555914998054504 
vt 0.9151691198348999 0.0813724473118782 
vt 0.9161228537559509 0.07016614079475403 
vt 0.916480541229248 0.05836375430226326 
vt 0.9162420630455017 0.04656137153506279 
vt 0.9157652258872986 0.03535506874322891 
vt 0.945330798625946 0.019260907545685768 
vt 0.9151691198348999 0.024387195706367493 
vt 0.9348397850990295 0.21954378485679626 
vt 0.9562986493110657 0.2703298032283783 
vt 0.9086122512817383 0.1933162659406662 
vt 0.9386547207832336 0.19367390871047974 
vt 0.9387739300727844 0.17901034653186798 
vt 0.9673857688903809 0.18258683383464813 
vt 0.9670280814170837 0.1977272629737854 
vt 0.9673857688903809 0.27164119482040405 
vt 0.9075393080711365 0.1828252673149109 
vt 0.8766623735427856 0.4143427312374115 
vt 0.8679596185684204 0.4272180497646332 
vt 0.869151771068573 0.35318493843078613 
vt 0.8541305661201477 0.3589072823524475 
vt 0.8777353167533875 0.34030959010124207 
vt 0.8574686050415039 0.3319644629955292 
vt 0.8766623735427856 0.325169175863266 
vt 0.8661713600158691 0.3136052191257477 
vt 0.8449509143829346 0.33208370208740234 
vt 0.8503156304359436 0.30990952253341675 
vt 0.8267108798027039 0.3285072147846222 
vt 0.8352944254875183 0.3156318962574005 
vt 0.8279030323028564 0.34364765882492065 
vt 0.8382748365402222 0.3552115857601166 
vt 0.8372018933296204 0.429244726896286 
vt 0.8529384136199951 0.43294042348861694 
vt 0.8267108798027039 0.4176807701587677 
vt 0.9133809208869934 0.9703661799430847 
vt 0.9387739300727844 0.9433041214942932 
vt 0.9430657029151917 0.9701277017593384 
vt 0.959040641784668 0.8932334184646606 
vt 0.968816339969635 0.9659551382064819 
vt 0.968816339969635 0.8919220566749573 
vt 0.3915724754333496 0.3196852207183838 
vt 0.40897801518440247 0.31885072588920593 
vt 0.38799598813056946 0.32993781566619873 
vt 0.40671291947364807 0.32993781566619873 
vt 0.6687496900558472 0.3274342715740204 
vt 0.6687496900558472 0.34591275453567505 
vt 0.658616304397583 0.33089151978492737 
vt 0.6580202579498291 0.3478201925754547 
vt 0.610691487789154 0.3728555738925934 
vt 0.6300044655799866 0.37202104926109314 
vt 0.6093801259994507 0.38370421528816223 
vt 0.6290507316589355 0.38370421528816223 
vt 0.6427605748176575 0.938058614730835 
vt 0.6433566808700562 0.9493841528892517 
vt 0.6331040859222412 0.933647632598877 
vt 0.6331040859222412 0.9467613697052002 
vt 0.02057228423655033 0.30979031324386597 
vt 0.059555914252996445 0.31646639108657837 
vt 0.015088347718119621 0.32445386052131653 
vt 0.05216452479362488 0.33661389350891113 
vt 0.012942460365593433 0.34150174260139465 
vt 0.04894569143652916 0.3595033586025238 
vt 0.06039042770862579 0.3389982283115387 
vt 0.05741002783179283 0.3622453510761261 
vt 0.07135830074548721 0.3417401909828186 
vt 0.06885476410388947 0.3639143705368042 
vt 0.0853065699338913 0.34436294436454773 
vt 0.08351833373308182 0.36427199840545654 
vt 0.11141487956047058 0.3488931357860565 
vt 0.11046114563941956 0.36427199840545654 
vt 0.06825868040323257 0.318612277507782 
vt 0.07934577018022537 0.3217118978500366 
vt 0.0913865864276886 0.325169175863266 
vt 0.1179717555642128 0.33494487404823303 
vt 0.09293639659881592 0.3201620876789093 
vt 0.10867290943861008 0.31443971395492554 
vt 0.08244539052248001 0.3029949963092804 
vt 0.08947913348674774 0.3007298707962036 
vt 0.16243933141231537 0.6650539636611938 
vt 0.16243933141231537 0.6819826364517212 
vt 0.16935385763645172 0.6618351340293884 
vt 0.16935385763645172 0.6956924796104431 
vt 0.1761491596698761 0.6755449771881104 
vt 0.1761491596698761 0.6924736499786377 
vt 0.6180828809738159 0.015803644433617592 
vt 0.6025847792625427 0.011869516223669052 
vt 0.6134334802627563 0.037500955164432526 
vt 0.6025847792625427 0.03690487518906593 
vt 0.6111683249473572 0.06086729094386101 
vt 0.6038962006568909 0.0614633709192276 
vt 0.6117644309997559 0.06802025437355042 
vt 0.6046114563941956 0.06861633062362671 
vt 0.50911945104599 0.8370826840400696 
vt 0.5159147381782532 0.845666229724884 
vt 0.545718789100647 0.8323140144348145 
vt 0.5534678101539612 0.8405399322509766 
vt 0.6017502546310425 0.8251610398292542 
vt 0.6099761724472046 0.8351752161979675 
vt 0.6102145910263062 0.8175312280654907 
vt 0.6193942427635193 0.830525815486908 
vt 0.6130757927894592 0.8465007543563843 
vt 0.6224938631057739 0.8476929068565369 
vt 0.5181798934936523 0.8565148711204529 
vt 0.5562097430229187 0.852580726146698 
vt 0.5149610638618469 0.8667674660682678 
vt 0.5527524948120117 0.8645023703575134 
vt 0.5079272985458374 0.8747549057006836 
vt 0.5446458458900452 0.8723706007003784 
vt 0.6103338599205017 0.8580647110939026 
vt 0.617605984210968 0.8635486364364624 
vt 0.6012734174728394 0.8676019906997681 
vt 0.6075918674468994 0.8747549057006836 
vt 0.1612471640110016 0.5020856857299805 
vt 0.10736153274774551 0.5101923942565918 
vt 0.1362117975950241 0.4420008361339569 
vt 0.09985092282295227 0.4676322937011719 
vt 0.0819685235619545 0.4006328880786896 
vt 0.06301318109035492 0.4547569453716278 
vt 0.01401540357619524 0.39073795080184937 
vt 0.012823243625462055 0.4474847912788391 
vt 0.23051166534423828 0.2524473965167999 
vt 0.21251004934310913 0.26269999146461487 
vt 0.23587638139724731 0.23945285379886627 
vt 0.21251004934310913 0.22967714071273804 
vt 0.22192810475826263 0.22085516154766083 
vt 0.2337304949760437 0.2265775352716446 
vt 0.9464037418365479 0.4579757750034332 
vt 0.9245871901512146 0.45392245054244995 
vt 0.9368664622306824 0.48599153757095337 
vt 0.9175534844398499 0.47621583938598633 
vt 0.9149307012557983 0.5076888799667358 
vt 0.9040820598602295 0.4530879259109497 
vt 0.7762824892997742 0.7882041335105896 
vt 0.7647185325622559 0.7879656553268433 
vt 0.7755672335624695 0.7691295742988586 
vt 0.7647185325622559 0.7682950496673584 
vt 0.012346380390226841 0.8473352193832397 
vt 0.02236052416265011 0.8503156304359436 
vt 0.013061676174402237 0.8608066439628601 
vt 0.02236052416265011 0.8658137321472168 
vt 0.3761936128139496 0.028202107176184654 
vt 0.36594104766845703 0.031301725655794144 
vt 0.3761936128139496 0.011869516223669052 
vt 0.3666563332080841 0.01675737276673317 
vt 0.20154216885566711 0.9429464936256409 
vt 0.20154216885566711 0.9541527628898621 
vt 0.19236254692077637 0.9444962739944458 
vt 0.19176645576953888 0.9554641842842102 
vt 0.9554641842842102 0.3845387399196625 
vt 0.9554641842842102 0.3956258296966553 
vt 0.9448539614677429 0.38358500599861145 
vt 0.9458076357841492 0.3944336473941803 
vt 0.9391315579414368 0.8028676509857178 
vt 0.9493841528892517 0.8059672713279724 
vt 0.9397276639938354 0.8134778738021851 
vt 0.9493841528892517 0.8180081248283386 
vt 0.7643609046936035 0.9880101084709167 
vt 0.7482667565345764 0.9882485270500183 
vt 0.7564926743507385 0.9591598510742188 
vt 0.7420675158500671 0.9610673189163208 
vt 0.7501742243766785 0.9270907640457153 
vt 0.7389678955078125 0.9281637072563171 
vt 0.7290729880332947 0.9611865282058716 
vt 0.7271655201911926 0.9284021258354187 
vt 0.7164360880851746 0.9603520035743713 
vt 0.7153631448745728 0.9281637072563171 
vt 0.7028454542160034 0.9591598510742188 
vt 0.6975999474525452 0.9849104881286621 
vt 0.6818634271621704 0.9837183356285095 
vt 0.6880626678466797 0.9572523832321167 
vt 0.7041568160057068 0.92780601978302 
vt 0.6931889653205872 0.9270907640457153 
vt 0.7140517830848694 0.986341118812561 
vt 0.7313380837440491 0.9875332713127136 
vt 0.2581697702407837 0.9723928570747375 
vt 0.2592427134513855 0.961901843547821 
vt 0.28940436244010925 0.9763269424438477 
vt 0.28928515315055847 0.9615441560745239 
vt 0.3180162012577057 0.9726312756538391 
vt 0.31765854358673096 0.9574908018112183 
vt 0.3180162012577057 0.8835769295692444 
vt 0.3068099021911621 0.8848882913589478 
vt 0.28547024726867676 0.9357935190200806 
vt 0.18365977704524994 0.8308834433555603 
vt 0.17078444361686707 0.8394669890403748 
vt 0.2448175847530365 0.8382748365402222 
vt 0.2392144352197647 0.8532960414886475 
vt 0.2576929032802582 0.8296912908554077 
vt 0.26615723967552185 0.8499580025672913 
vt 0.27283334732055664 0.8308834433555603 
vt 0.28439730405807495 0.8413744568824768 
vt 0.2659188210964203 0.8624756932258606 
vt 0.2880930006504059 0.8571109771728516 
vt 0.2696145176887512 0.8807157278060913 
vt 0.2823706269264221 0.8721321821212769 
vt 0.16518129408359528 0.8544881939888 
vt 0.24279090762138367 0.869151771068573 
vt 0.16875776648521423 0.8702247142791748 
vt 0.25447407364845276 0.8796427845954895 
vt 0.18044094741344452 0.8807157278060913 
vt 0.9328131079673767 0.5336779356002808 
vt 0.962497889995575 0.5337971448898315 
vt 0.9580869078636169 0.5607399940490723 
vt 0.9784728288650513 0.6108106970787048 
vt 0.9882485270500183 0.5380889177322388 
vt 0.9882485270500183 0.6120028495788574 
vt 0.13501964509487152 0.38906893134117126 
vt 0.1163027286529541 0.38906893134117126 
vt 0.13728474080562592 0.4000368118286133 
vt 0.11987920850515366 0.39920228719711304 
vt 0.61319500207901 0.09460542351007462 
vt 0.6137911081314087 0.11153408885002136 
vt 0.6240437030792236 0.09651287645101547 
vt 0.6240437030792236 0.11499135941267014 
vt 0.39014187455177307 0.6003196835517883 
vt 0.3704712390899658 0.6003196835517883 
vt 0.3910956084728241 0.6120028495788574 
vt 0.3717826306819916 0.6111683249473572 
vt 0.6373958587646484 0.9080162048339844 
vt 0.6373958587646484 0.8947831988334656 
vt 0.6271432638168335 0.9106389284133911 
vt 0.627858579158783 0.8991941809654236 
vt 0.9119502902030945 0.9148114919662476 
vt 0.9052742123603821 0.8759470582008362 
vt 0.8974059820175171 0.9202954173088074 
vt 0.8851267099380493 0.883338451385498 
vt 0.880358099937439 0.9225605130195618 
vt 0.8622372150421143 0.8865572810173035 
vt 0.8827424049377441 0.8751125931739807 
vt 0.8594952821731567 0.8780929446220398 
vt 0.8800004124641418 0.8641446828842163 
vt 0.8578262329101562 0.866648256778717 
vt 0.8774968981742859 0.850077211856842 
vt 0.8574686050415039 0.8519846796989441 
vt 0.8729667067527771 0.8240880966186523 
vt 0.8574686050415039 0.8250418305397034 
vt 0.9031283259391785 0.867244303226471 
vt 0.9001479148864746 0.8561572432518005 
vt 0.8966906666755676 0.8441163897514343 
vt 0.8867957592010498 0.8175312280654907 
vt 0.9015785455703735 0.8425666093826294 
vt 0.9073008894920349 0.8268300890922546 
vt 0.9187456369400024 0.8530576229095459 
vt 0.9211299419403076 0.8460238575935364 
vt 0.5851792693138123 0.3544963002204895 
vt 0.5851792693138123 0.37142497301101685 
vt 0.5783839225769043 0.3512774705886841 
vt 0.5783839225769043 0.38513481616973877 
vt 0.5714694261550903 0.364987313747406 
vt 0.5714694261550903 0.38191598653793335 
vt 0.1322776824235916 0.5911400318145752 
vt 0.12834355235099792 0.5757611989974976 
vt 0.1539749950170517 0.5866098403930664 
vt 0.1533789038658142 0.5757611989974976 
vt 0.1772221028804779 0.584344744682312 
vt 0.1778181940317154 0.5770725607872009 
vt 0.184494286775589 0.5849408507347107 
vt 0.18509036302566528 0.5776686668395996 
vt 0.7762824892997742 0.05061471462249756 
vt 0.7831970453262329 0.04203116521239281 
vt 0.8130010366439819 0.0553833544254303 
vt 0.8207500576972961 0.04715745151042938 
vt 0.8689133524894714 0.0625363141298294 
vt 0.8771392703056335 0.052522171288728714 
vt 0.8774968981742859 0.07016614079475403 
vt 0.886676549911499 0.057171594351530075 
vt 0.880358099937439 0.04107743501663208 
vt 0.8897761106491089 0.04000449180603027 
vt 0.7853429317474365 0.031182508915662766 
vt 0.8234920501708984 0.035116635262966156 
vt 0.7821241021156311 0.020929932594299316 
vt 0.8200348019599915 0.023195035755634308 
vt 0.7750903367996216 0.012942460365593433 
vt 0.8118088841438293 0.015326780267059803 
vt 0.8776161074638367 0.029632700607180595 
vt 0.8848882913589478 0.024148764088749886 
vt 0.8684364557266235 0.020095419138669968 
vt 0.8747549057006836 0.012942460365593433 
vt 0.13549651205539703 0.6179636716842651 
vt 0.1252439320087433 0.6359652876853943 
vt 0.1484910547733307 0.6125989556312561 
vt 0.1583859771490097 0.6359652876853943 
vt 0.1672079712152481 0.6265472173690796 
vt 0.16136637330055237 0.6147448420524597 
vt 0.8116896748542786 0.8441163897514343 
vt 0.8060864806175232 0.8107359409332275 
vt 0.8060864806175232 0.8107359409332275 
vt 0.8188426494598389 0.8056096434593201 
vt 0.8054904341697693 0.7711561918258667 
vt 0.8121665120124817 0.7814087867736816 
vt 0.8054904341697693 0.7711561918258667 
vt 0.8007217645645142 0.9882485270500183 
vt 0.8194386959075928 0.9871755838394165 
vt 0.7848660349845886 0.9737042188644409 
vt 0.7852237224578857 0.9540335536003113 
vt 0.7991719841957092 0.940919816493988 
vt 0.8182465434074402 0.9394891858100891 
vt 0.8330293297767639 0.9524837732315063 
vt 0.8330293297767639 0.9740618467330933 
s on 
f 1/1/1 2/2/2 3/3/3 
f 2/2/2 4/4/4 3/3/3 
f 3/3/3 4/4/4 5/5/5 
f 4/4/4 5/5/5 5/5/5 
f 5/5/5 5/5/5 1/1/1 
f 5/5/5 1/1/1 1/1/1 
f 1/1/1 1/1/1 2/2/2 
f 1/1/1 6/6/6 2/2/2 
f 2/2/2 6/6/6 7/7/7 
f 6/6/6 8/8/8 7/7/7 
f 7/7/7 8/8/8 9/9/9 
f 8/8/8 10/10/10 9/9/9 
f 9/9/9 10/10/10 11/11/11 
f 10/10/10 12/12/12 11/11/11 
f 11/11/11 12/12/12 13/13/13 
f 12/12/12 14/14/14 13/13/13 
f 13/13/13 14/14/14 15/15/15 
f 14/14/14 16/16/16 15/15/15 
f 15/15/15 16/16/16 16/16/16 
f 16/16/16 11/11/11 16/16/16 
f 16/16/16 11/11/11 11/11/11 
f 11/11/11 13/13/13 11/11/11 
f 11/11/11 13/13/13 9/9/9 
f 13/13/13 17/17/17 9/9/9 
f 9/9/9 17/17/17 7/7/7 
f 17/17/17 18/18/18 7/7/7 
f 7/7/7 18/18/18 2/2/2 
f 18/18/18 18/18/18 2/2/2 
f 2/2/2 18/18/18 4/4/4 
f 18/18/18 19/19/19 4/4/4 
f 4/4/4 19/19/19 4/4/4 
f 19/19/19 20/20/20 4/4/4 
f 4/4/4 20/20/20 5/5/5 
f 20/20/20 21/21/21 5/5/5 
f 5/5/5 21/21/21 5/5/5 
f 21/21/21 22/22/22 5/5/5 
f 5/5/5 22/22/22 3/3/3 
f 22/22/22 23/23/23 3/3/3 
f 3/3/3 23/23/23 23/23/23 
f 23/23/23 22/22/22 23/23/23 
f 23/23/23 22/22/22 22/22/22 
f 22/22/22 21/21/21 22/22/22 
f 22/22/22 21/21/21 24/24/24 
f 21/21/21 25/25/25 24/24/24 
f 24/24/24 25/25/25 24/24/24 
f 25/25/25 26/26/26 24/24/24 
f 24/24/24 26/26/26 27/27/27 
f 26/26/26 28/28/28 27/27/27 
f 27/27/27 28/28/28 27/27/27 
f 28/28/28 29/29/29 27/27/27 
f 27/27/27 29/29/29 30/30/30 
f 29/29/29 30/30/30 30/30/30 
f 30/30/30 30/30/30 25/25/25 
f 30/30/30 25/25/25 25/25/25 
f 25/25/25 25/25/25 20/20/20 
f 25/25/25 21/21/21 20/20/20 
f 20/20/20 21/21/21 21/21/21 
f 21/21/21 15/15/15 21/21/21 
f 21/21/21 15/15/15 15/15/15 
f 15/15/15 31/31/31 15/15/15 
f 15/15/15 31/31/31 13/13/13 
f 31/31/31 31/31/31 13/13/13 
f 13/13/13 31/31/31 17/17/17 
f 31/31/31 32/32/32 17/17/17 
f 17/17/17 32/32/32 18/18/18 
f 32/32/32 19/19/19 18/18/18 
f 18/18/18 19/19/19 19/19/19 
f 19/19/19 33/33/33 19/19/19 
f 19/19/19 33/33/33 33/33/33 
f 33/33/33 29/29/29 33/33/33 
f 33/33/33 29/29/29 34/34/34 
f 29/29/29 35/35/35 34/34/34 
f 34/34/34 35/35/35 34/34/34 
f 35/35/35 36/36/36 34/34/34 
f 34/34/34 36/36/36 37/37/37 
f 36/36/36 38/38/38 37/37/37 
f 37/37/37 38/38/38 37/37/37 
f 38/38/38 39/39/39 37/37/37 
f 37/37/37 39/39/39 40/40/40 
f 39/39/39 39/39/39 40/40/40 
f 40/40/40 39/39/39 41/41/41 
f 39/39/39 42/42/42 41/41/41 
f 41/41/41 42/42/42 43/43/43 
f 42/42/42 44/44/44 43/43/43 
f 43/43/43 44/44/44 45/45/45 
f 44/44/44 46/46/46 45/45/45 
f 45/45/45 46/46/46 47/47/47 
f 46/46/46 47/47/47 47/47/47 
f 47/47/47 47/47/47 28/28/28 
f 47/47/47 28/28/28 28/28/28 
f 28/28/28 28/28/28 29/29/29 
f 28/28/28 35/35/35 29/29/29 
f 29/29/29 35/35/35 35/35/35 
f 35/35/35 33/33/33 35/35/35 
f 35/35/35 33/33/33 33/33/33 
f 33/33/33 34/34/34 33/33/33 
f 33/33/33 34/34/34 48/48/48 
f 34/34/34 37/37/37 48/48/48 
f 48/48/48 37/37/37 40/40/40 
f 37/37/37 40/40/40 40/40/40 
f 40/40/40 40/40/40 42/42/42 
f 40/40/40 42/42/42 42/42/42 
f 42/42/42 42/42/42 44/44/44 
f 42/42/42 39/39/39 44/44/44 
f 44/44/44 39/39/39 44/44/44 
f 39/39/39 38/38/38 44/44/44 
f 44/44/44 38/38/38 49/49/49 
f 38/38/38 38/38/38 49/49/49 
f 49/49/49 38/38/38 50/50/50 
f 38/38/38 36/36/36 50/50/50 
f 50/50/50 36/36/36 51/51/51 
f 36/36/36 35/35/35 51/51/51 
f 51/51/51 35/35/35 52/52/52 
f 35/35/35 28/28/28 52/52/52 
f 52/52/52 28/28/28 52/52/52 
f 28/28/28 26/26/26 52/52/52 
f 52/52/52 26/26/26 52/52/52 
f 26/26/26 25/25/25 52/52/52 
f 52/52/52 25/25/25 53/53/53 
f 25/25/25 20/20/20 53/53/53 
f 53/53/53 20/20/20 54/54/54 
f 20/20/20 19/19/19 54/54/54 
f 54/54/54 19/19/19 55/55/55 
f 19/19/19 32/32/32 55/55/55 
f 55/55/55 32/32/32 55/55/55 
f 32/32/32 56/56/56 55/55/55 
f 55/55/55 56/56/56 54/54/54 
f 56/56/56 57/57/57 54/54/54 
f 54/54/54 57/57/57 53/53/53 
f 57/57/57 58/58/58 53/53/53 
f 53/53/53 58/58/58 52/52/52 
f 58/58/58 58/58/58 52/52/52 
f 52/52/52 58/58/58 51/51/51 
f 58/58/58 59/59/59 51/51/51 
f 51/51/51 59/59/59 50/50/50 
f 59/59/59 59/59/59 50/50/50 
f 50/50/50 59/59/59 60/60/60 
f 59/59/59 58/58/58 60/60/60 
f 60/60/60 58/58/58 60/60/60 
f 58/58/58 57/57/57 60/60/60 
f 60/60/60 57/57/57 61/61/61 
f 57/57/57 56/56/56 61/61/61 
f 61/61/61 56/56/56 61/61/61 
f 56/56/56 62/62/62 61/61/61 
f 61/61/61 62/62/62 61/61/61 
f 62/62/62 63/63/63 61/61/61 
f 61/61/61 63/63/63 61/61/61 
f 63/63/63 64/64/64 61/61/61 
f 61/61/61 64/64/64 60/60/60 
f 64/64/64 65/65/65 60/60/60 
f 60/60/60 65/65/65 50/50/50 
f 65/65/65 65/65/65 50/50/50 
f 50/50/50 65/65/65 49/49/49 
f 65/65/65 66/66/66 49/49/49 
f 49/49/49 66/66/66 46/46/46 
f 66/66/66 67/67/67 46/46/46 
f 46/46/46 67/67/67 47/47/47 
f 67/67/67 47/47/47 47/47/47 
f 47/47/47 47/47/47 49/49/49 
f 47/47/47 49/49/49 49/49/49 
f 49/49/49 49/49/49 44/44/44 
f 49/49/49 46/46/46 44/44/44 
f 44/44/44 46/46/46 46/46/46 
f 46/46/46 64/64/64 46/46/46 
f 46/46/46 64/64/64 64/64/64 
f 64/64/64 68/68/68 64/64/64 
f 64/64/64 68/68/68 65/65/65 
f 68/68/68 68/68/68 65/65/65 
f 65/65/65 68/68/68 66/66/66 
f 68/68/68 69/69/69 66/66/66 
f 66/66/66 69/69/69 67/67/67 
f 69/69/69 70/70/70 67/67/67 
f 67/67/67 70/70/70 67/67/67 
f 70/70/70 71/71/71 67/67/67 
f 67/67/67 71/71/71 72/72/72 
f 71/71/71 73/73/73 72/72/72 
f 72/72/72 73/73/73 73/73/73 
f 73/73/73 67/67/67 73/73/73 
f 73/73/73 67/67/67 67/67/67 
f 67/67/67 72/72/72 67/67/67 
f 67/67/67 72/72/72 47/47/47 
f 72/72/72 47/47/47 47/47/47 
f 47/47/47 47/47/47 74/74/74 
f 47/47/47 74/74/74 74/74/74 
f 74/74/74 74/74/74 75/75/75 
f 74/74/74 76/76/76 75/75/75 
f 75/75/75 76/76/76 75/75/75 
f 76/76/76 77/77/77 75/75/75 
f 75/75/75 77/77/77 78/78/78 
f 77/77/77 79/79/79 78/78/78 
f 78/78/78 79/79/79 80/80/80 
f 79/79/79 79/79/79 80/80/80 
f 80/80/80 79/79/79 81/81/81 
f 79/79/79 79/79/79 81/81/81 
f 81/81/81 79/79/79 82/82/82 
f 79/79/79 83/83/83 82/82/82 
f 82/82/82 83/83/83 84/84/84 
f 83/83/83 83/83/83 84/84/84 
f 84/84/84 83/83/83 85/85/85 
f 83/83/83 83/83/83 85/85/85 
f 85/85/85 83/83/83 86/86/86 
f 83/83/83 83/83/83 86/86/86 
f 86/86/86 83/83/83 87/87/87 
f 83/83/83 79/79/79 87/87/87 
f 87/87/87 79/79/79 88/88/88 
f 79/79/79 77/77/77 88/88/88 
f 88/88/88 77/77/77 89/89/89 
f 77/77/77 76/76/76 89/89/89 
f 89/89/89 76/76/76 89/89/89 
f 76/76/76 90/90/90 89/89/89 
f 89/89/89 90/90/90 89/89/89 
f 90/90/90 91/91/91 89/89/89 
f 89/89/89 91/91/91 89/89/89 
f 91/91/91 92/92/92 89/89/89 
f 89/89/89 92/92/92 88/88/88 
f 92/92/92 93/93/93 88/88/88 
f 88/88/88 93/93/93 87/87/87 
f 93/93/93 94/94/94 87/87/87 
f 87/87/87 94/94/94 86/86/86 
f 94/94/94 95/95/95 86/86/86 
f 86/86/86 95/95/95 95/95/95 
f 95/95/95 75/75/75 95/95/95 
f 95/95/95 75/75/75 75/75/75 
f 75/75/75 78/78/78 75/75/75 
f 75/75/75 78/78/78 96/96/96 
f 78/78/78 78/78/78 96/96/96 
f 96/96/96 78/78/78 97/97/97 
f 78/78/78 80/80/80 97/97/97 
f 97/97/97 80/80/80 80/80/80 
f 80/80/80 94/94/94 80/80/80 
f 80/80/80 94/94/94 94/94/94 
f 94/94/94 93/93/93 94/94/94 
f 94/94/94 93/93/93 98/98/98 
f 93/93/93 99/99/99 98/98/98 
f 98/98/98 99/99/99 98/98/98 
f 99/99/99 100/100/100 98/98/98 
f 98/98/98 100/100/100 101/101/101 
f 100/100/100 100/100/100 101/101/101 
f 101/101/101 100/100/100 102/102/102 
f 100/100/100 103/103/103 102/102/102 
f 102/102/102 103/103/103 104/104/104 
f 103/103/103 103/103/103 104/104/104 
f 104/104/104 103/103/103 105/105/105 
f 103/103/103 106/106/106 105/105/105 
f 105/105/105 106/106/106 107/107/107 
f 106/106/106 106/106/106 107/107/107 
f 107/107/107 106/106/106 90/90/90 
f 106/106/106 106/106/106 90/90/90 
f 90/90/90 106/106/106 91/91/91 
f 106/106/106 108/108/108 91/91/91 
f 91/91/91 108/108/108 92/92/92 
f 108/108/108 99/99/99 92/92/92 
f 92/92/92 99/99/99 93/93/93 
f 99/99/99 93/93/93 93/93/93 
f 93/93/93 93/93/93 99/99/99 
f 93/93/93 99/99/99 99/99/99 
f 99/99/99 99/99/99 100/100/100 
f 99/99/99 108/108/108 100/100/100 
f 100/100/100 108/108/108 103/103/103 
f 108/108/108 106/106/106 103/103/103 
f 103/103/103 106/106/106 106/106/106 
f 106/106/106 109/109/109 106/106/106 
f 106/106/106 109/109/109 109/109/109 
f 109/109/109 110/110/110 109/109/109 
f 109/109/109 110/110/110 111/111/111 
f 110/110/110 112/112/112 111/111/111 
f 111/111/111 112/112/112 112/112/112 
f 112/112/112 110/110/110 112/112/112 
f 112/112/112 110/110/110 110/110/110 
f 110/110/110 109/109/109 110/110/110 
f 110/110/110 109/109/109 113/113/113 
f 109/109/109 109/109/109 113/113/113 
f 113/113/113 109/109/109 114/114/114 
f 109/109/109 109/109/109 114/114/114 
f 114/114/114 109/109/109 115/115/115 
f 109/109/109 111/111/111 115/115/115 
f 115/115/115 111/111/111 116/116/116 
f 111/111/111 111/111/111 116/116/116 
f 116/116/116 111/111/111 117/117/117 
f 111/111/111 111/111/111 117/117/117 
f 117/117/117 111/111/111 118/118/118 
f 111/111/111 112/112/112 118/118/118 
f 118/118/118 112/112/112 119/119/119 
f 112/112/112 112/112/112 119/119/119 
f 119/119/119 112/112/112 120/120/120 
f 112/112/112 110/110/110 120/120/120 
f 120/120/120 110/110/110 121/121/121 
f 110/110/110 122/122/122 121/121/121 
f 121/121/121 122/122/122 123/123/123 
f 122/122/122 124/124/124 123/123/123 
f 123/123/123 124/124/124 124/124/124 
f 124/124/124 110/110/110 124/124/124 
f 124/124/124 110/110/110 110/110/110 
f 110/110/110 113/113/113 110/110/110 
f 110/110/110 113/113/113 122/122/122 
f 113/113/113 122/122/122 122/122/122 
f 122/122/122 122/122/122 123/123/123 
f 122/122/122 123/123/123 123/123/123 
f 123/123/123 123/123/123 121/121/121 
f 123/123/123 125/125/125 121/121/121 
f 121/121/121 125/125/125 120/120/120 
f 125/125/125 126/126/126 120/120/120 
f 120/120/120 126/126/126 119/119/119 
f 126/126/126 127/127/127 119/119/119 
f 119/119/119 127/127/127 128/128/128 
f 127/127/127 129/129/129 128/128/128 
f 128/128/128 129/129/129 130/130/130 
f 129/129/129 131/131/131 130/130/130 
f 130/130/130 131/131/131 131/131/131 
f 131/131/131 119/119/119 131/131/131 
f 131/131/131 119/119/119 119/119/119 
f 119/119/119 128/128/128 119/119/119 
f 119/119/119 128/128/128 118/118/118 
f 128/128/128 132/132/132 118/118/118 
f 118/118/118 132/132/132 117/117/117 
f 132/132/132 132/132/132 117/117/117 
f 117/117/117 132/132/132 133/133/133 
f 132/132/132 134/134/134 133/133/133 
f 133/133/133 134/134/134 133/133/133 
f 134/134/134 135/135/135 133/133/133 
f 133/133/133 135/135/135 136/136/136 
f 135/135/135 137/137/137 136/136/136 
f 136/136/136 137/137/137 136/136/136 
f 137/137/137 138/138/138 136/136/136 
f 136/136/136 138/138/138 136/136/136 
f 138/138/138 139/139/139 136/136/136 
f 136/136/136 139/139/139 136/136/136 
f 139/139/139 140/140/140 136/136/136 
f 136/136/136 140/140/140 141/141/141 
f 140/140/140 142/142/142 141/141/141 
f 141/141/141 142/142/142 116/116/116 
f 142/142/142 142/142/142 116/116/116 
f 116/116/116 142/142/142 115/115/115 
f 142/142/142 143/143/143 115/115/115 
f 115/115/115 143/143/143 115/115/115 
f 143/143/143 144/144/144 115/115/115 
f 115/115/115 144/144/144 115/115/115 
f 144/144/144 145/145/145 115/115/115 
f 115/115/115 145/145/145 146/146/146 
f 145/145/145 147/147/147 146/146/146 
f 146/146/146 147/147/147 146/146/146 
f 147/147/147 148/148/148 146/146/146 
f 146/146/146 148/148/148 149/149/149 
f 148/148/148 150/150/150 149/149/149 
f 149/149/149 150/150/150 149/149/149 
f 150/150/150 151/151/151 149/149/149 
f 149/149/149 151/151/151 149/149/149 
f 151/151/151 152/152/152 149/149/149 
f 149/149/149 152/152/152 153/153/153 
f 152/152/152 152/152/152 153/153/153 
f 153/153/153 152/152/152 154/154/154 
f 152/152/152 155/155/155 154/154/154 
f 154/154/154 155/155/155 156/156/156 
f 155/155/155 157/157/157 156/156/156 
f 156/156/156 157/157/157 156/156/156 
f 157/157/157 158/158/158 156/156/156 
f 156/156/156 158/158/158 156/156/156 
f 158/158/158 159/159/159 156/156/156 
f 156/156/156 159/159/159 156/156/156 
f 159/159/159 160/160/160 156/156/156 
f 156/156/156 160/160/160 161/161/161 
f 160/160/160 162/162/162 161/161/161 
f 161/161/161 162/162/162 162/162/162 
f 162/162/162 128/128/128 162/162/162 
f 162/162/162 128/128/128 128/128/128 
f 128/128/128 130/130/130 128/128/128 
f 128/128/128 130/130/130 132/132/132 
f 130/130/130 134/134/134 132/132/132 
f 132/132/132 134/134/134 134/134/134 
f 134/134/134 136/136/136 134/134/134 
f 134/134/134 136/136/136 136/136/136 
f 136/136/136 141/141/141 136/136/136 
f 136/136/136 141/141/141 133/133/133 
f 141/141/141 141/141/141 133/133/133 
f 133/133/133 141/141/141 117/117/117 
f 141/141/141 116/116/116 117/117/117 
f 117/117/117 116/116/116 116/116/116 
f 116/116/116 156/156/156 116/116/116 
f 116/116/116 156/156/156 156/156/156 
f 156/156/156 161/161/161 156/156/156 
f 156/156/156 161/161/161 154/154/154 
f 161/161/161 163/163/163 154/154/154 
f 154/154/154 163/163/163 153/153/153 
f 163/163/163 164/164/164 153/153/153 
f 153/153/153 164/164/164 149/149/149 
f 164/164/164 165/165/165 149/149/149 
f 149/149/149 165/165/165 114/114/114 
f 165/165/165 165/165/165 114/114/114 
f 114/114/114 165/165/165 113/113/113 
f 165/165/165 166/166/166 113/113/113 
f 113/113/113 166/166/166 122/122/122 
f 166/166/166 167/167/167 122/122/122 
f 122/122/122 167/167/167 168/168/168 
f 167/167/167 167/167/167 168/168/168 
f 168/168/168 167/167/167 169/169/169 
f 167/167/167 170/170/170 169/169/169 
f 169/169/169 170/170/170 171/171/171 
f 170/170/170 171/171/171 171/171/171 
f 171/171/171 171/171/171 149/149/149 
f 171/171/171 149/149/149 149/149/149 
f 149/149/149 149/149/149 146/146/146 
f 149/149/149 114/114/114 146/146/146 
f 146/146/146 114/114/114 115/115/115 
f 114/114/114 115/115/115 115/115/115 
f 115/115/115 115/115/115 165/165/165 
f 115/115/115 165/165/165 165/165/165 
f 165/165/165 165/165/165 166/166/166 
f 165/165/165 164/164/164 166/166/166 
f 166/166/166 164/164/164 166/166/166 
f 164/164/164 172/172/172 166/166/166 
f 166/166/166 172/172/172 170/170/170 
f 172/172/172 173/173/173 170/170/170 
f 170/170/170 173/173/173 171/171/171 
f 173/173/173 173/173/173 171/171/171 
f 171/171/171 173/173/173 174/174/174 
f 173/173/173 175/175/175 174/174/174 
f 174/174/174 175/175/175 176/176/176 
f 175/175/175 177/177/177 176/176/176 
f 176/176/176 177/177/177 178/178/178 
f 177/177/177 178/178/178 178/178/178 
f 178/178/178 178/178/178 122/122/122 
f 178/178/178 122/122/122 122/122/122 
f 122/122/122 122/122/122 124/124/124 
f 122/122/122 168/168/168 124/124/124 
f 124/124/124 168/168/168 168/168/168 
f 168/168/168 166/166/166 168/168/168 
f 168/168/168 166/166/166 166/166/166 
f 166/166/166 170/170/170 166/166/166 
f 166/166/166 170/170/170 167/167/167 
f 170/170/170 167/167/167 167/167/167 
f 167/167/167 167/167/167 175/175/175 
f 167/167/167 175/175/175 175/175/175 
f 175/175/175 175/175/175 177/177/177 
f 175/175/175 179/179/179 177/177/177 
f 177/177/177 179/179/179 162/162/162 
f 179/179/179 179/179/179 162/162/162 
f 162/162/162 179/179/179 161/161/161 
f 179/179/179 179/179/179 161/161/161 
f 161/161/161 179/179/179 163/163/163 
f 179/179/179 180/180/180 163/163/163 
f 163/163/163 180/180/180 164/164/164 
f 180/180/180 180/180/180 164/164/164 
f 164/164/164 180/180/180 172/172/172 
f 180/180/180 180/180/180 172/172/172 
f 172/172/172 180/180/180 173/173/173 
f 180/180/180 180/180/180 173/173/173 
f 173/173/173 180/180/180 175/175/175 
f 180/180/180 179/179/179 175/175/175 
f 175/175/175 179/179/179 179/179/179 
f 179/179/179 181/181/181 179/179/179 
f 179/179/179 181/181/181 181/181/181 
f 181/181/181 182/182/182 181/181/181 
f 181/181/181 182/182/182 183/183/183 
f 182/182/182 184/184/184 183/183/183 
f 183/183/183 184/184/184 16/16/16 
f 184/184/184 184/184/184 16/16/16 
f 16/16/16 184/184/184 15/15/15 
f 184/184/184 184/184/184 15/15/15 
f 15/15/15 184/184/184 185/185/185 
f 184/184/184 186/186/186 185/185/185 
f 185/185/185 186/186/186 185/185/185 
f 186/186/186 187/187/187 185/185/185 
f 185/185/185 187/187/187 188/188/188 
f 187/187/187 62/62/62 188/188/188 
f 188/188/188 62/62/62 188/188/188 
f 62/62/62 56/56/56 188/188/188 
f 188/188/188 56/56/56 188/188/188 
f 56/56/56 32/32/32 188/188/188 
f 188/188/188 32/32/32 188/188/188 
f 32/32/32 31/31/31 188/188/188 
f 188/188/188 31/31/31 185/185/185 
f 31/31/31 15/15/15 185/185/185 
f 185/185/185 15/15/15 15/15/15 
f 15/15/15 182/182/182 15/15/15 
f 15/15/15 182/182/182 182/182/182 
f 182/182/182 189/189/189 182/182/182 
f 182/182/182 189/189/189 184/184/184 
f 189/189/189 186/186/186 184/184/184 
f 184/184/184 186/186/186 186/186/186 
f 186/186/186 190/190/190 186/186/186 
f 186/186/186 190/190/190 190/190/190 
f 190/190/190 191/191/191 190/190/190 
f 190/190/190 191/191/191 192/192/192 
f 191/191/191 191/191/191 192/192/192 
f 192/192/192 191/191/191 193/193/193 
f 191/191/191 194/194/194 193/193/193 
f 193/193/193 194/194/194 193/193/193 
f 194/194/194 195/195/195 193/193/193 
f 193/193/193 195/195/195 196/196/196 
f 195/195/195 197/197/197 196/196/196 
f 196/196/196 197/197/197 198/198/198 
f 197/197/197 199/199/199 198/198/198 
f 198/198/198 199/199/199 200/200/200 
f 199/199/199 201/201/201 200/200/200 
f 200/200/200 201/201/201 200/200/200 
f 201/201/201 202/202/202 200/200/200 
f 200/200/200 202/202/202 203/203/203 
f 202/202/202 204/204/204 203/203/203 
f 203/203/203 204/204/204 204/204/204 
f 204/204/204 203/203/203 204/204/204 
f 204/204/204 203/203/203 203/203/203 
f 203/203/203 205/205/205 203/203/203 
f 203/203/203 205/205/205 200/200/200 
f 205/205/205 205/205/205 200/200/200 
f 200/200/200 205/205/205 198/198/198 
f 205/205/205 206/206/206 198/198/198 
f 198/198/198 206/206/206 196/196/196 
f 206/206/206 207/207/207 196/196/196 
f 196/196/196 207/207/207 193/193/193 
f 207/207/207 207/207/207 193/193/193 
f 193/193/193 207/207/207 192/192/192 
f 207/207/207 207/207/207 192/192/192 
f 192/192/192 207/207/207 208/208/208 
f 207/207/207 207/207/207 208/208/208 
f 208/208/208 207/207/207 209/209/209 
f 207/207/207 210/210/210 209/209/209 
f 209/209/209 210/210/210 211/211/211 
f 210/210/210 212/212/212 211/211/211 
f 211/211/211 212/212/212 213/213/213 
f 212/212/212 212/212/212 213/213/213 
f 213/213/213 212/212/212 214/214/214 
f 212/212/212 215/215/215 214/214/214 
f 214/214/214 215/215/215 216/216/216 
f 215/215/215 216/216/216 216/216/216 
f 216/216/216 216/216/216 207/207/207 
f 216/216/216 207/207/207 207/207/207 
f 207/207/207 207/207/207 210/210/210 
f 207/207/207 206/206/206 210/210/210 
f 210/210/210 206/206/206 217/217/217 
f 206/206/206 205/205/205 217/217/217 
f 217/217/217 205/205/205 218/218/218 
f 205/205/205 203/203/203 218/218/218 
f 218/218/218 203/203/203 203/203/203 
f 203/203/203 210/210/210 203/203/203 
f 203/203/203 210/210/210 210/210/210 
f 210/210/210 217/217/217 210/210/210 
f 210/210/210 217/217/217 212/212/212 
f 217/217/217 217/217/217 212/212/212 
f 212/212/212 217/217/217 215/215/215 
f 217/217/217 218/218/218 215/215/215 
f 215/215/215 218/218/218 215/215/215 
f 218/218/218 219/219/219 215/215/215 
f 215/215/215 219/219/219 216/216/216 
f 219/219/219 219/219/219 216/216/216 
f 216/216/216 219/219/219 220/220/220 
f 219/219/219 221/221/221 220/220/220 
f 220/220/220 221/221/221 222/222/222 
f 221/221/221 223/223/223 222/222/222 
f 222/222/222 223/223/223 224/224/224 
f 223/223/223 224/224/224 224/224/224 
f 224/224/224 224/224/224 223/223/223 
f 224/224/224 223/223/223 223/223/223 
f 223/223/223 223/223/223 225/225/225 
f 223/223/223 221/221/221 225/225/225 
f 225/225/225 221/221/221 226/226/226 
f 221/221/221 219/219/219 226/226/226 
f 226/226/226 219/219/219 226/226/226 
f 219/219/219 218/218/218 226/226/226 
f 226/226/226 218/218/218 226/226/226 
f 218/218/218 203/203/203 226/226/226 
f 226/226/226 203/203/203 226/226/226 
f 203/203/203 204/204/204 226/226/226 
f 226/226/226 204/204/204 225/225/225 
f 204/204/204 225/225/225 225/225/225 
f 225/225/225 225/225/225 227/227/227 
f 225/225/225 227/227/227 227/227/227 
f 227/227/227 227/227/227 228/228/228 
f 227/227/227 229/229/229 228/228/228 
f 228/228/228 229/229/229 230/230/230 
f 229/229/229 230/230/230 230/230/230 
f 230/230/230 230/230/230 227/227/227 
f 230/230/230 227/227/227 227/227/227 
f 227/227/227 227/227/227 229/229/229 
f 227/227/227 231/231/231 229/229/229 
f 229/229/229 231/231/231 232/232/232 
f 231/231/231 233/233/233 232/232/232 
f 232/232/232 233/233/233 234/234/234 
f 233/233/233 235/235/235 234/234/234 
f 234/234/234 235/235/235 236/236/236 
f 235/235/235 237/237/237 236/236/236 
f 236/236/236 237/237/237 238/238/238 
f 237/237/237 239/239/239 238/238/238 
f 238/238/238 239/239/239 238/238/238 
f 239/239/239 240/240/240 238/238/238 
f 238/238/238 240/240/240 241/241/241 
f 240/240/240 242/242/242 241/241/241 
f 241/241/241 242/242/242 242/242/242 
f 242/242/242 241/241/241 242/242/242 
f 242/242/242 241/241/241 241/241/241 
f 241/241/241 243/243/243 241/241/241 
f 241/241/241 243/243/243 238/238/238 
f 243/243/243 243/243/243 238/238/238 
f 238/238/238 243/243/243 236/236/236 
f 243/243/243 244/244/244 236/236/236 
f 236/236/236 244/244/244 234/234/234 
f 244/244/244 245/245/245 234/234/234 
f 234/234/234 245/245/245 232/232/232 
f 245/245/245 245/245/245 232/232/232 
f 232/232/232 245/245/245 229/229/229 
f 245/245/245 245/245/245 229/229/229 
f 229/229/229 245/245/245 230/230/230 
f 245/245/245 245/245/245 230/230/230 
f 230/230/230 245/245/245 246/246/246 
f 245/245/245 247/247/247 246/246/246 
f 246/246/246 247/247/247 248/248/248 
f 247/247/247 248/248/248 248/248/248 
f 248/248/248 248/248/248 245/245/245 
f 248/248/248 245/245/245 245/245/245 
f 245/245/245 245/245/245 247/247/247 
f 245/245/245 244/244/244 247/247/247 
f 247/247/247 244/244/244 249/249/249 
f 244/244/244 243/243/243 249/249/249 
f 249/249/249 243/243/243 250/250/250 
f 243/243/243 241/241/241 250/250/250 
f 250/250/250 241/241/241 251/251/251 
f 241/241/241 242/242/242 251/251/251 
f 251/251/251 242/242/242 251/251/251 
f 242/242/242 252/252/252 251/251/251 
f 251/251/251 252/252/252 253/253/253 
f 252/252/252 254/254/254 253/253/253 
f 253/253/253 254/254/254 255/255/255 
f 254/254/254 256/256/256 255/255/255 
f 255/255/255 256/256/256 256/256/256 
f 256/256/256 255/255/255 256/256/256 
f 256/256/256 255/255/255 255/255/255 
f 255/255/255 257/257/257 255/255/255 
f 255/255/255 257/257/257 253/253/253 
f 257/257/257 258/258/258 253/253/253 
f 253/253/253 258/258/258 251/251/251 
f 258/258/258 258/258/258 251/251/251 
f 251/251/251 258/258/258 250/250/250 
f 258/258/258 259/259/259 250/250/250 
f 250/250/250 259/259/259 249/249/249 
f 259/259/259 259/259/259 249/249/249 
f 249/249/249 259/259/259 260/260/260 
f 259/259/259 261/261/261 260/260/260 
f 260/260/260 261/261/261 260/260/260 
f 261/261/261 262/262/262 260/260/260 
f 260/260/260 262/262/262 260/260/260 
f 262/262/262 263/263/263 260/260/260 
f 260/260/260 263/263/263 260/260/260 
f 263/263/263 248/248/248 260/260/260 
f 260/260/260 248/248/248 260/260/260 
f 248/248/248 247/247/247 260/260/260 
f 260/260/260 247/247/247 249/249/249 
f 247/247/247 249/249/249 249/249/249 
f 249/249/249 249/249/249 257/257/257 
f 249/249/249 257/257/257 257/257/257 
f 257/257/257 257/257/257 258/258/258 
f 257/257/257 264/264/264 258/258/258 
f 258/258/258 264/264/264 259/259/259 
f 264/264/264 261/261/261 259/259/259 
f 259/259/259 261/261/261 261/261/261 
f 261/261/261 265/265/265 261/261/261 
f 261/261/261 265/265/265 265/265/265 
f 265/265/265 266/266/266 265/265/265 
f 265/265/265 266/266/266 267/267/267 
f 266/266/266 266/266/266 267/267/267 
f 267/267/267 266/266/266 268/268/268 
f 266/266/266 269/269/269 268/268/268 
f 268/268/268 269/269/269 270/270/270 
f 269/269/269 271/271/271 270/270/270 
f 270/270/270 271/271/271 272/272/272 
f 271/271/271 271/271/271 272/272/272 
f 272/272/272 271/271/271 273/273/273 
f 271/271/271 274/274/274 273/273/273 
f 273/273/273 274/274/274 275/275/275 
f 274/274/274 275/275/275 275/275/275 
f 275/275/275 275/275/275 274/274/274 
f 275/275/275 274/274/274 274/274/274 
f 274/274/274 274/274/274 276/276/276 
f 274/274/274 271/271/271 276/276/276 
f 276/276/276 271/271/271 276/276/276 
f 271/271/271 269/269/269 276/276/276 
f 276/276/276 269/269/269 277/277/277 
f 269/269/269 266/266/266 277/277/277 
f 277/277/277 266/266/266 278/278/278 
f 266/266/266 265/265/265 278/278/278 
f 278/278/278 265/265/265 278/278/278 
f 265/265/265 279/279/279 278/278/278 
f 278/278/278 279/279/279 278/278/278 
f 279/279/279 280/280/280 278/278/278 
f 278/278/278 280/280/280 278/278/278 
f 280/280/280 281/281/281 278/278/278 
f 278/278/278 281/281/281 278/278/278 
f 281/281/281 282/282/282 278/278/278 
f 278/278/278 282/282/282 277/277/277 
f 282/282/282 283/283/283 277/277/277 
f 277/277/277 283/283/283 276/276/276 
f 283/283/283 276/276/276 276/276/276 
f 276/276/276 276/276/276 282/282/282 
f 276/276/276 282/282/282 282/282/282 
f 282/282/282 282/282/282 283/283/283 
f 282/282/282 284/284/284 283/283/283 
f 283/283/283 284/284/284 285/285/285 
f 284/284/284 286/286/286 285/285/285 
f 285/285/285 286/286/286 287/287/287 
f 286/286/286 286/286/286 287/287/287 
f 287/287/287 286/286/286 288/288/288 
f 286/286/286 289/289/289 288/288/288 
f 288/288/288 289/289/289 290/290/290 
f 289/289/289 289/289/289 290/290/290 
f 290/290/290 289/289/289 291/291/291 
f 289/289/289 292/292/292 291/291/291 
f 291/291/291 292/292/292 293/293/293 
f 292/292/292 292/292/292 293/293/293 
f 293/293/293 292/292/292 294/294/294 
f 292/292/292 289/289/289 294/294/294 
f 294/294/294 289/289/289 295/295/295 
f 289/289/289 286/286/286 295/295/295 
f 295/295/295 286/286/286 295/295/295 
f 286/286/286 284/284/284 295/295/295 
f 295/295/295 284/284/284 296/296/296 
f 284/284/284 282/282/282 296/296/296 
f 296/296/296 282/282/282 296/296/296 
f 282/282/282 281/281/281 296/296/296 
f 296/296/296 281/281/281 297/297/297 
f 281/281/281 280/280/280 297/297/297 
f 297/297/297 280/280/280 297/297/297 
f 280/280/280 298/298/298 297/297/297 
f 297/297/297 298/298/298 299/299/299 
f 298/298/298 300/300/300 299/299/299 
f 299/299/299 300/300/300 299/299/299 
f 300/300/300 301/301/301 299/299/299 
f 299/299/299 301/301/301 299/299/299 
f 301/301/301 302/302/302 299/299/299 
f 299/299/299 302/302/302 299/299/299 
f 302/302/302 303/303/303 299/299/299 
f 299/299/299 303/303/303 304/304/304 
f 303/303/303 294/294/294 304/304/304 
f 304/304/304 294/294/294 304/304/304 
f 294/294/294 295/295/295 304/304/304 
f 304/304/304 295/295/295 304/304/304 
f 295/295/295 296/296/296 304/304/304 
f 304/304/304 296/296/296 304/304/304 
f 296/296/296 297/297/297 304/304/304 
f 304/304/304 297/297/297 299/299/299 
f 297/297/297 299/299/299 299/299/299 
f 299/299/299 299/299/299 305/305/305 
f 299/299/299 305/305/305 305/305/305 
f 305/305/305 305/305/305 306/306/306 
f 305/305/305 307/307/307 306/306/306 
f 306/306/306 307/307/307 306/306/306 
f 307/307/307 308/308/308 306/306/306 
f 306/306/306 308/308/308 309/309/309 
f 308/308/308 310/310/310 309/309/309 
f 309/309/309 310/310/310 309/309/309 
f 310/310/310 311/311/311 309/309/309 
f 309/309/309 311/311/311 312/312/312 
f 311/311/311 311/311/311 312/312/312 
f 312/312/312 311/311/311 313/313/313 
f 311/311/311 314/314/314 313/313/313 
f 313/313/313 314/314/314 315/315/315 
f 314/314/314 316/316/316 315/315/315 
f 315/315/315 316/316/316 315/315/315 
f 316/316/316 317/317/317 315/315/315 
f 315/315/315 317/317/317 315/315/315 
f 317/317/317 318/318/318 315/315/315 
f 315/315/315 318/318/318 319/319/319 
f 318/318/318 320/320/320 319/319/319 
f 319/319/319 320/320/320 319/319/319 
f 320/320/320 321/321/321 319/319/319 
f 319/319/319 321/321/321 319/319/319 
f 321/321/321 322/322/322 319/319/319 
f 319/319/319 322/322/322 323/323/323 
f 322/322/322 324/324/324 323/323/323 
f 323/323/323 324/324/324 325/325/325 
f 324/324/324 326/326/326 325/325/325 
f 325/325/325 326/326/326 325/325/325 
f 326/326/326 327/327/327 325/325/325 
f 325/325/325 327/327/327 312/312/312 
f 327/327/327 327/327/327 312/312/312 
f 312/312/312 327/327/327 309/309/309 
f 327/327/327 328/328/328 309/309/309 
f 309/309/309 328/328/328 306/306/306 
f 328/328/328 329/329/329 306/306/306 
f 306/306/306 329/329/329 305/305/305 
f 329/329/329 305/305/305 305/305/305 
f 305/305/305 305/305/305 319/319/319 
f 305/305/305 319/319/319 319/319/319 
f 319/319/319 319/319/319 315/315/315 
f 319/319/319 323/323/323 315/315/315 
f 315/315/315 323/323/323 313/313/313 
f 323/323/323 325/325/325 313/313/313 
f 313/313/313 325/325/325 312/312/312 
f 325/325/325 312/312/312 312/312/312 
f 312/312/312 312/312/312 330/330/330 
f 312/312/312 330/330/330 330/330/330 
f 330/330/330 330/330/330 331/331/331 
f 330/330/330 329/329/329 331/331/331 
f 331/331/331 329/329/329 331/331/331 
f 329/329/329 328/328/328 331/331/331 
f 331/331/331 328/328/328 332/332/332 
f 328/328/328 327/327/327 332/332/332 
f 332/332/332 327/327/327 326/326/326 
f 327/327/327 326/326/326 326/326/326 
f 326/326/326 326/326/326 333/333/333 
f 326/326/326 333/333/333 333/333/333 
f 333/333/333 333/333/333 334/334/334 
f 333/333/333 335/335/335 334/334/334 
f 334/334/334 335/335/335 336/336/336 
f 335/335/335 335/335/335 336/336/336 
f 336/336/336 335/335/335 337/337/337 
f 335/335/335 338/338/338 337/337/337 
f 337/337/337 338/338/338 337/337/337 
f 338/338/338 339/339/339 337/337/337 
f 337/337/337 339/339/339 340/340/340 
f 339/339/339 341/341/341 340/340/340 
f 340/340/340 341/341/341 342/342/342 
f 341/341/341 342/342/342 342/342/342 
f 342/342/342 342/342/342 334/334/334 
f 342/342/342 334/334/334 334/334/334 
f 334/334/334 334/334/334 343/343/343 
f 334/334/334 344/344/344 343/343/343 
f 343/343/343 344/344/344 345/345/345 
f 344/344/344 346/346/346 345/345/345 
f 345/345/345 346/346/346 347/347/347 
f 346/346/346 347/347/347 347/347/347 
f 347/347/347 347/347/347 348/348/348 
f 347/347/347 348/348/348 348/348/348 
f 348/348/348 348/348/348 349/349/349 
f 348/348/348 350/350/350 349/349/349 
f 349/349/349 350/350/350 351/351/351 
f 350/350/350 352/352/352 351/351/351 
f 351/351/351 352/352/352 353/353/353 
f 352/352/352 354/354/354 353/353/353 
f 353/353/353 354/354/354 355/355/355 
f 354/354/354 354/354/354 355/355/355 
f 355/355/355 354/354/354 356/356/356 
f 354/354/354 357/357/357 356/356/356 
f 356/356/356 357/357/357 356/356/356 
f 357/357/357 358/358/358 356/356/356 
f 356/356/356 358/358/358 359/359/359 
f 358/358/358 359/359/359 359/359/359 
f 359/359/359 359/359/359 360/360/360 
f 359/359/359 360/360/360 360/360/360 
f 360/360/360 360/360/360 361/361/361 
f 360/360/360 362/362/362 361/361/361 
f 361/361/361 362/362/362 363/363/363 
f 362/362/362 364/364/364 363/363/363 
f 363/363/363 364/364/364 365/365/365 
f 364/364/364 365/365/365 365/365/365 
f 365/365/365 365/365/365 364/364/364 
f 365/365/365 364/364/364 364/364/364 
f 364/364/364 364/364/364 366/366/366 
f 364/364/364 362/362/362 366/366/366 
f 366/366/366 362/362/362 367/367/367 
f 362/362/362 360/360/360 367/367/367 
f 367/367/367 360/360/360 360/360/360 
f 360/360/360 367/367/367 360/360/360 
f 360/360/360 367/367/367 367/367/367 
f 367/367/367 368/368/368 367/367/367 
f 367/367/367 368/368/368 366/366/366 
f 368/368/368 369/369/369 366/366/366 
f 366/366/366 369/369/369 370/370/370 
f 369/369/369 371/371/371 370/370/370 
f 370/370/370 371/371/371 372/372/372 
f 371/371/371 372/372/372 372/372/372 
f 372/372/372 372/372/372 361/361/361 
f 372/372/372 361/361/361 361/361/361 
f 361/361/361 361/361/361 373/373/373 
f 361/361/361 363/363/363 373/373/373 
f 373/373/373 363/363/363 374/374/374 
f 363/363/363 375/375/375 374/374/374 
f 374/374/374 375/375/375 376/376/376 
f 375/375/375 365/365/365 376/376/376 
f 376/376/376 365/365/365 376/376/376 
f 365/365/365 377/377/377 376/376/376 
f 376/376/376 377/377/377 376/376/376 
f 377/377/377 378/378/378 376/376/376 
f 376/376/376 378/378/378 376/376/376 
f 378/378/378 379/379/379 376/376/376 
f 376/376/376 379/379/379 380/380/380 
f 379/379/379 381/381/381 380/380/380 
f 380/380/380 381/381/381 381/381/381 
f 381/381/381 365/365/365 381/381/381 
f 381/381/381 365/365/365 365/365/365 
f 365/365/365 375/375/375 365/365/365 
f 365/365/365 375/375/375 363/363/363 
f 375/375/375 363/363/363 363/363/363 
f 363/363/363 363/363/363 374/374/374 
f 363/363/363 374/374/374 374/374/374 
f 374/374/374 374/374/374 380/380/380 
f 374/374/374 376/376/376 380/380/380 
f 380/380/380 376/376/376 376/376/376 
f 376/376/376 382/382/382 376/376/376 
f 376/376/376 382/382/382 382/382/382 
f 382/382/382 383/383/383 382/382/382 
f 382/382/382 383/383/383 384/384/384 
f 383/383/383 385/385/385 384/384/384 
f 384/384/384 385/385/385 386/386/386 
f 385/385/385 387/387/387 386/386/386 
f 386/386/386 387/387/387 388/388/388 
f 387/387/387 389/389/389 388/388/388 
f 388/388/388 389/389/389 390/390/390 
f 389/389/389 391/391/391 390/390/390 
f 390/390/390 391/391/391 390/390/390 
f 391/391/391 392/392/392 390/390/390 
f 390/390/390 392/392/392 393/393/393 
f 392/392/392 392/392/392 393/393/393 
f 393/393/393 392/392/392 394/394/394 
f 392/392/392 392/392/392 394/394/394 
f 394/394/394 392/392/392 395/395/395 
f 392/392/392 396/396/396 395/395/395 
f 395/395/395 396/396/396 397/397/397 
f 396/396/396 398/398/398 397/397/397 
f 397/397/397 398/398/398 399/399/399 
f 398/398/398 398/398/398 399/399/399 
f 399/399/399 398/398/398 400/400/400 
f 398/398/398 391/391/391 400/400/400 
f 400/400/400 391/391/391 401/401/401 
f 391/391/391 391/391/391 401/401/401 
f 401/401/401 391/391/391 402/402/402 
f 391/391/391 389/389/389 402/402/402 
f 402/402/402 389/389/389 402/402/402 
f 389/389/389 387/387/387 402/402/402 
f 402/402/402 387/387/387 402/402/402 
f 387/387/387 385/385/385 402/402/402 
f 402/402/402 385/385/385 402/402/402 
f 385/385/385 403/403/403 402/402/402 
f 402/402/402 403/403/403 401/401/401 
f 403/403/403 403/403/403 401/401/401 
f 401/401/401 403/403/403 400/400/400 
f 403/403/403 404/404/404 400/400/400 
f 400/400/400 404/404/404 399/399/399 
f 404/404/404 405/405/405 399/399/399 
f 399/399/399 405/405/405 397/397/397 
f 405/405/405 406/406/406 397/397/397 
f 397/397/397 406/406/406 407/407/407 
f 406/406/406 407/407/407 407/407/407 
f 407/407/407 407/407/407 386/386/386 
f 407/407/407 386/386/386 386/386/386 
f 386/386/386 386/386/386 384/384/384 
f 386/386/386 388/388/388 384/384/384 
f 384/384/384 388/388/388 382/382/382 
f 388/388/388 382/382/382 382/382/382 
f 382/382/382 382/382/382 390/390/390 
f 382/382/382 390/390/390 390/390/390 
f 390/390/390 390/390/390 388/388/388 
f 390/390/390 408/408/408 388/388/388 
f 388/388/388 408/408/408 408/408/408 
f 408/408/408 392/392/392 408/408/408 
f 408/408/408 392/392/392 392/392/392 
f 392/392/392 391/391/391 392/392/392 
f 392/392/392 391/391/391 396/396/396 
f 391/391/391 398/398/398 396/396/396 
f 396/396/396 398/398/398 398/398/398 
f 398/398/398 405/405/405 398/398/398 
f 398/398/398 405/405/405 405/405/405 
f 405/405/405 404/404/404 405/405/405 
f 405/405/405 404/404/404 406/406/406 
f 404/404/404 409/409/409 406/406/406 
f 406/406/406 409/409/409 407/407/407 
f 409/409/409 410/410/410 407/407/407 
f 407/407/407 410/410/410 411/411/411 
f 410/410/410 410/410/410 411/411/411 
f 411/411/411 410/410/410 412/412/412 
f 410/410/410 410/410/410 412/412/412 
f 412/412/412 410/410/410 413/413/413 
f 410/410/410 410/410/410 413/413/413 
f 413/413/413 410/410/410 414/414/414 
f 410/410/410 415/415/415 414/414/414 
f 414/414/414 415/415/415 416/416/416 
f 415/415/415 403/403/403 416/416/416 
f 416/416/416 403/403/403 416/416/416 
f 403/403/403 417/417/417 416/416/416 
f 416/416/416 417/417/417 414/414/414 
f 417/417/417 417/417/417 414/414/414 
f 414/414/414 417/417/417 413/413/413 
f 417/417/417 418/418/418 413/413/413 
f 413/413/413 418/418/418 412/412/412 
f 418/418/418 418/418/418 412/412/412 
f 412/412/412 418/418/418 419/419/419 
f 418/418/418 418/418/418 419/419/419 
f 419/419/419 418/418/418 382/382/382 
f 418/418/418 418/418/418 382/382/382 
f 382/382/382 418/418/418 383/383/383 
f 418/418/418 417/417/417 383/383/383 
f 383/383/383 417/417/417 385/385/385 
f 417/417/417 403/403/403 385/385/385 
f 385/385/385 403/403/403 403/403/403 
f 403/403/403 403/403/403 403/403/403 
f 403/403/403 403/403/403 403/403/403 
f 403/403/403 415/415/415 403/403/403 
f 403/403/403 415/415/415 404/404/404 
f 415/415/415 415/415/415 404/404/404 
f 404/404/404 415/415/415 409/409/409 
f 415/415/415 410/410/410 409/409/409 
f 409/409/409 410/410/410 410/410/410 
f 410/410/410 420/420/420 410/410/410 
f 410/410/410 420/420/420 420/420/420 
f 420/420/420 421/421/421 420/420/420 
f 420/420/420 421/421/421 422/422/422 
f 421/421/421 421/421/421 422/422/422 
f 422/422/422 421/421/421 423/423/423 
f 421/421/421 424/424/424 423/423/423 
f 423/423/423 424/424/424 424/424/424 
f 424/424/424 420/420/420 424/424/424 
f 424/424/424 420/420/420 420/420/420 
f 420/420/420 425/425/425 420/420/420 
f 420/420/420 425/425/425 421/421/421 
f 425/425/425 425/425/425 421/421/421 
f 421/421/421 425/425/425 426/426/426 
f 425/425/425 427/427/427 426/426/426 
f 426/426/426 427/427/427 426/426/426 
f 427/427/427 428/428/428 426/426/426 
f 426/426/426 428/428/428 429/429/429 
f 428/428/428 430/430/430 429/429/429 
f 429/429/429 430/430/430 431/431/431 
f 430/430/430 430/430/430 431/431/431 
f 431/431/431 430/430/430 432/432/432 
f 430/430/430 433/433/433 432/432/432 
f 432/432/432 433/433/433 434/434/434 
f 433/433/433 435/435/435 434/434/434 
f 434/434/434 435/435/435 434/434/434 
f 435/435/435 436/436/436 434/434/434 
f 434/434/434 436/436/436 434/434/434 
f 436/436/436 437/437/437 434/434/434 
f 434/434/434 437/437/437 424/424/424 
f 437/437/437 438/438/438 424/424/424 
f 424/424/424 438/438/438 424/424/424 
f 438/438/438 439/439/439 424/424/424 
f 424/424/424 439/439/439 423/423/423 
f 439/439/439 440/440/440 423/423/423 
f 423/423/423 440/440/440 422/422/422 
f 440/440/440 441/441/441 422/422/422 
f 422/422/422 441/441/441 441/441/441 
f 441/441/441 440/440/440 441/441/441 
f 441/441/441 440/440/440 440/440/440 
f 440/440/440 439/439/439 440/440/440 
f 440/440/440 439/439/439 442/442/442 
f 439/439/439 442/442/442 442/442/442 
f 442/442/442 442/442/442 432/432/432 
f 442/442/442 432/432/432 432/432/432 
f 432/432/432 432/432/432 443/443/443 
f 432/432/432 434/434/434 443/443/443 
f 443/443/443 434/434/434 443/443/443 
f 434/434/434 424/424/424 443/443/443 
f 443/443/443 424/424/424 444/444/444 
f 424/424/424 421/421/421 444/444/444 
f 444/444/444 421/421/421 426/426/426 
f 421/421/421 426/426/426 426/426/426 
f 426/426/426 426/426/426 445/445/445 
f 426/426/426 445/445/445 445/445/445 
f 445/445/445 445/445/445 446/446/446 
f 445/445/445 447/447/447 446/446/446 
f 446/446/446 447/447/447 448/448/448 
f 447/447/447 449/449/449 448/448/448 
f 448/448/448 449/449/449 450/450/450 
f 449/449/449 451/451/451 450/450/450 
f 450/450/450 451/451/451 452/452/452 
f 451/451/451 453/453/453 452/452/452 
f 452/452/452 453/453/453 454/454/454 
f 453/453/453 454/454/454 454/454/454 
f 454/454/454 454/454/454 455/455/455 
f 454/454/454 455/455/455 455/455/455 
f 455/455/455 455/455/455 456/456/456 
f 455/455/455 457/457/457 456/456/456 
f 456/456/456 457/457/457 456/456/456 
f 457/457/457 458/458/458 456/456/456 
f 456/456/456 458/458/458 459/459/459 
f 458/458/458 458/458/458 459/459/459 
f 459/459/459 458/458/458 460/460/460 
f 458/458/458 461/461/461 460/460/460 
f 460/460/460 461/461/461 462/462/462 
f 461/461/461 463/463/463 462/462/462 
f 462/462/462 463/463/463 464/464/464 
f 463/463/463 465/465/465 464/464/464 
f 464/464/464 465/465/465 466/466/466 
f 465/465/465 465/465/465 466/466/466 
f 466/466/466 465/465/465 467/467/467 
f 465/465/465 468/468/468 467/467/467 
f 467/467/467 468/468/468 469/469/469 
f 468/468/468 469/469/469 469/469/469 
f 469/469/469 469/469/469 468/468/468 
f 469/469/469 468/468/468 468/468/468 
f 468/468/468 468/468/468 470/470/470 
f 468/468/468 465/465/465 470/470/470 
f 470/470/470 465/465/465 470/470/470 
f 465/465/465 463/463/463 470/470/470 
f 470/470/470 463/463/463 471/471/471 
f 463/463/463 461/461/461 471/471/471 
f 471/471/471 461/461/461 472/472/472 
f 461/461/461 458/458/458 472/472/472 
f 472/472/472 458/458/458 472/472/472 
f 458/458/458 457/457/457 472/472/472 
f 472/472/472 457/457/457 472/472/472 
f 457/457/457 473/473/473 472/472/472 
f 472/472/472 473/473/473 472/472/472 
f 473/473/473 474/474/474 472/472/472 
f 472/472/472 474/474/474 475/475/475 
f 474/474/474 476/476/476 475/475/475 
f 475/475/475 476/476/476 477/477/477 
f 476/476/476 478/478/478 477/477/477 
f 477/477/477 478/478/478 477/477/477 
f 478/478/478 479/479/479 477/477/477 
f 477/477/477 479/479/479 480/480/480 
f 479/479/479 481/481/481 480/480/480 
f 480/480/480 481/481/481 481/481/481 
f 481/481/481 472/472/472 481/481/481 
f 481/481/481 472/472/472 472/472/472 
f 472/472/472 475/475/475 472/472/472 
f 472/472/472 475/475/475 471/471/471 
f 475/475/475 482/482/482 471/471/471 
f 471/471/471 482/482/482 470/470/470 
f 482/482/482 483/483/483 470/470/470 
f 470/470/470 483/483/483 468/468/468 
f 483/483/483 484/484/484 468/468/468 
f 468/468/468 484/484/484 469/469/469 
f 484/484/484 484/484/484 469/469/469 
f 469/469/469 484/484/484 485/485/485 
f 484/484/484 486/486/486 485/485/485 
f 485/485/485 486/486/486 487/487/487 
f 486/486/486 488/488/488 487/487/487 
f 487/487/487 488/488/488 489/489/489 
f 488/488/488 489/489/489 489/489/489 
f 489/489/489 489/489/489 475/475/475 
f 489/489/489 475/475/475 475/475/475 
f 475/475/475 475/475/475 482/482/482 
f 475/475/475 477/477/477 482/482/482 
f 482/482/482 477/477/477 482/482/482 
f 477/477/477 480/480/480 482/482/482 
f 482/482/482 480/480/480 483/483/483 
f 480/480/480 490/490/490 483/483/483 
f 483/483/483 490/490/490 484/484/484 
f 490/490/490 490/490/490 484/484/484 
f 484/484/484 490/490/490 486/486/486 
f 490/490/490 491/491/491 486/486/486 
f 486/486/486 491/491/491 488/488/488 
f 491/491/491 488/488/488 488/488/488 
f 488/488/488 488/488/488 480/480/480 
f 488/488/488 480/480/480 480/480/480 
f 480/480/480 480/480/480 490/490/490 
f 480/480/480 481/481/481 490/490/490 
f 490/490/490 481/481/481 491/491/491 
f 481/481/481 491/491/491 491/491/491 
f 491/491/491 491/491/491 492/492/492 
f 491/491/491 492/492/492 492/492/492 
f 492/492/492 492/492/492 493/493/493 
f 492/492/492 494/494/494 493/493/493 
f 493/493/493 494/494/494 495/495/495 
f 494/494/494 495/495/495 495/495/495 
f 495/495/495 495/495/495 492/492/492 
f 495/495/495 492/492/492 492/492/492 
f 492/492/492 492/492/492 496/496/496 
f 492/492/492 493/493/493 496/496/496 
f 496/496/496 493/493/493 496/496/496 
f 493/493/493 497/497/497 496/496/496 
f 496/496/496 497/497/497 498/498/498 
f 497/497/497 499/499/499 498/498/498 
f 498/498/498 499/499/499 500/500/500 
f 499/499/499 501/501/501 500/500/500 
f 500/500/500 501/501/501 502/502/502 
f 501/501/501 503/503/503 502/502/502 
f 502/502/502 503/503/503 504/504/504 
f 503/503/503 503/503/503 504/504/504 
f 504/504/504 503/503/503 505/505/505 
f 503/503/503 506/506/506 505/505/505 
f 505/505/505 506/506/506 507/507/507 
f 506/506/506 507/507/507 507/507/507 
f 507/507/507 507/507/507 506/506/506 
f 507/507/507 506/506/506 506/506/506 
f 506/506/506 506/506/506 508/508/508 
f 506/506/506 503/503/503 508/508/508 
f 508/508/508 503/503/503 508/508/508 
f 503/503/503 501/501/501 508/508/508 
f 508/508/508 501/501/501 509/509/509 
f 501/501/501 499/499/499 509/509/509 
f 509/509/509 499/499/499 510/510/510 
f 499/499/499 497/497/497 510/510/510 
f 510/510/510 497/497/497 510/510/510 
f 497/497/497 493/493/493 510/510/510 
f 510/510/510 493/493/493 510/510/510 
f 493/493/493 495/495/495 510/510/510 
f 510/510/510 495/495/495 510/510/510 
f 495/495/495 511/511/511 510/510/510 
f 510/510/510 511/511/511 512/512/512 
f 511/511/511 513/513/513 512/512/512 
f 512/512/512 513/513/513 513/513/513 
f 513/513/513 510/510/510 513/513/513 
f 513/513/513 510/510/510 510/510/510 
f 510/510/510 512/512/512 510/510/510 
f 510/510/510 512/512/512 509/509/509 
f 512/512/512 514/514/514 509/509/509 
f 509/509/509 514/514/514 508/508/508 
f 514/514/514 515/515/515 508/508/508 
f 508/508/508 515/515/515 506/506/506 
f 515/515/515 516/516/516 506/506/506 
f 506/506/506 516/516/516 507/507/507 
f 516/516/516 516/516/516 507/507/507 
f 507/507/507 516/516/516 517/517/517 
f 516/516/516 518/518/518 517/517/517 
f 517/517/517 518/518/518 519/519/519 
f 518/518/518 520/520/520 519/519/519 
f 519/519/519 520/520/520 521/521/521 
f 520/520/520 521/521/521 521/521/521 
f 521/521/521 521/521/521 520/520/520 
f 521/521/521 520/520/520 520/520/520 
f 520/520/520 520/520/520 522/522/522 
f 520/520/520 518/518/518 522/522/522 
f 522/522/522 518/518/518 523/523/523 
f 518/518/518 516/516/516 523/523/523 
f 523/523/523 516/516/516 523/523/523 
f 516/516/516 515/515/515 523/523/523 
f 523/523/523 515/515/515 524/524/524 
f 515/515/515 514/514/514 524/524/524 
f 524/524/524 514/514/514 524/524/524 
f 514/514/514 525/525/525 524/524/524 
f 524/524/524 525/525/525 526/526/526 
f 525/525/525 525/525/525 526/526/526 
f 526/526/526 525/525/525 527/527/527 
f 525/525/525 525/525/525 527/527/527 
f 527/527/527 525/525/525 528/528/528 
f 525/525/525 525/525/525 528/528/528 
f 528/528/528 525/525/525 513/513/513 
f 525/525/525 525/525/525 513/513/513 
f 513/513/513 525/525/525 512/512/512 
f 525/525/525 514/514/514 512/512/512 
f 512/512/512 514/514/514 514/514/514 
f 514/514/514 522/522/522 514/514/514 
f 514/514/514 522/522/522 522/522/522 
f 522/522/522 523/523/523 522/522/522 
f 522/522/522 523/523/523 529/529/529 
f 523/523/523 524/524/524 529/529/529 
f 529/529/529 524/524/524 526/526/526 
f 524/524/524 526/526/526 526/526/526 
f 526/526/526 526/526/526 530/530/530 
f 526/526/526 530/530/530 530/530/530 
f 530/530/530 530/530/530 531/531/531 
f 530/530/530 532/532/532 531/531/531 
f 531/531/531 532/532/532 531/531/531 
f 532/532/532 533/533/533 531/531/531 
f 531/531/531 533/533/533 534/534/534 
f 533/533/533 535/535/535 534/534/534 
f 534/534/534 535/535/535 536/536/536 
f 535/535/535 537/537/537 536/536/536 
f 536/536/536 537/537/537 536/536/536 
f 537/537/537 538/538/538 536/536/536 
f 536/536/536 538/538/538 539/539/539 
f 538/538/538 540/540/540 539/539/539 
f 539/539/539 540/540/540 540/540/540 
f 540/540/540 539/539/539 540/540/540 
f 540/540/540 539/539/539 539/539/539 
f 539/539/539 541/541/541 539/539/539 
f 539/539/539 541/541/541 536/536/536 
f 541/541/541 541/541/541 536/536/536 
f 536/536/536 541/541/541 534/534/534 
f 541/541/541 542/542/542 534/534/534 
f 534/534/534 542/542/542 531/531/531 
f 542/542/542 543/543/543 531/531/531 
f 531/531/531 543/543/543 530/530/530 
f 543/543/543 543/543/543 530/530/530 
f 530/530/530 543/543/543 544/544/544 
f 543/543/543 543/543/543 544/544/544 
f 544/544/544 543/543/543 545/545/545 
f 543/543/543 546/546/546 545/545/545 
f 545/545/545 546/546/546 545/545/545 
f 546/546/546 547/547/547 545/545/545 
f 545/545/545 547/547/547 548/548/548 
f 547/547/547 549/549/549 548/548/548 
f 548/548/548 549/549/549 550/550/550 
f 549/549/549 549/549/549 550/550/550 
f 550/550/550 549/549/549 551/551/551 
f 549/549/549 549/549/549 551/551/551 
f 551/551/551 549/549/549 552/552/552 
f 549/549/549 549/549/549 552/552/552 
f 552/552/552 549/549/549 553/553/553 
f 549/549/549 554/554/554 553/553/553 
f 553/553/553 554/554/554 555/555/555 
f 554/554/554 556/556/556 555/555/555 
f 555/555/555 556/556/556 555/555/555 
f 556/556/556 557/557/557 555/555/555 
f 555/555/555 557/557/557 555/555/555 
f 557/557/557 558/558/558 555/555/555 
f 555/555/555 558/558/558 559/559/559 
f 558/558/558 558/558/558 559/559/559 
f 559/559/559 558/558/558 560/560/560 
f 558/558/558 557/557/557 560/560/560 
f 560/560/560 557/557/557 561/561/561 
f 557/557/557 557/557/557 561/561/561 
f 561/561/561 557/557/557 562/562/562 
f 557/557/557 563/563/563 562/562/562 
f 562/562/562 563/563/563 564/564/564 
f 563/563/563 563/563/563 564/564/564 
f 564/564/564 563/563/563 565/565/565 
f 563/563/563 563/563/563 565/565/565 
f 565/565/565 563/563/563 566/566/566 
f 563/563/563 556/556/556 566/566/566 
f 566/566/566 556/556/556 567/567/567 
f 556/556/556 554/554/554 567/567/567 
f 567/567/567 554/554/554 547/547/547 
f 554/554/554 549/549/549 547/547/547 
f 547/547/547 549/549/549 549/549/549 
f 549/549/549 547/547/547 549/549/549 
f 549/549/549 547/547/547 547/547/547 
f 547/547/547 546/546/546 547/547/547 
f 547/547/547 546/546/546 567/567/567 
f 546/546/546 568/568/568 567/567/567 
f 567/567/567 568/568/568 566/566/566 
f 568/568/568 569/569/569 566/566/566 
f 566/566/566 569/569/569 565/565/565 
f 569/569/569 565/565/565 565/565/565 
f 565/565/565 565/565/565 563/563/563 
f 565/565/565 563/563/563 563/563/563 
f 563/563/563 563/563/563 556/556/556 
f 563/563/563 557/557/557 556/556/556 
f 556/556/556 557/557/557 557/557/557 
f 557/557/557 546/546/546 557/557/557 
f 557/557/557 546/546/546 546/546/546 
f 546/546/546 543/543/543 546/546/546 
f 546/546/546 543/543/543 568/568/568 
f 543/543/543 542/542/542 568/568/568 
f 568/568/568 542/542/542 569/569/569 
f 542/542/542 541/541/541 569/569/569 
f 569/569/569 541/541/541 541/541/541 
f 541/541/541 570/570/570 541/541/541 
f 541/541/541 570/570/570 570/570/570 
f 570/570/570 571/571/571 570/570/570 
f 570/570/570 571/571/571 572/572/572 
f 571/571/571 573/573/573 572/572/572 
f 572/572/572 573/573/573 574/574/574 
f 573/573/573 575/575/575 574/574/574 
f 574/574/574 575/575/575 576/576/576 
f 575/575/575 577/577/577 576/576/576 
f 576/576/576 577/577/577 577/577/577 
f 577/577/577 571/571/571 577/577/577 
f 577/577/577 571/571/571 571/571/571 
f 571/571/571 578/578/578 571/571/571 
f 571/571/571 578/578/578 573/573/573 
f 578/578/578 579/579/579 573/573/573 
f 573/573/573 579/579/579 575/575/575 
f 579/579/579 575/575/575 575/575/575 
f 575/575/575 575/575/575 578/578/578 
f 575/575/575 578/578/578 578/578/578 
f 578/578/578 578/578/578 579/579/579 
f 578/578/578 580/580/580 579/579/579 
f 579/579/579 580/580/580 581/581/581 
f 580/580/580 582/582/582 581/581/581 
f 581/581/581 582/582/582 583/583/583 
f 582/582/582 584/584/584 583/583/583 
f 583/583/583 584/584/584 585/585/585 
f 584/584/584 586/586/586 585/585/585 
f 585/585/585 586/586/586 585/585/585 
f 586/586/586 587/587/587 585/585/585 
f 585/585/585 587/587/587 588/588/588 
f 587/587/587 589/589/589 588/588/588 
f 588/588/588 589/589/589 588/588/588 
f 589/589/589 590/590/590 588/588/588 
f 588/588/588 590/590/590 588/588/588 
f 590/590/590 591/591/591 588/588/588 
f 588/588/588 591/591/591 588/588/588 
f 591/591/591 592/592/592 588/588/588 
f 588/588/588 592/592/592 593/593/593 
f 592/592/592 594/594/594 593/593/593 
f 593/593/593 594/594/594 595/595/595 
f 594/594/594 596/596/596 595/595/595 
f 595/595/595 596/596/596 595/595/595 
f 596/596/596 581/581/581 595/595/595 
f 595/595/595 581/581/581 595/595/595 
f 581/581/581 583/583/583 595/595/595 
f 595/595/595 583/583/583 593/593/593 
f 583/583/583 585/585/585 593/593/593 
f 593/593/593 585/585/585 588/588/588 
f 585/585/585 588/588/588 588/588/588 
f 588/588/588 588/588/588 594/594/594 
f 588/588/588 594/594/594 594/594/594 
f 594/594/594 594/594/594 596/596/596 
f 594/594/594 597/597/597 596/596/596 
f 596/596/596 597/597/597 596/596/596 
f 597/597/597 577/577/577 596/596/596 
f 596/596/596 577/577/577 596/596/596 
f 577/577/577 575/575/575 596/596/596 
f 596/596/596 575/575/575 596/596/596 
f 575/575/575 579/579/579 596/596/596 
f 596/596/596 579/579/579 581/581/581 
f 579/579/579 581/581/581 581/581/581 
f 581/581/581 581/581/581 598/598/598 
f 581/581/581 598/598/598 598/598/598 
f 598/598/598 598/598/598 599/599/599 
f 598/598/598 600/600/600 599/599/599 
f 599/599/599 600/600/600 599/599/599 
f 600/600/600 601/601/601 599/599/599 
f 599/599/599 601/601/601 599/599/599 
f 601/601/601 602/602/602 599/599/599 
f 599/599/599 602/602/602 603/603/603 
f 602/602/602 602/602/602 603/603/603 
f 603/603/603 602/602/602 604/604/604 
f 602/602/602 605/605/605 604/604/604 
f 604/604/604 605/605/605 606/606/606 
f 605/605/605 607/607/607 606/606/606 
f 606/606/606 607/607/607 607/607/607 
f 607/607/607 600/600/600 607/607/607 
f 607/607/607 600/600/600 600/600/600 
f 600/600/600 608/608/608 600/600/600 
f 600/600/600 608/608/608 609/609/609 
f 608/608/608 610/610/610 609/609/609 
f 609/609/609 610/610/610 611/611/611 
f 610/610/610 612/612/612 611/611/611 
f 611/611/611 612/612/612 612/612/612 
f 612/612/612 613/613/613 612/612/612 
f 612/612/612 613/613/613 613/613/613 
f 613/613/613 614/614/614 613/613/613 
f 613/613/613 614/614/614 615/615/615 
f 614/614/614 616/616/616 615/615/615 
f 615/615/615 616/616/616 617/617/617 
f 616/616/616 618/618/618 617/617/617 
f 617/617/617 618/618/618 619/619/619 
f 618/618/618 620/620/620 619/619/619 
f 619/619/619 620/620/620 619/619/619 
f 620/620/620 621/621/621 619/619/619 
f 619/619/619 621/621/621 622/622/622 
f 621/621/621 621/621/621 622/622/622 
f 622/622/622 621/621/621 623/623/623 
f 621/621/621 624/624/624 623/623/623 
f 623/623/623 624/624/624 624/624/624 
f 624/624/624 625/625/625 624/624/624 
f 624/624/624 625/625/625 625/625/625 
f 625/625/625 626/626/626 625/625/625 
f 625/625/625 626/626/626 627/627/627 
f 626/626/626 628/628/628 627/627/627 
f 627/627/627 628/628/628 629/629/629 
f 628/628/628 630/630/630 629/629/629 
f 629/629/629 630/630/630 630/630/630 
f 630/630/630 629/629/629 630/630/630 
f 630/630/630 629/629/629 629/629/629 
f 629/629/629 631/631/631 629/629/629 
f 629/629/629 631/631/631 627/627/627 
f 631/631/631 632/632/632 627/627/627 
f 627/627/627 632/632/632 625/625/625 
f 632/632/632 625/625/625 625/625/625 
f 625/625/625 625/625/625 632/632/632 
f 625/625/625 632/632/632 632/632/632 
f 632/632/632 632/632/632 633/633/633 
f 632/632/632 631/631/631 633/633/633 
f 633/633/633 631/631/631 634/634/634 
f 631/631/631 635/635/635 634/634/634 
f 634/634/634 635/635/635 636/636/636 
f 635/635/635 637/637/637 636/636/636 
f 636/636/636 637/637/637 637/637/637 
f 637/637/637 626/626/626 637/637/637 
f 637/637/637 626/626/626 626/626/626 
f 626/626/626 638/638/638 626/626/626 
f 626/626/626 638/638/638 628/628/628 
f 638/638/638 639/639/639 628/628/628 
f 628/628/628 639/639/639 640/640/640 
f 639/639/639 641/641/641 640/640/640 
f 640/640/640 641/641/641 630/630/630 
f 641/641/641 641/641/641 630/630/630 
f 630/630/630 641/641/641 642/642/642 
f 641/641/641 641/641/641 642/642/642 
f 642/642/642 641/641/641 643/643/643 
f 641/641/641 641/641/641 643/643/643 
f 643/643/643 641/641/641 644/644/644 
f 641/641/641 645/645/645 644/644/644 
f 644/644/644 645/645/645 646/646/646 
f 645/645/645 646/646/646 646/646/646 
f 646/646/646 646/646/646 630/630/630 
f 646/646/646 630/630/630 630/630/630 
f 630/630/630 630/630/630 640/640/640 
f 630/630/630 628/628/628 640/640/640 
f 640/640/640 628/628/628 628/628/628 
f 628/628/628 639/639/639 628/628/628 
f 628/628/628 639/639/639 639/639/639 
f 639/639/639 645/645/645 639/639/639 
f 639/639/639 645/645/645 641/641/641 
f 645/645/645 641/641/641 641/641/641 
f 641/641/641 641/641/641 647/647/647 
f 641/641/641 647/647/647 647/647/647 
f 647/647/647 647/647/647 648/648/648 
f 647/647/647 649/649/649 648/648/648 
f 648/648/648 649/649/649 648/648/648 
f 649/649/649 650/650/650 648/648/648 
f 648/648/648 650/650/650 648/648/648 
f 650/650/650 651/651/651 648/648/648 
f 648/648/648 651/651/651 652/652/652 
f 651/651/651 651/651/651 652/652/652 
f 652/652/652 651/651/651 653/653/653 
f 651/651/651 654/654/654 653/653/653 
f 653/653/653 654/654/654 655/655/655 
f 654/654/654 654/654/654 655/655/655 
f 655/655/655 654/654/654 656/656/656 
f 654/654/654 654/654/654 656/656/656 
f 656/656/656 654/654/654 657/657/657 
f 654/654/654 654/654/654 657/657/657 
f 657/657/657 654/654/654 658/658/658 
f 654/654/654 654/654/654 658/658/658 
f 658/658/658 654/654/654 659/659/659 
f 654/654/654 651/651/651 659/659/659 
f 659/659/659 651/651/651 660/660/660 
f 651/651/651 651/651/651 660/660/660 
f 660/660/660 651/651/651 661/661/661 
f 651/651/651 650/650/650 661/661/661 
f 661/661/661 650/650/650 662/662/662 
f 650/650/650 649/649/649 662/662/662 
f 662/662/662 649/649/649 663/663/663 
f 649/649/649 663/663/663 663/663/663 
f 663/663/663 663/663/663 647/647/647 
f 663/663/663 647/647/647 647/647/647 
f 647/647/647 647/647/647 664/664/664 
f 647/647/647 648/648/648 664/664/664 
f 664/664/664 648/648/648 665/665/665 
f 648/648/648 652/652/652 665/665/665 
f 665/665/665 652/652/652 652/652/652 
f 652/652/652 664/664/664 652/652/652 
f 652/652/652 664/664/664 664/664/664 
f 664/664/664 665/665/665 664/664/664 
f 664/664/664 665/665/665 666/666/666 
f 665/665/665 667/667/667 666/666/666 
f 666/666/666 667/667/667 668/668/668 
f 667/667/667 667/667/667 668/668/668 
f 668/668/668 667/667/667 669/669/669 
f 667/667/667 670/670/670 669/669/669 
f 669/669/669 670/670/670 671/671/671 
f 670/670/670 672/672/672 671/671/671 
f 671/671/671 672/672/672 673/673/673 
f 672/672/672 673/673/673 673/673/673 
f 673/673/673 673/673/673 662/662/662 
f 673/673/673 662/662/662 662/662/662 
f 662/662/662 662/662/662 661/661/661 
f 662/662/662 674/674/674 661/661/661 
f 661/661/661 674/674/674 674/674/674 
f 674/674/674 665/665/665 674/674/674 
f 674/674/674 665/665/665 665/665/665 
f 665/665/665 675/675/675 665/665/665 
f 665/665/665 675/675/675 667/667/667 
f 675/675/675 675/675/675 667/667/667 
f 667/667/667 675/675/675 670/670/670 
f 675/675/675 676/676/676 670/670/670 
f 670/670/670 676/676/676 670/670/670 
f 676/676/676 677/677/677 670/670/670 
f 670/670/670 677/677/677 672/672/672 
f 677/677/677 672/672/672 672/672/672 
f 672/672/672 672/672/672 678/678/678 
f 672/672/672 678/678/678 678/678/678 
f 678/678/678 678/678/678 679/679/679 
f 678/678/678 680/680/680 679/679/679 
f 679/679/679 680/680/680 679/679/679 
f 680/680/680 681/681/681 679/679/679 
f 679/679/679 681/681/681 682/682/682 
f 681/681/681 683/683/683 682/682/682 
f 682/682/682 683/683/683 684/684/684 
f 683/683/683 685/685/685 684/684/684 
f 684/684/684 685/685/685 686/686/686 
f 685/685/685 687/687/687 686/686/686 
f 686/686/686 687/687/687 687/687/687 
f 687/687/687 688/688/688 687/687/687 
f 687/687/687 688/688/688 688/688/688 
f 688/688/688 689/689/689 688/688/688 
f 688/688/688 689/689/689 690/690/690 
f 689/689/689 691/691/691 690/690/690 
f 690/690/690 691/691/691 692/692/692 
f 691/691/691 691/691/691 692/692/692 
f 692/692/692 691/691/691 693/693/693 
f 691/691/691 694/694/694 693/693/693 
f 693/693/693 694/694/694 695/695/695 
f 694/694/694 696/696/696 695/695/695 
f 695/695/695 696/696/696 697/697/697 
f 696/696/696 698/698/698 697/697/697 
f 697/697/697 698/698/698 699/699/699 
f 698/698/698 700/700/700 699/699/699 
f 699/699/699 700/700/700 700/700/700 
f 700/700/700 698/698/698 700/700/700 
f 700/700/700 698/698/698 698/698/698 
f 698/698/698 696/696/696 698/698/698 
f 698/698/698 696/696/696 701/701/701 
f 696/696/696 696/696/696 701/701/701 
f 701/701/701 696/696/696 702/702/702 
f 696/696/696 694/694/694 702/702/702 
f 702/702/702 694/694/694 702/702/702 
f 694/694/694 691/691/691 702/702/702 
f 702/702/702 691/691/691 689/689/689 
f 691/691/691 689/689/689 689/689/689 
f 689/689/689 689/689/689 690/690/690 
f 689/689/689 690/690/690 690/690/690 
f 690/690/690 690/690/690 703/703/703 
f 690/690/690 692/692/692 703/703/703 
f 703/703/703 692/692/692 692/692/692 
f 692/692/692 704/704/704 692/692/692 
f 692/692/692 704/704/704 704/704/704 
f 704/704/704 697/697/697 704/704/704 
f 704/704/704 697/697/697 705/705/705 
f 697/697/697 699/699/699 705/705/705 
f 705/705/705 699/699/699 706/706/706 
f 699/699/699 707/707/707 706/706/706 
f 706/706/706 707/707/707 708/708/708 
f 707/707/707 707/707/707 708/708/708 
f 708/708/708 707/707/707 709/709/709 
f 707/707/707 707/707/707 709/709/709 
f 709/709/709 707/707/707 710/710/710 
f 707/707/707 707/707/707 710/710/710 
f 710/710/710 707/707/707 711/711/711 
f 707/707/707 707/707/707 711/711/711 
f 711/711/711 707/707/707 700/700/700 
f 707/707/707 699/699/699 700/700/700 
f 700/700/700 699/699/699 699/699/699 
f 699/699/699 712/712/712 699/699/699 
f 699/699/699 712/712/712 712/712/712 
f 712/712/712 713/713/713 712/712/712 
f 712/712/712 713/713/713 714/714/714 
f 713/713/713 715/715/715 714/714/714 
f 714/714/714 715/715/715 716/716/716 
f 715/715/715 715/715/715 716/716/716 
f 716/716/716 715/715/715 717/717/717 
f 715/715/715 718/718/718 717/717/717 
f 717/717/717 718/718/718 719/719/719 
f 718/718/718 720/720/720 719/719/719 
f 719/719/719 720/720/720 721/721/721 
f 720/720/720 722/722/722 721/721/721 
f 721/721/721 722/722/722 722/722/722 
f 722/722/722 721/721/721 722/722/722 
f 722/722/722 721/721/721 721/721/721 
f 721/721/721 723/723/723 721/721/721 
f 721/721/721 723/723/723 719/719/719 
f 723/723/723 724/724/724 719/719/719 
f 719/719/719 724/724/724 719/719/719 
f 724/724/724 725/725/725 719/719/719 
f 719/719/719 725/725/725 717/717/717 
f 725/725/725 726/726/726 717/717/717 
f 717/717/717 726/726/726 716/716/716 
f 726/726/726 727/727/727 716/716/716 
f 716/716/716 727/727/727 714/714/714 
f 727/727/727 728/728/728 714/714/714 
f 714/714/714 728/728/728 712/712/712 
f 728/728/728 729/729/729 712/712/712 
f 712/712/712 729/729/729 730/730/730 
f 729/729/729 731/731/731 730/730/730 
f 730/730/730 731/731/731 732/732/732 
f 731/731/731 731/731/731 732/732/732 
f 732/732/732 731/731/731 733/733/733 
f 731/731/731 734/734/734 733/733/733 
f 733/733/733 734/734/734 735/735/735 
f 734/734/734 734/734/734 735/735/735 
f 735/735/735 734/734/734 736/736/736 
f 734/734/734 737/737/737 736/736/736 
f 736/736/736 737/737/737 738/738/738 
f 737/737/737 739/739/739 738/738/738 
f 738/738/738 739/739/739 740/740/740 
f 739/739/739 741/741/741 740/740/740 
f 740/740/740 741/741/741 742/742/742 
f 741/741/741 741/741/741 742/742/742 
f 742/742/742 741/741/741 743/743/743 
f 741/741/741 741/741/741 743/743/743 
f 743/743/743 741/741/741 728/728/728 
f 741/741/741 741/741/741 728/728/728 
f 728/728/728 741/741/741 729/729/729 
f 741/741/741 739/739/739 729/729/729 
f 729/729/729 739/739/739 731/731/731 
f 739/739/739 737/737/737 731/731/731 
f 731/731/731 737/737/737 734/734/734 
f 737/737/737 734/734/734 734/734/734 
f 734/734/734 734/734/734 724/724/724 
f 734/734/734 724/724/724 724/724/724 
f 724/724/724 724/724/724 744/744/744 
f 724/724/724 723/723/723 744/744/744 
f 744/744/744 723/723/723 723/723/723 
f 723/723/723 742/742/742 723/723/723 
f 723/723/723 742/742/742 742/742/742 
f 742/742/742 743/743/743 742/742/742 
f 742/742/742 743/743/743 745/745/745 
f 743/743/743 728/728/728 745/745/745 
f 745/745/745 728/728/728 746/746/746 
f 728/728/728 727/727/727 746/746/746 
f 746/746/746 727/727/727 747/747/747 
f 727/727/727 726/726/726 747/747/747 
f 747/747/747 726/726/726 748/748/748 
f 726/726/726 725/725/725 748/748/748 
f 748/748/748 725/725/725 749/749/749 
f 725/725/725 749/749/749 749/749/749 
f 749/749/749 749/749/749 725/725/725 
f 749/749/749 725/725/725 725/725/725 
f 725/725/725 725/725/725 750/750/750 
f 725/725/725 724/724/724 750/750/750 
f 750/750/750 724/724/724 751/751/751 
f 724/724/724 744/744/744 751/751/751 
f 751/751/751 744/744/744 751/751/751 
f 744/744/744 752/752/752 751/751/751 
f 751/751/751 752/752/752 753/753/753 
f 752/752/752 754/754/754 753/753/753 
f 753/753/753 754/754/754 753/753/753 
f 754/754/754 755/755/755 753/753/753 
f 753/753/753 755/755/755 751/751/751 
f 755/755/755 750/750/750 751/751/751 
f 751/751/751 750/750/750 750/750/750 
f 750/750/750 756/756/756 750/750/750 
f 750/750/750 756/756/756 756/756/756 
f 756/756/756 757/757/757 756/756/756 
f 756/756/756 757/757/757 758/758/758 
f 757/757/757 759/759/759 758/758/758 
f 758/758/758 759/759/759 760/760/760 
f 759/759/759 761/761/761 760/760/760 
f 760/760/760 761/761/761 760/760/760 
f 761/761/761 762/762/762 760/760/760 
f 760/760/760 762/762/762 763/763/763 
f 762/762/762 763/763/763 763/763/763 
f 763/763/763 763/763/763 759/759/759 
f 763/763/763 759/759/759 759/759/759 
f 759/759/759 759/759/759 764/764/764 
f 759/759/759 757/757/757 764/764/764 
f 764/764/764 757/757/757 764/764/764 
f 757/757/757 765/765/765 764/764/764 
f 764/764/764 765/765/765 766/766/766 
f 765/765/765 767/767/767 766/766/766 
f 766/766/766 767/767/767 768/768/768 
f 767/767/767 769/769/769 768/768/768 
f 768/768/768 769/769/769 770/770/770 
f 769/769/769 771/771/771 770/770/770 
f 770/770/770 771/771/771 772/772/772 
f 771/771/771 771/771/771 772/772/772 
f 772/772/772 771/771/771 773/773/773 
f 771/771/771 774/774/774 773/773/773 
f 773/773/773 774/774/774 775/775/775 
f 774/774/774 775/775/775 775/775/775 
f 775/775/775 775/775/775 772/772/772 
f 775/775/775 772/772/772 772/772/772 
f 772/772/772 772/772/772 770/770/770 
f 772/772/772 776/776/776 770/770/770 
f 770/770/770 776/776/776 770/770/770 
f 776/776/776 777/777/777 770/770/770 
f 770/770/770 777/777/777 768/768/768 
f 777/777/777 778/778/778 768/768/768 
f 768/768/768 778/778/778 766/766/766 
f 778/778/778 779/779/779 766/766/766 
f 766/766/766 779/779/779 764/764/764 
f 779/779/779 780/780/780 764/764/764 
f 764/764/764 780/780/780 759/759/759 
f 780/780/780 780/780/780 759/759/759 
f 759/759/759 780/780/780 761/761/761 
f 780/780/780 780/780/780 761/761/761 
f 761/761/761 780/780/780 762/762/762 
f 780/780/780 781/781/781 762/762/762 
f 762/762/762 781/781/781 782/782/782 
f 781/781/781 781/781/781 782/782/782 
f 782/782/782 781/781/781 783/783/783 
f 781/781/781 781/781/781 783/783/783 
f 783/783/783 781/781/781 784/784/784 
f 781/781/781 779/779/779 784/784/784 
f 784/784/784 779/779/779 784/784/784 
f 779/779/779 778/778/778 784/784/784 
f 784/784/784 778/778/778 785/785/785 
f 778/778/778 777/777/777 785/785/785 
f 785/785/785 777/777/777 777/777/777 
f 777/777/777 781/781/781 777/777/777 
f 777/777/777 781/781/781 781/781/781 
f 781/781/781 780/780/780 781/781/781 
f 781/781/781 780/780/780 779/779/779 
f 780/780/780 779/779/779 779/779/779 
f 779/779/779 779/779/779 762/762/762 
f 779/779/779 762/762/762 762/762/762 
f 762/762/762 762/762/762 763/763/763 
f 762/762/762 782/782/782 763/763/763 
f 763/763/763 782/782/782 786/786/786 
f 782/782/782 786/786/786 786/786/786 
f 786/786/786 786/786/786 783/783/783 
f 786/786/786 783/783/783 783/783/783 
f 783/783/783 783/783/783 787/787/787 
f 783/783/783 784/784/784 787/787/787 
f 787/787/787 784/784/784 787/787/787 
f 784/784/784 785/785/785 787/787/787 
f 787/787/787 785/785/785 788/788/788 
f 785/785/785 789/789/789 788/788/788 
f 788/788/788 789/789/789 790/790/790 
f 789/789/789 791/791/791 790/790/790 
f 790/790/790 791/791/791 790/790/790 
f 791/791/791 792/792/792 790/790/790 
f 790/790/790 792/792/792 793/793/793 
f 792/792/792 794/794/794 793/793/793 
f 793/793/793 794/794/794 794/794/794 
f 794/794/794 785/785/785 794/794/794 
f 794/794/794 785/785/785 785/785/785 
f 785/785/785 777/777/777 785/785/785 
f 785/785/785 777/777/777 789/789/789 
f 777/777/777 776/776/776 789/789/789 
f 789/789/789 776/776/776 791/791/791 
f 776/776/776 791/791/791 791/791/791 
f 791/791/791 791/791/791 795/795/795 
f 791/791/791 795/795/795 795/795/795 
f 795/795/795 795/795/795 796/796/796 
f 795/795/795 797/797/797 796/796/796 
f 796/796/796 797/797/797 798/798/798 
f 797/797/797 799/799/799 798/798/798 
f 798/798/798 799/799/799 798/798/798 
f 799/799/799 275/275/275 798/798/798 
f 798/798/798 275/275/275 798/798/798 
f 275/275/275 274/274/274 798/798/798 
f 798/798/798 274/274/274 800/800/800 
f 274/274/274 276/276/276 800/800/800 
f 800/800/800 276/276/276 276/276/276 
f 276/276/276 800/800/800 276/276/276 
f 276/276/276 800/800/800 800/800/800 
f 800/800/800 796/796/796 800/800/800 
f 800/800/800 796/796/796 798/798/798 
f 796/796/796 798/798/798 798/798/798 
f 798/798/798 798/798/798 801/801/801 
f 798/798/798 801/801/801 801/801/801 
f 801/801/801 801/801/801 802/802/802 
f 801/801/801 803/803/803 802/802/802 
f 802/802/802 803/803/803 802/802/802 
f 803/803/803 804/804/804 802/802/802 
f 802/802/802 804/804/804 805/805/805 
f 804/804/804 806/806/806 805/805/805 
f 805/805/805 806/806/806 807/807/807 
f 806/806/806 808/808/808 807/807/807 
f 807/807/807 808/808/808 809/809/809 
f 808/808/808 810/810/810 809/809/809 
f 809/809/809 810/810/810 809/809/809 
f 810/810/810 811/811/811 809/809/809 
f 809/809/809 811/811/811 812/812/812 
f 811/811/811 813/813/813 812/812/812 
f 812/812/812 813/813/813 814/814/814 
f 813/813/813 815/815/815 814/814/814 
f 814/814/814 815/815/815 816/816/816 
f 815/815/815 817/817/817 816/816/816 
f 816/816/816 817/817/817 818/818/818 
f 817/817/817 818/818/818 818/818/818 
f 818/818/818 818/818/818 819/819/819 
f 818/818/818 819/819/819 819/819/819 
f 819/819/819 819/819/819 820/820/820 
f 819/819/819 821/821/821 820/820/820 
f 820/820/820 821/821/821 822/822/822 
f 821/821/821 822/822/822 822/822/822 
f 822/822/822 822/822/822 823/823/823 
f 822/822/822 823/823/823 823/823/823 
f 823/823/823 823/823/823 824/824/824 
f 823/823/823 825/825/825 824/824/824 
f 824/824/824 825/825/825 826/826/826 
f 825/825/825 826/826/826 826/826/826 
f 826/826/826 826/826/826 827/827/827 
f 826/826/826 827/827/827 827/827/827 
f 827/827/827 827/827/827 828/828/828 
f 827/827/827 829/829/829 828/828/828 
f 828/828/828 829/829/829 830/830/830 
f 829/829/829 830/830/830 830/830/830 
f 830/830/830 830/830/830 831/831/831 
f 830/830/830 831/831/831 831/831/831 
f 831/831/831 831/831/831 832/832/832 
f 831/831/831 833/833/833 832/832/832 
f 832/832/832 833/833/833 834/834/834 
f 833/833/833 834/834/834 834/834/834 
f 834/834/834 834/834/834 835/835/835 
f 834/834/834 835/835/835 835/835/835 
f 835/835/835 835/835/835 836/836/836 
f 835/835/835 837/837/837 836/836/836 
f 836/836/836 837/837/837 838/838/838 
f 837/837/837 838/838/838 838/838/838 
f 838/838/838 838/838/838 839/839/839 
f 838/838/838 839/839/839 839/839/839 
f 839/839/839 839/839/839 840/840/840 
f 839/839/839 841/841/841 840/840/840 
f 840/840/840 841/841/841 842/842/842 
f 841/841/841 842/842/842 842/842/842 
f 842/842/842 842/842/842 843/843/843 
f 842/842/842 843/843/843 843/843/843 
f 843/843/843 843/843/843 844/844/844 
f 843/843/843 845/845/845 844/844/844 
f 844/844/844 845/845/845 846/846/846 
f 845/845/845 847/847/847 846/846/846 
f 846/846/846 847/847/847 848/848/848 
f 847/847/847 849/849/849 848/848/848 
f 848/848/848 849/849/849 850/850/850 
f 849/849/849 851/851/851 850/850/850 
f 850/850/850 851/851/851 852/852/852 
f 851/851/851 853/853/853 852/852/852 
f 852/852/852 853/853/853 853/853/853 
f 853/853/853 852/852/852 853/853/853 
f 853/853/853 852/852/852 852/852/852 
f 852/852/852 854/854/854 852/852/852 
f 852/852/852 854/854/854 850/850/850 
f 854/854/854 855/855/855 850/850/850 
f 850/850/850 855/855/855 848/848/848 
f 855/855/855 856/856/856 848/848/848 
f 848/848/848 856/856/856 846/846/846 
f 856/856/856 857/857/857 846/846/846 
f 846/846/846 857/857/857 844/844/844 
f 857/857/857 858/858/858 844/844/844 
f 844/844/844 858/858/858 859/859/859 
f 858/858/858 860/860/860 859/859/859 
f 859/859/859 860/860/860 860/860/860 
f 860/860/860 844/844/844 860/860/860 
f 860/860/860 844/844/844 844/844/844 
f 844/844/844 859/859/859 844/844/844 
f 844/844/844 859/859/859 843/843/843 
f 859/859/859 843/843/843 843/843/843 
f 843/843/843 843/843/843 861/861/861 
f 843/843/843 861/861/861 861/861/861 
f 861/861/861 861/861/861 862/862/862 
f 861/861/861 863/863/863 862/862/862 
f 862/862/862 863/863/863 864/864/864 
f 863/863/863 865/865/865 864/864/864 
f 864/864/864 865/865/865 864/864/864 
f 865/865/865 866/866/866 864/864/864 
f 864/864/864 866/866/866 864/864/864 
f 866/866/866 867/867/867 864/864/864 
f 864/864/864 867/867/867 864/864/864 
f 867/867/867 868/868/868 864/864/864 
f 864/864/864 868/868/868 862/862/862 
f 868/868/868 862/862/862 862/862/862 
f 862/862/862 862/862/862 863/863/863 
f 862/862/862 863/863/863 863/863/863 
f 863/863/863 863/863/863 865/865/865 
f 863/863/863 869/869/869 865/865/865 
f 865/865/865 869/869/869 869/869/869 
f 869/869/869 870/870/870 869/869/869 
f 869/869/869 870/870/870 870/870/870 
f 870/870/870 871/871/871 870/870/870 
f 870/870/870 871/871/871 872/872/872 
f 871/871/871 873/873/873 872/872/872 
f 872/872/872 873/873/873 874/874/874 
f 873/873/873 875/875/875 874/874/874 
f 874/874/874 875/875/875 876/876/876 
f 875/875/875 875/875/875 876/876/876 
f 876/876/876 875/875/875 877/877/877 
f 875/875/875 878/878/878 877/877/877 
f 877/877/877 878/878/878 879/879/879 
f 878/878/878 880/880/880 879/879/879 
f 879/879/879 880/880/880 881/881/881 
f 880/880/880 881/881/881 881/881/881 
f 881/881/881 881/881/881 872/872/872 
f 881/881/881 872/872/872 872/872/872 
f 872/872/872 872/872/872 870/870/870 
f 872/872/872 874/874/874 870/870/870 
f 870/870/870 874/874/874 874/874/874 
f 874/874/874 880/880/880 874/874/874 
f 874/874/874 880/880/880 880/880/880 
f 880/880/880 878/878/878 880/880/880 
f 880/880/880 878/878/878 882/882/882 
f 878/878/878 883/883/883 882/882/882 
f 882/882/882 883/883/883 884/884/884 
f 883/883/883 883/883/883 884/884/884 
f 884/884/884 883/883/883 885/885/885 
f 883/883/883 873/873/873 885/885/885 
f 885/885/885 873/873/873 871/871/871 
f 873/873/873 871/871/871 871/871/871 
f 871/871/871 871/871/871 878/878/878 
f 871/871/871 878/878/878 878/878/878 
f 878/878/878 878/878/878 883/883/883 
f 878/878/878 875/875/875 883/883/883 
f 883/883/883 875/875/875 873/873/873 
f 875/875/875 873/873/873 873/873/873 
f 873/873/873 873/873/873 882/882/882 
f 873/873/873 882/882/882 882/882/882 
f 882/882/882 882/882/882 886/886/886 
f 882/882/882 884/884/884 886/886/886 
f 886/886/886 884/884/884 884/884/884 
f 884/884/884 887/887/887 884/884/884 
f 884/884/884 887/887/887 887/887/887 
f 887/887/887 888/888/888 887/887/887 
f 887/887/887 888/888/888 889/889/889 
f 888/888/888 890/890/890 889/889/889 
f 889/889/889 890/890/890 891/891/891 
f 890/890/890 892/892/892 891/891/891 
f 891/891/891 892/892/892 892/892/892 
f 892/892/892 893/893/893 892/892/892 
f 892/892/892 893/893/893 893/893/893 
f 893/893/893 894/894/894 893/893/893 
f 893/893/893 894/894/894 895/895/895 
f 894/894/894 896/896/896 895/895/895 
f 895/895/895 896/896/896 896/896/896 
f 896/896/896 897/897/897 896/896/896 
f 896/896/896 897/897/897 897/897/897 
f 897/897/897 898/898/898 897/897/897 
f 897/897/897 898/898/898 899/899/899 
f 898/898/898 900/900/900 899/899/899 
f 899/899/899 900/900/900 900/900/900 
f 900/900/900 901/901/901 900/900/900 
f 900/900/900 901/901/901 901/901/901 
f 901/901/901 902/902/902 901/901/901 
f 901/901/901 902/902/902 903/903/903 
f 902/902/902 904/904/904 903/903/903 
f 903/903/903 904/904/904 904/904/904 
f 904/904/904 905/905/905 904/904/904 
f 904/904/904 905/905/905 905/905/905 
f 905/905/905 906/906/906 905/905/905 
f 905/905/905 906/906/906 907/907/907 
f 906/906/906 908/908/908 907/907/907 
f 907/907/907 908/908/908 908/908/908 
f 908/908/908 909/909/909 908/908/908 
f 908/908/908 909/909/909 909/909/909 
f 909/909/909 910/910/910 909/909/909 
f 909/909/909 910/910/910 911/911/911 
f 910/910/910 912/912/912 911/911/911 
f 911/911/911 912/912/912 913/913/913 
f 912/912/912 912/912/912 913/913/913 
f 913/913/913 912/912/912 914/914/914 
f 912/912/912 915/915/915 914/914/914 
f 914/914/914 915/915/915 916/916/916 
f 915/915/915 917/917/917 916/916/916 
f 916/916/916 917/917/917 918/918/918 
f 917/917/917 919/919/919 918/918/918 
f 918/918/918 919/919/919 920/920/920 
f 919/919/919 921/921/921 920/920/920 
f 920/920/920 921/921/921 922/922/922 
f 921/921/921 922/922/922 922/922/922 
f 922/922/922 922/922/922 910/910/910 
f 922/922/922 910/910/910 910/910/910 
f 910/910/910 910/910/910 912/912/912 
f 910/910/910 923/923/923 912/912/912 
f 912/912/912 923/923/923 915/915/915 
f 923/923/923 924/924/924 915/915/915 
f 915/915/915 924/924/924 917/917/917 
f 924/924/924 925/925/925 917/917/917 
f 917/917/917 925/925/925 919/919/919 
f 925/925/925 926/926/926 919/919/919 
f 919/919/919 926/926/926 921/921/921 
f 926/926/926 921/921/921 921/921/921 
f 921/921/921 921/921/921 925/925/925 
f 921/921/921 925/925/925 925/925/925 
f 925/925/925 925/925/925 926/926/926 
f 925/925/925 927/927/927 926/926/926 
f 926/926/926 927/927/927 928/928/928 
f 927/927/927 929/929/929 928/928/928 
f 928/928/928 929/929/929 930/930/930 
f 929/929/929 930/930/930 930/930/930 
f 930/930/930 930/930/930 931/931/931 
f 930/930/930 931/931/931 931/931/931 
f 931/931/931 931/931/931 932/932/932 
f 931/931/931 933/933/933 932/932/932 
f 932/932/932 933/933/933 934/934/934 
f 933/933/933 935/935/935 934/934/934 
f 934/934/934 935/935/935 936/936/936 
f 935/935/935 936/936/936 936/936/936 
f 936/936/936 936/936/936 937/937/937 
f 936/936/936 937/937/937 937/937/937 
f 937/937/937 937/937/937 938/938/938 
f 937/937/937 939/939/939 938/938/938 
f 938/938/938 939/939/939 940/940/940 
f 939/939/939 941/941/941 940/940/940 
f 940/940/940 941/941/941 942/942/942 
f 941/941/941 943/943/943 942/942/942 
f 942/942/942 943/943/943 944/944/944 
f 943/943/943 944/944/944 944/944/944 
f 944/944/944 944/944/944 945/945/945 
f 944/944/944 945/945/945 945/945/945 
f 945/945/945 945/945/945 946/946/946 
f 945/945/945 947/947/947 946/946/946 
f 946/946/946 947/947/947 948/948/948 
f 947/947/947 949/949/949 948/948/948 
f 948/948/948 949/949/949 950/950/950 
f 949/949/949 951/951/951 950/950/950 
f 950/950/950 951/951/951 950/950/950 
f 951/951/951 952/952/952 950/950/950 
f 950/950/950 952/952/952 953/953/953 
f 952/952/952 954/954/954 953/953/953 
f 953/953/953 954/954/954 954/954/954 
f 954/954/954 946/946/946 954/954/954 
f 954/954/954 946/946/946 946/946/946 
f 946/946/946 948/948/948 946/946/946 
f 946/946/946 948/948/948 955/955/955 
f 948/948/948 956/956/956 955/955/955 
f 955/955/955 956/956/956 957/957/957 
f 956/956/956 958/958/958 957/957/957 
f 957/957/957 958/958/958 959/959/959 
f 958/958/958 958/958/958 959/959/959 
f 959/959/959 958/958/958 960/960/960 
f 958/958/958 958/958/958 960/960/960 
f 960/960/960 958/958/958 961/961/961 
f 958/958/958 953/953/953 961/961/961 
f 961/961/961 953/953/953 961/961/961 
f 953/953/953 954/954/954 961/961/961 
f 961/961/961 954/954/954 961/961/961 
f 954/954/954 962/962/962 961/961/961 
f 961/961/961 962/962/962 963/963/963 
f 962/962/962 964/964/964 963/963/963 
f 963/963/963 964/964/964 964/964/964 
f 964/964/964 948/948/948 964/964/964 
f 964/964/964 948/948/948 948/948/948 
f 948/948/948 950/950/950 948/948/948 
f 948/948/948 950/950/950 956/956/956 
f 950/950/950 953/953/953 956/956/956 
f 956/956/956 953/953/953 958/958/958 
f 953/953/953 958/958/958 958/958/958 
f 958/958/958 958/958/958 960/960/960 
f 958/958/958 960/960/960 960/960/960 
f 960/960/960 960/960/960 963/963/963 
f 960/960/960 961/961/961 963/963/963 
f 963/963/963 961/961/961 961/961/961 
f 961/961/961 965/965/965 961/961/961 
f 961/961/961 965/965/965 965/965/965 
f 965/965/965 966/966/966 965/965/965 
f 965/965/965 966/966/966 967/967/967 
f 966/966/966 968/968/968 967/967/967 
f 967/967/967 968/968/968 969/969/969 
f 968/968/968 970/970/970 969/969/969 
f 969/969/969 970/970/970 971/971/971 
f 970/970/970 972/972/972 971/971/971 
f 971/971/971 972/972/972 972/972/972 
f 972/972/972 973/973/973 972/972/972 
f 972/972/972 973/973/973 973/973/973 
f 973/973/973 974/974/974 973/973/973 
f 973/973/973 974/974/974 975/975/975 
f 974/974/974 976/976/976 975/975/975 
f 975/975/975 976/976/976 975/975/975 
f 976/976/976 977/977/977 975/975/975 
f 975/975/975 977/977/977 978/978/978 
f 977/977/977 978/978/978 978/978/978 
f 978/978/978 978/978/978 979/979/979 
f 978/978/978 979/979/979 979/979/979 
f 979/979/979 979/979/979 980/980/980 
f 979/979/979 981/981/981 980/980/980 
f 980/980/980 981/981/981 982/982/982 
f 981/981/981 983/983/983 982/982/982 
f 982/982/982 983/983/983 539/539/539 
f 983/983/983 541/541/541 539/539/539 
f 539/539/539 541/541/541 541/541/541 
f 541/541/541 980/980/980 541/541/541 
f 541/541/541 980/980/980 980/980/980 
f 980/980/980 982/982/982 980/980/980 
f 980/980/980 982/982/982 984/984/984 
f 982/982/982 982/982/982 984/984/984 
f 984/984/984 982/982/982 540/540/540 
f 982/982/982 539/539/539 540/540/540 
f 540/540/540 539/539/539 539/539/539 
f 539/539/539 985/985/985 539/539/539 
f 539/539/539 985/985/985 985/985/985 
f 985/985/985 986/986/986 985/985/985 
f 985/985/985 986/986/986 987/987/987 
f 986/986/986 988/988/988 987/987/987 
f 987/987/987 988/988/988 988/988/988 
f 988/988/988 989/989/989 988/988/988 
f 988/988/988 989/989/989 989/989/989 
f 989/989/989 990/990/990 989/989/989 
f 989/989/989 990/990/990 991/991/991 
f 990/990/990 992/992/992 991/991/991 
f 991/991/991 992/992/992 992/992/992 
f 992/992/992 993/993/993 992/992/992 
f 992/992/992 993/993/993 993/993/993 
f 993/993/993 994/994/994 993/993/993 
f 993/993/993 994/994/994 995/995/995 
f 994/994/994 996/996/996 995/995/995 
f 995/995/995 996/996/996 996/996/996 
f 996/996/996 997/997/997 996/996/996 
f 996/996/996 997/997/997 997/997/997 
f 997/997/997 998/998/998 997/997/997 
f 997/997/997 998/998/998 999/999/999 
f 998/998/998 1000/1000/1000 999/999/999 
f 999/999/999 1000/1000/1000 1000/1000/1000 
f 1000/1000/1000 1001/1001/1001 1000/1000/1000 
f 1000/1000/1000 1001/1001/1001 1001/1001/1001 
f 1001/1001/1001 1002/1002/1002 1001/1001/1001 
f 1001/1001/1001 1002/1002/1002 1003/1003/1003 
f 1002/1002/1002 1004/1004/1004 1003/1003/1003 
f 1003/1003/1003 1004/1004/1004 1004/1004/1004 
f 1004/1004/1004 1005/1005/1005 1004/1004/1004 
f 1004/1004/1004 1005/1005/1005 1005/1005/1005 
f 1005/1005/1005 1006/1006/1006 1005/1005/1005 
f 1005/1005/1005 1006/1006/1006 1007/1007/1007 
f 1006/1006/1006 1008/1008/1008 1007/1007/1007 
f 1007/1007/1007 1008/1008/1008 1008/1008/1008 
f 1008/1008/1008 1009/1009/1009 1008/1008/1008 
f 1008/1008/1008 1009/1009/1009 1009/1009/1009 
f 1009/1009/1009 1010/1010/1010 1009/1009/1009 
f 1009/1009/1009 1010/1010/1010 1011/1011/1011 
f 1010/1010/1010 1012/1012/1012 1011/1011/1011 
f 1011/1011/1011 1012/1012/1012 1013/1013/1013 
f 1012/1012/1012 1012/1012/1012 1013/1013/1013 
f 1013/1013/1013 1012/1012/1012 1014/1014/1014 
f 1012/1012/1012 1015/1015/1015 1014/1014/1014 
f 1014/1014/1014 1015/1015/1015 1016/1016/1016 
f 1015/1015/1015 1017/1017/1017 1016/1016/1016 
f 1016/1016/1016 1017/1017/1017 1018/1018/1018 
f 1017/1017/1017 1017/1017/1017 1018/1018/1018 
f 1018/1018/1018 1017/1017/1017 1019/1019/1019 
f 1017/1017/1017 1020/1020/1020 1019/1019/1019 
f 1019/1019/1019 1020/1020/1020 1019/1019/1019 
f 1020/1020/1020 1021/1021/1021 1019/1019/1019 
f 1019/1019/1019 1021/1021/1021 1019/1019/1019 
f 1021/1021/1021 1022/1022/1022 1019/1019/1019 
f 1019/1019/1019 1022/1022/1022 1023/1023/1023 
f 1022/1022/1022 1024/1024/1024 1023/1023/1023 
f 1023/1023/1023 1024/1024/1024 1024/1024/1024 
f 1024/1024/1024 1020/1020/1020 1024/1024/1024 
f 1024/1024/1024 1020/1020/1020 1020/1020/1020 
f 1020/1020/1020 1017/1017/1017 1020/1020/1020 
f 1020/1020/1020 1017/1017/1017 1025/1025/1025 
f 1017/1017/1017 1015/1015/1015 1025/1025/1025 
f 1025/1025/1025 1015/1015/1015 1026/1026/1026 
f 1015/1015/1015 1012/1012/1012 1026/1026/1026 
f 1026/1026/1026 1012/1012/1012 1010/1010/1010 
f 1012/1012/1012 1010/1010/1010 1010/1010/1010 
f 1010/1010/1010 1010/1010/1010 1018/1018/1018 
f 1010/1010/1010 1018/1018/1018 1018/1018/1018 
f 1018/1018/1018 1018/1018/1018 1023/1023/1023 
f 1018/1018/1018 1019/1019/1019 1023/1023/1023 
f 1023/1023/1023 1019/1019/1019 1019/1019/1019 
f 1019/1019/1019 1027/1027/1027 1019/1019/1019 
f 1019/1019/1019 1027/1027/1027 1027/1027/1027 
f 1027/1027/1027 1028/1028/1028 1027/1027/1027 
f 1027/1027/1027 1028/1028/1028 1029/1029/1029 
f 1028/1028/1028 1030/1030/1030 1029/1029/1029 
f 1029/1029/1029 1030/1030/1030 1031/1031/1031 
f 1030/1030/1030 1030/1030/1030 1031/1031/1031 
f 1031/1031/1031 1030/1030/1030 1032/1032/1032 
f 1030/1030/1030 1030/1030/1030 1032/1032/1032 
f 1032/1032/1032 1030/1030/1030 1033/1033/1033 
f 1030/1030/1030 1030/1030/1030 1033/1033/1033 
f 1033/1033/1033 1030/1030/1030 1034/1034/1034 
f 1030/1030/1030 1028/1028/1028 1034/1034/1034 
f 1034/1034/1034 1028/1028/1028 1035/1035/1035 
f 1028/1028/1028 1035/1035/1035 1035/1035/1035 
f 1035/1035/1035 1035/1035/1035 1036/1036/1036 
f 1035/1035/1035 1036/1036/1036 1036/1036/1036 
f 1036/1036/1036 1036/1036/1036 1037/1037/1037 
f 1036/1036/1036 1038/1038/1038 1037/1037/1037 
f 1037/1037/1037 1038/1038/1038 1039/1039/1039 
f 1038/1038/1038 1040/1040/1040 1039/1039/1039 
f 1039/1039/1039 1040/1040/1040 1041/1041/1041 
f 1040/1040/1040 1042/1042/1042 1041/1041/1041 
f 1041/1041/1041 1042/1042/1042 1041/1041/1041 
f 1042/1042/1042 1043/1043/1043 1041/1041/1041 
f 1041/1041/1041 1043/1043/1043 1044/1044/1044 
f 1043/1043/1043 1045/1045/1045 1044/1044/1044 
f 1044/1044/1044 1045/1045/1045 1046/1046/1046 
f 1045/1045/1045 1047/1047/1047 1046/1046/1046 
f 1046/1046/1046 1047/1047/1047 1047/1047/1047 
f 1047/1047/1047 1037/1037/1037 1047/1047/1047 
f 1047/1047/1047 1037/1037/1037 1037/1037/1037 
f 1037/1037/1037 1039/1039/1039 1037/1037/1037 
f 1037/1037/1037 1039/1039/1039 1048/1048/1048 
f 1039/1039/1039 1049/1049/1049 1048/1048/1048 
f 1048/1048/1048 1049/1049/1049 1050/1050/1050 
f 1049/1049/1049 1051/1051/1051 1050/1050/1050 
f 1050/1050/1050 1051/1051/1051 1052/1052/1052 
f 1051/1051/1051 1052/1052/1052 1052/1052/1052 
f 1052/1052/1052 1052/1052/1052 1038/1038/1038 
f 1052/1052/1052 1038/1038/1038 1038/1038/1038 
f 1038/1038/1038 1038/1038/1038 1040/1040/1040 
f 1038/1038/1038 1036/1036/1036 1040/1040/1040 
f 1040/1040/1040 1036/1036/1036 1036/1036/1036 
f 1036/1036/1036 1046/1046/1046 1036/1036/1036 
f 1036/1036/1036 1046/1046/1046 1046/1046/1046 
f 1046/1046/1046 1051/1051/1051 1046/1046/1046 
f 1046/1046/1046 1051/1051/1051 1044/1044/1044 
f 1051/1051/1051 1049/1049/1049 1044/1044/1044 
f 1044/1044/1044 1049/1049/1049 1041/1041/1041 
f 1049/1049/1049 1039/1039/1039 1041/1041/1041 
f 1041/1041/1041 1039/1039/1039 1039/1039/1039 
f 1039/1039/1039 1053/1053/1053 1039/1039/1039 
f 1039/1039/1039 1053/1053/1053 1053/1053/1053 
f 1053/1053/1053 1054/1054/1054 1053/1053/1053 
f 1053/1053/1053 1054/1054/1054 1055/1055/1055 
f 1054/1054/1054 1054/1054/1054 1055/1055/1055 
f 1055/1055/1055 1054/1054/1054 1056/1056/1056 
f 1054/1054/1054 1057/1057/1057 1056/1056/1056 
f 1056/1056/1056 1057/1057/1057 1058/1058/1058 
f 1057/1057/1057 1058/1058/1058 1058/1058/1058 
f 1058/1058/1058 1058/1058/1058 1059/1059/1059 
f 1058/1058/1058 1059/1059/1059 1059/1059/1059 
f 1059/1059/1059 1059/1059/1059 1060/1060/1060 
f 1059/1059/1059 1061/1061/1061 1060/1060/1060 
f 1060/1060/1060 1061/1061/1061 1062/1062/1062 
f 1061/1061/1061 1062/1062/1062 1062/1062/1062 
f 1062/1062/1062 1062/1062/1062 1063/1063/1063 
f 1062/1062/1062 1063/1063/1063 1063/1063/1063 
f 1063/1063/1063 1063/1063/1063 1064/1064/1064 
f 1063/1063/1063 1065/1065/1065 1064/1064/1064 
f 1064/1064/1064 1065/1065/1065 1066/1066/1066 
f 1065/1065/1065 1066/1066/1066 1066/1066/1066 
f 1066/1066/1066 1066/1066/1066 1067/1067/1067 
f 1066/1066/1066 1067/1067/1067 1067/1067/1067 
f 1067/1067/1067 1067/1067/1067 1068/1068/1068 
f 1067/1067/1067 1069/1069/1069 1068/1068/1068 
f 1068/1068/1068 1069/1069/1069 1070/1070/1070 
f 1069/1069/1069 1070/1070/1070 1070/1070/1070 
f 1070/1070/1070 1070/1070/1070 1071/1071/1071 
f 1070/1070/1070 1071/1071/1071 1071/1071/1071 
f 1071/1071/1071 1071/1071/1071 1072/1072/1072 
f 1071/1071/1071 1073/1073/1073 1072/1072/1072 
f 1072/1072/1072 1073/1073/1073 1074/1074/1074 
f 1073/1073/1073 1074/1074/1074 1074/1074/1074 
f 1074/1074/1074 1074/1074/1074 1075/1075/1075 
f 1074/1074/1074 1075/1075/1075 1075/1075/1075 
f 1075/1075/1075 1075/1075/1075 1076/1076/1076 
f 1075/1075/1075 1077/1077/1077 1076/1076/1076 
f 1076/1076/1076 1077/1077/1077 1078/1078/1078 
f 1077/1077/1077 1079/1079/1079 1078/1078/1078 
f 1078/1078/1078 1079/1079/1079 1078/1078/1078 
f 1079/1079/1079 1080/1080/1080 1078/1078/1078 
f 1078/1078/1078 1080/1080/1080 1081/1081/1081 
f 1080/1080/1080 1082/1082/1082 1081/1081/1081 
f 1081/1081/1081 1082/1082/1082 1083/1083/1083 
f 1082/1082/1082 1084/1084/1084 1083/1083/1083 
f 1083/1083/1083 1084/1084/1084 1085/1085/1085 
f 1084/1084/1084 1086/1086/1086 1085/1085/1085 
f 1085/1085/1085 1086/1086/1086 1087/1087/1087 
f 1086/1086/1086 1088/1088/1088 1087/1087/1087 
f 1087/1087/1087 1088/1088/1088 1088/1088/1088 
f 1088/1088/1088 1076/1076/1076 1088/1088/1088 
f 1088/1088/1088 1076/1076/1076 1076/1076/1076 
f 1076/1076/1076 1078/1078/1078 1076/1076/1076 
f 1076/1076/1076 1078/1078/1078 1089/1089/1089 
f 1078/1078/1078 1081/1081/1081 1089/1089/1089 
f 1089/1089/1089 1081/1081/1081 1090/1090/1090 
f 1081/1081/1081 1083/1083/1083 1090/1090/1090 
f 1090/1090/1090 1083/1083/1083 1091/1091/1091 
f 1083/1083/1083 1085/1085/1085 1091/1091/1091 
f 1091/1091/1091 1085/1085/1085 1092/1092/1092 
f 1085/1085/1085 1087/1087/1087 1092/1092/1092 
f 1092/1092/1092 1087/1087/1087 1087/1087/1087 
f 1087/1087/1087 1091/1091/1091 1087/1087/1087 
f 1087/1087/1087 1091/1091/1091 1091/1091/1091 
f 1091/1091/1091 1092/1092/1092 1091/1091/1091 
f 1091/1091/1091 1092/1092/1092 1093/1093/1093 
f 1092/1092/1092 1094/1094/1094 1093/1093/1093 
f 1093/1093/1093 1094/1094/1094 1095/1095/1095 
f 1094/1094/1094 1096/1096/1096 1095/1095/1095 
f 1095/1095/1095 1096/1096/1096 1096/1096/1096 
f 1096/1096/1096 1097/1097/1097 1096/1096/1096 
f 1096/1096/1096 1097/1097/1097 1097/1097/1097 
f 1097/1097/1097 1098/1098/1098 1097/1097/1097 
f 1097/1097/1097 1098/1098/1098 1099/1099/1099 
f 1098/1098/1098 1100/1100/1100 1099/1099/1099 
f 1099/1099/1099 1100/1100/1100 1101/1101/1101 
f 1100/1100/1100 1102/1102/1102 1101/1101/1101 
f 1101/1101/1101 1102/1102/1102 1102/1102/1102 
f 1102/1102/1102 1103/1103/1103 1102/1102/1102 
f 1102/1102/1102 1103/1103/1103 1103/1103/1103 
f 1103/1103/1103 1104/1104/1104 1103/1103/1103 
f 1103/1103/1103 1104/1104/1104 1105/1105/1105 
f 1104/1104/1104 1106/1106/1106 1105/1105/1105 
f 1105/1105/1105 1106/1106/1106 1107/1107/1107 
f 1106/1106/1106 1108/1108/1108 1107/1107/1107 
f 1107/1107/1107 1108/1108/1108 1109/1109/1109 
f 1108/1108/1108 1110/1110/1110 1109/1109/1109 
f 1109/1109/1109 1110/1110/1110 1110/1110/1110 
f 1110/1110/1110 1111/1111/1111 1110/1110/1110 
f 1110/1110/1110 1111/1111/1111 1111/1111/1111 
f 1111/1111/1111 1112/1112/1112 1111/1111/1111 
f 1111/1111/1111 1112/1112/1112 1113/1113/1113 
f 1112/1112/1112 1114/1114/1114 1113/1113/1113 
f 1113/1113/1113 1114/1114/1114 1115/1115/1115 
f 1114/1114/1114 1116/1116/1116 1115/1115/1115 
f 1115/1115/1115 1116/1116/1116 1117/1117/1117 
f 1116/1116/1116 1116/1116/1116 1117/1117/1117 
f 1117/1117/1117 1116/1116/1116 1118/1118/1118 
f 1116/1116/1116 1119/1119/1119 1118/1118/1118 
f 1118/1118/1118 1119/1119/1119 1120/1120/1120 
f 1119/1119/1119 1120/1120/1120 1120/1120/1120 
f 1120/1120/1120 1120/1120/1120 1112/1112/1112 
f 1120/1120/1120 1112/1112/1112 1112/1112/1112 
f 1112/1112/1112 1112/1112/1112 1114/1114/1114 
f 1112/1112/1112 1121/1121/1121 1114/1114/1114 
f 1114/1114/1114 1121/1121/1121 1122/1122/1122 
f 1121/1121/1121 1123/1123/1123 1122/1122/1122 
f 1122/1122/1122 1123/1123/1123 1124/1124/1124 
f 1123/1123/1123 1125/1125/1125 1124/1124/1124 
f 1124/1124/1124 1125/1125/1125 1124/1124/1124 
f 1125/1125/1125 1126/1126/1126 1124/1124/1124 
f 1124/1124/1124 1126/1126/1126 1124/1124/1124 
f 1126/1126/1126 1127/1127/1127 1124/1124/1124 
f 1124/1124/1124 1127/1127/1127 1119/1119/1119 
f 1127/1127/1127 1127/1127/1127 1119/1119/1119 
f 1119/1119/1119 1127/1127/1127 1120/1120/1120 
f 1127/1127/1127 1127/1127/1127 1120/1120/1120 
f 1120/1120/1120 1127/1127/1127 1128/1128/1128 
f 1127/1127/1127 1129/1129/1129 1128/1128/1128 
f 1128/1128/1128 1129/1129/1129 1130/1130/1130 
f 1129/1129/1129 1130/1130/1130 1130/1130/1130 
f 1130/1130/1130 1130/1130/1130 1114/1114/1114 
f 1130/1130/1130 1114/1114/1114 1114/1114/1114 
f 1114/1114/1114 1114/1114/1114 1116/1116/1116 
f 1114/1114/1114 1122/1122/1122 1116/1116/1116 
f 1116/1116/1116 1122/1122/1122 1119/1119/1119 
f 1122/1122/1122 1124/1124/1124 1119/1119/1119 
f 1119/1119/1119 1124/1124/1124 1124/1124/1124 
f 1124/1124/1124 1126/1126/1126 1124/1124/1124 
f 1124/1124/1124 1126/1126/1126 1126/1126/1126 
f 1126/1126/1126 1129/1129/1129 1126/1126/1126 
f 1126/1126/1126 1129/1129/1129 1127/1127/1127 
f 1129/1129/1129 1127/1127/1127 1127/1127/1127 
f 1127/1127/1127 1127/1127/1127 1131/1131/1131 
f 1127/1127/1127 1131/1131/1131 1131/1131/1131 
f 1131/1131/1131 1131/1131/1131 1132/1132/1132 
f 1131/1131/1131 1133/1133/1133 1132/1132/1132 
f 1132/1132/1132 1133/1133/1133 1134/1134/1134 
f 1133/1133/1133 1133/1133/1133 1134/1134/1134 
f 1134/1134/1134 1133/1133/1133 1135/1135/1135 
f 1133/1133/1133 1136/1136/1136 1135/1135/1135 
f 1135/1135/1135 1136/1136/1136 1136/1136/1136 
f 1136/1136/1136 1137/1137/1137 1136/1136/1136 
f 1136/1136/1136 1137/1137/1137 1137/1137/1137 
f 1137/1137/1137 1138/1138/1138 1137/1137/1137 
f 1137/1137/1137 1138/1138/1138 692/692/692 
f 1138/1138/1138 1139/1139/1139 692/692/692 
f 692/692/692 1139/1139/1139 703/703/703 
f 1139/1139/1139 1139/1139/1139 703/703/703 
f 703/703/703 1139/1139/1139 1140/1140/1140 
f 1139/1139/1139 1141/1141/1141 1140/1140/1140 
f 1140/1140/1140 1141/1141/1141 1142/1142/1142 
f 1141/1141/1141 1142/1142/1142 1142/1142/1142 
f 1142/1142/1142 1142/1142/1142 1138/1138/1138 
f 1142/1142/1142 1138/1138/1138 1138/1138/1138 
f 1138/1138/1138 1138/1138/1138 1139/1139/1139 
f 1138/1138/1138 1143/1143/1143 1139/1139/1139 
f 1139/1139/1139 1143/1143/1143 1141/1141/1141 
f 1143/1143/1143 1141/1141/1141 1141/1141/1141 
f 1141/1141/1141 1141/1141/1141 1144/1144/1144 
f 1141/1141/1141 1144/1144/1144 1144/1144/1144 
f 1144/1144/1144 1144/1144/1144 1145/1145/1145 
f 1144/1144/1144 1146/1146/1146 1145/1145/1145 
f 1145/1145/1145 1146/1146/1146 1145/1145/1145 
f 1146/1146/1146 1147/1147/1147 1145/1145/1145 
f 1145/1145/1145 1147/1147/1147 1145/1145/1145 
f 1147/1147/1147 1148/1148/1148 1145/1145/1145 
f 1145/1145/1145 1148/1148/1148 1145/1145/1145 
f 1148/1148/1148 1149/1149/1149 1145/1145/1145 
f 1145/1145/1145 1149/1149/1149 1145/1145/1145 
f 1149/1149/1149 1150/1150/1150 1145/1145/1145 
f 1145/1145/1145 1150/1150/1150 1151/1151/1151 

