mtllib model_123.mtl
o model_123
v -193.61180114746094 -233.6591033935547 290.19134521484375 
v -169.5095977783203 -233.8763885498047 286.8758239746094 
v -185.31170654296875 -211.7126007080078 285.5923767089844 
v -158.13687133789062 -223.01181030273438 275.1109924316406 
v -153.5079803466797 -215.6238555908203 265.3782653808594 
v -188.22471618652344 -281.24603271484375 290.2983093261719 
v -170.54710388183594 -280.81146240234375 288.9079284667969 
v -185.51123046875 -322.5315246582031 285.5923767089844 
v -171.58462524414062 -322.7488098144531 284.5228576660156 
v -186.30931091308594 -331.00592041015625 283.1324768066406 
v -172.9812774658203 -327.52923583984375 283.4533386230469 
v -174.29811096191406 -333.1788330078125 282.06292724609375 
v -160.85037231445312 -321.662353515625 276.3944396972656 
v -162.12730407714844 -335.5690612792969 274.0414733886719 
v -157.25897216796875 -320.1413269042969 263.3461608886719 
v -159.45372009277344 -337.090087890625 262.062744140625 
v -156.78012084960938 -281.24603271484375 278.2126159667969 
v -157.57821655273438 -243.43724060058594 277.1430969238281 
v -154.50558471679688 -237.5703582763672 265.6991271972656 
v -150.07620239257812 -229.31326293945312 253.29257202148438 
v -148.95887756347656 -216.92762756347656 254.25514221191406 
v -142.21505737304688 -202.5863494873047 256.1802978515625 
v -174.8966827392578 -196.06759643554688 279.0682373046875 
v -141.65640258789062 -202.8036346435547 236.18008422851562 
v -146.68434143066406 -216.92762756347656 236.18008422851562 
v -148.95887756347656 -216.92762756347656 218.2119903564453 
v -142.21505737304688 -202.5863494873047 216.2868194580078 
v -153.5079803466797 -215.62387084960938 207.0888671875 
v -185.31170654296875 -211.71261596679688 186.874755859375 
v -174.8966827392578 -196.06761169433594 193.3988800048828 
v -152.6300811767578 -282.115234375 261.9557800292969 
v -156.0618438720703 -249.3041229248047 260.56536865234375 
v -193.61180114746094 -233.65911865234375 182.27577209472656 
v -169.5095977783203 -233.87640380859375 185.59132385253906 
v -158.13687133789062 -223.01181030273438 197.3561553955078 
v -157.57821655273438 -243.437255859375 195.3240509033203 
v -170.54710388183594 -280.8114929199219 183.55921936035156 
v -156.78012084960938 -281.2460632324219 194.2545166015625 
v -171.58462524414062 -322.74884033203125 187.94430541992188 
v -185.51123046875 -322.53155517578125 186.87477111816406 
v -186.30931091308594 -331.00592041015625 189.33468627929688 
v -172.9812774658203 -327.5292663574219 189.01382446289062 
v -174.29811096191406 -333.1788330078125 190.4042205810547 
v -160.85037231445312 -321.662353515625 196.07272338867188 
v -162.12730407714844 -335.5690612792969 198.4257049560547 
v -157.25897216796875 -320.1413269042969 209.12100219726562 
v -159.45372009277344 -337.090087890625 210.40443420410156 
v -188.22471618652344 -281.2460632324219 182.16883850097656 
v -152.6300811767578 -282.115234375 210.51138305664062 
v -156.0618438720703 -249.30413818359375 211.90176391601562 
v -154.50558471679688 -237.57037353515625 206.7680206298828 
v -150.07620239257812 -229.31326293945312 219.174560546875 
v -150.0363006591797 -229.53054809570312 236.18008422851562 
v -152.03150939941406 -237.3530731201172 247.62405395507812 
v -153.627685546875 -242.1334991455078 252.3300018310547 
v -159.57342529296875 -247.5657958984375 238.53305053710938 
v -152.19113159179688 -237.78765869140625 236.18008422851562 
v -152.03150939941406 -237.3530731201172 224.84307861328125 
v -153.627685546875 -242.13351440429688 220.13714599609375 
v -159.57342529296875 -247.5657958984375 233.93408203125 
v -160.57102966308594 -248.43495178222656 236.18008422851562 
v -180.16404724121094 -252.7808074951172 237.5704803466797 
v -180.44337463378906 -253.6499786376953 236.1800994873047 
v -180.16404724121094 -252.7808074951172 234.8966522216797 
v -163.68357849121094 -257.77850341796875 228.05166625976562 
v -159.85275268554688 -283.6362609863281 225.48480224609375 
v -162.80567932128906 -318.62030029296875 221.31362915039062 
v -180.04434204101562 -262.3416442871094 234.5758056640625 
v -175.21591186523438 -284.9400329589844 233.72018432617188 
v -174.77696228027344 -317.5338134765625 227.94471740722656 
v -176.73228454589844 -327.31195068359375 228.0516815185547 
v -164.40185546875 -336.655517578125 221.63449096679688 
v -177.9693145751953 -334.69989013671875 227.94471740722656 
v -223.30059814453125 -228.00950622558594 253.29257202148438 
v -216.91590881347656 -248.86953735351562 267.19647216796875 
v -222.14337158203125 -246.26202392578125 247.73101806640625 
v -212.84567260742188 -258.4303894042969 249.97703552246094 
v -221.7044219970703 -246.91390991210938 236.18008422851562 
v -223.3404998779297 -227.79222106933594 236.18008422851562 
v -220.6669158935547 -211.92990112304688 266.8756103515625 
v -209.49371337890625 -239.30868530273438 282.06292724609375 
v -210.89035034179688 -284.28814697265625 267.0895080566406 
v -206.7403106689453 -285.3746032714844 250.83265686035156 
v -193.0132293701172 -285.5918884277344 240.13735961914062 
v -198.4003143310547 -262.5589294433594 237.78439331054688 
v -201.71237182617188 -257.34393310546875 237.24961853027344 
v -200.15609741210938 -258.4303894042969 236.1800994873047 
v -180.16404724121094 -252.7808074951172 237.5704803466797 
v -180.44337463378906 -253.6499786376953 236.1800994873047 
v -180.04434204101562 -262.3416442871094 237.89134216308594 
v -175.21591186523438 -284.9400329589844 238.74696350097656 
v -174.77696228027344 -317.5338134765625 244.52243041992188 
v -188.7035675048828 -317.3165283203125 245.48501586914062 
v -176.73228454589844 -327.31195068359375 244.4154815673828 
v -189.98049926757812 -332.3096618652344 245.5919647216797 
v -177.9693145751953 -334.69989013671875 244.52244567871094 
v -199.67724609375 -318.1856994628906 253.93429565429688 
v -203.10902404785156 -319.70672607421875 266.8756103515625 
v -199.39791870117188 -330.78863525390625 253.50648498535156 
v -202.1513214111328 -329.7021789550781 265.4852294921875 
v -197.56231689453125 -321.445068359375 279.0682678222656 
v -197.1632843017578 -329.9194641113281 276.8222351074219 
v -186.30931091308594 -331.00592041015625 283.1324768066406 
v -185.51123046875 -322.5315246582031 285.5923767089844 
v -188.22471618652344 -281.24603271484375 290.2983093261719 
v -203.62777709960938 -282.5498046875 282.1698913574219 
v -193.61180114746094 -233.6591033935547 290.19134521484375 
v -185.31170654296875 -211.7126007080078 285.5923767089844 
v -174.8966827392578 -196.06759643554688 279.0682373046875 
v -214.0428009033203 -190.85256958007812 256.0733337402344 
v -219.07073974609375 -213.66822814941406 236.18008422851562 
v -214.5216522216797 -190.85256958007812 236.18008422851562 
v -214.0428009033203 -190.8525848388672 216.39378356933594 
v -220.6669158935547 -211.92990112304688 205.59152221679688 
v -174.8966827392578 -196.06761169433594 193.3988800048828 
v -185.31170654296875 -211.71261596679688 186.874755859375 
v -193.61180114746094 -233.65911865234375 182.27577209472656 
v -209.49371337890625 -239.30870056152344 190.40420532226562 
v -203.62777709960938 -282.5498046875 190.29725646972656 
v -188.22471618652344 -281.2460632324219 182.16883850097656 
v -197.56231689453125 -321.4450988769531 193.39889526367188 
v -185.51123046875 -322.53155517578125 186.87477111816406 
v -186.30931091308594 -331.00592041015625 189.33468627929688 
v -197.1632843017578 -329.9194641113281 195.64491271972656 
v -202.1513214111328 -329.7021789550781 206.98193359375 
v -203.10902404785156 -319.70672607421875 205.59153747558594 
v -199.39791870117188 -330.78863525390625 218.96067810058594 
v -210.89035034179688 -284.28814697265625 205.3776397705078 
v -216.91590881347656 -248.8695526123047 205.2706756591797 
v -223.30059814453125 -228.009521484375 219.174560546875 
v -222.14337158203125 -246.2620391845703 224.73611450195312 
v -201.71237182617188 -257.34393310546875 235.21751403808594 
v -180.16404724121094 -252.7808074951172 234.8966522216797 
v -180.04434204101562 -262.3416442871094 234.5758056640625 
v -198.4003143310547 -262.5589294433594 234.68275451660156 
v -175.21591186523438 -284.9400329589844 233.72018432617188 
v -212.84567260742188 -258.4303894042969 222.4901123046875 
v -193.0132293701172 -285.5918884277344 232.3297882080078 
v -174.77696228027344 -317.5338134765625 227.94471740722656 
v -188.7035675048828 -317.3165283203125 226.98214721679688 
v -176.73228454589844 -327.31195068359375 228.0516815185547 
v -189.98049926757812 -332.3096618652344 226.8751983642578 
v -177.9693145751953 -334.69989013671875 227.94471740722656 
v -199.67724609375 -318.1856994628906 218.53285217285156 
v -206.7403106689453 -285.3746032714844 221.63449096679688 
v -177.9693145751953 -334.69989013671875 244.52244567871094 
v -176.73228454589844 -327.31195068359375 244.4154815673828 
v -164.40185546875 -336.655517578125 250.83267211914062 
v -162.80567932128906 -318.6202697753906 251.1535186767578 
v -159.85275268554688 -283.6362609863281 246.9823455810547 
v -175.21591186523438 -284.9400329589844 238.74696350097656 
v -180.04434204101562 -262.3416442871094 237.89134216308594 
v -163.68357849121094 -257.77850341796875 244.4154815673828 
v -174.77696228027344 -317.5338134765625 244.52243041992188 
v -177.9693145751953 -334.69989013671875 244.52244567871094 
v -179.4856719970703 -338.82843017578125 243.88072204589844 
v -189.98049926757812 -332.3096618652344 245.5919647216797 
v -193.1728515625 -341.4359436035156 244.2015838623047 
v -181.91983032226562 -345.7817687988281 242.91815185546875 
v -188.0251922607422 -373.59515380859375 243.0251007080078 
v -201.0738983154297 -368.3801574707031 244.41549682617188 
v -196.6046142578125 -425.3106384277344 248.3727569580078 
v -202.86959838867188 -423.78961181640625 254.2551727294922 
v -195.56710815429688 -444.4323425292969 249.12142944335938 
v -200.9940948486328 -443.78045654296875 254.25518798828125 
v -204.70518493652344 -423.1377258300781 262.8114318847656 
v -202.55035400390625 -443.56317138671875 261.5279846191406 
v -188.38433837890625 -427.2662658691406 247.62408447265625 
v -188.34442138671875 -445.084228515625 249.54925537109375 
v -210.61102294921875 -364.2515869140625 253.6134490966797 
v -201.51284790039062 -338.61114501953125 252.86477661132812 
v -199.39791870117188 -330.78863525390625 253.50648498535156 
v -202.1513214111328 -329.7021789550781 265.4852294921875 
v -203.94700622558594 -337.5246887207031 265.91302490234375 
v -197.1632843017578 -329.9194641113281 276.8222351074219 
v -199.51763916015625 -338.82843017578125 278.1056823730469 
v -186.30931091308594 -331.00592041015625 283.1324768066406 
v -189.90069580078125 -341.8705139160156 285.0576171875 
v -208.21676635742188 -364.9034729003906 279.60302734375 
v -197.20318603515625 -369.46661376953125 286.8758239746094 
v -194.330078125 -425.3106384277344 275.538818359375 
v -201.4729461669922 -423.78961181640625 270.9398498535156 
v -199.79696655273438 -443.78045654296875 268.47991943359375 
v -213.2447052001953 -362.7305603027344 266.9825744628906 
v -193.6916046142578 -444.4323425292969 272.43719482421875 
v -186.30931091308594 -331.00592041015625 283.1324768066406 
v -174.29811096191406 -333.1788330078125 282.06292724609375 
v -177.01161193847656 -341.2186279296875 283.23944091796875 
v -162.12730407714844 -335.5690612792969 274.0414733886719 
v -170.5072021484375 -349.6930236816406 275.21795654296875 
v -159.45372009277344 -337.090087890625 262.062744140625 
v -168.11294555664062 -351.2140808105469 262.169677734375 
v -164.40185546875 -336.655517578125 250.83267211914062 
v -172.50242614746094 -349.4757385253906 249.7631378173828 
v -177.9693145751953 -334.69989013671875 244.52244567871094 
v -179.4856719970703 -338.82843017578125 243.88072204589844 
v -181.91983032226562 -345.7817687988281 242.91815185546875 
v -176.69236755371094 -377.94097900390625 250.29791259765625 
v -188.0251922607422 -373.59515380859375 243.0251007080078 
v -188.38433837890625 -427.2662658691406 247.62408447265625 
v -181.2813720703125 -428.13543701171875 252.33001708984375 
v -182.1991729736328 -445.518798828125 253.61346435546875 
v -179.44577026367188 -445.736083984375 260.4584655761719 
v -178.08901977539062 -428.5700378417969 260.2445373535156 
v -180.96212768554688 -445.518798828125 267.73126220703125 
v -189.90069580078125 -341.8705139160156 285.0576171875 
v -178.60777282714844 -346.21636962890625 283.8811340332031 
v -197.20318603515625 -369.46661376953125 286.8758239746094 
v -188.34442138671875 -445.084228515625 249.54925537109375 
v -171.58462524414062 -379.6793212890625 263.02532958984375 
v -174.29811096191406 -378.3755798339844 276.50140380859375 
v -179.76499938964844 -428.13543701171875 268.80078125 
v -186.42901611328125 -445.084228515625 272.864990234375 
v -186.06988525390625 -427.0489807128906 274.7901611328125 
v -193.6916046142578 -444.4323425292969 272.43719482421875 
v -194.330078125 -425.3106384277344 275.538818359375 
v -184.1145782470703 -374.6816101074219 285.6993408203125 
v -209.9326629638672 -112.84475708007812 269.9772033691406 
v -198.99887084960938 -98.06887817382812 269.0146484375 
v -206.0619354248047 -100.24180603027344 250.9395751953125 
v -200.79457092285156 -87.8561782836914 246.34060668945312 
v -207.53839111328125 -100.0245132446289 236.18006896972656 
v -205.46337890625 -87.8561782836914 236.18006896972656 
v -200.79457092285156 -87.8561782836914 226.01953125 
v -206.0619354248047 -100.24181365966797 221.5275115966797 
v -198.99887084960938 -98.06889343261719 203.45245361328125 
v -209.9326629638672 -112.84476470947266 202.48988342285156 
v -211.4490203857422 -113.06205749511719 219.06759643554688 
v -212.16729736328125 -113.49662017822266 236.18006896972656 
v -213.3644256591797 -123.92664337158203 236.18006896972656 
v -211.4490203857422 -113.06204986572266 253.39950561523438 
v -213.40432739257812 -123.92665100097656 216.92852783203125 
v -206.26145935058594 -130.44541931152344 200.56472778320312 
v -211.5687255859375 -142.17918395996094 214.36166381835938 
v -174.65725708007812 -128.4897918701172 198.6395721435547 
v -178.0491180419922 -146.52500915527344 199.4951934814453 
v -211.4490203857422 -171.94818115234375 216.39376831054688 
v -174.3380126953125 -171.29629516601562 200.24386596679688 
v -174.8966827392578 -196.06761169433594 193.3988800048828 
v -214.0428009033203 -190.8525848388672 216.39378356933594 
v -211.8081512451172 -171.7308807373047 236.18008422851562 
v -214.5216522216797 -190.85256958007812 236.18008422851562 
v -214.0428009033203 -190.85256958007812 256.0733337402344 
v -211.4490203857422 -171.94818115234375 256.0733337402344 
v -174.8966827392578 -196.06759643554688 279.0682373046875 
v -174.3380126953125 -171.29627990722656 272.2232360839844 
v -178.0491180419922 -146.52500915527344 272.9718933105469 
v -211.5687255859375 -142.17918395996094 258.1054382324219 
v -174.65725708007812 -128.48977661132812 273.8275146484375 
v -206.26145935058594 -130.44540405273438 271.9023742675781 
v -213.40432739257812 -123.92664337158203 255.53855895996094 
v -212.00767517089844 -141.96188354492188 236.18006896972656 
v -176.09381103515625 -164.7775421142578 304.5230407714844 
v -176.45294189453125 -158.25877380371094 301.9561767578125 
v -187.6660614013672 -161.5181427001953 311.4750061035156 
v -187.50643920898438 -155.43399047851562 309.44287109375 
v -175.894287109375 -145.6558380126953 295.53900146484375 
v -187.7857666015625 -142.17916870117188 303.7743835449219 
v -177.09141540527344 -125.44767761230469 282.7046203613281 
v -183.11695861816406 -122.40559387207031 293.0790710449219 
v -181.6405029296875 -116.7560043334961 291.58172607421875 
v -176.01400756835938 -116.1041259765625 281.6351013183594 
v -185.59103393554688 -108.28160858154297 289.9774169921875 
v -174.65725708007812 -128.48977661132812 273.8275146484375 
v -177.5702667236328 -150.65354919433594 284.4158935546875 
v -177.92941284179688 -163.90835571289062 289.4426574707031 
v -177.76979064941406 -170.2098388671875 292.97210693359375 
v -190.8583984375 -172.38275146484375 288.4801025390625 
v -190.3396453857422 -166.515869140625 284.7367248535156 
v -191.6165771484375 -153.2610626220703 279.7099609375 
v -206.26145935058594 -130.44540405273438 271.9023742675781 
v -204.86480712890625 -127.1860122680664 281.52813720703125 
v -209.9326629638672 -112.84475708007812 269.9772033691406 
v -207.01963806152344 -113.49661254882812 280.88641357421875 
v -198.99887084960938 -98.06887817382812 269.0146484375 
v -197.72193908691406 -101.1109848022461 279.9238586425781 
v -201.63255310058594 -115.23497009277344 290.94000244140625 
v -195.64691162109375 -107.19515991210938 289.65655517578125 
v -185.59103393554688 -108.28160858154297 289.9774169921875 
v -191.93582153320312 -116.7560043334961 292.1164855957031 
v -181.6405029296875 -116.7560043334961 291.58172607421875 
v -183.11695861816406 -122.40559387207031 293.0790710449219 
v -200.39552307128906 -123.27474975585938 292.4373474121094 
v -203.5479736328125 -150.21896362304688 287.62445068359375 
v -201.51284790039062 -163.90835571289062 292.1164855957031 
v -201.03399658203125 -168.9060821533203 295.7528991699219 
v -200.0762939453125 -158.25877380371094 304.6300048828125 
v -199.59744262695312 -163.90835571289062 306.34124755859375 
v -187.6660614013672 -161.5181427001953 311.4750061035156 
v -187.50643920898438 -155.43399047851562 309.44287109375 
v -187.7857666015625 -142.17916870117188 303.7743835449219 
v -201.63255310058594 -144.7866668701172 299.2823486328125 
v -186.98768615722656 -167.81961059570312 316.50177001953125 
v -199.87677001953125 -170.86170959472656 311.5819396972656 
v -187.6660614013672 -161.5181427001953 311.4750061035156 
v -199.59744262695312 -163.90835571289062 306.34124755859375 
v -200.87437438964844 -176.72860717773438 298.85455322265625 
v -201.03399658203125 -168.9060821533203 295.7528991699219 
v -190.8583984375 -172.38275146484375 288.4801025390625 
v -189.78099060058594 -179.7706756591797 291.1539306640625 
v -177.4505615234375 -177.1631622314453 296.0737609863281 
v -177.76979064941406 -170.2098388671875 292.97210693359375 
v -175.53515625 -171.0789794921875 308.9081115722656 
v -176.09381103515625 -164.7775421142578 304.5230407714844 
v -187.6660614013672 -161.5181427001953 311.4750061035156 
v -186.98768615722656 -167.81961059570312 316.50177001953125 
v -176.97171020507812 -211.2780303955078 325.16497802734375 
v -185.99008178710938 -209.1051025390625 331.15435791015625 
v -185.83045959472656 -214.7546844482422 333.18646240234375 
v -177.25103759765625 -216.49302673339844 327.3040466308594 
v -179.4856719970703 -213.450927734375 319.4964599609375 
v -180.04434204101562 -219.1005401611328 322.1702880859375 
v -188.22471618652344 -214.10281372070312 315.75311279296875 
v -187.90548706054688 -219.5351104736328 318.8547668457031 
v -197.08346557617188 -212.14718627929688 321.6355285644531 
v -196.04595947265625 -210.8434295654297 327.3040466308594 
v -185.99008178710938 -209.1051025390625 331.15435791015625 
v -185.83045959472656 -214.7546844482422 333.18646240234375 
v -195.40748596191406 -216.49302673339844 329.550048828125 
v -196.52481079101562 -217.57948303222656 324.3093566894531 
v -170.86634826660156 -233.22450256347656 335.7533264160156 
v -171.1456756591797 -236.2666015625 332.54473876953125 
v -176.69236755371094 -226.70574951171875 334.1490478515625 
v -178.24864196777344 -230.39971923828125 329.12225341796875 
v -177.53036499023438 -225.40199279785156 334.897705078125 
v -180.20394897460938 -229.31324768066406 327.19708251953125 
v -176.8120880126953 -229.9651336669922 337.3576354980469 
v -178.00921630859375 -231.2688751220703 331.2613220214844 
v -177.8096923828125 -235.1801300048828 333.82818603515625 
v -176.49285888671875 -234.31097412109375 339.3897399902344 
v -176.33323669433594 -238.0049285888672 340.7801208496094 
v -177.6899871826172 -238.4394989013672 335.3255310058594 
v -176.97171020507812 -254.95370483398438 344.4165344238281 
v -178.00921630859375 -253.8672332763672 341.8496398925781 
v -196.52481079101562 -217.57948303222656 324.3093566894531 
v -195.40748596191406 -216.49302673339844 329.550048828125 
v -196.7642364501953 -226.70574951171875 328.15966796875 
v -195.6868133544922 -224.7501220703125 335.5394287109375 
v -198.160888671875 -231.2688751220703 332.43780517578125 
v -196.8440399169922 -229.9651336669922 338.64105224609375 
v -198.44021606445312 -235.39743041992188 335.1116027832031 
v -197.08346557617188 -234.74554443359375 340.6731872558594 
v -196.64451599121094 -238.4394989013672 341.95660400390625 
v -197.9214630126953 -238.87408447265625 336.60894775390625 
v -193.0132293701172 -254.30181884765625 342.2774658203125 
v -192.015625 -255.38829040527344 344.8443603515625 
v -196.52481079101562 -217.57948303222656 324.3093566894531 
v -196.7642364501953 -226.70574951171875 328.15966796875 
v -188.38433837890625 -227.79220581054688 324.202392578125 
v -188.7833709716797 -231.92076110839844 328.2666320800781 
v -178.00921630859375 -231.2688751220703 331.2613220214844 
v -177.8096923828125 -235.1801300048828 333.82818603515625 
v -180.20394897460938 -229.31324768066406 327.19708251953125 
v -187.90548706054688 -219.5351104736328 318.8547668457031 
v -180.04434204101562 -219.1005401611328 322.1702880859375 
v -174.0985870361328 -226.7057647705078 323.0259094238281 
v -178.24864196777344 -230.39971923828125 329.12225341796875 
v -168.71151733398438 -233.8763885498047 329.76397705078125 
v -171.1456756591797 -236.2666015625 332.54473876953125 
v -198.160888671875 -231.2688751220703 332.43780517578125 
v -198.44021606445312 -235.39743041992188 335.1116027832031 
v -188.62376403808594 -235.61471557617188 330.7265319824219 
v -188.3045196533203 -238.65679931640625 332.6517028808594 
v -177.6899871826172 -238.4394989013672 335.3255310058594 
v -178.00921630859375 -253.8672332763672 341.8496398925781 
v -185.870361328125 -253.64996337890625 340.9940185546875 
v -197.9214630126953 -238.87408447265625 336.60894775390625 
v -193.0132293701172 -254.30181884765625 342.2774658203125 
v -181.20155334472656 -56.56614685058594 257.99847412109375 
v -170.1480712890625 -52.00300598144531 254.89683532714844 
v -175.05628967285156 -68.29986572265625 258.3193359375 
v -157.6181182861328 -57.21798324584961 244.41543579101562 
v -158.93496704101562 -69.82093048095703 247.3031768798828 
v -161.1696014404297 -61.781124114990234 250.7256622314453 
v -170.1480712890625 -52.00300598144531 254.89683532714844 
v -161.8479766845703 -56.13155746459961 250.5117645263672 
v -160.61094665527344 -51.568416595458984 248.80052185058594 
v -155.7825164794922 -51.568416595458984 243.34591674804688 
v -153.90701293945312 -59.17363739013672 236.1800537109375 
v -155.14405822753906 -68.51716613769531 240.88600158691406 
v -160.21189880371094 -80.25096130371094 246.98231506347656 
v -164.96051025390625 -71.34197235107422 252.11605834960938 
v -160.45132446289062 -84.81407928466797 246.233642578125 
v -158.4561004638672 -87.42159271240234 236.18006896972656 
v -157.13926696777344 -83.07574462890625 236.18006896972656 
v -160.21189880371094 -80.25096130371094 225.48477172851562 
v -160.45132446289062 -84.81407928466797 226.23342895507812 
v -164.96051025390625 -71.34197998046875 220.2440643310547 
v -158.93496704101562 -69.82093811035156 225.16390991210938 
v -170.02835083007812 -51.13383102416992 216.9285125732422 
v -161.1696014404297 -61.7811279296875 221.7414093017578 
v -161.8479766845703 -56.131561279296875 221.95530700683594 
v -157.6181182861328 -57.217987060546875 228.0516357421875 
v -160.61094665527344 -51.56842041015625 223.66656494140625 
v -160.13209533691406 -43.96320343017578 222.9178924560547 
v -174.65725708007812 -33.098609924316406 219.49539184570312 
v -160.13209533691406 -43.963199615478516 249.54917907714844 
v -155.7825164794922 -51.56842041015625 229.12115478515625 
v -169.94854736328125 -50.48194122314453 256.07330322265625 
v -174.65725708007812 -33.09860610961914 252.86473083496094 
v -154.34596252441406 -43.09402084350586 236.1800537109375 
v -154.46568298339844 -51.56842041015625 236.1800537109375 
v -155.14405822753906 -68.51716613769531 231.58108520507812 
v -154.1863555908203 -71.77656555175781 236.18006896972656 
v -148.67955017089844 -68.08262634277344 236.18006896972656 
v -172.74185180664062 -28.318172454833984 236.1800537109375 
v -164.96051025390625 -71.34197235107422 252.11605834960938 
v -172.78175354003906 -73.29759979248047 254.5759735107422 
v -160.45132446289062 -84.81407928466797 246.233642578125 
v -171.94375610351562 -83.51033020019531 247.41012573242188 
v -180.56309509277344 -73.514892578125 254.36207580566406 
v -180.08424377441406 -67.43074035644531 256.60809326171875 
v -185.43141174316406 -64.60590362548828 256.5011291503906 
v -195.0882568359375 -70.47281646728516 251.1534881591797 
v -194.29017639160156 -75.47052001953125 245.59193420410156 
v -198.20079040527344 -75.68782043457031 236.18006896972656 
v -170.1480712890625 -52.00300598144531 254.89683532714844 
v -181.20155334472656 -56.56614685058594 257.99847412109375 
v -185.51123046875 -79.16448211669922 249.8700408935547 
v -177.09141540527344 -85.68325805664062 245.59193420410156 
v -170.6668243408203 -87.63888549804688 236.18006896972656 
v -158.4561004638672 -87.42159271240234 236.18006896972656 
v -174.25820922851562 -87.8561782836914 236.18006896972656 
v -181.20155334472656 -56.56614685058594 257.99847412109375 
v -184.4737091064453 -54.1759033203125 259.28192138671875 
v -183.9549560546875 -54.3931999206543 256.8219909667969 
v -188.06509399414062 -56.56614685058594 260.03057861328125 
v -187.4266357421875 -56.56614685058594 256.1802673339844 
v -188.3045196533203 -60.91194534301758 259.709716796875 
v -187.6660614013672 -60.69464874267578 256.71502685546875 
v -186.14968872070312 -64.82320404052734 258.64019775390625 
v -185.43141174316406 -64.60590362548828 256.5011291503906 
v -180.08424377441406 -67.43074035644531 256.60809326171875 
v -177.9693145751953 -334.69989013671875 227.94471740722656 
v -179.4856719970703 -338.82843017578125 228.58644104003906 
v -189.98049926757812 -332.3096618652344 226.8751983642578 
v -193.1728515625 -341.4359436035156 228.2655792236328 
v -181.91983032226562 -345.7817687988281 229.5490264892578 
v -188.0251922607422 -373.59515380859375 229.44207763671875 
v -201.0738983154297 -368.3801574707031 228.0516815185547 
v -188.38433837890625 -427.2662658691406 224.84310913085938 
v -196.6046142578125 -425.3106384277344 224.0944366455078 
v -188.34442138671875 -445.084228515625 222.91795349121094 
v -195.56710815429688 -444.4323425292969 223.34576416015625 
v -202.86959838867188 -423.78961181640625 218.21202087402344 
v -200.9940948486328 -443.7804870605469 218.21202087402344 
v -210.61102294921875 -364.2515869140625 218.85372924804688 
v -201.51284790039062 -338.61114501953125 219.60238647460938 
v -199.39791870117188 -330.78863525390625 218.96067810058594 
v -202.1513214111328 -329.7021789550781 206.98193359375 
v -203.94700622558594 -337.5246887207031 206.5541229248047 
v -197.1632843017578 -329.9194641113281 195.64491271972656 
v -199.51763916015625 -338.8284606933594 194.36148071289062 
v -186.30931091308594 -331.00592041015625 189.33468627929688 
v -189.90069580078125 -341.8705139160156 187.4095458984375 
v -208.21676635742188 -364.9034729003906 192.86415100097656 
v -197.20318603515625 -369.46661376953125 185.59133911132812 
v -213.2447052001953 -362.7305603027344 205.48460388183594 
v -204.70518493652344 -423.1377258300781 209.65577697753906 
v -202.55035400390625 -443.56317138671875 210.939208984375 
v -201.4729461669922 -423.78961181640625 201.52734375 
v -194.330078125 -425.3106689453125 196.92837524414062 
v -199.79696655273438 -443.7804870605469 203.98727416992188 
v -193.6916046142578 -444.4323425292969 200.03001403808594 
v -186.30931091308594 -331.00592041015625 189.33468627929688 
v -174.29811096191406 -333.1788330078125 190.4042205810547 
v -177.01161193847656 -341.2186584472656 189.2277374267578 
v -162.12730407714844 -335.5690612792969 198.4257049560547 
v -189.90069580078125 -341.8705139160156 187.4095458984375 
v -178.60777282714844 -346.21636962890625 188.58602905273438 
v -197.20318603515625 -369.46661376953125 185.59133911132812 
v -184.1145782470703 -374.6816101074219 186.767822265625 
v -194.330078125 -425.3106689453125 196.92837524414062 
v -186.06988525390625 -427.0489807128906 197.67703247070312 
v -193.6916046142578 -444.4323425292969 200.03001403808594 
v -186.42901611328125 -445.084228515625 199.60220336914062 
v -179.76499938964844 -428.13543701171875 203.66641235351562 
v -180.96212768554688 -445.518798828125 204.73594665527344 
v -174.29811096191406 -378.3755798339844 195.96578979492188 
v -170.5072021484375 -349.6930236816406 197.2492218017578 
v -159.45372009277344 -337.090087890625 210.40443420410156 
v -168.11294555664062 -351.2140808105469 210.2974853515625 
v -164.40185546875 -336.655517578125 221.63449096679688 
v -171.58462524414062 -379.6793212890625 209.44186401367188 
v -178.08901977539062 -428.5700378417969 212.22265625 
v -179.44577026367188 -445.7361145019531 212.0087432861328 
v -181.2813720703125 -428.13543701171875 220.13717651367188 
v -182.1991729736328 -445.518798828125 218.85374450683594 
v -188.38433837890625 -427.2662658691406 224.84310913085938 
v -188.34442138671875 -445.084228515625 222.91795349121094 
v -188.0251922607422 -373.59515380859375 229.44207763671875 
v -176.69236755371094 -377.9410095214844 222.1692657470703 
v -172.50242614746094 -349.4757385253906 222.7040252685547 
v -177.9693145751953 -334.69989013671875 227.94471740722656 
v -179.4856719970703 -338.82843017578125 228.58644104003906 
v -181.91983032226562 -345.7817687988281 229.5490264892578 
v -176.09381103515625 -164.77755737304688 167.94406127929688 
v -187.6660614013672 -161.51815795898438 160.9921112060547 
v -176.45294189453125 -158.2587890625 170.5109405517578 
v -187.50643920898438 -155.4340057373047 163.0242156982422 
v -175.894287109375 -145.65586853027344 176.92811584472656 
v -187.7857666015625 -142.17919921875 168.69273376464844 
v -177.09141540527344 -125.44769287109375 189.76246643066406 
v -183.11695861816406 -122.4056167602539 179.38803100585938 
v -181.6405029296875 -116.75602722167969 180.8853759765625 
v -176.01400756835938 -116.10414123535156 190.83200073242188 
v -185.59103393554688 -108.28162384033203 182.48965454101562 
v -174.65725708007812 -128.4897918701172 198.6395721435547 
v -177.5702667236328 -150.653564453125 188.0512237548828 
v -177.92941284179688 -163.9083709716797 183.02444458007812 
v -177.76979064941406 -170.20985412597656 179.4949951171875 
v -190.8583984375 -172.38278198242188 183.9870147705078 
v -190.3396453857422 -166.51588439941406 187.73036193847656 
v -201.51284790039062 -163.9083709716797 180.35061645507812 
v -201.03399658203125 -168.90611267089844 176.71420288085938 
v -200.0762939453125 -158.2587890625 167.8371124267578 
v -199.59744262695312 -163.90838623046875 166.12586975097656 
v -187.6660614013672 -161.51815795898438 160.9921112060547 
v -187.50643920898438 -155.4340057373047 163.0242156982422 
v -187.7857666015625 -142.17919921875 168.69273376464844 
v -201.63255310058594 -144.78668212890625 173.18475341796875 
v -183.11695861816406 -122.4056167602539 179.38803100585938 
v -200.39552307128906 -123.27477264404297 180.0297393798828 
v -201.63255310058594 -115.2349853515625 181.52708435058594 
v -191.93582153320312 -116.75602722167969 180.35060119628906 
v -181.6405029296875 -116.75602722167969 180.8853759765625 
v -185.59103393554688 -108.28162384033203 182.48965454101562 
v -195.64691162109375 -107.19517517089844 182.81051635742188 
v -197.72193908691406 -101.11100006103516 192.54324340820312 
v -207.01963806152344 -113.49662780761719 191.58067321777344 
v -198.99887084960938 -98.06889343261719 203.45245361328125 
v -209.9326629638672 -112.84476470947266 202.48988342285156 
v -204.86480712890625 -127.18602752685547 190.93894958496094 
v -203.5479736328125 -150.21897888183594 184.84263610839844 
v -191.6165771484375 -153.26107788085938 192.7571563720703 
v -206.26145935058594 -130.44541931152344 200.56472778320312 
v -185.83045959472656 -214.75473022460938 139.28067016601562 
v -195.40748596191406 -216.49305725097656 142.9170684814453 
v -185.99008178710938 -209.10513305664062 141.31277465820312 
v -196.04595947265625 -210.8434600830078 145.1630859375 
v -186.98768615722656 -167.81964111328125 155.96533203125 
v -199.87677001953125 -170.8617401123047 160.88516235351562 
v -187.6660614013672 -161.51815795898438 160.9921112060547 
v -199.59744262695312 -163.90838623046875 166.12586975097656 
v -196.52481079101562 -217.57949829101562 148.1577606201172 
v -197.08346557617188 -212.14720153808594 150.8315887451172 
v -187.90548706054688 -219.53512573242188 153.61236572265625 
v -188.22471618652344 -214.1028289794922 156.71400451660156 
v -180.04434204101562 -219.10057067871094 150.2968292236328 
v -179.4856719970703 -213.45095825195312 152.9706573486328 
v -177.25103759765625 -216.49305725097656 145.1630859375 
v -176.97171020507812 -211.27806091308594 147.30213928222656 
v -185.83045959472656 -214.75473022460938 139.28067016601562 
v -185.99008178710938 -209.10513305664062 141.31277465820312 
v -175.53515625 -171.07901000976562 163.55899047851562 
v -186.98768615722656 -167.81964111328125 155.96533203125 
v -187.6660614013672 -161.51815795898438 160.9921112060547 
v -176.09381103515625 -164.77755737304688 167.94406127929688 
v -177.76979064941406 -170.20985412597656 179.4949951171875 
v -177.4505615234375 -177.16319274902344 176.3933563232422 
v -190.8583984375 -172.38278198242188 183.9870147705078 
v -189.78099060058594 -179.7707061767578 181.3131866455078 
v -200.87437438964844 -176.72862243652344 173.61257934570312 
v -201.03399658203125 -168.90611267089844 176.71420288085938 
v -170.86634826660156 -233.2245330810547 136.7137908935547 
v -176.69236755371094 -226.70579528808594 138.31808471679688 
v -171.1456756591797 -236.26663208007812 139.92239379882812 
v -178.24864196777344 -230.39974975585938 143.34487915039062 
v -177.53036499023438 -225.4020233154297 137.56942749023438 
v -180.20394897460938 -229.3132781982422 145.27003479003906 
v -176.8120880126953 -229.9651641845703 135.10951232910156 
v -178.00921630859375 -231.26890563964844 141.20582580566406 
v -177.8096923828125 -235.18016052246094 138.63894653320312 
v -176.49285888671875 -234.31100463867188 133.077392578125 
v -176.33323669433594 -238.00497436523438 131.68701171875 
v -177.6899871826172 -238.4395294189453 137.14161682128906 
v -176.97171020507812 -254.9537353515625 128.0506134033203 
v -178.00921630859375 -253.8672637939453 130.6174774169922 
v -196.52481079101562 -217.57949829101562 148.1577606201172 
v -195.40748596191406 -216.49305725097656 142.9170684814453 
v -196.7642364501953 -226.70578002929688 144.30746459960938 
v -195.6868133544922 -224.75015258789062 136.92770385742188 
v -198.160888671875 -231.26890563964844 140.0293426513672 
v -196.8440399169922 -229.9651641845703 133.82606506347656 
v -198.44021606445312 -235.3974609375 137.3555145263672 
v -197.08346557617188 -234.74557495117188 131.79396057128906 
v -196.64451599121094 -238.4395294189453 130.51052856445312 
v -197.9214630126953 -238.87413024902344 135.85818481445312 
v -193.0132293701172 -254.30186462402344 130.18966674804688 
v -192.015625 -255.38833618164062 127.622802734375 
v -196.52481079101562 -217.57949829101562 148.1577606201172 
v -196.7642364501953 -226.70578002929688 144.30746459960938 
v -188.38433837890625 -227.792236328125 148.2647247314453 
v -188.7833709716797 -231.92079162597656 144.2005157470703 
v -178.00921630859375 -231.26890563964844 141.20582580566406 
v -177.8096923828125 -235.18016052246094 138.63894653320312 
v -180.20394897460938 -229.3132781982422 145.27003479003906 
v -187.90548706054688 -219.53512573242188 153.61236572265625 
v -180.04434204101562 -219.10057067871094 150.2968292236328 
v -174.0985870361328 -226.70578002929688 149.4412078857422 
v -178.24864196777344 -230.39974975585938 143.34487915039062 
v -168.71151733398438 -233.8764190673828 142.7031707763672 
v -171.1456756591797 -236.26663208007812 139.92239379882812 
v -198.160888671875 -231.26890563964844 140.0293426513672 
v -198.44021606445312 -235.3974609375 137.3555145263672 
v -188.62376403808594 -235.61474609375 141.74058532714844 
v -188.3045196533203 -238.65682983398438 139.81544494628906 
v -177.6899871826172 -238.4395294189453 137.14161682128906 
v -178.00921630859375 -253.8672637939453 130.6174774169922 
v -185.870361328125 -253.64999389648438 131.4730987548828 
v -197.9214630126953 -238.87413024902344 135.85818481445312 
v -193.0132293701172 -254.30186462402344 130.18966674804688 
v -164.96051025390625 -71.34197998046875 220.2440643310547 
v -172.78175354003906 -73.297607421875 217.78414916992188 
v -160.45132446289062 -84.81407928466797 226.23342895507812 
v -171.94375610351562 -83.51033782958984 225.05694580078125 
v -180.56309509277344 -73.51490020751953 218.10501098632812 
v -180.08424377441406 -67.43074798583984 215.85899353027344 
v -185.43141174316406 -64.60591125488281 215.9659423828125 
v -195.0882568359375 -70.47282409667969 221.20664978027344 
v -194.29017639160156 -75.47052764892578 226.87515258789062 
v -198.20079040527344 -75.68782043457031 236.18006896972656 
v -170.02835083007812 -51.13383102416992 216.9285125732422 
v -181.20155334472656 -56.56615447998047 214.46859741210938 
v -185.51123046875 -79.16448974609375 222.59703063964844 
v -177.09141540527344 -85.68325805664062 226.87515258789062 
v -170.6668243408203 -87.63888549804688 236.18006896972656 
v -158.4561004638672 -87.42159271240234 236.18006896972656 
v -174.25820922851562 -87.8561782836914 236.18006896972656 
v -181.48089599609375 -55.262386322021484 213.07821655273438 
v -174.65725708007812 -33.098609924316406 219.49539184570312 
v -191.65647888183594 -35.05421447753906 217.67718505859375 
v -172.74185180664062 -28.318172454833984 236.1800537109375 
v -193.9310302734375 -28.53546714782715 236.1800537109375 
v -203.58787536621094 -45.04967498779297 220.99273681640625 
v -208.17686462402344 -43.963199615478516 236.1800537109375 
v -201.99169921875 -63.95407485961914 217.6772003173828 
v -208.97496032714844 -63.95407485961914 236.18006896972656 
v -202.19122314453125 -69.82093811035156 219.281494140625 
v -206.10183715820312 -74.81866455078125 236.18006896972656 
v -190.6987762451172 -63.954078674316406 214.04078674316406 
v -189.62136840820312 -59.82552719116211 215.11032104492188 
v -189.38194274902344 -55.479679107666016 215.64508056640625 
v -184.1145782470703 -53.089439392089844 214.5755615234375 
v -198.20079040527344 -75.68782043457031 236.18006896972656 
v -202.9893035888672 -85.24866485595703 242.49029541015625 
v -195.0882568359375 -70.47281646728516 251.1534881591797 
v -202.19122314453125 -69.82093048095703 253.1855926513672 
v -206.10183715820312 -74.81866455078125 236.18006896972656 
v -181.20155334472656 -56.56615447998047 214.46859741210938 
v -183.9549560546875 -54.39320755004883 215.5381317138672 
v -184.4737091064453 -54.17591094970703 213.18516540527344 
v -188.06509399414062 -56.56615447998047 212.43649291992188 
v -187.4266357421875 -56.5661506652832 216.28680419921875 
v -188.3045196533203 -60.91195297241211 212.75735473632812 
v -187.6660614013672 -60.69465637207031 215.75204467773438 
v -186.14968872070312 -64.82321166992188 213.82688903808594 
v -185.43141174316406 -64.60591125488281 215.9659423828125 
v -180.08424377441406 -67.43074798583984 215.85899353027344 
v -169.94854736328125 -50.48194122314453 256.07330322265625 
v -174.65725708007812 -33.09860610961914 252.86473083496094 
v -181.48089599609375 -55.26237869262695 259.38885498046875 
v -191.65647888183594 -35.0542106628418 254.7898712158203 
v -172.74185180664062 -28.318172454833984 236.1800537109375 
v -193.9310302734375 -28.53546714782715 236.1800537109375 
v -203.58787536621094 -45.0496711730957 251.47433471679688 
v -208.17686462402344 -43.963199615478516 236.1800537109375 
v -201.99169921875 -63.954071044921875 254.78988647460938 
v -208.97496032714844 -63.95407485961914 236.18006896972656 
v -202.19122314453125 -69.82093048095703 253.1855926513672 
v -206.10183715820312 -74.81866455078125 236.18006896972656 
v -190.6987762451172 -63.954071044921875 258.4263000488281 
v -189.62136840820312 -59.82551956176758 257.35675048828125 
v -189.38194274902344 -55.479671478271484 256.8219909667969 
v -184.1145782470703 -53.08943176269531 257.8915100097656 
v -170.02835083007812 -51.13383102416992 216.9285125732422 
v -171.8240509033203 -71.77656555175781 213.2921142578125 
v -171.74424743652344 -71.55927276611328 212.54345703125 
v -195.0882568359375 -70.47281646728516 251.1534881591797 
v -202.9893035888672 -85.24866485595703 242.49029541015625 
v -202.19122314453125 -69.82093048095703 253.1855926513672 
v -206.10183715820312 -74.81866455078125 236.18006896972656 
v -198.20079040527344 -75.68782043457031 236.18006896972656 
v -205.26385498046875 -80.0336685180664 230.83241271972656 
v -204.62538146972656 -80.6855239868164 231.04632568359375 
v -190.6987762451172 -63.954071044921875 258.4263000488281 
v -197.12338256835938 -81.33740997314453 255.53855895996094 
v -193.2925567626953 -79.38177490234375 257.35675048828125 
v -185.43141174316406 -64.60590362548828 256.5011291503906 
v -191.53677368164062 -79.59907531738281 256.60809326171875 
v -185.43141174316406 -64.60590362548828 256.5011291503906 
v -195.0882568359375 -70.47281646728516 251.1534881591797 
v -194.72911071777344 -81.55470275878906 254.89683532714844 
v -202.19122314453125 -69.82093048095703 253.1855926513672 
v -170.1480712890625 -52.00300598144531 254.89683532714844 
v -169.94854736328125 -50.48194122314453 256.07330322265625 
v -175.05628967285156 -68.29986572265625 258.3193359375 
v -181.48089599609375 -55.26237869262695 259.38885498046875 
v -181.20155334472656 -56.56614685058594 257.99847412109375 
v -169.94854736328125 -50.48194122314453 256.07330322265625 
v -181.48089599609375 -55.26237869262695 259.38885498046875 
v -175.05628967285156 -68.29986572265625 258.3193359375 
v -174.8966827392578 -196.06761169433594 193.3988800048828 
v -142.21505737304688 -202.5863494873047 216.2868194580078 
v -174.3380126953125 -171.29629516601562 200.24386596679688 
v -145.28768920898438 -171.07899475097656 216.71463012695312 
v -144.6891326904297 -150.653564453125 214.04080200195312 
v -178.0491180419922 -146.52500915527344 199.4951934814453 
v -142.6540069580078 -132.8356170654297 212.1156463623047 
v -174.65725708007812 -128.4897918701172 198.6395721435547 
v -159.45372009277344 -116.10413360595703 213.1851806640625 
v -173.38031005859375 -115.45225524902344 200.56472778320312 
v -169.5894012451172 -99.15536499023438 223.9874267578125 
v -180.523193359375 -99.8072509765625 202.81072998046875 
v -177.6500701904297 -92.6365966796875 226.4473419189453 
v -188.06509399414062 -89.59451293945312 221.20664978027344 
v -198.99887084960938 -98.06889343261719 203.45245361328125 
v -200.79457092285156 -87.8561782836914 226.01953125 
v -141.65640258789062 -202.8036346435547 236.18008422851562 
v -144.6891326904297 -171.07899475097656 236.18008422851562 
v -145.28768920898438 -171.07899475097656 255.75247192382812 
v -142.21505737304688 -202.5863494873047 256.1802978515625 
v -173.42022705078125 -93.94036102294922 236.18006896972656 
v -169.27017211914062 -99.3726577758789 236.18006896972656 
v -159.1743927001953 -115.66954040527344 236.18006896972656 
v -142.21505737304688 -132.4010467529297 236.18006896972656 
v -144.0506591796875 -150.653564453125 236.18006896972656 
v -144.6891326904297 -150.65354919433594 258.4263000488281 
v -174.3380126953125 -171.29627990722656 272.2232360839844 
v -178.0491180419922 -146.52500915527344 272.9718933105469 
v -142.6540069580078 -132.83560180664062 260.3514404296875 
v -159.45372009277344 -116.1041259765625 259.28192138671875 
v -174.8966827392578 -196.06759643554688 279.0682373046875 
v -174.65725708007812 -128.48977661132812 273.8275146484375 
v -173.38031005859375 -115.45223999023438 271.9023742675781 
v -169.5894012451172 -99.15535736083984 248.4796600341797 
v -180.523193359375 -99.80723571777344 269.6563720703125 
v -177.6500701904297 -92.63658905029297 246.01974487304688 
v -188.06509399414062 -89.59451293945312 251.26043701171875 
v -198.99887084960938 -98.06887817382812 269.0146484375 
v -200.79457092285156 -87.8561782836914 246.34060668945312 
v -198.99887084960938 -98.06887817382812 269.0146484375 
v -180.523193359375 -99.80723571777344 269.6563720703125 
v -197.72193908691406 -101.1109848022461 279.9238586425781 
v -182.31887817382812 -102.63201904296875 280.24468994140625 
v -195.64691162109375 -107.19515991210938 289.65655517578125 
v -173.38031005859375 -115.45223999023438 271.9023742675781 
v -173.42022705078125 -93.94036102294922 236.18006896972656 
v -177.6500701904297 -92.63658905029297 246.01974487304688 
v -174.25820922851562 -87.8561782836914 236.18006896972656 
v -177.09141540527344 -85.68325805664062 245.59193420410156 
v -188.06509399414062 -89.59451293945312 251.26043701171875 
v -185.51123046875 -79.16448211669922 249.8700408935547 
v -200.79457092285156 -87.8561782836914 246.34060668945312 
v -194.29017639160156 -75.47052001953125 245.59193420410156 
v -205.46337890625 -87.8561782836914 236.18006896972656 
v -198.20079040527344 -75.68782043457031 236.18006896972656 
v -194.29017639160156 -75.47052764892578 226.87515258789062 
v -200.79457092285156 -87.8561782836914 226.01953125 
v -185.51123046875 -79.16448974609375 222.59703063964844 
v -188.06509399414062 -89.59451293945312 221.20664978027344 
v -177.09141540527344 -85.68325805664062 226.87515258789062 
v -177.6500701904297 -92.6365966796875 226.4473419189453 
v -174.25820922851562 -87.8561782836914 236.18006896972656 
v -173.42022705078125 -93.94036102294922 236.18006896972656 
v -187.7857666015625 -472.4630126953125 250.72573852539062 
v -196.96376037597656 -459.20819091796875 251.58135986328125 
v -195.28778076171875 -472.4630126953125 251.4744110107422 
v -202.6301727294922 -459.20819091796875 256.1803283691406 
v -201.03399658203125 -472.4630126953125 256.8220520019531 
v -204.30615234375 -458.99090576171875 263.02532958984375 
v -202.7498779296875 -472.6802978515625 264.736572265625 
v -201.39312744140625 -458.77362060546875 269.4425048828125 
v -199.79696655273438 -472.6802978515625 272.2232971191406 
v -194.96853637695312 -458.5563049316406 273.07891845703125 
v -193.21275329589844 -472.6802978515625 276.39447021484375 
v -193.6916046142578 -444.4323425292969 272.43719482421875 
v -199.79696655273438 -443.78045654296875 268.47991943359375 
v -202.55035400390625 -443.56317138671875 261.5279846191406 
v -200.9940948486328 -443.78045654296875 254.25518798828125 
v -195.56710815429688 -444.4323425292969 249.12142944335938 
v -189.5814666748047 -459.42547607421875 250.93963623046875 
v -188.34442138671875 -445.084228515625 249.54925537109375 
v -175.09620666503906 -457.2525634765625 270.8328857421875 
v -150.3156280517578 -467.24798583984375 274.04150390625 
v -186.42901611328125 -445.084228515625 272.864990234375 
v -187.6660614013672 -458.77362060546875 272.864990234375 
v -194.96853637695312 -458.5563049316406 273.07891845703125 
v -193.21275329589844 -472.6802978515625 276.39447021484375 
v -185.79055786132812 -472.8975830078125 275.75274658203125 
v -149.6372528076172 -473.1148986816406 275.75274658203125 
v -193.6916046142578 -444.4323425292969 272.43719482421875 
v -151.67237854003906 -472.6802978515625 250.72573852539062 
v -145.12806701660156 -472.6802978515625 254.78994750976562 
v -181.5207977294922 -472.6802978515625 255.32472229003906 
v -178.64768981933594 -472.8975830078125 262.4905700683594 
v -187.7857666015625 -472.4630126953125 250.72573852539062 
v -191.69639587402344 -472.6802978515625 261.1001892089844 
v -195.28778076171875 -472.4630126953125 251.4744110107422 
v -201.03399658203125 -472.4630126953125 256.8220520019531 
v -191.4968719482422 -472.8975830078125 266.98260498046875 
v -202.7498779296875 -472.6802978515625 264.736572265625 
v -193.21275329589844 -472.6802978515625 276.39447021484375 
v -199.79696655273438 -472.6802978515625 272.2232971191406 
v -185.79055786132812 -472.8975830078125 275.75274658203125 
v -180.2837677001953 -472.8975830078125 269.9772644042969 
v -143.8910369873047 -473.1148986816406 270.40509033203125 
v -142.17515563964844 -472.8975830078125 262.38360595703125 
v -149.6372528076172 -473.1148986816406 275.75274658203125 
v -188.34442138671875 -445.084228515625 249.54925537109375 
v -176.5327606201172 -457.6871643066406 253.2926025390625 
v -189.5814666748047 -459.42547607421875 250.93963623046875 
v -152.27093505859375 -467.6825866699219 252.8647918701172 
v -187.7857666015625 -472.4630126953125 250.72573852539062 
v -151.67237854003906 -472.6802978515625 250.72573852539062 
v -176.97171020507812 -254.95370483398438 344.4165344238281 
v -176.33323669433594 -238.0049285888672 340.7801208496094 
v -184.15447998046875 -255.82286071777344 345.6999816894531 
v -185.99008178710938 -238.22222900390625 344.7373962402344 
v -192.015625 -255.38829040527344 344.8443603515625 
v -196.64451599121094 -238.4394989013672 341.95660400390625 
v -186.2694091796875 -234.31097412109375 343.88177490234375 
v -197.08346557617188 -234.74554443359375 340.6731872558594 
v -186.5088348388672 -229.53053283691406 341.7427062988281 
v -196.8440399169922 -229.9651336669922 338.64105224609375 
v -186.3891143798828 -223.88095092773438 338.53411865234375 
v -195.6868133544922 -224.7501220703125 335.5394287109375 
v -185.83045959472656 -214.7546844482422 333.18646240234375 
v -195.40748596191406 -216.49302673339844 329.550048828125 
v -176.49285888671875 -234.31097412109375 339.3897399902344 
v -176.8120880126953 -229.9651336669922 337.3576354980469 
v -177.53036499023438 -225.40199279785156 334.897705078125 
v -177.25103759765625 -216.49302673339844 327.3040466308594 
v -176.69236755371094 -226.70574951171875 334.1490478515625 
v -172.54232788085938 -222.57720947265625 327.4109802246094 
v -170.86634826660156 -233.22450256347656 335.7533264160156 
v -168.43218994140625 -230.39971923828125 332.9725646972656 
v -178.00921630859375 -253.8672332763672 341.8496398925781 
v -185.870361328125 -253.64996337890625 340.9940185546875 
v -176.97171020507812 -254.95370483398438 344.4165344238281 
v -193.0132293701172 -254.30181884765625 342.2774658203125 
v -184.15447998046875 -255.82286071777344 345.6999816894531 
v -192.015625 -255.38829040527344 344.8443603515625 
v -177.25103759765625 -216.49302673339844 327.3040466308594 
v -180.04434204101562 -219.1005401611328 322.1702880859375 
v -172.54232788085938 -222.57720947265625 327.4109802246094 
v -174.0985870361328 -226.7057647705078 323.0259094238281 
v -168.43218994140625 -230.39971923828125 332.9725646972656 
v -168.71151733398438 -233.8763885498047 329.76397705078125 
v -170.86634826660156 -233.22450256347656 335.7533264160156 
v -171.1456756591797 -236.2666015625 332.54473876953125 
v -186.42901611328125 -445.084228515625 272.864990234375 
v -180.96212768554688 -445.518798828125 267.73126220703125 
v -175.09620666503906 -457.2525634765625 270.8328857421875 
v -171.22547912597656 -457.9044494628906 266.98260498046875 
v -150.3156280517578 -467.24798583984375 274.04150390625 
v -144.72903442382812 -467.4653015136719 269.5494689941406 
v -149.6372528076172 -473.1148986816406 275.75274658203125 
v -143.8910369873047 -473.1148986816406 270.40509033203125 
v -143.09295654296875 -467.6825866699219 262.8114318847656 
v -142.17515563964844 -472.8975830078125 262.38360595703125 
v -179.44577026367188 -445.736083984375 260.4584655761719 
v -170.10816955566406 -458.1217346191406 261.5279846191406 
v -182.1991729736328 -445.518798828125 253.61346435546875 
v -172.10337829589844 -458.1217346191406 256.3942565917969 
v -188.34442138671875 -445.084228515625 249.54925537109375 
v -176.5327606201172 -457.6871643066406 253.2926025390625 
v -145.966064453125 -467.6825866699219 256.5011901855469 
v -145.12806701660156 -472.6802978515625 254.78994750976562 
v -152.27093505859375 -467.6825866699219 252.8647918701172 
v -151.67237854003906 -472.6802978515625 250.72573852539062 
v -198.0012664794922 -84.16222381591797 221.63446044921875 
v -202.19122314453125 -69.82093811035156 219.281494140625 
v -187.1872100830078 -79.38178253173828 216.07290649414062 
v -190.6987762451172 -63.954078674316406 214.04078674316406 
v -186.94778442382812 -80.25096130371094 217.0354766845703 
v -185.43141174316406 -64.60591125488281 215.9659423828125 
v -187.6660614013672 -60.69465637207031 215.75204467773438 
v -189.62136840820312 -59.82552719116211 215.11032104492188 
v -187.4266357421875 -56.5661506652832 216.28680419921875 
v -189.38194274902344 -55.479679107666016 215.64508056640625 
v -183.9549560546875 -54.39320755004883 215.5381317138672 
v -184.1145782470703 -53.089439392089844 214.5755615234375 
v -181.20155334472656 -56.56615447998047 214.46859741210938 
v -176.25343322753906 -74.16678619384766 213.2921142578125 
v -170.02835083007812 -51.13383102416992 216.9285125732422 
v -171.8240509033203 -71.77656555175781 213.2921142578125 
v -181.20155334472656 -56.56614685058594 257.99847412109375 
v -181.48089599609375 -55.26237869262695 259.38885498046875 
v -183.9549560546875 -54.3931999206543 256.8219909667969 
v -184.1145782470703 -53.08943176269531 257.8915100097656 
v -187.4266357421875 -56.56614685058594 256.1802673339844 
v -189.38194274902344 -55.479671478271484 256.8219909667969 
v -187.6660614013672 -60.69464874267578 256.71502685546875 
v -189.62136840820312 -59.82551956176758 257.35675048828125 
v -185.43141174316406 -64.60590362548828 256.5011291503906 
v -190.6987762451172 -63.954071044921875 258.4263000488281 
v -186.14968872070312 -64.82320404052734 258.64019775390625 
v -180.08424377441406 -67.43074035644531 256.60809326171875 
v -188.3045196533203 -60.91194534301758 259.709716796875 
v -181.20155334472656 -56.56614685058594 257.99847412109375 
v -184.4737091064453 -54.1759033203125 259.28192138671875 
v -188.06509399414062 -56.56614685058594 260.03057861328125 
v -198.99887084960938 -98.06889343261719 203.45245361328125 
v -197.72193908691406 -101.11100006103516 192.54324340820312 
v -180.523193359375 -99.8072509765625 202.81072998046875 
v -182.31887817382812 -102.63203430175781 192.22238159179688 
v -173.38031005859375 -115.45225524902344 200.56472778320312 
v -195.64691162109375 -107.19517517089844 182.81051635742188 
v -193.21275329589844 -472.6802978515625 196.07275390625 
v -199.79696655273438 -472.6802978515625 200.24392700195312 
v -194.96853637695312 -458.55633544921875 199.38829040527344 
v -201.39312744140625 -458.77362060546875 203.0247039794922 
v -193.6916046142578 -444.4323425292969 200.03001403808594 
v -199.79696655273438 -443.7804870605469 203.98727416992188 
v -204.30615234375 -458.99090576171875 209.44187927246094 
v -202.55035400390625 -443.56317138671875 210.939208984375 
v -202.6301727294922 -459.20819091796875 216.286865234375 
v -200.9940948486328 -443.7804870605469 218.21202087402344 
v -196.96376037597656 -459.20819091796875 220.88584899902344 
v -195.28778076171875 -472.4630126953125 220.9927978515625 
v -187.7857666015625 -472.4630126953125 221.74147033691406 
v -189.5814666748047 -459.4255065917969 221.52757263183594 
v -195.56710815429688 -444.4323425292969 223.34576416015625 
v -188.34442138671875 -445.084228515625 222.91795349121094 
v -201.03399658203125 -472.4630126953125 215.64515686035156 
v -202.7498779296875 -472.6802978515625 207.7306365966797 
v -193.6916046142578 -444.4323425292969 200.03001403808594 
v -186.42901611328125 -445.084228515625 199.60220336914062 
v -194.96853637695312 -458.55633544921875 199.38829040527344 
v -187.6660614013672 -458.77362060546875 199.60220336914062 
v -193.21275329589844 -472.6802978515625 196.07275390625 
v -185.79055786132812 -472.8976135253906 196.7144775390625 
v -149.6372528076172 -473.1148986816406 196.7144775390625 
v -150.3156280517578 -467.2480163574219 198.42572021484375 
v -175.09620666503906 -457.2525939941406 201.63430786132812 
v -151.67237854003906 -472.6802978515625 221.74147033691406 
v -145.12806701660156 -472.6802978515625 217.67726135253906 
v -181.5207977294922 -472.6802978515625 217.14248657226562 
v -178.64768981933594 -472.8976135253906 209.9766387939453 
v -187.7857666015625 -472.4630126953125 221.74147033691406 
v -191.69639587402344 -472.6802978515625 211.36703491210938 
v -195.28778076171875 -472.4630126953125 220.9927978515625 
v -201.03399658203125 -472.4630126953125 215.64515686035156 
v -191.4968719482422 -472.8976135253906 205.484619140625 
v -202.7498779296875 -472.6802978515625 207.7306365966797 
v -193.21275329589844 -472.6802978515625 196.07275390625 
v -199.79696655273438 -472.6802978515625 200.24392700195312 
v -142.17515563964844 -472.8976135253906 210.08360290527344 
v -180.2837677001953 -472.8976135253906 202.48992919921875 
v -143.8910369873047 -473.1148986816406 202.06211853027344 
v -185.79055786132812 -472.8976135253906 196.7144775390625 
v -149.6372528076172 -473.1148986816406 196.7144775390625 
v -188.34442138671875 -445.084228515625 222.91795349121094 
v -189.5814666748047 -459.4255065917969 221.52757263183594 
v -176.5327606201172 -457.6871643066406 219.17459106445312 
v -152.27093505859375 -467.6825866699219 219.6024169921875 
v -187.7857666015625 -472.4630126953125 221.74147033691406 
v -151.67237854003906 -472.6802978515625 221.74147033691406 
v -176.97171020507812 -254.9537353515625 128.0506134033203 
v -176.33323669433594 -238.00497436523438 131.68701171875 
v -184.15447998046875 -255.82289123535156 126.76717376708984 
v -185.99008178710938 -238.22225952148438 127.72975158691406 
v -192.015625 -255.38833618164062 127.622802734375 
v -196.64451599121094 -238.4395294189453 130.51052856445312 
v -186.2694091796875 -234.31100463867188 128.5853729248047 
v -197.08346557617188 -234.74557495117188 131.79396057128906 
v -186.5088348388672 -229.53057861328125 130.72442626953125 
v -196.8440399169922 -229.9651641845703 133.82606506347656 
v -186.3891143798828 -223.8809814453125 133.93301391601562 
v -195.6868133544922 -224.75015258789062 136.92770385742188 
v -185.83045959472656 -214.75473022460938 139.28067016601562 
v -195.40748596191406 -216.49305725097656 142.9170684814453 
v -176.49285888671875 -234.31100463867188 133.077392578125 
v -176.8120880126953 -229.9651641845703 135.10951232910156 
v -177.53036499023438 -225.4020233154297 137.56942749023438 
v -177.25103759765625 -216.49305725097656 145.1630859375 
v -176.69236755371094 -226.70579528808594 138.31808471679688 
v -172.54232788085938 -222.57723999023438 145.05613708496094 
v -170.86634826660156 -233.2245330810547 136.7137908935547 
v -168.43218994140625 -230.39974975585938 139.49456787109375 
v -178.00921630859375 -253.8672637939453 130.6174774169922 
v -185.870361328125 -253.64999389648438 131.4730987548828 
v -176.97171020507812 -254.9537353515625 128.0506134033203 
v -193.0132293701172 -254.30186462402344 130.18966674804688 
v -184.15447998046875 -255.82289123535156 126.76717376708984 
v -192.015625 -255.38833618164062 127.622802734375 
v -177.25103759765625 -216.49305725097656 145.1630859375 
v -180.04434204101562 -219.10057067871094 150.2968292236328 
v -172.54232788085938 -222.57723999023438 145.05613708496094 
v -174.0985870361328 -226.70578002929688 149.4412078857422 
v -168.43218994140625 -230.39974975585938 139.49456787109375 
v -168.71151733398438 -233.8764190673828 142.7031707763672 
v -170.86634826660156 -233.2245330810547 136.7137908935547 
v -171.1456756591797 -236.26663208007812 139.92239379882812 
v -186.42901611328125 -445.084228515625 199.60220336914062 
v -180.96212768554688 -445.518798828125 204.73594665527344 
v -175.09620666503906 -457.2525939941406 201.63430786132812 
v -171.22547912597656 -457.9044494628906 205.484619140625 
v -150.3156280517578 -467.2480163574219 198.42572021484375 
v -144.72903442382812 -467.4653015136719 202.91773986816406 
v -149.6372528076172 -473.1148986816406 196.7144775390625 
v -143.8910369873047 -473.1148986816406 202.06211853027344 
v -143.09295654296875 -467.6825866699219 209.65577697753906 
v -142.17515563964844 -472.8976135253906 210.08360290527344 
v -179.44577026367188 -445.7361145019531 212.0087432861328 
v -170.10816955566406 -458.1217346191406 210.93922424316406 
v -182.1991729736328 -445.518798828125 218.85374450683594 
v -172.10337829589844 -458.1217346191406 216.07296752929688 
v -188.34442138671875 -445.084228515625 222.91795349121094 
v -176.5327606201172 -457.6871643066406 219.17459106445312 
v -145.966064453125 -467.6825866699219 215.96600341796875 
v -145.12806701660156 -472.6802978515625 217.67726135253906 
v -152.27093505859375 -467.6825866699219 219.6024169921875 
v -151.67237854003906 -472.6802978515625 221.74147033691406 
v -183.9549560546875 -54.39320755004883 215.5381317138672 
v -181.20155334472656 -56.56615447998047 214.46859741210938 
v -184.1145782470703 -53.089439392089844 214.5755615234375 
v -181.48089599609375 -55.262386322021484 213.07821655273438 
v -176.4130401611328 -74.16678619384766 212.54345703125 
v -176.25343322753906 -74.16678619384766 213.2921142578125 
v -186.14968872070312 -64.82321166992188 213.82688903808594 
v -180.08424377441406 -67.43074798583984 215.85899353027344 
v -188.3045196533203 -60.91195297241211 212.75735473632812 
v -181.20155334472656 -56.56615447998047 214.46859741210938 
v -184.4737091064453 -54.17591094970703 213.18516540527344 
v -188.06509399414062 -56.56615447998047 212.43649291992188 
v -176.25343322753906 -74.16678619384766 213.2921142578125 
v -176.4130401611328 -74.16678619384766 212.54345703125 
v -171.8240509033203 -71.77656555175781 213.2921142578125 
v -171.74424743652344 -71.55927276611328 212.54345703125 
v -170.02835083007812 -51.13383102416992 216.9285125732422 
v -171.74424743652344 -71.55927276611328 212.54345703125 
v -181.48089599609375 -55.262386322021484 213.07821655273438 
v -176.4130401611328 -74.16678619384766 212.54345703125 
v -198.20079040527344 -75.68782043457031 236.18006896972656 
v -204.62538146972656 -80.6855239868164 231.04632568359375 
v -195.0882568359375 -70.47282409667969 221.20664978027344 
v -197.6421356201172 -85.0313720703125 222.59703063964844 
v -205.26385498046875 -80.0336685180664 230.83241271972656 
v -198.0012664794922 -84.16222381591797 221.63446044921875 
v -206.10183715820312 -74.81866455078125 236.18006896972656 
v -202.19122314453125 -69.82093811035156 219.281494140625 
v -197.6421356201172 -85.0313720703125 222.59703063964844 
v -186.94778442382812 -80.25096130371094 217.0354766845703 
v -198.0012664794922 -84.16222381591797 221.63446044921875 
v -187.1872100830078 -79.38178253173828 216.07290649414062 
v -195.0882568359375 -70.47282409667969 221.20664978027344 
v -185.43141174316406 -64.60591125488281 215.9659423828125 
v -197.6421356201172 -85.0313720703125 222.59703063964844 
v -186.94778442382812 -80.25096130371094 217.0354766845703 
v -191.53677368164062 -79.59907531738281 256.60809326171875 
v -194.72911071777344 -81.55470275878906 254.89683532714844 
v -193.2925567626953 -79.38177490234375 257.35675048828125 
v -197.12338256835938 -81.33740997314453 255.53855895996094 
v -177.09141540527344 -85.68325805664062 226.87515258789062 
v -174.25820922851562 -87.8561782836914 236.18006896972656 
v -185.51123046875 -79.16448974609375 222.59703063964844 
v -194.29017639160156 -75.47052764892578 226.87515258789062 
v -198.20079040527344 -75.68782043457031 236.18006896972656 
v -194.29017639160156 -75.47052001953125 245.59193420410156 
v -185.51123046875 -79.16448211669922 249.8700408935547 
v -177.09141540527344 -85.68325805664062 245.59193420410156 
vn -0.0022251743357628584 0.0013720185961574316 0.009652262553572655 
vn 0.004097247030586004 0.0014585263561457396 0.009004735387861729 
vn -0.0002640022139530629 0.003811692586168647 0.009241282008588314 
vn 0.007333287503570318 0.002697054063901305 0.0062408968806266785 
vn 0.007825017906725407 0.000021847956304554828 0.0062264446169137955 
vn -0.00183983298484236 -0.0006767365266568959 0.009805969893932343 
vn 0.00368431955575943 -0.0003713113837875426 0.009289128705859184 
vn -0.00198672479018569 -0.0018463354790583253 0.009625173173844814 
vn 0.003701927373185754 -0.0021033277735114098 0.009048300795257092 
vn -0.002023827750235796 -0.0003276441420894116 0.009787581861019135 
vn 0.0031152928713709116 -0.00273910048417747 0.009099026210606098 
vn 0.0034358256962150335 -0.001588074374012649 0.009255977347493172 
vn 0.008132681250572205 -0.0015449204947799444 0.005610054824501276 
vn 0.008078410290181637 -0.0028649307787418365 0.0051508694887161255 
vn 0.009899187833070755 -0.0011986935278400779 -0.00075446319533512 
vn 0.009445436298847198 -0.0031565825920552015 -0.0009053796529769897 
vn 0.008515064604580402 -0.0002839714288711548 0.005235745571553707 
vn 0.008556158281862736 0.0001966108102351427 0.00517237838357687 
vn 0.009663625620305538 -0.0011118905385956168 0.002319060731679201 
vn 0.009690986946225166 -0.0017603819724172354 0.0017279540188610554 
vn 0.009308897890150547 -0.002823041519150138 0.0023183743469417095 
vn 0.008976966142654419 -0.0009380373521707952 0.004305132199078798 
vn 0.0016331756487488747 0.002273866906762123 0.009600117802619934 
vn 0.009886596351861954 -0.001501737511716783 2.44664594140076e-10 
vn 0.00958082266151905 -0.0028649314772337675 4.667575215222541e-10 
vn 0.009308897890150547 -0.0028230424504727125 -0.002318373415619135 
vn 0.008976966142654419 -0.000938038807362318 -0.004305131733417511 
vn 0.007825017906725407 0.000021845928131369874 -0.0062264446169137955 
vn -0.0002640022139530629 0.0038116895593702793 -0.009241283871233463 
vn 0.0016331756487488747 0.0022738638799637556 -0.009600118733942509 
vn 0.009924221783876419 -0.0002402936079306528 -0.0012050187215209007 
vn 0.009912441484630108 -0.001285404316149652 -0.00030206513474695385 
vn -0.0022251743357628584 0.0013720153365284204 -0.009652262553572655 
vn 0.004097247030586004 0.0014585234457626939 -0.009004736319184303 
vn 0.007333287503570318 0.0026970519684255123 -0.006240897811949253 
vn 0.008556158281862736 0.00019660912221297622 -0.00517237838357687 
vn 0.00368431955575943 -0.0003713144105859101 -0.009289128705859184 
vn 0.008515064604580402 -0.00028397314599715173 -0.00523574510589242 
vn 0.003701927373185754 -0.0021033308003097773 -0.009048299863934517 
vn -0.00198672479018569 -0.0018463386222720146 -0.009625173173844814 
vn -0.002023827750235796 -0.0003276473144069314 -0.009787581861019135 
vn 0.0031152928713709116 -0.0027391035109758377 -0.009099025279283524 
vn 0.0034358256962150335 -0.0015880774008110166 -0.009255977347493172 
vn 0.008132681250572205 -0.0015449223574250937 -0.005610054358839989 
vn 0.008078410290181637 -0.002864932408556342 -0.005150868557393551 
vn 0.009899187833070755 -0.0011986932950094342 0.0007544635445810854 
vn 0.009445436298847198 -0.003156582359224558 0.0009053807007148862 
vn -0.00183983298484236 -0.0006767396698705852 -0.009805969893932343 
vn 0.009924221783876419 -0.00024029321502894163 0.0012050188379362226 
vn 0.009912441484630108 -0.0012854041997343302 0.0003020655713044107 
vn 0.009663625620305538 -0.0011118913535028696 -0.0023190604988485575 
vn 0.009690986946225166 -0.0017603824380785227 -0.0017279534367844462 
vn 0.009767014533281326 -0.0021460256539285183 3.4963262840470577e-10 
vn 0.009325808845460415 -0.003608821425586939 -0.00007551109592895955 
vn 0.009305361658334732 -0.003649536520242691 -0.00030187200172804296 
vn 0.007433561608195305 -0.006518536247313023 -0.0015002802247181535 
vn 0.008975561708211899 -0.004409002605825663 7.183191264026334e-10 
vn 0.009325808845460415 -0.003608821425586939 0.00007551226735813543 
vn 0.009305361658334732 -0.0036495362874120474 0.0003018731949850917 
vn 0.007433561608195305 -0.006518535781651735 0.0015002823201939464 
vn 0.00462340610101819 -0.008867024444043636 1.444624420088303e-9 
vn 0.0030302105005830526 -0.008805659599602222 -0.00364392320625484 
vn 0.002252585254609585 -0.009742990136146545 1.5873377057218363e-9 
vn 0.0030302105005830526 -0.008805658668279648 0.0036439260002225637 
vn 0.00687820790335536 -0.0019750017672777176 0.0069849565625190735 
vn 0.00721549428999424 -0.0004586240975186229 0.00690842280164361 
vn 0.007260356098413467 -0.0010684564476832747 0.006793057546019554 
vn 0.0016355434199795127 -0.0010684558656066656 0.009807313792407513 
vn 0.002172373002395034 -0.0009815286612138152 0.009711714461445808 
vn 0.0023007013369351625 -0.0011118893744423985 0.009668013080954552 
vn 0.001876238384284079 -0.00024029180349316448 0.009819470345973969 
vn 0.007173772901296616 -0.0022312933579087257 0.0065998719073832035 
vn 0.00202467804774642 -0.00015292115858756006 0.009791694581508636 
vn -0.009941290132701397 0.00024029357882682234 0.0010549933649599552 
vn -0.009372476488351822 -0.0019321504514664412 0.002902321284636855 
vn -0.009103379212319851 -0.004132458940148354 0.0002264255308546126 
vn -0.008275938220322132 -0.004092631861567497 -0.0038417705800384283 
vn -0.008248885162174702 -0.005652954801917076 9.209867313231257e-10 
vn -0.00996365211904049 0.0008510008337907493 0.00003775846926146187 
vn -0.008249981328845024 0.00294854654930532 0.004821190610527992 
vn -0.006798295769840479 0.00015292393800336868 0.007332106586545706 
vn -0.009737197309732437 -0.0019321506842970848 0.0012057266430929303 
vn -0.008273551240563393 -0.0021460263524204493 -0.005190656986087561 
vn -0.0034034522250294685 -0.0016742944717407227 -0.009252742864191532 
vn -0.003118030959740281 -0.0019321524305269122 -0.009302939288318157 
vn -0.004762161523103714 -0.008161474019289017 -0.0032729418016970158 
vn 0.0005240868194960058 -0.009986257180571556 1.6269710023664175e-9 
vn 0.0030302105005830526 -0.008805659599602222 -0.00364392320625484 
vn 0.002252585254609585 -0.009742990136146545 1.5873377057218363e-9 
vn 0.0016355434199795127 -0.0010684591252356768 -0.009807313792407513 
vn 0.002172373002395034 -0.0009815318044275045 -0.009711714461445808 
vn 0.0023007013369351625 -0.0011118925176560879 -0.009668013080954552 
vn -0.0034543147776275873 -0.0009380396222695708 -0.009337440133094788 
vn 0.001876238384284079 -0.00024029500491451472 -0.009819470345973969 
vn -0.003456803970038891 0.0012854028027504683 -0.009295065887272358 
vn 0.00202467804774642 -0.00015292434545699507 -0.009791694581508636 
vn -0.00830200407654047 -0.0011553041404113173 -0.005453622899949551 
vn -0.0098312022164464 -0.0015449211932718754 0.0009801462292671204 
vn -0.008355587720870972 0.0011986924801021814 -0.005361649673432112 
vn -0.009939249604940414 0.0008945281151682138 0.0006412083166651428 
vn -0.007126576732844114 -0.0018033756641671062 0.006779361050575972 
vn -0.007530926261097193 0.0003276467905379832 0.0065709808841347694 
vn -0.002023827750235796 -0.0003276441420894116 0.009787581861019135 
vn -0.00198672479018569 -0.0018463354790583253 0.009625173173844814 
vn -0.00183983298484236 -0.0006767365266568959 0.009805969893932343 
vn -0.006988325156271458 -0.001328722108155489 0.007028357125818729 
vn -0.0022251743357628584 0.0013720185961574316 0.009652262553572655 
vn -0.0002640022139530629 0.003811692586168647 0.009241282008588314 
vn 0.0016331756487488747 0.002273866906762123 0.009600117802619934 
vn -0.008426095359027386 0.0031150933355093002 0.004392847418785095 
vn -0.009707403369247913 0.0024013144429773092 -3.9122252659673507e-10 
vn -0.00981984008103609 0.001889261999167502 -0.00003776051744353026 
vn -0.008426095359027386 0.0031150917056947947 -0.00439284835010767 
vn -0.008249981328845024 0.002948544919490814 -0.004821191541850567 
vn 0.0016331756487488747 0.0022738638799637556 -0.009600118733942509 
vn -0.0002640022139530629 0.0038116895593702793 -0.009241283871233463 
vn -0.0022251743357628584 0.0013720153365284204 -0.009652262553572655 
vn -0.006798295769840479 0.00015292155148927122 -0.007332107052206993 
vn -0.006988325156271458 -0.0013287244364619255 -0.007028356660157442 
vn -0.00183983298484236 -0.0006767396698705852 -0.009805969893932343 
vn -0.007126576732844114 -0.0018033778760582209 -0.006779360584914684 
vn -0.00198672479018569 -0.0018463386222720146 -0.009625173173844814 
vn -0.002023827750235796 -0.0003276473144069314 -0.009787581861019135 
vn -0.007530926261097193 0.00032764466595835984 -0.006570981349796057 
vn -0.009939249604940414 0.0008945279405452311 -0.0006412086077034473 
vn -0.0098312022164464 -0.0015449215425178409 -0.000980145763605833 
vn -0.008355587720870972 0.0011986942263320088 0.005361649207770824 
vn -0.009737197309732437 -0.0019321510335430503 -0.0012057260610163212 
vn -0.009372476488351822 -0.0019321513827890158 -0.002902320586144924 
vn -0.009941290132701397 0.00024029322958085686 -0.001054993481375277 
vn -0.009103379212319851 -0.004132459405809641 -0.00022642417752649635 
vn -0.004762161523103714 -0.008161473087966442 0.0032729445956647396 
vn 0.0030302105005830526 -0.008805658668279648 0.0036439260002225637 
vn 0.0016355434199795127 -0.0010684558656066656 0.009807313792407513 
vn -0.003118030959740281 -0.0019321494037285447 0.009302939288318157 
vn 0.002172373002395034 -0.0009815286612138152 0.009711714461445808 
vn -0.008275938220322132 -0.004092630930244923 0.0038417717441916466 
vn -0.0034034522250294685 -0.0016742914449423552 0.009252743795514107 
vn 0.0023007013369351625 -0.0011118893744423985 0.009668013080954552 
vn -0.0034543147776275873 -0.0009380365372635424 0.009337441064417362 
vn 0.001876238384284079 -0.00024029180349316448 0.009819470345973969 
vn -0.003456803970038891 0.0012854058295488358 0.009295064955949783 
vn 0.00202467804774642 -0.00015292115858756006 0.009791694581508636 
vn -0.00830200407654047 -0.0011553022777661681 0.005453622899949551 
vn -0.008273551240563393 -0.0021460247226059437 0.005190657917410135 
vn 0.00202467804774642 -0.00015292434545699507 -0.009791694581508636 
vn 0.001876238384284079 -0.00024029500491451472 -0.009819470345973969 
vn 0.007173772901296616 -0.0022312954533845186 -0.006599870976060629 
vn 0.007260356098413467 -0.0010684586595743895 -0.006793057080358267 
vn 0.00721549428999424 -0.00045862633851356804 -0.00690842280164361 
vn 0.002172373002395034 -0.0009815318044275045 -0.009711714461445808 
vn 0.0016355434199795127 -0.0010684591252356768 -0.009807313792407513 
vn 0.00687820790335536 -0.001975004095584154 -0.006984956096857786 
vn 0.0023007013369351625 -0.0011118925176560879 -0.009668013080954552 
vn 0.00202467804774642 -0.00015292434545699507 -0.009791694581508636 
vn 0.0021723334211856127 0.00015292115858756006 -0.009759998880326748 
vn -0.003456803970038891 0.0012854028027504683 -0.009295065887272358 
vn -0.003736103419214487 0.00188926060218364 -0.009081421419978142 
vn 0.002319758990779519 -0.000021848525648238137 -0.009727191179990768 
vn 0.00198808079585433 -0.0006767396698705852 -0.009776991792023182 
vn -0.004512872081249952 0.0000655389521853067 -0.00892354641109705 
vn -0.004154686350375414 -0.0008510023471899331 -0.009056178852915764 
vn -0.008761617355048656 -0.0010250044288113713 -0.004709928762167692 
vn -0.0035290359519422054 -0.0008074590004980564 -0.009321690537035465 
vn -0.008553218096494675 -0.0003276465577073395 -0.005170600488781929 
vn -0.009885350242257118 -0.0012854040833190084 0.0007921994547359645 
vn -0.009976888075470924 -0.000021846830350114033 0.0006791467312723398 
vn 0.002411257242783904 -0.000851002405397594 -0.009667555801570415 
vn 0.0023190947249531746 -0.0002402949903625995 -0.009724405594170094 
vn -0.008793291635811329 0.0008945272420533001 -0.00467737577855587 
vn -0.008184008300304413 0.002739101182669401 -0.005051665939390659 
vn -0.008355587720870972 0.0011986924801021814 -0.005361649673432112 
vn -0.009939249604940414 0.0008945281151682138 0.0006412083166651428 
vn -0.009489758871495724 0.0030319353099912405 0.0008670890820212662 
vn -0.007530926261097193 0.0003276467905379832 0.0065709808841347694 
vn -0.007155074272304773 0.0027810996398329735 0.00640861876308918 
vn -0.002023827750235796 -0.0003276441420894116 0.009787581861019135 
vn -0.002042954321950674 0.0017603837186470628 0.0096295066177845 
vn -0.007782819680869579 0.0005895268986932933 0.006251413840800524 
vn -0.002756084781140089 -0.0003713113546837121 0.009605525992810726 
vn -0.0029387357644736767 -0.0018033753149211407 0.009386781603097916 
vn -0.007815592922270298 -0.0015880749560892582 0.006032787263393402 
vn -0.007729200646281242 -0.00015292171156033874 0.006343191489577293 
vn -0.009893209673464298 0.001111891120672226 0.0009423883748240769 
vn -0.0027764567639678717 -0.000458623660961166 0.009595882147550583 
vn -0.002023827750235796 -0.0003276441420894116 0.009787581861019135 
vn 0.0034358256962150335 -0.001588074374012649 0.009255977347493172 
vn 0.003824779763817787 -0.000327644229400903 0.009233835153281689 
vn 0.008078410290181637 -0.0028649307787418365 0.0051508694887161255 
vn 0.008189291693270206 -0.0022312935907393694 0.005287421867251396 
vn 0.009445436298847198 -0.0031565825920552015 -0.0009053796529769897 
vn 0.009424323216080666 -0.0032393811270594597 -0.0008297861786559224 
vn 0.007173772901296616 -0.0022312954533845186 -0.006599870976060629 
vn 0.007083933334797621 -0.0021886820904910564 -0.006710257846862078 
vn 0.00202467804774642 -0.00015292434545699507 -0.009791694581508636 
vn 0.0021723334211856127 0.00015292115858756006 -0.009759998880326748 
vn 0.002319758990779519 -0.000021848525648238137 -0.009727191179990768 
vn 0.007558747660368681 -0.0011118920519948006 -0.0064520565792918205 
vn 0.00198808079585433 -0.0006767396698705852 -0.009776991792023182 
vn 0.002411257242783904 -0.000851002405397594 -0.009667555801570415 
vn 0.007586429826915264 -0.0008945291046984494 -0.006453363690525293 
vn 0.007365962490439415 0.0016742919106036425 -0.006552812177687883 
vn 0.0094919977709651 0.0029902688693255186 -0.0009799330728128552 
vn 0.009898967109620571 -0.0010250038467347622 -0.0009797036182135344 
vn 0.008359422907233238 0.002612802665680647 0.004826314747333527 
vn -0.002042954321950674 0.0017603837186470628 0.0096295066177845 
vn 0.0041726273484528065 -0.00010923113586613908 0.00908720213919878 
vn -0.002756084781140089 -0.0003713113546837121 0.009605525992810726 
vn 0.0023190947249531746 -0.0002402949903625995 -0.009724405594170094 
vn 0.009882261976599693 -0.0012854044325649738 -0.0008298365282826126 
vn 0.008527558296918869 -0.0013720161514356732 0.00503967422991991 
vn 0.0086537329480052 -0.0012854035012423992 0.004843618255108595 
vn 0.0030280642677098513 0.0005459040403366089 0.00951487384736538 
vn 0.0036312376614660025 -0.0016311985673382878 0.00917351059615612 
vn -0.0027764567639678717 -0.000458623660961166 0.009595882147550583 
vn -0.0029387357644736767 -0.0018033753149211407 0.009386781603097916 
vn 0.003665715688839555 -0.001155301695689559 0.009231890551745892 
vn -0.009386233985424042 0.0024860526900738478 0.0023912652395665646 
vn -0.004295357037335634 0.008358433842658997 0.0034185508266091347 
vn -0.008896839804947376 0.0042118774726986885 0.0017624760512262583 
vn -0.007001263555139303 0.005175536032766104 0.004918956663459539 
vn -0.009387760423123837 0.0034452807158231735 -5.613066678122891e-10 
vn -0.00914188101887703 0.004052725154906511 -0.00003774078140850179 
vn -0.007001263555139303 0.0051755341701209545 -0.004918958526104689 
vn -0.008896839804947376 0.004211877007037401 -0.0017624774482101202 
vn -0.004295357037335634 0.008358432911336422 -0.0034185536205768585 
vn -0.009386233985424042 0.002486051991581917 -0.0023912659380584955 
vn -0.00958653911948204 0.002781098475679755 -0.0006031343364156783 
vn -0.009675020352005959 0.002528350567445159 -0.000037758334656246006 
vn -0.009994630701839924 0.0003276457136962563 -5.337830177865044e-11 
vn -0.00958653911948204 0.002781098475679755 0.0006031334050931036 
vn -0.00989664439111948 0.00010923238733084872 -0.001429858268238604 
vn -0.00888829492032528 -0.003932546358555555 -0.0023522935807704926 
vn -0.008586895652115345 -0.0012420614948496222 -0.004972172435373068 
vn 0.007922331802546978 -0.0015017384430393577 -0.005914511624723673 
vn -1.0187518307720462e-15 -0.001717355684377253 -0.009851430542767048 
vn -0.008368344977498055 0.0007203244022093713 -0.00542696425691247 
vn 0.0006599545595236123 0.0005895242793485522 -0.00996076874434948 
vn 0.0016331756487488747 0.0022738638799637556 -0.009600118733942509 
vn -0.008426095359027386 0.0031150917056947947 -0.00439284835010767 
vn -0.009977075271308422 0.0006767380982637405 -1.1025278606746625e-10 
vn -0.00981984008103609 0.001889261999167502 -0.00003776051744353026 
vn -0.008426095359027386 0.0031150933355093002 0.004392847418785095 
vn -0.008368344977498055 0.0007203261484391987 0.00542696425691247 
vn 0.0016331756487488747 0.002273866906762123 0.009600117802619934 
vn 0.0006599545595236123 0.0005895274807699025 0.00996076874434948 
vn 3.0518806730226887e-15 -0.001717352424748242 0.009851431474089622 
vn -0.008586895652115345 -0.0012420598650351167 0.004972172901034355 
vn 0.007922331802546978 -0.0015017365803942084 0.00591451209038496 
vn -0.00888829492032528 -0.003932545892894268 0.0023522949777543545 
vn -0.00989664439111948 0.00010923285299213603 0.0014298581518232822 
vn -0.009989406913518906 -0.00045862520346418023 0.00003776517041842453 
vn 0.00920264795422554 0.0022738659754395485 0.003184462431818247 
vn 0.009058898314833641 0.0016742936568334699 0.0038901278749108315 
vn 0.000809600343927741 0.0047968486323952675 0.00873697828501463 
vn 0.0012046560877934098 0.003486267989501357 0.009294876828789711 
vn 0.009230158291757107 0.0015017380937933922 0.0035424516536295414 
vn 0.0018735460471361876 0.003972683101892471 0.008983741514384747 
vn 0.009373967535793781 0.0002402939717285335 0.0034743333235383034 
vn 0.004144893027842045 0.0022738666739314795 0.008811889216303825 
vn 0.005554480478167534 0.0019321521976962686 0.008087924681603909 
vn 0.0090248491615057 0.00184633769094944 0.0038914172910153866 
vn 0.0032500349916517735 0.005544345360249281 0.007661430165171623 
vn 0.007922331802546978 -0.0015017365803942084 0.00591451209038496 
vn 0.007820994593203068 -0.002316393656656146 -0.005785011686384678 
vn 0.007764160633087158 -0.0026549536269158125 -0.00571568263694644 
vn 0.007919642142951488 -0.002443707548081875 -0.0055953157134354115 
vn -0.0015401573618873954 -0.004526275210082531 -0.008782980963587761 
vn -0.0007545298431068659 -0.00456519378349185 -0.008865082636475563 
vn -0.001837843214161694 -0.0040127430111169815 -0.00897330604493618 
vn -0.00888829492032528 -0.003932545892894268 0.0023522949777543545 
vn -0.009775928221642971 -0.0015449211932718754 0.0014298426685854793 
vn -0.009386233985424042 0.0024860526900738478 0.0023912652395665646 
vn -0.008985539898276329 0.002443707315251231 0.003645321587100625 
vn -0.004295357037335634 0.008358433842658997 0.0034185508266091347 
vn -0.0036391946487128735 0.008406086824834347 0.004011727403849363 
vn -0.005748466122895479 0.0023163941223174334 0.007847894914448261 
vn -0.002375970594584942 0.006042743567377329 0.007605262100696564 
vn 0.0032500349916517735 0.005544345360249281 0.007661430165171623 
vn -0.00020766617672052234 0.0018892636289820075 0.009817716665565968 
vn 0.005554480478167534 0.0019321521976962686 0.008087924681603909 
vn 0.004144893027842045 0.0022738666739314795 0.008811889216303825 
vn -0.006121999584138393 0.001588077167980373 0.007745910435914993 
vn -0.009577960707247257 -0.002146025886759162 -0.0019123897654935718 
vn -0.008915303274989128 -0.002781099174171686 -0.003575312439352274 
vn -0.009322666563093662 -0.0020605933386832476 -0.0029735243879258633 
vn -0.00789181049913168 0.0014152853982523084 0.005976310931146145 
vn -0.008399497717618942 0.002188681624829769 0.004965694155544043 
vn 0.000809600343927741 0.0047968486323952675 0.00873697828501463 
vn 0.0012046560877934098 0.003486267989501357 0.009294876828789711 
vn 0.0018735460471361876 0.003972683101892471 0.008983741514384747 
vn -0.007558676414191723 0.00210333033464849 0.006200194824486971 
vn 0.0010723829036578536 0.004835141357034445 0.008687428198754787 
vn -0.008007120341062546 0.0026549536269158125 0.005370032973587513 
vn 0.000809600343927741 0.0047968486323952675 0.00873697828501463 
vn -0.008399497717618942 0.002188681624829769 0.004965694155544043 
vn -0.009011192247271538 -0.0024013149086385965 -0.0036100007127970457 
vn -0.009322666563093662 -0.0020605933386832476 -0.0029735243879258633 
vn -0.0015401573618873954 -0.004526275210082531 -0.008782980963587761 
vn -0.0008105774759314954 -0.004642768297344446 -0.008819730952382088 
vn 0.007782007567584515 -0.002864932408556342 -0.005588605999946594 
vn 0.007919642142951488 -0.002443707548081875 -0.0055953157134354115 
vn 0.00913996808230877 0.0021033298689872026 0.003469436429440975 
vn 0.00920264795422554 0.0022738659754395485 0.003184462431818247 
vn 0.000809600343927741 0.0047968486323952675 0.00873697828501463 
vn 0.0010723829036578536 0.004835141357034445 0.008687428198754787 
vn 0.009477024897933006 0.0006767386221326888 0.003118978813290596 
vn 0.001054426422342658 0.003363114083185792 0.009358292445540428 
vn 0.0010724312160164118 0.00456519378349185 0.008832264691591263 
vn 0.008996021002531052 0.0036088216584175825 0.002459272975102067 
vn 0.007447272073477507 -0.003486267291009426 -0.005690700840204954 
vn 0.005439994856715202 -0.0024860536213964224 -0.008014112710952759 
vn -0.0010549180442467332 -0.005324285011738539 -0.008398758247494698 
vn -0.0009043399477377534 -0.0047584641724824905 -0.008748667314648628 
vn -0.009146836586296558 -0.0027391023468226194 -0.002971986774355173 
vn -0.007906902581453323 0.0015880768187344074 0.005912605207413435 
vn 0.001054426422342658 0.003363114083185792 0.009358292445540428 
vn 0.0010724312160164118 0.00456519378349185 0.008832264691591263 
vn -0.007870747707784176 0.002612802665680647 0.005587896332144737 
vn -0.009119337424635887 -0.0021886813919991255 -0.003470931202173233 
vn 0.0019688105676323175 -0.002697051502764225 0.009426011703908443 
vn 0.0002083614090224728 -0.00983208417892456 0.0018129285890609026 
vn -0.0013550797011703253 -0.00010923100489890203 0.009907159954309464 
vn -0.006421891041100025 -0.007654199842363596 -0.0004153889894951135 
vn 0.006497110240161419 0.0038116921205073595 0.0065771243534982204 
vn 0.0004153845366090536 -0.007094203028827906 -0.007035604678094387 
vn 0.008761811070144176 0.003031935775652528 0.0037467367947101593 
vn 0.007866449654102325 -0.002612802665680647 -0.005593946203589439 
vn 0.007305249571800232 -0.0030319360084831715 -0.006118880119174719 
vn 0.008873898535966873 0.001975003629922867 0.004165728576481342 
vn 0.008807411417365074 0.000938038865569979 0.004642152227461338 
vn 0.006934505887329578 -0.0029485467821359634 -0.006574093364179134 
vn 0.007232885807752609 -0.005688942037522793 0.003914243075996637 
vn 0.005297719966620207 -0.0060427431017160416 -0.005951421335339546 
vn -0.009119337424635887 -0.0021886813919991255 -0.003470931202173233 
vn -0.007870747707784176 0.002612802665680647 0.005587896332144737 
vn -0.008611399680376053 -0.002486053155735135 -0.0044343359768390656 
vn -0.007135129068046808 0.004409003537148237 0.005445238668471575 
vn -0.009131290018558502 -0.0014152850490063429 -0.0038231555372476578 
vn -0.007181237451732159 0.0038520509842783213 0.0057958210818469524 
vn -0.009045993909239769 -0.0023163934238255024 -0.003578311763703823 
vn -0.007257497403770685 0.002017818158492446 0.006577015854418278 
vn -0.007016110233962536 0.00019661113037727773 0.007122888695448637 
vn -0.008544210344552994 -0.003527186345309019 -0.003815156640484929 
vn -0.006644698325544596 -0.00651853671297431 -0.003654676489531994 
vn -0.004795868415385485 -0.007365798577666283 0.004769135266542435 
vn -0.009119337424635887 -0.0021886813919991255 -0.003470931202173233 
vn -0.008611399680376053 -0.002486053155735135 -0.0044343359768390656 
vn -0.001054081367328763 -0.005831805523484945 -0.008054748177528381 
vn -0.000998797477222979 -0.006452019326388836 -0.00757455313578248 
vn 0.007866449654102325 -0.002612802665680647 -0.005593946203589439 
vn 0.007305249571800232 -0.0030319360084831715 -0.006118880119174719 
vn 0.0004153845366090536 -0.007094203028827906 -0.007035604678094387 
vn -0.0009043399477377534 -0.0047584641724824905 -0.008748667314648628 
vn 0.005439994856715202 -0.0024860536213964224 -0.008014112710952759 
vn 0.0034911646507680416 -0.0021033308003097773 -0.009131690487265587 
vn -0.006421891041100025 -0.007654199842363596 -0.0004153889894951135 
vn 0.006941488478332758 -0.005616858601570129 -0.004501848015934229 
vn 0.0002083614090224728 -0.00983208417892456 0.0018129285890609026 
vn -0.009131290018558502 -0.0014152850490063429 -0.0038231555372476578 
vn -0.009045993909239769 -0.0023163934238255024 -0.003578311763703823 
vn -0.0006039897562004626 -0.005471407901495695 -0.008348586037755013 
vn -0.0004530860751401633 -0.004835141357034445 -0.008741631172597408 
vn 0.006934505887329578 -0.0029485467821359634 -0.006574093364179134 
vn 0.005297719966620207 -0.0060427431017160416 -0.005951421335339546 
vn -0.000037798188714077696 -0.007185976020991802 -0.0069541591219604015 
vn -0.008544210344552994 -0.003527186345309019 -0.003815156640484929 
vn -0.006644698325544596 -0.00651853671297431 -0.003654676489531994 
vn -0.00854584388434887 -0.005138099193572998 -0.0007539789075963199 
vn 0.008113302290439606 -0.0007203243440017104 0.0058013321831822395 
vn 0.0010848522651940584 -0.009919826872646809 0.0006481705931946635 
vn 0.00871013943105936 -0.00002184614095313009 0.004912534262984991 
vn 0.007775432895869017 -0.0009380370611324906 0.0062179360538721085 
vn 0.006687164772301912 0.00010923382797045633 0.007434372324496508 
vn 0.008113302290439606 -0.0007203243440017104 0.0058013321831822395 
vn 0.00656871497631073 0.000981531455181539 0.007475866470485926 
vn 0.006784677039831877 -0.00045862403931096196 0.0073319729417562485 
vn 0.008989829570055008 -0.00015292203170247376 0.0043771653436124325 
vn 0.009955907240509987 0.0009380381088703871 -1.528260989980268e-10 
vn 0.008289327844977379 -0.0010684565640985966 0.005490486975759268 
vn 0.008030347526073456 -0.0016311990329995751 0.0057317279279232025 
vn 0.003926049452275038 -0.0018463355954736471 0.009009838104248047 
vn 0.005298151168972254 -0.006317507941275835 0.005658505950123072 
vn 0.0062324577011168 -0.00782026071101427 1.2740846155878671e-9 
vn 0.009794305078685284 -0.0020178172271698713 3.2874480915268123e-10 
vn 0.008030347526073456 -0.0016312008956447244 -0.005731726996600628 
vn 0.005298151168972254 -0.006317509803920984 -0.0056585040874779224 
vn 0.003963096998631954 -0.0019321523141115904 -0.008975558914244175 
vn 0.007775432895869017 -0.0009380390984006226 -0.006217935588210821 
vn 0.003927326295524836 0.0008074559736996889 -0.009161011315882206 
vn 0.006854127161204815 0.00006553922139573842 -0.007281253580003977 
vn 0.006857526488602161 0.0009380368865095079 -0.007217646576464176 
vn 0.00871013943105936 -0.00002184774166380521 -0.004912534262984991 
vn 0.006949228700250387 -0.00045862639672122896 -0.0071762022562325 
vn 0.006869200617074966 0.0033631115220487118 -0.006442326121032238 
vn 0.0027019416447728872 0.006907015107572079 -0.006707656197249889 
vn 0.006781980395317078 0.0033219330944120884 0.006555112544447184 
vn 0.008989829570055008 -0.00015292345779016614 -0.0043771653436124325 
vn 0.008670314215123653 0.0016312007792294025 0.004707954358309507 
vn 0.0027019416447728872 0.006907016970217228 0.006707653868943453 
vn 0.008956210687756538 0.004448178224265575 -7.247016320377497e-10 
vn 0.009991385973989964 -0.0004149730084463954 6.760781517956005e-11 
vn 0.008289327844977379 -0.0010684584267437458 -0.0054904865100979805 
vn 0.00885690189898014 -0.004642766900360584 7.564042170393748e-10 
vn 0.009893063455820084 -0.0014585249591618776 2.376243368740205e-10 
vn 0.0031773047521710396 0.009481810964643955 -1.5447860768347255e-9 
vn 0.003926049452275038 -0.0018463355954736471 0.009009838104248047 
vn 0.0015030334470793605 -0.0033631110563874245 0.00929679349064827 
vn 0.005298151168972254 -0.006317507941275835 0.005658505950123072 
vn 0.000678566109854728 -0.00739528052508831 0.0066969674080610275 
vn -0.0014280565083026886 -0.004758461378514767 0.008678576909005642 
vn 0.00009441716247238219 -0.002697051502764225 0.009628966450691223 
vn -0.006484657060354948 -0.007185974158346653 0.0025121707003563643 
vn -0.004474588204175234 -0.00502520427107811 0.007397660985589027 
vn -0.006581379100680351 -0.005398050881922245 0.005248475819826126 
vn -0.007941622287034988 -0.005025205202400684 0.0034173016902059317 
vn 0.008113302290439606 -0.0007203243440017104 0.0058013321831822395 
vn 0.003544145030900836 0.0003276472561992705 0.009345142170786858 
vn -0.002381842816248536 -0.005760591942816973 0.007819361053407192 
vn 0.0006033945828676224 -0.007954542525112629 0.006030022166669369 
vn 0.0006549396202899516 -0.009978529997169971 1.6257120094564925e-9 
vn 0.0062324577011168 -0.00782026071101427 1.2740846155878671e-9 
vn 0.0017818838823586702 -0.009839964099228382 1.6031367344737646e-9 
vn 0.003544145030900836 0.0003276472561992705 0.009345142170786858 
vn 0.0005826778360642493 0.008085031062364578 0.005856001749634743 
vn 0.0001660951238591224 0.009949545376002789 -0.00098942662589252 
vn -0.00633417209610343 0.0038116921205073595 0.0067341867834329605 
vn -0.008468975313007832 0.004949461668729782 -0.0019440389005467296 
vn -0.009599507786333561 -0.0016742933075875044 -0.0022463712375611067 
vn -0.00954264122992754 -0.0019750031642615795 -0.0022444084752351046 
vn -0.004702216479927301 -0.006747395731508732 0.005688744131475687 
vn -0.006484657060354948 -0.007185974158346653 0.0025121707003563643 
vn 0.00009441716247238219 -0.002697051502764225 0.009628966450691223 
vn 0.00202467804774642 -0.00015292115858756006 0.009791694581508636 
vn 0.0021723334211856127 0.00015292433090507984 0.009759998880326748 
vn -0.003456803970038891 0.0012854058295488358 0.009295064955949783 
vn -0.003736103419214487 0.0018892635125666857 0.009081421419978142 
vn 0.002319758990779519 -0.00002184535696869716 0.009727191179990768 
vn 0.00198808079585433 -0.0006767365266568959 0.009776991792023182 
vn -0.004512872081249952 0.00006554186256835237 0.00892354641109705 
vn 0.002411257242783904 -0.0008509992621839046 0.009667555801570415 
vn -0.004154686350375414 -0.0008509993785992265 0.009056178852915764 
vn 0.0023190947249531746 -0.0002402918180450797 0.009724405594170094 
vn -0.0035290359519422054 -0.0008074559736996889 0.009321690537035465 
vn -0.008761617355048656 -0.0010250029154121876 0.0047099292278289795 
vn -0.008553218096494675 -0.00032764486968517303 0.005170600488781929 
vn -0.008793291635811329 0.0008945288136601448 0.00467737577855587 
vn -0.008184008300304413 0.0027391028124839067 0.005051665008068085 
vn -0.008355587720870972 0.0011986942263320088 0.005361649207770824 
vn -0.009939249604940414 0.0008945279405452311 -0.0006412086077034473 
vn -0.009489758871495724 0.003031934844329953 -0.0008670900715515018 
vn -0.007530926261097193 0.00032764466595835984 -0.006570981349796057 
vn -0.007155074272304773 0.0027810975443571806 -0.006408619694411755 
vn -0.002023827750235796 -0.0003276473144069314 -0.009787581861019135 
vn -0.002042954321950674 0.0017603806918486953 -0.0096295066177845 
vn -0.007782819680869579 0.0005895248614251614 -0.006251413840800524 
vn -0.002756084781140089 -0.000371314468793571 -0.009605525992810726 
vn -0.009893209673464298 0.0011118907714262605 -0.0009423887240700424 
vn -0.009885350242257118 -0.0012854044325649738 -0.0007921989890746772 
vn -0.009976888075470924 -0.000021847052266821265 -0.0006791467312723398 
vn -0.007815592922270298 -0.0015880769351497293 -0.006032786797732115 
vn -0.0029387357644736767 -0.0018033783417195082 -0.009386781603097916 
vn -0.007729200646281242 -0.00015292377793230116 -0.006343191023916006 
vn -0.0027764567639678717 -0.0004586267750710249 -0.009595881216228008 
vn -0.002023827750235796 -0.0003276473144069314 -0.009787581861019135 
vn 0.0034358256962150335 -0.0015880774008110166 -0.009255977347493172 
vn 0.003824779763817787 -0.00032764722709544003 -0.009233835153281689 
vn 0.008078410290181637 -0.002864932408556342 -0.005150868557393551 
vn -0.002042954321950674 0.0017603806918486953 -0.0096295066177845 
vn 0.0041726273484528065 -0.00010923409718088806 -0.00908720213919878 
vn -0.002756084781140089 -0.000371314468793571 -0.009605525992810726 
vn 0.003665715688839555 -0.0011553047224879265 -0.009231890551745892 
vn -0.0029387357644736767 -0.0018033783417195082 -0.009386781603097916 
vn 0.0036312376614660025 -0.0016312014777213335 -0.00917351059615612 
vn -0.0027764567639678717 -0.0004586267750710249 -0.009595881216228008 
vn 0.0030280642677098513 0.0005459008971229196 -0.00951487384736538 
vn 0.0086537329480052 -0.001285405014641583 -0.004843618255108595 
vn 0.008359422907233238 0.0026128010358661413 -0.004826315678656101 
vn 0.008527558296918869 -0.0013720177812501788 -0.005039673764258623 
vn 0.008189291693270206 -0.002231295220553875 -0.0052874209359288216 
vn 0.009445436298847198 -0.003156582359224558 0.0009053807007148862 
vn 0.009424323216080666 -0.003239380894228816 0.0008297872846014798 
vn 0.007173772901296616 -0.0022312933579087257 0.0065998719073832035 
vn 0.009882261976599693 -0.0012854040833190084 0.000829836935736239 
vn 0.009898967109620571 -0.0010250036139041185 0.000979703851044178 
vn 0.0094919977709651 0.002990269334986806 0.0009799320250749588 
vn 0.007586429826915264 -0.0008945269510149956 0.006453364156186581 
vn 0.007365962490439415 0.0016742940060794353 0.006552811712026596 
vn 0.002411257242783904 -0.0008509992621839046 0.009667555801570415 
vn 0.0023190947249531746 -0.0002402918180450797 0.009724405594170094 
vn 0.00198808079585433 -0.0006767365266568959 0.009776991792023182 
vn 0.007558747660368681 -0.0011118899565190077 0.006452057044953108 
vn 0.007083933334797621 -0.00218867976218462 0.006710258312523365 
vn 0.00202467804774642 -0.00015292115858756006 0.009791694581508636 
vn 0.0021723334211856127 0.00015292433090507984 0.009759998880326748 
vn 0.002319758990779519 -0.00002184535696869716 0.009727191179990768 
vn 0.00920264795422554 0.0022738648112863302 -0.003184463130310178 
vn 0.000809600343927741 0.004796845838427544 -0.008736980147659779 
vn 0.009058898314833641 0.0016742923762649298 -0.0038901283405721188 
vn 0.0012046560877934098 0.0034862649627029896 -0.009294877760112286 
vn 0.009230158291757107 0.001501736929640174 -0.0035424521192908287 
vn 0.0018735460471361876 0.0039726803079247475 -0.008983742445707321 
vn 0.009373967535793781 0.0002402928366791457 -0.0034743333235383034 
vn 0.004144893027842045 0.0022738638799637556 -0.0088118901476264 
vn 0.005554480478167534 0.0019321495201438665 -0.008087925612926483 
vn 0.0090248491615057 0.0018463364103809 -0.0038914179895073175 
vn 0.0032500349916517735 0.005544343031942844 -0.007661431562155485 
vn 0.007922331802546978 -0.0015017384430393577 -0.005914511624723673 
vn 0.007820994593203068 -0.002316391794010997 0.0057850126177072525 
vn 0.007764160633087158 -0.0026549517642706633 0.005715683568269014 
vn 0.007919642142951488 -0.0024437056854367256 0.005595316644757986 
vn -0.0015401573618873954 -0.00452627195045352 0.00878298282623291 
vn -0.0007545298431068659 -0.004565190523862839 0.008865084499120712 
vn -0.008915303274989128 -0.002781098010018468 0.003575313137844205 
vn -0.009322666563093662 -0.002060592407360673 0.0029735248535871506 
vn -0.00789181049913168 0.0014152834191918373 -0.005976311396807432 
vn -0.008399497717618942 0.0021886799950152636 -0.004965695086866617 
vn 0.000809600343927741 0.004796845838427544 -0.008736980147659779 
vn 0.0012046560877934098 0.0034862649627029896 -0.009294877760112286 
vn 0.0018735460471361876 0.0039726803079247475 -0.008983742445707321 
vn -0.007558676414191723 0.002103328239172697 -0.006200195290148258 
vn 0.004144893027842045 0.0022738638799637556 -0.0088118901476264 
vn -0.006121999584138393 0.0015880746068432927 -0.007745911367237568 
vn -0.005748466122895479 0.002316391561180353 -0.007847895845770836 
vn -0.00020766617672052234 0.0018892604857683182 -0.009817717596888542 
vn 0.005554480478167534 0.0019321495201438665 -0.008087925612926483 
vn 0.0032500349916517735 0.005544343031942844 -0.007661431562155485 
vn -0.002375970594584942 0.006042740773409605 -0.007605263963341713 
vn -0.0036391946487128735 0.008406085893511772 -0.004011730197817087 
vn -0.008985539898276329 0.002443706151098013 -0.0036453225184231997 
vn -0.004295357037335634 0.008358432911336422 -0.0034185536205768585 
vn -0.009386233985424042 0.002486051991581917 -0.0023912659380584955 
vn -0.009775928221642971 -0.0015449216589331627 -0.001429842202924192 
vn -0.009577960707247257 -0.002146025188267231 0.0019123904639855027 
vn -0.001837843214161694 -0.004012740217149258 0.00897330790758133 
vn -0.00888829492032528 -0.003932546358555555 -0.0023522935807704926 
vn 0.0010724312160164118 0.004565190523862839 -0.008832265622913837 
vn -0.007870747707784176 0.0026128008030354977 -0.005587897263467312 
vn 0.001054426422342658 0.0033631110563874245 -0.009358294308185577 
vn -0.007906902581453323 0.0015880749560892582 -0.005912605673074722 
vn 0.0010723829036578536 0.004835138563066721 -0.008687430061399937 
vn -0.008007120341062546 0.0026549517642706633 -0.005370033904910088 
vn 0.000809600343927741 0.004796845838427544 -0.008736980147659779 
vn -0.008399497717618942 0.0021886799950152636 -0.004965695086866617 
vn -0.009119337424635887 -0.002188680460676551 0.003470931900665164 
vn -0.009146836586296558 -0.002739101415500045 0.002971987472847104 
vn -0.0009043399477377534 -0.004758461378514767 0.008748669177293777 
vn -0.0010549180442467332 -0.005324282683432102 0.008398759178817272 
vn 0.005439994856715202 -0.002486051060259342 0.008014112710952759 
vn 0.007447272073477507 -0.003486265428364277 0.005690702237188816 
vn 0.008996021002531052 0.0036088209599256516 -0.0024592741392552853 
vn 0.009477024897933006 0.0006767375743947923 -0.0031189790461212397 
vn 0.0010724312160164118 0.004565190523862839 -0.008832265622913837 
vn 0.001054426422342658 0.0033631110563874245 -0.009358294308185577 
vn 0.00913996808230877 0.0021033287048339844 -0.003469437127932906 
vn 0.0010723829036578536 0.004835138563066721 -0.008687430061399937 
vn 0.000809600343927741 0.004796845838427544 -0.008736980147659779 
vn 0.00920264795422554 0.0022738648112863302 -0.003184463130310178 
vn 0.007919642142951488 -0.0024437056854367256 0.005595316644757986 
vn 0.007782007567584515 -0.002864930545911193 0.005588606931269169 
vn -0.0015401573618873954 -0.00452627195045352 0.00878298282623291 
vn -0.0008105774759314954 -0.004642765503376722 0.008819732815027237 
vn -0.009011192247271538 -0.0024013137444853783 0.0036100016441196203 
vn -0.009322666563093662 -0.002060592407360673 0.0029735248535871506 
vn 0.0019688105676323175 -0.0026970545295625925 -0.009426010772585869 
vn -0.0013550797011703253 -0.00010923422814812511 -0.009907159954309464 
vn 0.0002083614090224728 -0.00983208417892456 -0.0018129253294318914 
vn -0.006421891041100025 -0.007654199376702309 0.00041539149242453277 
vn 0.006497110240161419 0.0038116900250315666 -0.006577125750482082 
vn 0.0004153845366090536 -0.007094200700521469 0.007035607006400824 
vn 0.008761811070144176 0.003031934378668666 -0.003746737726032734 
vn 0.007866449654102325 -0.0026128008030354977 0.005593947134912014 
vn 0.007305249571800232 -0.0030319341458380222 0.0061188810504972935 
vn 0.008873898535966873 0.001975002232939005 -0.00416572904214263 
vn 0.008807411417365074 0.0009380373521707952 -0.004642152693122625 
vn 0.006934505887329578 -0.0029485446866601706 0.006574094295501709 
vn 0.007232885807752609 -0.005688943434506655 -0.003914241213351488 
vn 0.005297719966620207 -0.006042741239070892 0.005951423663645983 
vn -0.009119337424635887 -0.002188680460676551 0.003470931900665164 
vn -0.007870747707784176 0.0026128008030354977 -0.005587897263467312 
vn -0.008611399680376053 -0.0024860515259206295 0.00443433690816164 
vn -0.007135129068046808 0.004409001674503088 -0.005445240065455437 
vn -0.009131290018558502 -0.0014152837684378028 0.003823156002908945 
vn -0.007181237451732159 0.003852049121633172 -0.005795822013169527 
vn -0.009045993909239769 -0.002316392259672284 0.003578312462195754 
vn -0.007257497403770685 0.002017816063016653 -0.006577016320079565 
vn -0.007016110233962536 0.0001966088020708412 -0.007122888695448637 
vn -0.008544210344552994 -0.003527184948325157 0.0038151578046381474 
vn -0.006644698325544596 -0.006518535781651735 0.0036546785850077868 
vn -0.004795868415385485 -0.007365800440311432 -0.004769132938235998 
vn -0.009119337424635887 -0.002188680460676551 0.003470931900665164 
vn -0.008611399680376053 -0.0024860515259206295 0.00443433690816164 
vn -0.001054081367328763 -0.005831803195178509 0.00805475004017353 
vn -0.000998797477222979 -0.006452016998082399 0.0075745549984276295 
vn 0.007866449654102325 -0.0026128008030354977 0.005593947134912014 
vn 0.007305249571800232 -0.0030319341458380222 0.0061188810504972935 
vn 0.0004153845366090536 -0.007094200700521469 0.007035607006400824 
vn -0.0009043399477377534 -0.004758461378514767 0.008748669177293777 
vn 0.005439994856715202 -0.002486051060259342 0.008014112710952759 
vn 0.0034911646507680416 -0.0021033277735114098 0.009131691418588161 
vn -0.006421891041100025 -0.007654199376702309 0.00041539149242453277 
vn 0.006941488478332758 -0.0056168572045862675 0.004501849878579378 
vn 0.0002083614090224728 -0.00983208417892456 -0.0018129253294318914 
vn -0.009131290018558502 -0.0014152837684378028 0.003823156002908945 
vn -0.009045993909239769 -0.002316392259672284 0.003578312462195754 
vn -0.0006039897562004626 -0.005471405107527971 0.008348587900400162 
vn -0.0004530860751401633 -0.004835138563066721 0.008741633035242558 
vn 0.006934505887329578 -0.0029485446866601706 0.006574094295501709 
vn 0.005297719966620207 -0.006042741239070892 0.005951423663645983 
vn -0.000037798188714077696 -0.007185973692685366 0.006954161450266838 
vn -0.008544210344552994 -0.003527184948325157 0.0038151578046381474 
vn -0.006644698325544596 -0.006518535781651735 0.0036546785850077868 
vn 0.003963096998631954 -0.0019321523141115904 -0.008975558914244175 
vn 0.0013925092061981559 -0.003404230810701847 -0.009299038909375668 
vn 0.005298151168972254 -0.006317509803920984 -0.0056585040874779224 
vn 0.000678566109854728 -0.007395282853394747 -0.006696965079754591 
vn -0.0014280565083026886 -0.0047584641724824905 -0.008678575977683067 
vn 0.00009441716247238219 -0.0026970545295625925 -0.009628966450691223 
vn -0.006484657060354948 -0.007185975089669228 -0.0025121683720499277 
vn -0.004474588204175234 -0.005025206599384546 -0.007397659122943878 
vn -0.006581379100680351 -0.005398052744567394 -0.005248474422842264 
vn -0.007941622287034988 -0.005025206133723259 -0.003417300060391426 
vn 0.003927326295524836 0.0008074559736996889 -0.009161011315882206 
vn 0.0034743333235383034 0.00024029187625274062 -0.009373967535793781 
vn -0.002381842816248536 -0.005760594736784697 -0.007819359190762043 
vn 0.0006033945828676224 -0.007954544387757778 -0.006030019372701645 
vn 0.0006549396202899516 -0.009978529997169971 1.6257120094564925e-9 
vn 0.0062324577011168 -0.00782026071101427 1.2740846155878671e-9 
vn 0.0017818838823586702 -0.009839964099228382 1.6031367344737646e-9 
vn -0.003276858711615205 -0.0011553047224879265 -0.009376964531838894 
vn 0.0027019416447728872 0.006907015107572079 -0.006707656197249889 
vn -0.0029602902941405773 0.006181068252772093 -0.007282243575900793 
vn 0.0031773047521710396 0.009481810964643955 -1.5447860768347255e-9 
vn -0.004032568074762821 0.009150790981948376 0.00003759213723242283 
vn -0.00724391033872962 0.0029485446866601706 -0.0062315198592841625 
vn -0.009277932345867157 0.0037307559978216887 0.00003770656621782109 
vn -0.006573240272700787 -0.00019661118858493865 -0.007533515803515911 
vn -0.00996365211904049 -0.0008510008337907493 0.00003775874574785121 
vn -0.0071784392930567265 -0.0018033778760582209 -0.006724420469254255 
vn -0.00899188406765461 -0.004369742702692747 -0.0002266422234242782 
vn -0.00007548787834821269 -0.0002839739026967436 -0.009995682165026665 
vn 0.0005467963637784123 0.0009380364790558815 -0.009940880350768566 
vn -0.00024534115800634027 -0.0005459040985442698 -0.009982073679566383 
vn -0.0033466964960098267 -0.002612803364172578 -0.00905388779938221 
vn 0.0065015144646167755 -0.00759767135605216 0.00007551335875177756 
vn -0.0016451491974294186 -0.009855159558355808 0.00041148136369884014 
vn 0.004951487295329571 -0.006215356756001711 0.00607059383764863 
vn -0.00592039804905653 -0.002231293125078082 0.007744044065475464 
vn -0.00899188406765461 -0.004369742702692747 -0.0002266422234242782 
vn 0.0034743333235383034 0.00024029187625274062 -0.009373967535793781 
vn 0.0001660951238591224 0.009949545376002789 0.0009894233662635088 
vn 0.0005826778360642493 0.008085029199719429 -0.005856004543602467 
vn -0.00633417209610343 0.0038116900250315666 -0.006734188180416822 
vn -0.008468975313007832 0.004949462600052357 0.001944037270732224 
vn -0.009599507786333561 -0.0016742926090955734 0.002246371703222394 
vn -0.00954264122992754 -0.0019750024657696486 0.002244408940896392 
vn -0.004702216479927301 -0.006747397594153881 -0.0056887418031692505 
vn -0.006484657060354948 -0.007185975089669228 -0.0025121683720499277 
vn 0.00009441716247238219 -0.0026970545295625925 -0.009628966450691223 
vn 0.008670314215123653 0.0016312007792294025 0.004707954358309507 
vn 0.0027019416447728872 0.006907016970217228 0.006707653868943453 
vn -0.002972379559651017 -0.0017173525411635637 0.00939231924712658 
vn -0.0029602902941405773 0.006181070581078529 0.007282241713255644 
vn 0.0031773047521710396 0.009481810964643955 -1.5447860768347255e-9 
vn -0.004032568074762821 0.009150790981948376 0.00003759213723242283 
vn -0.00724391033872962 0.0029485467821359634 0.006231518927961588 
vn -0.009277932345867157 0.0037307559978216887 0.00003770656621782109 
vn -0.006573240272700787 -0.00019660872931126505 0.007533515803515911 
vn -0.00996365211904049 -0.0008510008337907493 0.00003775874574785121 
vn -0.00592039804905653 -0.002231293125078082 0.007744044065475464 
vn -0.00899188406765461 -0.004369742702692747 -0.0002266422234242782 
vn 3.097898490739357e-15 0.000021848571122973226 0.009999976493418217 
vn 0.0005467963637784123 0.0009380396804772317 0.009940879419445992 
vn -0.00024534115800634027 -0.0005459008389152586 0.009982073679566383 
vn -0.0033466964960098267 -0.0026128003373742104 0.009053888730704784 
vn 0.003927326295524836 0.0008074559736996889 -0.009161011315882206 
vn 0.0061490791849792 -0.005867241881787777 0.005269183777272701 
vn 0.007249219808727503 -0.00278109940700233 -0.00630192831158638 
vn 0.004951487295329571 -0.006215356756001711 0.00607059383764863 
vn -0.0016451491974294186 -0.009855159558355808 0.00041148136369884014 
vn -0.00592039804905653 -0.002231293125078082 0.007744044065475464 
vn -0.00899188406765461 -0.004369742702692747 -0.0002266422234242782 
vn 0.0065015144646167755 -0.00759767135605216 0.00007551335875177756 
vn -0.007923658937215805 -0.006077498663216829 0.0005288153770379722 
vn -0.0007150475867092609 -0.009236703626811504 0.003764574648812413 
vn 3.097898490739357e-15 0.000021848571122973226 0.009999976493418217 
vn -0.006549690384417772 -0.007482877932488918 0.0010526602854952216 
vn -0.00022651522886008024 -0.0036088197957724333 0.00932336412370205 
vn 0.0034752623178064823 -0.00006553887942573056 0.009376473724842072 
vn 0.007816167548298836 -0.005972883198410273 0.0017978284740820527 
vn 0.005778903141617775 -0.0024013156071305275 -0.007799868937581778 
vn 0.0019677088130265474 -0.0030319367069751024 -0.009323920123279095 
vn 0.002014485653489828 -0.00904193613678217 -0.003766330424696207 
vn -0.002842935035005212 -0.003115094034001231 -0.009067188948392868 
vn 0.008113302290439606 -0.0007203243440017104 0.0058013321831822395 
vn 0.008670314215123653 0.0016312007792294025 0.004707954358309507 
vn 0.0010848522651940584 -0.009919826872646809 0.0006481705931946635 
vn -0.002972379559651017 -0.0017173525411635637 0.00939231924712658 
vn -0.00854584388434887 -0.005138099193572998 -0.0007539789075963199 
vn 0.008670314215123653 0.0016312007792294025 0.004707954358309507 
vn -0.002972379559651017 -0.0017173525411635637 0.00939231924712658 
vn 0.0010848522651940584 -0.009919826872646809 0.0006481705931946635 
vn 0.0016331756487488747 0.0022738638799637556 -0.009600118733942509 
vn 0.008976966142654419 -0.000938038807362318 -0.004305131733417511 
vn 0.0006599545595236123 0.0005895242793485522 -0.00996076874434948 
vn 0.008622678928077221 0.00045862438855692744 -0.005043716635555029 
vn 0.008227238431572914 -0.0008945289300754666 -0.005613586865365505 
vn -1.0187518307720462e-15 -0.001717355684377253 -0.009851430542767048 
vn 0.0083015700802207 0.0022738645784556866 -0.005090527236461639 
vn 0.007922331802546978 -0.0015017384430393577 -0.005914511624723673 
vn 0.007065633311867714 0.0056168572045862675 -0.004304386209696531 
vn 0.007830766029655933 0.0036088204942643642 -0.005065126810222864 
vn 0.0071417479775846004 0.0066826422698795795 -0.0020827215630561113 
vn 0.004690378438681364 0.007927987724542618 -0.0038919602520763874 
vn 0.007271385286003351 0.0051755341701209545 -0.004510077182203531 
vn 0.0015915225958451629 0.006385005544871092 -0.0075298575684428215 
vn -0.004295357037335634 0.008358432911336422 -0.0034185536205768585 
vn -0.007001263555139303 0.0051755341701209545 -0.004918958526104689 
vn 0.009886596351861954 -0.001501737511716783 2.44664594140076e-10 
vn 0.009994630701839924 0.0003276457136962563 -5.33803695690338e-11 
vn 0.008622678928077221 0.0004586260474752635 0.005043716169893742 
vn 0.008976966142654419 -0.0009380373521707952 0.004305132199078798 
vn 0.008774409070611 0.0047968472354114056 -7.815071367822668e-10 
vn 0.007779244799166918 0.006283578462898731 -1.0237268810442401e-9 
vn 0.007833857089281082 0.0062153576873242855 -1.0126123273224152e-9 
vn 0.009402724914252758 0.0034042291808873415 -5.546204606687866e-10 
vn 0.009977075271308422 -0.0006767380982637405 1.1025484691895571e-10 
vn 0.008227238431572914 -0.0008945271256379783 0.005613586865365505 
vn 0.0006599545595236123 0.0005895274807699025 0.00996076874434948 
vn 3.0518806730226887e-15 -0.001717352424748242 0.009851431474089622 
vn 0.0083015700802207 0.002273866208270192 0.005090526770800352 
vn 0.007065633311867714 0.005616858601570129 0.004304384347051382 
vn 0.0016331756487488747 0.002273866906762123 0.009600117802619934 
vn 0.007922331802546978 -0.0015017365803942084 0.00591451209038496 
vn 0.007830766029655933 0.00360882212407887 0.0050651258789002895 
vn 0.0071417479775846004 0.006682643201202154 0.002082719234749675 
vn 0.004690378438681364 0.007927989587187767 0.003891957690939307 
vn 0.007271385286003351 0.005175536032766104 0.004510075319558382 
vn 0.0015915225958451629 0.006385008338838816 0.007529855705797672 
vn -0.004295357037335634 0.008358433842658997 0.0034185508266091347 
vn -0.007001263555139303 0.005175536032766104 0.004918956663459539 
vn -0.004295357037335634 0.008358433842658997 0.0034185508266091347 
vn 0.004690378438681364 0.007927989587187767 0.003891957690939307 
vn -0.0036391946487128735 0.008406086824834347 0.004011727403849363 
vn 0.005080692004412413 0.00756918964907527 0.004110222682356834 
vn -0.002375970594584942 0.006042743567377329 0.007605262100696564 
vn 0.007830766029655933 0.00360882212407887 0.0050651258789002895 
vn 0.008774409070611 0.0047968472354114056 -7.815071367822668e-10 
vn 0.007271385286003351 0.005175536032766104 0.004510075319558382 
vn 0.009994630701839924 0.0003276457136962563 -5.33803695690338e-11 
vn 0.007016110233962536 0.00019661113037727773 0.007122888695448637 
vn 0.0015915225958451629 0.006385008338838816 0.007529855705797672 
vn -0.00007543610263383016 0.0014585264725610614 0.009892775677144527 
vn -0.007001263555139303 0.005175536032766104 0.004918956663459539 
vn -0.006050114519894123 0.0036495374515652657 0.007076509762555361 
vn -0.00914188101887703 0.004052725154906511 -0.00003774078140850179 
vn -0.008689235895872116 0.004949462134391069 -8.063695267068738e-10 
vn -0.006050114519894123 0.003649535123258829 -0.007076510693877935 
vn -0.007001263555139303 0.0051755341701209545 -0.004918958526104689 
vn -0.00007543610263383016 0.001458523329347372 -0.009892776608467102 
vn 0.0015915225958451629 0.006385005544871092 -0.0075298575684428215 
vn 0.007016110233962536 0.0001966088020708412 -0.007122888695448637 
vn 0.007271385286003351 0.0051755341701209545 -0.004510077182203531 
vn 0.009994630701839924 0.0003276457136962563 -5.33803695690338e-11 
vn 0.008774409070611 0.0047968472354114056 -7.815071367822668e-10 
vn -0.00018883195298258215 -0.006584557704627514 -0.007523825392127037 
vn -0.004000463522970676 -0.0006767396116629243 -0.00913992989808321 
vn -0.0028230566531419754 -0.006452019326388836 -0.007099422160536051 
vn -0.008679326623678207 -0.000458626018371433 -0.004945600405335426 
vn -0.0062340437434613705 -0.006811635568737984 -0.003839051118120551 
vn -0.00996492151170969 0.00010923275112872943 0.0008297049789689481 
vn -0.007341948337852955 -0.0067473966628313065 0.0007539509679190814 
vn -0.0076970322988927364 0.0007638996466994286 0.0063381502404809 
vn -0.005755132995545864 -0.00618106871843338 0.005354702472686768 
vn -0.002793717896565795 0.0011986949248239398 0.009526713751256466 
vn -0.001761815045028925 -0.005652953404933214 0.008058544248342514 
vn -0.0027764567639678717 -0.000458623660961166 0.009595882147550583 
vn -0.007729200646281242 -0.00015292171156033874 0.006343191489577293 
vn -0.009976888075470924 -0.000021846830350114033 0.0006791467312723398 
vn -0.008553218096494675 -0.0003276465577073395 -0.005170600488781929 
vn -0.0035290359519422054 -0.0008074590004980564 -0.009321690537035465 
vn 0.0002264723734697327 0.00024029177438933402 -0.009994546882808208 
vn 0.0023190947249531746 -0.0002402949903625995 -0.009724405594170094 
vn 0.003912114072591066 0.004873341880738735 0.007806785404682159 
vn 0.0035221180878579617 0.005688943900167942 0.007431729231029749 
vn 0.0030280642677098513 0.0005459040403366089 0.00951487384736538 
vn 0.0005091271013952792 0.00180337845813483 0.009822862222790718 
vn -0.002793717896565795 0.0011986949248239398 0.009526713751256466 
vn -0.001761815045028925 -0.005652953404933214 0.008058544248342514 
vn 0.00018896696565207094 -0.0063513172790408134 0.007721726782619953 
vn 0.0029929340817034245 -0.005434779450297356 0.00784254539757967 
vn -0.0027764567639678717 -0.000458623660961166 0.009595882147550583 
vn 0.0022755544632673264 -0.005507929250597954 -0.008030228316783905 
vn 0.006288881879299879 -0.005138100124895573 -0.005835229065269232 
vn -0.00005833018440171145 -0.009996564127504826 -0.0002555596292950213 
vn -0.00003888926585204899 -0.009998473338782787 -0.0001703833695501089 
vn -0.00018883195298258215 -0.006584557704627514 -0.007523825392127037 
vn -0.00013106674305163324 -0.009996564127504826 -0.00022701262787450105 
vn -0.0028230566531419754 -0.006452019326388836 -0.007099422160536051 
vn -0.0062340437434613705 -0.006811635568737984 -0.003839051118120551 
vn -0.00015745942073408514 -0.009998473338782787 -0.00007582682883366942 
vn -0.007341948337852955 -0.0067473966628313065 0.0007539509679190814 
vn -0.001761815045028925 -0.005652953404933214 0.008058544248342514 
vn -0.005755132995545864 -0.00618106871843338 0.005354702472686768 
vn 0.00018896696565207094 -0.0063513172790408134 0.007721726782619953 
vn -0.00007873271533753723 -0.00999961793422699 -0.00003791405106312595 
vn 0.007073483429849148 -0.0056529538705945015 0.004243812523782253 
vn 0.008174192160367966 -0.005688942968845367 -0.0009047183557413518 
vn 0.0029929340817034245 -0.005434779450297356 0.00784254539757967 
vn 0.0023190947249531746 -0.0002402949903625995 -0.009724405594170094 
vn 0.0036581053864210844 0.0028230405878275633 -0.008868410252034664 
vn 0.0002264723734697327 0.00024029177438933402 -0.009994546882808208 
vn 0.0030071386136114597 0.005212871357798576 -0.007986431941390038 
vn -0.00018883195298258215 -0.006584557704627514 -0.007523825392127037 
vn 0.0022755544632673264 -0.005507929250597954 -0.008030228316783905 
vn 0.007232885807752609 -0.005688942037522793 0.003914243075996637 
vn 0.008807411417365074 0.000938038865569979 0.004642152227461338 
vn 0.0005848220898769796 0.0011118926340714097 0.00992076937109232 
vn 0.00047142093535512686 0.0019321524305269122 0.009800232015550137 
vn -0.004795868415385485 -0.007365798577666283 0.004769135266542435 
vn -0.007016110233962536 0.00019661113037727773 0.007122888695448637 
vn 0.0005843775579705834 0.003404230810701847 0.009384547360241413 
vn -0.007257497403770685 0.002017818158492446 0.006577015854418278 
vn 0.0005091808270663023 0.004604024812579155 0.008862487971782684 
vn -0.007181237451732159 0.0038520509842783213 0.0057958210818469524 
vn 0.0006219045026227832 0.0053980532102286816 0.008394895121455193 
vn -0.007135129068046808 0.004409003537148237 0.005445238668471575 
vn 0.0010724312160164118 0.00456519378349185 0.008832264691591263 
vn -0.007870747707784176 0.002612802665680647 0.005587896332144737 
vn 0.008873898535966873 0.001975003629922867 0.004165728576481342 
vn 0.008761811070144176 0.003031935775652528 0.0037467367947101593 
vn 0.006497110240161419 0.0038116921205073595 0.0065771243534982204 
vn 0.008996021002531052 0.0036088216584175825 0.002459272975102067 
vn -0.0013550797011703253 -0.00010923100489890203 0.009907159954309464 
vn 0.008479555137455463 0.005287247244268656 -0.0003770426847040653 
vn 0.0019688105676323175 -0.002697051502764225 0.009426011703908443 
vn 0.009099634364247322 0.002570601413026452 0.0032540231477469206 
vn 0.005297719966620207 -0.0060427431017160416 -0.005951421335339546 
vn -0.000037798188714077696 -0.007185976020991802 -0.0069541591219604015 
vn 0.007232885807752609 -0.005688942037522793 0.003914243075996637 
vn -0.006644698325544596 -0.00651853671297431 -0.003654676489531994 
vn 0.00015103859186638147 -0.00906051229685545 -0.004228984005749226 
vn -0.004795868415385485 -0.007365798577666283 0.004769135266542435 
vn 0.008996021002531052 0.0036088216584175825 0.002459272975102067 
vn 0.005439994856715202 -0.0024860536213964224 -0.008014112710952759 
vn 0.008479555137455463 0.005287247244268656 -0.0003770426847040653 
vn 0.0034911646507680416 -0.0021033308003097773 -0.009131690487265587 
vn 0.009099634364247322 0.002570601413026452 0.0032540231477469206 
vn 0.006941488478332758 -0.005616858601570129 -0.004501848015934229 
vn 0.0019688105676323175 -0.002697051502764225 0.009426011703908443 
vn 0.0002083614090224728 -0.00983208417892456 0.0018129285890609026 
vn 0.0030280642677098513 0.0005459040403366089 0.00951487384736538 
vn 0.008359422907233238 0.002612802665680647 0.004826314747333527 
vn 0.003912114072591066 0.004873341880738735 0.007806785404682159 
vn 0.0052590989507734776 0.008136148564517498 0.002478904789313674 
vn 0.0035221180878579617 0.005688943900167942 0.007431729231029749 
vn 0.006968116387724876 0.006146663334220648 0.003696468658745289 
vn 0.0029929340817034245 -0.005434779450297356 0.00784254539757967 
vn 0.007073483429849148 -0.0056529538705945015 0.004243812523782253 
vn 0.007912330329418182 0.006077498663216829 -0.0006775283836759627 
vn 0.008174192160367966 -0.005688942968845367 -0.0009047183557413518 
vn 0.0094919977709651 0.0029902688693255186 -0.0009799330728128552 
vn 0.005529904738068581 0.008310141041874886 -0.0006014147074893117 
vn 0.007365962490439415 0.0016742919106036425 -0.006552812177687883 
vn 0.005267740692943335 0.0073952809907495975 -0.004190552514046431 
vn 0.0023190947249531746 -0.0002402949903625995 -0.009724405594170094 
vn 0.0036581053864210844 0.0028230405878275633 -0.008868410252034664 
vn 0.006163211073726416 0.006317507941275835 -0.0047014812007546425 
vn 0.006288881879299879 -0.005138100124895573 -0.005835229065269232 
vn 0.0030071386136114597 0.005212871357798576 -0.007986431941390038 
vn 0.0022755544632673264 -0.005507929250597954 -0.008030228316783905 
vn -0.00502410065382719 -0.005652955733239651 -0.006542362738400698 
vn -0.0071784392930567265 -0.0018033778760582209 -0.006724420469254255 
vn 0.0010740520665422082 -0.002864933107048273 -0.00952042918652296 
vn -0.00007548787834821269 -0.0002839739026967436 -0.009995682165026665 
vn 0.0012232502922415733 -0.005937784444540739 -0.00795275904238224 
vn 0.004240566398948431 0.00019660848192870617 -0.009054222144186497 
vn 0.003628890495747328 0.0013720154529437423 -0.009216764010488987 
vn 0.0005467963637784123 0.0009380364790558815 -0.009940880350768566 
vn 0.0023198379203677177 -0.0019321524305269122 -0.009533369913697243 
vn -0.00024534115800634027 -0.0005459040985442698 -0.009982073679566383 
vn -0.0033065604511648417 -0.005544345360249281 -0.007637204602360725 
vn -0.0033466964960098267 -0.002612803364172578 -0.00905388779938221 
vn -0.00861053355038166 -0.004052724689245224 0.0030715044122189283 
vn -0.0032186966855078936 -0.008476361632347107 0.004217972047626972 
vn 0.003927326295524836 0.0008074559736996889 -0.009161011315882206 
vn 0.0061490791849792 -0.005867241881787777 0.005269183777272701 
vn -0.00854584388434887 -0.005138099193572998 -0.0007539789075963199 
vn -0.002972379559651017 -0.0017173525411635637 0.00939231924712658 
vn -0.0033065604511648417 -0.005544343031942844 0.007637206465005875 
vn -0.0033466964960098267 -0.0026128003373742104 0.009053888730704784 
vn 0.0023198379203677177 -0.0019321492873132229 0.009533370845019817 
vn -0.00024534115800634027 -0.0005459008389152586 0.009982073679566383 
vn 0.003628890495747328 0.0013720184797421098 0.009216763079166412 
vn 0.0005467963637784123 0.0009380396804772317 0.009940879419445992 
vn 0.0034752623178064823 -0.00006553887942573056 0.009376473724842072 
vn 3.097898490739357e-15 0.000021848571122973226 0.009999976493418217 
vn -0.004702216479927301 -0.006747395731508732 0.005688744131475687 
vn 0.00009441716247238219 -0.002697051502764225 0.009628966450691223 
vn 0.002830059500411153 -0.0009815286612138152 0.009540826082229614 
vn 0.003544145030900836 0.0003276472561992705 0.009345142170786858 
vn 0.0005826778360642493 0.008085031062364578 0.005856001749634743 
vn -0.00633417209610343 0.0038116921205073595 0.0067341867834329605 
vn -0.004295357037335634 0.008358432911336422 -0.0034185536205768585 
vn -0.0036391946487128735 0.008406085893511772 -0.004011730197817087 
vn 0.004690378438681364 0.007927987724542618 -0.0038919602520763874 
vn 0.005080692004412413 0.007569188252091408 -0.004110225010663271 
vn 0.007830766029655933 0.0036088204942643642 -0.005065126810222864 
vn -0.002375970594584942 0.006042740773409605 -0.007605263963341713 
vn -0.001761815045028925 -0.005652955733239651 -0.008058542385697365 
vn -0.005755132995545864 -0.006181070581078529 -0.005354700144380331 
vn -0.002793717896565795 0.0011986917816102505 -0.009526713751256466 
vn -0.0076970322988927364 0.0007638976094312966 -0.006338150706142187 
vn -0.0027764567639678717 -0.0004586267750710249 -0.009595881216228008 
vn -0.007729200646281242 -0.00015292377793230116 -0.006343191023916006 
vn -0.00996492151170969 0.00010923248191829771 -0.000829705037176609 
vn -0.009976888075470924 -0.000021847052266821265 -0.0006791467312723398 
vn -0.008679326623678207 -0.0004586244176607579 0.004945600405335426 
vn -0.008553218096494675 -0.00032764486968517303 0.005170600488781929 
vn -0.004000463522970676 -0.0006767365848645568 0.00913992989808321 
vn -0.0028230566531419754 -0.006452016998082399 0.007099424488842487 
vn -0.00018883195298258215 -0.006584555376321077 0.007523827254772186 
vn 0.0002264723734697327 0.00024029503401834518 0.009994546882808208 
vn -0.0035290359519422054 -0.0008074559736996889 0.009321690537035465 
vn 0.0023190947249531746 -0.0002402918180450797 0.009724405594170094 
vn -0.0062340437434613705 -0.006811634171754122 0.0038390534464269876 
vn -0.007341948337852955 -0.0067473966628313065 -0.0007539487560279667 
vn -0.0027764567639678717 -0.0004586267750710249 -0.009595881216228008 
vn 0.0030280642677098513 0.0005459008971229196 -0.00951487384736538 
vn -0.002793717896565795 0.0011986917816102505 -0.009526713751256466 
vn 0.0005091271013952792 0.0018033751985058188 -0.009822862222790718 
vn -0.001761815045028925 -0.005652955733239651 -0.008058542385697365 
vn 0.00018896696565207094 -0.00635131960734725 -0.007721724454313517 
vn 0.0029929340817034245 -0.005434781778603792 -0.00784254353493452 
vn 0.0035221180878579617 0.0056889415718615055 -0.007431731093674898 
vn 0.003912114072591066 0.004873339552432299 -0.007806787267327309 
vn 0.0022755544632673264 -0.005507926922291517 0.008030230179429054 
vn 0.006288881879299879 -0.005138098262250423 0.005835230462253094 
vn -0.00005833018440171145 -0.009996564127504826 0.00025556288892403245 
vn -0.00003888926585204899 -0.009998473338782787 0.00017038662917912006 
vn -0.00018883195298258215 -0.006584555376321077 0.007523827254772186 
vn -0.00013106674305163324 -0.009996564127504826 0.0002270158875035122 
vn -0.0028230566531419754 -0.006452016998082399 0.007099424488842487 
vn -0.0062340437434613705 -0.006811634171754122 0.0038390534464269876 
vn -0.00015745942073408514 -0.009998473338782787 0.00007583008846268058 
vn -0.007341948337852955 -0.0067473966628313065 -0.0007539487560279667 
vn -0.001761815045028925 -0.005652955733239651 -0.008058542385697365 
vn -0.005755132995545864 -0.006181070581078529 -0.005354700144380331 
vn 0.008174192160367966 -0.00568894250318408 0.0009047202183865011 
vn -0.00007873271533753723 -0.00999961793422699 0.0000379173070541583 
vn 0.007073483429849148 -0.005652955267578363 -0.004243810661137104 
vn 0.00018896696565207094 -0.00635131960734725 -0.007721724454313517 
vn 0.0029929340817034245 -0.005434781778603792 -0.00784254353493452 
vn 0.0023190947249531746 -0.0002402918180450797 0.009724405594170094 
vn 0.0002264723734697327 0.00024029503401834518 0.009994546882808208 
vn 0.0036581053864210844 0.002823043381795287 0.00886840932071209 
vn 0.0030071386136114597 0.0052128741517663 0.007986430078744888 
vn -0.00018883195298258215 -0.006584555376321077 0.007523827254772186 
vn 0.0022755544632673264 -0.005507926922291517 0.008030230179429054 
vn 0.007232885807752609 -0.005688943434506655 -0.003914241213351488 
vn 0.008807411417365074 0.0009380373521707952 -0.004642152693122625 
vn 0.0005848220898769796 0.0011118893744423985 -0.009920770302414894 
vn 0.00047142093535512686 0.0019321492873132229 -0.009800232946872711 
vn -0.004795868415385485 -0.007365800440311432 -0.004769132938235998 
vn -0.007016110233962536 0.0001966088020708412 -0.007122888695448637 
vn 0.0005843775579705834 0.0034042277839034796 -0.009384548291563988 
vn -0.007257497403770685 0.002017816063016653 -0.006577016320079565 
vn 0.0005091808270663023 0.004604022018611431 -0.008862488903105259 
vn -0.007181237451732159 0.003852049121633172 -0.005795822013169527 
vn 0.0006219045026227832 0.005398050416260958 -0.008394896984100342 
vn -0.007135129068046808 0.004409001674503088 -0.005445240065455437 
vn 0.0010724312160164118 0.004565190523862839 -0.008832265622913837 
vn -0.007870747707784176 0.0026128008030354977 -0.005587897263467312 
vn 0.008873898535966873 0.001975002232939005 -0.00416572904214263 
vn 0.008761811070144176 0.003031934378668666 -0.003746737726032734 
vn 0.006497110240161419 0.0038116900250315666 -0.006577125750482082 
vn 0.008996021002531052 0.0036088209599256516 -0.0024592741392552853 
vn -0.0013550797011703253 -0.00010923422814812511 -0.009907159954309464 
vn 0.008479555137455463 0.005287247244268656 0.0003770409384742379 
vn 0.0019688105676323175 -0.0026970545295625925 -0.009426010772585869 
vn 0.009099634364247322 0.002570600248873234 -0.0032540238462388515 
vn 0.005297719966620207 -0.006042741239070892 0.005951423663645983 
vn -0.000037798188714077696 -0.007185973692685366 0.006954161450266838 
vn 0.007232885807752609 -0.005688943434506655 -0.003914241213351488 
vn -0.006644698325544596 -0.006518535781651735 0.0036546785850077868 
vn 0.00015103859186638147 -0.009060511365532875 0.004228987265378237 
vn -0.004795868415385485 -0.007365800440311432 -0.004769132938235998 
vn 0.008996021002531052 0.0036088209599256516 -0.0024592741392552853 
vn 0.005439994856715202 -0.002486051060259342 0.008014112710952759 
vn 0.008479555137455463 0.005287247244268656 0.0003770409384742379 
vn 0.0034911646507680416 -0.0021033277735114098 0.009131691418588161 
vn 0.009099634364247322 0.002570600248873234 -0.0032540238462388515 
vn 0.006941488478332758 -0.0056168572045862675 0.004501849878579378 
vn 0.0019688105676323175 -0.0026970545295625925 -0.009426010772585869 
vn 0.0002083614090224728 -0.00983208417892456 -0.0018129253294318914 
vn 0.0030280642677098513 0.0005459008971229196 -0.00951487384736538 
vn 0.008359422907233238 0.0026128010358661413 -0.004826315678656101 
vn 0.003912114072591066 0.004873339552432299 -0.007806787267327309 
vn 0.0052590989507734776 0.008136147633194923 -0.002478907583281398 
vn 0.0035221180878579617 0.0056889415718615055 -0.007431731093674898 
vn 0.006968116387724876 0.006146662402898073 -0.0036964707542210817 
vn 0.0029929340817034245 -0.005434781778603792 -0.00784254353493452 
vn 0.007073483429849148 -0.005652955267578363 -0.004243810661137104 
vn 0.007912330329418182 0.006077499128878117 0.0006775264046154916 
vn 0.008174192160367966 -0.00568894250318408 0.0009047202183865011 
vn 0.0094919977709651 0.002990269334986806 0.0009799320250749588 
vn 0.005529904738068581 0.00831014197319746 0.0006014120299369097 
vn 0.007365962490439415 0.0016742940060794353 0.006552811712026596 
vn 0.005267740692943335 0.0073952823877334595 0.004190550185739994 
vn 0.0023190947249531746 -0.0002402918180450797 0.009724405594170094 
vn 0.0036581053864210844 0.002823043381795287 0.00886840932071209 
vn 0.006163211073726416 0.006317509803920984 0.004701478872448206 
vn 0.006288881879299879 -0.005138098262250423 0.005835230462253094 
vn 0.0030071386136114597 0.0052128741517663 0.007986430078744888 
vn 0.0022755544632673264 -0.005507926922291517 0.008030230179429054 
vn -0.0033065604511648417 -0.005544345360249281 -0.007637204602360725 
vn -0.00861053355038166 -0.004052724689245224 0.0030715044122189283 
vn -0.0033466964960098267 -0.002612803364172578 -0.00905388779938221 
vn -0.003276858711615205 -0.0011553047224879265 -0.009376964531838894 
vn -0.003182609099894762 -0.006584557704627514 -0.006820161361247301 
vn -0.0032186966855078936 -0.008476361632347107 0.004217972047626972 
vn -0.004702216479927301 -0.006747397594153881 -0.0056887418031692505 
vn 0.00009441716247238219 -0.0026970545295625925 -0.009628966450691223 
vn 0.002830059500411153 -0.0009815318044275045 -0.009540826082229614 
vn 0.0034743333235383034 0.00024029187625274062 -0.009373967535793781 
vn 0.0005826778360642493 0.008085029199719429 -0.005856004543602467 
vn -0.00633417209610343 0.0038116900250315666 -0.006734188180416822 
vn -0.0032186966855078936 -0.008476361632347107 0.004217972047626972 
vn -0.003182609099894762 -0.006584557704627514 -0.006820161361247301 
vn 0.0061490791849792 -0.005867241881787777 0.005269183777272701 
vn 0.007249219808727503 -0.00278109940700233 -0.00630192831158638 
vn 0.003927326295524836 0.0008074559736996889 -0.009161011315882206 
vn 0.007249219808727503 -0.00278109940700233 -0.00630192831158638 
vn -0.003276858711615205 -0.0011553047224879265 -0.009376964531838894 
vn -0.003182609099894762 -0.006584557704627514 -0.006820161361247301 
vn 0.0065015144646167755 -0.00759767135605216 0.00007551335875177756 
vn -0.0007150475867092609 -0.009236703626811504 0.003764574648812413 
vn 0.006302365101873875 -0.001544920145533979 0.007608772721141577 
vn 0.0014762275386601686 -0.009883292019367218 0.0003758953243959695 
vn -0.007923658937215805 -0.006077498663216829 0.0005288153770379722 
vn -0.00502410065382719 -0.005652955733239651 -0.006542362738400698 
vn -0.00899188406765461 -0.004369742702692747 -0.0002266422234242782 
vn -0.0071784392930567265 -0.0018033778760582209 -0.006724420469254255 
vn 0.0014762275386601686 -0.009883292019367218 0.0003758953243959695 
vn 0.0012232502922415733 -0.005937784444540739 -0.00795275904238224 
vn -0.00502410065382719 -0.005652955733239651 -0.006542362738400698 
vn 0.0010740520665422082 -0.002864933107048273 -0.00952042918652296 
vn 0.006302365101873875 -0.001544920145533979 0.007608772721141577 
vn 0.004647132009267807 0.00006554184801643714 0.008854370564222336 
vn 0.0014762275386601686 -0.009883292019367218 0.0003758953243959695 
vn 0.004647132009267807 0.00006554184801643714 0.008854370564222336 
vn 0.007816167548298836 -0.005972883198410273 0.0017978284740820527 
vn 0.002014485653489828 -0.00904193613678217 -0.003766330424696207 
vn -0.00022651522886008024 -0.0036088197957724333 0.00932336412370205 
vn -0.006549690384417772 -0.007482877932488918 0.0010526602854952216 
vn 0.004735049791634083 0.008656610734760761 0.001625543343834579 
vn 0.004816005006432533 0.00876390840858221 -1.42782474732428e-9 
vn 0.004735049791634083 0.008656610734760761 0.001625543343834579 
vn 0.004735049791634083 0.008656610734760761 0.001625543343834579 
vn 0.004816005006432533 0.00876390840858221 -1.42782474732428e-9 
vn 0.004735049791634083 0.008656610734760761 -0.0016255461378023028 
vn 0.004735049791634083 0.008656610734760761 -0.0016255461378023028 
vn 0.004735049791634083 0.008656610734760761 -0.0016255461378023028 
vt 0.5334336757659912 0.5062577128410339 
vt 0.516729474067688 0.4673623740673065 
vt 0.560757040977478 0.4711686372756958 
vt 0.5293769836425781 0.43489012122154236 
vt 0.5452460050582886 0.4109819531440735 
vt 0.44084447622299194 0.5332584381103516 
vt 0.4302253723144531 0.5048303604125977 
vt 0.35839712619781494 0.555025577545166 
vt 0.35135748982429504 0.5339721441268921 
vt 0.3393065631389618 0.5622812509536743 
vt 0.34264740347862244 0.5387299656867981 
vt 0.3307158052921295 0.5452719926834106 
vt 0.3434826135635376 0.5143460631370544 
vt 0.31806832551956177 0.5255269408226013 
vt 0.33560776710510254 0.49567151069641113 
vt 0.3066139817237854 0.5111345052719116 
vt 0.41686198115348816 0.4796138107776642 
vt 0.49155378341674805 0.44940152764320374 
vt 0.4997865855693817 0.423828125 
vt 0.5151783227920532 0.39135587215423584 
vt 0.5432175993919373 0.38980957865715027 
vt 0.5716148018836975 0.38754960894584656 
vt 0.5911826491355896 0.4413132071495056 
vt 0.5687512159347534 0.35329315066337585 
vt 0.541308581829071 0.35329315066337585 
vt 0.5432175993919373 0.31677672266960144 
vt 0.5716148018836975 0.31903672218322754 
vt 0.5452460050582886 0.2956043481826782 
vt 0.560757040977478 0.2354176789522171 
vt 0.5911826491355896 0.2652731239795685 
vt 0.4015895128250122 0.45844143629074097 
vt 0.46971896290779114 0.4235902428627014 
vt 0.5335530042648315 0.20032860338687897 
vt 0.516729474067688 0.23922394216060638 
vt 0.5293769836425781 0.27169620990753174 
vt 0.49155378341674805 0.25718480348587036 
vt 0.4302253723144531 0.20175595581531525 
vt 0.4169812798500061 0.22697250545024872 
vt 0.35135748982429504 0.172614187002182 
vt 0.3585164546966553 0.1514417976140976 
vt 0.3393065631389618 0.1443050354719162 
vt 0.34276673197746277 0.1678563505411148 
vt 0.33083513379096985 0.16131430864334106 
vt 0.3434826135635376 0.19224026799201965 
vt 0.31806832551956177 0.1810593456029892 
vt 0.33572709560394287 0.21091479063034058 
vt 0.30673331022262573 0.19545181095600128 
vt 0.44084447622299194 0.17332786321640015 
vt 0.4015895128250122 0.24802595376968384 
vt 0.4698382616043091 0.2829960584640503 
vt 0.4997865855693817 0.2827581763267517 
vt 0.5151783227920532 0.3151114881038666 
vt 0.5123147964477539 0.35329315066337585 
vt 0.496565043926239 0.38267281651496887 
vt 0.48582661151885986 0.3968273997306824 
vt 0.4647076725959778 0.3630467355251312 
vt 0.4946559965610504 0.35329315066337585 
vt 0.496565043926239 0.32391348481178284 
vt 0.48582661151885986 0.3097589313983917 
vt 0.4647076725959778 0.34353959560394287 
vt 0.4647076725959778 0.35329315066337585 
vt 0.4154301881790161 0.36292779445648193 
vt 0.4153108596801758 0.35329315066337585 
vt 0.4154301881790161 0.34365853667259216 
vt 0.4342820942401886 0.306190550327301 
vt 0.38500460982322693 0.26788991689682007 
vt 0.32665908336639404 0.22923247516155243 
vt 0.4008736312389374 0.32272404432296753 
vt 0.3666299283504486 0.2898949384689331 
vt 0.31544336676597595 0.24778805673122406 
vt 0.29683005809783936 0.2377965897321701 
vt 0.2957562208175659 0.21020111441612244 
vt 0.2828701138496399 0.23042194545269012 
vt 0.10699831694364548 0.2593258321285248 
vt 0.13909432291984558 0.2983401119709015 
vt 0.14219653606414795 0.25480586290359497 
vt 0.1744118630886078 0.2795466482639313 
vt 0.14386695623397827 0.22744828462600708 
vt 0.10902668535709381 0.22744828462600708 
vt 0.08146469295024872 0.2734803855419159 
vt 0.11117437481880188 0.3184419870376587 
vt 0.20722375810146332 0.3454427123069763 
vt 0.23013243079185486 0.32867133617401123 
vt 0.25638195872306824 0.31427887082099915 
vt 0.21855877339839935 0.26693835854530334 
vt 0.2045987993478775 0.23827236890792847 
vt 0.2045987993478775 0.22744828462600708 
vt 0.2575750946998596 0.2367260754108429 
vt 0.2568592131137848 0.22744828462600708 
vt 0.25805237889289856 0.2627752423286438 
vt 0.2832280397415161 0.3006000816822052 
vt 0.3166365325450897 0.3574562668800354 
vt 0.2975459694862366 0.3691129684448242 
vt 0.32498863339424133 0.3761307895183563 
vt 0.3152047395706177 0.3977789580821991 
vt 0.331670343875885 0.38980957865715027 
vt 0.2802451550960541 0.3831486105918884 
vt 0.2659272253513336 0.3988494873046875 
vt 0.2989777624607086 0.4057483375072479 
vt 0.2835859954357147 0.41490718722343445 
vt 0.2539956271648407 0.41609665751457214 
vt 0.27081918716430664 0.4272775650024414 
vt 0.26151254773139954 0.44309738278388977 
vt 0.24337650835514069 0.43512800335884094 
vt 0.17035511136054993 0.39088010787963867 
vt 0.18741729855537415 0.36625826358795166 
vt 0.08898159861564636 0.3406848907470703 
vt 0.04817552864551544 0.3279576599597931 
vt 0.011426200158894062 0.30963999032974243 
vt 0.03170992061495781 0.25992053747177124 
vt 0.08361238241195679 0.22744828462600708 
vt 0.03182923421263695 0.22744828462600708 
vt 0.03170992061495781 0.19497603178024292 
vt 0.08146469295024872 0.18129724264144897 
vt 0.011426200158894062 0.14513765275478363 
vt 0.04817552864551544 0.12681996822357178 
vt 0.08898159861564636 0.11409275233745575 
vt 0.11117437481880188 0.13645459711551666 
vt 0.18741729855537415 0.0886383056640625 
vt 0.17035511136054993 0.06389754265546799 
vt 0.2539956271648407 0.03868098929524422 
vt 0.24349582195281982 0.019649628549814224 
vt 0.26151254773139954 0.011680246330797672 
vt 0.2709384858608246 0.027500063180923462 
vt 0.28370532393455505 0.03987044841051102 
vt 0.2659272253513336 0.05592815950512886 
vt 0.2989777624607086 0.049148235470056534 
vt 0.20734307169914246 0.10933490842580795 
vt 0.13909432291984558 0.15655647218227386 
vt 0.10699831694364548 0.19545181095600128 
vt 0.14219653606414795 0.1999717652797699 
vt 0.2045987993478775 0.2166242003440857 
vt 0.2575750946998596 0.21817050874233246 
vt 0.25805237889289856 0.19212132692337036 
vt 0.21855877339839935 0.18795821070671082 
vt 0.28334736824035645 0.15429650247097015 
vt 0.1744118630886078 0.17534993588924408 
vt 0.25638195872306824 0.1406177133321762 
vt 0.31675583124160767 0.09744030982255936 
vt 0.2976652979850769 0.08566465973854065 
vt 0.32510796189308167 0.07876578718423843 
vt 0.3153240382671356 0.05699867382645607 
vt 0.33178967237472534 0.0649680569767952 
vt 0.280364453792572 0.07174797356128693 
vt 0.23013243079185486 0.12622524797916412 
vt 0.2828701138496399 0.4760454297065735 
vt 0.2967107594013214 0.4687897264957428 
vt 0.2957562208175659 0.4963851869106293 
vt 0.32665908336639404 0.4773538410663605 
vt 0.38500460982322693 0.43869638442993164 
vt 0.3666299283504486 0.4165724217891693 
vt 0.4008736312389374 0.38386228680610657 
vt 0.4342820942401886 0.40039578080177307 
vt 0.31544336676597595 0.45879825949668884 
vt 0.7993890643119812 0.5126807689666748 
vt 0.7989118099212646 0.5238617062568665 
vt 0.7780315279960632 0.515654444694519 
vt 0.7785087823867798 0.5392057299613953 
vt 0.7979573011398315 0.5411089062690735 
vt 0.7993890643119812 0.6053397059440613 
vt 0.7786280512809753 0.597013533115387 
vt 0.7775542140007019 0.7188141942024231 
vt 0.7638328671455383 0.7159594893455505 
vt 0.7771962881088257 0.7594937682151794 
vt 0.765622615814209 0.7577095627784729 
vt 0.7496342658996582 0.7150079607963562 
vt 0.7533330917358398 0.757114827632904 
vt 0.7910369634628296 0.7226204872131348 
vt 0.788292646408081 0.7617537379264832 
vt 0.7587023377418518 0.5910662412643433 
vt 0.7577477693557739 0.5363510251045227 
vt 0.7566739320755005 0.5155354738235474 
vt 0.7359129786491394 0.513513445854187 
vt 0.7349584102630615 0.5346857905387878 
vt 0.7152712941169739 0.510896623134613 
vt 0.7125270366668701 0.5351616144180298 
vt 0.6942716836929321 0.5074471831321716 
vt 0.6921240091323853 0.5369457602500916 
vt 0.7172996401786804 0.5911851525306702 
vt 0.6963000297546387 0.5989166498184204 
vt 0.7217143774032593 0.7204794883728027 
vt 0.7351970672607422 0.7164353132247925 
vt 0.7412821650505066 0.7581853270530701 
vt 0.7382992506027222 0.5888062119483948 
vt 0.7301858067512512 0.7610400319099426 
vt 0.8314850926399231 0.2142452895641327 
vt 0.8341100215911865 0.19557076692581177 
vt 0.8146615028381348 0.19604654610157013 
vt 0.8384053707122803 0.172614187002182 
vt 0.8023719787597656 0.17653940618038177 
vt 0.8382861018180847 0.15441544353961945 
vt 0.8016560673713684 0.1538207232952118 
vt 0.8347066044807434 0.13669249415397644 
vt 0.8018947243690491 0.1313399225473404 
vt 0.8281441926956177 0.11385486274957657 
vt 0.818479597568512 0.1134980246424675 
vt 0.8034458160400391 0.11171383410692215 
vt 0.7368674874305725 0.12681996822357178 
vt 0.7434298396110535 0.10552863776683807 
vt 0.6297217011451721 0.11492537707090378 
vt 0.6276933550834656 0.12860415875911713 
vt 0.5913019776344299 0.12919889390468597 
vt 0.5913019776344299 0.1407366544008255 
vt 0.6269774436950684 0.14287768304347992 
vt 0.5916599035263062 0.1523933708667755 
vt 0.8054741621017456 0.21472106873989105 
vt 0.8034458160400391 0.19687916338443756 
vt 0.7476059198379517 0.2154347449541092 
vt 0.5917792320251465 0.11801797151565552 
vt 0.7342424988746643 0.14918182790279388 
vt 0.7365095615386963 0.1715436726808548 
vt 0.6279319524765015 0.157270148396492 
vt 0.5918985605239868 0.16369323432445526 
vt 0.6294831037521362 0.17106787860393524 
vt 0.5913019776344299 0.17463625967502594 
vt 0.630318284034729 0.18486562371253967 
vt 0.7419980764389038 0.19331078231334686 
vt 0.6492895483970642 0.2947717308998108 
vt 0.6506019830703735 0.26336997747421265 
vt 0.6871126890182495 0.26896044611930847 
vt 0.6986863613128662 0.23969972133636475 
vt 0.716225802898407 0.2688415050506592 
vt 0.716225802898407 0.24005655944347382 
vt 0.7337652444839478 0.23969972133636475 
vt 0.7453389167785645 0.26896044611930847 
vt 0.7817302942276001 0.26336997747421265 
vt 0.7831621170043945 0.2947717308998108 
vt 0.750827431678772 0.2959611713886261 
vt 0.716225802898407 0.2967938184738159 
vt 0.716225802898407 0.31665778160095215 
vt 0.681624174118042 0.2959611713886261 
vt 0.7544069290161133 0.3160630464553833 
vt 0.7897244691848755 0.3254598081111908 
vt 0.7583443522453308 0.35115212202072144 
vt 0.8369736075401306 0.3454427123069763 
vt 0.8206273317337036 0.3779149651527405 
vt 0.7584636807441711 0.42763441801071167 
vt 0.8137069940567017 0.43167856335639954 
vt 0.813468337059021 0.491508424282074 
vt 0.7517820000648499 0.4772348999977112 
vt 0.716225802898407 0.4271586239337921 
vt 0.716225802898407 0.4744991362094879 
vt 0.6806696653366089 0.4772348999977112 
vt 0.6739879250526428 0.42763441801071167 
vt 0.618983268737793 0.491508424282074 
vt 0.6187446117401123 0.43167856335639954 
vt 0.6118243336677551 0.3779149651527405 
vt 0.6741072535514832 0.35115212202072144 
vt 0.5954779982566833 0.3454427123069763 
vt 0.6427271366119385 0.3254598081111908 
vt 0.6780446767807007 0.3160630464553833 
vt 0.716225802898407 0.35222265124320984 
vt 0.8310077786445618 0.7824503183364868 
vt 0.8279055953025818 0.797556459903717 
vt 0.8108434081077576 0.779238760471344 
vt 0.8075025677680969 0.7932744026184082 
vt 0.8238488435745239 0.8280066251754761 
vt 0.8003435730934143 0.8224161863327026 
vt 0.8144229054450989 0.8808186650276184 
vt 0.795570969581604 0.8721356391906738 
vt 0.790559709072113 0.8835543990135193 
vt 0.8045196533203125 0.8969953060150146 
vt 0.7798212170600891 0.8967574238777161 
vt 0.8339906930923462 0.8924753665924072 
vt 0.8423428535461426 0.8324076533317566 
vt 0.8479506969451904 0.8007680177688599 
vt 0.8490245342254639 0.7856618762016296 
vt 0.8695468902587891 0.7883976101875305 
vt 0.8679957389831543 0.802314281463623 
vt 0.8679957389831543 0.83431077003479 
vt 0.8863704204559326 0.8966385126113892 
vt 0.906057596206665 0.8851007223129272 
vt 0.9040291905403137 0.9244718551635742 
vt 0.919182300567627 0.908295214176178 
vt 0.9282503724098206 0.9454063177108765 
vt 0.9382728934288025 0.9245907664299011 
vt 0.9311138987541199 0.8943784832954407 
vt 0.9436420798301697 0.9044889211654663 
vt 0.958556592464447 0.8977090120315552 
vt 0.9440000653266907 0.8867659568786621 
vt 0.9598690867424011 0.881056547164917 
vt 0.9539032578468323 0.8702324628829956 
vt 0.9264606237411499 0.878439724445343 
vt 0.8920975923538208 0.832169771194458 
vt 0.887802243232727 0.8021953701972961 
vt 0.8883988261222839 0.7888734340667725 
vt 0.9077280163764954 0.8000543117523193 
vt 0.9051030278205872 0.7868513464927673 
vt 0.9237163066864014 0.781855583190918 
vt 0.9276537895202637 0.7957722544670105 
vt 0.933977484703064 0.8249140381813049 
vt 0.9120233654975891 0.829552948474884 
vt 0.9518749117851257 0.21983574330806732 
vt 0.953545331954956 0.24184074997901917 
vt 0.9708461761474609 0.22150099277496338 
vt 0.9722779393196106 0.24279232323169708 
vt 0.9558123350143433 0.2627752423286438 
vt 0.9740676879882812 0.2612289488315582 
vt 0.9743063449859619 0.281806617975235 
vt 0.9565282464027405 0.28323397040367126 
vt 0.9565282464027405 0.30369266867637634 
vt 0.9727551937103271 0.3044063448905945 
vt 0.9543805718421936 0.32498401403427124 
vt 0.9708461761474609 0.3242703378200531 
vt 0.9704881906509399 0.3465132415294647 
vt 0.9517555832862854 0.3468700647354126 
vt 0.8635810613632202 0.3115431070327759 
vt 0.8603595495223999 0.3262924253940582 
vt 0.8473541140556335 0.3233187794685364 
vt 0.8506949543952942 0.30963999032974243 
vt 0.8642969727516174 0.2958422303199768 
vt 0.8511722087860107 0.2947717308998108 
vt 0.8672798871994019 0.28359079360961914 
vt 0.8545130491256714 0.28359079360961914 
vt 0.8659673929214478 0.2687225639820099 
vt 0.863223135471344 0.2543300986289978 
vt 0.8603595495223999 0.23946183919906616 
vt 0.8473541140556335 0.24219758808612823 
vt 0.8503369688987732 0.25611427426338196 
vt 0.8532005548477173 0.2695551812648773 
vt 0.016556788235902786 0.3750602900981903 
vt 0.012619360350072384 0.38160231709480286 
vt 0.03719845414161682 0.37815287709236145 
vt 0.03385760635137558 0.38897696137428284 
vt 0.04220972955226898 0.3766065835952759 
vt 0.04030067101120949 0.3931400775909424 
vt 0.05497654154896736 0.3750602900981903 
vt 0.050681162625551224 0.3867169916629791 
vt 0.06237413361668587 0.3850517272949219 
vt 0.0666695088148117 0.3755360543727875 
vt 0.07585684210062027 0.3763686716556549 
vt 0.07120351493358612 0.3850517272949219 
vt 0.11558906733989716 0.38421911001205444 
vt 0.11010053008794785 0.38992851972579956 
vt 0.8146615028381348 0.7101311683654785 
vt 0.8183603286743164 0.7246425747871399 
vt 0.8401951193809509 0.7141753435134888 
vt 0.8459222912788391 0.7285677790641785 
vt 0.8558255434036255 0.7164353132247925 
vt 0.8609561324119568 0.7276161909103394 
vt 0.8677571415901184 0.7166731953620911 
vt 0.8727684020996094 0.7259509563446045 
vt 0.8817170858383179 0.7244046926498413 
vt 0.8765864968299866 0.7159594893455505 
vt 0.9164380431175232 0.7101311683654785 
vt 0.9222845435142517 0.7154837250709534 
vt 0.7238620519638062 0.9013963341712952 
vt 0.69832843542099 0.9013963341712952 
vt 0.7078737020492554 0.9192382097244263 
vt 0.692959189414978 0.9216171503067017 
vt 0.6954648494720459 0.9462389945983887 
vt 0.6842491030693054 0.9494504928588867 
vt 0.7056066989898682 0.939815878868103 
vt 0.7314982414245605 0.915194034576416 
vt 0.7298278212547302 0.9279212951660156 
vt 0.718134880065918 0.9512346982955933 
vt 0.7028624415397644 0.9469526410102844 
vt 0.6992829442024231 0.9684818983078003 
vt 0.6920046806335449 0.9665787220001221 
vt 0.6826980113983154 0.9015152454376221 
vt 0.6711243391036987 0.9038941860198975 
vt 0.6817435026168823 0.9245907664299011 
vt 0.6730334162712097 0.9274454712867737 
vt 0.6757776737213135 0.9517104625701904 
vt 0.6378352046012878 0.9596798419952393 
vt 0.6359261274337769 0.9421948194503784 
vt 0.6631301641464233 0.9072246551513672 
vt 0.6292444467544556 0.9279212951660156 
vt 0.44084447622299194 0.6436403393745422 
vt 0.45373061299324036 0.6774210333824158 
vt 0.47938355803489685 0.6325783729553223 
vt 0.11940717697143555 0.7908955216407776 
vt 0.16009393334388733 0.7836397886276245 
vt 0.13444100320339203 0.7687715291976929 
vt 0.10115183144807816 0.7365371584892273 
vt 0.11654359847307205 0.7675820589065552 
vt 0.10234498977661133 0.7741240859031677 
vt 0.10234498977661133 0.7951775193214417 
vt 0.13086152076721191 0.8195614814758301 
vt 0.15985530614852905 0.8073100447654724 
vt 0.19553078711032867 0.7882786989212036 
vt 0.16856537759304047 0.7567579746246338 
vt 0.21235434710979462 0.7926796674728394 
vt 0.21533724665641785 0.8319318890571594 
vt 0.19839437305927277 0.8294339776039124 
vt 0.18383781611919403 0.8680914640426636 
vt 0.20113864541053772 0.8686861991882324 
vt 0.14887823164463043 0.8904532790184021 
vt 0.14852029085159302 0.8623820543289185 
vt 0.07860110700130463 0.8904532790184021 
vt 0.11976512521505356 0.8691619634628296 
vt 0.10222567617893219 0.8651177883148193 
vt 0.11165163666009903 0.8435885906219482 
vt 0.09053270518779755 0.8547694683074951 
vt 0.07001035660505295 0.8472759127616882 
vt 0.017869263887405396 0.8639283180236816 
vt 0.08051016181707382 0.7754325270652771 
vt 0.096498504281044 0.8346676230430603 
vt 0.10115183144807816 0.7365371584892273 
vt 0.03540871664881706 0.7443876266479492 
vt 0.08015221357345581 0.8120678663253784 
vt 0.10150977969169617 0.8151604533195496 
vt 0.15508265793323517 0.839544415473938 
vt 0.1673722118139267 0.8249140381813049 
vt 0.1532929241657257 0.8227730393409729 
vt 0.011664832010865211 0.8019574880599976 
vt 0.5953587293624878 0.6797999143600464 
vt 0.5877224802970886 0.653156042098999 
vt 0.6482157111167908 0.6748042106628418 
vt 0.6279319524765015 0.6400719881057739 
vt 0.5792510509490967 0.6299615502357483 
vt 0.5569389462471008 0.6414993405342102 
vt 0.5427403450012207 0.63008052110672 
vt 0.5525242686271667 0.5914230346679688 
vt 0.5707796216011047 0.5758411288261414 
vt 0.5697057843208313 0.5424172878265381 
vt 0.5278258323669434 0.6895534992218018 
vt 0.5252009034156799 0.6512528657913208 
vt 0.5924951434135437 0.6047450304031372 
vt 0.6291251182556152 0.6197322010993958 
vt 0.6677834987640381 0.628534197807312 
vt 0.6837718486785889 0.6674295663833618 
vt 0.6634881496429443 0.6169964671134949 
vt 0.08241921663284302 0.08958987891674042 
vt 0.07191941142082214 0.08114471286535263 
vt 0.07084556668996811 0.08875725418329239 
vt 0.05939123034477234 0.0755542516708374 
vt 0.057840123772621155 0.08768673986196518 
vt 0.04566989094018936 0.07543530315160751 
vt 0.04519262909889221 0.08495098352432251 
vt 0.0313519723713398 0.07888473570346832 
vt 0.0313519723713398 0.08602149784564972 
vt 0.012619360350072384 0.08958987891674042 
vt 0.24958093464374542 0.8167067766189575 
vt 0.2607966363430023 0.8162310123443604 
vt 0.25256383419036865 0.7952964901924133 
vt 0.2760690748691559 0.7958912253379822 
vt 0.27797815203666687 0.8152794241905212 
vt 0.3422894775867462 0.8167067766189575 
vt 0.3339373469352722 0.7960101962089539 
vt 0.4595770835876465 0.8083805441856384 
vt 0.4557589888572693 0.7949396371841431 
vt 0.4987127482891083 0.8056448101997375 
vt 0.49632641673088074 0.7945828437805176 
vt 0.4528954029083252 0.7811419367790222 
vt 0.49453669786453247 0.782926082611084 
vt 0.32797154784202576 0.776027262210846 
vt 0.2733248174190521 0.7750756740570068 
vt 0.2524445056915283 0.7741240859031677 
vt 0.2504161596298218 0.7531896233558655 
vt 0.2716543972492218 0.752357006072998 
vt 0.24779120087623596 0.7326119542121887 
vt 0.2720123529434204 0.7298762202262878 
vt 0.24433103203773499 0.7115585207939148 
vt 0.2738020718097687 0.709417462348938 
vt 0.3280908763408661 0.7346340417861938 
vt 0.3358463943004608 0.7136995196342468 
vt 0.32570454478263855 0.7556874752044678 
vt 0.4519408643245697 0.7668684124946594 
vt 0.49405941367149353 0.7706746459007263 
vt 0.45337265729904175 0.7525948882102966 
vt 0.4574294090270996 0.7390350103378296 
vt 0.49513325095176697 0.7585421800613403 
vt 0.49799683690071106 0.7474802136421204 
vt 0.5302121639251709 0.8936648368835449 
vt 0.527706503868103 0.8748713731765747 
vt 0.5470357537269592 0.8754661083221436 
vt 0.523291826248169 0.8520337343215942 
vt 0.5562230348587036 0.8941406011581421 
vt 0.5582514405250549 0.876298725605011 
vt 0.6140913367271423 0.8947353363037109 
vt 0.6196991801261902 0.8727303147315979 
vt 0.731378972530365 0.8642851710319519 
vt 0.7323334813117981 0.8504874110221863 
vt 0.7705146074295044 0.8540558218955994 
vt 0.7697986960411072 0.8431127667427063 
vt 0.7338845729827881 0.8365707397460938 
vt 0.7700373530387878 0.8318129181861877 
vt 0.6251876950263977 0.8509632349014282 
vt 0.5594446063041687 0.8559589385986328 
vt 0.5235304832458496 0.8338350057601929 
vt 0.5601604580879211 0.833240270614624 
vt 0.5271099805831909 0.815993070602417 
vt 0.6274546980857849 0.8286013603210449 
vt 0.7347198128700256 0.822297215461731 
vt 0.7705146074295044 0.8201562166213989 
vt 0.7340039014816284 0.8080236911773682 
vt 0.7703952789306641 0.808618426322937 
vt 0.7319754958152771 0.7943449020385742 
vt 0.7699180245399475 0.7974375486373901 
vt 0.6183866858482361 0.7848292589187622 
vt 0.6249490976333618 0.8062395453453064 
vt 0.5598025321960449 0.8107594847679138 
vt 0.5336723327636719 0.7932744026184082 
vt 0.5433369278907776 0.7929175496101379 
vt 0.5582514405250549 0.7911334037780762 
vt 0.8257579207420349 0.5549066066741943 
vt 0.8225363492965698 0.5346857905387878 
vt 0.8410303592681885 0.5516951084136963 
vt 0.8366156816482544 0.5314742922782898 
vt 0.8713366389274597 0.5477698445320129 
vt 0.8657287359237671 0.5242185592651367 
vt 0.9241936206817627 0.5383731126785278 
vt 0.9156028628349304 0.5194607377052307 
vt 0.9269378781318665 0.5144649744033813 
vt 0.9404205679893494 0.5285006165504456 
vt 0.9400626420974731 0.5037598609924316 
vt 0.935886561870575 0.5578802824020386 
vt 0.8757513165473938 0.5663254261016846 
vt 0.8441325426101685 0.5717969536781311 
vt 0.8289794325828552 0.5729864239692688 
vt 0.831723690032959 0.5934451222419739 
vt 0.8456836938858032 0.5918988585472107 
vt 0.8455643653869629 0.6117628216743469 
vt 0.8322009444236755 0.6122385859489441 
vt 0.843416690826416 0.6316267848014832 
vt 0.830172598361969 0.6290099620819092 
vt 0.8252806067466736 0.6476845145225525 
vt 0.8392406105995178 0.6516097187995911 
vt 0.868234395980835 0.657913863658905 
vt 0.87300705909729 0.635908842086792 
vt 0.9135744571685791 0.6777778267860413 
vt 0.9218072891235352 0.6504202485084534 
vt 0.9376763105392456 0.6550591588020325 
vt 0.9301593899726868 0.667905330657959 
vt 0.9244322180747986 0.683725118637085 
vt 0.9411364793777466 0.682535707950592 
vt 0.9478181600570679 0.6675484776496887 
vt 0.9679825901985168 0.6621959209442139 
vt 0.9516362547874451 0.6431645750999451 
vt 0.9887435436248779 0.6520854830741882 
vt 0.9678632616996765 0.6279394626617432 
vt 0.9284889698028564 0.6298425793647766 
vt 0.8755126595497131 0.6159259080886841 
vt 0.87766033411026 0.5918988585472107 
vt 0.9399433135986328 0.610216498374939 
vt 0.3717605173587799 0.9345822334289551 
vt 0.37474343180656433 0.9206655621528625 
vt 0.3848852813243866 0.9373180270195007 
vt 0.3877488672733307 0.9224497675895691 
vt 0.4762813448905945 0.9569441080093384 
vt 0.4779517650604248 0.9349390864372253 
vt 0.4952525794506073 0.9552788734436035 
vt 0.49668437242507935 0.933987557888031 
vt 0.3776070177555084 0.9072246551513672 
vt 0.3903738260269165 0.9080572724342346 
vt 0.37891948223114014 0.8931890726089478 
vt 0.3916862905025482 0.8931890726089478 
vt 0.3755786418914795 0.8820081353187561 
vt 0.3887034058570862 0.8809376358985901 
vt 0.37510135769844055 0.8671398758888245 
vt 0.3881068229675293 0.865236759185791 
vt 0.3717605173587799 0.8534610867500305 
vt 0.38476595282554626 0.8504874110221863 
vt 0.47878697514533997 0.8517958521842957 
vt 0.47616201639175415 0.8297908306121826 
vt 0.4948946237564087 0.8301476836204529 
vt 0.4952525794506073 0.8525094985961914 
vt 0.4971616268157959 0.8723735213279724 
vt 0.48093464970588684 0.8730871677398682 
vt 0.4987127482891083 0.8949732184410095 
vt 0.48093464970588684 0.8935458660125732 
vt 0.480218768119812 0.9140046238899231 
vt 0.49847412109375 0.9155508875846863 
vt 0.3729536831378937 0.1218242421746254 
vt 0.3698514699935913 0.10124658048152924 
vt 0.36639130115509033 0.12574945390224457 
vt 0.3589937090873718 0.10445812344551086 
vt 0.3714025616645813 0.09613190591335297 
vt 0.354817658662796 0.0980350449681282 
vt 0.3729536831378937 0.08340468257665634 
vt 0.36138004064559937 0.08780568838119507 
vt 0.36293113231658936 0.07603003084659576 
vt 0.3724764287471771 0.07174797356128693 
vt 0.37164121866226196 0.062589131295681 
vt 0.36293113231658936 0.06710908561944962 
vt 0.3637663424015045 0.022742224857211113 
vt 0.35815849900245667 0.0282137393951416 
vt 0.3483745753765106 0.6667158603668213 
vt 0.34467577934265137 0.6812272667884827 
vt 0.3229602873325348 0.6707600355148315 
vt 0.3172331154346466 0.6851524710655212 
vt 0.3072105646133423 0.6730200052261353 
vt 0.302079975605011 0.6843198537826538 
vt 0.29527896642684937 0.6732578873634338 
vt 0.29038700461387634 0.682535707950592 
vt 0.2813189923763275 0.6809893846511841 
vt 0.28656890988349915 0.672663152217865 
vt 0.2465980350971222 0.6667158603668213 
vt 0.240870863199234 0.6721873879432678 
vt 0.20638854801654816 0.9743102192878723 
vt 0.18073560297489166 0.9743102192878723 
vt 0.19040019810199738 0.9564683437347412 
vt 0.17548570036888123 0.9540894031524658 
vt 0.17787201702594757 0.9294675588607788 
vt 0.1667756289243698 0.9262560606002808 
vt 0.18801388144493103 0.9358906745910645 
vt 0.2139054536819458 0.9605124592781067 
vt 0.21223503351211548 0.9477852582931519 
vt 0.20066137611865997 0.9244718551635742 
vt 0.18538892269134521 0.9287539124488831 
vt 0.1818094551563263 0.9072246551513672 
vt 0.17453117668628693 0.9092467427253723 
vt 0.1651052087545395 0.9741912484169006 
vt 0.15365086495876312 0.97181236743927 
vt 0.16426999866962433 0.9511157274246216 
vt 0.15544061362743378 0.948261022567749 
vt 0.15830419957637787 0.923996090888977 
vt 0.12036170810461044 0.9161456227302551 
vt 0.11845265328884125 0.9335117340087891 
vt 0.14565670490264893 0.9684818983078003 
vt 0.11165163666009903 0.9477852582931519 
vt 0.580921471118927 0.022147493436932564 
vt 0.5732852220535278 0.048791397362947464 
vt 0.63377845287323 0.027143225073814392 
vt 0.6134947538375854 0.06187545880675316 
vt 0.5648137927055359 0.07186692208051682 
vt 0.54250168800354 0.06044810637831688 
vt 0.5283030867576599 0.07186692208051682 
vt 0.538087010383606 0.11040542274713516 
vt 0.556342363357544 0.12610629200935364 
vt 0.5552685260772705 0.15953011810779572 
vt 0.5133886337280273 0.012393921613693237 
vt 0.5106443166732788 0.050694532692432404 
vt 0.5780578851699829 0.09720242023468018 
vt 0.6146879196166992 0.08221522718667984 
vt 0.6533463001251221 0.07341322302818298 
vt 0.6693346500396729 0.03451787680387497 
vt 0.6490508913993835 0.08495098352432251 
vt 0.5106443166732788 0.050694532692432404 
vt 0.4487193524837494 0.012393921613693237 
vt 0.45623624324798584 0.0649680569767952 
vt 0.3892999589443207 0.013702328316867352 
vt 0.39979979395866394 0.08483203500509262 
vt 0.4698382616043091 0.10350655764341354 
vt 0.4429921805858612 0.14156927168369293 
vt 0.5143431425094604 0.11135699599981308 
vt 0.5058717131614685 0.16773739457130432 
vt 0.538087010383606 0.11040542274713516 
vt 0.5552685260772705 0.15953011810779572 
vt 0.5283030867576599 0.07186692208051682 
vt 0.5156556367874146 0.07353216409683228 
vt 0.5046785473823547 0.06877432763576508 
vt 0.5018149614334106 0.05735550820827484 
vt 0.4942980408668518 0.6301994323730469 
vt 0.5021728873252869 0.5964187979698181 
vt 0.4517022371292114 0.6083133816719055 
vt 0.4462136924266815 0.6049829125404358 
vt 0.4923889935016632 0.6319836378097534 
vt 0.35302790999412537 0.3089263141155243 
vt 0.3538631200790405 0.3204640746116638 
vt 0.3614993393421173 0.3193935453891754 
vt 0.36710718274116516 0.33200183510780334 
vt 0.35493695735931396 0.3334291875362396 
vt 0.36710718274116516 0.3456806242465973 
vt 0.3576812446117401 0.34627532958984375 
vt 0.3636470437049866 0.3599541485309601 
vt 0.35648807883262634 0.3599541485309601 
vt 0.35302790999412537 0.3787476122379303 
vt 0.5278258323669434 0.6895534992218018 
vt 0.4631565809249878 0.6895534992218018 
vt 0.5252009034156799 0.6512528657913208 
vt 0.4707928001880646 0.636979341506958 
vt 0.40373721718788147 0.6882451176643372 
vt 0.41423702239990234 0.6171153783798218 
vt 0.4842755198478699 0.5984408855438232 
vt 0.4574294090270996 0.5603781342506409 
vt 0.5287804007530212 0.5905904173851013 
vt 0.5203089118003845 0.5342100262641907 
vt 0.5525242686271667 0.5914230346679688 
vt 0.5697057843208313 0.5424172878265381 
vt 0.5427403450012207 0.63008052110672 
vt 0.5300928354263306 0.6284152269363403 
vt 0.5191158056259155 0.6330541372299194 
vt 0.5162522196769714 0.6445919275283813 
vt 0.45432719588279724 0.6813462376594543 
vt 0.5071842074394226 0.6466140151023865 
vt 0.508258044719696 0.6488739848136902 
vt 0.4686451256275177 0.6261552572250366 
vt 0.4846334457397461 0.5779821276664734 
vt 0.4526567757129669 0.6117628216743469 
vt 0.45528173446655273 0.592850387096405 
vt 0.473775714635849 0.6084323525428772 
vt 0.46840646862983704 0.5840483903884888 
vt 0.4711507558822632 0.5841673612594604 
vt 0.46339520812034607 0.649468719959259 
vt 0.4884515702724457 0.5989166498184204 
vt 0.4920310378074646 0.6115249395370483 
vt 0.4759233891963959 0.659460186958313 
vt 0.49632641673088074 0.6148554086685181 
vt 0.4759233891963959 0.659460186958313 
vt 0.4686451256275177 0.6261552572250366 
vt 0.49382078647613525 0.6037934422492981 
vt 0.4526567757129669 0.6117628216743469 
vt 0.4291515052318573 0.6539886593818665 
vt 0.42330503463745117 0.6544644236564636 
vt 0.45790666341781616 0.6123575568199158 
vt 0.4268845021724701 0.6372172832489014 
vt 0.4327310025691986 0.6374551653862 
vt 0.5158942341804504 0.6464950442314148 
vt 0.49537190794944763 0.6813462376594543 
vt 0.45635557174682617 0.6550591588020325 
vt 0.01297730766236782 0.6977607607841492 
vt 0.07716931402683258 0.7097743153572083 
vt 0.02061353251338005 0.6365035772323608 
vt 0.07645341753959656 0.6356709599494934 
vt 0.07955563813447952 0.5903525352478027 
vt 0.011903463862836361 0.5731053948402405 
vt 0.08051016181707382 0.5626381039619446 
vt 0.022164639085531235 0.5295711159706116 
vt 0.07358983904123306 0.5236238241195679 
vt 0.03469282016158104 0.5063766837120056 
vt 0.0913679227232933 0.48020854592323303 
vt 0.04018135741353035 0.4710496962070465 
vt 0.0974530354142189 0.45499199628829956 
vt 0.08420895785093307 0.43833956122398376 
vt 0.029323600232601166 0.4379827082157135 
vt 0.08707254379987717 0.4169292747974396 
vt 0.11654359847307205 0.7096553444862366 
vt 0.11654359847307205 0.6368604302406311 
vt 0.15663377940654755 0.6356709599494934 
vt 0.15591788291931152 0.7097743153572083 
vt 0.11654359847307205 0.46105822920799255 
vt 0.11654359847307205 0.4796138107776642 
vt 0.11654359847307205 0.5212448835372925 
vt 0.11654359847307205 0.5625191926956177 
vt 0.11654359847307205 0.5926125049591064 
vt 0.15353155136108398 0.5903525352478027 
vt 0.21247366070747375 0.6365035772323608 
vt 0.22118373215198517 0.5731053948402405 
vt 0.15257702767848969 0.5626381039619446 
vt 0.15949735045433044 0.5236238241195679 
vt 0.22010987997055054 0.6977607607841492 
vt 0.21092255413532257 0.5295711159706116 
vt 0.19839437305927277 0.5063766837120056 
vt 0.1417192667722702 0.48020854592323303 
vt 0.19290584325790405 0.4710496962070465 
vt 0.1356341540813446 0.45499199628829956 
vt 0.14887823164463043 0.43833956122398376 
vt 0.20376358926296234 0.4379827082157135 
vt 0.14601464569568634 0.4169292747974396 
vt 0.7689634561538696 0.9454063177108765 
vt 0.7983152270317078 0.9354149103164673 
vt 0.7646681070327759 0.9225687384605408 
vt 0.7880540490150452 0.915194034576416 
vt 0.7638328671455383 0.9010394811630249 
vt 0.8209852576255798 0.9123393297195435 
vt 0.16808810830116272 0.012631813995540142 
vt 0.14959412813186646 0.015248625539243221 
vt 0.1705937385559082 0.03083055280148983 
vt 0.15162250399589539 0.03606417775154114 
vt 0.12966835498809814 0.017032815143465996 
vt 0.13121946156024933 0.045698802918195724 
vt 0.10974258184432983 0.018222276121377945 
vt 0.1109357476234436 0.049148235470056534 
vt 0.09112928807735443 0.018460167571902275 
vt 0.09112928807735443 0.047126155346632004 
vt 0.07120351493358612 0.049148235470056534 
vt 0.0723966732621193 0.018222276121377945 
vt 0.0509197972714901 0.045698802918195724 
vt 0.05247090384364128 0.017032815143465996 
vt 0.030516760423779488 0.03606417775154114 
vt 0.03254513069987297 0.015248625539243221 
vt 0.01154551561921835 0.03083055280148983 
vt 0.014051152393221855 0.012631813995540142 
vt 0.6631301641464233 0.5064955949783325 
vt 0.6374772787094116 0.5283816456794739 
vt 0.6644426584243774 0.5229101777076721 
vt 0.6386703848838806 0.5425362586975098 
vt 0.6657551527023315 0.5400384068489075 
vt 0.6395056247711182 0.5557392239570618 
vt 0.6670676469802856 0.5581181645393372 
vt 0.6393862962722778 0.5692991018295288 
vt 0.6677834987640381 0.5758411288261414 
vt 0.6373579502105713 0.584405243396759 
vt 0.6675449013710022 0.5926125049591064 
vt 0.6039494276046753 0.5777442455291748 
vt 0.6049039959907532 0.566087543964386 
vt 0.6052619218826294 0.5538361072540283 
vt 0.6050233244895935 0.5414657592773438 
vt 0.6045460104942322 0.5296900868415833 
vt 0.6354488730430603 0.5129187107086182 
vt 0.6039494276046753 0.518271267414093 
vt 0.8335134387016296 0.9518294334411621 
vt 0.780417799949646 0.9741912484169006 
vt 0.8609561324119568 0.9244718551635742 
vt 0.8605981469154358 0.9558736085891724 
vt 0.8759899139404297 0.9559925198554993 
vt 0.8721718192100525 0.9858480095863342 
vt 0.856302797794342 0.985491156578064 
vt 0.7789860367774963 0.9858480095863342 
vt 0.8719331622123718 0.9232823848724365 
vt 0.3506415784358978 0.5895199179649353 
vt 0.3641242980957031 0.5985597968101501 
vt 0.2866882085800171 0.5973703265190125 
vt 0.29265400767326355 0.6130712032318115 
vt 0.2732055187225342 0.5883304476737976 
vt 0.26437613368034363 0.6096217632293701 
vt 0.2574557960033417 0.5895199179649353 
vt 0.24528555572032928 0.6005818843841553 
vt 0.2646147608757019 0.62270587682724 
vt 0.2414674460887909 0.6171153783798218 
vt 0.2607966363430023 0.6418561339378357 
vt 0.24731393158435822 0.6328162550926208 
vt 0.27666565775871277 0.6405477523803711 
vt 0.28883591294288635 0.629604697227478 
vt 0.36627197265625 0.6307941675186157 
vt 0.3700900971889496 0.6143796443939209 
vt 0.3541017472743988 0.6418561339378357 
vt 0.9830163717269897 0.3791044354438782 
vt 0.9565282464027405 0.4074136018753052 
vt 0.9519942402839661 0.37922337651252747 
vt 0.9351706504821777 0.45974981784820557 
vt 0.9250288009643555 0.3837433457374573 
vt 0.9250288009643555 0.46117717027664185 
vt 0.24230265617370605 0.8508442640304565 
vt 0.2828701138496399 0.857862114906311 
vt 0.23645617067813873 0.8660693764686584 
vt 0.2752338647842407 0.878915548324585 
vt 0.23418916761875153 0.8839112520217896 
vt 0.2718930244445801 0.9028236865997314 
vt 0.283824622631073 0.8814134001731873 
vt 0.28072240948677063 0.905678391456604 
vt 0.29527896642684937 0.8842681050300598 
vt 0.29265400767326355 0.9074625968933105 
vt 0.30995482206344604 0.8870038390159607 
vt 0.30804577469825745 0.907819390296936 
vt 0.33727818727493286 0.8916427493095398 
vt 0.3362043499946594 0.907819390296936 
vt 0.29205742478370667 0.8600031137466431 
vt 0.30363109707832336 0.8632146716117859 
vt 0.3162785768508911 0.8669019937515259 
vt 0.3440791964530945 0.8771313428878784 
vt 0.3178296983242035 0.8616683483123779 
vt 0.33441460132598877 0.8557210564613342 
vt 0.3068526089191437 0.8437075018882751 
vt 0.3142502009868622 0.8413286209106445 
vt 0.6132560968399048 0.27871400117874146 
vt 0.605739176273346 0.2947717308998108 
vt 0.6211309432983398 0.27871400117874146 
vt 0.6062164306640625 0.31082943081855774 
vt 0.6216081976890564 0.2947717308998108 
vt 0.6140913367271423 0.31082943081855774 
vt 0.592256486415863 0.20651379227638245 
vt 0.5881997346878052 0.2225715070962906 
vt 0.6150458455085754 0.21127162873744965 
vt 0.6143299341201782 0.2225715070962906 
vt 0.6393862962722778 0.21365055441856384 
vt 0.6399828791618347 0.2212630957365036 
vt 0.6469032168388367 0.2129368782043457 
vt 0.6476191282272339 0.22054941952228546 
vt 0.8082184195518494 0.06044810637831688 
vt 0.8010594844818115 0.05152715742588043 
vt 0.7699180245399475 0.06544383615255356 
vt 0.7618045210838318 0.05687972530722618 
vt 0.7113338708877563 0.07293743640184402 
vt 0.7027431130409241 0.062589131295681 
vt 0.7023851275444031 0.08090681582689285 
vt 0.6928398609161377 0.0673469752073288 
vt 0.6994022727012634 0.05057558789849281 
vt 0.6896183490753174 0.04938612878322601 
vt 0.7987924814224243 0.04022728651762009 
vt 0.7589409351348877 0.044271450489759445 
vt 0.802133321762085 0.02952214516699314 
vt 0.762520432472229 0.0317821204662323 
vt 0.8095309138298035 0.021076979115605354 
vt 0.7711111903190613 0.023574845865368843 
vt 0.7022658586502075 0.03844309598207474 
vt 0.6946296095848083 0.03285263478755951 
vt 0.7118111252784729 0.02857057750225067 
vt 0.7052487134933472 0.021076979115605354 
vt 0.4929855763912201 0.5910662412643433 
vt 0.4526567757129669 0.6117628216743469 
vt 0.5045592188835144 0.6249658465385437 
vt 0.46339520812034607 0.649468719959259 
vt 0.5071842074394226 0.6235384941101074 
vt 0.4759233891963959 0.659460186958313 
vt 0.4629179537296295 0.6625527739524841 
vt 0.45659419894218445 0.6602928042411804 
vt 0.4544464945793152 0.6717116236686707 
vt 0.4477648138999939 0.6699274182319641 
vt 0.4568328261375427 0.6838440895080566 
vt 0.4532533586025238 0.6864609122276306 
vt 0.44084447622299194 0.6436403393745422 
vt 0.4897640347480774 0.6177101135253906 
vt 0.4522988200187683 0.6792051792144775 
vt 0.4937014579772949 0.6324594020843506 
vt 0.08241921663284302 0.08958987891674042 
vt 0.08241921663284302 0.08958987891674042 
vt 0.07084556668996811 0.08875725418329239 
vt 0.07084556668996811 0.08875725418329239 
vt 0.057840123772621155 0.08768673986196518 
vt 0.057840123772621155 0.08768673986196518 
vt 0.04519262909889221 0.08495098352432251 
vt 0.04519262909889221 0.08495098352432251 
vt 0.0313519723713398 0.08602149784564972 
vt 0.0313519723713398 0.08602149784564972 
vt 0.9512783288955688 0.045698802918195724 
vt 0.9325457215309143 0.05640394240617752 
vt 0.9568861722946167 0.03202001377940178 
vt 0.9325457215309143 0.021790655329823494 
vt 0.9423296451568604 0.012512868270277977 
vt 0.9547384977340698 0.018579114228487015 
vt 0.9887435436248779 0.4928168058395386 
vt 0.9659541845321655 0.48853474855422974 
vt 0.978721022605896 0.5221964716911316 
vt 0.958556592464447 0.511967122554779 
vt 0.9556930065155029 0.5449151396751404 
vt 0.9444773197174072 0.4877021312713623 
vt 0.6071709990501404 0.9856100678443909 
vt 0.590347409248352 0.9858480095863342 
vt 0.5989381670951843 0.9553977847099304 
vt 0.5837850570678711 0.9574198722839355 
vt 0.592256486415863 0.9219740033149719 
vt 0.5805635452270508 0.9229255318641663 
vt 0.5701830387115479 0.9575388431549072 
vt 0.5682739615440369 0.9232823848724365 
vt 0.5570582747459412 0.9567062258720398 
vt 0.5559844374656677 0.9230445027351379 
vt 0.542859673500061 0.9555167555809021 
vt 0.5373710989952087 0.9823985695838928 
vt 0.5209054946899414 0.9810901284217834 
vt 0.5273485779762268 0.953494668006897 
vt 0.5441721677780151 0.9225687384605408 
vt 0.5327178239822388 0.9219740033149719 
vt 0.5545526146888733 0.9838259220123291 
vt 0.5725693702697754 0.9850153923034668 
vt 0.8915010094642639 0.1881961077451706 
vt 0.8926941752433777 0.17725308239459991 
vt 0.9241936206817627 0.19224026799201965 
vt 0.9240742921829224 0.17677728831768036 
vt 0.9540225863456726 0.18843400478363037 
vt 0.9536646604537964 0.172614187002182 
vt 0.9540225863456726 0.09529928117990494 
vt 0.9424489736557007 0.09672663360834122 
vt 0.9200175404548645 0.14977654814720154 
vt 0.5773419737815857 0.7052543759346008 
vt 0.5639786124229431 0.7141753435134888 
vt 0.6414147019386292 0.7129858732223511 
vt 0.6354488730430603 0.7286867499351501 
vt 0.6547780632972717 0.7039459943771362 
vt 0.6636074781417847 0.7252373099327087 
vt 0.6706470847129822 0.7052543759346008 
vt 0.6828173398971558 0.7161974310874939 
vt 0.663368821144104 0.7383213639259338 
vt 0.686635434627533 0.7327309250831604 
vt 0.6671869158744812 0.7574716806411743 
vt 0.6806696653366089 0.7484317421913147 
vt 0.5580127835273743 0.7299951314926147 
vt 0.6392669677734375 0.7452202439308167 
vt 0.5618308782577515 0.7465286254882812 
vt 0.6514372229576111 0.7562822103500366 
vt 0.574001133441925 0.7574716806411743 
vt 0.06941377371549606 0.9713366031646729 
vt 0.03839161619544029 0.9712176322937012 
vt 0.042925622314214706 0.9431463479995728 
vt 0.021687375381588936 0.8906911611557007 
vt 0.011426200158894062 0.9668166041374207 
vt 0.011426200158894062 0.8893827795982361 
vt 0.8981826901435852 0.11337907612323761 
vt 0.891262412071228 0.07269954681396484 
vt 0.883029580116272 0.11908848583698273 
vt 0.8702627420425415 0.0803120881319046 
vt 0.8651321530342102 0.12146740406751633 
vt 0.8462802767753601 0.08376152068376541 
vt 0.8677571415901184 0.07174797356128693 
vt 0.843416690826416 0.07484057545661926 
vt 0.864774227142334 0.06032916158437729 
vt 0.8416269421577454 0.06294596940279007 
vt 0.8621492981910706 0.045579854398965836 
vt 0.8412689566612244 0.047601938247680664 
vt 0.8573766350746155 0.018341222777962685 
vt 0.8412689566612244 0.019411735236644745 
vt 0.8891146779060364 0.06354070454835892 
vt 0.8858931660652161 0.05200294032692909 
vt 0.8821943402290344 0.03927571699023247 
vt 0.8719331622123718 0.011561299674212933 
vt 0.8873249292373657 0.0377294197678566 
vt 0.8934100866317749 0.021195925772190094 
vt 0.9054610133171082 0.048672452569007874 
vt 0.9078472852706909 0.04141674563288689 
vt 0.21975193917751312 0.7283298969268799 
vt 0.21975193917751312 0.7460528612136841 
vt 0.2125929743051529 0.7249994277954102 
vt 0.2125929743051529 0.7603263854980469 
vt 0.20543400943279266 0.739272952079773 
vt 0.20543400943279266 0.7569958567619324 
vt 0.2559046745300293 0.5249322652816772 
vt 0.23967771232128143 0.5290953516960144 
vt 0.2511320412158966 0.5022135376930237 
vt 0.23967771232128143 0.5028082728385925 
vt 0.24874572455883026 0.47782960534095764 
vt 0.24110950529575348 0.4772348999977112 
vt 0.24934230744838715 0.4702170789241791 
vt 0.24170607328414917 0.46962234377861023 
vt 0.859762966632843 0.3598351776599884 
vt 0.8685923218727112 0.3669719398021698 
vt 0.854751706123352 0.39813581109046936 
vt 0.8633424639701843 0.4063430726528168 
vt 0.8472347855567932 0.4566572308540344 
vt 0.8576152920722961 0.4653402864933014 
vt 0.8392406105995178 0.4655781686306 
vt 0.8528426289558411 0.47521281242370605 
vt 0.8695468902587891 0.4686707854270935 
vt 0.8707400560379028 0.4784243404865265 
vt 0.8799273371696472 0.3693508803844452 
vt 0.8758706450462341 0.40919777750968933 
vt 0.8906658291816711 0.3660203814506531 
vt 0.8883988261222839 0.40551045536994934 
vt 0.8991372585296631 0.3585267961025238 
vt 0.8966315984725952 0.39694634079933167 
vt 0.8817170858383179 0.46581608057022095 
vt 0.8873249292373657 0.4734286069869995 
vt 0.8915010094642639 0.45618143677711487 
vt 0.8991372585296631 0.4628424346446991 
vt 0.46423041820526123 0.6777778267860413 
vt 0.47138938307762146 0.6758747100830078 
vt 0.4631565809249878 0.6828925013542175 
vt 0.47138938307762146 0.6815841197967529 
vt 0.5136272311210632 0.6435213685035706 
vt 0.5123147964477539 0.6414993405342102 
vt 0.952590823173523 0.7395108342170715 
vt 0.9714427590370178 0.7502159476280212 
vt 0.9469829797744751 0.7259509563446045 
vt 0.9714427590370178 0.715721607208252 
vt 0.9615395069122314 0.7064438462257385 
vt 0.9492499828338623 0.7123911380767822 
vt 0.42604929208755493 0.6781346797943115 
vt 0.42414024472236633 0.6793241500854492 
vt 0.4352366328239441 0.6878882646560669 
vt 0.4336855113506317 0.6896724700927734 
vt 0.5241270661354065 0.6602928042411804 
vt 0.46936100721359253 0.6318646669387817 
vt 0.49537190794944763 0.6830114722251892 
vt 0.4554010331630707 0.639596164226532 
vt 0.4679292142391205 0.5883304476737976 
vt 0.48940610885620117 0.5894009470939636 
vt 0.4874970316886902 0.6321026086807251 
vt 0.516729474067688 0.5989166498184204 
vt 0.4884515702724457 0.5911851525306702 
vt 0.5169680714607239 0.6023660898208618 
vt 0.4660201668739319 0.5901146531105042 
vt 0.4904799461364746 0.6376930475234985 
vt 0.42831629514694214 0.6538696885108948 
vt 0.4384581744670868 0.6887208819389343 
vt 0.4256913661956787 0.6549401879310608 
vt 0.435833215713501 0.6901482343673706 
vt 0.4686451256275177 0.6261552572250366 
vt 0.4759233891963959 0.659460186958313 
vt 0.49537190794944763 0.5903525352478027 
vt 0.5071842074394226 0.6235384941101074 
vt 0.5158942341804504 0.5962998270988464 
vt 0.5052751302719116 0.5929693579673767 
vt 0.5136272311210632 0.5910662412643433 
vt 0.5018149614334106 0.5863083600997925 
vt 0.24445034563541412 0.96812504529953 
vt 0.25864896178245544 0.981803834438324 
vt 0.24445034563541412 0.9455252885818481 
vt 0.25996142625808716 0.9319654703140259 
vt 0.27988719940185547 0.9335117340087891 
vt 0.2944437563419342 0.947190523147583 
vt 0.29492101073265076 0.9677681922912598 
vt 0.2783360779285431 0.9829933047294617 
s on 
f 1/1/1 2/2/2 3/3/3 
f 2/2/2 4/4/4 3/3/3 
f 3/3/3 4/4/4 5/5/5 
f 4/4/4 5/5/5 5/5/5 
f 5/5/5 5/5/5 1/1/1 
f 5/5/5 1/1/1 1/1/1 
f 1/1/1 1/1/1 2/2/2 
f 1/1/1 6/6/6 2/2/2 
f 2/2/2 6/6/6 7/7/7 
f 6/6/6 8/8/8 7/7/7 
f 7/7/7 8/8/8 9/9/9 
f 8/8/8 10/10/10 9/9/9 
f 9/9/9 10/10/10 11/11/11 
f 10/10/10 12/12/12 11/11/11 
f 11/11/11 12/12/12 13/13/13 
f 12/12/12 14/14/14 13/13/13 
f 13/13/13 14/14/14 15/15/15 
f 14/14/14 16/16/16 15/15/15 
f 15/15/15 16/16/16 16/16/16 
f 16/16/16 11/11/11 16/16/16 
f 16/16/16 11/11/11 11/11/11 
f 11/11/11 13/13/13 11/11/11 
f 11/11/11 13/13/13 9/9/9 
f 13/13/13 17/17/17 9/9/9 
f 9/9/9 17/17/17 7/7/7 
f 17/17/17 18/18/18 7/7/7 
f 7/7/7 18/18/18 2/2/2 
f 18/18/18 18/18/18 2/2/2 
f 2/2/2 18/18/18 4/4/4 
f 18/18/18 19/19/19 4/4/4 
f 4/4/4 19/19/19 4/4/4 
f 19/19/19 20/20/20 4/4/4 
f 4/4/4 20/20/20 5/5/5 
f 20/20/20 21/21/21 5/5/5 
f 5/5/5 21/21/21 5/5/5 
f 21/21/21 22/22/22 5/5/5 
f 5/5/5 22/22/22 3/3/3 
f 22/22/22 23/23/23 3/3/3 
f 3/3/3 23/23/23 23/23/23 
f 23/23/23 22/22/22 23/23/23 
f 23/23/23 22/22/22 22/22/22 
f 22/22/22 21/21/21 22/22/22 
f 22/22/22 21/21/21 24/24/24 
f 21/21/21 25/25/25 24/24/24 
f 24/24/24 25/25/25 24/24/24 
f 25/25/25 26/26/26 24/24/24 
f 24/24/24 26/26/26 27/27/27 
f 26/26/26 28/28/28 27/27/27 
f 27/27/27 28/28/28 27/27/27 
f 28/28/28 29/29/29 27/27/27 
f 27/27/27 29/29/29 30/30/30 
f 29/29/29 30/30/30 30/30/30 
f 30/30/30 30/30/30 25/25/25 
f 30/30/30 25/25/25 25/25/25 
f 25/25/25 25/25/25 20/20/20 
f 25/25/25 21/21/21 20/20/20 
f 20/20/20 21/21/21 21/21/21 
f 21/21/21 15/15/15 21/21/21 
f 21/21/21 15/15/15 15/15/15 
f 15/15/15 31/31/31 15/15/15 
f 15/15/15 31/31/31 13/13/13 
f 31/31/31 31/31/31 13/13/13 
f 13/13/13 31/31/31 17/17/17 
f 31/31/31 32/32/32 17/17/17 
f 17/17/17 32/32/32 18/18/18 
f 32/32/32 19/19/19 18/18/18 
f 18/18/18 19/19/19 19/19/19 
f 19/19/19 33/33/33 19/19/19 
f 19/19/19 33/33/33 33/33/33 
f 33/33/33 29/29/29 33/33/33 
f 33/33/33 29/29/29 34/34/34 
f 29/29/29 35/35/35 34/34/34 
f 34/34/34 35/35/35 34/34/34 
f 35/35/35 36/36/36 34/34/34 
f 34/34/34 36/36/36 37/37/37 
f 36/36/36 38/38/38 37/37/37 
f 37/37/37 38/38/38 37/37/37 
f 38/38/38 39/39/39 37/37/37 
f 37/37/37 39/39/39 40/40/40 
f 39/39/39 39/39/39 40/40/40 
f 40/40/40 39/39/39 41/41/41 
f 39/39/39 42/42/42 41/41/41 
f 41/41/41 42/42/42 43/43/43 
f 42/42/42 44/44/44 43/43/43 
f 43/43/43 44/44/44 45/45/45 
f 44/44/44 46/46/46 45/45/45 
f 45/45/45 46/46/46 47/47/47 
f 46/46/46 47/47/47 47/47/47 
f 47/47/47 47/47/47 28/28/28 
f 47/47/47 28/28/28 28/28/28 
f 28/28/28 28/28/28 29/29/29 
f 28/28/28 35/35/35 29/29/29 
f 29/29/29 35/35/35 35/35/35 
f 35/35/35 33/33/33 35/35/35 
f 35/35/35 33/33/33 33/33/33 
f 33/33/33 34/34/34 33/33/33 
f 33/33/33 34/34/34 48/48/48 
f 34/34/34 37/37/37 48/48/48 
f 48/48/48 37/37/37 40/40/40 
f 37/37/37 40/40/40 40/40/40 
f 40/40/40 40/40/40 42/42/42 
f 40/40/40 42/42/42 42/42/42 
f 42/42/42 42/42/42 44/44/44 
f 42/42/42 39/39/39 44/44/44 
f 44/44/44 39/39/39 44/44/44 
f 39/39/39 38/38/38 44/44/44 
f 44/44/44 38/38/38 49/49/49 
f 38/38/38 38/38/38 49/49/49 
f 49/49/49 38/38/38 50/50/50 
f 38/38/38 36/36/36 50/50/50 
f 50/50/50 36/36/36 51/51/51 
f 36/36/36 35/35/35 51/51/51 
f 51/51/51 35/35/35 52/52/52 
f 35/35/35 28/28/28 52/52/52 
f 52/52/52 28/28/28 52/52/52 
f 28/28/28 26/26/26 52/52/52 
f 52/52/52 26/26/26 52/52/52 
f 26/26/26 25/25/25 52/52/52 
f 52/52/52 25/25/25 53/53/53 
f 25/25/25 20/20/20 53/53/53 
f 53/53/53 20/20/20 54/54/54 
f 20/20/20 19/19/19 54/54/54 
f 54/54/54 19/19/19 55/55/55 
f 19/19/19 32/32/32 55/55/55 
f 55/55/55 32/32/32 55/55/55 
f 32/32/32 56/56/56 55/55/55 
f 55/55/55 56/56/56 54/54/54 
f 56/56/56 57/57/57 54/54/54 
f 54/54/54 57/57/57 53/53/53 
f 57/57/57 58/58/58 53/53/53 
f 53/53/53 58/58/58 52/52/52 
f 58/58/58 58/58/58 52/52/52 
f 52/52/52 58/58/58 51/51/51 
f 58/58/58 59/59/59 51/51/51 
f 51/51/51 59/59/59 50/50/50 
f 59/59/59 59/59/59 50/50/50 
f 50/50/50 59/59/59 60/60/60 
f 59/59/59 58/58/58 60/60/60 
f 60/60/60 58/58/58 60/60/60 
f 58/58/58 57/57/57 60/60/60 
f 60/60/60 57/57/57 61/61/61 
f 57/57/57 56/56/56 61/61/61 
f 61/61/61 56/56/56 61/61/61 
f 56/56/56 62/62/62 61/61/61 
f 61/61/61 62/62/62 61/61/61 
f 62/62/62 63/63/63 61/61/61 
f 61/61/61 63/63/63 61/61/61 
f 63/63/63 64/64/64 61/61/61 
f 61/61/61 64/64/64 60/60/60 
f 64/64/64 65/65/65 60/60/60 
f 60/60/60 65/65/65 50/50/50 
f 65/65/65 65/65/65 50/50/50 
f 50/50/50 65/65/65 49/49/49 
f 65/65/65 66/66/66 49/49/49 
f 49/49/49 66/66/66 46/46/46 
f 66/66/66 67/67/67 46/46/46 
f 46/46/46 67/67/67 47/47/47 
f 67/67/67 47/47/47 47/47/47 
f 47/47/47 47/47/47 49/49/49 
f 47/47/47 49/49/49 49/49/49 
f 49/49/49 49/49/49 44/44/44 
f 49/49/49 46/46/46 44/44/44 
f 44/44/44 46/46/46 46/46/46 
f 46/46/46 64/64/64 46/46/46 
f 46/46/46 64/64/64 64/64/64 
f 64/64/64 68/68/68 64/64/64 
f 64/64/64 68/68/68 65/65/65 
f 68/68/68 68/68/68 65/65/65 
f 65/65/65 68/68/68 66/66/66 
f 68/68/68 69/69/69 66/66/66 
f 66/66/66 69/69/69 67/67/67 
f 69/69/69 70/70/70 67/67/67 
f 67/67/67 70/70/70 67/67/67 
f 70/70/70 71/71/71 67/67/67 
f 67/67/67 71/71/71 72/72/72 
f 71/71/71 73/73/73 72/72/72 
f 72/72/72 73/73/73 73/73/73 
f 73/73/73 67/67/67 73/73/73 
f 73/73/73 67/67/67 67/67/67 
f 67/67/67 72/72/72 67/67/67 
f 67/67/67 72/72/72 47/47/47 
f 72/72/72 47/47/47 47/47/47 
f 47/47/47 47/47/47 74/74/74 
f 47/47/47 74/74/74 74/74/74 
f 74/74/74 74/74/74 75/75/75 
f 74/74/74 76/76/76 75/75/75 
f 75/75/75 76/76/76 77/77/77 
f 76/76/76 77/77/77 77/77/77 
f 77/77/77 77/77/77 76/76/76 
f 77/77/77 76/76/76 76/76/76 
f 76/76/76 76/76/76 78/78/78 
f 76/76/76 74/74/74 78/78/78 
f 78/78/78 74/74/74 79/79/79 
f 74/74/74 74/74/74 79/79/79 
f 79/79/79 74/74/74 80/80/80 
f 74/74/74 75/75/75 80/80/80 
f 80/80/80 75/75/75 81/81/81 
f 75/75/75 75/75/75 81/81/81 
f 81/81/81 75/75/75 82/82/82 
f 75/75/75 75/75/75 82/82/82 
f 82/82/82 75/75/75 83/83/83 
f 75/75/75 77/77/77 83/83/83 
f 83/83/83 77/77/77 84/84/84 
f 77/77/77 77/77/77 84/84/84 
f 84/84/84 77/77/77 85/85/85 
f 77/77/77 76/76/76 85/85/85 
f 85/85/85 76/76/76 86/86/86 
f 76/76/76 87/87/87 86/86/86 
f 86/86/86 87/87/87 88/88/88 
f 87/87/87 89/89/89 88/88/88 
f 88/88/88 89/89/89 89/89/89 
f 89/89/89 76/76/76 89/89/89 
f 89/89/89 76/76/76 76/76/76 
f 76/76/76 78/78/78 76/76/76 
f 76/76/76 78/78/78 87/87/87 
f 78/78/78 87/87/87 87/87/87 
f 87/87/87 87/87/87 88/88/88 
f 87/87/87 88/88/88 88/88/88 
f 88/88/88 88/88/88 86/86/86 
f 88/88/88 90/90/90 86/86/86 
f 86/86/86 90/90/90 85/85/85 
f 90/90/90 91/91/91 85/85/85 
f 85/85/85 91/91/91 84/84/84 
f 91/91/91 92/92/92 84/84/84 
f 84/84/84 92/92/92 93/93/93 
f 92/92/92 94/94/94 93/93/93 
f 93/93/93 94/94/94 95/95/95 
f 94/94/94 96/96/96 95/95/95 
f 95/95/95 96/96/96 96/96/96 
f 96/96/96 84/84/84 96/96/96 
f 96/96/96 84/84/84 84/84/84 
f 84/84/84 93/93/93 84/84/84 
f 84/84/84 93/93/93 83/83/83 
f 93/93/93 97/97/97 83/83/83 
f 83/83/83 97/97/97 82/82/82 
f 97/97/97 97/97/97 82/82/82 
f 82/82/82 97/97/97 98/98/98 
f 97/97/97 99/99/99 98/98/98 
f 98/98/98 99/99/99 98/98/98 
f 99/99/99 100/100/100 98/98/98 
f 98/98/98 100/100/100 101/101/101 
f 100/100/100 102/102/102 101/101/101 
f 101/101/101 102/102/102 101/101/101 
f 102/102/102 103/103/103 101/101/101 
f 101/101/101 103/103/103 101/101/101 
f 103/103/103 104/104/104 101/101/101 
f 101/101/101 104/104/104 101/101/101 
f 104/104/104 105/105/105 101/101/101 
f 101/101/101 105/105/105 106/106/106 
f 105/105/105 107/107/107 106/106/106 
f 106/106/106 107/107/107 81/81/81 
f 107/107/107 107/107/107 81/81/81 
f 81/81/81 107/107/107 80/80/80 
f 107/107/107 108/108/108 80/80/80 
f 80/80/80 108/108/108 80/80/80 
f 108/108/108 109/109/109 80/80/80 
f 80/80/80 109/109/109 80/80/80 
f 109/109/109 110/110/110 80/80/80 
f 80/80/80 110/110/110 111/111/111 
f 110/110/110 112/112/112 111/111/111 
f 111/111/111 112/112/112 111/111/111 
f 112/112/112 113/113/113 111/111/111 
f 111/111/111 113/113/113 114/114/114 
f 113/113/113 115/115/115 114/114/114 
f 114/114/114 115/115/115 114/114/114 
f 115/115/115 116/116/116 114/114/114 
f 114/114/114 116/116/116 114/114/114 
f 116/116/116 117/117/117 114/114/114 
f 114/114/114 117/117/117 118/118/118 
f 117/117/117 117/117/117 118/118/118 
f 118/118/118 117/117/117 119/119/119 
f 117/117/117 120/120/120 119/119/119 
f 119/119/119 120/120/120 121/121/121 
f 120/120/120 122/122/122 121/121/121 
f 121/121/121 122/122/122 121/121/121 
f 122/122/122 123/123/123 121/121/121 
f 121/121/121 123/123/123 121/121/121 
f 123/123/123 124/124/124 121/121/121 
f 121/121/121 124/124/124 121/121/121 
f 124/124/124 125/125/125 121/121/121 
f 121/121/121 125/125/125 126/126/126 
f 125/125/125 127/127/127 126/126/126 
f 126/126/126 127/127/127 127/127/127 
f 127/127/127 93/93/93 127/127/127 
f 127/127/127 93/93/93 93/93/93 
f 93/93/93 95/95/95 93/93/93 
f 93/93/93 95/95/95 97/97/97 
f 95/95/95 99/99/99 97/97/97 
f 97/97/97 99/99/99 99/99/99 
f 99/99/99 101/101/101 99/99/99 
f 99/99/99 101/101/101 101/101/101 
f 101/101/101 106/106/106 101/101/101 
f 101/101/101 106/106/106 98/98/98 
f 106/106/106 106/106/106 98/98/98 
f 98/98/98 106/106/106 82/82/82 
f 106/106/106 81/81/81 82/82/82 
f 82/82/82 81/81/81 81/81/81 
f 81/81/81 121/121/121 81/81/81 
f 81/81/81 121/121/121 121/121/121 
f 121/121/121 126/126/126 121/121/121 
f 121/121/121 126/126/126 119/119/119 
f 126/126/126 128/128/128 119/119/119 
f 119/119/119 128/128/128 118/118/118 
f 128/128/128 129/129/129 118/118/118 
f 118/118/118 129/129/129 114/114/114 
f 129/129/129 130/130/130 114/114/114 
f 114/114/114 130/130/130 79/79/79 
f 130/130/130 130/130/130 79/79/79 
f 79/79/79 130/130/130 78/78/78 
f 130/130/130 131/131/131 78/78/78 
f 78/78/78 131/131/131 87/87/87 
f 131/131/131 132/132/132 87/87/87 
f 87/87/87 132/132/132 133/133/133 
f 132/132/132 132/132/132 133/133/133 
f 133/133/133 132/132/132 134/134/134 
f 132/132/132 135/135/135 134/134/134 
f 134/134/134 135/135/135 136/136/136 
f 135/135/135 136/136/136 136/136/136 
f 136/136/136 136/136/136 114/114/114 
f 136/136/136 114/114/114 114/114/114 
f 114/114/114 114/114/114 111/111/111 
f 114/114/114 79/79/79 111/111/111 
f 111/111/111 79/79/79 80/80/80 
f 79/79/79 80/80/80 80/80/80 
f 80/80/80 80/80/80 130/130/130 
f 80/80/80 130/130/130 130/130/130 
f 130/130/130 130/130/130 131/131/131 
f 130/130/130 129/129/129 131/131/131 
f 131/131/131 129/129/129 131/131/131 
f 129/129/129 137/137/137 131/131/131 
f 131/131/131 137/137/137 135/135/135 
f 137/137/137 138/138/138 135/135/135 
f 135/135/135 138/138/138 136/136/136 
f 138/138/138 138/138/138 136/136/136 
f 136/136/136 138/138/138 139/139/139 
f 138/138/138 140/140/140 139/139/139 
f 139/139/139 140/140/140 141/141/141 
f 140/140/140 142/142/142 141/141/141 
f 141/141/141 142/142/142 143/143/143 
f 142/142/142 143/143/143 143/143/143 
f 143/143/143 143/143/143 87/87/87 
f 143/143/143 87/87/87 87/87/87 
f 87/87/87 87/87/87 89/89/89 
f 87/87/87 133/133/133 89/89/89 
f 89/89/89 133/133/133 133/133/133 
f 133/133/133 131/131/131 133/133/133 
f 133/133/133 131/131/131 131/131/131 
f 131/131/131 135/135/135 131/131/131 
f 131/131/131 135/135/135 132/132/132 
f 135/135/135 132/132/132 132/132/132 
f 132/132/132 132/132/132 140/140/140 
f 132/132/132 140/140/140 140/140/140 
f 140/140/140 140/140/140 142/142/142 
f 140/140/140 144/144/144 142/142/142 
f 142/142/142 144/144/144 127/127/127 
f 144/144/144 144/144/144 127/127/127 
f 127/127/127 144/144/144 126/126/126 
f 144/144/144 144/144/144 126/126/126 
f 126/126/126 144/144/144 128/128/128 
f 144/144/144 145/145/145 128/128/128 
f 128/128/128 145/145/145 129/129/129 
f 145/145/145 145/145/145 129/129/129 
f 129/129/129 145/145/145 137/137/137 
f 145/145/145 145/145/145 137/137/137 
f 137/137/137 145/145/145 138/138/138 
f 145/145/145 145/145/145 138/138/138 
f 138/138/138 145/145/145 140/140/140 
f 145/145/145 144/144/144 140/140/140 
f 140/140/140 144/144/144 144/144/144 
f 144/144/144 146/146/146 144/144/144 
f 144/144/144 146/146/146 146/146/146 
f 146/146/146 147/147/147 146/146/146 
f 146/146/146 147/147/147 148/148/148 
f 147/147/147 149/149/149 148/148/148 
f 148/148/148 149/149/149 16/16/16 
f 149/149/149 149/149/149 16/16/16 
f 16/16/16 149/149/149 15/15/15 
f 149/149/149 149/149/149 15/15/15 
f 15/15/15 149/149/149 150/150/150 
f 149/149/149 151/151/151 150/150/150 
f 150/150/150 151/151/151 150/150/150 
f 151/151/151 152/152/152 150/150/150 
f 150/150/150 152/152/152 153/153/153 
f 152/152/152 62/62/62 153/153/153 
f 153/153/153 62/62/62 153/153/153 
f 62/62/62 56/56/56 153/153/153 
f 153/153/153 56/56/56 153/153/153 
f 56/56/56 32/32/32 153/153/153 
f 153/153/153 32/32/32 153/153/153 
f 32/32/32 31/31/31 153/153/153 
f 153/153/153 31/31/31 150/150/150 
f 31/31/31 15/15/15 150/150/150 
f 150/150/150 15/15/15 15/15/15 
f 15/15/15 147/147/147 15/15/15 
f 15/15/15 147/147/147 147/147/147 
f 147/147/147 154/154/154 147/147/147 
f 147/147/147 154/154/154 149/149/149 
f 154/154/154 151/151/151 149/149/149 
f 149/149/149 151/151/151 151/151/151 
f 151/151/151 155/155/155 151/151/151 
f 151/151/151 155/155/155 155/155/155 
f 155/155/155 156/156/156 155/155/155 
f 155/155/155 156/156/156 157/157/157 
f 156/156/156 156/156/156 157/157/157 
f 157/157/157 156/156/156 158/158/158 
f 156/156/156 159/159/159 158/158/158 
f 158/158/158 159/159/159 158/158/158 
f 159/159/159 160/160/160 158/158/158 
f 158/158/158 160/160/160 161/161/161 
f 160/160/160 162/162/162 161/161/161 
f 161/161/161 162/162/162 163/163/163 
f 162/162/162 164/164/164 163/163/163 
f 163/163/163 164/164/164 163/163/163 
f 164/164/164 165/165/165 163/163/163 
f 163/163/163 165/165/165 166/166/166 
f 165/165/165 167/167/167 166/166/166 
f 166/166/166 167/167/167 167/167/167 
f 167/167/167 160/160/160 167/167/167 
f 167/167/167 160/160/160 160/160/160 
f 160/160/160 168/168/168 160/160/160 
f 160/160/160 168/168/168 162/162/162 
f 168/168/168 169/169/169 162/162/162 
f 162/162/162 169/169/169 164/164/164 
f 169/169/169 164/164/164 164/164/164 
f 164/164/164 164/164/164 166/166/166 
f 164/164/164 166/166/166 166/166/166 
f 166/166/166 166/166/166 163/163/163 
f 166/166/166 170/170/170 163/163/163 
f 163/163/163 170/170/170 161/161/161 
f 170/170/170 171/171/171 161/161/161 
f 161/161/161 171/171/171 158/158/158 
f 171/171/171 171/171/171 158/158/158 
f 158/158/158 171/171/171 157/157/157 
f 171/171/171 171/171/171 157/157/157 
f 157/157/157 171/171/171 172/172/172 
f 171/171/171 171/171/171 172/172/172 
f 172/172/172 171/171/171 173/173/173 
f 171/171/171 174/174/174 173/173/173 
f 173/173/173 174/174/174 175/175/175 
f 174/174/174 176/176/176 175/175/175 
f 175/175/175 176/176/176 177/177/177 
f 176/176/176 176/176/176 177/177/177 
f 177/177/177 176/176/176 178/178/178 
f 176/176/176 179/179/179 178/178/178 
f 178/178/178 179/179/179 180/180/180 
f 179/179/179 179/179/179 180/180/180 
f 180/180/180 179/179/179 181/181/181 
f 179/179/179 182/182/182 181/181/181 
f 181/181/181 182/182/182 183/183/183 
f 182/182/182 182/182/182 183/183/183 
f 183/183/183 182/182/182 167/167/167 
f 182/182/182 182/182/182 167/167/167 
f 167/167/167 182/182/182 166/166/166 
f 182/182/182 184/184/184 166/166/166 
f 166/166/166 184/184/184 170/170/170 
f 184/184/184 174/174/174 170/170/170 
f 170/170/170 174/174/174 171/171/171 
f 174/174/174 171/171/171 171/171/171 
f 171/171/171 171/171/171 181/181/181 
f 171/171/171 181/181/181 181/181/181 
f 181/181/181 181/181/181 185/185/185 
f 181/181/181 183/183/183 185/185/185 
f 185/185/185 183/183/183 183/183/183 
f 183/183/183 182/182/182 183/183/183 
f 183/183/183 182/182/182 182/182/182 
f 182/182/182 179/179/179 182/182/182 
f 182/182/182 179/179/179 184/184/184 
f 179/179/179 176/176/176 184/184/184 
f 184/184/184 176/176/176 174/174/174 
f 176/176/176 174/174/174 174/174/174 
f 174/174/174 174/174/174 186/186/186 
f 174/174/174 186/186/186 186/186/186 
f 186/186/186 186/186/186 187/187/187 
f 186/186/186 188/188/188 187/187/187 
f 187/187/187 188/188/188 189/189/189 
f 188/188/188 190/190/190 189/189/189 
f 189/189/189 190/190/190 191/191/191 
f 190/190/190 192/192/192 191/191/191 
f 191/191/191 192/192/192 193/193/193 
f 192/192/192 194/194/194 193/193/193 
f 193/193/193 194/194/194 195/195/195 
f 194/194/194 194/194/194 195/195/195 
f 195/195/195 194/194/194 196/196/196 
f 194/194/194 194/194/194 196/196/196 
f 196/196/196 194/194/194 197/197/197 
f 194/194/194 198/198/198 197/197/197 
f 197/197/197 198/198/198 199/199/199 
f 198/198/198 198/198/198 199/199/199 
f 199/199/199 198/198/198 200/200/200 
f 198/198/198 201/201/201 200/200/200 
f 200/200/200 201/201/201 202/202/202 
f 201/201/201 201/201/201 202/202/202 
f 202/202/202 201/201/201 203/203/203 
f 201/201/201 204/204/204 203/203/203 
f 203/203/203 204/204/204 205/205/205 
f 204/204/204 205/205/205 205/205/205 
f 205/205/205 205/205/205 186/186/186 
f 205/205/205 186/186/186 186/186/186 
f 186/186/186 186/186/186 188/188/188 
f 186/186/186 206/206/206 188/188/188 
f 188/188/188 206/206/206 207/207/207 
f 206/206/206 208/208/208 207/207/207 
f 207/207/207 208/208/208 208/208/208 
f 208/208/208 190/190/190 208/208/208 
f 208/208/208 190/190/190 190/190/190 
f 190/190/190 188/188/188 190/190/190 
f 190/190/190 188/188/188 207/207/207 
f 188/188/188 207/207/207 207/207/207 
f 207/207/207 207/207/207 200/200/200 
f 207/207/207 200/200/200 200/200/200 
f 200/200/200 200/200/200 209/209/209 
f 200/200/200 202/202/202 209/209/209 
f 209/209/209 202/202/202 202/202/202 
f 202/202/202 204/204/204 202/202/202 
f 202/202/202 204/204/204 204/204/204 
f 204/204/204 201/201/201 204/204/204 
f 204/204/204 201/201/201 210/210/210 
f 201/201/201 198/198/198 210/210/210 
f 210/210/210 198/198/198 210/210/210 
f 198/198/198 194/194/194 210/210/210 
f 210/210/210 194/194/194 210/210/210 
f 194/194/194 192/192/192 210/210/210 
f 210/210/210 192/192/192 211/211/211 
f 192/192/192 190/190/190 211/211/211 
f 211/211/211 190/190/190 190/190/190 
f 190/190/190 210/210/210 190/190/190 
f 190/190/190 210/210/210 210/210/210 
f 210/210/210 211/211/211 210/210/210 
f 210/210/210 211/211/211 204/204/204 
f 211/211/211 212/212/212 204/204/204 
f 204/204/204 212/212/212 205/205/205 
f 212/212/212 212/212/212 205/205/205 
f 205/205/205 212/212/212 213/213/213 
f 212/212/212 214/214/214 213/213/213 
f 213/213/213 214/214/214 215/215/215 
f 214/214/214 214/214/214 215/215/215 
f 215/215/215 214/214/214 216/216/216 
f 214/214/214 214/214/214 216/216/216 
f 216/216/216 214/214/214 208/208/208 
f 214/214/214 217/217/217 208/208/208 
f 208/208/208 217/217/217 207/207/207 
f 217/217/217 217/217/217 207/207/207 
f 207/207/207 217/217/217 190/190/190 
f 217/217/217 217/217/217 190/190/190 
f 190/190/190 217/217/217 211/211/211 
f 217/217/217 217/217/217 211/211/211 
f 211/211/211 217/217/217 212/212/212 
f 217/217/217 214/214/214 212/212/212 
f 212/212/212 214/214/214 214/214/214 
f 214/214/214 218/218/218 214/214/214 
f 214/214/214 218/218/218 218/218/218 
f 218/218/218 219/219/219 218/218/218 
f 218/218/218 219/219/219 220/220/220 
f 219/219/219 221/221/221 220/220/220 
f 220/220/220 221/221/221 222/222/222 
f 221/221/221 223/223/223 222/222/222 
f 222/222/222 223/223/223 222/222/222 
f 223/223/223 224/224/224 222/222/222 
f 222/222/222 224/224/224 225/225/225 
f 224/224/224 226/226/226 225/225/225 
f 225/225/225 226/226/226 225/225/225 
f 226/226/226 227/227/227 225/225/225 
f 225/225/225 227/227/227 225/225/225 
f 227/227/227 228/228/228 225/225/225 
f 225/225/225 228/228/228 229/229/229 
f 228/228/228 230/230/230 229/229/229 
f 229/229/229 230/230/230 229/229/229 
f 230/230/230 231/231/231 229/229/229 
f 229/229/229 231/231/231 220/220/220 
f 231/231/231 218/218/218 220/220/220 
f 220/220/220 218/218/218 218/218/218 
f 218/218/218 225/225/225 218/218/218 
f 218/218/218 225/225/225 225/225/225 
f 225/225/225 229/229/229 225/225/225 
f 225/225/225 229/229/229 222/222/222 
f 229/229/229 220/220/220 222/222/222 
f 222/222/222 220/220/220 220/220/220 
f 220/220/220 230/230/230 220/220/220 
f 220/220/220 230/230/230 230/230/230 
f 230/230/230 228/228/228 230/230/230 
f 230/230/230 228/228/228 232/232/232 
f 228/228/228 227/227/227 232/232/232 
f 232/232/232 227/227/227 232/232/232 
f 227/227/227 233/233/233 232/232/232 
f 232/232/232 233/233/233 234/234/234 
f 233/233/233 235/235/235 234/234/234 
f 234/234/234 235/235/235 234/234/234 
f 235/235/235 236/236/236 234/234/234 
f 234/234/234 236/236/236 237/237/237 
f 236/236/236 238/238/238 237/237/237 
f 237/237/237 238/238/238 237/237/237 
f 238/238/238 239/239/239 237/237/237 
f 237/237/237 239/239/239 237/237/237 
f 239/239/239 240/240/240 237/237/237 
f 237/237/237 240/240/240 241/241/241 
f 240/240/240 242/242/242 241/241/241 
f 241/241/241 242/242/242 241/241/241 
f 242/242/242 243/243/243 241/241/241 
f 241/241/241 243/243/243 244/244/244 
f 243/243/243 245/245/245 244/244/244 
f 244/244/244 245/245/245 244/244/244 
f 245/245/245 246/246/246 244/244/244 
f 244/244/244 246/246/246 244/244/244 
f 246/246/246 247/247/247 244/244/244 
f 244/244/244 247/247/247 248/248/248 
f 247/247/247 249/249/249 248/248/248 
f 248/248/248 249/249/249 248/248/248 
f 249/249/249 250/250/250 248/248/248 
f 248/248/248 250/250/250 251/251/251 
f 250/250/250 218/218/218 251/251/251 
f 251/251/251 218/218/218 251/251/251 
f 218/218/218 231/231/231 251/251/251 
f 251/251/251 231/231/231 251/251/251 
f 231/231/231 230/230/230 251/251/251 
f 251/251/251 230/230/230 252/252/252 
f 230/230/230 232/232/232 252/252/252 
f 252/252/252 232/232/232 252/252/252 
f 232/232/232 234/234/234 252/252/252 
f 252/252/252 234/234/234 241/241/241 
f 234/234/234 237/237/237 241/241/241 
f 241/241/241 237/237/237 237/237/237 
f 237/237/237 244/244/244 237/237/237 
f 237/237/237 244/244/244 244/244/244 
f 244/244/244 248/248/248 244/244/244 
f 244/244/244 248/248/248 241/241/241 
f 248/248/248 248/248/248 241/241/241 
f 241/241/241 248/248/248 252/252/252 
f 248/248/248 251/251/251 252/252/252 
f 252/252/252 251/251/251 251/251/251 
f 251/251/251 253/253/253 251/251/251 
f 251/251/251 253/253/253 253/253/253 
f 253/253/253 254/254/254 253/253/253 
f 253/253/253 254/254/254 255/255/255 
f 254/254/254 254/254/254 255/255/255 
f 255/255/255 254/254/254 256/256/256 
f 254/254/254 257/257/257 256/256/256 
f 256/256/256 257/257/257 258/258/258 
f 257/257/257 259/259/259 258/258/258 
f 258/258/258 259/259/259 260/260/260 
f 259/259/259 259/259/259 260/260/260 
f 260/260/260 259/259/259 261/261/261 
f 259/259/259 262/262/262 261/261/261 
f 261/261/261 262/262/262 263/263/263 
f 262/262/262 263/263/263 263/263/263 
f 263/263/263 263/263/263 262/262/262 
f 263/263/263 262/262/262 262/262/262 
f 262/262/262 262/262/262 264/264/264 
f 262/262/262 259/259/259 264/264/264 
f 264/264/264 259/259/259 264/264/264 
f 259/259/259 257/257/257 264/264/264 
f 264/264/264 257/257/257 265/265/265 
f 257/257/257 254/254/254 265/265/265 
f 265/265/265 254/254/254 266/266/266 
f 254/254/254 253/253/253 266/266/266 
f 266/266/266 253/253/253 266/266/266 
f 253/253/253 267/267/267 266/266/266 
f 266/266/266 267/267/267 266/266/266 
f 267/267/267 268/268/268 266/266/266 
f 266/266/266 268/268/268 266/266/266 
f 268/268/268 269/269/269 266/266/266 
f 266/266/266 269/269/269 266/266/266 
f 269/269/269 270/270/270 266/266/266 
f 266/266/266 270/270/270 265/265/265 
f 270/270/270 271/271/271 265/265/265 
f 265/265/265 271/271/271 264/264/264 
f 271/271/271 264/264/264 264/264/264 
f 264/264/264 264/264/264 270/270/270 
f 264/264/264 270/270/270 270/270/270 
f 270/270/270 270/270/270 271/271/271 
f 270/270/270 272/272/272 271/271/271 
f 271/271/271 272/272/272 273/273/273 
f 272/272/272 274/274/274 273/273/273 
f 273/273/273 274/274/274 275/275/275 
f 274/274/274 274/274/274 275/275/275 
f 275/275/275 274/274/274 276/276/276 
f 274/274/274 277/277/277 276/276/276 
f 276/276/276 277/277/277 278/278/278 
f 277/277/277 277/277/277 278/278/278 
f 278/278/278 277/277/277 279/279/279 
f 277/277/277 280/280/280 279/279/279 
f 279/279/279 280/280/280 281/281/281 
f 280/280/280 280/280/280 281/281/281 
f 281/281/281 280/280/280 282/282/282 
f 280/280/280 277/277/277 282/282/282 
f 282/282/282 277/277/277 283/283/283 
f 277/277/277 274/274/274 283/283/283 
f 283/283/283 274/274/274 283/283/283 
f 274/274/274 272/272/272 283/283/283 
f 283/283/283 272/272/272 284/284/284 
f 272/272/272 270/270/270 284/284/284 
f 284/284/284 270/270/270 284/284/284 
f 270/270/270 269/269/269 284/284/284 
f 284/284/284 269/269/269 285/285/285 
f 269/269/269 268/268/268 285/285/285 
f 285/285/285 268/268/268 285/285/285 
f 268/268/268 286/286/286 285/285/285 
f 285/285/285 286/286/286 287/287/287 
f 286/286/286 288/288/288 287/287/287 
f 287/287/287 288/288/288 287/287/287 
f 288/288/288 289/289/289 287/287/287 
f 287/287/287 289/289/289 287/287/287 
f 289/289/289 290/290/290 287/287/287 
f 287/287/287 290/290/290 287/287/287 
f 290/290/290 291/291/291 287/287/287 
f 287/287/287 291/291/291 292/292/292 
f 291/291/291 282/282/282 292/292/292 
f 292/292/292 282/282/282 292/292/292 
f 282/282/282 283/283/283 292/292/292 
f 292/292/292 283/283/283 292/292/292 
f 283/283/283 284/284/284 292/292/292 
f 292/292/292 284/284/284 292/292/292 
f 284/284/284 285/285/285 292/292/292 
f 292/292/292 285/285/285 287/287/287 
f 285/285/285 287/287/287 287/287/287 
f 287/287/287 287/287/287 293/293/293 
f 287/287/287 293/293/293 293/293/293 
f 293/293/293 293/293/293 294/294/294 
f 293/293/293 295/295/295 294/294/294 
f 294/294/294 295/295/295 294/294/294 
f 295/295/295 296/296/296 294/294/294 
f 294/294/294 296/296/296 297/297/297 
f 296/296/296 298/298/298 297/297/297 
f 297/297/297 298/298/298 297/297/297 
f 298/298/298 299/299/299 297/297/297 
f 297/297/297 299/299/299 300/300/300 
f 299/299/299 299/299/299 300/300/300 
f 300/300/300 299/299/299 301/301/301 
f 299/299/299 302/302/302 301/301/301 
f 301/301/301 302/302/302 303/303/303 
f 302/302/302 304/304/304 303/303/303 
f 303/303/303 304/304/304 303/303/303 
f 304/304/304 305/305/305 303/303/303 
f 303/303/303 305/305/305 303/303/303 
f 305/305/305 306/306/306 303/303/303 
f 303/303/303 306/306/306 307/307/307 
f 306/306/306 308/308/308 307/307/307 
f 307/307/307 308/308/308 307/307/307 
f 308/308/308 309/309/309 307/307/307 
f 307/307/307 309/309/309 307/307/307 
f 309/309/309 310/310/310 307/307/307 
f 307/307/307 310/310/310 311/311/311 
f 310/310/310 312/312/312 311/311/311 
f 311/311/311 312/312/312 313/313/313 
f 312/312/312 314/314/314 313/313/313 
f 313/313/313 314/314/314 313/313/313 
f 314/314/314 315/315/315 313/313/313 
f 313/313/313 315/315/315 300/300/300 
f 315/315/315 315/315/315 300/300/300 
f 300/300/300 315/315/315 297/297/297 
f 315/315/315 316/316/316 297/297/297 
f 297/297/297 316/316/316 294/294/294 
f 316/316/316 317/317/317 294/294/294 
f 294/294/294 317/317/317 293/293/293 
f 317/317/317 293/293/293 293/293/293 
f 293/293/293 293/293/293 307/307/307 
f 293/293/293 307/307/307 307/307/307 
f 307/307/307 307/307/307 303/303/303 
f 307/307/307 311/311/311 303/303/303 
f 303/303/303 311/311/311 301/301/301 
f 311/311/311 313/313/313 301/301/301 
f 301/301/301 313/313/313 300/300/300 
f 313/313/313 300/300/300 300/300/300 
f 300/300/300 300/300/300 318/318/318 
f 300/300/300 318/318/318 318/318/318 
f 318/318/318 318/318/318 319/319/319 
f 318/318/318 317/317/317 319/319/319 
f 319/319/319 317/317/317 319/319/319 
f 317/317/317 316/316/316 319/319/319 
f 319/319/319 316/316/316 320/320/320 
f 316/316/316 315/315/315 320/320/320 
f 320/320/320 315/315/315 314/314/314 
f 315/315/315 314/314/314 314/314/314 
f 314/314/314 314/314/314 321/321/321 
f 314/314/314 321/321/321 321/321/321 
f 321/321/321 321/321/321 322/322/322 
f 321/321/321 323/323/323 322/322/322 
f 322/322/322 323/323/323 324/324/324 
f 323/323/323 325/325/325 324/324/324 
f 324/324/324 325/325/325 326/326/326 
f 325/325/325 327/327/327 326/326/326 
f 326/326/326 327/327/327 328/328/328 
f 327/327/327 327/327/327 328/328/328 
f 328/328/328 327/327/327 329/329/329 
f 327/327/327 330/330/330 329/329/329 
f 329/329/329 330/330/330 329/329/329 
f 330/330/330 331/331/331 329/329/329 
f 329/329/329 331/331/331 332/332/332 
f 331/331/331 333/333/333 332/332/332 
f 332/332/332 333/333/333 334/334/334 
f 333/333/333 334/334/334 334/334/334 
f 334/334/334 334/334/334 335/335/335 
f 334/334/334 335/335/335 335/335/335 
f 335/335/335 335/335/335 336/336/336 
f 335/335/335 337/337/337 336/336/336 
f 336/336/336 337/337/337 338/338/338 
f 337/337/337 339/339/339 338/338/338 
f 338/338/338 339/339/339 340/340/340 
f 339/339/339 341/341/341 340/340/340 
f 340/340/340 341/341/341 342/342/342 
f 341/341/341 341/341/341 342/342/342 
f 342/342/342 341/341/341 343/343/343 
f 341/341/341 344/344/344 343/343/343 
f 343/343/343 344/344/344 343/343/343 
f 344/344/344 345/345/345 343/343/343 
f 343/343/343 345/345/345 346/346/346 
f 345/345/345 346/346/346 346/346/346 
f 346/346/346 346/346/346 347/347/347 
f 346/346/346 347/347/347 347/347/347 
f 347/347/347 347/347/347 348/348/348 
f 347/347/347 349/349/349 348/348/348 
f 348/348/348 349/349/349 350/350/350 
f 349/349/349 351/351/351 350/350/350 
f 350/350/350 351/351/351 352/352/352 
f 351/351/351 352/352/352 352/352/352 
f 352/352/352 352/352/352 351/351/351 
f 352/352/352 351/351/351 351/351/351 
f 351/351/351 351/351/351 353/353/353 
f 351/351/351 349/349/349 353/353/353 
f 353/353/353 349/349/349 354/354/354 
f 349/349/349 347/347/347 354/354/354 
f 354/354/354 347/347/347 347/347/347 
f 347/347/347 354/354/354 347/347/347 
f 347/347/347 354/354/354 354/354/354 
f 354/354/354 355/355/355 354/354/354 
f 354/354/354 355/355/355 353/353/353 
f 355/355/355 356/356/356 353/353/353 
f 353/353/353 356/356/356 357/357/357 
f 356/356/356 358/358/358 357/357/357 
f 357/357/357 358/358/358 359/359/359 
f 358/358/358 359/359/359 359/359/359 
f 359/359/359 359/359/359 348/348/348 
f 359/359/359 348/348/348 348/348/348 
f 348/348/348 348/348/348 360/360/360 
f 348/348/348 350/350/350 360/360/360 
f 360/360/360 350/350/350 361/361/361 
f 350/350/350 362/362/362 361/361/361 
f 361/361/361 362/362/362 363/363/363 
f 362/362/362 352/352/352 363/363/363 
f 363/363/363 352/352/352 363/363/363 
f 352/352/352 364/364/364 363/363/363 
f 363/363/363 364/364/364 363/363/363 
f 364/364/364 365/365/365 363/363/363 
f 363/363/363 365/365/365 363/363/363 
f 365/365/365 366/366/366 363/363/363 
f 363/363/363 366/366/366 367/367/367 
f 366/366/366 368/368/368 367/367/367 
f 367/367/367 368/368/368 368/368/368 
f 368/368/368 352/352/352 368/368/368 
f 368/368/368 352/352/352 352/352/352 
f 352/352/352 362/362/362 352/352/352 
f 352/352/352 362/362/362 350/350/350 
f 362/362/362 350/350/350 350/350/350 
f 350/350/350 350/350/350 361/361/361 
f 350/350/350 361/361/361 361/361/361 
f 361/361/361 361/361/361 367/367/367 
f 361/361/361 363/363/363 367/367/367 
f 367/367/367 363/363/363 363/363/363 
f 363/363/363 369/369/369 363/363/363 
f 363/363/363 369/369/369 369/369/369 
f 369/369/369 370/370/370 369/369/369 
f 369/369/369 370/370/370 371/371/371 
f 370/370/370 371/371/371 371/371/371 
f 371/371/371 371/371/371 372/372/372 
f 371/371/371 372/372/372 372/372/372 
f 372/372/372 372/372/372 373/373/373 
f 372/372/372 374/374/374 373/373/373 
f 373/373/373 374/374/374 375/375/375 
f 374/374/374 376/376/376 375/375/375 
f 375/375/375 376/376/376 377/377/377 
f 376/376/376 372/372/372 377/377/377 
f 377/377/377 372/372/372 378/378/378 
f 372/372/372 372/372/372 378/378/378 
f 378/378/378 372/372/372 379/379/379 
f 372/372/372 372/372/372 379/379/379 
f 379/379/379 372/372/372 380/380/380 
f 372/372/372 373/373/373 380/380/380 
f 380/380/380 373/373/373 381/381/381 
f 373/373/373 382/382/382 381/381/381 
f 381/381/381 382/382/382 381/381/381 
f 382/382/382 383/383/383 381/381/381 
f 381/381/381 383/383/383 381/381/381 
f 383/383/383 384/384/384 381/381/381 
f 381/381/381 384/384/384 385/385/385 
f 384/384/384 384/384/384 385/385/385 
f 385/385/385 384/384/384 386/386/386 
f 384/384/384 387/387/387 386/386/386 
f 386/386/386 387/387/387 386/386/386 
f 387/387/387 388/388/388 386/386/386 
f 386/386/386 388/388/388 389/389/389 
f 388/388/388 390/390/390 389/389/389 
f 389/389/389 390/390/390 391/391/391 
f 390/390/390 392/392/392 391/391/391 
f 391/391/391 392/392/392 393/393/393 
f 392/392/392 392/392/392 393/393/393 
f 393/393/393 392/392/392 394/394/394 
f 392/392/392 390/390/390 394/394/394 
f 394/394/394 390/390/390 395/395/395 
f 390/390/390 396/396/396 395/395/395 
f 395/395/395 396/396/396 396/396/396 
f 396/396/396 376/376/376 396/396/396 
f 396/396/396 376/376/376 376/376/376 
f 376/376/376 374/374/374 376/376/376 
f 376/376/376 374/374/374 372/372/372 
f 374/374/374 372/372/372 372/372/372 
f 372/372/372 372/372/372 373/373/373 
f 372/372/372 373/373/373 373/373/373 
f 373/373/373 373/373/373 382/382/382 
f 373/373/373 375/375/375 382/382/382 
f 382/382/382 375/375/375 375/375/375 
f 375/375/375 380/380/380 375/375/375 
f 375/375/375 380/380/380 380/380/380 
f 380/380/380 381/381/381 380/380/380 
f 380/380/380 381/381/381 385/385/385 
f 381/381/381 385/385/385 385/385/385 
f 385/385/385 385/385/385 393/393/393 
f 385/385/385 393/393/393 393/393/393 
f 393/393/393 393/393/393 391/391/391 
f 393/393/393 389/389/389 391/391/391 
f 391/391/391 389/389/389 389/389/389 
f 389/389/389 375/375/375 389/389/389 
f 389/389/389 375/375/375 375/375/375 
f 375/375/375 377/377/377 375/375/375 
f 375/375/375 377/377/377 397/397/397 
f 377/377/377 378/378/378 397/397/397 
f 397/397/397 378/378/378 378/378/378 
f 378/378/378 395/395/395 378/378/378 
f 378/378/378 395/395/395 395/395/395 
f 395/395/395 398/398/398 395/395/395 
f 395/395/395 398/398/398 394/394/394 
f 398/398/398 393/393/393 394/394/394 
f 394/394/394 393/393/393 393/393/393 
f 393/393/393 399/399/399 393/393/393 
f 393/393/393 399/399/399 399/399/399 
f 399/399/399 375/375/375 399/399/399 
f 399/399/399 375/375/375 400/400/400 
f 375/375/375 397/397/397 400/400/400 
f 400/400/400 397/397/397 401/401/401 
f 397/397/397 378/378/378 401/401/401 
f 401/401/401 378/378/378 402/402/402 
f 378/378/378 379/379/379 402/402/402 
f 402/402/402 379/379/379 398/398/398 
f 379/379/379 379/379/379 398/398/398 
f 398/398/398 379/379/379 393/393/393 
f 379/379/379 403/403/403 393/393/393 
f 393/393/393 403/403/403 389/389/389 
f 403/403/403 403/403/403 389/389/389 
f 389/389/389 403/403/403 386/386/386 
f 403/403/403 404/404/404 386/386/386 
f 386/386/386 404/404/404 385/385/385 
f 404/404/404 404/404/404 385/385/385 
f 385/385/385 404/404/404 380/380/380 
f 404/404/404 405/405/405 380/380/380 
f 380/380/380 405/405/405 379/379/379 
f 405/405/405 405/405/405 379/379/379 
f 379/379/379 405/405/405 403/403/403 
f 405/405/405 404/404/404 403/403/403 
f 403/403/403 404/404/404 404/404/404 
f 404/404/404 400/400/400 404/404/404 
f 404/404/404 400/400/400 400/400/400 
f 400/400/400 401/401/401 400/400/400 
f 400/400/400 401/401/401 406/406/406 
f 401/401/401 401/401/401 406/406/406 
f 406/406/406 401/401/401 396/396/396 
f 401/401/401 401/401/401 396/396/396 
f 396/396/396 401/401/401 395/395/395 
f 401/401/401 401/401/401 395/395/395 
f 395/395/395 401/401/401 398/398/398 
f 401/401/401 402/402/402 398/398/398 
f 398/398/398 402/402/402 402/402/402 
f 402/402/402 407/407/407 402/402/402 
f 402/402/402 407/407/407 407/407/407 
f 407/407/407 408/408/408 407/407/407 
f 407/407/407 408/408/408 409/409/409 
f 408/408/408 408/408/408 409/409/409 
f 409/409/409 408/408/408 410/410/410 
f 408/408/408 408/408/408 410/410/410 
f 410/410/410 408/408/408 411/411/411 
f 408/408/408 412/412/412 411/411/411 
f 411/411/411 412/412/412 411/411/411 
f 412/412/412 413/413/413 411/411/411 
f 411/411/411 413/413/413 411/411/411 
f 413/413/413 414/414/414 411/411/411 
f 411/411/411 414/414/414 415/415/415 
f 414/414/414 416/416/416 415/415/415 
f 415/415/415 416/416/416 416/416/416 
f 416/416/416 407/407/407 416/416/416 
f 416/416/416 407/407/407 407/407/407 
f 407/407/407 417/417/417 407/407/407 
f 407/407/407 417/417/417 408/408/408 
f 417/417/417 418/418/418 408/408/408 
f 408/408/408 418/418/418 412/412/412 
f 418/418/418 412/412/412 412/412/412 
f 412/412/412 412/412/412 415/415/415 
f 412/412/412 415/415/415 415/415/415 
f 415/415/415 415/415/415 411/411/411 
f 415/415/415 419/419/419 411/411/411 
f 411/411/411 419/419/419 411/411/411 
f 419/419/419 420/420/420 411/411/411 
f 411/411/411 420/420/420 410/410/410 
f 420/420/420 421/421/421 410/410/410 
f 410/410/410 421/421/421 409/409/409 
f 421/421/421 422/422/422 409/409/409 
f 409/409/409 422/422/422 422/422/422 
f 422/422/422 421/421/421 422/422/422 
f 422/422/422 421/421/421 421/421/421 
f 421/421/421 420/420/420 421/421/421 
f 421/421/421 420/420/420 423/423/423 
f 420/420/420 423/423/423 423/423/423 
f 423/423/423 423/423/423 424/424/424 
f 423/423/423 424/424/424 424/424/424 
f 424/424/424 424/424/424 425/425/425 
f 424/424/424 426/426/426 425/425/425 
f 425/425/425 426/426/426 427/427/427 
f 426/426/426 428/428/428 427/427/427 
f 427/427/427 428/428/428 429/429/429 
f 428/428/428 430/430/430 429/429/429 
f 429/429/429 430/430/430 431/431/431 
f 430/430/430 432/432/432 431/431/431 
f 431/431/431 432/432/432 433/433/433 
f 432/432/432 433/433/433 433/433/433 
f 433/433/433 433/433/433 434/434/434 
f 433/433/433 434/434/434 434/434/434 
f 434/434/434 434/434/434 435/435/435 
f 434/434/434 436/436/436 435/435/435 
f 435/435/435 436/436/436 435/435/435 
f 436/436/436 437/437/437 435/435/435 
f 435/435/435 437/437/437 438/438/438 
f 437/437/437 437/437/437 438/438/438 
f 438/438/438 437/437/437 439/439/439 
f 437/437/437 440/440/440 439/439/439 
f 439/439/439 440/440/440 441/441/441 
f 440/440/440 442/442/442 441/441/441 
f 441/441/441 442/442/442 443/443/443 
f 442/442/442 442/442/442 443/443/443 
f 443/443/443 442/442/442 444/444/444 
f 442/442/442 445/445/445 444/444/444 
f 444/444/444 445/445/445 446/446/446 
f 445/445/445 446/446/446 446/446/446 
f 446/446/446 446/446/446 445/445/445 
f 446/446/446 445/445/445 445/445/445 
f 445/445/445 445/445/445 447/447/447 
f 445/445/445 442/442/442 447/447/447 
f 447/447/447 442/442/442 447/447/447 
f 442/442/442 440/440/440 447/447/447 
f 447/447/447 440/440/440 448/448/448 
f 440/440/440 437/437/437 448/448/448 
f 448/448/448 437/437/437 448/448/448 
f 437/437/437 436/436/436 448/448/448 
f 448/448/448 436/436/436 448/448/448 
f 436/436/436 449/449/449 448/448/448 
f 448/448/448 449/449/449 448/448/448 
f 449/449/449 450/450/450 448/448/448 
f 448/448/448 450/450/450 451/451/451 
f 450/450/450 452/452/452 451/451/451 
f 451/451/451 452/452/452 453/453/453 
f 452/452/452 454/454/454 453/453/453 
f 453/453/453 454/454/454 453/453/453 
f 454/454/454 455/455/455 453/453/453 
f 453/453/453 455/455/455 456/456/456 
f 455/455/455 457/457/457 456/456/456 
f 456/456/456 457/457/457 457/457/457 
f 457/457/457 448/448/448 457/457/457 
f 457/457/457 448/448/448 448/448/448 
f 448/448/448 451/451/451 448/448/448 
f 448/448/448 451/451/451 447/447/447 
f 451/451/451 458/458/458 447/447/447 
f 447/447/447 458/458/458 445/445/445 
f 458/458/458 459/459/459 445/445/445 
f 445/445/445 459/459/459 446/446/446 
f 459/459/459 459/459/459 446/446/446 
f 446/446/446 459/459/459 460/460/460 
f 459/459/459 459/459/459 460/460/460 
f 460/460/460 459/459/459 461/461/461 
f 459/459/459 456/456/456 461/461/461 
f 461/461/461 456/456/456 461/461/461 
f 456/456/456 457/457/457 461/461/461 
f 461/461/461 457/457/457 461/461/461 
f 457/457/457 462/462/462 461/461/461 
f 461/461/461 462/462/462 463/463/463 
f 462/462/462 464/464/464 463/463/463 
f 463/463/463 464/464/464 464/464/464 
f 464/464/464 451/451/451 464/464/464 
f 464/464/464 451/451/451 451/451/451 
f 451/451/451 453/453/453 451/451/451 
f 451/451/451 453/453/453 458/458/458 
f 453/453/453 456/456/456 458/458/458 
f 458/458/458 456/456/456 459/459/459 
f 456/456/456 459/459/459 459/459/459 
f 459/459/459 459/459/459 461/461/461 
f 459/459/459 461/461/461 461/461/461 
f 461/461/461 461/461/461 460/460/460 
f 461/461/461 463/463/463 460/460/460 
f 460/460/460 463/463/463 463/463/463 
f 463/463/463 465/465/465 463/463/463 
f 463/463/463 465/465/465 465/465/465 
f 465/465/465 466/466/466 465/465/465 
f 465/465/465 466/466/466 467/467/467 
f 466/466/466 468/468/468 467/467/467 
f 467/467/467 468/468/468 468/468/468 
f 468/468/468 465/465/465 468/468/468 
f 468/468/468 465/465/465 465/465/465 
f 465/465/465 467/467/467 465/465/465 
f 465/465/465 467/467/467 469/469/469 
f 467/467/467 470/470/470 469/469/469 
f 469/469/469 470/470/470 471/471/471 
f 470/470/470 472/472/472 471/471/471 
f 471/471/471 472/472/472 473/473/473 
f 472/472/472 474/474/474 473/473/473 
f 473/473/473 474/474/474 475/475/475 
f 474/474/474 474/474/474 475/475/475 
f 475/475/475 474/474/474 476/476/476 
f 474/474/474 477/477/477 476/476/476 
f 476/476/476 477/477/477 478/478/478 
f 477/477/477 478/478/478 478/478/478 
f 478/478/478 478/478/478 477/477/477 
f 478/478/478 477/477/477 477/477/477 
f 477/477/477 477/477/477 479/479/479 
f 477/477/477 474/474/474 479/479/479 
f 479/479/479 474/474/474 479/479/479 
f 474/474/474 472/472/472 479/479/479 
f 479/479/479 472/472/472 480/480/480 
f 472/472/472 470/470/470 480/480/480 
f 480/480/480 470/470/470 480/480/480 
f 470/470/470 467/467/467 480/480/480 
f 480/480/480 467/467/467 480/480/480 
f 467/467/467 468/468/468 480/480/480 
f 480/480/480 468/468/468 480/480/480 
f 468/468/468 481/481/481 480/480/480 
f 480/480/480 481/481/481 482/482/482 
f 481/481/481 483/483/483 482/482/482 
f 482/482/482 483/483/483 483/483/483 
f 483/483/483 480/480/480 483/483/483 
f 483/483/483 480/480/480 480/480/480 
f 480/480/480 482/482/482 480/480/480 
f 480/480/480 482/482/482 479/479/479 
f 482/482/482 484/484/484 479/479/479 
f 479/479/479 484/484/484 477/477/477 
f 484/484/484 485/485/485 477/477/477 
f 477/477/477 485/485/485 478/478/478 
f 485/485/485 485/485/485 478/478/478 
f 478/478/478 485/485/485 486/486/486 
f 485/485/485 487/487/487 486/486/486 
f 486/486/486 487/487/487 488/488/488 
f 487/487/487 489/489/489 488/488/488 
f 488/488/488 489/489/489 490/490/490 
f 489/489/489 490/490/490 490/490/490 
f 490/490/490 490/490/490 489/489/489 
f 490/490/490 489/489/489 489/489/489 
f 489/489/489 489/489/489 491/491/491 
f 489/489/489 487/487/487 491/491/491 
f 491/491/491 487/487/487 492/492/492 
f 487/487/487 485/485/485 492/492/492 
f 492/492/492 485/485/485 492/492/492 
f 485/485/485 484/484/484 492/492/492 
f 492/492/492 484/484/484 493/493/493 
f 484/484/484 482/482/482 493/493/493 
f 493/493/493 482/482/482 493/493/493 
f 482/482/482 483/483/483 493/493/493 
f 493/493/493 483/483/483 493/493/493 
f 483/483/483 494/494/494 493/493/493 
f 493/493/493 494/494/494 493/493/493 
f 494/494/494 495/495/495 493/493/493 
f 493/493/493 495/495/495 493/493/493 
f 495/495/495 496/496/496 493/493/493 
f 493/493/493 496/496/496 492/492/492 
f 496/496/496 491/491/491 492/492/492 
f 492/492/492 491/491/491 491/491/491 
f 491/491/491 497/497/497 491/491/491 
f 491/491/491 497/497/497 497/497/497 
f 497/497/497 498/498/498 497/497/497 
f 497/497/497 498/498/498 499/499/499 
f 498/498/498 500/500/500 499/499/499 
f 499/499/499 500/500/500 501/501/501 
f 500/500/500 502/502/502 501/501/501 
f 501/501/501 502/502/502 503/503/503 
f 502/502/502 504/504/504 503/503/503 
f 503/503/503 504/504/504 503/503/503 
f 504/504/504 505/505/505 503/503/503 
f 503/503/503 505/505/505 506/506/506 
f 505/505/505 507/507/507 506/506/506 
f 506/506/506 507/507/507 507/507/507 
f 507/507/507 506/506/506 507/507/507 
f 507/507/507 506/506/506 506/506/506 
f 506/506/506 508/508/508 506/506/506 
f 506/506/506 508/508/508 503/503/503 
f 508/508/508 508/508/508 503/503/503 
f 503/503/503 508/508/508 501/501/501 
f 508/508/508 509/509/509 501/501/501 
f 501/501/501 509/509/509 499/499/499 
f 509/509/509 510/510/510 499/499/499 
f 499/499/499 510/510/510 497/497/497 
f 510/510/510 510/510/510 497/497/497 
f 497/497/497 510/510/510 511/511/511 
f 510/510/510 510/510/510 511/511/511 
f 511/511/511 510/510/510 512/512/512 
f 510/510/510 513/513/513 512/512/512 
f 512/512/512 513/513/513 512/512/512 
f 513/513/513 514/514/514 512/512/512 
f 512/512/512 514/514/514 515/515/515 
f 514/514/514 516/516/516 515/515/515 
f 515/515/515 516/516/516 517/517/517 
f 516/516/516 516/516/516 517/517/517 
f 517/517/517 516/516/516 518/518/518 
f 516/516/516 516/516/516 518/518/518 
f 518/518/518 516/516/516 519/519/519 
f 516/516/516 516/516/516 519/519/519 
f 519/519/519 516/516/516 520/520/520 
f 516/516/516 521/521/521 520/520/520 
f 520/520/520 521/521/521 522/522/522 
f 521/521/521 523/523/523 522/522/522 
f 522/522/522 523/523/523 522/522/522 
f 523/523/523 524/524/524 522/522/522 
f 522/522/522 524/524/524 522/522/522 
f 524/524/524 525/525/525 522/522/522 
f 522/522/522 525/525/525 526/526/526 
f 525/525/525 525/525/525 526/526/526 
f 526/526/526 525/525/525 527/527/527 
f 525/525/525 524/524/524 527/527/527 
f 527/527/527 524/524/524 528/528/528 
f 524/524/524 524/524/524 528/528/528 
f 528/528/528 524/524/524 529/529/529 
f 524/524/524 530/530/530 529/529/529 
f 529/529/529 530/530/530 531/531/531 
f 530/530/530 530/530/530 531/531/531 
f 531/531/531 530/530/530 532/532/532 
f 530/530/530 530/530/530 532/532/532 
f 532/532/532 530/530/530 533/533/533 
f 530/530/530 523/523/523 533/533/533 
f 533/533/533 523/523/523 534/534/534 
f 523/523/523 521/521/521 534/534/534 
f 534/534/534 521/521/521 514/514/514 
f 521/521/521 516/516/516 514/514/514 
f 514/514/514 516/516/516 516/516/516 
f 516/516/516 514/514/514 516/516/516 
f 516/516/516 514/514/514 514/514/514 
f 514/514/514 513/513/513 514/514/514 
f 514/514/514 513/513/513 534/534/534 
f 513/513/513 535/535/535 534/534/534 
f 534/534/534 535/535/535 533/533/533 
f 535/535/535 536/536/536 533/533/533 
f 533/533/533 536/536/536 532/532/532 
f 536/536/536 532/532/532 532/532/532 
f 532/532/532 532/532/532 530/530/530 
f 532/532/532 530/530/530 530/530/530 
f 530/530/530 530/530/530 523/523/523 
f 530/530/530 524/524/524 523/523/523 
f 523/523/523 524/524/524 524/524/524 
f 524/524/524 513/513/513 524/524/524 
f 524/524/524 513/513/513 513/513/513 
f 513/513/513 510/510/510 513/513/513 
f 513/513/513 510/510/510 535/535/535 
f 510/510/510 509/509/509 535/535/535 
f 535/535/535 509/509/509 536/536/536 
f 509/509/509 508/508/508 536/536/536 
f 536/536/536 508/508/508 508/508/508 
f 508/508/508 537/537/537 508/508/508 
f 508/508/508 537/537/537 537/537/537 
f 537/537/537 538/538/538 537/537/537 
f 537/537/537 538/538/538 539/539/539 
f 538/538/538 540/540/540 539/539/539 
f 539/539/539 540/540/540 541/541/541 
f 540/540/540 542/542/542 541/541/541 
f 541/541/541 542/542/542 543/543/543 
f 542/542/542 544/544/544 543/543/543 
f 543/543/543 544/544/544 544/544/544 
f 544/544/544 538/538/538 544/544/544 
f 544/544/544 538/538/538 538/538/538 
f 538/538/538 545/545/545 538/538/538 
f 538/538/538 545/545/545 540/540/540 
f 545/545/545 546/546/546 540/540/540 
f 540/540/540 546/546/546 542/542/542 
f 546/546/546 542/542/542 542/542/542 
f 542/542/542 542/542/542 545/545/545 
f 542/542/542 545/545/545 545/545/545 
f 545/545/545 545/545/545 546/546/546 
f 545/545/545 547/547/547 546/546/546 
f 546/546/546 547/547/547 548/548/548 
f 547/547/547 549/549/549 548/548/548 
f 548/548/548 549/549/549 550/550/550 
f 549/549/549 551/551/551 550/550/550 
f 550/550/550 551/551/551 552/552/552 
f 551/551/551 553/553/553 552/552/552 
f 552/552/552 553/553/553 552/552/552 
f 553/553/553 554/554/554 552/552/552 
f 552/552/552 554/554/554 555/555/555 
f 554/554/554 556/556/556 555/555/555 
f 555/555/555 556/556/556 555/555/555 
f 556/556/556 557/557/557 555/555/555 
f 555/555/555 557/557/557 555/555/555 
f 557/557/557 558/558/558 555/555/555 
f 555/555/555 558/558/558 555/555/555 
f 558/558/558 559/559/559 555/555/555 
f 555/555/555 559/559/559 560/560/560 
f 559/559/559 561/561/561 560/560/560 
f 560/560/560 561/561/561 562/562/562 
f 561/561/561 563/563/563 562/562/562 
f 562/562/562 563/563/563 562/562/562 
f 563/563/563 548/548/548 562/562/562 
f 562/562/562 548/548/548 562/562/562 
f 548/548/548 550/550/550 562/562/562 
f 562/562/562 550/550/550 560/560/560 
f 550/550/550 552/552/552 560/560/560 
f 560/560/560 552/552/552 555/555/555 
f 552/552/552 555/555/555 555/555/555 
f 555/555/555 555/555/555 561/561/561 
f 555/555/555 561/561/561 561/561/561 
f 561/561/561 561/561/561 563/563/563 
f 561/561/561 564/564/564 563/563/563 
f 563/563/563 564/564/564 563/563/563 
f 564/564/564 544/544/544 563/563/563 
f 563/563/563 544/544/544 563/563/563 
f 544/544/544 542/542/542 563/563/563 
f 563/563/563 542/542/542 563/563/563 
f 542/542/542 546/546/546 563/563/563 
f 563/563/563 546/546/546 548/548/548 
f 546/546/546 548/548/548 548/548/548 
f 548/548/548 548/548/548 565/565/565 
f 548/548/548 565/565/565 565/565/565 
f 565/565/565 565/565/565 566/566/566 
f 565/565/565 567/567/567 566/566/566 
f 566/566/566 567/567/567 566/566/566 
f 567/567/567 568/568/568 566/566/566 
f 566/566/566 568/568/568 569/569/569 
f 568/568/568 570/570/570 569/569/569 
f 569/569/569 570/570/570 571/571/571 
f 570/570/570 572/572/572 571/571/571 
f 571/571/571 572/572/572 571/571/571 
f 572/572/572 573/573/573 571/571/571 
f 571/571/571 573/573/573 574/574/574 
f 573/573/573 573/573/573 574/574/574 
f 574/574/574 573/573/573 575/575/575 
f 573/573/573 576/576/576 575/575/575 
f 575/575/575 576/576/576 577/577/577 
f 576/576/576 578/578/578 577/577/577 
f 577/577/577 578/578/578 578/578/578 
f 578/578/578 579/579/579 578/578/578 
f 578/578/578 579/579/579 579/579/579 
f 579/579/579 580/580/580 579/579/579 
f 579/579/579 580/580/580 581/581/581 
f 580/580/580 582/582/582 581/581/581 
f 581/581/581 582/582/582 583/583/583 
f 582/582/582 584/584/584 583/583/583 
f 583/583/583 584/584/584 585/585/585 
f 584/584/584 586/586/586 585/585/585 
f 585/585/585 586/586/586 585/585/585 
f 586/586/586 587/587/587 585/585/585 
f 585/585/585 587/587/587 588/588/588 
f 587/587/587 587/587/587 588/588/588 
f 588/588/588 587/587/587 589/589/589 
f 587/587/587 590/590/590 589/589/589 
f 589/589/589 590/590/590 590/590/590 
f 590/590/590 591/591/591 590/590/590 
f 590/590/590 591/591/591 591/591/591 
f 591/591/591 592/592/592 591/591/591 
f 591/591/591 592/592/592 593/593/593 
f 592/592/592 594/594/594 593/593/593 
f 593/593/593 594/594/594 595/595/595 
f 594/594/594 596/596/596 595/595/595 
f 595/595/595 596/596/596 596/596/596 
f 596/596/596 595/595/595 596/596/596 
f 596/596/596 595/595/595 595/595/595 
f 595/595/595 597/597/597 595/595/595 
f 595/595/595 597/597/597 593/593/593 
f 597/597/597 598/598/598 593/593/593 
f 593/593/593 598/598/598 591/591/591 
f 598/598/598 591/591/591 591/591/591 
f 591/591/591 591/591/591 598/598/598 
f 591/591/591 598/598/598 598/598/598 
f 598/598/598 598/598/598 599/599/599 
f 598/598/598 597/597/597 599/599/599 
f 599/599/599 597/597/597 600/600/600 
f 597/597/597 601/601/601 600/600/600 
f 600/600/600 601/601/601 602/602/602 
f 601/601/601 603/603/603 602/602/602 
f 602/602/602 603/603/603 603/603/603 
f 603/603/603 592/592/592 603/603/603 
f 603/603/603 592/592/592 592/592/592 
f 592/592/592 604/604/604 592/592/592 
f 592/592/592 604/604/604 594/594/594 
f 604/604/604 605/605/605 594/594/594 
f 594/594/594 605/605/605 606/606/606 
f 605/605/605 607/607/607 606/606/606 
f 606/606/606 607/607/607 596/596/596 
f 607/607/607 607/607/607 596/596/596 
f 596/596/596 607/607/607 608/608/608 
f 607/607/607 607/607/607 608/608/608 
f 608/608/608 607/607/607 609/609/609 
f 607/607/607 607/607/607 609/609/609 
f 609/609/609 607/607/607 610/610/610 
f 607/607/607 611/611/611 610/610/610 
f 610/610/610 611/611/611 612/612/612 
f 611/611/611 612/612/612 612/612/612 
f 612/612/612 612/612/612 596/596/596 
f 612/612/612 596/596/596 596/596/596 
f 596/596/596 596/596/596 606/606/606 
f 596/596/596 594/594/594 606/606/606 
f 606/606/606 594/594/594 594/594/594 
f 594/594/594 605/605/605 594/594/594 
f 594/594/594 605/605/605 605/605/605 
f 605/605/605 611/611/611 605/605/605 
f 605/605/605 611/611/611 607/607/607 
f 611/611/611 607/607/607 607/607/607 
f 607/607/607 607/607/607 613/613/613 
f 607/607/607 613/613/613 613/613/613 
f 613/613/613 613/613/613 614/614/614 
f 613/613/613 615/615/615 614/614/614 
f 614/614/614 615/615/615 614/614/614 
f 615/615/615 616/616/616 614/614/614 
f 614/614/614 616/616/616 614/614/614 
f 616/616/616 617/617/617 614/614/614 
f 614/614/614 617/617/617 618/618/618 
f 617/617/617 617/617/617 618/618/618 
f 618/618/618 617/617/617 619/619/619 
f 617/617/617 617/617/617 619/619/619 
f 619/619/619 617/617/617 620/620/620 
f 617/617/617 621/621/621 620/620/620 
f 620/620/620 621/621/621 622/622/622 
f 621/621/621 622/622/622 622/622/622 
f 622/622/622 622/622/622 613/613/613 
f 622/622/622 613/613/613 613/613/613 
f 613/613/613 613/613/613 623/623/623 
f 613/613/613 614/614/614 623/623/623 
f 623/623/623 614/614/614 624/624/624 
f 614/614/614 618/618/618 624/624/624 
f 624/624/624 618/618/618 618/618/618 
f 618/618/618 621/621/621 618/618/618 
f 618/618/618 621/621/621 621/621/621 
f 621/621/621 617/617/617 621/621/621 
f 621/621/621 617/617/617 625/625/625 
f 617/617/617 617/617/617 625/625/625 
f 625/625/625 617/617/617 626/626/626 
f 617/617/617 616/616/616 626/626/626 
f 626/626/626 616/616/616 627/627/627 
f 616/616/616 615/615/615 627/627/627 
f 627/627/627 615/615/615 628/628/628 
f 615/615/615 628/628/628 628/628/628 
f 628/628/628 628/628/628 627/627/627 
f 628/628/628 627/627/627 627/627/627 
f 627/627/627 627/627/627 626/626/626 
f 627/627/627 629/629/629 626/626/626 
f 626/626/626 629/629/629 629/629/629 
f 629/629/629 623/623/623 629/629/629 
f 629/629/629 623/623/623 623/623/623 
f 623/623/623 630/630/630 623/623/623 
f 623/623/623 630/630/630 631/631/631 
f 630/630/630 632/632/632 631/631/631 
f 631/631/631 632/632/632 633/633/633 
f 632/632/632 632/632/632 633/633/633 
f 633/633/633 632/632/632 634/634/634 
f 632/632/632 635/635/635 634/634/634 
f 634/634/634 635/635/635 636/636/636 
f 635/635/635 637/637/637 636/636/636 
f 636/636/636 637/637/637 638/638/638 
f 637/637/637 639/639/639 638/638/638 
f 638/638/638 639/639/639 640/640/640 
f 639/639/639 640/640/640 640/640/640 
f 640/640/640 640/640/640 641/641/641 
f 640/640/640 641/641/641 641/641/641 
f 641/641/641 641/641/641 642/642/642 
f 641/641/641 639/639/639 642/642/642 
f 642/642/642 639/639/639 642/642/642 
f 639/639/639 637/637/637 642/642/642 
f 642/642/642 637/637/637 642/642/642 
f 637/637/637 635/635/635 642/642/642 
f 642/642/642 635/635/635 643/643/643 
f 635/635/635 635/635/635 643/643/643 
f 643/643/643 635/635/635 644/644/644 
f 635/635/635 632/632/632 644/644/644 
f 644/644/644 632/632/632 630/630/630 
f 632/632/632 630/630/630 630/630/630 
f 630/630/630 630/630/630 645/645/645 
f 630/630/630 645/645/645 645/645/645 
f 645/645/645 645/645/645 646/646/646 
f 645/645/645 647/647/647 646/646/646 
f 646/646/646 647/647/647 647/647/647 
f 647/647/647 648/648/648 647/647/647 
f 647/647/647 648/648/648 648/648/648 
f 648/648/648 649/649/649 648/648/648 
f 648/648/648 649/649/649 646/646/646 
f 649/649/649 646/646/646 646/646/646 
f 646/646/646 646/646/646 650/650/650 
f 646/646/646 650/650/650 650/650/650 
f 650/650/650 650/650/650 651/651/651 
f 650/650/650 652/652/652 651/651/651 
f 651/651/651 652/652/652 651/651/651 
f 652/652/652 653/653/653 651/651/651 
f 651/651/651 653/653/653 654/654/654 
f 653/653/653 655/655/655 654/654/654 
f 654/654/654 655/655/655 656/656/656 
f 655/655/655 657/657/657 656/656/656 
f 656/656/656 657/657/657 658/658/658 
f 657/657/657 659/659/659 658/658/658 
f 658/658/658 659/659/659 659/659/659 
f 659/659/659 660/660/660 659/659/659 
f 659/659/659 660/660/660 660/660/660 
f 660/660/660 661/661/661 660/660/660 
f 660/660/660 661/661/661 662/662/662 
f 661/661/661 661/661/661 662/662/662 
f 662/662/662 661/661/661 663/663/663 
f 661/661/661 664/664/664 663/663/663 
f 663/663/663 664/664/664 663/663/663 
f 664/664/664 665/665/665 663/663/663 
f 663/663/663 665/665/665 666/666/666 
f 665/665/665 667/667/667 666/666/666 
f 666/666/666 667/667/667 668/668/668 
f 667/667/667 669/669/669 668/668/668 
f 668/668/668 669/669/669 670/670/670 
f 669/669/669 671/671/671 670/670/670 
f 670/670/670 671/671/671 671/671/671 
f 671/671/671 672/672/672 671/671/671 
f 671/671/671 672/672/672 672/672/672 
f 672/672/672 673/673/673 672/672/672 
f 672/672/672 673/673/673 670/670/670 
f 673/673/673 673/673/673 670/670/670 
f 670/670/670 673/673/673 668/668/668 
f 673/673/673 673/673/673 668/668/668 
f 668/668/668 673/673/673 666/666/666 
f 673/673/673 674/674/674 666/666/666 
f 666/666/666 674/674/674 666/666/666 
f 674/674/674 675/675/675 666/666/666 
f 666/666/666 675/675/675 663/663/663 
f 675/675/675 662/662/662 663/663/663 
f 663/663/663 662/662/662 662/662/662 
f 662/662/662 676/676/676 662/662/662 
f 662/662/662 676/676/676 676/676/676 
f 676/676/676 677/677/677 676/676/676 
f 676/676/676 677/677/677 678/678/678 
f 677/677/677 678/678/678 678/678/678 
f 678/678/678 678/678/678 679/679/679 
f 678/678/678 679/679/679 679/679/679 
f 679/679/679 679/679/679 680/680/680 
f 679/679/679 681/681/681 680/680/680 
f 680/680/680 681/681/681 681/681/681 
f 681/681/681 680/680/680 681/681/681 
f 681/681/681 680/680/680 680/680/680 
f 680/680/680 682/682/682 680/680/680 
f 680/680/680 682/682/682 683/683/683 
f 682/682/682 684/684/684 683/683/683 
f 683/683/683 684/684/684 685/685/685 
f 684/684/684 685/685/685 685/685/685 
f 685/685/685 685/685/685 681/681/681 
f 685/685/685 681/681/681 681/681/681 
f 681/681/681 681/681/681 686/686/686 
f 681/681/681 687/687/687 686/686/686 
f 686/686/686 687/687/687 686/686/686 
f 687/687/687 688/688/688 686/686/686 
f 686/686/686 688/688/688 689/689/689 
f 688/688/688 690/690/690 689/689/689 
f 689/689/689 690/690/690 690/690/690 
f 690/690/690 691/691/691 690/690/690 
f 690/690/690 691/691/691 691/691/691 
f 691/691/691 690/690/690 691/691/691 
f 691/691/691 690/690/690 692/692/692 
f 690/690/690 693/693/693 692/692/692 
f 692/692/692 693/693/693 694/694/694 
f 693/693/693 687/687/687 694/694/694 
f 694/694/694 687/687/687 687/687/687 
f 687/687/687 695/695/695 687/687/687 
f 687/687/687 695/695/695 695/695/695 
f 695/695/695 696/696/696 695/695/695 
f 695/695/695 696/696/696 697/697/697 
f 696/696/696 697/697/697 697/697/697 
f 697/697/697 697/697/697 698/698/698 
f 697/697/697 698/698/698 698/698/698 
f 698/698/698 698/698/698 697/697/697 
f 698/698/698 699/699/699 697/697/697 
f 697/697/697 699/699/699 699/699/699 
f 699/699/699 700/700/700 699/699/699 
f 699/699/699 700/700/700 700/700/700 
f 700/700/700 701/701/701 700/700/700 
f 700/700/700 701/701/701 702/702/702 
f 701/701/701 702/702/702 702/702/702 
f 702/702/702 702/702/702 703/703/703 
f 702/702/702 703/703/703 703/703/703 
f 703/703/703 703/703/703 704/704/704 
f 703/703/703 705/705/705 704/704/704 
f 704/704/704 705/705/705 706/706/706 
f 705/705/705 705/705/705 706/706/706 
f 706/706/706 705/705/705 707/707/707 
f 705/705/705 708/708/708 707/707/707 
f 707/707/707 708/708/708 709/709/709 
f 708/708/708 710/710/710 709/709/709 
f 709/709/709 710/710/710 711/711/711 
f 710/710/710 712/712/712 711/711/711 
f 711/711/711 712/712/712 713/713/713 
f 712/712/712 714/714/714 713/713/713 
f 713/713/713 714/714/714 715/715/715 
f 714/714/714 714/714/714 715/715/715 
f 715/715/715 714/714/714 716/716/716 
f 714/714/714 717/717/717 716/716/716 
f 716/716/716 717/717/717 718/718/718 
f 717/717/717 718/718/718 718/718/718 
f 718/718/718 718/718/718 704/704/704 
f 718/718/718 704/704/704 704/704/704 
f 704/704/704 704/704/704 719/719/719 
f 704/704/704 706/706/706 719/719/719 
f 719/719/719 706/706/706 719/719/719 
f 706/706/706 720/720/720 719/719/719 
f 719/719/719 720/720/720 719/719/719 
f 720/720/720 721/721/721 719/719/719 
f 719/719/719 721/721/721 722/722/722 
f 721/721/721 722/722/722 722/722/722 
f 722/722/722 722/722/722 715/715/715 
f 722/722/722 715/715/715 715/715/715 
f 715/715/715 715/715/715 713/713/713 
f 715/715/715 723/723/723 713/713/713 
f 713/713/713 723/723/723 713/713/713 
f 723/723/723 724/724/724 713/713/713 
f 713/713/713 724/724/724 711/711/711 
f 724/724/724 725/725/725 711/711/711 
f 711/711/711 725/725/725 709/709/709 
f 725/725/725 726/726/726 709/709/709 
f 709/709/709 726/726/726 707/707/707 
f 726/726/726 727/727/727 707/707/707 
f 707/707/707 727/727/727 706/706/706 
f 727/727/727 727/727/727 706/706/706 
f 706/706/706 727/727/727 720/720/720 
f 727/727/727 727/727/727 720/720/720 
f 720/720/720 727/727/727 721/721/721 
f 727/727/727 728/728/728 721/721/721 
f 721/721/721 728/728/728 729/729/729 
f 728/728/728 728/728/728 729/729/729 
f 729/729/729 728/728/728 730/730/730 
f 728/728/728 728/728/728 730/730/730 
f 730/730/730 728/728/728 731/731/731 
f 728/728/728 726/726/726 731/731/731 
f 731/731/731 726/726/726 731/731/731 
f 726/726/726 725/725/725 731/731/731 
f 731/731/731 725/725/725 732/732/732 
f 725/725/725 724/724/724 732/732/732 
f 732/732/732 724/724/724 724/724/724 
f 724/724/724 728/728/728 724/724/724 
f 724/724/724 728/728/728 728/728/728 
f 728/728/728 727/727/727 728/728/728 
f 728/728/728 727/727/727 726/726/726 
f 727/727/727 726/726/726 726/726/726 
f 726/726/726 726/726/726 721/721/721 
f 726/726/726 721/721/721 721/721/721 
f 721/721/721 721/721/721 722/722/722 
f 721/721/721 729/729/729 722/722/722 
f 722/722/722 729/729/729 733/733/733 
f 729/729/729 733/733/733 733/733/733 
f 733/733/733 733/733/733 730/730/730 
f 733/733/733 730/730/730 730/730/730 
f 730/730/730 730/730/730 734/734/734 
f 730/730/730 731/731/731 734/734/734 
f 734/734/734 731/731/731 734/734/734 
f 731/731/731 732/732/732 734/734/734 
f 734/734/734 732/732/732 735/735/735 
f 732/732/732 736/736/736 735/735/735 
f 735/735/735 736/736/736 737/737/737 
f 736/736/736 738/738/738 737/737/737 
f 737/737/737 738/738/738 737/737/737 
f 738/738/738 739/739/739 737/737/737 
f 737/737/737 739/739/739 740/740/740 
f 739/739/739 741/741/741 740/740/740 
f 740/740/740 741/741/741 741/741/741 
f 741/741/741 732/732/732 741/741/741 
f 741/741/741 732/732/732 732/732/732 
f 732/732/732 724/724/724 732/732/732 
f 732/732/732 724/724/724 736/736/736 
f 724/724/724 723/723/723 736/736/736 
f 736/736/736 723/723/723 738/738/738 
f 723/723/723 738/738/738 738/738/738 
f 738/738/738 738/738/738 742/742/742 
f 738/738/738 742/742/742 742/742/742 
f 742/742/742 742/742/742 743/743/743 
f 742/742/742 744/744/744 743/743/743 
f 743/743/743 744/744/744 745/745/745 
f 744/744/744 746/746/746 745/745/745 
f 745/745/745 746/746/746 745/745/745 
f 746/746/746 263/263/263 745/745/745 
f 745/745/745 263/263/263 745/745/745 
f 263/263/263 262/262/262 745/745/745 
f 745/745/745 262/262/262 747/747/747 
f 262/262/262 264/264/264 747/747/747 
f 747/747/747 264/264/264 264/264/264 
f 264/264/264 747/747/747 264/264/264 
f 264/264/264 747/747/747 747/747/747 
f 747/747/747 743/743/743 747/747/747 
f 747/747/747 743/743/743 745/745/745 
f 743/743/743 745/745/745 745/745/745 
f 745/745/745 745/745/745 748/748/748 
f 745/745/745 748/748/748 748/748/748 
f 748/748/748 748/748/748 749/749/749 
f 748/748/748 750/750/750 749/749/749 
f 749/749/749 750/750/750 749/749/749 
f 750/750/750 751/751/751 749/749/749 
f 749/749/749 751/751/751 752/752/752 
f 751/751/751 753/753/753 752/752/752 
f 752/752/752 753/753/753 754/754/754 
f 753/753/753 755/755/755 754/754/754 
f 754/754/754 755/755/755 756/756/756 
f 755/755/755 757/757/757 756/756/756 
f 756/756/756 757/757/757 756/756/756 
f 757/757/757 758/758/758 756/756/756 
f 756/756/756 758/758/758 759/759/759 
f 758/758/758 760/760/760 759/759/759 
f 759/759/759 760/760/760 761/761/761 
f 760/760/760 762/762/762 761/761/761 
f 761/761/761 762/762/762 763/763/763 
f 762/762/762 764/764/764 763/763/763 
f 763/763/763 764/764/764 765/765/765 
f 764/764/764 765/765/765 765/765/765 
f 765/765/765 765/765/765 766/766/766 
f 765/765/765 766/766/766 766/766/766 
f 766/766/766 766/766/766 767/767/767 
f 766/766/766 768/768/768 767/767/767 
f 767/767/767 768/768/768 769/769/769 
f 768/768/768 770/770/770 769/769/769 
f 769/769/769 770/770/770 771/771/771 
f 770/770/770 772/772/772 771/771/771 
f 771/771/771 772/772/772 773/773/773 
f 772/772/772 774/774/774 773/773/773 
f 773/773/773 774/774/774 775/775/775 
f 774/774/774 776/776/776 775/775/775 
f 775/775/775 776/776/776 776/776/776 
f 776/776/776 775/775/775 776/776/776 
f 776/776/776 775/775/775 775/775/775 
f 775/775/775 777/777/777 775/775/775 
f 775/775/775 777/777/777 773/773/773 
f 777/777/777 778/778/778 773/773/773 
f 773/773/773 778/778/778 771/771/771 
f 778/778/778 779/779/779 771/771/771 
f 771/771/771 779/779/779 769/769/769 
f 779/779/779 780/780/780 769/769/769 
f 769/769/769 780/780/780 767/767/767 
f 780/780/780 781/781/781 767/767/767 
f 767/767/767 781/781/781 782/782/782 
f 781/781/781 783/783/783 782/782/782 
f 782/782/782 783/783/783 783/783/783 
f 783/783/783 767/767/767 783/783/783 
f 783/783/783 767/767/767 767/767/767 
f 767/767/767 782/782/782 767/767/767 
f 767/767/767 782/782/782 766/766/766 
f 782/782/782 766/766/766 766/766/766 
f 766/766/766 766/766/766 784/784/784 
f 766/766/766 784/784/784 784/784/784 
f 784/784/784 784/784/784 785/785/785 
f 784/784/784 786/786/786 785/785/785 
f 785/785/785 786/786/786 787/787/787 
f 786/786/786 788/788/788 787/787/787 
f 787/787/787 788/788/788 787/787/787 
f 788/788/788 789/789/789 787/787/787 
f 787/787/787 789/789/789 787/787/787 
f 789/789/789 790/790/790 787/787/787 
f 787/787/787 790/790/790 787/787/787 
f 790/790/790 791/791/791 787/787/787 
f 787/787/787 791/791/791 785/785/785 
f 791/791/791 785/785/785 785/785/785 
f 785/785/785 785/785/785 786/786/786 
f 785/785/785 786/786/786 786/786/786 
f 786/786/786 786/786/786 788/788/788 
f 786/786/786 792/792/792 788/788/788 
f 788/788/788 792/792/792 792/792/792 
f 792/792/792 793/793/793 792/792/792 
f 792/792/792 793/793/793 793/793/793 
f 793/793/793 794/794/794 793/793/793 
f 793/793/793 794/794/794 795/795/795 
f 794/794/794 796/796/796 795/795/795 
f 795/795/795 796/796/796 797/797/797 
f 796/796/796 798/798/798 797/797/797 
f 797/797/797 798/798/798 799/799/799 
f 798/798/798 798/798/798 799/799/799 
f 799/799/799 798/798/798 800/800/800 
f 798/798/798 801/801/801 800/800/800 
f 800/800/800 801/801/801 802/802/802 
f 801/801/801 803/803/803 802/802/802 
f 802/802/802 803/803/803 804/804/804 
f 803/803/803 804/804/804 804/804/804 
f 804/804/804 804/804/804 795/795/795 
f 804/804/804 795/795/795 795/795/795 
f 795/795/795 795/795/795 793/793/793 
f 795/795/795 797/797/797 793/793/793 
f 793/793/793 797/797/797 797/797/797 
f 797/797/797 803/803/803 797/797/797 
f 797/797/797 803/803/803 803/803/803 
f 803/803/803 801/801/801 803/803/803 
f 803/803/803 801/801/801 805/805/805 
f 801/801/801 806/806/806 805/805/805 
f 805/805/805 806/806/806 807/807/807 
f 806/806/806 806/806/806 807/807/807 
f 807/807/807 806/806/806 808/808/808 
f 806/806/806 796/796/796 808/808/808 
f 808/808/808 796/796/796 794/794/794 
f 796/796/796 794/794/794 794/794/794 
f 794/794/794 794/794/794 801/801/801 
f 794/794/794 801/801/801 801/801/801 
f 801/801/801 801/801/801 806/806/806 
f 801/801/801 798/798/798 806/806/806 
f 806/806/806 798/798/798 796/796/796 
f 798/798/798 796/796/796 796/796/796 
f 796/796/796 796/796/796 805/805/805 
f 796/796/796 805/805/805 805/805/805 
f 805/805/805 805/805/805 809/809/809 
f 805/805/805 807/807/807 809/809/809 
f 809/809/809 807/807/807 807/807/807 
f 807/807/807 810/810/810 807/807/807 
f 807/807/807 810/810/810 810/810/810 
f 810/810/810 811/811/811 810/810/810 
f 810/810/810 811/811/811 812/812/812 
f 811/811/811 813/813/813 812/812/812 
f 812/812/812 813/813/813 814/814/814 
f 813/813/813 815/815/815 814/814/814 
f 814/814/814 815/815/815 815/815/815 
f 815/815/815 816/816/816 815/815/815 
f 815/815/815 816/816/816 816/816/816 
f 816/816/816 817/817/817 816/816/816 
f 816/816/816 817/817/817 818/818/818 
f 817/817/817 819/819/819 818/818/818 
f 818/818/818 819/819/819 820/820/820 
f 819/819/819 819/819/819 820/820/820 
f 820/820/820 819/819/819 821/821/821 
f 819/819/819 822/822/822 821/821/821 
f 821/821/821 822/822/822 823/823/823 
f 822/822/822 824/824/824 823/823/823 
f 823/823/823 824/824/824 825/825/825 
f 824/824/824 826/826/826 825/825/825 
f 825/825/825 826/826/826 827/827/827 
f 826/826/826 828/828/828 827/827/827 
f 827/827/827 828/828/828 829/829/829 
f 828/828/828 829/829/829 829/829/829 
f 829/829/829 829/829/829 817/817/817 
f 829/829/829 817/817/817 817/817/817 
f 817/817/817 817/817/817 819/819/819 
f 817/817/817 830/830/830 819/819/819 
f 819/819/819 830/830/830 822/822/822 
f 830/830/830 831/831/831 822/822/822 
f 822/822/822 831/831/831 824/824/824 
f 831/831/831 832/832/832 824/824/824 
f 824/824/824 832/832/832 826/826/826 
f 832/832/832 833/833/833 826/826/826 
f 826/826/826 833/833/833 828/828/828 
f 833/833/833 828/828/828 828/828/828 
f 828/828/828 828/828/828 832/832/832 
f 828/828/828 832/832/832 832/832/832 
f 832/832/832 832/832/832 833/833/833 
f 832/832/832 834/834/834 833/833/833 
f 833/833/833 834/834/834 835/835/835 
f 834/834/834 836/836/836 835/835/835 
f 835/835/835 836/836/836 837/837/837 
f 836/836/836 837/837/837 837/837/837 
f 837/837/837 837/837/837 838/838/838 
f 837/837/837 838/838/838 838/838/838 
f 838/838/838 838/838/838 839/839/839 
f 838/838/838 840/840/840 839/839/839 
f 839/839/839 840/840/840 841/841/841 
f 840/840/840 842/842/842 841/841/841 
f 841/841/841 842/842/842 843/843/843 
f 842/842/842 843/843/843 843/843/843 
f 843/843/843 843/843/843 844/844/844 
f 843/843/843 844/844/844 844/844/844 
f 844/844/844 844/844/844 845/845/845 
f 844/844/844 846/846/846 845/845/845 
f 845/845/845 846/846/846 847/847/847 
f 846/846/846 848/848/848 847/847/847 
f 847/847/847 848/848/848 849/849/849 
f 848/848/848 850/850/850 849/849/849 
f 849/849/849 850/850/850 851/851/851 
f 850/850/850 851/851/851 851/851/851 
f 851/851/851 851/851/851 852/852/852 
f 851/851/851 852/852/852 852/852/852 
f 852/852/852 852/852/852 853/853/853 
f 852/852/852 854/854/854 853/853/853 
f 853/853/853 854/854/854 855/855/855 
f 854/854/854 856/856/856 855/855/855 
f 855/855/855 856/856/856 857/857/857 
f 856/856/856 858/858/858 857/857/857 
f 857/857/857 858/858/858 857/857/857 
f 858/858/858 859/859/859 857/857/857 
f 857/857/857 859/859/859 860/860/860 
f 859/859/859 861/861/861 860/860/860 
f 860/860/860 861/861/861 861/861/861 
f 861/861/861 853/853/853 861/861/861 
f 861/861/861 853/853/853 853/853/853 
f 853/853/853 855/855/855 853/853/853 
f 853/853/853 855/855/855 862/862/862 
f 855/855/855 863/863/863 862/862/862 
f 862/862/862 863/863/863 864/864/864 
f 863/863/863 865/865/865 864/864/864 
f 864/864/864 865/865/865 866/866/866 
f 865/865/865 865/865/865 866/866/866 
f 866/866/866 865/865/865 867/867/867 
f 865/865/865 865/865/865 867/867/867 
f 867/867/867 865/865/865 868/868/868 
f 865/865/865 860/860/860 868/868/868 
f 868/868/868 860/860/860 868/868/868 
f 860/860/860 861/861/861 868/868/868 
f 868/868/868 861/861/861 868/868/868 
f 861/861/861 869/869/869 868/868/868 
f 868/868/868 869/869/869 870/870/870 
f 869/869/869 871/871/871 870/870/870 
f 870/870/870 871/871/871 871/871/871 
f 871/871/871 855/855/855 871/871/871 
f 871/871/871 855/855/855 855/855/855 
f 855/855/855 857/857/857 855/855/855 
f 855/855/855 857/857/857 863/863/863 
f 857/857/857 860/860/860 863/863/863 
f 863/863/863 860/860/860 865/865/865 
f 860/860/860 865/865/865 865/865/865 
f 865/865/865 865/865/865 867/867/867 
f 865/865/865 867/867/867 867/867/867 
f 867/867/867 867/867/867 870/870/870 
f 867/867/867 868/868/868 870/870/870 
f 870/870/870 868/868/868 868/868/868 
f 868/868/868 872/872/872 868/868/868 
f 868/868/868 872/872/872 872/872/872 
f 872/872/872 873/873/873 872/872/872 
f 872/872/872 873/873/873 874/874/874 
f 873/873/873 875/875/875 874/874/874 
f 874/874/874 875/875/875 876/876/876 
f 875/875/875 875/875/875 876/876/876 
f 876/876/876 875/875/875 877/877/877 
f 875/875/875 875/875/875 877/877/877 
f 877/877/877 875/875/875 878/878/878 
f 875/875/875 879/879/879 878/878/878 
f 878/878/878 879/879/879 880/880/880 
f 879/879/879 881/881/881 880/880/880 
f 880/880/880 881/881/881 882/882/882 
f 881/881/881 883/883/883 882/882/882 
f 882/882/882 883/883/883 883/883/883 
f 883/883/883 884/884/884 883/883/883 
f 883/883/883 884/884/884 884/884/884 
f 884/884/884 885/885/885 884/884/884 
f 884/884/884 885/885/885 886/886/886 
f 885/885/885 887/887/887 886/886/886 
f 886/886/886 887/887/887 887/887/887 
f 887/887/887 888/888/888 887/887/887 
f 887/887/887 888/888/888 888/888/888 
f 888/888/888 889/889/889 888/888/888 
f 888/888/888 889/889/889 890/890/890 
f 889/889/889 891/891/891 890/890/890 
f 890/890/890 891/891/891 892/892/892 
f 891/891/891 893/893/893 892/892/892 
f 892/892/892 893/893/893 894/894/894 
f 893/893/893 895/895/895 894/894/894 
f 894/894/894 895/895/895 896/896/896 
f 895/895/895 897/897/897 896/896/896 
f 896/896/896 897/897/897 897/897/897 
f 897/897/897 898/898/898 897/897/897 
f 897/897/897 898/898/898 898/898/898 
f 898/898/898 899/899/899 898/898/898 
f 898/898/898 899/899/899 900/900/900 
f 899/899/899 901/901/901 900/900/900 
f 900/900/900 901/901/901 900/900/900 
f 901/901/901 902/902/902 900/900/900 
f 900/900/900 902/902/902 903/903/903 
f 902/902/902 903/903/903 903/903/903 
f 903/903/903 903/903/903 904/904/904 
f 903/903/903 904/904/904 904/904/904 
f 904/904/904 904/904/904 905/905/905 
f 904/904/904 906/906/906 905/905/905 
f 905/905/905 906/906/906 907/907/907 
f 906/906/906 908/908/908 907/907/907 
f 907/907/907 908/908/908 506/506/506 
f 908/908/908 508/508/508 506/506/506 
f 506/506/506 508/508/508 508/508/508 
f 508/508/508 905/905/905 508/508/508 
f 508/508/508 905/905/905 905/905/905 
f 905/905/905 907/907/907 905/905/905 
f 905/905/905 907/907/907 909/909/909 
f 907/907/907 907/907/907 909/909/909 
f 909/909/909 907/907/907 507/507/507 
f 907/907/907 506/506/506 507/507/507 
f 507/507/507 506/506/506 506/506/506 
f 506/506/506 910/910/910 506/506/506 
f 506/506/506 910/910/910 910/910/910 
f 910/910/910 911/911/911 910/910/910 
f 910/910/910 911/911/911 912/912/912 
f 911/911/911 913/913/913 912/912/912 
f 912/912/912 913/913/913 914/914/914 
f 913/913/913 913/913/913 914/914/914 
f 914/914/914 913/913/913 915/915/915 
f 913/913/913 916/916/916 915/915/915 
f 915/915/915 916/916/916 917/917/917 
f 916/916/916 918/918/918 917/917/917 
f 917/917/917 918/918/918 919/919/919 
f 918/918/918 918/918/918 919/919/919 
f 919/919/919 918/918/918 920/920/920 
f 918/918/918 921/921/921 920/920/920 
f 920/920/920 921/921/921 920/920/920 
f 921/921/921 922/922/922 920/920/920 
f 920/920/920 922/922/922 920/920/920 
f 922/922/922 923/923/923 920/920/920 
f 920/920/920 923/923/923 924/924/924 
f 923/923/923 925/925/925 924/924/924 
f 924/924/924 925/925/925 925/925/925 
f 925/925/925 921/921/921 925/925/925 
f 925/925/925 921/921/921 921/921/921 
f 921/921/921 918/918/918 921/921/921 
f 921/921/921 918/918/918 926/926/926 
f 918/918/918 916/916/916 926/926/926 
f 926/926/926 916/916/916 927/927/927 
f 916/916/916 913/913/913 927/927/927 
f 927/927/927 913/913/913 911/911/911 
f 913/913/913 911/911/911 911/911/911 
f 911/911/911 911/911/911 919/919/919 
f 911/911/911 919/919/919 919/919/919 
f 919/919/919 919/919/919 924/924/924 
f 919/919/919 920/920/920 924/924/924 
f 924/924/924 920/920/920 920/920/920 
f 920/920/920 928/928/928 920/920/920 
f 920/920/920 928/928/928 928/928/928 
f 928/928/928 929/929/929 928/928/928 
f 928/928/928 929/929/929 930/930/930 
f 929/929/929 931/931/931 930/930/930 
f 930/930/930 931/931/931 932/932/932 
f 931/931/931 931/931/931 932/932/932 
f 932/932/932 931/931/931 933/933/933 
f 931/931/931 931/931/931 933/933/933 
f 933/933/933 931/931/931 934/934/934 
f 931/931/931 931/931/931 934/934/934 
f 934/934/934 931/931/931 935/935/935 
f 931/931/931 929/929/929 935/935/935 
f 935/935/935 929/929/929 936/936/936 
f 929/929/929 936/936/936 936/936/936 
f 936/936/936 936/936/936 937/937/937 
f 936/936/936 937/937/937 937/937/937 
f 937/937/937 937/937/937 938/938/938 
f 937/937/937 939/939/939 938/938/938 
f 938/938/938 939/939/939 940/940/940 
f 939/939/939 941/941/941 940/940/940 
f 940/940/940 941/941/941 942/942/942 
f 941/941/941 943/943/943 942/942/942 
f 942/942/942 943/943/943 942/942/942 
f 943/943/943 944/944/944 942/942/942 
f 942/942/942 944/944/944 945/945/945 
f 944/944/944 946/946/946 945/945/945 
f 945/945/945 946/946/946 947/947/947 
f 946/946/946 948/948/948 947/947/947 
f 947/947/947 948/948/948 948/948/948 
f 948/948/948 938/938/938 948/948/948 
f 948/948/948 938/938/938 938/938/938 
f 938/938/938 940/940/940 938/938/938 
f 938/938/938 940/940/940 949/949/949 
f 940/940/940 950/950/950 949/949/949 
f 949/949/949 950/950/950 951/951/951 
f 950/950/950 952/952/952 951/951/951 
f 951/951/951 952/952/952 953/953/953 
f 952/952/952 953/953/953 953/953/953 
f 953/953/953 953/953/953 939/939/939 
f 953/953/953 939/939/939 939/939/939 
f 939/939/939 939/939/939 941/941/941 
f 939/939/939 937/937/937 941/941/941 
f 941/941/941 937/937/937 937/937/937 
f 937/937/937 947/947/947 937/937/937 
f 937/937/937 947/947/947 947/947/947 
f 947/947/947 952/952/952 947/947/947 
f 947/947/947 952/952/952 945/945/945 
f 952/952/952 950/950/950 945/945/945 
f 945/945/945 950/950/950 942/942/942 
f 950/950/950 940/940/940 942/942/942 
f 942/942/942 940/940/940 940/940/940 
f 940/940/940 954/954/954 940/940/940 
f 940/940/940 954/954/954 954/954/954 
f 954/954/954 955/955/955 954/954/954 
f 954/954/954 955/955/955 956/956/956 
f 955/955/955 955/955/955 956/956/956 
f 956/956/956 955/955/955 957/957/957 
f 955/955/955 958/958/958 957/957/957 
f 957/957/957 958/958/958 959/959/959 
f 958/958/958 959/959/959 959/959/959 
f 959/959/959 959/959/959 960/960/960 
f 959/959/959 960/960/960 960/960/960 
f 960/960/960 960/960/960 961/961/961 
f 960/960/960 962/962/962 961/961/961 
f 961/961/961 962/962/962 963/963/963 
f 962/962/962 964/964/964 963/963/963 
f 963/963/963 964/964/964 963/963/963 
f 964/964/964 965/965/965 963/963/963 
f 963/963/963 965/965/965 966/966/966 
f 965/965/965 967/967/967 966/966/966 
f 966/966/966 967/967/967 968/968/968 
f 967/967/967 969/969/969 968/968/968 
f 968/968/968 969/969/969 970/970/970 
f 969/969/969 971/971/971 970/970/970 
f 970/970/970 971/971/971 972/972/972 
f 971/971/971 973/973/973 972/972/972 
f 972/972/972 973/973/973 973/973/973 
f 973/973/973 961/961/961 973/973/973 
f 973/973/973 961/961/961 961/961/961 
f 961/961/961 963/963/963 961/961/961 
f 961/961/961 963/963/963 974/974/974 
f 963/963/963 966/966/966 974/974/974 
f 974/974/974 966/966/966 975/975/975 
f 966/966/966 968/968/968 975/975/975 
f 975/975/975 968/968/968 976/976/976 
f 968/968/968 970/970/970 976/976/976 
f 976/976/976 970/970/970 977/977/977 
f 970/970/970 972/972/972 977/977/977 
f 977/977/977 972/972/972 972/972/972 
f 972/972/972 976/976/976 972/972/972 
f 972/972/972 976/976/976 976/976/976 
f 976/976/976 977/977/977 976/976/976 
f 976/976/976 977/977/977 978/978/978 
f 977/977/977 979/979/979 978/978/978 
f 978/978/978 979/979/979 980/980/980 
f 979/979/979 981/981/981 980/980/980 
f 980/980/980 981/981/981 981/981/981 
f 981/981/981 982/982/982 981/981/981 
f 981/981/981 982/982/982 982/982/982 
f 982/982/982 983/983/983 982/982/982 
f 982/982/982 983/983/983 984/984/984 
f 983/983/983 985/985/985 984/984/984 
f 984/984/984 985/985/985 986/986/986 
f 985/985/985 987/987/987 986/986/986 
f 986/986/986 987/987/987 987/987/987 
f 987/987/987 988/988/988 987/987/987 
f 987/987/987 988/988/988 988/988/988 
f 988/988/988 989/989/989 988/988/988 
f 988/988/988 989/989/989 990/990/990 
f 989/989/989 991/991/991 990/990/990 
f 990/990/990 991/991/991 992/992/992 
f 991/991/991 993/993/993 992/992/992 
f 992/992/992 993/993/993 994/994/994 
f 993/993/993 995/995/995 994/994/994 
f 994/994/994 995/995/995 995/995/995 
f 995/995/995 996/996/996 995/995/995 
f 995/995/995 996/996/996 996/996/996 
f 996/996/996 997/997/997 996/996/996 
f 996/996/996 997/997/997 998/998/998 
f 997/997/997 999/999/999 998/998/998 
f 998/998/998 999/999/999 1000/1000/1000 
f 999/999/999 1001/1001/1001 1000/1000/1000 
f 1000/1000/1000 1001/1001/1001 1002/1002/1002 
f 1001/1001/1001 1001/1001/1001 1002/1002/1002 
f 1002/1002/1002 1001/1001/1001 1003/1003/1003 
f 1001/1001/1001 1004/1004/1004 1003/1003/1003 
f 1003/1003/1003 1004/1004/1004 1005/1005/1005 
f 1004/1004/1004 1005/1005/1005 1005/1005/1005 
f 1005/1005/1005 1005/1005/1005 997/997/997 
f 1005/1005/1005 997/997/997 997/997/997 
f 997/997/997 997/997/997 999/999/999 
f 997/997/997 1006/1006/1006 999/999/999 
f 999/999/999 1006/1006/1006 1007/1007/1007 
f 1006/1006/1006 1008/1008/1008 1007/1007/1007 
f 1007/1007/1007 1008/1008/1008 1009/1009/1009 
f 1008/1008/1008 1010/1010/1010 1009/1009/1009 
f 1009/1009/1009 1010/1010/1010 1009/1009/1009 
f 1010/1010/1010 1011/1011/1011 1009/1009/1009 
f 1009/1009/1009 1011/1011/1011 1009/1009/1009 
f 1011/1011/1011 1012/1012/1012 1009/1009/1009 
f 1009/1009/1009 1012/1012/1012 1004/1004/1004 
f 1012/1012/1012 1012/1012/1012 1004/1004/1004 
f 1004/1004/1004 1012/1012/1012 1005/1005/1005 
f 1012/1012/1012 1012/1012/1012 1005/1005/1005 
f 1005/1005/1005 1012/1012/1012 1013/1013/1013 
f 1012/1012/1012 1014/1014/1014 1013/1013/1013 
f 1013/1013/1013 1014/1014/1014 1015/1015/1015 
f 1014/1014/1014 1015/1015/1015 1015/1015/1015 
f 1015/1015/1015 1015/1015/1015 999/999/999 
f 1015/1015/1015 999/999/999 999/999/999 
f 999/999/999 999/999/999 1001/1001/1001 
f 999/999/999 1007/1007/1007 1001/1001/1001 
f 1001/1001/1001 1007/1007/1007 1004/1004/1004 
f 1007/1007/1007 1009/1009/1009 1004/1004/1004 
f 1004/1004/1004 1009/1009/1009 1009/1009/1009 
f 1009/1009/1009 1011/1011/1011 1009/1009/1009 
f 1009/1009/1009 1011/1011/1011 1011/1011/1011 
f 1011/1011/1011 1014/1014/1014 1011/1011/1011 
f 1011/1011/1011 1014/1014/1014 1012/1012/1012 
f 1014/1014/1014 1012/1012/1012 1012/1012/1012 
f 1012/1012/1012 1012/1012/1012 1016/1016/1016 
f 1012/1012/1012 1016/1016/1016 1016/1016/1016 
f 1016/1016/1016 1016/1016/1016 1017/1017/1017 
f 1016/1016/1016 1018/1018/1018 1017/1017/1017 
f 1017/1017/1017 1018/1018/1018 1017/1017/1017 
f 1018/1018/1018 1019/1019/1019 1017/1017/1017 
f 1017/1017/1017 1019/1019/1019 1017/1017/1017 
f 1019/1019/1019 1020/1020/1020 1017/1017/1017 
f 1017/1017/1017 1020/1020/1020 1021/1021/1021 
f 1020/1020/1020 1021/1021/1021 1021/1021/1021 
f 1021/1021/1021 1021/1021/1021 1022/1022/1022 
f 1021/1021/1021 1022/1022/1022 1022/1022/1022 
f 1022/1022/1022 1022/1022/1022 1023/1023/1023 
f 1022/1022/1022 1024/1024/1024 1023/1023/1023 
f 1023/1023/1023 1024/1024/1024 1025/1025/1025 
f 1024/1024/1024 1024/1024/1024 1025/1025/1025 
f 1025/1025/1025 1024/1024/1024 1026/1026/1026 
f 1024/1024/1024 1027/1027/1027 1026/1026/1026 
f 1026/1026/1026 1027/1027/1027 1027/1027/1027 
f 1027/1027/1027 1028/1028/1028 1027/1027/1027 
f 1027/1027/1027 1028/1028/1028 1028/1028/1028 
f 1028/1028/1028 1029/1029/1029 1028/1028/1028 
f 1028/1028/1028 1029/1029/1029 1030/1030/1030 
f 1029/1029/1029 1031/1031/1031 1030/1030/1030 
f 1030/1030/1030 1031/1031/1031 1031/1031/1031 
f 1031/1031/1031 1032/1032/1032 1031/1031/1031 
f 1031/1031/1031 1032/1032/1032 1032/1032/1032 
f 1032/1032/1032 1033/1033/1033 1032/1032/1032 
f 1032/1032/1032 1033/1033/1033 1034/1034/1034 
f 1033/1033/1033 1035/1035/1035 1034/1034/1034 
f 1034/1034/1034 1035/1035/1035 1035/1035/1035 
f 1035/1035/1035 1036/1036/1036 1035/1035/1035 
f 1035/1035/1035 1036/1036/1036 1036/1036/1036 
f 1036/1036/1036 1037/1037/1037 1036/1036/1036 
f 1036/1036/1036 1037/1037/1037 1038/1038/1038 
f 1037/1037/1037 1037/1037/1037 1038/1038/1038 
f 1038/1038/1038 1037/1037/1037 1039/1039/1039 
f 1037/1037/1037 1040/1040/1040 1039/1039/1039 
f 1039/1039/1039 1040/1040/1040 1041/1041/1041 
f 1040/1040/1040 1042/1042/1042 1041/1041/1041 
f 1041/1041/1041 1042/1042/1042 1043/1043/1043 
f 1042/1042/1042 1043/1043/1043 1043/1043/1043 
f 1043/1043/1043 1043/1043/1043 1044/1044/1044 
f 1043/1043/1043 1044/1044/1044 1044/1044/1044 
f 1044/1044/1044 1044/1044/1044 1045/1045/1045 
f 1044/1044/1044 1046/1046/1046 1045/1045/1045 
f 1045/1045/1045 1046/1046/1046 1047/1047/1047 
f 1046/1046/1046 1047/1047/1047 1047/1047/1047 
f 1047/1047/1047 1047/1047/1047 1048/1048/1048 
f 1047/1047/1047 1048/1048/1048 1048/1048/1048 
f 1048/1048/1048 1048/1048/1048 1049/1049/1049 
f 1048/1048/1048 1050/1050/1050 1049/1049/1049 
f 1049/1049/1049 1050/1050/1050 1051/1051/1051 
f 1050/1050/1050 1051/1051/1051 1051/1051/1051 
f 1051/1051/1051 1051/1051/1051 1052/1052/1052 
f 1051/1051/1051 1052/1052/1052 1052/1052/1052 
f 1052/1052/1052 1052/1052/1052 1053/1053/1053 
f 1052/1052/1052 1054/1054/1054 1053/1053/1053 
f 1053/1053/1053 1054/1054/1054 1055/1055/1055 
f 1054/1054/1054 1055/1055/1055 1055/1055/1055 
f 1055/1055/1055 1055/1055/1055 1056/1056/1056 
f 1055/1055/1055 1056/1056/1056 1056/1056/1056 
f 1056/1056/1056 1056/1056/1056 1057/1057/1057 
f 1056/1056/1056 1058/1058/1058 1057/1057/1057 
f 1057/1057/1057 1058/1058/1058 1057/1057/1057 
f 1058/1058/1058 1059/1059/1059 1057/1057/1057 
f 1057/1057/1057 1059/1059/1059 1057/1057/1057 
f 1059/1059/1059 1060/1060/1060 1057/1057/1057 
f 1057/1057/1057 1060/1060/1060 1057/1057/1057 
f 1060/1060/1060 1061/1061/1061 1057/1057/1057 
f 1057/1057/1057 1061/1061/1061 1057/1057/1057 
f 1061/1061/1061 1062/1062/1062 1057/1057/1057 
f 1057/1057/1057 1062/1062/1062 1063/1063/1063 

