mtllib model_143.mtl
o model_143
v 1836.62158203125 -111.68611907958984 1064.2159423828125 
v 1855.2662353515625 -138.6665802001953 1069.5755615234375 
v 1861.796630859375 -108.07266998291016 1070.5113525390625 
v 1885.078857421875 -103.97740173339844 1060.81298828125 
v 1890.5682373046875 -142.0391387939453 1058.856201171875 
v 1861.5126953125 -161.0699920654297 1069.66064453125 
v 1894.0699462890625 -160.34730529785156 1060.3875732421875 
v 1896.767333984375 -186.3641815185547 1061.068115234375 
v 1897.382568359375 -186.60508728027344 1024.14599609375 
v 1897.9976806640625 -206.84042358398438 1065.1517333984375 
v 1899.1334228515625 -206.5995330810547 1024.14599609375 
v 1897.9976806640625 -206.84043884277344 985.7776489257812 
v 1896.767333984375 -186.36419677734375 989.7761840820312 
v 1855.739501953125 -203.94969177246094 972.4210815429688 
v 1859.572509765625 -184.43702697753906 974.5479125976562 
v 1861.5126953125 -161.07000732421875 978.54638671875 
v 1894.0699462890625 -160.34730529785156 990.5418090820312 
v 1894.7325439453125 -160.34730529785156 1024.14599609375 
v 1890.8994140625 -141.79824829101562 1024.14599609375 
v 1859.572509765625 -184.43701171875 1073.6590576171875 
v 1855.739501953125 -203.94967651367188 1075.87109375 
v 1890.5682373046875 -142.03915405273438 992.0731201171875 
v 1855.2662353515625 -138.66659545898438 978.6314697265625 
v 1885.078857421875 -103.97740936279297 987.39404296875 
v 1861.796630859375 -108.07268524169922 977.7807006835938 
v 1872.4439697265625 -79.16504669189453 996.92236328125 
v 1858.531494140625 -76.03337097167969 984.3314208984375 
v 1866.3394775390625 -66.39749145507812 1003.55810546875 
v 1847.8841552734375 -61.09773254394531 999.3895263671875 
v 1844.9974365234375 -70.49271392822266 988.3298950195312 
v 1836.62158203125 -111.68612670898438 984.076171875 
v 1875.47265625 -72.90168762207031 1024.14599609375 
v 1872.8226318359375 -79.40593719482422 1024.14599609375 
v 1886.735107421875 -103.97740936279297 1024.14599609375 
v 1872.4439697265625 -79.1650390625 1051.28466796875 
v 1866.3394775390625 -66.3974838256836 1044.6488037109375 
v 1858.531494140625 -76.03335571289062 1063.960693359375 
v 1847.8841552734375 -61.09772491455078 1048.8175048828125 
v 1844.9974365234375 -70.49270629882812 1059.8770751953125 
v 1832.3153076171875 -84.70564270019531 1088.972412109375 
v 1849.3037109375 -86.15103149414062 1090.418701171875 
v 1838.514404296875 -98.67765808105469 1093.736572265625 
v 1858.6260986328125 -101.3275375366211 1085.14404296875 
v 1837.3314208984375 -106.62727355957031 1094.7574462890625 
v 1856.7332763671875 -111.20431518554688 1087.866455078125 
v 1837.0948486328125 -120.3583984375 1098.500732421875 
v 1854.651123046875 -124.69454193115234 1090.5888671875 
v 1836.858154296875 -134.0895233154297 1102.158935546875 
v 1852.5216064453125 -138.18478393554688 1093.396240234375 
v 1835.533203125 -147.3388671875 1103.3499755859375 
v 1849.114501953125 -150.47052001953125 1095.5230712890625 
v 1836.2430419921875 -157.21563720703125 1104.541015625 
v 1849.2091064453125 -162.27447509765625 1098.33056640625 
v 1851.3858642578125 -175.04200744628906 1101.9036865234375 
v 1836.62158203125 -169.0196075439453 1109.2200927734375 
v 1844.3349609375 -227.7984619140625 1109.2200927734375 
v 1853.7047119140625 -225.3894805908203 1105.5618896484375 
v 1845.0921630859375 -235.5071563720703 1110.240966796875 
v 1854.9822998046875 -232.8572998046875 1106.4976806640625 
v 1851.7171630859375 -226.83486938476562 1098.33056640625 
v 1853.27880859375 -233.57998657226562 1100.1171875 
v 1842.5841064453125 -230.4483184814453 1096.88427734375 
v 1843.2939453125 -236.71163940429688 1098.7559814453125 
v 1833.2144775390625 -177.69189453125 1084.2933349609375 
v 1849.4930419921875 -180.5826416015625 1087.7813720703125 
v 1847.3162841796875 -168.53781127929688 1086.0799560546875 
v 1847.6474609375 -155.770263671875 1080.72021484375 
v 1833.593017578125 -168.05601501464844 1083.0172119140625 
v 1833.6876220703125 -156.49295043945312 1077.3172607421875 
v 1834.5867919921875 -144.44808959960938 1072.7232666015625 
v 1851.4332275390625 -143.96629333496094 1076.7218017578125 
v 1835.533203125 -130.95787048339844 1070.0009765625 
v 1854.2725830078125 -130.7169647216797 1074.6800537109375 
v 1836.4796142578125 -117.22674560546875 1067.1934814453125 
v 1857.11181640625 -117.22674560546875 1072.5531005859375 
v 1836.62158203125 -111.68611907958984 1064.2159423828125 
v 1861.796630859375 -108.07266998291016 1070.5113525390625 
v 1855.408203125 -80.61039733886719 1080.294921875 
v 1842.962646484375 -75.31066131591797 1076.63671875 
v 1858.531494140625 -76.03335571289062 1063.960693359375 
v 1844.9974365234375 -70.49270629882812 1059.8770751953125 
v 1842.962646484375 -75.31066131591797 1076.63671875 
v 1828.6715087890625 -76.27425384521484 1073.31884765625 
v 1832.3153076171875 -84.70564270019531 1088.972412109375 
v 1819.3492431640625 -99.40035247802734 1082.761962890625 
v 1828.9554443359375 -71.456298828125 1056.1339111328125 
v 1818.1661376953125 -106.38638305664062 1064.8114013671875 
v 1820.1536865234375 -115.299560546875 1069.0650634765625 
v 1836.4796142578125 -117.22674560546875 1067.1934814453125 
v 1835.533203125 -130.95787048339844 1070.0009765625 
v 1821.1474609375 -129.0306854248047 1073.2337646484375 
v 1834.5867919921875 -144.44808959960938 1072.7232666015625 
v 1844.9974365234375 -70.49270629882812 1059.8770751953125 
v 1836.62158203125 -111.68611907958984 1064.2159423828125 
v 1838.514404296875 -98.67765808105469 1093.736572265625 
v 1820.7215576171875 -109.0362319946289 1086.0799560546875 
v 1821.5733642578125 -123.0082778930664 1089.9932861328125 
v 1822.0938720703125 -142.76182556152344 1077.40234375 
v 1833.6876220703125 -156.49295043945312 1077.3172607421875 
v 1823.1348876953125 -155.28846740722656 1081.571044921875 
v 1833.593017578125 -168.05601501464844 1083.0172119140625 
v 1837.3314208984375 -106.62727355957031 1094.7574462890625 
v 1837.0948486328125 -120.3583984375 1098.500732421875 
v 1822.3778076171875 -136.73939514160156 1093.8216552734375 
v 1836.858154296875 -134.0895233154297 1102.158935546875 
v 1823.1348876953125 -149.74781799316406 1096.11865234375 
v 1835.533203125 -147.3388671875 1103.3499755859375 
v 1836.2430419921875 -157.21563720703125 1104.541015625 
v 1823.8447265625 -158.9019317626953 1098.841064453125 
v 1823.37158203125 -165.4061279296875 1086.760498046875 
v 1821.384033203125 -174.0784454345703 1088.4620361328125 
v 1833.2144775390625 -177.69189453125 1084.2933349609375 
v 1842.5841064453125 -230.4483184814453 1096.88427734375 
v 1835.48583984375 -231.4119110107422 1099.3514404296875 
v 1843.2939453125 -236.71163940429688 1098.7559814453125 
v 1836.62158203125 -238.39793395996094 1101.1380615234375 
v 1835.722412109375 -229.2438507080078 1106.41259765625 
v 1836.7161865234375 -236.95254516601562 1107.5185546875 
v 1844.3349609375 -227.7984619140625 1109.2200927734375 
v 1845.0921630859375 -235.5071563720703 1110.240966796875 
v 1836.62158203125 -169.0196075439453 1109.2200927734375 
v 1822.2830810546875 -168.77870178222656 1102.3291015625 
v 1854.651123046875 -311.1488342285156 1077.74267578125 
v 1837.6153564453125 -312.35333251953125 1071.87255859375 
v 1854.651123046875 -325.8435363769531 1076.97705078125 
v 1839.082275390625 -324.1572570800781 1071.6173095703125 
v 1831.842041015625 -324.3981628417969 1057.4951171875 
v 1853.751953125 -288.26361083984375 1079.359130859375 
v 1833.7822265625 -287.3000183105469 1072.1278076171875 
v 1854.4617919921875 -231.65281677246094 1077.912841796875 
v 1833.876953125 -234.78448486328125 1070.0860595703125 
v 1855.739501953125 -203.94967651367188 1075.87109375 
v 1818.1661376953125 -202.02249145507812 1059.962158203125 
v 1824.8858642578125 -245.6248321533203 1052.560791015625 
v 1825.217041015625 -285.37286376953125 1053.8369140625 
v 1830.0911865234375 -315.24407958984375 1056.984619140625 
v 1838.609130859375 -326.3253479003906 1043.1175537109375 
v 1837.66259765625 -318.13482666015625 1042.0966796875 
v 1854.1778564453125 -328.9752197265625 1037.843017578125 
v 1854.9822998046875 -319.5802307128906 1036.396728515625 
v 1834.066162109375 -283.9274597167969 1035.631103515625 
v 1854.083251953125 -283.4456787109375 1028.48486328125 
v 1833.7822265625 -256.4652099609375 1034.0146484375 
v 1854.7930908203125 -260.8013610839844 1027.03857421875 
v 1829.5233154296875 -247.7929229736328 1026.868408203125 
v 1854.603759765625 -250.6836700439453 1024.996826171875 
v 1816.13134765625 -226.1121826171875 1041.0758056640625 
v 1816.13134765625 -226.35308837890625 1024.14599609375 
v 1817.26708984375 -202.02249145507812 1024.14599609375 
v 1818.1661376953125 -202.02249145507812 988.2448120117188 
v 1816.13134765625 -226.1121826171875 1007.1312866210938 
v 1830.848388671875 -248.99742126464844 1024.1461181640625 
v 1829.5233154296875 -247.7929229736328 1021.4237060546875 
v 1854.603759765625 -250.6836700439453 1023.2953491210938 
v 1854.7930908203125 -260.8013610839844 1021.16845703125 
v 1833.7822265625 -256.4652099609375 1014.2774658203125 
v 1854.083251953125 -283.4456787109375 1019.7222290039062 
v 1854.3671875 -251.4063720703125 1024.1461181640625 
v 1824.8858642578125 -245.62484741210938 995.7313232421875 
v 1833.876953125 -234.7845001220703 978.1210327148438 
v 1855.739501953125 -203.94969177246094 972.4210815429688 
v 1854.4617919921875 -231.65283203125 970.3792724609375 
v 1833.7822265625 -287.300048828125 976.164306640625 
v 1853.751953125 -288.2636413574219 968.8479614257812 
v 1837.6153564453125 -312.35333251953125 976.33447265625 
v 1854.651123046875 -311.1488342285156 970.46435546875 
v 1854.651123046875 -325.84356689453125 971.2300415039062 
v 1839.082275390625 -324.15728759765625 976.5897216796875 
v 1831.842041015625 -324.3981628417969 990.7970581054688 
v 1830.0911865234375 -315.24407958984375 991.222412109375 
v 1838.609130859375 -326.3253479003906 1005.0894775390625 
v 1825.217041015625 -285.37286376953125 994.3701782226562 
v 1834.066162109375 -283.927490234375 1012.6610717773438 
v 1854.9822998046875 -319.5802307128906 1011.8103637695312 
v 1837.66259765625 -318.1348571777344 1006.1104125976562 
v 1854.1778564453125 -328.9752197265625 1010.4491577148438 
v 1869.9832763671875 -328.73431396484375 1071.6173095703125 
v 1854.651123046875 -325.8435363769531 1076.97705078125 
v 1866.6234130859375 -343.1881103515625 1070.936767578125 
v 1851.7171630859375 -339.8155822753906 1076.1263427734375 
v 1848.9251708984375 -360.0509338378906 1077.74267578125 
v 1876.7030029296875 -330.9023742675781 1057.665283203125 
v 1873.3431396484375 -344.3926086425781 1057.15478515625 
v 1869.7467041015625 -330.9023742675781 1043.372802734375 
v 1866.765380859375 -342.9472351074219 1043.20263671875 
v 1854.1778564453125 -328.9752197265625 1037.843017578125 
v 1851.811767578125 -340.0564880371094 1037.843017578125 
v 1865.677001953125 -357.6419677734375 1041.160888671875 
v 1849.2564697265625 -360.2918395996094 1035.12060546875 
v 1854.083251953125 -455.6870422363281 1048.0518798828125 
v 1844.8082275390625 -457.61419677734375 1043.9683837890625 
v 1857.8216552734375 -454.9643249511719 1057.665283203125 
v 1872.8226318359375 -356.6783752441406 1056.4742431640625 
v 1865.4404296875 -357.6419372558594 1071.87255859375 
v 1844.618896484375 -457.1324157714844 1071.3621826171875 
v 1853.9412841796875 -455.4461364746094 1067.1934814453125 
v 1854.9822998046875 -319.5802307128906 1036.396728515625 
v 1872.0654296875 -318.61663818359375 1042.3519287109375 
v 1854.1778564453125 -328.9752197265625 1037.843017578125 
v 1869.7467041015625 -330.9023742675781 1043.372802734375 
v 1876.7030029296875 -330.9023742675781 1057.665283203125 
v 1854.083251953125 -283.4456787109375 1028.48486328125 
v 1874.005615234375 -284.6501770019531 1035.631103515625 
v 1854.7930908203125 -260.8013610839844 1027.03857421875 
v 1875.8985595703125 -257.1878967285156 1034.950439453125 
v 1854.603759765625 -250.6836700439453 1024.996826171875 
v 1880.44140625 -250.6836700439453 1026.868408203125 
v 1879.021728515625 -252.12905883789062 1024.1461181640625 
v 1854.3671875 -251.4063720703125 1024.1461181640625 
v 1854.603759765625 -250.6836700439453 1023.2953491210938 
v 1880.44140625 -250.68368530273438 1021.338623046875 
v 1875.8985595703125 -257.1878967285156 1013.256591796875 
v 1854.7930908203125 -260.8013610839844 1021.16845703125 
v 1874.005615234375 -284.6501770019531 1012.5759887695312 
v 1854.083251953125 -283.4456787109375 1019.7222290039062 
v 1872.0654296875 -318.61663818359375 1005.8551635742188 
v 1854.9822998046875 -319.5802307128906 1011.8103637695312 
v 1854.1778564453125 -328.9752197265625 1010.4491577148438 
v 1869.7467041015625 -330.9023742675781 1004.8342895507812 
v 1876.7030029296875 -330.90240478515625 990.5418701171875 
v 1879.4476318359375 -315.72589111328125 990.7970581054688 
v 1869.9832763671875 -328.73431396484375 976.5897216796875 
v 1882.66552734375 -286.3364562988281 994.2850952148438 
v 1884.4163818359375 -246.58843994140625 994.540283203125 
v 1894.543212890625 -226.35308837890625 1010.6192626953125 
v 1894.590576171875 -226.35308837890625 1024.14599609375 
v 1899.1334228515625 -206.5995330810547 1024.14599609375 
v 1894.543212890625 -226.35308837890625 1040.31005859375 
v 1897.9976806640625 -206.84043884277344 985.7776489257812 
v 1875.2833251953125 -235.2662811279297 977.6956787109375 
v 1873.8636474609375 -288.0227355957031 975.9942016601562 
v 1871.781494140625 -312.5942077636719 976.0792846679688 
v 1854.651123046875 -325.84356689453125 971.2300415039062 
v 1854.651123046875 -311.1488342285156 970.46435546875 
v 1853.751953125 -288.2636413574219 968.8479614257812 
v 1854.4617919921875 -231.65283203125 970.3792724609375 
v 1855.739501953125 -203.94969177246094 972.4210815429688 
v 1897.9976806640625 -206.84042358398438 1065.1517333984375 
v 1875.2833251953125 -235.26626586914062 1070.5113525390625 
v 1884.4163818359375 -246.5884246826172 1053.666748046875 
v 1873.8636474609375 -288.022705078125 1072.212890625 
v 1853.751953125 -288.26361083984375 1079.359130859375 
v 1854.651123046875 -311.1488342285156 1077.74267578125 
v 1855.739501953125 -203.94967651367188 1075.87109375 
v 1854.4617919921875 -231.65281677246094 1077.912841796875 
v 1882.66552734375 -286.3364562988281 1053.9219970703125 
v 1871.781494140625 -312.5942077636719 1072.1278076171875 
v 1854.651123046875 -325.8435363769531 1076.97705078125 
v 1869.9832763671875 -328.73431396484375 1071.6173095703125 
v 1879.4476318359375 -315.7258605957031 1057.4100341796875 
v 1838.609130859375 -326.3253479003906 1043.1175537109375 
v 1836.905517578125 -336.9248046875 1043.20263671875 
v 1854.1778564453125 -328.9752197265625 1037.843017578125 
v 1851.811767578125 -340.0564880371094 1037.843017578125 
v 1849.2564697265625 -360.2918395996094 1035.12060546875 
v 1831.842041015625 -324.3981628417969 1057.4951171875 
v 1830.280517578125 -335.7203063964844 1056.8995361328125 
v 1839.082275390625 -324.1572570800781 1071.6173095703125 
v 1836.8109130859375 -336.9248046875 1070.6815185546875 
v 1854.651123046875 -325.8435363769531 1076.97705078125 
v 1851.7171630859375 -339.8155822753906 1076.1263427734375 
v 1832.504638671875 -362.7007751464844 1072.1278076171875 
v 1848.9251708984375 -360.0509338378906 1077.74267578125 
v 1835.3912353515625 -457.61419677734375 1067.278564453125 
v 1844.618896484375 -457.1324157714844 1071.3621826171875 
v 1831.4161376953125 -457.61419677734375 1057.5802001953125 
v 1825.54833984375 -363.9052734375 1056.8995361328125 
v 1832.7412109375 -362.9416809082031 1041.160888671875 
v 1844.8082275390625 -457.61419677734375 1043.9683837890625 
v 1835.48583984375 -457.8551025390625 1047.8817138671875 
v 1855.739501953125 -203.94967651367188 1075.87109375 
v 1859.572509765625 -184.43701171875 1073.6590576171875 
v 1818.1661376953125 -202.02249145507812 1059.962158203125 
v 1827.3939208984375 -182.02804565429688 1057.580078125 
v 1817.26708984375 -202.02249145507812 1024.14599609375 
v 1826.58935546875 -182.02804565429688 1024.14599609375 
v 1827.3939208984375 -182.02804565429688 990.6268920898438 
v 1818.1661376953125 -202.02249145507812 988.2448120117188 
v 1859.572509765625 -184.43702697753906 974.5479125976562 
v 1855.739501953125 -203.94969177246094 972.4210815429688 
v 1818.1661376953125 -106.38638305664062 1064.8114013671875 
v 1836.62158203125 -111.68611907958984 1064.2159423828125 
v 1818.6866455078125 -133.36685180664062 1056.1339111328125 
v 1855.2662353515625 -138.6665802001953 1069.5755615234375 
v 1827.6304931640625 -161.31089782714844 1054.6025390625 
v 1861.5126953125 -161.0699920654297 1069.66064453125 
v 1827.6304931640625 -161.31089782714844 993.6044921875 
v 1861.5126953125 -161.07000732421875 978.54638671875 
v 1855.2662353515625 -138.66659545898438 978.6314697265625 
v 1818.6866455078125 -133.3668670654297 992.158203125 
v 1836.62158203125 -111.68612670898438 984.076171875 
v 1818.1661376953125 -106.38639068603516 983.4806518554688 
v 1818.35546875 -133.12596130371094 1024.14599609375 
v 1814.3331298828125 -102.53204345703125 1024.14599609375 
v 1828.9554443359375 -71.456298828125 1056.1339111328125 
v 1828.9554443359375 -71.45630645751953 992.0731201171875 
v 1826.873291015625 -161.5518035888672 1024.14599609375 
v 1844.9974365234375 -70.49270629882812 1059.8770751953125 
v 1847.8841552734375 -61.09772491455078 1048.8175048828125 
v 1835.533203125 -62.78401184082031 1044.6488037109375 
v 1825.0750732421875 -72.41989135742188 1024.14599609375 
v 1831.4635009765625 -62.78401565551758 1024.14599609375 
v 1829.8546142578125 -54.35262680053711 1045.9249267578125 
v 1825.1697998046875 -52.90724182128906 1024.14599609375 
v 1829.8546142578125 -54.35263442993164 1002.281982421875 
v 1835.533203125 -62.784019470214844 1003.55810546875 
v 1837.14208984375 -57.002506256103516 1047.115966796875 
v 1844.9974365234375 -70.49271392822266 988.3298950195312 
v 1847.8841552734375 -61.09773254394531 999.3895263671875 
v 1837.189453125 -57.00251388549805 1001.0910034179688 
v 1832.3153076171875 -84.70565795898438 959.2345581054688 
v 1849.3037109375 -86.15105438232422 957.8734130859375 
v 1838.514404296875 -98.67768096923828 954.470458984375 
v 1858.6260986328125 -101.32756042480469 963.0629272460938 
v 1837.3314208984375 -106.6272964477539 953.5346069335938 
v 1856.7332763671875 -111.20433807373047 960.3405151367188 
v 1837.0948486328125 -120.3584213256836 949.7913818359375 
v 1854.651123046875 -124.69456481933594 957.6181640625 
v 1836.858154296875 -134.08953857421875 946.048095703125 
v 1852.5216064453125 -138.184814453125 954.8107299804688 
v 1835.533203125 -147.33889770507812 944.8570556640625 
v 1849.114501953125 -150.47055053710938 952.6838989257812 
v 1836.2430419921875 -157.21566772460938 943.666015625 
v 1849.2091064453125 -162.27450561523438 949.9615478515625 
v 1851.3858642578125 -175.0420379638672 946.3033447265625 
v 1836.62158203125 -169.01962280273438 938.9869995117188 
v 1844.3349609375 -227.79849243164062 938.9869995117188 
v 1853.7047119140625 -225.38951110839844 942.6451416015625 
v 1845.0921630859375 -235.50718688964844 937.9661254882812 
v 1854.9822998046875 -232.85733032226562 941.79443359375 
v 1851.7171630859375 -226.83489990234375 949.9615478515625 
v 1853.27880859375 -233.58001708984375 948.0899047851562 
v 1842.5841064453125 -230.44834899902344 951.3226928710938 
v 1843.2939453125 -236.711669921875 949.4511108398438 
v 1833.2144775390625 -177.69190979003906 963.9136352539062 
v 1849.4930419921875 -180.58267211914062 960.4255981445312 
v 1847.3162841796875 -168.53782653808594 962.212158203125 
v 1847.6474609375 -155.77027893066406 967.4867553710938 
v 1833.593017578125 -168.0560302734375 965.1897583007812 
v 1833.6876220703125 -156.4929656982422 970.9747924804688 
v 1834.5867919921875 -144.44810485839844 975.4837036132812 
v 1851.4332275390625 -143.96630859375 971.4852294921875 
v 1835.533203125 -130.9578857421875 978.2060546875 
v 1854.2725830078125 -130.7169952392578 973.5270385742188 
v 1836.4796142578125 -117.22676086425781 981.0135498046875 
v 1857.11181640625 -117.22676086425781 975.6538696289062 
v 1836.62158203125 -111.68612670898438 984.076171875 
v 1861.796630859375 -108.07268524169922 977.7807006835938 
v 1855.408203125 -80.61041259765625 967.912109375 
v 1842.962646484375 -75.31067657470703 971.6553955078125 
v 1858.531494140625 -76.03337097167969 984.3314208984375 
v 1844.9974365234375 -70.49271392822266 988.3298950195312 
v 1842.962646484375 -75.31067657470703 971.6553955078125 
v 1828.6715087890625 -76.2742691040039 974.88818359375 
v 1832.3153076171875 -84.70565795898438 959.2345581054688 
v 1819.3492431640625 -99.40037536621094 965.4449462890625 
v 1828.9554443359375 -71.45630645751953 992.0731201171875 
v 1818.1661376953125 -106.38639068603516 983.4806518554688 
v 1820.1536865234375 -115.29957580566406 979.1419067382812 
v 1836.4796142578125 -117.22676086425781 981.0135498046875 
v 1835.533203125 -130.9578857421875 978.2060546875 
v 1821.1474609375 -129.03070068359375 974.9732666015625 
v 1834.5867919921875 -144.44810485839844 975.4837036132812 
v 1844.9974365234375 -70.49271392822266 988.3298950195312 
v 1836.62158203125 -111.68612670898438 984.076171875 
v 1838.514404296875 -98.67768096923828 954.470458984375 
v 1820.7215576171875 -109.0362548828125 962.1270751953125 
v 1821.5733642578125 -123.00830078125 958.2987670898438 
v 1822.0938720703125 -142.7618408203125 970.8897094726562 
v 1833.6876220703125 -156.4929656982422 970.9747924804688 
v 1823.1348876953125 -155.28848266601562 966.6360473632812 
v 1833.593017578125 -168.0560302734375 965.1897583007812 
v 1837.3314208984375 -106.6272964477539 953.5346069335938 
v 1837.0948486328125 -120.3584213256836 949.7913818359375 
v 1822.3778076171875 -136.7394256591797 954.3853759765625 
v 1836.858154296875 -134.08953857421875 946.048095703125 
v 1823.1348876953125 -149.7478485107422 952.08837890625 
v 1835.533203125 -147.33889770507812 944.8570556640625 
v 1836.2430419921875 -157.21566772460938 943.666015625 
v 1823.8447265625 -158.90194702148438 949.3660278320312 
v 1823.37158203125 -165.40615844726562 961.446533203125 
v 1821.384033203125 -174.07846069335938 959.7450561523438 
v 1833.2144775390625 -177.69190979003906 963.9136352539062 
v 1842.5841064453125 -230.44834899902344 951.3226928710938 
v 1835.48583984375 -231.4119415283203 948.8555908203125 
v 1843.2939453125 -236.711669921875 949.4511108398438 
v 1836.62158203125 -238.39794921875 947.1541137695312 
v 1835.722412109375 -229.24388122558594 941.79443359375 
v 1836.7161865234375 -236.95257568359375 940.6884765625 
v 1844.3349609375 -227.79849243164062 938.9869995117188 
v 1845.0921630859375 -235.50718688964844 937.9661254882812 
v 1836.62158203125 -169.01962280273438 938.9869995117188 
v 1822.2830810546875 -168.7787322998047 945.8779907226562 
v 1869.9832763671875 -328.73431396484375 976.5897216796875 
v 1854.651123046875 -325.84356689453125 971.2300415039062 
v 1866.6234130859375 -343.1881408691406 977.2703247070312 
v 1851.7171630859375 -339.8155822753906 972.080810546875 
v 1848.9251708984375 -360.0509338378906 970.5494384765625 
v 1876.7030029296875 -330.90240478515625 990.5418701171875 
v 1873.3431396484375 -344.39263916015625 991.0523071289062 
v 1869.7467041015625 -330.9023742675781 1004.8342895507812 
v 1866.765380859375 -342.9472351074219 1005.0044555664062 
v 1854.1778564453125 -328.9752197265625 1010.4491577148438 
v 1851.811767578125 -340.0564880371094 1010.3640747070312 
v 1865.677001953125 -357.6419677734375 1007.0462036132812 
v 1849.2564697265625 -360.2918395996094 1013.0864868164062 
v 1854.083251953125 -455.6870422363281 1000.1552124023438 
v 1844.8082275390625 -457.6142272949219 1004.23876953125 
v 1857.8216552734375 -454.96435546875 990.5418701171875 
v 1872.8226318359375 -356.6783752441406 991.73291015625 
v 1865.4404296875 -357.6419677734375 976.33447265625 
v 1844.618896484375 -457.1324157714844 976.9300537109375 
v 1853.9412841796875 -455.4461364746094 981.0135498046875 
v 1838.609130859375 -326.3253479003906 1005.0894775390625 
v 1854.1778564453125 -328.9752197265625 1010.4491577148438 
v 1836.905517578125 -336.9248046875 1005.00439453125 
v 1851.811767578125 -340.0564880371094 1010.3640747070312 
v 1849.2564697265625 -360.2918395996094 1013.0864868164062 
v 1831.842041015625 -324.3981628417969 990.7970581054688 
v 1830.280517578125 -335.7203369140625 991.3074951171875 
v 1839.082275390625 -324.15728759765625 976.5897216796875 
v 1836.8109130859375 -336.9248352050781 977.5255126953125 
v 1854.651123046875 -325.84356689453125 971.2300415039062 
v 1851.7171630859375 -339.8155822753906 972.080810546875 
v 1832.504638671875 -362.7008056640625 976.0792846679688 
v 1848.9251708984375 -360.0509338378906 970.5494384765625 
v 1835.3912353515625 -457.6142272949219 980.9285278320312 
v 1844.618896484375 -457.1324157714844 976.9300537109375 
v 1831.4161376953125 -457.6142272949219 990.626953125 
v 1825.54833984375 -363.9052734375 991.3074951171875 
v 1832.7412109375 -362.94171142578125 1007.0462036132812 
v 1844.8082275390625 -457.6142272949219 1004.23876953125 
v 1835.48583984375 -457.8551025390625 1000.3253784179688 
v 1889.621826171875 -22.31332015991211 1024.14599609375 
v 1899.6539306640625 -31.949195861816406 1036.822021484375 
v 1878.501220703125 -27.61307716369629 1042.8623046875 
v 1899.74853515625 -38.69434356689453 1036.056396484375 
v 1877.980712890625 -37.48985290527344 1041.75634765625 
v 1899.8905029296875 -49.29381561279297 1033.7593994140625 
v 1879.9208984375 -53.389034271240234 1038.268310546875 
v 1867.14404296875 -56.27981185913086 1049.7532958984375 
v 1848.4520263671875 -39.1761360168457 1053.326416015625 
v 1899.6065673828125 -28.335773468017578 1024.14599609375 
v 1910.5379638671875 -33.876380920410156 1034.950439453125 
v 1911.200439453125 -30.985605239868164 1024.14599609375 
v 1909.3074951171875 -39.41703796386719 1034.269775390625 
v 1908.6923828125 -42.066871643066406 1024.14599609375 
v 1907.320068359375 -48.330223083496094 1032.3131103515625 
v 1905.7584228515625 -55.316219329833984 1029.5057373046875 
v 1899.9852294921875 -57.96609878540039 1030.4415283203125 
v 1882.05029296875 -65.91568756103516 1033.504150390625 
v 1905.4271240234375 -56.76161193847656 1024.14599609375 
v 1900.032470703125 -59.65238952636719 1024.14599609375 
v 1884.9842529296875 -68.32467651367188 1024.14599609375 
v 1875.47265625 -72.90168762207031 1024.14599609375 
v 1866.3394775390625 -66.3974838256836 1044.6488037109375 
v 1847.8841552734375 -61.09772491455078 1048.8175048828125 
v 1848.1680908203125 -53.870826721191406 1053.8369140625 
v 1837.14208984375 -57.002506256103516 1047.115966796875 
v 1838.845703125 -50.98005294799805 1049.7532958984375 
v 1829.8546142578125 -54.35262680053711 1045.9249267578125 
v 1827.5357666015625 -47.36662673950195 1044.478759765625 
v 1821.9991455078125 -44.71675109863281 1024.14599609375 
v 1825.5955810546875 -22.07242202758789 1024.14599609375 
v 1833.26171875 -25.68589210510254 1045.584716796875 
v 1829.8546142578125 -5.691445350646973 1024.14599609375 
v 1833.6402587890625 -8.823118209838867 1040.139892578125 
v 1850.6287841796875 6.112515449523926 1024.14599609375 
v 1855.45556640625 -17.977197647094727 1048.9876708984375 
v 1825.1697998046875 -52.90724182128906 1024.14599609375 
v 1862.8377685546875 -19.904335021972656 1047.8817138671875 
v 1872.4439697265625 -5.932340145111084 1042.1817626953125 
v 1853.8939208984375 -1.8370720148086548 1042.8623046875 
v 1842.5367431640625 -4.005155086517334 1042.6070556640625 
v 1843.24658203125 -14.363726615905762 1045.41455078125 
v 1876.3717041015625 -0.1507881134748459 1024.14599609375 
v 1886.167236328125 -13.159239768981934 1024.14599609375 
v 1881.198486328125 -16.531810760498047 1038.3533935546875 
v 1875.47265625 -72.90168762207031 1024.14599609375 
v 1866.3394775390625 -66.39749145507812 1003.55810546875 
v 1882.05029296875 -65.91569519042969 1014.7879028320312 
v 1867.14404296875 -56.27981948852539 998.4536743164062 
v 1879.9208984375 -53.3890380859375 1009.9386596679688 
v 1877.980712890625 -37.4898567199707 1006.4506225585938 
v 1848.4520263671875 -39.1761474609375 994.8805541992188 
v 1884.9842529296875 -68.32467651367188 1024.14599609375 
v 1899.9852294921875 -57.966102600097656 1017.7655029296875 
v 1900.032470703125 -59.65238952636719 1024.14599609375 
v 1905.7584228515625 -55.31622314453125 1018.7012939453125 
v 1905.4271240234375 -56.76161193847656 1024.14599609375 
v 1908.6923828125 -42.066871643066406 1024.14599609375 
v 1907.320068359375 -48.33022689819336 1015.9789428710938 
v 1909.3074951171875 -39.41704177856445 1013.9371337890625 
v 1899.8905029296875 -49.293819427490234 1014.5326538085938 
v 1899.74853515625 -38.6943473815918 1012.1505737304688 
v 1911.200439453125 -30.985605239868164 1024.14599609375 
v 1910.5379638671875 -33.87638473510742 1013.2565307617188 
v 1899.6539306640625 -31.949199676513672 1011.3849487304688 
v 1878.501220703125 -27.613082885742188 1005.3446655273438 
v 1862.8377685546875 -19.904342651367188 1000.3253173828125 
v 1855.45556640625 -17.97720718383789 999.2193603515625 
v 1872.4439697265625 -5.932346343994141 1006.1103515625 
v 1881.198486328125 -16.531816482543945 1009.8535766601562 
v 1889.621826171875 -22.31332015991211 1024.14599609375 
v 1886.167236328125 -13.159239768981934 1024.14599609375 
v 1876.3717041015625 -0.1507881134748459 1024.14599609375 
v 1850.6287841796875 6.112515449523926 1024.14599609375 
v 1853.8939208984375 -1.8370780944824219 1005.4297485351562 
v 1842.5367431640625 -4.005161285400391 1005.5999145507812 
v 1833.6402587890625 -8.823123931884766 1008.0670166015625 
v 1843.24658203125 -14.363733291625977 1002.7924194335938 
v 1899.6065673828125 -28.335773468017578 1024.14599609375 
v 1829.8546142578125 -5.691445350646973 1024.14599609375 
v 1833.26171875 -25.685897827148438 1002.7073974609375 
v 1827.5357666015625 -47.366634368896484 1003.728271484375 
v 1838.845703125 -50.98006057739258 998.4536743164062 
v 1829.8546142578125 -54.35263442993164 1002.281982421875 
v 1837.189453125 -57.00251388549805 1001.0910034179688 
v 1847.8841552734375 -61.09773254394531 999.3895263671875 
v 1848.1680908203125 -53.8708381652832 994.3701171875 
v 1825.5955810546875 -22.07242202758789 1024.14599609375 
v 1821.9991455078125 -44.71675109863281 1024.14599609375 
v 1825.1697998046875 -52.90724182128906 1024.14599609375 
v 1862.4591064453125 -257.91058349609375 1107.4334716796875 
v 1859.667236328125 -246.10662841796875 1107.09326171875 
v 1857.064453125 -245.6248321533203 1100.8828125 
v 1860.94482421875 -244.6612548828125 1099.4365234375 
v 1861.843994140625 -244.6612548828125 1102.0738525390625 
v 1866.00830078125 -255.01983642578125 1098.2454833984375 
v 1866.7181396484375 -254.7789306640625 1100.372314453125 
v 1867.995849609375 -253.81533813476562 1095.35302734375 
v 1869.084228515625 -252.85174560546875 1097.735107421875 
v 1863.21630859375 -242.49317932128906 1096.0335693359375 
v 1864.4466552734375 -241.28868103027344 1099.5216064453125 
v 1853.27880859375 -233.57998657226562 1100.1171875 
v 1854.9822998046875 -232.8572998046875 1106.4976806640625 
v 1843.2939453125 -236.71163940429688 1098.7559814453125 
v 1844.5716552734375 -247.79290771484375 1099.5216064453125 
v 1836.62158203125 -238.39793395996094 1101.1380615234375 
v 1835.722412109375 -249.7200927734375 1101.818603515625 
v 1846.0859375 -259.1150817871094 1102.0738525390625 
v 1836.4322509765625 -261.042236328125 1103.6903076171875 
v 1859.052001953125 -257.1878967285156 1102.6693115234375 
v 1863.500244140625 -280.3139953613281 1101.1380615234375 
v 1860.94482421875 -279.83221435546875 1098.7559814453125 
v 1853.18408203125 -282.00030517578125 1102.75439453125 
v 1850.9127197265625 -281.277587890625 1098.33056640625 
v 1843.76708984375 -282.4820861816406 1101.818603515625 
v 1843.530517578125 -282.4820861816406 1099.3514404296875 
v 1844.618896484375 -457.1324157714844 1071.3621826171875 
v 1889.574462890625 -470.3817443847656 1073.6591796875 
v 1853.9412841796875 -455.4461364746094 1067.1934814453125 
v 1897.808349609375 -470.1408386230469 1069.5755615234375 
v 1857.8216552734375 -454.9643249511719 1057.665283203125 
v 1901.4521484375 -470.3817443847656 1060.642822265625 
v 1898.66015625 -479.294921875 1071.87255859375 
v 1903.0611572265625 -479.294921875 1061.2384033203125 
v 1897.9503173828125 -470.6226501464844 1051.7100830078125 
v 1898.7548828125 -479.294921875 1050.51904296875 
v 1889.8583984375 -470.8635559082031 1047.54150390625 
v 1889.053955078125 -479.53582763671875 1046.3504638671875 
v 1888.8172607421875 -479.53582763671875 1075.87109375 
v 1854.083251953125 -455.6870422363281 1048.0518798828125 
v 1844.8082275390625 -457.61419677734375 1043.9683837890625 
v 1858.76806640625 -480.981201171875 1058.090576171875 
v 1903.0611572265625 -479.294921875 1061.2384033203125 
v 1855.45556640625 -480.981201171875 1065.91748046875 
v 1898.66015625 -479.294921875 1071.87255859375 
v 1889.574462890625 -470.3817443847656 1073.6591796875 
v 1844.618896484375 -457.1324157714844 1071.3621826171875 
v 1888.8172607421875 -479.53582763671875 1075.87109375 
v 1846.9849853515625 -479.53582763671875 1072.723388671875 
v 1837.2840576171875 -479.53582763671875 1068.4696044921875 
v 1835.3912353515625 -457.61419677734375 1067.278564453125 
v 1833.072509765625 -479.7767333984375 1058.0054931640625 
v 1831.4161376953125 -457.61419677734375 1057.5802001953125 
v 1837.426025390625 -479.7767333984375 1047.54150390625 
v 1835.48583984375 -457.8551025390625 1047.8817138671875 
v 1847.2215576171875 -479.7767333984375 1043.372802734375 
v 1844.8082275390625 -457.61419677734375 1043.9683837890625 
v 1889.8583984375 -470.8635559082031 1047.54150390625 
v 1889.053955078125 -479.53582763671875 1046.3504638671875 
v 1847.3162841796875 -480.981201171875 1059.70703125 
v 1858.76806640625 -480.981201171875 1058.090576171875 
v 1847.2215576171875 -479.7767333984375 1043.372802734375 
v 1855.5501708984375 -480.981201171875 1050.2637939453125 
v 1833.072509765625 -479.7767333984375 1058.0054931640625 
v 1847.3162841796875 -480.981201171875 1059.70703125 
v 1837.426025390625 -479.7767333984375 1047.54150390625 
v 1847.2215576171875 -479.7767333984375 1043.372802734375 
v 1837.2840576171875 -479.53582763671875 1068.4696044921875 
v 1846.9849853515625 -479.53582763671875 1072.723388671875 
v 1833.072509765625 -479.7767333984375 1058.0054931640625 
v 1847.3162841796875 -480.981201171875 1059.70703125 
v 1846.9849853515625 -479.53582763671875 1072.723388671875 
v 1855.45556640625 -480.981201171875 1065.91748046875 
v 1847.3162841796875 -480.981201171875 1059.70703125 
v 1858.76806640625 -480.981201171875 1058.090576171875 
v 1855.5501708984375 -480.981201171875 1050.2637939453125 
v 1858.76806640625 -480.981201171875 1058.090576171875 
v 1898.7548828125 -479.294921875 1050.51904296875 
v 1903.0611572265625 -479.294921875 1061.2384033203125 
v 1847.2215576171875 -479.7767333984375 1043.372802734375 
v 1855.5501708984375 -480.981201171875 1050.2637939453125 
v 1889.053955078125 -479.53582763671875 1046.3504638671875 
v 1898.7548828125 -479.294921875 1050.51904296875 
v 1855.45556640625 -480.981201171875 1065.91748046875 
v 1846.9849853515625 -479.53582763671875 1072.723388671875 
v 1898.66015625 -479.294921875 1071.87255859375 
v 1888.8172607421875 -479.53582763671875 1075.87109375 
v 1863.500244140625 -280.3139953613281 1101.1380615234375 
v 1853.18408203125 -282.00030517578125 1102.75439453125 
v 1862.4591064453125 -257.91058349609375 1107.4334716796875 
v 1849.019775390625 -260.319580078125 1110.240966796875 
v 1859.667236328125 -246.10662841796875 1107.09326171875 
v 1843.76708984375 -282.4820861816406 1101.818603515625 
v 1836.8109130859375 -261.042236328125 1108.794677734375 
v 1843.530517578125 -282.4820861816406 1099.3514404296875 
v 1836.4322509765625 -261.042236328125 1103.6903076171875 
v 1836.0537109375 -248.99740600585938 1108.794677734375 
v 1835.722412109375 -249.7200927734375 1101.818603515625 
v 1836.7161865234375 -236.95254516601562 1107.5185546875 
v 1836.62158203125 -238.39793395996094 1101.1380615234375 
v 1845.0921630859375 -235.5071563720703 1110.240966796875 
v 1847.17431640625 -248.0338134765625 1111.1767578125 
v 1854.9822998046875 -232.8572998046875 1106.4976806640625 
v 1861.843994140625 -244.6612548828125 1102.0738525390625 
v 1864.4466552734375 -241.28868103027344 1099.5216064453125 
v 1866.7181396484375 -254.7789306640625 1100.372314453125 
v 1869.084228515625 -252.85174560546875 1097.735107421875 
v 1857.064453125 -245.62484741210938 947.2391357421875 
v 1859.004638671875 -256.947021484375 945.5376586914062 
v 1862.411865234375 -257.9106140136719 940.7735595703125 
v 1863.500244140625 -279.8322448730469 947.2391967773438 
v 1859.667236328125 -246.1066436767578 941.1138305664062 
v 1860.94482421875 -244.66128540039062 948.6854248046875 
v 1861.843994140625 -244.66128540039062 946.1331787109375 
v 1866.00830078125 -255.0198516845703 949.9615478515625 
v 1866.7181396484375 -254.77896118164062 947.8346557617188 
v 1867.995849609375 -253.81536865234375 952.8540649414062 
v 1869.1314697265625 -252.85177612304688 950.4719848632812 
v 1863.21630859375 -242.49319458007812 952.08837890625 
v 1864.4466552734375 -241.28871154785156 948.600341796875 
v 1853.27880859375 -233.58001708984375 948.0899047851562 
v 1854.9822998046875 -232.85733032226562 941.79443359375 
v 1843.2939453125 -236.711669921875 949.4511108398438 
v 1844.5716552734375 -247.79293823242188 948.6854248046875 
v 1836.62158203125 -238.39794921875 947.1541137695312 
v 1835.722412109375 -249.72012329101562 946.388427734375 
v 1846.0859375 -258.87420654296875 946.21826171875 
v 1836.4322509765625 -260.8013610839844 944.6018676757812 
v 1860.94482421875 -279.10955810546875 949.5361938476562 
v 1850.9127197265625 -280.554931640625 950.046630859375 
v 1853.18408203125 -281.2776184082031 945.6227416992188 
v 1843.76708984375 -281.7594299316406 946.55859375 
v 1843.530517578125 -281.7594299316406 949.1107788085938 
v 1844.618896484375 -457.1324157714844 976.9300537109375 
v 1853.9412841796875 -455.4461364746094 981.0135498046875 
v 1889.574462890625 -470.38177490234375 974.633056640625 
v 1897.808349609375 -470.140869140625 978.716552734375 
v 1888.8172607421875 -479.5358581542969 974.9733276367188 
v 1898.66015625 -479.2949523925781 979.056884765625 
v 1901.4521484375 -470.3817443847656 987.5642700195312 
v 1903.0611572265625 -479.2949523925781 987.0538330078125 
v 1897.9503173828125 -470.6226501464844 996.4970703125 
v 1898.7548828125 -479.2949523925781 1000.4104614257812 
v 1889.8583984375 -470.8635559082031 1000.6656494140625 
v 1889.053955078125 -479.53582763671875 1004.5791015625 
v 1857.8216552734375 -454.96435546875 990.5418701171875 
v 1854.083251953125 -455.6870422363281 1000.1552124023438 
v 1844.8082275390625 -457.6142272949219 1004.23876953125 
v 1898.66015625 -479.2949523925781 979.056884765625 
v 1855.45556640625 -480.9812316894531 985.0120849609375 
v 1903.0611572265625 -479.2949523925781 987.0538330078125 
v 1858.76806640625 -480.9812316894531 990.1165161132812 
v 1889.574462890625 -470.38177490234375 974.633056640625 
v 1844.618896484375 -457.1324157714844 976.9300537109375 
v 1888.8172607421875 -479.5358581542969 974.9733276367188 
v 1846.9849853515625 -479.5358581542969 975.4837646484375 
v 1837.2840576171875 -479.5358581542969 979.7374877929688 
v 1835.3912353515625 -457.6142272949219 980.9285278320312 
v 1833.072509765625 -479.7767333984375 990.28662109375 
v 1831.4161376953125 -457.6142272949219 990.626953125 
v 1837.426025390625 -479.7767333984375 1000.6656494140625 
v 1835.48583984375 -457.8551025390625 1000.3253784179688 
v 1847.2215576171875 -479.7767333984375 1004.8342895507812 
v 1844.8082275390625 -457.6142272949219 1004.23876953125 
v 1889.8583984375 -470.8635559082031 1000.6656494140625 
v 1889.053955078125 -479.53582763671875 1004.5791015625 
v 1855.5501708984375 -480.9812316894531 1000.6656494140625 
v 1847.2215576171875 -479.7767333984375 1004.8342895507812 
v 1858.76806640625 -480.9812316894531 990.1165161132812 
v 1847.3162841796875 -480.9812316894531 988.5000610351562 
v 1847.2215576171875 -479.7767333984375 1004.8342895507812 
v 1837.426025390625 -479.7767333984375 1000.6656494140625 
v 1847.3162841796875 -480.9812316894531 988.5000610351562 
v 1833.072509765625 -479.7767333984375 990.28662109375 
v 1847.3162841796875 -480.9812316894531 988.5000610351562 
v 1833.072509765625 -479.7767333984375 990.28662109375 
v 1846.9849853515625 -479.5358581542969 975.4837646484375 
v 1837.2840576171875 -479.5358581542969 979.7374877929688 
v 1858.76806640625 -480.9812316894531 990.1165161132812 
v 1847.3162841796875 -480.9812316894531 988.5000610351562 
v 1855.45556640625 -480.9812316894531 985.0120849609375 
v 1846.9849853515625 -479.5358581542969 975.4837646484375 
v 1903.0611572265625 -479.2949523925781 987.0538330078125 
v 1898.7548828125 -479.2949523925781 1000.4104614257812 
v 1858.76806640625 -480.9812316894531 990.1165161132812 
v 1855.5501708984375 -480.9812316894531 1000.6656494140625 
v 1898.7548828125 -479.2949523925781 1000.4104614257812 
v 1889.053955078125 -479.53582763671875 1004.5791015625 
v 1855.5501708984375 -480.9812316894531 1000.6656494140625 
v 1847.2215576171875 -479.7767333984375 1004.8342895507812 
v 1888.8172607421875 -479.5358581542969 974.9733276367188 
v 1898.66015625 -479.2949523925781 979.056884765625 
v 1846.9849853515625 -479.5358581542969 975.4837646484375 
v 1855.45556640625 -480.9812316894531 985.0120849609375 
v 1863.500244140625 -279.8322448730469 947.2391967773438 
v 1853.18408203125 -281.2776184082031 945.6227416992188 
v 1862.411865234375 -257.9106140136719 940.7735595703125 
v 1849.019775390625 -260.319580078125 938.0511474609375 
v 1859.667236328125 -246.1066436767578 941.1138305664062 
v 1843.76708984375 -281.7594299316406 946.55859375 
v 1836.7635498046875 -261.0422668457031 939.4974365234375 
v 1843.530517578125 -281.7594299316406 949.1107788085938 
v 1836.4322509765625 -260.8013610839844 944.6018676757812 
v 1836.0537109375 -248.99742126464844 939.4974365234375 
v 1835.722412109375 -249.72012329101562 946.388427734375 
v 1836.7161865234375 -236.95257568359375 940.6884765625 
v 1836.62158203125 -238.39794921875 947.1541137695312 
v 1845.0921630859375 -235.50718688964844 937.9661254882812 
v 1847.17431640625 -248.03382873535156 937.0302734375 
v 1854.9822998046875 -232.85733032226562 941.79443359375 
v 1861.843994140625 -244.66128540039062 946.1331787109375 
v 1864.4466552734375 -241.28871154785156 948.600341796875 
v 1866.7181396484375 -254.77896118164062 947.8346557617188 
v 1869.1314697265625 -252.85177612304688 950.4719848632812 
v 1853.8939208984375 -1.8370780944824219 1005.4297485351562 
v 1842.5367431640625 -4.005161285400391 1005.5999145507812 
v 1852.947509765625 3.2217342853546143 1001.516357421875 
v 1843.483154296875 0.33100441098213196 1001.176025390625 
v 1853.3734130859375 12.134915351867676 987.223876953125 
v 1849.8243408203125 11.1713228225708 987.4791259765625 
v 1853.79931640625 5.148916721343994 984.246337890625 
v 1850.0609130859375 6.353407382965088 985.9478149414062 
v 1854.035888671875 -9.78667163848877 987.3089599609375 
v 1843.9564208984375 -8.823125839233398 993.1790771484375 
v 1855.45556640625 -17.97720718383789 999.2193603515625 
v 1843.24658203125 -14.363733291625977 1002.7924194335938 
v 1842.5367431640625 -4.005155086517334 1042.6070556640625 
v 1843.483154296875 0.33101189136505127 1047.0308837890625 
v 1853.8939208984375 -1.8370720148086548 1042.8623046875 
v 1852.947509765625 3.2217416763305664 1046.7757568359375 
v 1849.8243408203125 11.171334266662598 1060.727783203125 
v 1853.3734130859375 12.134926795959473 1060.9830322265625 
v 1853.79931640625 5.148929595947266 1063.960693359375 
v 1850.0609130859375 6.353419780731201 1062.2591552734375 
v 1843.9564208984375 -8.823116302490234 1055.02783203125 
v 1843.24658203125 -14.363726615905762 1045.41455078125 
v 1854.035888671875 -9.786660194396973 1060.89794921875 
v 1855.45556640625 -17.977197647094727 1048.9876708984375 
v 1853.79931640625 5.148929595947266 1063.960693359375 
v 1854.035888671875 -9.786660194396973 1060.89794921875 
v 1853.3734130859375 12.134926795959473 1060.9830322265625 
v 1852.947509765625 3.2217416763305664 1046.7757568359375 
v 1855.45556640625 -17.977197647094727 1048.9876708984375 
v 1853.8939208984375 -1.8370720148086548 1042.8623046875 
v 1855.45556640625 -17.97720718383789 999.2193603515625 
v 1853.8939208984375 -1.8370780944824219 1005.4297485351562 
v 1854.035888671875 -9.78667163848877 987.3089599609375 
v 1852.947509765625 3.2217342853546143 1001.516357421875 
v 1853.79931640625 5.148916721343994 984.246337890625 
v 1853.3734130859375 12.134915351867676 987.223876953125 
vn -0.00337960640899837 -0.009115200489759445 0.0023433684837073088 
vn -0.0006785633158870041 -0.0004149713786318898 0.009968317113816738 
vn 0.00732902716845274 -0.0003276446077506989 0.006795440334826708 
vn 0.007884269580245018 0.0025706016458570957 0.005588407162576914 
vn 0.008009740151464939 0.001242061611264944 0.005856734700500965 
vn -0.00018874967645388097 0.0007203269051387906 0.009972237050533295 
vn 0.007876946590840816 0.0015017385594546795 0.005974821280688047 
vn 0.00809791125357151 0.001242061611264944 0.005734205711632967 
vn 0.009959910064935684 0.0008945280569605529 -1.4573740825252202e-10 
vn 0.007897475734353065 -0.0006331370677798986 0.006101558450609446 
vn 0.009977075271308422 -0.0006767380982637405 1.1025484691895571e-10 
vn 0.008082541637122631 -0.0005459034582599998 -0.0058629778213799 
vn 0.008273053914308548 0.0011986924801021814 -0.005488141905516386 
vn -0.0004338973085395992 0.0013287216424942017 -0.009901829995214939 
vn -0.0001321312738582492 0.001631198450922966 -0.009865177795290947 
vn 0.00018868832557927817 0.0007638970273546875 -0.009968995116651058 
vn 0.008099227212369442 0.0015017365803942084 -0.005669859703630209 
vn 0.009886596351861954 0.001501737511716783 -2.44664594140076e-10 
vn 0.009873095899820328 0.0015880758874118328 -2.5873092557304744e-10 
vn -0.00043370082858018577 0.0016742945881560445 0.009849296882748604 
vn -0.0007357216672971845 0.0012854058295488358 0.009889713488519192 
vn 0.008231068961322308 0.0011986924801021814 -0.005550913978368044 
vn -0.0004718891577795148 -0.0004586268332786858 -0.00997832603752613 
vn 0.007919642142951488 0.0024437056854367256 -0.005595316644757986 
vn 0.007421101443469524 -0.0004586263094097376 -0.0066870711743831635 
vn 0.00753763597458601 0.004949461203068495 -0.0043228319846093655 
vn 0.005234460346400738 0.006584555841982365 -0.0054077766835689545 
vn 0.006904302164912224 0.00037131173303350806 -0.007224454544484615 
vn -0.0004906785325147212 0.0015449197962880135 -0.009867748245596886 
vn 0.00007533989992225543 0.00872148759663105 -0.0048918272368609905 
vn -0.00337960640899837 -0.00911520142108202 -0.0023433654569089413 
vn 0.00885690189898014 -0.004642766900360584 7.564042170393748e-10 
vn 0.009341794066131115 0.003568037645891309 -5.813082792904822e-10 
vn 0.009529289789497852 0.003031935077160597 -4.939659237201965e-10 
vn 0.00753763597458601 0.004949462600052357 0.0043228305876255035 
vn 0.006904302164912224 0.00037131409044377506 0.007224454078823328 
vn 0.005234460346400738 0.006584557704627514 0.005407774355262518 
vn -0.0004906785325147212 0.0015449230559170246 0.009867747314274311 
vn 0.00007533989992225543 0.0087214894592762 0.004891824442893267 
vn -0.0038685561157763004 0.005287248641252518 0.007555082906037569 
vn 0.0034403058234602213 0.00421187886968255 0.008391923271119595 
vn -0.0006031204247847199 0.0014585264725610614 0.009874662384390831 
vn 0.008182309567928314 0.00032764667412266135 0.0057395524345338345 
vn -0.0006978618330322206 0.002017818856984377 0.009769411757588387 
vn 0.007772428914904594 -0.00037131187855266035 0.006281041074544191 
vn -0.0003016650734934956 0.002231295919045806 0.0097432192414999 
vn 0.008356395177543163 0.000021847836251254193 0.005492739845067263 
vn -0.000037733781937276945 0.0015880775172263384 0.009873023256659508 
vn 0.008564930409193039 -0.0007638977840542793 0.005104746203869581 
vn -0.0003020234580617398 0.0009815319208428264 0.009947129525244236 
vn 0.008665341883897781 -0.0004149721935391426 0.004973895847797394 
vn 0.0004336239071562886 0.0026549543254077435 0.009631365537643433 
vn 0.008942189626395702 0.0018033775268122554 0.004096958786249161 
vn 0.008825268596410751 0.00154492212459445 0.004441605880856514 
vn 0.0003018848365172744 0.0019750045612454414 0.009798378683626652 
vn 0.00011321732017677277 0.0007639002869836986 0.009970136918127537 
vn 0.008839355781674385 0.0012420613784343004 0.004508112091571093 
vn 0.00003775948061957024 0.0011986949248239398 0.009927824139595032 
vn 0.007465051021426916 0.003649537218734622 0.005563622806221247 
vn 0.006802625488489866 -0.0009380392730236053 -0.007269413210451603 
vn 0.005149021744728088 0.001760380808264017 -0.008389793336391449 
vn -0.0004529713769443333 -0.0025706023443490267 -0.009653331711888313 
vn -0.0005094378138892353 -0.0016312015941366553 -0.009852901101112366 
vn -0.0010556369088590145 -0.0019321524305269122 -0.009754610247910023 
vn 0.0071581280790269375 -0.0005895270151086152 -0.006957992445677519 
vn 0.00731175672262907 -0.0010684586595743895 -0.006737701129168272 
vn 0.007114720996469259 -0.0034862675238400698 -0.006101367529481649 
vn -0.0009050916996784508 -0.0027391035109758377 -0.009574869647622108 
vn -0.0008489622850902379 -0.003972683101892471 -0.009137672372162342 
vn -0.0005472211632877588 -0.0029485474806278944 -0.009539739228785038 
vn 0.0074745421297848225 -0.003198013175278902 -0.005822707898914814 
vn -0.000037769008486066014 -0.002273866906762123 -0.009737972170114517 
vn 0.007799869403243065 -0.002401315374299884 -0.005778903141617775 
vn 0.000396233081119135 -0.0033219335600733757 -0.009423786774277687 
vn 0.007814804092049599 -0.003445281647145748 -0.005201814696192741 
vn -0.00337960640899837 -0.009115200489759445 0.0023433684837073088 
vn 0.00732902716845274 -0.0003276446077506989 0.006795440334826708 
vn 0.006665118504315615 0.006007871124893427 0.004413805902004242 
vn 0.0004688873013947159 0.00904193613678217 0.004245413932949305 
vn 0.005234460346400738 0.006584557704627514 0.005407774355262518 
vn 0.00007533989992225543 0.0087214894592762 0.004891824442893267 
vn 0.0004688873013947159 0.00904193613678217 0.004245413932949305 
vn -0.006094938609749079 0.0074246227741241455 0.0027796945068985224 
vn -0.0038685561157763004 0.005287248641252518 0.007555082906037569 
vn -0.008809646591544151 0.0018892628140747547 0.0043382965959608555 
vn -0.006826447788625956 0.006875353865325451 0.002475705463439226 
vn -0.009927991777658463 -0.0006331378826871514 0.0010169182205572724 
vn -0.007788455113768578 -0.0030319360084831715 -0.005490658804774284 
vn 0.000396233081119135 -0.0033219335600733757 -0.009423786774277687 
vn -0.000037769008486066014 -0.002273866906762123 -0.009737972170114517 
vn -0.007942195050418377 -0.0018463379237800837 -0.0057890042662620544 
vn -0.0005472211632877588 -0.0029485474806278944 -0.009539739228785038 
vn 0.00007533989992225543 0.0087214894592762 0.004891824442893267 
vn -0.00337960640899837 -0.009115200489759445 0.0023433684837073088 
vn -0.0006031204247847199 0.0014585264725610614 0.009874662384390831 
vn -0.008368344977498055 0.0007203261484391987 0.00542696425691247 
vn -0.00854192953556776 0.0009815311059355736 0.005106078926473856 
vn -0.008222753182053566 -0.002017818158492446 -0.005321160890161991 
vn -0.0008489622850902379 -0.003972683101892471 -0.009137672372162342 
vn -0.00821411982178688 -0.0025706016458570957 -0.005091192200779915 
vn -0.0009050916996784508 -0.0027391035109758377 -0.009574869647622108 
vn -0.0006978618330322206 0.002017818856984377 0.009769411757588387 
vn -0.0003016650734934956 0.002231295919045806 0.0097432192414999 
vn -0.008570336736738682 0.0006767389131709933 0.005107969045639038 
vn -0.000037733781937276945 0.0015880775172263384 0.009873023256659508 
vn -0.008639868348836899 0.0005022694240324199 0.0050100297667086124 
vn -0.0003020234580617398 0.0009815319208428264 0.009947129525244236 
vn 0.0004336239071562886 0.0026549543254077435 0.009631365537643433 
vn -0.00830495823174715 0.0021033301018178463 0.005157874897122383 
vn -0.008511453866958618 -0.001068458310328424 -0.005139411427080631 
vn -0.008586895652115345 -0.0012420614948496222 -0.004972172435373068 
vn -0.0010556369088590145 -0.0019321524305269122 -0.009754610247910023 
vn -0.0004529713769443333 -0.0025706023443490267 -0.009653331711888313 
vn -0.00801042839884758 -0.002823042916134 -0.005278586409986019 
vn -0.0005094378138892353 -0.0016312015941366553 -0.009852901101112366 
vn -0.008058386854827404 -0.0011986943427473307 -0.005798752885311842 
vn -0.007895021699368954 -0.0008945270674303174 0.0060719395987689495 
vn -0.0077746557071805 0.00028397332062013447 0.006282840855419636 
vn 0.00011321732017677277 0.0007639002869836986 0.009970136918127537 
vn 0.00003775948061957024 0.0011986949248239398 0.009927824139595032 
vn 0.0003018848365172744 0.0019750045612454414 0.009798378683626652 
vn -0.00825134664773941 0.0010684584267437458 0.005547401960939169 
vn -0.000018874285160563886 -0.0005459008389152586 0.009985070675611496 
vn -0.006508927792310715 -0.0010250024497509003 0.007522182073444128 
vn 0.00005660851820721291 -0.0005895242793485522 0.009982448071241379 
vn -0.006341374479234219 -0.0002839710214175284 0.007726986892521381 
vn -0.009993505664169788 -0.00019660990801639855 0.0003019719442818314 
vn -0.0001510146976215765 -0.00015292111493181437 0.009997690096497536 
vn -0.0067377109080553055 -0.00041497181518934667 0.007377739995718002 
vn -0.0003771804040297866 0.000414974638260901 0.009984264150261879 
vn -0.00628464063629508 -0.00015292147872969508 0.007776882499456406 
vn -0.0007357216672971845 0.0012854058295488358 0.009889713488519192 
vn -0.008268950507044792 0.001717354985885322 0.005354918073862791 
vn -0.009662709198892117 -0.001975002698600292 0.0016526984982192516 
vn -0.00996365211904049 -0.0008510008337907493 -0.00003775846926146187 
vn -0.009856236167252064 -0.001674292958341539 0.00022660808463115245 
vn -0.006568847689777613 -0.0004149742308072746 -0.007528481539338827 
vn -0.006610007956624031 -0.0019321520812809467 -0.007250833325088024 
vn 0.0001699676940916106 -0.0008074591169133782 -0.009965897537767887 
vn 0.0001888689148472622 -0.00180337845813483 -0.009834233671426773 
vn -0.006590734701603651 -0.0012420618440955877 -0.007417513057589531 
vn 0.000018871120119001716 -0.0013287249021232128 -0.009911313652992249 
vn -0.006866592913866043 -0.002990270033478737 -0.0066263251937925816 
vn 0.00001888269980554469 -0.002864933107048273 -0.009580804035067558 
vn -0.007403699681162834 -0.006584556773304939 -0.0013523466186597943 
vn -0.0005622607422992587 -0.009722934104502201 -0.0022690121550112963 
vn -0.009658431634306908 -0.0022312940564006567 0.0013175781350582838 
vn -0.009686049073934555 -0.002486052457243204 4.0503214671083754e-10 
vn -0.009696745313704014 0.0024437066167593002 -0.00003774931974476203 
vn -0.008268950507044792 0.0017173532396554947 -0.005354918539524078 
vn -0.009658431634306908 -0.002231294522061944 -0.0013175774365663528 
vn -0.003992721438407898 -0.009168324060738087 1.493713375211314e-9 
vn -0.007403699681162834 -0.006584556307643652 0.001352348830550909 
vn -0.0005622607422992587 -0.009722933173179626 0.0022690154146403074 
vn 0.00001888269980554469 -0.002864929847419262 0.009580804966390133 
vn -0.006866592913866043 -0.002990267938002944 0.006626326125115156 
vn 0.000018871120119001716 -0.0013287216424942017 0.009911313652992249 
vn -0.0006549396202899516 -0.009978529997169971 1.6257122315010974e-9 
vn -0.009662709198892117 -0.0019750031642615795 -0.0016526979161426425 
vn -0.00628464063629508 -0.00015292401076294482 -0.007776882499456406 
vn -0.0004338973085395992 0.0013287216424942017 -0.009901829995214939 
vn -0.00024539741571061313 0.0005022669793106616 -0.009984363801777363 
vn -0.0067377109080553055 -0.0004149742017034441 -0.007377739995718002 
vn -0.0001510146976215765 -0.00015292437456082553 -0.009997690096497536 
vn -0.006508927792310715 -0.0010250048944726586 -0.007522181607782841 
vn -0.000018874285160563886 -0.0005459040985442698 -0.009985070675611496 
vn 0.00005660851820721291 -0.0005895275389775634 -0.009982447139918804 
vn -0.006341374479234219 -0.0002839735534507781 -0.007726986892521381 
vn -0.009993505664169788 -0.00019661000987980515 -0.00030197185697034 
vn -0.009856236167252064 -0.0016742930747568607 -0.00022660753165837377 
vn -0.006568847689777613 -0.0004149717860855162 0.007528481539338827 
vn -0.00996365211904049 -0.0008510008337907493 0.00003775874574785121 
vn -0.006590734701603651 -0.0012420593993738294 0.007417513523250818 
vn 0.0001888689148472622 -0.0018033751985058188 0.009834234602749348 
vn -0.006610007956624031 -0.0019321496365591884 0.0072508337907493114 
vn 0.0001699676940916106 -0.0008074558572843671 0.009965897537767887 
vn 0.006434358190745115 -0.0014585236785933375 0.007514767814427614 
vn 0.00005660851820721291 -0.0005895242793485522 0.009982448071241379 
vn 0.00651179626584053 -0.0009815290104597807 0.007525497116148472 
vn -0.00015102335601113737 0.00010923424997599795 0.009998262859880924 
vn 3.0978391984330493e-15 0.00006554203719133511 0.00999978557229042 
vn 0.009773670695722103 -0.0021033291704952717 0.00022664532298222184 
vn 0.009905143640935421 -0.001372016966342926 0.00007553063187515363 
vn 0.006627827882766724 -0.0016312012448906898 -0.007308288477361202 
vn 0.006615244783461094 -0.0005022698314860463 -0.007482396904379129 
vn 0.0001699676940916106 -0.0008074591169133782 -0.009965897537767887 
vn -0.00009432138904230669 0.0006331364274956286 -0.009979491122066975 
vn 0.006794401910156012 -0.00037131409044377506 -0.007327907718718052 
vn -1.0339156263520295e-15 0.00019660833640955389 -0.009998067282140255 
vn 0.005430689547210932 0.003972680773586035 -0.007397662848234177 
vn -0.0007542550447396934 0.00024029178894124925 -0.009968618862330914 
vn 0.008096463978290558 0.0058672428131103516 -0.00015074899420142174 
vn 0.009959910064935684 -0.0008945280569605529 1.4573740825252202e-10 
vn 0.006724419072270393 -0.0005895246868021786 0.007377984002232552 
vn -0.0010926163522526622 0.0007203269051387906 0.009913996793329716 
vn 0.0052184779196977615 0.004758463706821203 0.007079866249114275 
vn 0.0001888689148472622 -0.00180337845813483 -0.009834233671426773 
vn 0.00674646720290184 -0.0018463381566107273 -0.0071467626839876175 
vn 0.0001699676940916106 -0.0008074591169133782 -0.009965897537767887 
vn 0.006627827882766724 -0.0016312012448906898 -0.007308288477361202 
vn 0.009773670695722103 -0.0021033291704952717 0.00022664532298222184 
vn 0.000018871120119001716 -0.0013287249021232128 -0.009911313652992249 
vn 0.006594276987016201 -0.0011986945755779743 -0.007421498652547598 
vn 0.00001888269980554469 -0.002864933107048273 -0.009580804035067558 
vn 0.007065342273563147 -0.0034862675238400698 -0.006158480886369944 
vn -0.0005622607422992587 -0.009722934104502201 -0.0022690121550112963 
vn 0.007214798126369715 -0.00684355990961194 -0.001054688822478056 
vn 0.0033425302244722843 -0.009424833580851555 1.5355032800812296e-9 
vn -0.0006549396202899516 -0.009978529997169971 1.6257122315010974e-9 
vn -0.0005622607422992587 -0.009722933173179626 0.0022690154146403074 
vn 0.007203476037830114 -0.006843559443950653 0.0011294381693005562 
vn 0.007065342273563147 -0.003486265428364277 0.006158481817692518 
vn 0.00001888269980554469 -0.002864929847419262 0.009580804966390133 
vn 0.006594276987016201 -0.001198692130856216 0.007421499118208885 
vn 0.000018871120119001716 -0.0013287216424942017 0.009911313652992249 
vn 0.00674646720290184 -0.0018463358283042908 0.007146763615310192 
vn 0.0001888689148472622 -0.0018033751985058188 0.009834234602749348 
vn 0.0001699676940916106 -0.0008074558572843671 0.009965897537767887 
vn 0.006627827882766724 -0.0016311988001689315 0.0073082889430224895 
vn 0.009773670695722103 -0.0021033294033259153 -0.0002266446390422061 
vn 0.009894737973809242 -0.0014152844669297338 -0.00030189179233275354 
vn 0.006434358190745115 -0.001458526123315096 -0.007514767348766327 
vn 0.009970494545996189 -0.000763898657169193 -0.00007547898712800816 
vn 0.00946853682398796 -0.0026128022000193596 -0.0018761890241876245 
vn 0.009242381900548935 -0.0036901815328747034 -0.0009802751010283828 
vn 0.009326114319264889 -0.003608821425586939 5.879527975594101e-10 
vn 0.009977075271308422 -0.0006767380982637405 1.1025484691895571e-10 
vn 0.009217845275998116 -0.003730755764991045 0.001054885913617909 
vn 0.008082541637122631 -0.0005459034582599998 -0.0058629778213799 
vn 0.005938699934631586 -0.0008510021725669503 -0.008000477217137814 
vn 0.006571859586983919 -0.00028397352434694767 -0.007531933020800352 
vn 0.006482675205916166 -0.0007638998795300722 -0.007575709838420153 
vn 0.00005660851820721291 -0.0005895275389775634 -0.009982447139918804 
vn -0.000018874285160563886 -0.0005459040985442698 -0.009985070675611496 
vn -0.0001510146976215765 -0.00015292437456082553 -0.009997690096497536 
vn -0.00024539741571061313 0.0005022669793106616 -0.009984363801777363 
vn -0.0004338973085395992 0.0013287216424942017 -0.009901829995214939 
vn 0.007897475734353065 -0.0006331370677798986 0.006101558450609446 
vn 0.005797931458801031 -0.0010250024497509003 0.008082904852926731 
vn 0.009432753548026085 -0.0027391016483306885 0.0018762919353321195 
vn 0.006571859586983919 -0.00028397105052135885 0.007531933020800352 
vn -0.0001510146976215765 -0.00015292111493181437 0.009997690096497536 
vn -0.000018874285160563886 -0.0005459008389152586 0.009985070675611496 
vn -0.0007357216672971845 0.0012854058295488358 0.009889713488519192 
vn -0.0003771804040297866 0.000414974638260901 0.009984264150261879 
vn 0.009970494545996189 -0.000763898657169193 0.00007547923451056704 
vn 0.006482675205916166 -0.0007638974348083138 0.007575709838420153 
vn 0.00005660851820721291 -0.0005895242793485522 0.009982448071241379 
vn 0.006434358190745115 -0.0014585236785933375 0.007514767814427614 
vn 0.009894737973809242 -0.001415284350514412 0.0003018922288902104 
vn -0.006568847689777613 -0.0004149742308072746 -0.007528481539338827 
vn -0.006656010169535875 0.0013720158021897078 -0.007335877511650324 
vn 0.0001699676940916106 -0.0008074591169133782 -0.009965897537767887 
vn -0.00009432138904230669 0.0006331364274956286 -0.009979491122066975 
vn -1.0339156263520295e-15 0.00019660833640955389 -0.009998067282140255 
vn -0.009993505664169788 -0.00019660990801639855 0.0003019719442818314 
vn -0.009872807189822197 0.0015880758874118328 -0.00007546727283624932 
vn -0.006341374479234219 -0.0002839710214175284 0.007726986892521381 
vn -0.006731123197823763 0.0010684586595743895 0.00731781218200922 
vn 0.00005660851820721291 -0.0005895242793485522 0.009982448071241379 
vn -0.00015102335601113737 0.00010923424997599795 0.009998262859880924 
vn -0.00681234709918499 0.00045862639672122896 0.0073062703013420105 
vn 3.0978391984330493e-15 0.00006554203719133511 0.00999978557229042 
vn -0.00706497672945261 -0.0004149718733970076 0.00706497672945261 
vn -0.0010926163522526622 0.0007203269051387906 0.009913996793329716 
vn -0.009976789355278015 -0.0006767380982637405 -0.00007552665192633867 
vn -0.009985017590224743 0.0005459024687297642 -0.000037748592149000615 
vn -0.006848369725048542 0.00041497181518934667 -0.007275137584656477 
vn -0.0007542550447396934 0.00024029178894124925 -0.009968618862330914 
vn -0.007023454178124666 -0.0006331392214633524 -0.007090149912983179 
vn -0.0007357216672971845 0.0012854058295488358 0.009889713488519192 
vn -0.00043370082858018577 0.0016742945881560445 0.009849296882748604 
vn -0.008268950507044792 0.001717354985885322 0.005354918073862791 
vn -0.007782690692692995 0.0025283514987677336 0.005747796967625618 
vn -0.009696745313704014 0.0024437066167593002 -0.00003774931974476203 
vn -0.009747888892889023 0.0022312942892313004 -3.6352268417694233e-10 
vn -0.007782690692692995 0.0025283496361225843 -0.005747797898948193 
vn -0.008268950507044792 0.0017173532396554947 -0.005354918539524078 
vn -0.0001321312738582492 0.001631198450922966 -0.009865177795290947 
vn -0.0004338973085395992 0.0013287216424942017 -0.009901829995214939 
vn -0.009927991777658463 -0.0006331378826871514 0.0010169182205572724 
vn -0.00337960640899837 -0.009115200489759445 0.0023433684837073088 
vn -0.008149348199367523 -0.0020605919416993856 0.005416832864284515 
vn -0.0006785633158870041 -0.0004149713786318898 0.009968317113816738 
vn -0.008251611143350601 -0.0008509999606758356 0.005584506317973137 
vn -0.00018874967645388097 0.0007203269051387906 0.009972237050533295 
vn -0.008251611143350601 -0.0008510017651133239 -0.005584506317973137 
vn 0.00018868832557927817 0.0007638970273546875 -0.009968995116651058 
vn -0.0004718891577795148 -0.0004586268332786858 -0.00997832603752613 
vn -0.008149348199367523 -0.002060593804344535 -0.005416832398623228 
vn -0.00337960640899837 -0.00911520142108202 -0.0023433654569089413 
vn -0.009927991777658463 -0.0006331382319331169 -0.0010169179877266288 
vn -0.009811564348638058 -0.0019321509171277285 3.147899718669578e-10 
vn -0.00991125963628292 0.0013287232723087072 0.00003774195283767767 
vn -0.006826447788625956 0.006875353865325451 0.002475705463439226 
vn -0.006826447788625956 0.006875352934002876 -0.0024757077917456627 
vn -0.009899342432618141 -0.0014152844669297338 2.305815954839474e-10 
vn 0.00007533989992225543 0.0087214894592762 0.004891824442893267 
vn -0.0004906785325147212 0.0015449230559170246 0.009867747314274311 
vn -0.007618441712111235 0.0026970538310706615 0.005889418069273233 
vn -0.008795284666121006 0.004758462775498629 -7.752516406611676e-10 
vn -0.009991385973989964 0.0004149730084463954 -6.760575432807059e-11 
vn -0.006945022381842136 -0.0032393799629062414 0.006424413062632084 
vn -0.009013746865093708 -0.0043303994461894035 7.055149242596315e-10 
vn -0.006945022381842136 -0.0032393820583820343 -0.006424412131309509 
vn -0.007618441712111235 0.0026970519684255123 -0.005889419000595808 
vn -0.002934326883405447 -0.0034042277839034796 0.008933138102293015 
vn 0.00007533989992225543 0.00872148759663105 -0.0048918272368609905 
vn -0.0004906785325147212 0.0015449197962880135 -0.009867748245596886 
vn -0.002934326883405447 -0.003404230810701847 -0.00893313717097044 
vn -0.0038685561157763004 0.005287245847284794 -0.007555084303021431 
vn 0.0034403058234602213 0.004211876075714827 -0.00839192420244217 
vn -0.0006031204247847199 0.001458523329347372 -0.009874662384390831 
vn 0.008182309567928314 0.00032764478237368166 -0.0057395524345338345 
vn -0.0006978618330322206 0.0020178155973553658 -0.009769411757588387 
vn 0.007772428914904594 -0.0003713139449246228 -0.006281041074544191 
vn -0.0003016650734934956 0.0022312928922474384 -0.009743220172822475 
vn 0.008356395177543163 0.000021846046365681104 -0.005492739845067263 
vn -0.000037733781937276945 0.0015880742575973272 -0.009873024187982082 
vn 0.008564930409193039 -0.0007638994720764458 -0.005104746203869581 
vn -0.0003020234580617398 0.0009815286612138152 -0.009947129525244236 
vn 0.008665341883897781 -0.0004149738233536482 -0.0049738953821361065 
vn 0.0004336239071562886 0.0026549510657787323 -0.009631365537643433 
vn 0.008942189626395702 0.0018033761298283935 -0.004096959251910448 
vn 0.008825268596410751 0.001544920727610588 -0.004441606346517801 
vn 0.0003018848365172744 0.0019750013016164303 -0.009798379614949226 
vn 0.00011321732017677277 0.0007638970273546875 -0.009970137849450111 
vn 0.008839355781674385 0.0012420599814504385 -0.00450811255723238 
vn 0.00003775948061957024 0.0011986917816102505 -0.009927825070917606 
vn 0.007419699337333441 0.0036495353560894728 -0.005623962264508009 
vn 0.006802625488489866 -0.0009380368865095079 0.00726941367611289 
vn 0.005213234573602676 0.001760383602231741 0.00835004448890686 
vn -0.0004529713769443333 -0.002570599317550659 0.009653332643210888 
vn -0.0005094378138892353 -0.001631198450922966 0.009852901101112366 
vn -0.0010556369088590145 -0.0019321492873132229 0.009754611179232597 
vn 0.0071581280790269375 -0.0005895247450098395 0.006957992445677519 
vn 0.00731175672262907 -0.0010684564476832747 0.006737701594829559 
vn 0.007114720996469259 -0.003486265428364277 0.006101368460804224 
vn -0.0009050916996784508 -0.00273910048417747 0.009574870578944683 
vn -0.0008489622850902379 -0.0039726803079247475 0.009137673303484917 
vn -0.0005472211632877588 -0.0029485442209988832 0.009539740160107613 
vn 0.0074745421297848225 -0.003198011079803109 0.005822709295898676 
vn -0.000037769008486066014 -0.002273863647133112 0.009737973101437092 
vn 0.007799869403243065 -0.0024013135116547346 0.005778903607279062 
vn 0.000396233081119135 -0.003321930533275008 0.009423787705600262 
vn 0.007814804092049599 -0.0034452800173312426 0.005201816093176603 
vn -0.00337960640899837 -0.00911520142108202 -0.0023433654569089413 
vn 0.007421101443469524 -0.0004586263094097376 -0.0066870711743831635 
vn 0.006665118504315615 0.006007869727909565 -0.004413807764649391 
vn 0.0004688873013947159 0.00904193427413702 -0.004245417192578316 
vn 0.005234460346400738 0.006584555841982365 -0.0054077766835689545 
vn 0.00007533989992225543 0.00872148759663105 -0.0048918272368609905 
vn 0.0004688873013947159 0.00904193427413702 -0.004245417192578316 
vn -0.006094938609749079 0.007424621842801571 -0.002779696835204959 
vn -0.0038685561157763004 0.005287245847284794 -0.007555084303021431 
vn -0.008809646591544151 0.001889261300675571 -0.004338297061622143 
vn -0.006826447788625956 0.006875352934002876 -0.0024757077917456627 
vn -0.009927991777658463 -0.0006331382319331169 -0.0010169179877266288 
vn -0.007788455113768578 -0.0030319341458380222 0.005490660201758146 
vn 0.000396233081119135 -0.003321930533275008 0.009423787705600262 
vn -0.000037769008486066014 -0.002273863647133112 0.009737973101437092 
vn -0.007942195050418377 -0.0018463360611349344 0.005789004731923342 
vn -0.0005472211632877588 -0.0029485442209988832 0.009539740160107613 
vn 0.00007533989992225543 0.00872148759663105 -0.0048918272368609905 
vn -0.00337960640899837 -0.00911520142108202 -0.0023433654569089413 
vn -0.0006031204247847199 0.001458523329347372 -0.009874662384390831 
vn -0.008368344977498055 0.0007203244022093713 -0.00542696425691247 
vn -0.00854192953556776 0.0009815293597057462 -0.005106078926473856 
vn -0.008222753182053566 -0.0020178162958472967 0.005321161355823278 
vn -0.0008489622850902379 -0.0039726803079247475 0.009137673303484917 
vn -0.00821411982178688 -0.00257060001604259 0.0050911931321024895 
vn -0.0009050916996784508 -0.00273910048417747 0.009574870578944683 
vn -0.0006978618330322206 0.0020178155973553658 -0.009769411757588387 
vn -0.0003016650734934956 0.0022312928922474384 -0.009743220172822475 
vn -0.008570336736738682 0.0006767372833564878 -0.005107969045639038 
vn -0.000037733781937276945 0.0015880742575973272 -0.009873024187982082 
vn -0.008639868348836899 0.0005022677942179143 -0.0050100297667086124 
vn -0.0003020234580617398 0.0009815286612138152 -0.009947129525244236 
vn 0.0004336239071562886 0.0026549510657787323 -0.009631365537643433 
vn -0.00830495823174715 0.0021033284720033407 -0.005157875828444958 
vn -0.008511453866958618 -0.0010684566805139184 0.0051394118927419186 
vn -0.008586895652115345 -0.0012420598650351167 0.004972172901034355 
vn -0.0010556369088590145 -0.0019321492873132229 0.009754611179232597 
vn -0.0004529713769443333 -0.002570599317550659 0.009653332643210888 
vn -0.00801042839884758 -0.0028230410534888506 0.005278587341308594 
vn -0.0005094378138892353 -0.001631198450922966 0.009852901101112366 
vn -0.008058386854827404 -0.0011986923636868596 0.005798752885311842 
vn -0.007895021699368954 -0.0008945290464907885 -0.006071939133107662 
vn -0.0077746557071805 0.00028397125424817204 -0.006282840855419636 
vn 0.00011321732017677277 0.0007638970273546875 -0.009970137849450111 
vn 0.00003775948061957024 0.0011986917816102505 -0.009927825070917606 
vn 0.0003018848365172744 0.0019750013016164303 -0.009798379614949226 
vn -0.00825134664773941 0.0010684565640985966 -0.005547401960939169 
vn 0.006434358190745115 -0.001458526123315096 -0.007514767348766327 
vn 0.00005660851820721291 -0.0005895275389775634 -0.009982447139918804 
vn 0.00651179626584053 -0.000981531455181539 -0.007525497116148472 
vn -0.00015102335601113737 0.0001092309903469868 -0.009998262859880924 
vn -1.0340932915127161e-15 0.00006553877756232396 -0.00999978557229042 
vn 0.009773670695722103 -0.0021033294033259153 -0.0002266446390422061 
vn 0.009905143640935421 -0.001372016966342926 -0.00007553018804173917 
vn 0.006627827882766724 -0.0016311988001689315 0.0073082889430224895 
vn 0.006615244783461094 -0.000502267386764288 0.007482396904379129 
vn 0.0001699676940916106 -0.0008074558572843671 0.009965897537767887 
vn -0.00009432138904230669 0.0006331396871246397 0.009979491122066975 
vn 0.006794401910156012 -0.0003713117039296776 0.007327907718718052 
vn 3.0973070499839368e-15 0.00019661159603856504 0.009998067282140255 
vn 0.005430689547210932 0.003972683101892471 0.007397661916911602 
vn -0.0008290397236123681 0.000414974638260901 0.009956931695342064 
vn 0.008096463978290558 0.0058672428131103516 0.00015074708790052682 
vn 0.009959910064935684 -0.0008945280569605529 1.4573740825252202e-10 
vn 0.006724419072270393 -0.0005895270733162761 -0.007377984002232552 
vn -0.001073487801477313 0.0005895242793485522 -0.009924720972776413 
vn 0.0052184779196977615 0.004758461378514767 -0.007079868111759424 
vn -0.006568847689777613 -0.0004149717860855162 0.007528481539338827 
vn 0.0001699676940916106 -0.0008074558572843671 0.009965897537767887 
vn -0.006656010169535875 0.0013720181304961443 0.0073358770459890366 
vn -0.00009432138904230669 0.0006331396871246397 0.009979491122066975 
vn 3.0973070499839368e-15 0.00019661159603856504 0.009998067282140255 
vn -0.009993505664169788 -0.00019661000987980515 -0.00030197185697034 
vn -0.009872807189822197 0.0015880758874118328 0.00007546675624325871 
vn -0.006341374479234219 -0.0002839735534507781 -0.007726986892521381 
vn -0.006731123197823763 0.001068456331267953 -0.007317812647670507 
vn 0.00005660851820721291 -0.0005895275389775634 -0.009982447139918804 
vn -0.00015102335601113737 0.0001092309903469868 -0.009998262859880924 
vn -0.00681234709918499 0.00045862403931096196 -0.007306270767003298 
vn -1.0340932915127161e-15 0.00006553877756232396 -0.00999978557229042 
vn -0.00706497672945261 -0.00041497417259961367 -0.00706497672945261 
vn -0.001073487801477313 0.0005895242793485522 -0.009924720972776413 
vn -0.009976789355278015 -0.0006767380982637405 0.00007552687748102471 
vn -0.009985017590224743 0.0005459024687297642 0.00003774841388803907 
vn -0.006848369725048542 0.0004149742017034441 0.00727513711899519 
vn -0.0008290397236123681 0.000414974638260901 0.009956931695342064 
vn -0.007023454178124666 -0.0006331368931569159 0.007090150378644466 
vn 0.0076118577271699905 0.006485338788479567 -1.056597920268132e-9 
vn 0.003237946890294552 0.004949463531374931 0.008063405752182007 
vn 0.004589146934449673 0.001372018363326788 0.008778228424489498 
vn 0.0021164617501199245 -0.001631198450922966 0.009636377915740013 
vn 0.0035630404017865658 -0.0008509993203915656 0.009304866194725037 
vn 0.002446540864184499 -0.0027810970786958933 0.009288699366152287 
vn 0.004737606272101402 -0.0022738638799637556 0.008507915772497654 
vn 0.003929234575480223 -0.0018033753149211407 0.009017148055136204 
vn -0.0006032252567820251 0.0010684591252356768 0.009924440644681454 
vn 0.0038722017779946327 0.009219872765243053 -1.5021108801249738e-9 
vn 0.00713841849938035 0.0033219328615814447 0.006165041588246822 
vn 0.007994091138243675 0.00600787065923214 -9.788082566686285e-10 
vn 0.007286037318408489 -0.0025283496361225843 0.006365619134157896 
vn 0.009757544845342636 -0.002188680926337838 3.5658209718292255e-10 
vn 0.007333133835345507 -0.003198011079803109 0.005999823100864887 
vn 0.007039310410618782 -0.005434779915958643 0.004572884179651737 
vn 0.003950643353164196 -0.0065516079775989056 0.006439631339162588 
vn 0.004363506566733122 -0.006682641804218292 0.006025123409926891 
vn 0.007468367926776409 -0.006650073919445276 1.0834366737100254e-9 
vn 0.00462340610101819 -0.008867024444043636 1.444624420088303e-9 
vn 0.004310696851462126 -0.009023185819387436 1.470066512965218e-9 
vn 0.00885690189898014 -0.004642766900360584 7.564042170393748e-10 
vn 0.006904302164912224 0.00037131409044377506 0.007224454078823328 
vn -0.0004906785325147212 0.0015449230559170246 0.009867747314274311 
vn -0.0010736411204561591 -0.0024437052197754383 0.00963719841092825 
vn -0.002934326883405447 -0.0034042277839034796 0.008933138102293015 
vn -0.0038777939043939114 -0.0012854028027504683 0.00912745576351881 
vn -0.006945022381842136 -0.0032393799629062414 0.006424413062632084 
vn -0.008050186559557915 -0.0003276447532698512 0.005923439748585224 
vn -0.009991385973989964 -0.0004149730084463954 6.760988296994341e-11 
vn -0.009811491705477238 0.0019321509171277285 -0.00003772841955651529 
vn -0.006458953022956848 0.0021033305674791336 0.0073387958109378815 
vn -0.007860849611461163 0.006181069649755955 0.000037702469853684306 
vn -0.006431313697248697 0.0048351408913731575 0.005937980953603983 
vn -0.0013070669956505299 0.009914210997521877 -1.615232947393963e-9 
vn 0.001653119339607656 0.0002839739026967436 0.009858324192464352 
vn -0.009013746865093708 -0.0043303994461894035 7.055149242596315e-10 
vn 0.0026834490709006786 0.0014152859803289175 0.009528696537017822 
vn 0.0044025094248354435 0.005867243744432926 0.006796569563448429 
vn 0.003519162768498063 0.009078915230929852 0.0022778918500989676 
vn -0.007183964364230633 0.0065516093745827675 0.002338177990168333 
vn -0.005614460911601782 -0.0003713115584105253 0.008266798220574856 
vn 0.005598769057542086 0.008285758085548878 -1.3499239504000116e-9 
vn 0.00922831054776907 0.0038520500529557467 -6.275798214439021e-10 
vn 0.007742170710116625 0.002864932408556342 0.005643664859235287 
vn 0.00885690189898014 -0.004642766900360584 7.564042170393748e-10 
vn 0.006904302164912224 0.00037131173303350806 -0.007224454544484615 
vn 0.004363506566733122 -0.0066826436668634415 -0.006025121547281742 
vn 0.003929234575480223 -0.0018033783417195082 -0.00901714712381363 
vn 0.004737606272101402 -0.0022738666739314795 -0.00850791484117508 
vn 0.0035630404017865658 -0.0008510023471899331 -0.009304866194725037 
vn -0.0006032252567820251 0.0010684558656066656 -0.009924440644681454 
vn 0.004310696851462126 -0.009023185819387436 1.470066512965218e-9 
vn 0.003950643353164196 -0.006551610305905342 -0.006439629476517439 
vn 0.00462340610101819 -0.008867024444043636 1.444624420088303e-9 
vn 0.007039310410618782 -0.005434781312942505 -0.004572882317006588 
vn 0.007468367926776409 -0.006650073919445276 1.0834366737100254e-9 
vn 0.009757544845342636 -0.002188680926337838 3.5658209718292255e-10 
vn 0.007333133835345507 -0.003198013175278902 -0.005999822169542313 
vn 0.007286037318408489 -0.0025283517315983772 -0.006365618202835321 
vn 0.002446540864184499 -0.002781100105494261 -0.009288698434829712 
vn 0.0021164617501199245 -0.0016312015941366553 -0.009636376984417439 
vn 0.007994091138243675 0.00600787065923214 -9.788082566686285e-10 
vn 0.00713841849938035 0.0033219309989362955 -0.006165042519569397 
vn 0.003237946890294552 0.0049494607374072075 -0.008063407614827156 
vn 0.004589146934449673 0.001372015569359064 -0.008778229355812073 
vn 0.0026834490709006786 0.0014152828371152282 -0.009528697468340397 
vn 0.001653119339607656 0.0002839706721715629 -0.009858324192464352 
vn 0.0044025094248354435 0.005867241881787777 -0.006796571426093578 
vn 0.007742170710116625 0.002864930545911193 -0.005643665790557861 
vn 0.0076118577271699905 0.006485338788479567 -1.056597920268132e-9 
vn 0.00922831054776907 0.0038520500529557467 -6.275798214439021e-10 
vn 0.005598769057542086 0.008285758085548878 -1.3499239504000116e-9 
vn -0.0013070669956505299 0.009914210997521877 -1.615232947393963e-9 
vn 0.003519162768498063 0.009078914299607277 -0.002277894876897335 
vn -0.007183964364230633 0.006551608443260193 -0.002338180085644126 
vn -0.006431313697248697 0.004835139028728008 -0.005937982350587845 
vn -0.005614460911601782 -0.0003713142650667578 -0.008266798220574856 
vn 0.0038722017779946327 0.009219872765243053 -1.5021108801249738e-9 
vn -0.007860849611461163 0.006181069649755955 0.000037702469853684306 
vn -0.006458953022956848 0.0021033280063420534 -0.007338796742260456 
vn -0.008050186559557915 -0.0003276467032264918 -0.005923439748585224 
vn -0.0038777939043939114 -0.001285405713133514 -0.00912745576351881 
vn -0.006945022381842136 -0.0032393820583820343 -0.006424412131309509 
vn -0.002934326883405447 -0.003404230810701847 -0.00893313717097044 
vn -0.0004906785325147212 0.0015449197962880135 -0.009867748245596886 
vn -0.0010736411204561591 -0.002443708246573806 -0.00963719841092825 
vn -0.009811491705477238 0.0019321509171277285 -0.00003772841955651529 
vn -0.009991385973989964 -0.0004149730084463954 6.760988296994341e-11 
vn -0.009013746865093708 -0.0043303994461894035 7.055149242596315e-10 
vn 0.009084079414606094 0.000283972971374169 0.004171193111687899 
vn 0.00787181593477726 -0.00002184593722631689 0.0061671738512814045 
vn 0.0017813987797126174 -0.0037712613120675087 -0.009088685736060143 
vn -0.0061599137261509895 -0.0060427431017160416 -0.005053783301264048 
vn 0.005187502130866051 -0.004873339552432299 0.007024270948022604 
vn -0.003880036761984229 -0.00906051229685545 -0.0016889170510694385 
vn 0.0010730577632784843 -0.006650072988122702 0.007390878163278103 
vn 0.003102554939687252 -0.0047584641724824905 -0.008229895494878292 
vn 0.009868605993688107 -0.001155302976258099 0.0011295550502836704 
vn 0.0014464880805462599 0.002906765090301633 -0.009458244778215885 
vn 0.00835524033755064 0.005361219402402639 0.0012030336074531078 
vn 0.005149021744728088 0.001760380808264017 -0.008389793336391449 
vn 0.007465051021426916 0.003649537218734622 0.005563622806221247 
vn -0.0005094378138892353 -0.0016312015941366553 -0.009852901101112366 
vn -0.0005660863826051354 -0.0011986949248239398 -0.009911744855344296 
vn -0.008058386854827404 -0.0011986943427473307 -0.005798752885311842 
vn -0.007940814830362797 -0.0008945289882831275 -0.006011927500367165 
vn -0.0006036682752892375 -0.0001966115814866498 -0.009979826398193836 
vn -0.008264423348009586 -0.0016312008956447244 -0.005388736259192228 
vn 0.005311685614287853 0.0009380367118865252 -0.008420574478805065 
vn 0.008302342146635056 -0.005250109825283289 0.0018728211289271712 
vn 0.004091252572834492 -0.004448179621249437 -0.007967142388224602 
vn 0.001292299828492105 -0.008382339030504227 0.005297768395394087 
vn 0.0002266654628328979 -0.005471407901495695 -0.008367336355149746 
vn -0.004543775226920843 -0.007954543456435204 0.00400990666821599 
vn -0.004808427765965462 -0.0059728845953941345 -0.00641900859773159 
vn -0.0010926163522526622 0.0007203269051387906 0.009913996793329716 
vn 0.00202012131921947 0.004487270023673773 0.008705372922122478 
vn 0.0052184779196977615 0.004758463706821203 0.007079866249114275 
vn 0.005956852342933416 0.0059728845953941345 0.005370340775698423 
vn 0.008096463978290558 0.0058672428131103516 -0.00015074899420142174 
vn 0.008045932278037071 0.005937783047556877 -0.00007545703556388617 
vn 0.006812331732362509 0.0022312954533845186 0.0069723352789878845 
vn 0.009842675179243088 0.001760382205247879 0.00015103316400200129 
vn 0.006215360015630722 0.005434779915958643 -0.005642026197165251 
vn 0.007105825003236532 0.0014152833027765155 -0.0068923309445381165 
vn 0.002680059289559722 0.0034862649627029896 -0.008981271646916866 
vn 0.0024093654938042164 0.0009380364790558815 -0.009659971110522747 
vn 0.0015783702256157994 0.001717355684377253 0.009724168106913567 
vn 0.005430689547210932 0.003972680773586035 -0.007397662848234177 
vn -0.0007542550447396934 0.00024029178894124925 -0.009968618862330914 
vn 0.00037828003405593336 -0.009990455582737923 0.0002184017066610977 
vn 0.00037828003405593336 -0.009990455582737923 0.0002184017066610977 
vn 0.00037828003405593336 -0.009990455582737923 0.0002184017066610977 
vn 0.00037828003405593336 -0.009990455582737923 0.0002184017066610977 
vn 0.00202012131921947 0.004487270023673773 0.008705372922122478 
vn -0.0010926163522526622 0.0007203269051387906 0.009913996793329716 
vn 0.0015783702256157994 0.001717355684377253 0.009724168106913567 
vn -0.0021358730737119913 0.0006767396698705852 0.009745771996676922 
vn -0.007015440613031387 -0.00024029224005062133 0.00712220836430788 
vn -0.00706497672945261 -0.0004149718733970076 0.00706497672945261 
vn -0.009970780462026596 -0.000763898657169193 1.2445719455023152e-10 
vn -0.009976789355278015 -0.0006767380982637405 -0.00007552665192633867 
vn -0.006974842399358749 -0.0005022697732783854 -0.007148377131670713 
vn -0.007023454178124666 -0.0006331392214633524 -0.007090149912983179 
vn -0.001429530675522983 0.00024029178894124925 -0.009894376620650291 
vn -0.0007542550447396934 0.00024029178894124925 -0.009968618862330914 
vn 0.002680059289559722 0.0034862649627029896 -0.008981271646916866 
vn 0.0024093654938042164 0.0009380364790558815 -0.009659971110522747 
vn -0.000507132092025131 -0.009975573047995567 -0.0004803793563041836 
vn -0.000507132092025131 -0.009975573047995567 -0.0004803793563041836 
vn -0.000507132092025131 -0.009975573047995567 -0.0004803793563041836 
vn -0.000507132092025131 -0.009975573047995567 -0.0004803793563041836 
vn -0.0005929910694248974 -0.009965559467673302 -0.0005796412588097155 
vn -0.0005929910694248974 -0.009965559467673302 -0.0005796412588097155 
vn -0.0005929910694248974 -0.009965559467673302 -0.0005796412588097155 
vn -0.0005929910694248974 -0.009965559467673302 -0.0005796412588097155 
vn -0.0007026739185675979 -0.009949545376002789 0.0007161012617871165 
vn -0.0007026739185675979 -0.009949545376002789 0.0007161012617871165 
vn -0.0007026739185675979 -0.009949545376002789 0.0007161012617871165 
vn -0.0007026739185675979 -0.009949545376002789 0.0007161012617871165 
vn -0.00045222093467600644 -0.009975573047995567 0.0005323972436599433 
vn -0.00045222093467600644 -0.009975573047995567 0.0005323972436599433 
vn -0.00045222093467600644 -0.009975573047995567 0.0005323972436599433 
vn -0.00045222093467600644 -0.009975573047995567 0.0005323972436599433 
vn 0.0003632176376413554 -0.009992268867790699 -0.00015044803149066865 
vn 0.0003632176376413554 -0.009992268867790699 -0.00015044803149066865 
vn 0.0003632176376413554 -0.009992268867790699 -0.00015044803149066865 
vn 0.0003632176376413554 -0.009992268867790699 -0.00015044803149066865 
vn 0.00022546813124790788 -0.0099024111405015 -0.0013752931263297796 
vn 0.00022546813124790788 -0.0099024111405015 -0.0013752931263297796 
vn 0.00022546813124790788 -0.0099024111405015 -0.0013752931263297796 
vn 0.00022546813124790788 -0.0099024111405015 -0.0013752931263297796 
vn 0.00009519636660115793 -0.00993049144744873 0.0011731466511264443 
vn 0.00009519636660115793 -0.00993049144744873 0.0011731466511264443 
vn 0.00009519636660115793 -0.00993049144744873 0.0011731466511264443 
vn 0.00009519636660115793 -0.00993049144744873 0.0011731466511264443 
vn 0.008302342146635056 -0.005250109825283289 0.0018728211289271712 
vn 0.001292299828492105 -0.008382339030504227 0.005297768395394087 
vn 0.009084079414606094 0.000283972971374169 0.004171193111687899 
vn 0.0006039623403921723 -0.0016742913285270333 0.009840324521064758 
vn 0.00787181593477726 -0.00002184593722631689 0.0061671738512814045 
vn -0.004543775226920843 -0.007954543456435204 0.00400990666821599 
vn -0.007010179106146097 -0.0023588750045746565 0.006730014458298683 
vn -0.004808427765965462 -0.0059728845953941345 -0.00641900859773159 
vn -0.008264423348009586 -0.0016312008956447244 -0.005388736259192228 
vn -0.007633245084434748 0.00006554145511472598 0.006459820084273815 
vn -0.007940814830362797 -0.0008945289882831275 -0.006011927500367165 
vn -0.0077746557071805 0.00028397332062013447 0.006282840855419636 
vn -0.008058386854827404 -0.0011986943427473307 -0.005798752885311842 
vn 0.00003775948061957024 0.0011986949248239398 0.009927824139595032 
vn 0.0003586921375244856 0.0004586268332786858 0.009983035735785961 
vn 0.007465051021426916 0.003649537218734622 0.005563622806221247 
vn 0.005187502130866051 -0.004873339552432299 0.007024270948022604 
vn 0.00835524033755064 0.005361219402402639 0.0012030336074531078 
vn 0.0010730577632784843 -0.006650072988122702 0.007390878163278103 
vn 0.009868605993688107 -0.001155302976258099 0.0011295550502836704 
vn 0.0018007911276072264 -0.0037307546008378267 0.009101572446525097 
vn 0.005360601935535669 0.0010250051273033023 0.008379338309168816 
vn 0.009085120633244514 0.00024029272026382387 -0.004171671345829964 
vn 0.008295050822198391 -0.005287247709929943 -0.0017992060165852308 
vn 0.00787181593477726 -0.00002184794720960781 -0.0061671738512814045 
vn -0.0061117433942854404 -0.006042741239070892 0.005111933685839176 
vn 0.005187502130866051 -0.004873341880738735 -0.007024269551038742 
vn -0.0038759158924221992 -0.009041935205459595 0.0017946272855624557 
vn 0.0010545486584305763 -0.00671508489176631 -0.007334545720368624 
vn 0.003087247023358941 -0.004681420512497425 0.00827968679368496 
vn 0.00986334029585123 -0.0011986935278400779 -0.0011303306091576815 
vn 0.0015022463630884886 0.0029485472477972507 0.009436595253646374 
vn 0.008344154804944992 0.005361218936741352 -0.0012776628136634827 
vn 0.005213234573602676 0.001760383602231741 0.00835004448890686 
vn 0.007419699337333441 0.0036495353560894728 -0.005623962264508009 
vn -0.0005094378138892353 -0.001631198450922966 0.009852901101112366 
vn -0.0004906745161861181 -0.0011986917816102505 0.009915763512253761 
vn -0.008058386854827404 -0.0011986923636868596 0.005798752885311842 
vn -0.007895021699368954 -0.0008945270674303174 0.0060719395987689495 
vn -0.0005283253849484026 -0.00015292111493181437 0.009984862990677357 
vn -0.008264423348009586 -0.001631199149414897 0.005388737190514803 
vn 0.004108967259526253 -0.004330398514866829 0.008022719994187355 
vn 0.0002643957850523293 -0.00536121753975749 0.00843726471066475 
vn 0.0012729595182463527 -0.008453099057078362 -0.005188900511711836 
vn -0.004537674132734537 -0.008033296093344688 -0.003856898983940482 
vn -0.004814740736037493 -0.005902568344026804 0.006479040253907442 
vn -0.001073487801477313 0.0005895242793485522 -0.009924720972776413 
vn 0.0052184779196977615 0.004758461378514767 -0.007079868111759424 
vn 0.002185387071222067 0.0036088197957724333 -0.009066449478268623 
vn 0.005998120177537203 0.005250108893960714 -0.006038121413439512 
vn 0.0018767757574096322 -0.00002184854201914277 -0.009822282940149307 
vn 0.007107080426067114 0.000545901304576546 -0.007013658527284861 
vn 0.00804310292005539 0.005937783047556877 -0.0002263426431454718 
vn 0.009832927957177162 0.0017173539381474257 -0.0006035086698830128 
vn 0.006158075761049986 0.006077499594539404 0.0050141895189881325 
vn 0.006609295029193163 0.0032393820583820343 0.0067693148739635944 
vn 0.0025138873606920242 0.0044090040028095245 0.008616325445473194 
vn 0.002116083400323987 0.0025283521972596645 0.009440848603844643 
vn 0.008096463978290558 0.0058672428131103516 0.00015074708790052682 
vn 0.005430689547210932 0.003972683101892471 0.007397661916911602 
vn -0.0008290397236123681 0.000414974638260901 0.009956931695342064 
vn 0.00038869064883328974 -0.00998845137655735 -0.0002823986578732729 
vn 0.00038869064883328974 -0.00998845137655735 -0.0002823986578732729 
vn 0.00038869064883328974 -0.00998845137655735 -0.0002823986578732729 
vn 0.00038869064883328974 -0.00998845137655735 -0.0002823986578732729 
vn 0.002185387071222067 0.0036088197957724333 -0.009066449478268623 
vn -0.001073487801477313 0.0005895242793485522 -0.009924720972776413 
vn 0.0018767757574096322 -0.00002184854201914277 -0.009822282940149307 
vn -0.002024330198764801 0.0002402918180450797 -0.009790012612938881 
vn -0.007015440613031387 -0.00024029456835705787 -0.00712220836430788 
vn -0.00706497672945261 -0.00041497417259961367 -0.00706497672945261 
vn -0.009970780462026596 -0.000763898657169193 1.2445719455023152e-10 
vn -0.009976789355278015 -0.0006767380982637405 0.00007552687748102471 
vn -0.006974842399358749 -0.0005022674449719489 0.007148377597332001 
vn -0.007023454178124666 -0.0006331368931569159 0.007090150378644466 
vn -0.0014669939409941435 0.0007203268469311297 0.009865549392998219 
vn -0.0008290397236123681 0.000414974638260901 0.009956931695342064 
vn 0.0025138873606920242 0.0044090040028095245 0.008616325445473194 
vn 0.002116083400323987 0.0025283521972596645 0.009440848603844643 
vn -0.000626177410595119 -0.009972425177693367 0.00039829121669754386 
vn -0.000626177410595119 -0.009972425177693367 0.00039829121669754386 
vn -0.000626177410595119 -0.009972425177693367 0.00039829121669754386 
vn -0.000626177410595119 -0.009972425177693367 0.00039829121669754386 
vn -0.0005929910694248974 -0.009965559467673302 0.0005796445184387267 
vn -0.0005929910694248974 -0.009965559467673302 0.0005796445184387267 
vn -0.0005929910694248974 -0.009965559467673302 0.0005796445184387267 
vn -0.0005929910694248974 -0.009965559467673302 0.0005796445184387267 
vn -0.0007026739185675979 -0.009949545376002789 -0.0007160980603657663 
vn -0.0007026739185675979 -0.009949545376002789 -0.0007160980603657663 
vn -0.0007026739185675979 -0.009949545376002789 -0.0007160980603657663 
vn -0.0007026739185675979 -0.009949545376002789 -0.0007160980603657663 
vn -0.0002795749460346997 -0.009972425177693367 -0.0006874360842630267 
vn -0.0002795749460346997 -0.009972425177693367 -0.0006874360842630267 
vn -0.0002795749460346997 -0.009972425177693367 -0.0006874360842630267 
vn -0.0002795749460346997 -0.009972425177693367 -0.0006874360842630267 
vn 0.0003855897521134466 -0.009992268867790699 0.00007670019840588793 
vn 0.0003855897521134466 -0.009992268867790699 0.00007670019840588793 
vn 0.0003855897521134466 -0.009992268867790699 0.00007670019840588793 
vn 0.0003855897521134466 -0.009992268867790699 0.00007670019840588793 
vn 0.00022696837550029159 -0.009847655892372131 0.0017239975277334452 
vn 0.00022696837550029159 -0.009847655892372131 0.0017239975277334452 
vn 0.00022696837550029159 -0.009847655892372131 0.0017239975277334452 
vn 0.00022696837550029159 -0.009847655892372131 0.0017239975277334452 
vn 0.00013194041093811393 -0.009945066645741463 -0.001038382644765079 
vn 0.00013194041093811393 -0.009945066645741463 -0.001038382644765079 
vn 0.00013194041093811393 -0.009945066645741463 -0.001038382644765079 
vn 0.00013194041093811393 -0.009945066645741463 -0.001038382644765079 
vn 0.008295050822198391 -0.005287247709929943 -0.0017992060165852308 
vn 0.0012729595182463527 -0.008453099057078362 -0.005188900511711836 
vn 0.009085120633244514 0.00024029272026382387 -0.004171671345829964 
vn 0.0005849328590556979 -0.0017603838350623846 -0.009826438501477242 
vn 0.00787181593477726 -0.00002184794720960781 -0.0061671738512814045 
vn -0.004537674132734537 -0.008033296093344688 -0.003856898983940482 
vn -0.006982296705245972 -0.0024437077809125185 -0.006728731095790863 
vn -0.004814740736037493 -0.005902568344026804 0.006479040253907442 
vn -0.008264423348009586 -0.001631199149414897 0.005388737190514803 
vn -0.007633245084434748 0.00006553935236297548 -0.006459820084273815 
vn -0.007895021699368954 -0.0008945270674303174 0.0060719395987689495 
vn -0.0077746557071805 0.00028397125424817204 -0.006282840855419636 
vn -0.008058386854827404 -0.0011986923636868596 0.005798752885311842 
vn 0.00003775948061957024 0.0011986917816102505 -0.009927825070917606 
vn 0.0003771804040297866 0.0004149713786318898 -0.009984264150261879 
vn 0.007419699337333441 0.0036495353560894728 -0.005623962264508009 
vn 0.005187502130866051 -0.004873341880738735 -0.007024269551038742 
vn 0.008344154804944992 0.005361218936741352 -0.0012776628136634827 
vn 0.0010545486584305763 -0.00671508489176631 -0.007334545720368624 
vn 0.00986334029585123 -0.0011986935278400779 -0.0011303306091576815 
vn 0.003519162768498063 0.009078914299607277 -0.002277894876897335 
vn -0.007183964364230633 0.006551608443260193 -0.002338180085644126 
vn 0.005391906946897507 0.0066826436668634415 0.005125389434397221 
vn -0.00787065364420414 0.005434781312942505 0.0029182133730500937 
vn 0.004041539505124092 0.008678401820361614 -0.002889861585572362 
vn -0.0060714129358530045 0.007482877466827631 -0.002672916743904352 
vn 0.005105860996991396 0.00032764431671239436 -0.008592021651566029 
vn -0.006433306727558374 0.001328722108155489 -0.007539699319750071 
vn 0.004391772206872702 -0.004487270023673773 -0.007783106528222561 
vn -0.00788808986544609 -0.0033219328615814447 -0.0051713441498577595 
vn 0.001653119339607656 0.0002839706721715629 -0.009858324192464352 
vn -0.005614460911601782 -0.0003713142650667578 -0.008266798220574856 
vn -0.007183964364230633 0.0065516093745827675 0.002338177990168333 
vn -0.00787065364420414 0.00543478038161993 -0.0029182150028645992 
vn 0.003519162768498063 0.009078915230929852 0.0022778918500989676 
vn 0.005391906946897507 0.006682641804218292 -0.00512539129704237 
vn -0.0060714129358530045 0.007482878398150206 0.002672914182767272 
vn 0.004041539505124092 0.008678402751684189 0.002889858791604638 
vn 0.005105860996991396 0.00032764713978394866 0.008592021651566029 
vn -0.006433306727558374 0.0013287245528772473 0.007539698854088783 
vn -0.00788808986544609 -0.003321931231766939 0.005171345546841621 
vn -0.005614460911601782 -0.0003713115584105253 0.008266798220574856 
vn 0.004391772206872702 -0.004487267229706049 0.007783107925206423 
vn 0.001653119339607656 0.0002839739026967436 0.009858324192464352 
vn 0.005105860996991396 0.00032764713978394866 0.008592021651566029 
vn 0.004391772206872702 -0.004487267229706049 0.007783107925206423 
vn 0.004041539505124092 0.008678402751684189 0.002889858791604638 
vn 0.005391906946897507 0.006682641804218292 -0.00512539129704237 
vn 0.001653119339607656 0.0002839739026967436 0.009858324192464352 
vn 0.003519162768498063 0.009078915230929852 0.0022778918500989676 
vn 0.001653119339607656 0.0002839706721715629 -0.009858324192464352 
vn 0.003519162768498063 0.009078914299607277 -0.002277894876897335 
vn 0.004391772206872702 -0.004487270023673773 -0.007783106528222561 
vn 0.005391906946897507 0.0066826436668634415 0.005125389434397221 
vn 0.005105860996991396 0.00032764431671239436 -0.008592021651566029 
vn 0.004041539505124092 0.008678401820361614 -0.002889861585572362 
vt 0.6133259534835815 0.7093728184700012 
vt 0.5806530714035034 0.7619513869285583 
vt 0.564615786075592 0.7058041095733643 
vt 0.5208125710487366 0.7094917893409729 
vt 0.5208125710487366 0.7737280130386353 
vt 0.5738312602043152 0.8046565651893616 
vt 0.5248817205429077 0.8075115084648132 
vt 0.528232753276825 0.857116162776947 
vt 0.4621688723564148 0.8578299283981323 
vt 0.5337381362915039 0.8969663977622986 
vt 0.4621688723564148 0.8954200148582458 
vt 0.39059963822364807 0.8969663977622986 
vt 0.39610496163368225 0.857116162776947 
vt 0.32633092999458313 0.88233482837677 
vt 0.33961552381515503 0.8473617434501648 
vt 0.3503868281841278 0.8046565651893616 
vt 0.3993363380432129 0.8075115084648132 
vt 0.4621688723564148 0.8084631562232971 
vt 0.4621688723564148 0.7744417190551758 
vt 0.5846025347709656 0.8473617434501648 
vt 0.5978870987892151 0.88233482837677 
vt 0.403525173664093 0.7737280130386353 
vt 0.34368467330932617 0.7619513869285583 
vt 0.40340548753738403 0.7094917893409729 
vt 0.35972192883491516 0.7058041095733643 
vt 0.40962889790534973 0.660481870174408 
vt 0.37743473052978516 0.6465640664100647 
vt 0.4178869128227234 0.6331220269203186 
vt 0.3939507007598877 0.6056431531906128 
vt 0.37025386095046997 0.6192041635513306 
vt 0.3108920753002167 0.7093728184700012 
vt 0.4621688723564148 0.6413300037384033 
vt 0.4621688723564148 0.6556047201156616 
vt 0.4621688723564148 0.708183228969574 
vt 0.5145891308784485 0.660481870174408 
vt 0.5063311457633972 0.6331220269203186 
vt 0.5467833280563354 0.6465640664100647 
vt 0.5302673578262329 0.6056431531906128 
vt 0.5540838837623596 0.6192041635513306 
vt 0.6953074336051941 0.3890243172645569 
vt 0.6683792471885681 0.39770808815956116 
vt 0.6875281929969788 0.41793060302734375 
vt 0.6495893001556396 0.4191201627254486 
vt 0.6887249946594238 0.432681143283844 
vt 0.6513845324516296 0.4369635581970215 
vt 0.6889643669128418 0.45813775062561035 
vt 0.6535387635231018 0.4618253707885742 
vt 0.6893234252929688 0.4835943281650543 
vt 0.6561717987060547 0.4870440363883972 
vt 0.6901611685752869 0.5075044631958008 
vt 0.6596425175666809 0.5121437907218933 
vt 0.6896824240684509 0.5251099467277527 
vt 0.662754237651825 0.536648690700531 
vt 0.6661052703857422 0.5616294741630554 
vt 0.6953074336051941 0.5484253168106079 
vt 0.6902808547019958 0.6566752791404724 
vt 0.6708925366401672 0.654534101486206 
vt 0.6915973424911499 0.6710689663887024 
vt 0.6717302799224854 0.6686898469924927 
vt 0.6562914252281189 0.6565563678741455 
vt 0.6598818898200989 0.6690467000007629 
vt 0.6395360827445984 0.6639316082000732 
vt 0.6418100595474243 0.6759461760520935 
vt 0.6096158623695374 0.5674583315849304 
vt 0.6407329440116882 0.5701943039894104 
vt 0.6355866193771362 0.5468789339065552 
vt 0.628405749797821 0.5189242362976074 
vt 0.6084190607070923 0.5491390824317932 
vt 0.601836621761322 0.5265374183654785 
vt 0.5956131815910339 0.5044116377830505 
vt 0.6252940893173218 0.49501410126686096 
vt 0.5890307426452637 0.4797877371311188 
vt 0.6232594847679138 0.46979543566703796 
vt 0.5823286175727844 0.455401748418808 
vt 0.6209855675697327 0.44314929842948914 
vt 0.5777807235717773 0.44493362307548523 
vt 0.6211052536964417 0.4232836365699768 
vt 0.6528207063674927 0.3858124911785126 
vt 0.6680201888084412 0.3670174479484558 
vt 0.6311584115028381 0.3661847412586212 
vt 0.6465972661972046 0.342869371175766 
vt 0.6094961762428284 0.359523206949234 
vt 0.5878339409828186 0.3444158136844635 
vt 0.6138046979904175 0.32478806376457214 
vt 0.5883126258850098 0.2993314862251282 
vt 0.563179612159729 0.3645193576812744 
vt 0.5536051392555237 0.29719027876853943 
vt 0.5559988021850586 0.2774435877799988 
vt 0.5253604650497437 0.26745128631591797 
vt 0.5323019623756409 0.2421136498451233 
vt 0.5597088932991028 0.2494889199733734 
vt 0.5386450290679932 0.21665705740451813 
vt 0.5874748826026917 0.3837902545928955 
vt 0.5218896865844727 0.27875208854675293 
vt 0.627208948135376 0.29802295565605164 
vt 0.5907062888145447 0.2816070318222046 
vt 0.5928605198860168 0.255317747592926 
vt 0.563299298286438 0.22248589992523193 
vt 0.5459455847740173 0.19369855523109436 
vt 0.5671291351318359 0.19809992611408234 
vt 0.5524083375930786 0.17014525830745697 
vt 0.6250547170639038 0.2830345034599304 
vt 0.6258924603462219 0.2569831311702728 
vt 0.595373809337616 0.2286716103553772 
vt 0.6267302632331848 0.23069386184215546 
vt 0.5962116122245789 0.20380981266498566 
vt 0.6234988570213318 0.2060699760913849 
vt 0.6243366003036499 0.18763180077075958 
vt 0.598605215549469 0.18537163734436035 
vt 0.5731131434440613 0.17704470455646515 
vt 0.5765839219093323 0.16086669266223907 
vt 0.5556397438049316 0.15170708298683167 
vt 0.5723950862884521 0.05344942957162857 
vt 0.5861583948135376 0.054995857179164886 
vt 0.5750280618667603 0.04155382886528969 
vt 0.5881929397583008 0.0414348728954792 
vt 0.600041389465332 0.05749393254518509 
vt 0.600161075592041 0.04286234453320503 
vt 0.6167967319488525 0.057018108665943146 
vt 0.6163179874420166 0.04286234453320503 
vt 0.627208948135376 0.16372163593769073 
vt 0.600041389465332 0.16705240309238434 
vt 0.0945088341832161 0.019428012892603874 
vt 0.08110456168651581 0.04643102362751961 
vt 0.07176944613456726 0.01026840042322874 
vt 0.06363113969564438 0.03667663037776947 
vt 0.051184315234422684 0.05999200791120529 
vt 0.12933601438999176 0.03465437889099121 
vt 0.11700886487960815 0.0683189257979393 
vt 0.2193361222743988 0.06974639743566513 
vt 0.20317918062210083 0.10567111521959305 
vt 0.26421648263931274 0.07973870635032654 
vt 0.2548813819885254 0.14516450464725494 
vt 0.17289988696575165 0.1379081904888153 
vt 0.10456204414367676 0.10008017718791962 
vt 0.06387050449848175 0.06879474967718124 
vt 0.03263375908136368 0.0792628824710846 
vt 0.0430460087954998 0.088422492146492 
vt 0.010014050640165806 0.09555985033512115 
vt 0.019708212465047836 0.10828814655542374 
vt 0.08672957122325897 0.1295812726020813 
vt 0.06028006970882416 0.15456202626228333 
vt 0.12945568561553955 0.1706210821866989 
vt 0.0838572308421135 0.18477685749530792 
vt 0.14573229849338531 0.19631558656692505 
vt 0.09031999856233597 0.20036008954048157 
vt 0.20760738849639893 0.17109690606594086 
vt 0.20545312762260437 0.20297712087631226 
vt 0.2485382854938507 0.20297712087631226 
vt 0.2548813819885254 0.2606707811355591 
vt 0.20760738849639893 0.23485732078552246 
vt 0.14202219247817993 0.20297712087631226 
vt 0.14573229849338531 0.20963865518569946 
vt 0.09031999856233597 0.20547519624233246 
vt 0.0838572308421135 0.2210584282875061 
vt 0.12933601438999176 0.2353331446647644 
vt 0.06028006970882416 0.2512732446193695 
vt 0.09079872816801071 0.20297712087631226 
vt 0.17278021574020386 0.2680460512638092 
vt 0.20317918062210083 0.30028313398361206 
vt 0.26421648263931274 0.326215535402298 
vt 0.2193361222743988 0.3362078368663788 
vt 0.11700886487960815 0.3376353085041046 
vt 0.12921632826328278 0.3712998628616333 
vt 0.08098488301038742 0.359523206949234 
vt 0.09438915550708771 0.3865262269973755 
vt 0.07164976745843887 0.3956858515739441 
vt 0.06351146101951599 0.36927759647369385 
vt 0.051064632833004 0.3459622263908386 
vt 0.06375081837177277 0.3370405435562134 
vt 0.03251408040523529 0.3265724182128906 
vt 0.10444235801696777 0.3058740496635437 
vt 0.08660989254713058 0.2762540280818939 
vt 0.0195885319262743 0.29766610264778137 
vt 0.042926326394081116 0.317412793636322 
vt 0.00989437010139227 0.31027543544769287 
vt 0.010492774657905102 0.8726993799209595 
vt 0.01073213666677475 0.8424845933914185 
vt 0.038498129695653915 0.8728183507919312 
vt 0.03730132058262825 0.8424845933914185 
vt 0.07512051612138748 0.8424845933914185 
vt 0.012527352198958397 0.9016057252883911 
vt 0.038857173174619675 0.902557373046875 
vt 0.01444224826991558 0.9302741289138794 
vt 0.03730132058262825 0.9321774244308472 
vt 0.01432256679981947 0.9604889154434204 
vt 0.034428976476192474 0.9622732400894165 
vt 0.06446890532970428 0.9340807199478149 
vt 0.07248753309249878 0.9651281833648682 
vt 0.24375104904174805 0.9256348013877869 
vt 0.24925637245178223 0.9435971975326538 
vt 0.24195583164691925 0.9064828753471375 
vt 0.061357200145721436 0.9039848446846008 
vt 0.06566571444272995 0.8734131455421448 
vt 0.2503334879875183 0.8699634075164795 
vt 0.2441100925207138 0.8876878619194031 
vt 0.28085216879844666 0.3937825560569763 
vt 0.30299314856529236 0.4140050709247589 
vt 0.26936277747154236 0.40460753440856934 
vt 0.28623780608177185 0.42625752091407776 
vt 0.3017963171005249 0.44719380140304565 
vt 0.31831231713294983 0.3467949330806732 
vt 0.3445224463939667 0.3720135986804962 
vt 0.34224849939346313 0.3177696466445923 
vt 0.3895224928855896 0.33144959807395935 
vt 0.3469160795211792 0.3017106056213379 
vt 0.4028070867061615 0.30623093247413635 
vt 0.3989773094654083 0.2993314862251282 
vt 0.34643733501434326 0.2993314862251282 
vt 0.3469160795211792 0.2968333959579468 
vt 0.4028070867061615 0.29243203997612 
vt 0.3895224928855896 0.2670944035053253 
vt 0.34224849939346313 0.2807743549346924 
vt 0.3445224463939667 0.22653040289878845 
vt 0.31831231713294983 0.25186803936958313 
vt 0.30299314856529236 0.18453894555568695 
vt 0.28085216879844666 0.20476146042346954 
vt 0.26936277747154236 0.19393646717071533 
vt 0.28623780608177185 0.17228646576404572 
vt 0.3017963171005249 0.1513502150774002 
vt 0.3229798674583435 0.16503015160560608 
vt 0.3171154856681824 0.1302950084209442 
vt 0.36259427666664124 0.19643454253673553 
vt 0.4317699074745178 0.23319193720817566 
vt 0.46528056263923645 0.27363699674606323 
vt 0.46420344710350037 0.2993314862251282 
vt 0.4993896484375 0.2993314862251282 
vt 0.46528056263923645 0.3249070346355438 
vt 0.5076476335525513 0.23592793941497803 
vt 0.46252790093421936 0.20321503281593323 
vt 0.3762378990650177 0.16384059190750122 
vt 0.34033361077308655 0.14338016510009766 
vt 0.33243465423583984 0.10757441073656082 
vt 0.3548150062561035 0.11720984429121017 
vt 0.39012089371681213 0.13053292036056519 
vt 0.4796423017978668 0.1674092710018158 
vt 0.5235652327537537 0.18120817840099335 
vt 0.5076476335525513 0.3627350330352783 
vt 0.46252790093421936 0.39532896876335144 
vt 0.4317699074745178 0.365352064371109 
vt 0.3762378990650177 0.43470340967178345 
vt 0.39012089371681213 0.4680110812187195 
vt 0.3548150062561035 0.4813341498374939 
vt 0.5235652327537537 0.4173358380794525 
vt 0.4796423017978668 0.43113473057746887 
vt 0.36259427666664124 0.4021094739437103 
vt 0.34033361077308655 0.455163836479187 
vt 0.33243465423583984 0.49096959829330444 
vt 0.3171154856681824 0.46824899315834045 
vt 0.3229798674583435 0.4335138499736786 
vt 0.2504531741142273 0.7978760600090027 
vt 0.22938932478427887 0.7974002361297607 
vt 0.24925637245178223 0.8302320837974548 
vt 0.2274744212627411 0.8285667300224304 
vt 0.18774034082889557 0.8302320837974548 
vt 0.25260743498802185 0.7668285369873047 
vt 0.23046645522117615 0.7678991556167603 
vt 0.25452232360839844 0.7357810735702515 
vt 0.2291499674320221 0.7382791042327881 
vt 0.25428298115730286 0.7036629319190979 
vt 0.226397305727005 0.7069936990737915 
vt 0.18103820085525513 0.7389928698539734 
vt 0.18702225387096405 0.7073505520820618 
vt 0.010851818136870861 0.7494609951972961 
vt 0.010253412649035454 0.730665922164917 
vt 0.011210860684514046 0.7689697742462158 
vt 0.17840522527694702 0.7681370973587036 
vt 0.1811578869819641 0.7982329726219177 
vt 0.010133732110261917 0.8072736263275146 
vt 0.01073213666677475 0.7884785532951355 
vt 0.9048689007759094 0.018595319241285324 
vt 0.9053475856781006 0.05261673778295517 
vt 0.8334193229675293 0.01026840042322874 
vt 0.8371294140815735 0.05202195420861244 
vt 0.7721426486968994 0.01585933193564415 
vt 0.7721426486968994 0.05428212136030197 
vt 0.7071558833122253 0.05202195420861244 
vt 0.7108659744262695 0.01026840042322874 
vt 0.6389377117156982 0.05261673778295517 
vt 0.6394164562225342 0.018595319241285324 
vt 0.8427544236183167 0.19869470596313477 
vt 0.8708794713020325 0.18192191421985626 
vt 0.8300682902336121 0.15075543522834778 
vt 0.8961321711540222 0.13148456811904907 
vt 0.8338980674743652 0.0935375988483429 
vt 0.9037917852401733 0.09341864287853241 
vt 0.7103872895240784 0.0935375988483429 
vt 0.6404935717582703 0.09341864287853241 
vt 0.6481531262397766 0.13148456811904907 
vt 0.7140973806381226 0.15075543522834778 
vt 0.6734058260917664 0.18192191421985626 
vt 0.7015308737754822 0.19869470596313477 
vt 0.7721426486968994 0.1489710956811905 
vt 0.7721426486968994 0.20464250445365906 
vt 0.8299486041069031 0.26102763414382935 
vt 0.7143367528915405 0.26102763414382935 
vt 0.7721426486968994 0.09329968690872192 
vt 0.8510124087333679 0.27875208854675293 
vt 0.8365310430526733 0.2984987795352936 
vt 0.8158262372016907 0.286603182554245 
vt 0.7721426486968994 0.26269301772117615 
vt 0.7721426486968994 0.28208285570144653 
vt 0.8092437982559204 0.30456554889678955 
vt 0.7721426486968994 0.3040897250175476 
vt 0.7350415587425232 0.30456554889678955 
vt 0.7284591197967529 0.286603182554245 
vt 0.8191772699356079 0.2989746034145355 
vt 0.6932728886604309 0.27875208854675293 
vt 0.7077542543411255 0.2983798384666443 
vt 0.7249883413314819 0.2989746034145355 
vt 0.056569959968328476 0.6842731237411499 
vt 0.06530667096376419 0.657270073890686 
vt 0.0855327621102333 0.6764219999313354 
vt 0.08672957122325897 0.6384750604629517 
vt 0.10025352239608765 0.6776115894317627 
vt 0.10456204414367676 0.6402593851089478 
vt 0.12574557960033417 0.6778494715690613 
vt 0.12945568561553955 0.6424005627632141 
vt 0.1512376368045807 0.6782063245773315 
vt 0.1545886993408203 0.6450176239013672 
vt 0.1750541478395462 0.6790390610694885 
vt 0.17972171306610107 0.6484673619270325 
vt 0.192766934633255 0.6785632371902466 
vt 0.2042563110589981 0.6516791582107544 
vt 0.2291499674320221 0.655009925365448 
vt 0.21598504483699799 0.6842731237411499 
vt 0.3241766691207886 0.6791579723358154 
vt 0.322142094373703 0.6597681641578674 
vt 0.33865806460380554 0.6804665327072144 
vt 0.3363841474056244 0.6606008410453796 
vt 0.3241766691207886 0.6452555060386658 
vt 0.33662348985671997 0.648705244064331 
vt 0.33159691095352173 0.6283637881278992 
vt 0.3435649871826172 0.6307429075241089 
vt 0.23513400554656982 0.5985057950019836 
vt 0.23776699602603912 0.6296722888946533 
vt 0.21442919969558716 0.6244382262229919 
vt 0.1865435242652893 0.6173008680343628 
vt 0.2167031317949295 0.5973162651062012 
vt 0.19420310854911804 0.590654730796814 
vt 0.17206212878227234 0.5844690203666687 
vt 0.1626073271036148 0.6140890717506409 
vt 0.14740784466266632 0.5779264569282532 
vt 0.13735464215278625 0.6121857762336731 
vt 0.12299291789531708 0.5711459517478943 
vt 0.11078545451164246 0.6099255681037903 
vt 0.11258066445589066 0.5666255950927734 
vt 0.0909184068441391 0.610044538974762 
vt 0.05345825478434563 0.6416868567466736 
vt 0.03466833755373955 0.6569132208824158 
vt 0.03383056819438934 0.6200368404388428 
vt 0.010492774657905102 0.6355011463165283 
vt 0.5542035698890686 0.567696213722229 
vt 0.5391237735748291 0.5461651682853699 
vt 0.5193763971328735 0.5720975995063782 
vt 0.4940040111541748 0.5466409921646118 
vt 0.5592301487922668 0.5215412974357605 
vt 0.49196943640708923 0.5117868781089783 
vt 0.47222205996513367 0.5142849683761597 
vt 0.4621688723564148 0.4835943281650543 
vt 0.43679648637771606 0.4906127154827118 
vt 0.4442167282104492 0.5179725885391235 
vt 0.4114241302013397 0.49691739678382874 
vt 0.5784987807273865 0.5456893444061279 
vt 0.4735385775566101 0.48014459013938904 
vt 0.49268752336502075 0.5855396389961243 
vt 0.4762912392616272 0.5490201115608215 
vt 0.449961394071579 0.5511613488197327 
vt 0.41716882586479187 0.5215412974357605 
vt 0.38832569122314453 0.5041736960411072 
vt 0.3928735554218292 0.5254668593406677 
vt 0.3648682236671448 0.5107163190841675 
vt 0.47772741317749023 0.5832794308662415 
vt 0.45163694024086 0.5841121673583984 
vt 0.42339223623275757 0.5536593794822693 
vt 0.42530712485313416 0.5850638151168823 
vt 0.3984985649585724 0.5544921159744263 
vt 0.4007725119590759 0.5818519592285156 
vt 0.3823416531085968 0.5826846957206726 
vt 0.38006770610809326 0.556871235370636 
vt 0.371690034866333 0.5314146280288696 
vt 0.35553309321403503 0.5348643660545349 
vt 0.3463176488876343 0.5139281153678894 
vt 0.24805955588817596 0.5305819511413574 
vt 0.24973508715629578 0.5443808436393738 
vt 0.2362111359834671 0.5333179235458374 
vt 0.2362111359834671 0.5465220212936401 
vt 0.2521287202835083 0.5582987070083618 
vt 0.23752763867378235 0.5584176182746887 
vt 0.25176966190338135 0.5751904249191284 
vt 0.23764730989933014 0.5745956897735596 
vt 0.3584054410457611 0.5855396389961243 
vt 0.36175650358200073 0.5582987070083618 
vt 0.8347358107566833 0.5632948279380798 
vt 0.8650150895118713 0.5630569458007812 
vt 0.8347358107566833 0.5353401899337769 
vt 0.8650150895118713 0.5365297198295593 
vt 0.8650150895118713 0.49870172142982483 
vt 0.8058927059173584 0.5612726211547852 
vt 0.8050549626350403 0.5349833369255066 
vt 0.7771692872047424 0.5593693256378174 
vt 0.7752543687820435 0.5365297198295593 
vt 0.7470096349716187 0.5594882369041443 
vt 0.7452144622802734 0.539384663105011 
vt 0.7734591364860535 0.5092888474464417 
vt 0.7423421144485474 0.5013187527656555 
vt 0.7818368077278137 0.3300221264362335 
vt 0.7640043497085571 0.3244312107563019 
vt 0.8009857535362244 0.3319254219532013 
vt 0.8036187887191772 0.5125006437301636 
vt 0.8340177536010742 0.5080992579460144 
vt 0.8376081585884094 0.3234795331954956 
vt 0.8197757005691528 0.32966527342796326 
vt 0.7993102669715881 0.8247601389884949 
vt 0.8316240906715393 0.8236895203590393 
vt 0.7987118363380432 0.8037049174308777 
vt 0.8299486041069031 0.8019205927848816 
vt 0.8316240906715393 0.7620702981948853 
vt 0.7681931853294373 0.8270202875137329 
vt 0.7692703008651733 0.8047755360603333 
vt 0.7371957898139954 0.8289235830307007 
vt 0.7395894527435303 0.8034670352935791 
vt 0.7051212787628174 0.8285667300224304 
vt 0.7084723711013794 0.8007310032844543 
vt 0.7404271960258484 0.755408763885498 
vt 0.7087117433547974 0.7613565921783447 
vt 0.7508394122123718 0.5851827263832092 
vt 0.7320495247840881 0.5847069025039673 
vt 0.7703474164009094 0.5856585502624512 
vt 0.7696293592453003 0.7527917623519897 
vt 0.7996692657470703 0.7555277347564697 
vt 0.8087650537490845 0.5844690203666687 
vt 0.789855420589447 0.5851827263832092 
vt 0.8340177536010742 0.8573541045188904 
vt 0.8159459233283997 0.8892343044281006 
vt 0.8565177917480469 0.8970853686332703 
vt 0.8112783432006836 0.9004161357879639 
vt 0.8494566082954407 0.9145719408988953 
vt 0.8015841841697693 0.916118323802948 
vt 0.8312650918960571 0.9405043125152588 
vt 0.8593900799751282 0.9560875296592712 
vt 0.9010391235351562 0.9399095177650452 
vt 0.8109192848205566 0.8642535209655762 
vt 0.8002676963806152 0.8879257440567017 
vt 0.788419246673584 0.8749595880508423 
vt 0.7969166040420532 0.8948252201080322 
vt 0.7789644598960876 0.8950631022453308 
vt 0.791890025138855 0.9081482887268066 
vt 0.7863847017288208 0.9190922379493713 
vt 0.791650652885437 0.9287276864051819 
vt 0.8133129477500916 0.9600130915641785 
vt 0.7770496010780334 0.9228988289833069 
vt 0.7806400060653687 0.9341996312141418 
vt 0.7940442562103271 0.9658419489860535 
vt 0.8030203580856323 0.9846370220184326 
vt 0.8488581776618958 0.9751205444335938 
vt 0.8879938721656799 0.9807114601135254 
vt 0.8927810788154602 0.9641765356063843 
vt 0.9126481413841248 0.980473518371582 
vt 0.9121694564819336 0.9663177728652954 
vt 0.9295231699943542 0.9785702228546143 
vt 0.9370630979537964 0.9659609198570251 
vt 0.9801482558250427 0.9659609198570251 
vt 0.9805072546005249 0.9170699715614319 
vt 0.9363449811935425 0.924683153629303 
vt 0.9712918400764465 0.8815021514892578 
vt 0.9443635940551758 0.8963716626167297 
vt 0.9370630979537964 0.8461722135543823 
vt 0.9036720991134644 0.9016057252883911 
vt 0.9754806756973267 0.9846370220184326 
vt 0.890866219997406 0.8993455171585083 
vt 0.887275755405426 0.871509850025177 
vt 0.9162386059761047 0.8766249418258667 
vt 0.9320364594459534 0.8855466246604919 
vt 0.9253343343734741 0.901724636554718 
vt 0.8838050365447998 0.8358230590820312 
vt 0.8513714671134949 0.8470048904418945 
vt 0.8639379739761353 0.874245822429657 
vt 0.9902014136314392 0.6027882099151611 
vt 0.9807466268539429 0.6485862731933594 
vt 0.9655471444129944 0.6130184531211853 
vt 0.9615976810455322 0.6591733694076538 
vt 0.9461588263511658 0.6309807896614075 
vt 0.9200683832168579 0.649181067943573 
vt 0.9454407691955566 0.7006890177726746 
vt 0.9714115262031555 0.5937475562095642 
vt 0.9343104362487793 0.5913684368133545 
vt 0.9398157596588135 0.5803055763244629 
vt 0.924735963344574 0.5861343741416931 
vt 0.9284460544586182 0.5767368674278259 
vt 0.9005603790283203 0.5787591338157654 
vt 0.9137252569198608 0.5916063785552979 
vt 0.9004406929016113 0.5966024994850159 
vt 0.9217439293861389 0.6013607382774353 
vt 0.9060657024383545 0.6109961867332458 
vt 0.8805736303329468 0.5881566405296326 
vt 0.8934991955757141 0.6000522375106812 
vt 0.8948156833648682 0.6157544255256653 
vt 0.9025949239730835 0.6563184261322021 
vt 0.9048689007759094 0.6905777454376221 
vt 0.9072625041007996 0.7034249901771545 
vt 0.8771029114723206 0.6870090961456299 
vt 0.8798555731773376 0.663574755191803 
vt 0.8629805445671082 0.6337168216705322 
vt 0.8525682687759399 0.6510843634605408 
vt 0.8414379358291626 0.6835593581199646 
vt 0.8518502116203308 0.7367327213287354 
vt 0.8822491765022278 0.7159153819084167 
vt 0.891105592250824 0.7317365407943726 
vt 0.9018768668174744 0.7441079616546631 
vt 0.9072625041007996 0.7250750064849854 
vt 0.8698023557662964 0.6106393337249756 
vt 0.8870364427566528 0.7709920406341553 
vt 0.9302412867546082 0.7361379265785217 
vt 0.9715312123298645 0.7368516325950623 
vt 0.9718902707099915 0.7119898200035095 
vt 0.9840977191925049 0.7292384505271912 
vt 0.9860125780105591 0.7123467326164246 
vt 0.986251950263977 0.6877228021621704 
vt 0.9697359800338745 0.6924810409545898 
vt 0.922581672668457 0.7801516056060791 
vt 0.9714115262031555 0.7797947525978088 
vt 0.9902014136314392 0.7752744555473328 
vt 0.9361056089401245 0.4285176992416382 
vt 0.9295231699943542 0.407462477684021 
vt 0.9155204892158508 0.404964417219162 
vt 0.9206667542457581 0.39616167545318604 
vt 0.9248555898666382 0.39937347173690796 
vt 0.9363449811935425 0.38605040311813354 
vt 0.9401747584342957 0.3874778747558594 
vt 0.9339513778686523 0.38367128372192383 
vt 0.9368237257003784 0.3789130449295044 
vt 0.9185125231742859 0.3855745792388916 
vt 0.9161189198493958 0.37915095686912537 
vt 0.8914645910263062 0.390570729970932 
vt 0.887395441532135 0.3781993091106415 
vt 0.8809326887130737 0.4040127694606781 
vt 0.8917039632797241 0.4200718104839325 
vt 0.8717172741889954 0.41198280453681946 
vt 0.8782997131347656 0.42958828806877136 
vt 0.9012784361839294 0.43969956040382385 
vt 0.8856002688407898 0.44826439023017883 
vt 0.9249752759933472 0.4293503761291504 
vt 0.9401747584342957 0.4678921401500702 
vt 0.9343104362487793 0.46741631627082825 
vt 0.9274886250495911 0.48002564907073975 
vt 0.9204274415969849 0.47479158639907837 
vt 0.9114513397216797 0.4853786528110504 
vt 0.9091774225234985 0.4813341498374939 
vt 0.6170361042022705 0.8566403388977051 
vt 0.6209855675697327 0.7690887451171875 
vt 0.6293632388114929 0.8417708277702332 
vt 0.6312780976295471 0.7580258250236511 
vt 0.6494696140289307 0.8355851173400879 
vt 0.6456398367881775 0.7542192339897156 
vt 0.6215839385986328 0.7449406385421753 
vt 0.6443233489990234 0.7376843690872192 
vt 0.6597622036933899 0.758977472782135 
vt 0.6686186194419861 0.7443459033966064 
vt 0.6701744198799133 0.7699214220046997 
vt 0.6842967867851257 0.7588585019111633 
vt 0.6068632006645203 0.7583826780319214 
vt 0.6700547933578491 0.8421276807785034 
vt 0.6825016140937805 0.8566403388977051 
vt 0.4638443887233734 0.09211012721061707 
vt 0.46360504627227783 0.01086318027228117 
vt 0.47856515645980835 0.09698732197284698 
vt 0.483591765165329 0.017405759543180466 
vt 0.03215503692626953 0.44457677006721497 
vt 0.11317907273769379 0.4167410433292389 
vt 0.034069932997226715 0.4617064297199249 
vt 0.11078545451164246 0.45813775062561035 
vt 0.13005410134792328 0.4569481909275055 
vt 0.1317296326160431 0.41638419032096863 
vt 0.15063922107219696 0.45635339617729187 
vt 0.15087859332561493 0.4159083664417267 
vt 0.17134404182434082 0.45659130811691284 
vt 0.17014722526073456 0.4165031313896179 
vt 0.19085204601287842 0.4576619267463684 
vt 0.18857809901237488 0.41709792613983154 
vt 0.2698414921760559 0.4458852708339691 
vt 0.2673282027244568 0.4617064297199249 
vt 0.4682725965976715 0.11257056146860123 
vt 0.4638443887233734 0.09211012721061707 
vt 0.4383523464202881 0.11506863683462143 
vt 0.45008108019828796 0.09889061748981476 
vt 0.46707579493522644 0.13909775018692017 
vt 0.4682725965976715 0.11257056146860123 
vt 0.4473284184932709 0.13243621587753296 
vt 0.4383523464202881 0.11506863683462143 
vt 0.48574602603912354 0.12993814051151276 
vt 0.4922088086605072 0.11161891371011734 
vt 0.46707579493522644 0.13909775018692017 
vt 0.4682725965976715 0.11257056146860123 
vt 0.4922088086605072 0.11161891371011734 
vt 0.47856515645980835 0.09698732197284698 
vt 0.4682725965976715 0.11257056146860123 
vt 0.4638443887233734 0.09211012721061707 
vt 0.45008108019828796 0.09889061748981476 
vt 0.4638443887233734 0.09211012721061707 
vt 0.44469544291496277 0.02014174871146679 
vt 0.46360504627227783 0.01086318027228117 
vt 0.4383523464202881 0.11506863683462143 
vt 0.45008108019828796 0.09889061748981476 
vt 0.4383523464202881 0.038460973650217056 
vt 0.44469544291496277 0.02014174871146679 
vt 0.47856515645980835 0.09698732197284698 
vt 0.4922088086605072 0.11161891371011734 
vt 0.483591765165329 0.017405759543180466 
vt 0.4923284947872162 0.03489229083061218 
vt 0.27032023668289185 0.9419317841529846 
vt 0.2749877870082855 0.9612026810646057 
vt 0.3123282492160797 0.9295603632926941 
vt 0.31639739871025085 0.9544221758842468 
vt 0.33578574657440186 0.9276570677757263 
vt 0.2796553373336792 0.9783323407173157 
vt 0.3210649788379669 0.9745257496833801 
vt 0.2786979079246521 0.9829716086387634 
vt 0.32094529271125793 0.983566403388977 
vt 0.3408123254776001 0.972384512424469 
vt 0.34200915694236755 0.9846370220184326 
vt 0.36235490441322327 0.9682210683822632 
vt 0.3629533052444458 0.9808304309844971 
vt 0.36175650358200073 0.9510914087295532 
vt 0.33841872215270996 0.9522809386253357 
vt 0.3629533052444458 0.9301551580429077 
vt 0.338299036026001 0.916951060295105 
vt 0.34392404556274414 0.9093378186225891 
vt 0.3174745440483093 0.909813642501831 
vt 0.32070592045783997 0.902557373046875 
vt 0.6467169523239136 0.915642499923706 
vt 0.6717302799224854 0.9245642423629761 
vt 0.6710122227668762 0.9359840154647827 
vt 0.7099085450172424 0.9401474595069885 
vt 0.6492303013801575 0.9297983050346375 
vt 0.6377409100532532 0.9207576513290405 
vt 0.6408526301383972 0.925040066242218 
vt 0.6269696354866028 0.9362218976020813 
vt 0.6282861232757568 0.9401474595069885 
vt 0.6245759725570679 0.9337238073348999 
vt 0.6196690797805786 0.9364598393440247 
vt 0.627089262008667 0.9181405901908875 
vt 0.6206265091896057 0.9154046177864075 
vt 0.6333127021789551 0.890899658203125 
vt 0.6208658814430237 0.8862603902816772 
vt 0.6477941274642944 0.8806694746017456 
vt 0.6634722948074341 0.8920892477035522 
vt 0.6561717987060547 0.8718667030334473 
vt 0.6731664538383484 0.8792420029640198 
vt 0.6820228695869446 0.9019625782966614 
vt 0.6906399130821228 0.8867362141609192 
vt 0.7091904282569885 0.9343186020851135 
vt 0.7158926129341125 0.9201628565788269 
vt 0.7212782502174377 0.9268243908882141 
vt 0.725945770740509 0.9108842611312866 
vt 0.7219963073730469 0.9088619947433472 
vt 0.9310790300369263 0.3546460270881653 
vt 0.9187518954277039 0.33989548683166504 
vt 0.9266508221626282 0.26757022738456726 
vt 0.9161189198493958 0.25662627816200256 
vt 0.9401747584342957 0.25341445207595825 
vt 0.921145498752594 0.24021035432815552 
vt 0.9018768668174744 0.2523438632488251 
vt 0.9017571806907654 0.2360468953847885 
vt 0.887275755405426 0.25591254234313965 
vt 0.8751879930496216 0.24425485730171204 
vt 0.8772225975990295 0.26745128631591797 
vt 0.8614246845245361 0.2587674856185913 
vt 0.8981667757034302 0.3334718644618988 
vt 0.8784193992614746 0.33989548683166504 
vt 0.8660922646522522 0.3546460270881653 
vt 0.15901689231395721 0.48751986026763916 
vt 0.07990775257349014 0.49763113260269165 
vt 0.16691584885120392 0.5022704005241394 
vt 0.08577212691307068 0.5070286393165588 
vt 0.176849365234375 0.027398064732551575 
vt 0.2576340436935425 0.05582854896783829 
vt 0.17900362610816956 0.010744224302470684 
vt 0.2554797828197479 0.01443186029791832 
vt 0.27474841475486755 0.015740375965833664 
vt 0.2760649025440216 0.05630437284708023 
vt 0.2954532504081726 0.016573067754507065 
vt 0.2953335642814636 0.057018108665943146 
vt 0.3160383701324463 0.01645411178469658 
vt 0.31448251008987427 0.0565422847867012 
vt 0.3355463743209839 0.015502464026212692 
vt 0.33303308486938477 0.05606646090745926 
vt 0.4144161641597748 0.027992844581604004 
vt 0.41190284490585327 0.010744224302470684 
vt 0.07990775257349014 0.5260615944862366 
vt 0.06458858400583267 0.5340316891670227 
vt 0.08577212691307068 0.5070286393165588 
vt 0.06506731361150742 0.5039358139038086 
vt 0.06458858400583267 0.5340316891670227 
vt 0.0466364361345768 0.5261805653572083 
vt 0.06506731361150742 0.5039358139038086 
vt 0.03873749077320099 0.5069097280502319 
vt 0.06506731361150742 0.5039358139038086 
vt 0.03873749077320099 0.5069097280502319 
vt 0.06446890532970428 0.48002564907073975 
vt 0.0466364361345768 0.48763883113861084 
vt 0.08577212691307068 0.5070286393165588 
vt 0.06506731361150742 0.5039358139038086 
vt 0.07990775257349014 0.49763113260269165 
vt 0.06446890532970428 0.48002564907073975 
vt 0.16691584885120392 0.5022704005241394 
vt 0.15865784883499146 0.5266563892364502 
vt 0.08577212691307068 0.5070286393165588 
vt 0.07990775257349014 0.5260615944862366 
vt 0.15865784883499146 0.5266563892364502 
vt 0.14082539081573486 0.5340316891670227 
vt 0.07990775257349014 0.5260615944862366 
vt 0.06458858400583267 0.5340316891670227 
vt 0.14106474816799164 0.48002564907073975 
vt 0.15901689231395721 0.48751986026763916 
vt 0.06446890532970428 0.48002564907073975 
vt 0.07990775257349014 0.49763113260269165 
vt 0.9389779567718506 0.12101643532514572 
vt 0.9582465887069702 0.12577468156814575 
vt 0.9267705082893372 0.16217520833015442 
vt 0.9517838358879089 0.1664576232433319 
vt 0.9248555898666382 0.18560954928398132 
vt 0.9754806756973267 0.1304139643907547 
vt 0.9717705845832825 0.17097795009613037 
vt 0.9800285696983337 0.1295812726020813 
vt 0.9807466268539429 0.17097795009613037 
vt 0.9696162939071655 0.19060570001602173 
vt 0.981823742389679 0.1917952597141266 
vt 0.9654274582862854 0.21225568652153015 
vt 0.9781136512756348 0.2127315104007721 
vt 0.9483131170272827 0.21154195070266724 
vt 0.9495099186897278 0.188226580619812 
vt 0.9272492527961731 0.2127315104007721 
vt 0.9143236875534058 0.18810762465000153 
vt 0.9065444469451904 0.19369855523109436 
vt 0.9070231318473816 0.1674092710018158 
vt 0.8997225761413574 0.1706210821866989 
vt 0.275945246219635 0.7768208384513855 
vt 0.275945246219635 0.8016826510429382 
vt 0.290426641702652 0.7770587801933289 
vt 0.28779366612434387 0.7968055009841919 
vt 0.31986814737319946 0.7833634614944458 
vt 0.31460219621658325 0.7877647876739502 
vt 0.3240569829940796 0.7978760600090027 
vt 0.3166367709636688 0.795496940612793 
vt 0.31567931175231934 0.8258307576179504 
vt 0.2962909936904907 0.8160763382911682 
vt 0.29353833198547363 0.8455774188041687 
vt 0.2771420478820801 0.8240463733673096 
vt 0.9319167733192444 0.5548489689826965 
vt 0.9367040395736694 0.5430723428726196 
vt 0.9568104147911072 0.5548489689826965 
vt 0.956571102142334 0.5404552817344666 
vt 0.9457997679710388 0.5163072347640991 
vt 0.9502279758453369 0.5110731720924377 
vt 0.9357466101646423 0.5067907571792603 
vt 0.9381402134895325 0.514165997505188 
vt 0.9175550937652588 0.5346264243125916 
vt 0.9096561074256897 0.5536593794822693 
vt 0.9077412486076355 0.5152366161346436 
vt 0.8879938721656799 0.5373624563217163 
vt 0.2928202450275421 0.2591243386268616 
vt 0.3131660223007202 0.278276264667511 
vt 0.2789372503757477 0.2569831311702728 
vt 0.2789372503757477 0.28767380118370056 
vt 0.3143628239631653 0.30456554889678955 
vt 0.2833654582500458 0.29873669147491455 
vt 0.010851818136870861 0.17050212621688843 
vt 0.016596505418419838 0.20143069326877594 
vt 0.037181638181209564 0.1716916859149933 
vt 0.02772683836519718 0.20583206415176392 
vt 0.05621091648936272 0.19203317165374756 
vt 0.058365173637866974 0.20583206415176392 
s on 
f 1/1/1 2/2/2 3/3/3 
f 2/2/2 2/2/2 3/3/3 
f 3/3/3 2/2/2 4/4/4 
f 2/2/2 2/2/2 4/4/4 
f 4/4/4 2/2/2 5/5/5 
f 2/2/2 6/6/6 5/5/5 
f 5/5/5 6/6/6 7/7/7 
f 6/6/6 8/8/8 7/7/7 
f 7/7/7 8/8/8 9/9/9 
f 8/8/8 10/10/10 9/9/9 
f 9/9/9 10/10/10 9/9/9 
f 10/10/10 11/11/11 9/9/9 
f 9/9/9 11/11/11 9/9/9 
f 11/11/11 12/12/12 9/9/9 
f 9/9/9 12/12/12 13/13/13 
f 12/12/12 14/14/14 13/13/13 
f 13/13/13 14/14/14 13/13/13 
f 14/14/14 15/15/15 13/13/13 
f 13/13/13 15/15/15 13/13/13 
f 15/15/15 16/16/16 13/13/13 
f 13/13/13 16/16/16 13/13/13 
f 16/16/16 17/17/17 13/13/13 
f 13/13/13 17/17/17 9/9/9 
f 17/17/17 18/18/18 9/9/9 
f 9/9/9 18/18/18 7/7/7 
f 18/18/18 19/19/19 7/7/7 
f 7/7/7 19/19/19 5/5/5 
f 19/19/19 5/5/5 5/5/5 
f 5/5/5 5/5/5 6/6/6 
f 5/5/5 6/6/6 6/6/6 
f 6/6/6 6/6/6 8/8/8 
f 6/6/6 20/20/20 8/8/8 
f 8/8/8 20/20/20 8/8/8 
f 20/20/20 21/21/21 8/8/8 
f 8/8/8 21/21/21 10/10/10 
f 21/21/21 10/10/10 10/10/10 
f 10/10/10 10/10/10 18/18/18 
f 10/10/10 18/18/18 18/18/18 
f 18/18/18 18/18/18 19/19/19 
f 18/18/18 17/17/17 19/19/19 
f 19/19/19 17/17/17 22/22/22 
f 17/17/17 16/16/16 22/22/22 
f 22/22/22 16/16/16 22/22/22 
f 16/16/16 23/23/23 22/22/22 
f 22/22/22 23/23/23 24/24/24 
f 23/23/23 25/25/25 24/24/24 
f 24/24/24 25/25/25 26/26/26 
f 25/25/25 27/27/27 26/26/26 
f 26/26/26 27/27/27 28/28/28 
f 27/27/27 27/27/27 28/28/28 
f 28/28/28 27/27/27 29/29/29 
f 27/27/27 30/30/30 29/29/29 
f 29/29/29 30/30/30 30/30/30 
f 30/30/30 23/23/23 30/30/30 
f 30/30/30 23/23/23 23/23/23 
f 23/23/23 31/31/31 23/23/23 
f 23/23/23 31/31/31 25/25/25 
f 31/31/31 25/25/25 25/25/25 
f 25/25/25 25/25/25 28/28/28 
f 25/25/25 28/28/28 28/28/28 
f 28/28/28 28/28/28 26/26/26 
f 28/28/28 32/32/32 26/26/26 
f 26/26/26 32/32/32 26/26/26 
f 32/32/32 33/33/33 26/26/26 
f 26/26/26 33/33/33 24/24/24 
f 33/33/33 34/34/34 24/24/24 
f 24/24/24 34/34/34 22/22/22 
f 34/34/34 34/34/34 22/22/22 
f 22/22/22 34/34/34 19/19/19 
f 34/34/34 34/34/34 19/19/19 
f 19/19/19 34/34/34 5/5/5 
f 34/34/34 34/34/34 5/5/5 
f 5/5/5 34/34/34 4/4/4 
f 34/34/34 33/33/33 4/4/4 
f 4/4/4 33/33/33 35/35/35 
f 33/33/33 32/32/32 35/35/35 
f 35/35/35 32/32/32 35/35/35 
f 32/32/32 36/36/36 35/35/35 
f 35/35/35 36/36/36 37/37/37 
f 36/36/36 38/38/38 37/37/37 
f 37/37/37 38/38/38 39/39/39 
f 38/38/38 39/39/39 39/39/39 
f 39/39/39 39/39/39 4/4/4 
f 39/39/39 4/4/4 4/4/4 
f 4/4/4 4/4/4 3/3/3 
f 4/4/4 35/35/35 3/3/3 
f 3/3/3 35/35/35 37/37/37 
f 35/35/35 37/37/37 37/37/37 
f 37/37/37 37/37/37 40/40/40 
f 37/37/37 40/40/40 40/40/40 
f 40/40/40 40/40/40 41/41/41 
f 40/40/40 42/42/42 41/41/41 
f 41/41/41 42/42/42 43/43/43 
f 42/42/42 44/44/44 43/43/43 
f 43/43/43 44/44/44 45/45/45 
f 44/44/44 46/46/46 45/45/45 
f 45/45/45 46/46/46 47/47/47 
f 46/46/46 48/48/48 47/47/47 
f 47/47/47 48/48/48 49/49/49 
f 48/48/48 50/50/50 49/49/49 
f 49/49/49 50/50/50 51/51/51 
f 50/50/50 52/52/52 51/51/51 
f 51/51/51 52/52/52 53/53/53 
f 52/52/52 52/52/52 53/53/53 
f 53/53/53 52/52/52 54/54/54 
f 52/52/52 55/55/55 54/54/54 
f 54/54/54 55/55/55 54/54/54 
f 55/55/55 56/56/56 54/54/54 
f 54/54/54 56/56/56 57/57/57 
f 56/56/56 58/58/58 57/57/57 
f 57/57/57 58/58/58 57/57/57 
f 58/58/58 59/59/59 57/57/57 
f 57/57/57 59/59/59 60/60/60 
f 59/59/59 61/61/61 60/60/60 
f 60/60/60 61/61/61 62/62/62 
f 61/61/61 63/63/63 62/62/62 
f 62/62/62 63/63/63 63/63/63 
f 63/63/63 62/62/62 63/63/63 
f 63/63/63 62/62/62 62/62/62 
f 62/62/62 64/64/64 62/62/62 
f 62/62/62 64/64/64 60/60/60 
f 64/64/64 65/65/65 60/60/60 
f 60/60/60 65/65/65 57/57/57 
f 65/65/65 65/65/65 57/57/57 
f 57/57/57 65/65/65 54/54/54 
f 65/65/65 66/66/66 54/54/54 
f 54/54/54 66/66/66 53/53/53 
f 66/66/66 66/66/66 53/53/53 
f 53/53/53 66/66/66 67/67/67 
f 66/66/66 68/68/68 67/67/67 
f 67/67/67 68/68/68 67/67/67 
f 68/68/68 69/69/69 67/67/67 
f 67/67/67 69/69/69 67/67/67 
f 69/69/69 70/70/70 67/67/67 
f 67/67/67 70/70/70 71/71/71 
f 70/70/70 72/72/72 71/71/71 
f 71/71/71 72/72/72 73/73/73 
f 72/72/72 74/74/74 73/73/73 
f 73/73/73 74/74/74 75/75/75 
f 74/74/74 76/76/76 75/75/75 
f 75/75/75 76/76/76 75/75/75 
f 76/76/76 77/77/77 75/75/75 
f 75/75/75 77/77/77 75/75/75 
f 77/77/77 45/45/45 75/75/75 
f 75/75/75 45/45/45 75/75/75 
f 45/45/45 47/47/47 75/75/75 
f 75/75/75 47/47/47 73/73/73 
f 47/47/47 49/49/49 73/73/73 
f 73/73/73 49/49/49 71/71/71 
f 49/49/49 51/51/51 71/71/71 
f 71/71/71 51/51/51 67/67/67 
f 51/51/51 53/53/53 67/67/67 
f 67/67/67 53/53/53 53/53/53 
f 53/53/53 66/66/66 53/53/53 
f 53/53/53 66/66/66 66/66/66 
f 66/66/66 65/65/65 66/66/66 
f 66/66/66 65/65/65 68/68/68 
f 65/65/65 64/64/64 68/68/68 
f 68/68/68 64/64/64 64/64/64 
f 64/64/64 45/45/45 64/64/64 
f 64/64/64 45/45/45 45/45/45 
f 45/45/45 77/77/77 45/45/45 
f 45/45/45 77/77/77 43/43/43 
f 77/77/77 78/78/78 43/43/43 
f 43/43/43 78/78/78 41/41/41 
f 78/78/78 79/79/79 41/41/41 
f 41/41/41 79/79/79 40/40/40 
f 79/79/79 40/40/40 40/40/40 
f 40/40/40 40/40/40 77/77/77 
f 40/40/40 77/77/77 77/77/77 
f 77/77/77 77/77/77 78/78/78 
f 77/77/77 80/80/80 78/78/78 
f 78/78/78 80/80/80 79/79/79 
f 80/80/80 81/81/81 79/79/79 
f 79/79/79 81/81/81 81/81/81 
f 81/81/81 82/82/82 81/81/81 
f 81/81/81 82/82/82 82/82/82 
f 82/82/82 83/83/83 82/82/82 
f 82/82/82 83/83/83 84/84/84 
f 83/83/83 83/83/83 84/84/84 
f 84/84/84 83/83/83 85/85/85 
f 83/83/83 86/86/86 85/85/85 
f 85/85/85 86/86/86 85/85/85 
f 86/86/86 87/87/87 85/85/85 
f 85/85/85 87/87/87 88/88/88 
f 87/87/87 89/89/89 88/88/88 
f 88/88/88 89/89/89 88/88/88 
f 89/89/89 90/90/90 88/88/88 
f 88/88/88 90/90/90 91/91/91 
f 90/90/90 92/92/92 91/91/91 
f 91/91/91 92/92/92 92/92/92 
f 92/92/92 82/82/82 92/92/92 
f 92/92/92 82/82/82 82/82/82 
f 82/82/82 93/93/93 82/82/82 
f 82/82/82 93/93/93 83/83/83 
f 93/93/93 86/86/86 83/83/83 
f 83/83/83 86/86/86 86/86/86 
f 86/86/86 87/87/87 86/86/86 
f 86/86/86 87/87/87 87/87/87 
f 87/87/87 94/94/94 87/87/87 
f 87/87/87 94/94/94 89/89/89 
f 94/94/94 89/89/89 89/89/89 
f 89/89/89 89/89/89 84/84/84 
f 89/89/89 84/84/84 84/84/84 
f 84/84/84 84/84/84 95/95/95 
f 84/84/84 85/85/85 95/95/95 
f 95/95/95 85/85/85 96/96/96 
f 85/85/85 88/88/88 96/96/96 
f 96/96/96 88/88/88 96/96/96 
f 88/88/88 91/91/91 96/96/96 
f 96/96/96 91/91/91 97/97/97 
f 91/91/91 91/91/91 97/97/97 
f 97/97/97 91/91/91 98/98/98 
f 91/91/91 92/92/92 98/98/98 
f 98/98/98 92/92/92 98/98/98 
f 92/92/92 99/99/99 98/98/98 
f 98/98/98 99/99/99 100/100/100 
f 99/99/99 101/101/101 100/100/100 
f 100/100/100 101/101/101 101/101/101 
f 101/101/101 95/95/95 101/101/101 
f 101/101/101 95/95/95 95/95/95 
f 95/95/95 96/96/96 95/95/95 
f 95/95/95 96/96/96 102/102/102 
f 96/96/96 97/97/97 102/102/102 
f 102/102/102 97/97/97 103/103/103 
f 97/97/97 104/104/104 103/103/103 
f 103/103/103 104/104/104 105/105/105 
f 104/104/104 106/106/106 105/105/105 
f 105/105/105 106/106/106 107/107/107 
f 106/106/106 106/106/106 107/107/107 
f 107/107/107 106/106/106 108/108/108 
f 106/106/106 106/106/106 108/108/108 
f 108/108/108 106/106/106 109/109/109 
f 106/106/106 110/110/110 109/109/109 
f 109/109/109 110/110/110 111/111/111 
f 110/110/110 101/101/101 111/111/111 
f 111/111/111 101/101/101 111/111/111 
f 101/101/101 112/112/112 111/111/111 
f 111/111/111 112/112/112 111/111/111 
f 112/112/112 113/113/113 111/111/111 
f 111/111/111 113/113/113 114/114/114 
f 113/113/113 115/115/115 114/114/114 
f 114/114/114 115/115/115 114/114/114 
f 115/115/115 116/116/116 114/114/114 
f 114/114/114 116/116/116 117/117/117 
f 116/116/116 118/118/118 117/117/117 
f 117/117/117 118/118/118 119/119/119 
f 118/118/118 120/120/120 119/119/119 
f 119/119/119 120/120/120 120/120/120 
f 120/120/120 97/97/97 120/120/120 
f 120/120/120 97/97/97 97/97/97 
f 97/97/97 98/98/98 97/97/97 
f 97/97/97 98/98/98 104/104/104 
f 98/98/98 100/100/100 104/104/104 
f 104/104/104 100/100/100 106/106/106 
f 100/100/100 100/100/100 106/106/106 
f 106/106/106 100/100/100 110/110/110 
f 100/100/100 101/101/101 110/110/110 
f 110/110/110 101/101/101 101/101/101 
f 101/101/101 119/119/119 101/101/101 
f 101/101/101 119/119/119 119/119/119 
f 119/119/119 121/121/121 119/119/119 
f 119/119/119 121/121/121 117/117/117 
f 121/121/121 122/122/122 117/117/117 
f 117/117/117 122/122/122 114/114/114 
f 122/122/122 122/122/122 114/114/114 
f 114/114/114 122/122/122 111/111/111 
f 122/122/122 122/122/122 111/111/111 
f 111/111/111 122/122/122 109/109/109 
f 122/122/122 122/122/122 109/109/109 
f 109/109/109 122/122/122 108/108/108 
f 122/122/122 121/121/121 108/108/108 
f 108/108/108 121/121/121 121/121/121 
f 121/121/121 123/123/123 121/121/121 
f 121/121/121 123/123/123 123/123/123 
f 123/123/123 124/124/124 123/123/123 
f 123/123/123 124/124/124 125/125/125 
f 124/124/124 124/124/124 125/125/125 
f 125/125/125 124/124/124 126/126/126 
f 124/124/124 127/127/127 126/126/126 
f 126/126/126 127/127/127 127/127/127 
f 127/127/127 123/123/123 127/127/127 
f 127/127/127 123/123/123 123/123/123 
f 123/123/123 128/128/128 123/123/123 
f 123/123/123 128/128/128 124/124/124 
f 128/128/128 128/128/128 124/124/124 
f 124/124/124 128/128/128 129/129/129 
f 128/128/128 130/130/130 129/129/129 
f 129/129/129 130/130/130 131/131/131 
f 130/130/130 132/132/132 131/131/131 
f 131/131/131 132/132/132 131/131/131 
f 132/132/132 133/133/133 131/131/131 
f 131/131/131 133/133/133 131/131/131 
f 133/133/133 134/134/134 131/131/131 
f 131/131/131 134/134/134 131/131/131 
f 134/134/134 135/135/135 131/131/131 
f 131/131/131 135/135/135 129/129/129 
f 135/135/135 136/136/136 129/129/129 
f 129/129/129 136/136/136 124/124/124 
f 136/136/136 136/136/136 124/124/124 
f 124/124/124 136/136/136 127/127/127 
f 136/136/136 136/136/136 127/127/127 
f 127/127/127 136/136/136 137/137/137 
f 136/136/136 138/138/138 137/137/137 
f 137/137/137 138/138/138 139/139/139 
f 138/138/138 138/138/138 139/139/139 
f 139/139/139 138/138/138 140/140/140 
f 138/138/138 141/141/141 140/140/140 
f 140/140/140 141/141/141 142/142/142 
f 141/141/141 143/143/143 142/142/142 
f 142/142/142 143/143/143 144/144/144 
f 143/143/143 145/145/145 144/144/144 
f 144/144/144 145/145/145 146/146/146 
f 145/145/145 146/146/146 146/146/146 
f 146/146/146 146/146/146 136/136/136 
f 146/146/146 136/136/136 136/136/136 
f 136/136/136 136/136/136 138/138/138 
f 136/136/136 135/135/135 138/138/138 
f 138/138/138 135/135/135 141/141/141 
f 135/135/135 134/134/134 141/141/141 
f 141/141/141 134/134/134 143/143/143 
f 134/134/134 147/147/147 143/143/143 
f 143/143/143 147/147/147 145/145/145 
f 147/147/147 145/145/145 145/145/145 
f 145/145/145 145/145/145 134/134/134 
f 145/145/145 134/134/134 134/134/134 
f 134/134/134 134/134/134 147/147/147 
f 134/134/134 133/133/133 147/147/147 
f 147/147/147 133/133/133 148/148/148 
f 133/133/133 149/149/149 148/148/148 
f 148/148/148 149/149/149 148/148/148 
f 149/149/149 150/150/150 148/148/148 
f 148/148/148 150/150/150 148/148/148 
f 150/150/150 151/151/151 148/148/148 
f 148/148/148 151/151/151 152/152/152 
f 151/151/151 153/153/153 152/152/152 
f 152/152/152 153/153/153 154/154/154 
f 153/153/153 153/153/153 154/154/154 
f 154/154/154 153/153/153 155/155/155 
f 153/153/153 156/156/156 155/155/155 
f 155/155/155 156/156/156 157/157/157 
f 156/156/156 157/157/157 157/157/157 
f 157/157/157 157/157/157 148/148/148 
f 157/157/157 148/148/148 148/148/148 
f 148/148/148 148/148/148 147/147/147 
f 148/148/148 152/152/152 147/147/147 
f 147/147/147 152/152/152 145/145/145 
f 152/152/152 152/152/152 145/145/145 
f 145/145/145 152/152/152 146/146/146 
f 152/152/152 152/152/152 146/146/146 
f 146/146/146 152/152/152 158/158/158 
f 152/152/152 154/154/154 158/158/158 
f 158/158/158 154/154/154 154/154/154 
f 154/154/154 153/153/153 154/154/154 
f 154/154/154 153/153/153 153/153/153 
f 153/153/153 151/151/151 153/153/153 
f 153/153/153 151/151/151 156/156/156 
f 151/151/151 151/151/151 156/156/156 
f 156/156/156 151/151/151 159/159/159 
f 151/151/151 150/150/150 159/159/159 
f 159/159/159 150/150/150 160/160/160 
f 150/150/150 161/161/161 160/160/160 
f 160/160/160 161/161/161 160/160/160 
f 161/161/161 162/162/162 160/160/160 
f 160/160/160 162/162/162 163/163/163 
f 162/162/162 164/164/164 163/163/163 
f 163/163/163 164/164/164 165/165/165 
f 164/164/164 166/166/166 165/165/165 
f 165/165/165 166/166/166 165/165/165 
f 166/166/166 167/167/167 165/165/165 
f 165/165/165 167/167/167 165/165/165 
f 167/167/167 168/168/168 165/165/165 
f 165/165/165 168/168/168 165/165/165 
f 168/168/168 169/169/169 165/165/165 
f 165/165/165 169/169/169 170/170/170 
f 169/169/169 171/171/171 170/170/170 
f 170/170/170 171/171/171 171/171/171 
f 171/171/171 165/165/165 171/171/171 
f 171/171/171 165/165/165 165/165/165 
f 165/165/165 170/170/170 165/165/165 
f 165/165/165 170/170/170 163/163/163 
f 170/170/170 172/172/172 163/163/163 
f 163/163/163 172/172/172 160/160/160 
f 172/172/172 172/172/172 160/160/160 
f 160/160/160 172/172/172 159/159/159 
f 172/172/172 173/173/173 159/159/159 
f 159/159/159 173/173/173 156/156/156 
f 173/173/173 173/173/173 156/156/156 
f 156/156/156 173/173/173 157/157/157 
f 173/173/173 173/173/173 157/157/157 
f 157/157/157 173/173/173 174/174/174 
f 173/173/173 175/175/175 174/174/174 
f 174/174/174 175/175/175 176/176/176 
f 175/175/175 175/175/175 176/176/176 
f 176/176/176 175/175/175 171/171/171 
f 175/175/175 175/175/175 171/171/171 
f 171/171/171 175/175/175 170/170/170 
f 175/175/175 175/175/175 170/170/170 
f 170/170/170 175/175/175 172/172/172 
f 175/175/175 173/173/173 172/172/172 
f 172/172/172 173/173/173 173/173/173 
f 173/173/173 177/177/177 173/173/173 
f 173/173/173 177/177/177 177/177/177 
f 177/177/177 178/178/178 177/177/177 
f 177/177/177 178/178/178 179/179/179 
f 178/178/178 180/180/180 179/179/179 
f 179/179/179 180/180/180 181/181/181 
f 180/180/180 181/181/181 181/181/181 
f 181/181/181 181/181/181 177/177/177 
f 181/181/181 177/177/177 177/177/177 
f 177/177/177 177/177/177 182/182/182 
f 177/177/177 179/179/179 182/182/182 
f 182/182/182 179/179/179 182/182/182 
f 179/179/179 183/183/183 182/182/182 
f 182/182/182 183/183/183 184/184/184 
f 183/183/183 185/185/185 184/184/184 
f 184/184/184 185/185/185 186/186/186 
f 185/185/185 185/185/185 186/186/186 
f 186/186/186 185/185/185 187/187/187 
f 185/185/185 188/188/188 187/187/187 
f 187/187/187 188/188/188 189/189/189 
f 188/188/188 190/190/190 189/189/189 
f 189/189/189 190/190/190 191/191/191 
f 190/190/190 191/191/191 191/191/191 
f 191/191/191 191/191/191 190/190/190 
f 191/191/191 190/190/190 190/190/190 
f 190/190/190 190/190/190 192/192/192 
f 190/190/190 188/188/188 192/192/192 
f 192/192/192 188/188/188 193/193/193 
f 188/188/188 185/185/185 193/193/193 
f 193/193/193 185/185/185 193/193/193 
f 185/185/185 183/183/183 193/193/193 
f 193/193/193 183/183/183 194/194/194 
f 183/183/183 179/179/179 194/194/194 
f 194/194/194 179/179/179 194/194/194 
f 179/179/179 181/181/181 194/194/194 
f 194/194/194 181/181/181 194/194/194 
f 181/181/181 195/195/195 194/194/194 
f 194/194/194 195/195/195 194/194/194 
f 195/195/195 196/196/196 194/194/194 
f 194/194/194 196/196/196 193/193/193 
f 196/196/196 192/192/192 193/193/193 
f 193/193/193 192/192/192 192/192/192 
f 192/192/192 197/197/197 192/192/192 
f 192/192/192 197/197/197 197/197/197 
f 197/197/197 198/198/198 197/197/197 
f 197/197/197 198/198/198 199/199/199 
f 198/198/198 198/198/198 199/199/199 
f 199/199/199 198/198/198 200/200/200 
f 198/198/198 201/201/201 200/200/200 
f 200/200/200 201/201/201 201/201/201 
f 201/201/201 197/197/197 201/201/201 
f 201/201/201 197/197/197 197/197/197 
f 197/197/197 202/202/202 197/197/197 
f 197/197/197 202/202/202 198/198/198 
f 202/202/202 202/202/202 198/198/198 
f 198/198/198 202/202/202 203/203/203 
f 202/202/202 204/204/204 203/203/203 
f 203/203/203 204/204/204 205/205/205 
f 204/204/204 206/206/206 205/205/205 
f 205/205/205 206/206/206 207/207/207 
f 206/206/206 206/206/206 207/207/207 
f 207/207/207 206/206/206 208/208/208 
f 206/206/206 209/209/209 208/208/208 
f 208/208/208 209/209/209 208/208/208 
f 209/209/209 210/210/210 208/208/208 
f 208/208/208 210/210/210 211/211/211 
f 210/210/210 210/210/210 211/211/211 
f 211/211/211 210/210/210 212/212/212 
f 210/210/210 213/213/213 212/212/212 
f 212/212/212 213/213/213 214/214/214 
f 213/213/213 215/215/215 214/214/214 
f 214/214/214 215/215/215 216/216/216 
f 215/215/215 217/217/217 216/216/216 
f 216/216/216 217/217/217 216/216/216 
f 217/217/217 218/218/218 216/216/216 
f 216/216/216 218/218/218 216/216/216 
f 218/218/218 219/219/219 216/216/216 
f 216/216/216 219/219/219 216/216/216 
f 219/219/219 220/220/220 216/216/216 
f 216/216/216 220/220/220 221/221/221 
f 220/220/220 222/222/222 221/221/221 
f 221/221/221 222/222/222 222/222/222 
f 222/222/222 216/216/216 222/222/222 
f 222/222/222 216/216/216 216/216/216 
f 216/216/216 221/221/221 216/216/216 
f 216/216/216 221/221/221 214/214/214 
f 221/221/221 223/223/223 214/214/214 
f 214/214/214 223/223/223 212/212/212 
f 223/223/223 224/224/224 212/212/212 
f 212/212/212 224/224/224 211/211/211 
f 224/224/224 225/225/225 211/211/211 
f 211/211/211 225/225/225 226/226/226 
f 225/225/225 227/227/227 226/226/226 
f 226/226/226 227/227/227 226/226/226 
f 227/227/227 228/228/228 226/226/226 
f 226/226/226 228/228/228 226/226/226 
f 228/228/228 207/207/207 226/226/226 
f 226/226/226 207/207/207 226/226/226 
f 207/207/207 208/208/208 226/226/226 
f 226/226/226 208/208/208 211/211/211 
f 208/208/208 211/211/211 211/211/211 
f 211/211/211 211/211/211 227/227/227 
f 211/211/211 227/227/227 227/227/227 
f 227/227/227 227/227/227 229/229/229 
f 227/227/227 225/225/225 229/229/229 
f 229/229/229 225/225/225 230/230/230 
f 225/225/225 224/224/224 230/230/230 
f 230/230/230 224/224/224 231/231/231 
f 224/224/224 223/223/223 231/231/231 
f 231/231/231 223/223/223 232/232/232 
f 223/223/223 221/221/221 232/232/232 
f 232/232/232 221/221/221 232/232/232 
f 221/221/221 222/222/222 232/232/232 
f 232/232/232 222/222/222 232/232/232 
f 222/222/222 233/233/233 232/232/232 
f 232/232/232 233/233/233 232/232/232 
f 233/233/233 234/234/234 232/232/232 
f 232/232/232 234/234/234 231/231/231 
f 234/234/234 235/235/235 231/231/231 
f 231/231/231 235/235/235 230/230/230 
f 235/235/235 236/236/236 230/230/230 
f 230/230/230 236/236/236 229/229/229 
f 236/236/236 237/237/237 229/229/229 
f 229/229/229 237/237/237 237/237/237 
f 237/237/237 227/227/227 237/237/237 
f 237/237/237 227/227/227 227/227/227 
f 227/227/227 238/238/238 227/227/227 
f 227/227/227 238/238/238 228/228/228 
f 238/238/238 239/239/239 228/228/228 
f 228/228/228 239/239/239 240/240/240 
f 239/239/239 239/239/239 240/240/240 
f 240/240/240 239/239/239 241/241/241 
f 239/239/239 242/242/242 241/241/241 
f 241/241/241 242/242/242 243/243/243 
f 242/242/242 243/243/243 243/243/243 
f 243/243/243 243/243/243 244/244/244 
f 243/243/243 244/244/244 244/244/244 
f 244/244/244 244/244/244 238/238/238 
f 244/244/244 245/245/245 238/238/238 
f 238/238/238 245/245/245 239/239/239 
f 245/245/245 242/242/242 239/239/239 
f 239/239/239 242/242/242 242/242/242 
f 242/242/242 228/228/228 242/242/242 
f 242/242/242 228/228/228 228/228/228 
f 228/228/228 240/240/240 228/228/228 
f 228/228/228 240/240/240 207/207/207 
f 240/240/240 240/240/240 207/207/207 
f 207/207/207 240/240/240 205/205/205 
f 240/240/240 246/246/246 205/205/205 
f 205/205/205 246/246/246 203/203/203 
f 246/246/246 203/203/203 203/203/203 
f 203/203/203 203/203/203 240/240/240 
f 203/203/203 240/240/240 240/240/240 
f 240/240/240 240/240/240 246/246/246 
f 240/240/240 241/241/241 246/246/246 
f 246/246/246 241/241/241 247/247/247 
f 241/241/241 243/243/243 247/247/247 
f 247/247/247 243/243/243 247/247/247 
f 243/243/243 248/248/248 247/247/247 
f 247/247/247 248/248/248 247/247/247 
f 248/248/248 249/249/249 247/247/247 
f 247/247/247 249/249/249 250/250/250 
f 249/249/249 201/201/201 250/250/250 
f 250/250/250 201/201/201 250/250/250 
f 201/201/201 198/198/198 250/250/250 
f 250/250/250 198/198/198 250/250/250 
f 198/198/198 203/203/203 250/250/250 
f 250/250/250 203/203/203 250/250/250 
f 203/203/203 246/246/246 250/250/250 
f 250/250/250 246/246/246 247/247/247 
f 246/246/246 247/247/247 247/247/247 
f 247/247/247 247/247/247 251/251/251 
f 247/247/247 251/251/251 251/251/251 
f 251/251/251 251/251/251 252/252/252 
f 251/251/251 253/253/253 252/252/252 
f 252/252/252 253/253/253 252/252/252 
f 253/253/253 254/254/254 252/252/252 
f 252/252/252 254/254/254 255/255/255 
f 254/254/254 255/255/255 255/255/255 
f 255/255/255 255/255/255 251/251/251 
f 255/255/255 251/251/251 251/251/251 
f 251/251/251 251/251/251 256/256/256 
f 251/251/251 252/252/252 256/256/256 
f 256/256/256 252/252/252 256/256/256 
f 252/252/252 257/257/257 256/256/256 
f 256/256/256 257/257/257 258/258/258 
f 257/257/257 259/259/259 258/258/258 
f 258/258/258 259/259/259 260/260/260 
f 259/259/259 259/259/259 260/260/260 
f 260/260/260 259/259/259 261/261/261 
f 259/259/259 262/262/262 261/261/261 
f 261/261/261 262/262/262 263/263/263 
f 262/262/262 264/264/264 263/263/263 
f 263/263/263 264/264/264 265/265/265 
f 264/264/264 265/265/265 265/265/265 
f 265/265/265 265/265/265 264/264/264 
f 265/265/265 264/264/264 264/264/264 
f 264/264/264 264/264/264 266/266/266 
f 264/264/264 262/262/262 266/266/266 
f 266/266/266 262/262/262 267/267/267 
f 262/262/262 259/259/259 267/267/267 
f 267/267/267 259/259/259 267/267/267 
f 259/259/259 257/257/257 267/267/267 
f 267/267/267 257/257/257 268/268/268 
f 257/257/257 252/252/252 268/268/268 
f 268/268/268 252/252/252 268/268/268 
f 252/252/252 255/255/255 268/268/268 
f 268/268/268 255/255/255 268/268/268 
f 255/255/255 269/269/269 268/268/268 
f 268/268/268 269/269/269 268/268/268 
f 269/269/269 270/270/270 268/268/268 
f 268/268/268 270/270/270 267/267/267 
f 270/270/270 266/266/266 267/267/267 
f 267/267/267 266/266/266 266/266/266 
f 266/266/266 271/271/271 266/266/266 
f 266/266/266 271/271/271 271/271/271 
f 271/271/271 272/272/272 271/271/271 
f 271/271/271 272/272/272 273/273/273 
f 272/272/272 274/274/274 273/273/273 
f 273/273/273 274/274/274 275/275/275 
f 274/274/274 276/276/276 275/275/275 
f 275/275/275 276/276/276 275/275/275 
f 276/276/276 277/277/277 275/275/275 
f 275/275/275 277/277/277 278/278/278 
f 277/277/277 279/279/279 278/278/278 
f 278/278/278 279/279/279 280/280/280 
f 279/279/279 280/280/280 280/280/280 
f 280/280/280 280/280/280 281/281/281 
f 280/280/280 281/281/281 281/281/281 
f 281/281/281 281/281/281 282/282/282 
f 281/281/281 283/283/283 282/282/282 
f 282/282/282 283/283/283 284/284/284 
f 283/283/283 285/285/285 284/284/284 
f 284/284/284 285/285/285 286/286/286 
f 285/285/285 285/285/285 286/286/286 
f 286/286/286 285/285/285 272/272/272 
f 285/285/285 274/274/274 272/272/272 
f 272/272/272 274/274/274 274/274/274 
f 274/274/274 277/277/277 274/274/274 
f 274/274/274 277/277/277 277/277/277 
f 277/277/277 287/287/287 277/277/277 
f 277/277/277 287/287/287 279/279/279 
f 287/287/287 287/287/287 279/279/279 
f 279/279/279 287/287/287 288/288/288 
f 287/287/287 287/287/287 288/288/288 
f 288/288/288 287/287/287 289/289/289 
f 287/287/287 290/290/290 289/289/289 
f 289/289/289 290/290/290 291/291/291 
f 290/290/290 290/290/290 291/291/291 
f 291/291/291 290/290/290 292/292/292 
f 290/290/290 293/293/293 292/292/292 
f 292/292/292 293/293/293 294/294/294 
f 293/293/293 281/281/281 294/294/294 
f 294/294/294 281/281/281 295/295/295 
f 281/281/281 295/295/295 295/295/295 
f 295/295/295 295/295/295 294/294/294 
f 295/295/295 294/294/294 294/294/294 
f 294/294/294 294/294/294 292/292/292 
f 294/294/294 296/296/296 292/292/292 
f 292/292/292 296/296/296 296/296/296 
f 296/296/296 281/281/281 296/296/296 
f 296/296/296 281/281/281 281/281/281 
f 281/281/281 293/293/293 281/281/281 
f 281/281/281 293/293/293 283/283/283 
f 293/293/293 297/297/297 283/283/283 
f 283/283/283 297/297/297 285/285/285 
f 297/297/297 297/297/297 285/285/285 
f 285/285/285 297/297/297 274/274/274 
f 297/297/297 297/297/297 274/274/274 
f 274/274/274 297/297/297 276/276/276 
f 297/297/297 297/297/297 276/276/276 
f 276/276/276 297/297/297 277/277/277 
f 297/297/297 297/297/297 277/277/277 
f 277/277/277 297/297/297 287/287/287 
f 297/297/297 297/297/297 287/287/287 
f 287/287/287 297/297/297 290/290/290 
f 297/297/297 293/293/293 290/290/290 
f 290/290/290 293/293/293 293/293/293 
f 293/293/293 298/298/298 293/293/293 
f 293/293/293 298/298/298 298/298/298 
f 298/298/298 299/299/299 298/298/298 
f 298/298/298 299/299/299 295/295/295 
f 299/299/299 300/300/300 295/295/295 
f 295/295/295 300/300/300 301/301/301 
f 300/300/300 300/300/300 301/301/301 
f 301/301/301 300/300/300 302/302/302 
f 300/300/300 303/303/303 302/302/302 
f 302/302/302 303/303/303 302/302/302 
f 303/303/303 304/304/304 302/302/302 
f 302/302/302 304/304/304 302/302/302 
f 304/304/304 305/305/305 302/302/302 
f 302/302/302 305/305/305 302/302/302 
f 305/305/305 306/306/306 302/302/302 
f 302/302/302 306/306/306 301/301/301 
f 306/306/306 296/296/296 301/301/301 
f 301/301/301 296/296/296 301/301/301 
f 296/296/296 294/294/294 301/301/301 
f 301/301/301 294/294/294 295/295/295 
f 294/294/294 295/295/295 295/295/295 
f 295/295/295 295/295/295 299/299/299 
f 295/295/295 299/299/299 299/299/299 
f 299/299/299 299/299/299 300/300/300 
f 299/299/299 307/307/307 300/300/300 
f 300/300/300 307/307/307 303/303/303 
f 307/307/307 303/303/303 303/303/303 
f 303/303/303 303/303/303 308/308/308 
f 303/303/303 308/308/308 308/308/308 
f 308/308/308 308/308/308 309/309/309 
f 308/308/308 296/296/296 309/309/309 
f 309/309/309 296/296/296 309/309/309 
f 296/296/296 306/306/306 309/309/309 
f 309/309/309 306/306/306 310/310/310 
f 306/306/306 305/305/305 310/310/310 
f 310/310/310 305/305/305 305/305/305 
f 305/305/305 311/311/311 305/305/305 
f 305/305/305 311/311/311 311/311/311 
f 311/311/311 312/312/312 311/311/311 
f 311/311/311 312/312/312 313/313/313 
f 312/312/312 314/314/314 313/313/313 
f 313/313/313 314/314/314 315/315/315 
f 314/314/314 316/316/316 315/315/315 
f 315/315/315 316/316/316 317/317/317 
f 316/316/316 318/318/318 317/317/317 
f 317/317/317 318/318/318 319/319/319 
f 318/318/318 320/320/320 319/319/319 
f 319/319/319 320/320/320 321/321/321 
f 320/320/320 322/322/322 321/321/321 
f 321/321/321 322/322/322 323/323/323 
f 322/322/322 324/324/324 323/323/323 
f 323/323/323 324/324/324 323/323/323 
f 324/324/324 325/325/325 323/323/323 
f 323/323/323 325/325/325 326/326/326 
f 325/325/325 325/325/325 326/326/326 
f 326/326/326 325/325/325 327/327/327 
f 325/325/325 328/328/328 327/327/327 
f 327/327/327 328/328/328 329/329/329 
f 328/328/328 328/328/328 329/329/329 
f 329/329/329 328/328/328 330/330/330 
f 328/328/328 331/331/331 330/330/330 
f 330/330/330 331/331/331 332/332/332 
f 331/331/331 333/333/333 332/332/332 
f 332/332/332 333/333/333 334/334/334 
f 333/333/333 334/334/334 334/334/334 
f 334/334/334 334/334/334 333/333/333 
f 334/334/334 333/333/333 333/333/333 
f 333/333/333 333/333/333 335/335/335 
f 333/333/333 331/331/331 335/335/335 
f 335/335/335 331/331/331 336/336/336 
f 331/331/331 328/328/328 336/336/336 
f 336/336/336 328/328/328 336/336/336 
f 328/328/328 325/325/325 336/336/336 
f 336/336/336 325/325/325 337/337/337 
f 325/325/325 324/324/324 337/337/337 
f 337/337/337 324/324/324 337/337/337 
f 324/324/324 338/338/338 337/337/337 
f 337/337/337 338/338/338 339/339/339 
f 338/338/338 338/338/338 339/339/339 
f 339/339/339 338/338/338 340/340/340 
f 338/338/338 338/338/338 340/340/340 
f 340/340/340 338/338/338 341/341/341 
f 338/338/338 342/342/342 341/341/341 
f 341/341/341 342/342/342 343/343/343 
f 342/342/342 344/344/344 343/343/343 
f 343/343/343 344/344/344 345/345/345 
f 344/344/344 346/346/346 345/345/345 
f 345/345/345 346/346/346 347/347/347 
f 346/346/346 346/346/346 347/347/347 
f 347/347/347 346/346/346 348/348/348 
f 346/346/346 346/346/346 348/348/348 
f 348/348/348 346/346/346 316/316/316 
f 346/346/346 346/346/346 316/316/316 
f 316/316/316 346/346/346 318/318/318 
f 346/346/346 344/344/344 318/318/318 
f 318/318/318 344/344/344 320/320/320 
f 344/344/344 342/342/342 320/320/320 
f 320/320/320 342/342/342 322/322/322 
f 342/342/342 338/338/338 322/322/322 
f 322/322/322 338/338/338 324/324/324 
f 338/338/338 324/324/324 324/324/324 
f 324/324/324 324/324/324 337/337/337 
f 324/324/324 337/337/337 337/337/337 
f 337/337/337 337/337/337 336/336/336 
f 337/337/337 339/339/339 336/336/336 
f 336/336/336 339/339/339 335/335/335 
f 339/339/339 335/335/335 335/335/335 
f 335/335/335 335/335/335 316/316/316 
f 335/335/335 316/316/316 316/316/316 
f 316/316/316 316/316/316 348/348/348 
f 316/316/316 314/314/314 348/348/348 
f 348/348/348 314/314/314 349/349/349 
f 314/314/314 312/312/312 349/349/349 
f 349/349/349 312/312/312 350/350/350 
f 312/312/312 311/311/311 350/350/350 
f 350/350/350 311/311/311 311/311/311 
f 311/311/311 348/348/348 311/311/311 
f 311/311/311 348/348/348 348/348/348 
f 348/348/348 349/349/349 348/348/348 
f 348/348/348 349/349/349 351/351/351 
f 349/349/349 350/350/350 351/351/351 
f 351/351/351 350/350/350 352/352/352 
f 350/350/350 352/352/352 352/352/352 
f 352/352/352 352/352/352 353/353/353 
f 352/352/352 353/353/353 353/353/353 
f 353/353/353 353/353/353 354/354/354 
f 353/353/353 355/355/355 354/354/354 
f 354/354/354 355/355/355 354/354/354 
f 355/355/355 356/356/356 354/354/354 
f 354/354/354 356/356/356 357/357/357 
f 356/356/356 356/356/356 357/357/357 
f 357/357/357 356/356/356 358/358/358 
f 356/356/356 359/359/359 358/358/358 
f 358/358/358 359/359/359 360/360/360 
f 359/359/359 359/359/359 360/360/360 
f 360/360/360 359/359/359 361/361/361 
f 359/359/359 362/362/362 361/361/361 
f 361/361/361 362/362/362 363/363/363 
f 362/362/362 363/363/363 363/363/363 
f 363/363/363 363/363/363 353/353/353 
f 363/363/363 353/353/353 353/353/353 
f 353/353/353 353/353/353 364/364/364 
f 353/353/353 354/354/354 364/364/364 
f 364/364/364 354/354/354 357/357/357 
f 354/354/354 357/357/357 357/357/357 
f 357/357/357 357/357/357 358/358/358 
f 357/357/357 358/358/358 358/358/358 
f 358/358/358 358/358/358 365/365/365 
f 358/358/358 360/360/360 365/365/365 
f 365/365/365 360/360/360 360/360/360 
f 360/360/360 355/355/355 360/360/360 
f 360/360/360 355/355/355 355/355/355 
f 355/355/355 366/366/366 355/355/355 
f 355/355/355 366/366/366 356/356/356 
f 366/366/366 367/367/367 356/356/356 
f 356/356/356 367/367/367 359/359/359 
f 367/367/367 367/367/367 359/359/359 
f 359/359/359 367/367/367 362/362/362 
f 367/367/367 368/368/368 362/362/362 
f 362/362/362 368/368/368 362/362/362 
f 368/368/368 369/369/369 362/362/362 
f 362/362/362 369/369/369 363/363/363 
f 369/369/369 369/369/369 363/363/363 
f 363/363/363 369/369/369 370/370/370 
f 369/369/369 371/371/371 370/370/370 
f 370/370/370 371/371/371 372/372/372 
f 371/371/371 372/372/372 372/372/372 
f 372/372/372 372/372/372 366/366/366 
f 372/372/372 366/366/366 366/366/366 
f 366/366/366 366/366/366 367/367/367 
f 366/366/366 373/373/373 367/367/367 
f 367/367/367 373/373/373 368/368/368 
f 373/373/373 374/374/374 368/368/368 
f 368/368/368 374/374/374 375/375/375 
f 374/374/374 376/376/376 375/375/375 
f 375/375/375 376/376/376 377/377/377 
f 376/376/376 378/378/378 377/377/377 
f 377/377/377 378/378/378 377/377/377 
f 378/378/378 379/379/379 377/377/377 
f 377/377/377 379/379/379 377/377/377 
f 379/379/379 380/380/380 377/377/377 
f 377/377/377 380/380/380 381/381/381 
f 380/380/380 382/382/382 381/381/381 
f 381/381/381 382/382/382 372/372/372 
f 382/382/382 382/382/382 372/372/372 
f 372/372/372 382/382/382 383/383/383 
f 382/382/382 382/382/382 383/383/383 
f 383/383/383 382/382/382 384/384/384 
f 382/382/382 385/385/385 384/384/384 
f 384/384/384 385/385/385 386/386/386 
f 385/385/385 385/385/385 386/386/386 
f 386/386/386 385/385/385 387/387/387 
f 385/385/385 388/388/388 387/387/387 
f 387/387/387 388/388/388 389/389/389 
f 388/388/388 390/390/390 389/389/389 
f 389/389/389 390/390/390 391/391/391 
f 390/390/390 391/391/391 391/391/391 
f 391/391/391 391/391/391 368/368/368 
f 391/391/391 368/368/368 368/368/368 
f 368/368/368 368/368/368 369/369/369 
f 368/368/368 375/375/375 369/369/369 
f 369/369/369 375/375/375 371/371/371 
f 375/375/375 377/377/377 371/371/371 
f 371/371/371 377/377/377 371/371/371 
f 377/377/377 381/381/381 371/371/371 
f 371/371/371 381/381/381 372/372/372 
f 381/381/381 372/372/372 372/372/372 
f 372/372/372 372/372/372 390/390/390 
f 372/372/372 390/390/390 390/390/390 
f 390/390/390 390/390/390 392/392/392 
f 390/390/390 388/388/388 392/392/392 
f 392/392/392 388/388/388 393/393/393 
f 388/388/388 385/385/385 393/393/393 
f 393/393/393 385/385/385 393/393/393 
f 385/385/385 382/382/382 393/393/393 
f 393/393/393 382/382/382 393/393/393 
f 382/382/382 380/380/380 393/393/393 
f 393/393/393 380/380/380 393/393/393 
f 380/380/380 379/379/379 393/393/393 
f 393/393/393 379/379/379 392/392/392 
f 379/379/379 392/392/392 392/392/392 
f 392/392/392 392/392/392 394/394/394 
f 392/392/392 394/394/394 394/394/394 
f 394/394/394 394/394/394 395/395/395 
f 394/394/394 396/396/396 395/395/395 
f 395/395/395 396/396/396 397/397/397 
f 396/396/396 398/398/398 397/397/397 
f 397/397/397 398/398/398 398/398/398 
f 398/398/398 394/394/394 398/398/398 
f 398/398/398 394/394/394 394/394/394 
f 394/394/394 399/399/399 394/394/394 
f 394/394/394 399/399/399 396/396/396 
f 399/399/399 399/399/399 396/396/396 
f 396/396/396 399/399/399 400/400/400 
f 399/399/399 401/401/401 400/400/400 
f 400/400/400 401/401/401 402/402/402 
f 401/401/401 403/403/403 402/402/402 
f 402/402/402 403/403/403 402/402/402 
f 403/403/403 404/404/404 402/402/402 
f 402/402/402 404/404/404 405/405/405 
f 404/404/404 406/406/406 405/405/405 
f 405/405/405 406/406/406 407/407/407 
f 406/406/406 408/408/408 407/407/407 
f 407/407/407 408/408/408 408/408/408 
f 408/408/408 407/407/407 408/408/408 
f 408/408/408 407/407/407 407/407/407 
f 407/407/407 409/409/409 407/407/407 
f 407/407/407 409/409/409 405/405/405 
f 409/409/409 410/410/410 405/405/405 
f 405/405/405 410/410/410 402/402/402 
f 410/410/410 410/410/410 402/402/402 
f 402/402/402 410/410/410 400/400/400 
f 410/410/410 411/411/411 400/400/400 
f 400/400/400 411/411/411 396/396/396 
f 411/411/411 411/411/411 396/396/396 
f 396/396/396 411/411/411 398/398/398 
f 411/411/411 411/411/411 398/398/398 
f 398/398/398 411/411/411 412/412/412 
f 411/411/411 411/411/411 412/412/412 
f 412/412/412 411/411/411 413/413/413 
f 411/411/411 410/410/410 413/413/413 
f 413/413/413 410/410/410 409/409/409 
f 410/410/410 409/409/409 409/409/409 
f 409/409/409 409/409/409 414/414/414 
f 409/409/409 414/414/414 414/414/414 
f 414/414/414 414/414/414 415/415/415 
f 414/414/414 416/416/416 415/415/415 
f 415/415/415 416/416/416 417/417/417 
f 416/416/416 418/418/418 417/417/417 
f 417/417/417 418/418/418 418/418/418 
f 418/418/418 414/414/414 418/418/418 
f 418/418/418 414/414/414 414/414/414 
f 414/414/414 419/419/419 414/414/414 
f 414/414/414 419/419/419 416/416/416 
f 419/419/419 419/419/419 416/416/416 
f 416/416/416 419/419/419 420/420/420 
f 419/419/419 421/421/421 420/420/420 
f 420/420/420 421/421/421 422/422/422 
f 421/421/421 423/423/423 422/422/422 
f 422/422/422 423/423/423 422/422/422 
f 423/423/423 424/424/424 422/422/422 
f 422/422/422 424/424/424 425/425/425 
f 424/424/424 426/426/426 425/425/425 
f 425/425/425 426/426/426 427/427/427 
f 426/426/426 428/428/428 427/427/427 
f 427/427/427 428/428/428 428/428/428 
f 428/428/428 427/427/427 428/428/428 
f 428/428/428 427/427/427 427/427/427 
f 427/427/427 429/429/429 427/427/427 
f 427/427/427 429/429/429 425/425/425 
f 429/429/429 430/430/430 425/425/425 
f 425/425/425 430/430/430 422/422/422 
f 430/430/430 430/430/430 422/422/422 
f 422/422/422 430/430/430 420/420/420 
f 430/430/430 431/431/431 420/420/420 
f 420/420/420 431/431/431 416/416/416 
f 431/431/431 431/431/431 416/416/416 
f 416/416/416 431/431/431 418/418/418 
f 431/431/431 431/431/431 418/418/418 
f 418/418/418 431/431/431 432/432/432 
f 431/431/431 431/431/431 432/432/432 
f 432/432/432 431/431/431 433/433/433 
f 431/431/431 430/430/430 433/433/433 
f 433/433/433 430/430/430 429/429/429 
f 430/430/430 429/429/429 429/429/429 
f 429/429/429 429/429/429 434/434/434 
f 429/429/429 434/434/434 434/434/434 
f 434/434/434 434/434/434 435/435/435 
f 434/434/434 436/436/436 435/435/435 
f 435/435/435 436/436/436 437/437/437 
f 436/436/436 438/438/438 437/437/437 
f 437/437/437 438/438/438 439/439/439 
f 438/438/438 438/438/438 439/439/439 
f 439/439/439 438/438/438 440/440/440 
f 438/438/438 438/438/438 440/440/440 
f 440/440/440 438/438/438 441/441/441 
f 438/438/438 438/438/438 441/441/441 
f 441/441/441 438/438/438 442/442/442 
f 438/438/438 436/436/436 442/442/442 
f 442/442/442 436/436/436 436/436/436 
f 436/436/436 434/434/434 436/436/436 
f 436/436/436 434/434/434 434/434/434 
f 434/434/434 435/435/435 434/434/434 
f 434/434/434 435/435/435 443/443/443 
f 435/435/435 444/444/444 443/443/443 
f 443/443/443 444/444/444 445/445/445 
f 444/444/444 446/446/446 445/445/445 
f 445/445/445 446/446/446 447/447/447 
f 446/446/446 448/448/448 447/447/447 
f 447/447/447 448/448/448 449/449/449 
f 448/448/448 439/439/439 449/449/449 
f 449/449/449 439/439/439 450/450/450 
f 439/439/439 440/440/440 450/450/450 
f 450/450/450 440/440/440 451/451/451 
f 440/440/440 441/441/441 451/451/451 
f 451/451/451 441/441/441 441/441/441 
f 441/441/441 444/444/444 441/441/441 
f 441/441/441 444/444/444 444/444/444 
f 444/444/444 435/435/435 444/444/444 
f 444/444/444 435/435/435 446/446/446 
f 435/435/435 437/437/437 446/446/446 
f 446/446/446 437/437/437 448/448/448 
f 437/437/437 439/439/439 448/448/448 
f 448/448/448 439/439/439 439/439/439 
f 439/439/439 447/447/447 439/439/439 
f 439/439/439 447/447/447 447/447/447 
f 447/447/447 449/449/449 447/447/447 
f 447/447/447 449/449/449 452/452/452 
f 449/449/449 450/450/450 452/452/452 
f 452/452/452 450/450/450 453/453/453 
f 450/450/450 451/451/451 453/453/453 
f 453/453/453 451/451/451 454/454/454 
f 451/451/451 451/451/451 454/454/454 
f 454/454/454 451/451/451 455/455/455 
f 451/451/451 451/451/451 455/455/455 
f 455/455/455 451/451/451 456/456/456 
f 451/451/451 441/441/441 456/456/456 
f 456/456/456 441/441/441 457/457/457 
f 441/441/441 458/458/458 457/457/457 
f 457/457/457 458/458/458 459/459/459 
f 458/458/458 460/460/460 459/459/459 
f 459/459/459 460/460/460 461/461/461 
f 460/460/460 462/462/462 461/461/461 
f 461/461/461 462/462/462 463/463/463 
f 462/462/462 462/462/462 463/463/463 
f 463/463/463 462/462/462 464/464/464 
f 462/462/462 465/465/465 464/464/464 
f 464/464/464 465/465/465 466/466/466 
f 465/465/465 467/467/467 466/466/466 
f 466/466/466 467/467/467 468/468/468 
f 467/467/467 468/468/468 468/468/468 
f 468/468/468 468/468/468 441/441/441 
f 468/468/468 441/441/441 441/441/441 
f 441/441/441 441/441/441 458/458/458 
f 441/441/441 442/442/442 458/458/458 
f 458/458/458 442/442/442 460/460/460 
f 442/442/442 442/442/442 460/460/460 
f 460/460/460 442/442/442 462/462/462 
f 442/442/442 442/442/442 462/462/462 
f 462/462/462 442/442/442 465/465/465 
f 442/442/442 469/469/469 465/465/465 
f 465/465/465 469/469/469 467/467/467 
f 469/469/469 467/467/467 467/467/467 
f 467/467/467 467/467/467 463/463/463 
f 467/467/467 463/463/463 463/463/463 
f 463/463/463 463/463/463 461/461/461 
f 463/463/463 470/470/470 461/461/461 
f 461/461/461 470/470/470 470/470/470 
f 470/470/470 469/469/469 470/470/470 
f 470/470/470 469/469/469 469/469/469 
f 469/469/469 442/442/442 469/469/469 
f 469/469/469 442/442/442 471/471/471 
f 442/442/442 436/436/436 471/471/471 
f 471/471/471 436/436/436 471/471/471 
f 436/436/436 472/472/472 471/471/471 
f 471/471/471 472/472/472 469/469/469 
f 472/472/472 472/472/472 469/469/469 
f 469/469/469 472/472/472 473/473/473 
f 472/472/472 468/468/468 473/473/473 
f 473/473/473 468/468/468 474/474/474 
f 468/468/468 467/467/467 474/474/474 
f 474/474/474 467/467/467 475/475/475 
f 467/467/467 469/469/469 475/475/475 
f 475/475/475 469/469/469 469/469/469 
f 469/469/469 468/468/468 469/469/469 
f 469/469/469 468/468/468 468/468/468 
f 468/468/468 472/472/472 468/468/468 
f 468/468/468 472/472/472 476/476/476 
f 472/472/472 472/472/472 476/476/476 
f 476/476/476 472/472/472 477/477/477 
f 472/472/472 478/478/478 477/477/477 
f 477/477/477 478/478/478 434/434/434 
f 478/478/478 478/478/478 434/434/434 
f 434/434/434 478/478/478 436/436/436 
f 478/478/478 472/472/472 436/436/436 
f 436/436/436 472/472/472 472/472/472 
f 472/472/472 479/479/479 472/472/472 
f 472/472/472 479/479/479 479/479/479 
f 479/479/479 480/480/480 479/479/479 
f 479/479/479 480/480/480 481/481/481 
f 480/480/480 482/482/482 481/481/481 
f 481/481/481 482/482/482 483/483/483 
f 482/482/482 482/482/482 483/483/483 
f 483/483/483 482/482/482 484/484/484 
f 482/482/482 485/485/485 484/484/484 
f 484/484/484 485/485/485 485/485/485 
f 485/485/485 479/479/479 485/485/485 
f 485/485/485 479/479/479 479/479/479 
f 479/479/479 481/481/481 479/479/479 
f 479/479/479 481/481/481 486/486/486 
f 481/481/481 487/487/487 486/486/486 
f 486/486/486 487/487/487 488/488/488 
f 487/487/487 489/489/489 488/488/488 
f 488/488/488 489/489/489 490/490/490 
f 489/489/489 489/489/489 490/490/490 
f 490/490/490 489/489/489 491/491/491 
f 489/489/489 492/492/492 491/491/491 
f 491/491/491 492/492/492 493/493/493 
f 492/492/492 494/494/494 493/493/493 
f 493/493/493 494/494/494 495/495/495 
f 494/494/494 483/483/483 495/495/495 
f 495/495/495 483/483/483 484/484/484 
f 483/483/483 484/484/484 484/484/484 
f 484/484/484 484/484/484 489/489/489 
f 484/484/484 489/489/489 489/489/489 
f 489/489/489 489/489/489 492/492/492 
f 489/489/489 487/487/487 492/492/492 
f 492/492/492 487/487/487 494/494/494 
f 487/487/487 481/481/481 494/494/494 
f 494/494/494 481/481/481 483/483/483 
f 481/481/481 483/483/483 483/483/483 
f 483/483/483 483/483/483 491/491/491 
f 483/483/483 491/491/491 491/491/491 
f 491/491/491 491/491/491 496/496/496 
f 491/491/491 493/493/493 496/496/496 
f 496/496/496 493/493/493 497/497/497 
f 493/493/493 495/495/495 497/497/497 
f 497/497/497 495/495/495 498/498/498 
f 495/495/495 484/484/484 498/498/498 
f 498/498/498 484/484/484 499/499/499 
f 484/484/484 485/485/485 499/499/499 
f 499/499/499 485/485/485 500/500/500 
f 485/485/485 501/501/501 500/500/500 
f 500/500/500 501/501/501 500/500/500 
f 501/501/501 502/502/502 500/500/500 
f 500/500/500 502/502/502 499/499/499 
f 502/502/502 503/503/503 499/499/499 
f 499/499/499 503/503/503 504/504/504 
f 503/503/503 503/503/503 504/504/504 
f 504/504/504 503/503/503 505/505/505 
f 503/503/503 502/502/502 505/505/505 
f 505/505/505 502/502/502 506/506/506 
f 502/502/502 502/502/502 506/506/506 
f 506/506/506 502/502/502 507/507/507 
f 502/502/502 508/508/508 507/507/507 
f 507/507/507 508/508/508 507/507/507 
f 508/508/508 509/509/509 507/507/507 
f 507/507/507 509/509/509 510/510/510 
f 509/509/509 511/511/511 510/510/510 
f 510/510/510 511/511/511 511/511/511 
f 511/511/511 497/497/497 511/511/511 
f 511/511/511 497/497/497 497/497/497 
f 497/497/497 498/498/498 497/497/497 
f 497/497/497 498/498/498 496/496/496 
f 498/498/498 498/498/498 496/496/496 
f 496/496/496 498/498/498 512/512/512 
f 498/498/498 498/498/498 512/512/512 
f 512/512/512 498/498/498 504/504/504 
f 498/498/498 499/499/499 504/504/504 
f 504/504/504 499/499/499 499/499/499 
f 499/499/499 502/502/502 499/499/499 
f 499/499/499 502/502/502 502/502/502 
f 502/502/502 501/501/501 502/502/502 
f 502/502/502 501/501/501 508/508/508 
f 501/501/501 508/508/508 508/508/508 
f 508/508/508 508/508/508 507/507/507 
f 508/508/508 507/507/507 507/507/507 
f 507/507/507 507/507/507 513/513/513 
f 507/507/507 510/510/510 513/513/513 
f 513/513/513 510/510/510 514/514/514 
f 510/510/510 511/511/511 514/514/514 
f 514/514/514 511/511/511 514/514/514 
f 511/511/511 501/501/501 514/514/514 
f 514/514/514 501/501/501 514/514/514 
f 501/501/501 485/485/485 514/514/514 
f 514/514/514 485/485/485 515/515/515 
f 485/485/485 516/516/516 515/515/515 
f 515/515/515 516/516/516 517/517/517 
f 516/516/516 516/516/516 517/517/517 
f 517/517/517 516/516/516 518/518/518 
f 516/516/516 516/516/516 518/518/518 
f 518/518/518 516/516/516 519/519/519 
f 516/516/516 516/516/516 519/519/519 
f 519/519/519 516/516/516 520/520/520 
f 516/516/516 485/485/485 520/520/520 
f 520/520/520 485/485/485 520/520/520 
f 485/485/485 482/482/482 520/520/520 
f 520/520/520 482/482/482 519/519/519 
f 482/482/482 480/480/480 519/519/519 
f 519/519/519 480/480/480 480/480/480 
f 480/480/480 513/513/513 480/480/480 
f 480/480/480 513/513/513 513/513/513 
f 513/513/513 514/514/514 513/513/513 
f 513/513/513 514/514/514 521/521/521 
f 514/514/514 515/515/515 521/521/521 
f 521/521/521 515/515/515 522/522/522 
f 515/515/515 517/517/517 522/522/522 
f 522/522/522 517/517/517 523/523/523 
f 517/517/517 523/523/523 523/523/523 
f 523/523/523 523/523/523 524/524/524 
f 523/523/523 524/524/524 524/524/524 
f 524/524/524 524/524/524 525/525/525 
f 524/524/524 526/526/526 525/525/525 
f 525/525/525 526/526/526 525/525/525 
f 526/526/526 527/527/527 525/525/525 
f 525/525/525 527/527/527 528/528/528 
f 527/527/527 529/529/529 528/528/528 
f 528/528/528 529/529/529 530/530/530 
f 529/529/529 531/531/531 530/530/530 
f 530/530/530 531/531/531 532/532/532 
f 531/531/531 533/533/533 532/532/532 
f 532/532/532 533/533/533 534/534/534 
f 533/533/533 535/535/535 534/534/534 
f 534/534/534 535/535/535 536/536/536 
f 535/535/535 536/536/536 536/536/536 
f 536/536/536 536/536/536 529/529/529 
f 536/536/536 529/529/529 529/529/529 
f 529/529/529 529/529/529 531/531/531 
f 529/529/529 527/527/527 531/531/531 
f 531/531/531 527/527/527 533/533/533 
f 527/527/527 526/526/526 533/533/533 
f 533/533/533 526/526/526 535/535/535 
f 526/526/526 526/526/526 535/535/535 
f 535/535/535 526/526/526 537/537/537 
f 526/526/526 538/538/538 537/537/537 
f 537/537/537 538/538/538 539/539/539 
f 538/538/538 538/538/538 539/539/539 
f 539/539/539 538/538/538 540/540/540 
f 538/538/538 541/541/541 540/540/540 
f 540/540/540 541/541/541 542/542/542 
f 541/541/541 542/542/542 542/542/542 
f 542/542/542 542/542/542 541/541/541 
f 542/542/542 541/541/541 541/541/541 
f 541/541/541 541/541/541 543/543/543 
f 541/541/541 538/538/538 543/543/543 
f 543/543/543 538/538/538 543/543/543 
f 538/538/538 526/526/526 543/543/543 
f 543/543/543 526/526/526 543/543/543 
f 526/526/526 524/524/524 543/543/543 
f 543/543/543 524/524/524 543/543/543 
f 524/524/524 544/544/544 543/543/543 
f 543/543/543 544/544/544 545/545/545 
f 544/544/544 546/546/546 545/545/545 
f 545/545/545 546/546/546 547/547/547 
f 546/546/546 548/548/548 547/547/547 
f 547/547/547 548/548/548 547/547/547 
f 548/548/548 549/549/549 547/547/547 
f 547/547/547 549/549/549 547/547/547 
f 549/549/549 542/542/542 547/547/547 
f 547/547/547 542/542/542 547/547/547 
f 542/542/542 541/541/541 547/547/547 
f 547/547/547 541/541/541 545/545/545 
f 541/541/541 543/543/543 545/545/545 
f 545/545/545 543/543/543 543/543/543 
f 543/543/543 550/550/550 543/543/543 
f 543/543/543 550/550/550 550/550/550 
f 550/550/550 551/551/551 550/550/550 
f 550/550/550 551/551/551 552/552/552 
f 551/551/551 553/553/553 552/552/552 
f 552/552/552 553/553/553 554/554/554 
f 553/553/553 553/553/553 554/554/554 
f 554/554/554 553/553/553 555/555/555 
f 553/553/553 556/556/556 555/555/555 
f 555/555/555 556/556/556 555/555/555 
f 556/556/556 557/557/557 555/555/555 
f 555/555/555 557/557/557 558/558/558 
f 557/557/557 559/559/559 558/558/558 
f 558/558/558 559/559/559 560/560/560 
f 559/559/559 561/561/561 560/560/560 
f 560/560/560 561/561/561 561/561/561 
f 561/561/561 551/551/551 561/561/561 
f 561/561/561 551/551/551 551/551/551 
f 551/551/551 562/562/562 551/551/551 
f 551/551/551 562/562/562 553/553/553 
f 562/562/562 556/556/556 553/553/553 
f 553/553/553 556/556/556 556/556/556 
f 556/556/556 554/554/554 556/556/556 
f 556/556/556 554/554/554 554/554/554 
f 554/554/554 555/555/555 554/554/554 
f 554/554/554 555/555/555 563/563/563 
f 555/555/555 558/558/558 563/563/563 
f 563/563/563 558/558/558 564/564/564 
f 558/558/558 560/560/560 564/564/564 
f 564/564/564 560/560/560 560/560/560 
f 560/560/560 565/565/565 560/560/560 
f 560/560/560 565/565/565 565/565/565 
f 565/565/565 566/566/566 565/565/565 
f 565/565/565 566/566/566 567/567/567 
f 566/566/566 568/568/568 567/567/567 
f 567/567/567 568/568/568 568/568/568 
f 568/568/568 569/569/569 568/568/568 
f 568/568/568 569/569/569 569/569/569 
f 569/569/569 570/570/570 569/569/569 
f 569/569/569 570/570/570 571/571/571 
f 570/570/570 570/570/570 571/571/571 
f 571/571/571 570/570/570 572/572/572 
f 570/570/570 570/570/570 572/572/572 
f 572/572/572 570/570/570 573/573/573 
f 570/570/570 574/574/574 573/573/573 
f 573/573/573 574/574/574 575/575/575 
f 574/574/574 576/576/576 575/575/575 
f 575/575/575 576/576/576 577/577/577 
f 576/576/576 578/578/578 577/577/577 
f 577/577/577 578/578/578 579/579/579 
f 578/578/578 580/580/580 579/579/579 
f 579/579/579 580/580/580 579/579/579 
f 580/580/580 581/581/581 579/579/579 
f 579/579/579 581/581/581 582/582/582 
f 581/581/581 582/582/582 582/582/582 
f 582/582/582 582/582/582 583/583/583 
f 582/582/582 583/583/583 583/583/583 
f 583/583/583 583/583/583 584/584/584 
f 583/583/583 585/585/585 584/584/584 
f 584/584/584 585/585/585 586/586/586 
f 585/585/585 586/586/586 586/586/586 
f 586/586/586 586/586/586 587/587/587 
f 586/586/586 587/587/587 587/587/587 
f 587/587/587 587/587/587 588/588/588 
f 587/587/587 589/589/589 588/588/588 
f 588/588/588 589/589/589 590/590/590 
f 589/589/589 590/590/590 590/590/590 
f 590/590/590 590/590/590 591/591/591 
f 590/590/590 591/591/591 591/591/591 
f 591/591/591 591/591/591 592/592/592 
f 591/591/591 593/593/593 592/592/592 
f 592/592/592 593/593/593 594/594/594 
f 593/593/593 594/594/594 594/594/594 
f 594/594/594 594/594/594 595/595/595 
f 594/594/594 595/595/595 595/595/595 
f 595/595/595 595/595/595 596/596/596 
f 595/595/595 597/597/597 596/596/596 
f 596/596/596 597/597/597 598/598/598 
f 597/597/597 598/598/598 598/598/598 
f 598/598/598 598/598/598 599/599/599 
f 598/598/598 599/599/599 599/599/599 
f 599/599/599 599/599/599 600/600/600 
f 599/599/599 601/601/601 600/600/600 
f 600/600/600 601/601/601 602/602/602 
f 601/601/601 602/602/602 602/602/602 
f 602/602/602 602/602/602 603/603/603 
f 602/602/602 603/603/603 603/603/603 
f 603/603/603 603/603/603 604/604/604 
f 603/603/603 605/605/605 604/604/604 
f 604/604/604 605/605/605 606/606/606 
f 605/605/605 606/606/606 606/606/606 
f 606/606/606 606/606/606 607/607/607 
f 606/606/606 607/607/607 607/607/607 
f 607/607/607 607/607/607 608/608/608 
f 607/607/607 609/609/609 608/608/608 
f 608/608/608 609/609/609 610/610/610 
f 609/609/609 610/610/610 610/610/610 
f 610/610/610 610/610/610 611/611/611 
f 610/610/610 611/611/611 611/611/611 
f 611/611/611 611/611/611 612/612/612 
f 611/611/611 613/613/613 612/612/612 
f 612/612/612 613/613/613 614/614/614 
f 613/613/613 615/615/615 614/614/614 
f 614/614/614 615/615/615 615/615/615 
f 615/615/615 612/612/612 615/615/615 
f 615/615/615 612/612/612 612/612/612 
f 612/612/612 614/614/614 612/612/612 
f 612/612/612 614/614/614 616/616/616 
f 614/614/614 617/617/617 616/616/616 
f 616/616/616 617/617/617 618/618/618 
f 617/617/617 617/617/617 618/618/618 
f 618/618/618 617/617/617 619/619/619 
f 617/617/617 620/620/620 619/619/619 
f 619/619/619 620/620/620 621/621/621 
f 620/620/620 622/622/622 621/621/621 
f 621/621/621 622/622/622 623/623/623 
f 622/622/622 623/623/623 623/623/623 
f 623/623/623 623/623/623 622/622/622 
f 623/623/623 622/622/622 622/622/622 
f 622/622/622 622/622/622 624/624/624 
f 622/622/622 620/620/620 624/624/624 
f 624/624/624 620/620/620 625/625/625 
f 620/620/620 617/617/617 625/625/625 
f 625/625/625 617/617/617 625/625/625 
f 617/617/617 614/614/614 625/625/625 
f 625/625/625 614/614/614 625/625/625 
f 614/614/614 615/615/615 625/625/625 
f 625/625/625 615/615/615 626/626/626 
f 615/615/615 627/627/627 626/626/626 
f 626/626/626 627/627/627 628/628/628 
f 627/627/627 629/629/629 628/628/628 
f 628/628/628 629/629/629 630/630/630 
f 629/629/629 630/630/630 630/630/630 
f 630/630/630 630/630/630 626/626/626 
f 630/630/630 626/626/626 626/626/626 
f 626/626/626 626/626/626 625/625/625 
f 626/626/626 624/624/624 625/625/625 
f 625/625/625 624/624/624 624/624/624 
f 624/624/624 631/631/631 624/624/624 
f 624/624/624 631/631/631 631/631/631 
f 631/631/631 632/632/632 631/631/631 
f 631/631/631 632/632/632 633/633/633 
f 632/632/632 634/634/634 633/633/633 
f 633/633/633 634/634/634 634/634/634 
f 634/634/634 633/633/633 634/634/634 
f 634/634/634 633/633/633 633/633/633 
f 633/633/633 635/635/635 633/633/633 
f 633/633/633 635/635/635 631/631/631 
f 635/635/635 635/635/635 631/631/631 
f 631/631/631 635/635/635 636/636/636 
f 635/635/635 637/637/637 636/636/636 
f 636/636/636 637/637/637 638/638/638 
f 637/637/637 639/639/639 638/638/638 
f 638/638/638 639/639/639 640/640/640 
f 639/639/639 641/641/641 640/640/640 
f 640/640/640 641/641/641 642/642/642 
f 641/641/641 643/643/643 642/642/642 
f 642/642/642 643/643/643 644/644/644 
f 643/643/643 645/645/645 644/644/644 
f 644/644/644 645/645/645 645/645/645 
f 645/645/645 638/638/638 645/645/645 
f 645/645/645 638/638/638 638/638/638 
f 638/638/638 640/640/640 638/638/638 
f 638/638/638 640/640/640 636/636/636 
f 640/640/640 642/642/642 636/636/636 
f 636/636/636 642/642/642 631/631/631 
f 642/642/642 644/644/644 631/631/631 
f 631/631/631 644/644/644 631/631/631 
f 644/644/644 646/646/646 631/631/631 
f 631/631/631 646/646/646 647/647/647 
f 646/646/646 648/648/648 647/647/647 
f 647/647/647 648/648/648 647/647/647 
f 648/648/648 649/649/649 647/647/647 
f 647/647/647 649/649/649 650/650/650 
f 649/649/649 651/651/651 650/650/650 
f 650/650/650 651/651/651 651/651/651 
f 651/651/651 631/631/631 651/651/651 
f 651/651/651 631/631/631 631/631/631 
f 631/631/631 647/647/647 631/631/631 
f 631/631/631 647/647/647 632/632/632 
f 647/647/647 650/650/650 632/632/632 
f 632/632/632 650/650/650 652/652/652 
f 650/650/650 653/653/653 652/652/652 
f 652/652/652 653/653/653 654/654/654 
f 653/653/653 653/653/653 654/654/654 
f 654/654/654 653/653/653 655/655/655 
f 653/653/653 653/653/653 655/655/655 
f 655/655/655 653/653/653 656/656/656 
f 653/653/653 653/653/653 656/656/656 
f 656/656/656 653/653/653 651/651/651 
f 653/653/653 650/650/650 651/651/651 
f 651/651/651 650/650/650 650/650/650 
f 650/650/650 632/632/632 650/650/650 
f 650/650/650 632/632/632 632/632/632 
f 632/632/632 652/652/652 632/632/632 
f 632/632/632 652/652/652 634/634/634 
f 652/652/652 654/654/654 634/634/634 
f 634/634/634 654/654/654 654/654/654 
f 654/654/654 657/657/657 654/654/654 
f 654/654/654 657/657/657 657/657/657 
f 657/657/657 658/658/658 657/657/657 
f 657/657/657 658/658/658 659/659/659 
f 658/658/658 660/660/660 659/659/659 
f 659/659/659 660/660/660 661/661/661 
f 660/660/660 660/660/660 661/661/661 
f 661/661/661 660/660/660 662/662/662 
f 660/660/660 663/663/663 662/662/662 
f 662/662/662 663/663/663 664/664/664 
f 663/663/663 665/665/665 664/664/664 
f 664/664/664 665/665/665 666/666/666 
f 665/665/665 667/667/667 666/666/666 
f 666/666/666 667/667/667 668/668/668 
f 667/667/667 668/668/668 668/668/668 
f 668/668/668 668/668/668 658/658/658 
f 668/668/668 658/658/658 658/658/658 
f 658/658/658 658/658/658 660/660/660 
f 658/658/658 669/669/669 660/660/660 
f 660/660/660 669/669/669 663/663/663 
f 669/669/669 670/670/670 663/663/663 
f 663/663/663 670/670/670 665/665/665 
f 670/670/670 671/671/671 665/665/665 
f 665/665/665 671/671/671 667/667/667 
f 671/671/671 667/667/667 667/667/667 
f 667/667/667 667/667/667 672/672/672 
f 667/667/667 672/672/672 672/672/672 
f 672/672/672 672/672/672 673/673/673 
f 672/672/672 674/674/674 673/673/673 
f 673/673/673 674/674/674 675/675/675 
f 674/674/674 675/675/675 675/675/675 
f 675/675/675 675/675/675 676/676/676 
f 675/675/675 676/676/676 676/676/676 
f 676/676/676 676/676/676 677/677/677 
f 676/676/676 678/678/678 677/677/677 
f 677/677/677 678/678/678 677/677/677 
f 678/678/678 679/679/679 677/677/677 
f 677/677/677 679/679/679 677/677/677 
f 679/679/679 680/680/680 677/677/677 
f 677/677/677 680/680/680 681/681/681 
f 680/680/680 682/682/682 681/681/681 
f 681/681/681 682/682/682 683/683/683 
f 682/682/682 684/684/684 683/683/683 
f 683/683/683 684/684/684 685/685/685 
f 684/684/684 686/686/686 685/685/685 
f 685/685/685 686/686/686 687/687/687 
f 686/686/686 686/686/686 687/687/687 
f 687/687/687 686/686/686 688/688/688 
f 686/686/686 689/689/689 688/688/688 
f 688/688/688 689/689/689 689/689/689 
f 689/689/689 690/690/690 689/689/689 
f 689/689/689 690/690/690 690/690/690 
f 690/690/690 691/691/691 690/690/690 
f 690/690/690 691/691/691 692/692/692 
f 691/691/691 693/693/693 692/692/692 
f 692/692/692 693/693/693 693/693/693 
f 693/693/693 694/694/694 693/693/693 
f 693/693/693 694/694/694 694/694/694 
f 694/694/694 695/695/695 694/694/694 
f 694/694/694 695/695/695 696/696/696 
f 695/695/695 697/697/697 696/696/696 
f 696/696/696 697/697/697 697/697/697 
f 697/697/697 698/698/698 697/697/697 
f 697/697/697 698/698/698 698/698/698 
f 698/698/698 699/699/699 698/698/698 
f 698/698/698 699/699/699 700/700/700 
f 699/699/699 701/701/701 700/700/700 
f 700/700/700 701/701/701 701/701/701 
f 701/701/701 702/702/702 701/701/701 
f 701/701/701 702/702/702 702/702/702 
f 702/702/702 703/703/703 702/702/702 
f 702/702/702 703/703/703 704/704/704 
f 703/703/703 705/705/705 704/704/704 
f 704/704/704 705/705/705 705/705/705 
f 705/705/705 706/706/706 705/705/705 
f 705/705/705 706/706/706 706/706/706 
f 706/706/706 707/707/707 706/706/706 
f 706/706/706 707/707/707 708/708/708 
f 707/707/707 709/709/709 708/708/708 
f 708/708/708 709/709/709 709/709/709 
f 709/709/709 710/710/710 709/709/709 
f 709/709/709 710/710/710 710/710/710 
f 710/710/710 711/711/711 710/710/710 
f 710/710/710 711/711/711 712/712/712 
f 711/711/711 713/713/713 712/712/712 
f 712/712/712 713/713/713 713/713/713 
f 713/713/713 714/714/714 713/713/713 
f 713/713/713 714/714/714 714/714/714 
f 714/714/714 715/715/715 714/714/714 
f 714/714/714 715/715/715 716/716/716 
f 715/715/715 717/717/717 716/716/716 
f 716/716/716 717/717/717 717/717/717 
f 717/717/717 718/718/718 717/717/717 
f 717/717/717 718/718/718 718/718/718 
f 718/718/718 719/719/719 718/718/718 
f 718/718/718 719/719/719 720/720/720 
f 719/719/719 721/721/721 720/720/720 
f 720/720/720 721/721/721 722/722/722 
f 721/721/721 722/722/722 722/722/722 
f 722/722/722 722/722/722 719/719/719 
f 722/722/722 719/719/719 719/719/719 
f 719/719/719 719/719/719 721/721/721 
f 719/719/719 723/723/723 721/721/721 
f 721/721/721 723/723/723 724/724/724 
f 723/723/723 725/725/725 724/724/724 
f 724/724/724 725/725/725 724/724/724 
f 725/725/725 726/726/726 724/724/724 
f 724/724/724 726/726/726 727/727/727 
f 726/726/726 728/728/728 727/727/727 
f 727/727/727 728/728/728 729/729/729 
f 728/728/728 730/730/730 729/729/729 
f 729/729/729 730/730/730 730/730/730 
f 730/730/730 729/729/729 730/730/730 
f 730/730/730 729/729/729 729/729/729 
f 729/729/729 731/731/731 729/729/729 
f 729/729/729 731/731/731 727/727/727 
f 731/731/731 732/732/732 727/727/727 
f 727/727/727 732/732/732 724/724/724 
f 732/732/732 732/732/732 724/724/724 
f 724/724/724 732/732/732 721/721/721 
f 732/732/732 732/732/732 721/721/721 
f 721/721/721 732/732/732 722/722/722 
f 732/732/732 733/733/733 722/722/722 
f 722/722/722 733/733/733 734/734/734 
f 733/733/733 735/735/735 734/734/734 
f 734/734/734 735/735/735 736/736/736 
f 735/735/735 737/737/737 736/736/736 
f 736/736/736 737/737/737 737/737/737 
f 737/737/737 733/733/733 737/737/737 
f 737/737/737 733/733/733 733/733/733 
f 733/733/733 732/732/732 733/733/733 
f 733/733/733 732/732/732 731/731/731 
f 732/732/732 731/731/731 731/731/731 
f 731/731/731 731/731/731 738/738/738 
f 731/731/731 738/738/738 738/738/738 
f 738/738/738 738/738/738 739/739/739 
f 738/738/738 740/740/740 739/739/739 
f 739/739/739 740/740/740 741/741/741 
f 740/740/740 742/742/742 741/741/741 
f 741/741/741 742/742/742 743/743/743 
f 742/742/742 744/744/744 743/743/743 
f 743/743/743 744/744/744 745/745/745 
f 744/744/744 746/746/746 745/745/745 
f 745/745/745 746/746/746 747/747/747 
f 746/746/746 748/748/748 747/747/747 
f 747/747/747 748/748/748 747/747/747 
f 748/748/748 749/749/749 747/747/747 
f 747/747/747 749/749/749 741/741/741 
f 749/749/749 739/739/739 741/741/741 
f 741/741/741 739/739/739 739/739/739 
f 739/739/739 745/745/745 739/739/739 
f 739/739/739 745/745/745 745/745/745 
f 745/745/745 747/747/747 745/745/745 
f 745/745/745 747/747/747 743/743/743 
f 747/747/747 741/741/741 743/743/743 
f 743/743/743 741/741/741 741/741/741 
f 741/741/741 750/750/750 741/741/741 
f 741/741/741 750/750/750 750/750/750 
f 750/750/750 751/751/751 750/750/750 
f 750/750/750 751/751/751 752/752/752 
f 751/751/751 751/751/751 752/752/752 
f 752/752/752 751/751/751 753/753/753 
f 751/751/751 754/754/754 753/753/753 
f 753/753/753 754/754/754 755/755/755 
f 754/754/754 754/754/754 755/755/755 
f 755/755/755 754/754/754 756/756/756 
f 754/754/754 757/757/757 756/756/756 
f 756/756/756 757/757/757 758/758/758 
f 757/757/757 751/751/751 758/758/758 
f 758/758/758 751/751/751 758/758/758 
f 751/751/751 750/750/750 758/758/758 
f 758/758/758 750/750/750 758/758/758 
f 750/750/750 759/759/759 758/758/758 
f 758/758/758 759/759/759 760/760/760 
f 759/759/759 761/761/761 760/760/760 
f 760/760/760 761/761/761 761/761/761 
f 761/761/761 751/751/751 761/761/761 
f 761/761/761 751/751/751 751/751/751 
f 751/751/751 757/757/757 751/751/751 
f 751/751/751 757/757/757 754/754/754 
f 757/757/757 754/754/754 754/754/754 
f 754/754/754 754/754/754 758/758/758 
f 754/754/754 758/758/758 758/758/758 
f 758/758/758 758/758/758 756/756/756 
f 758/758/758 760/760/760 756/756/756 
f 756/756/756 760/760/760 760/760/760 
f 760/760/760 762/762/762 760/760/760 
f 760/760/760 762/762/762 762/762/762 
f 762/762/762 763/763/763 762/762/762 
f 762/762/762 763/763/763 764/764/764 
f 763/763/763 763/763/763 764/764/764 
f 764/764/764 763/763/763 765/765/765 
f 763/763/763 766/766/766 765/765/765 
f 765/765/765 766/766/766 767/767/767 
f 766/766/766 767/767/767 767/767/767 
f 767/767/767 767/767/767 768/768/768 
f 767/767/767 768/768/768 768/768/768 
f 768/768/768 768/768/768 769/769/769 
f 768/768/768 770/770/770 769/769/769 
f 769/769/769 770/770/770 771/771/771 
f 770/770/770 772/772/772 771/771/771 
f 771/771/771 772/772/772 773/773/773 

