mtllib model_129.mtl
o model_129
v 31.811235427856445 -243.2651824951172 -497.0796203613281 
v 51.971412658691406 -243.2651824951172 -500.0190734863281 
v 40.815155029296875 -225.02859497070312 -500.2290344238281 
v 61.26231002807617 -233.20361328125 -510.0971374511719 
v 65.45935821533203 -225.02859497070312 -519.4403686523438 
v 34.322288513183594 -265.6940612792969 -498.7593078613281 
v 51.54094314575195 -265.4844665527344 -500.75390625 
v 36.833343505859375 -288.12298583984375 -500.43896484375 
v 51.110477447509766 -287.7037658691406 -501.59375 
v 39.59550094604492 -327.74041748046875 -507.8925476074219 
v 50.106056213378906 -327.9500427246094 -508.6274108886719 
v 38.842185974121094 -336.9635314941406 -510.41204833984375 
v 49.06576156616211 -332.35198974609375 -509.6772155761719 
v 47.63087463378906 -338.43084716796875 -511.14691162109375 
v 58.177303314208984 -327.111572265625 -514.7162475585938 
v 56.95764923095703 -340.1077575683594 -516.8158569335938 
v 61.94388198852539 -288.3326110839844 -509.8871765136719 
v 61.54928970336914 -269.88641357421875 -508.6274108886719 
v 61.11882019042969 -251.64981079101562 -507.4726257324219 
v 60.6883544921875 -325.8538818359375 -523.9544677734375 
v 65.208251953125 -289.3807067871094 -522.1697998046875 
v 63.55813217163086 -273.0306396484375 -521.4349975585938 
v 58.823001861572266 -341.1558532714844 -525.2142333984375 
v 56.74241256713867 -324.3865661621094 -532.6678466796875 
v 55.235782623291016 -341.5750732421875 -533.0877685546875 
v 46.05249786376953 -333.4000549316406 -537.4968872070312 
v 44.79697036743164 -340.7366027832031 -537.4968872070312 
v 47.77436447143555 -323.3385009765625 -537.6018676757812 
v 47.37976837158203 -291.68646240234375 -540.2263793945312 
v 59.64806365966797 -290.6383972167969 -533.7176513671875 
v 45.15569305419922 -280.5768127441406 -539.9114379882812 
v 62.5537109375 -277.6422119140625 -533.2977294921875 
v 42.96748733520508 -269.4671630859375 -539.5964965820312 
v 63.0559196472168 -264.6460266113281 -532.8778076171875 
v 42.3217887878418 -256.2613525390625 -540.3313598632812 
v 61.87213897705078 -256.68060302734375 -520.5951538085938 
v 63.52225875854492 -245.36134338378906 -517.0258178710938 
v 67.82691955566406 -236.97669982910156 -528.8885498046875 
v 68.9748306274414 -225.02859497070312 -528.2586669921875 
v 71.2706527709961 -211.82278442382812 -527.4188232421875 
v 71.2706527709961 -211.82278442382812 -544.6355590820312 
v 71.01954650878906 -225.02859497070312 -544.6355590820312 
v 68.9748306274414 -225.0286102294922 -560.907470703125 
v 71.2706527709961 -211.82278442382812 -561.747314453125 
v 65.45935821533203 -225.0286102294922 -569.7257690429688 
v 40.815155029296875 -225.0286102294922 -588.9371337890625 
v 61.26231002807617 -233.20362854003906 -579.0689697265625 
v 51.971412658691406 -243.26519775390625 -589.1470947265625 
v 31.811235427856445 -243.26519775390625 -592.0865478515625 
v 34.322288513183594 -265.694091796875 -590.4068603515625 
v 51.54094314575195 -265.4844665527344 -588.4122314453125 
v 36.833343505859375 -288.1230163574219 -588.7271728515625 
v 48.24070358276367 -207.21121215820312 -508.4174499511719 
v 48.24070358276367 -207.2112274169922 -580.7486572265625 
v 61.11882019042969 -251.6498260498047 -581.6934814453125 
v 51.110477447509766 -287.70379638671875 -587.5723876953125 
v 61.54928970336914 -269.88641357421875 -580.5386962890625 
v 39.59550094604492 -327.7404479980469 -581.2735595703125 
v 50.106056213378906 -327.9500427246094 -580.5386962890625 
v 38.842185974121094 -336.9635314941406 -578.7540283203125 
v 49.06576156616211 -332.35198974609375 -579.4888916015625 
v 47.63087463378906 -338.43084716796875 -578.0191650390625 
v 58.177303314208984 -327.111572265625 -574.4498901367188 
v 56.95764923095703 -340.1077880859375 -572.3502807617188 
v 61.94388198852539 -288.3326110839844 -579.2789306640625 
v 63.55813217163086 -273.0306701660156 -567.7311401367188 
v 65.208251953125 -289.3807067871094 -566.9962768554688 
v 60.6883544921875 -325.8538818359375 -565.2116088867188 
v 58.823001861572266 -341.1558532714844 -563.9518432617188 
v 56.74241256713867 -324.3865661621094 -556.498291015625 
v 55.235782623291016 -341.5751037597656 -556.078369140625 
v 46.05249786376953 -333.4000549316406 -551.669189453125 
v 44.79697036743164 -340.73663330078125 -551.669189453125 
v 47.77436447143555 -323.3385009765625 -551.564208984375 
v 47.37976837158203 -291.6864929199219 -548.9397583007812 
v 59.64806365966797 -290.6383972167969 -555.448486328125 
v 45.15569305419922 -280.57684326171875 -549.2546997070312 
v 62.5537109375 -277.6422119140625 -555.868408203125 
v 42.96748733520508 -269.4671630859375 -549.5696411132812 
v 63.0559196472168 -264.6460266113281 -556.288330078125 
v 42.3217887878418 -256.2613525390625 -548.8347778320312 
v 61.87213897705078 -256.68060302734375 -568.5709838867188 
v 63.52225875854492 -245.36134338378906 -572.1403198242188 
v 67.82691955566406 -236.97671508789062 -560.277587890625 
v 67.82691955566406 -236.97671508789062 -544.6355590820312 
v 66.14093017578125 -243.68441772460938 -533.4027099609375 
v 64.56255340576172 -248.50558471679688 -528.6785888671875 
v 64.74191284179688 -251.85943603515625 -541.2761840820312 
v 64.74191284179688 -251.85943603515625 -544.6355590820312 
v 42.14242935180664 -256.4709777832031 -544.6355590820312 
v 64.74191284179688 -251.85943603515625 -547.8899536132812 
v 64.56255340576172 -248.50558471679688 -560.487548828125 
v 66.14093017578125 -243.68443298339844 -555.763427734375 
v 66.14093017578125 -243.68441772460938 -544.6355590820312 
v 6.951798439025879 -236.97669982910156 -528.8885498046875 
v 7.669244766235352 -252.06906127929688 -533.4027099609375 
v 12.906585693359375 -255.84214782714844 -515.9760131835938 
v 14.700193405151367 -264.01715087890625 -529.0985107421875 
v 40.815155029296875 -225.02859497070312 -500.2290344238281 
v 28.475120544433594 -225.02859497070312 -502.32861328125 
v 31.811235427856445 -243.2651824951172 -497.0796203613281 
v 10.646636962890625 -225.02859497070312 -519.5453491210938 
v 18.825498580932617 -247.87672424316406 -503.79833984375 
v 6.951798439025879 -236.97671508789062 -544.6355590820312 
v 7.669244766235352 -252.06906127929688 -544.6355590820312 
v 48.24070358276367 -207.21121215820312 -508.4174499511719 
v 25.210750579833984 -202.80929565429688 -526.8939208984375 
v 10.646636962890625 -225.02859497070312 -544.6355590820312 
v 10.646636962890625 -225.0286102294922 -569.6207885742188 
v 25.210750579833984 -202.80929565429688 -562.272216796875 
v 28.295759201049805 -225.0286102294922 -583.3731689453125 
v 48.24070358276367 -207.2112274169922 -580.7486572265625 
v 40.815155029296875 -225.0286102294922 -588.9371337890625 
v 31.811235427856445 -243.26519775390625 -592.0865478515625 
v 18.825498580932617 -247.87673950195312 -585.3677978515625 
v 21.695274353027344 -268.41912841796875 -583.7930908203125 
v 34.322288513183594 -265.694091796875 -590.4068603515625 
v 24.56505012512207 -288.96148681640625 -582.2183837890625 
v 36.833343505859375 -288.1230163574219 -588.7271728515625 
v 30.627452850341797 -326.6923522949219 -576.3394775390625 
v 39.59550094604492 -327.7404479980469 -581.2735595703125 
v 38.842185974121094 -336.9635314941406 -578.7540283203125 
v 31.20140838623047 -336.12506103515625 -574.3449096679688 
v 27.650060653686523 -336.3346862792969 -566.4713745117188 
v 26.64563751220703 -325.22503662109375 -567.6261596679688 
v 29.479541778564453 -337.5923767089844 -558.072998046875 
v 25.210750579833984 -202.3900604248047 -544.6355590820312 
v 19.004859924316406 -290.4288024902344 -570.6705932617188 
v 15.95572280883789 -273.0306701660156 -571.9303588867188 
v 12.906585693359375 -255.8421630859375 -573.1901245117188 
v 6.951798439025879 -236.97671508789062 -560.277587890625 
v 7.669244766235352 -252.06906127929688 -555.763427734375 
v 24.636795043945312 -260.8729248046875 -544.6355590820312 
v 24.636795043945312 -260.8729248046875 -541.2761840820312 
v 27.82942008972168 -269.257568359375 -538.1267700195312 
v 42.96748733520508 -269.4671630859375 -539.5964965820312 
v 42.3217887878418 -256.2613525390625 -540.3313598632812 
v 42.14242935180664 -256.4709777832031 -544.6355590820312 
v 42.3217887878418 -256.2613525390625 -548.8347778320312 
v 24.636795043945312 -260.8729248046875 -547.8899536132812 
v 42.96748733520508 -269.4671630859375 -549.5696411132812 
v 27.82942008972168 -269.257568359375 -551.039306640625 
v 45.15569305419922 -280.57684326171875 -549.2546997070312 
v 30.448091506958008 -280.57684326171875 -550.514404296875 
v 47.37976837158203 -291.6864929199219 -548.9397583007812 
v 33.10263442993164 -292.105712890625 -549.989501953125 
v 47.77436447143555 -323.3385009765625 -551.564208984375 
v 14.700193405151367 -264.0171813964844 -560.067626953125 
v 17.64171600341797 -277.8518371582031 -559.227783203125 
v 22.269229888916016 -291.47686767578125 -558.282958984375 
v 29.192564010620117 -323.96734619140625 -558.492919921875 
v 36.04415512084961 -339.0596923828125 -552.404052734375 
v 37.227935791015625 -323.3385009765625 -552.299072265625 
v 46.05249786376953 -333.4000549316406 -551.669189453125 
v 44.79697036743164 -340.73663330078125 -551.669189453125 
v 39.59550094604492 -327.74041748046875 -507.8925476074219 
v 30.627452850341797 -326.6923522949219 -512.8265991210938 
v 38.842185974121094 -336.9635314941406 -510.41204833984375 
v 31.20140838623047 -336.12506103515625 -514.8212280273438 
v 27.650060653686523 -336.3346862792969 -522.6947021484375 
v 36.833343505859375 -288.12298583984375 -500.43896484375 
v 24.56505012512207 -288.9614562988281 -506.9477233886719 
v 34.322288513183594 -265.6940612792969 -498.7593078613281 
v 21.695274353027344 -268.4190979003906 -505.373046875 
v 15.95572280883789 -273.0306396484375 -517.2357788085938 
v 17.64171600341797 -277.851806640625 -529.9383544921875 
v 30.448091506958008 -280.5768127441406 -538.6516723632812 
v 45.15569305419922 -280.5768127441406 -539.9114379882812 
v 47.37976837158203 -291.68646240234375 -540.2263793945312 
v 33.10263442993164 -292.105712890625 -539.1765747070312 
v 22.269229888916016 -291.47686767578125 -530.8831787109375 
v 19.004859924316406 -290.42877197265625 -518.4955444335938 
v 26.64563751220703 -325.22503662109375 -521.5399169921875 
v 29.479541778564453 -337.5923767089844 -531.0931396484375 
v 29.192564010620117 -323.96734619140625 -530.6732177734375 
v 37.227935791015625 -323.3385009765625 -536.8670043945312 
v 47.77436447143555 -323.3385009765625 -537.6018676757812 
v 46.05249786376953 -333.4000549316406 -537.4968872070312 
v 36.04415512084961 -339.0596923828125 -536.7620239257812 
v 44.79697036743164 -340.7366027832031 -537.4968872070312 
v 44.79697036743164 -340.7366027832031 -537.4968872070312 
v 36.04415512084961 -339.0596923828125 -536.7620239257812 
v 43.18272018432617 -344.928955078125 -538.1267700195312 
v 33.030887603759766 -348.4924011230469 -538.2317504882812 
v 40.671669006347656 -351.63665771484375 -539.0715942382812 
v 34.896244049072266 -378.4674987792969 -541.9060668945312 
v 25.641216278076172 -373.85595703125 -540.9612426757812 
v 34.967987060546875 -448.479248046875 -538.6516723632812 
v 30.01762580871582 -447.85040283203125 -538.1267700195312 
v 18.71788215637207 -370.0828552246094 -534.3474731445312 
v 26.286914825439453 -447.2215576171875 -534.6624145507812 
v 16.78078269958496 -368.8251647949219 -524.3743896484375 
v 25.174877166748047 -446.80230712890625 -529.4134521484375 
v 20.583236694335938 -370.5020751953125 -514.9262084960938 
v 27.111976623535156 -447.0119323730469 -524.3743896484375 
v 28.618608474731445 -374.2751770019531 -509.67718505859375 
v 31.416641235351562 -447.6407775878906 -521.6448974609375 
v 35.36258316040039 -348.4924011230469 -508.5224304199219 
v 28.726224899291992 -345.9770202636719 -513.4564819335938 
v 25.641216278076172 -345.1385498046875 -522.3797607421875 
v 27.291336059570312 -345.9770202636719 -531.9329833984375 
v 29.479541778564453 -337.5923767089844 -531.0931396484375 
v 27.650060653686523 -336.3346862792969 -522.6947021484375 
v 31.20140838623047 -336.12506103515625 -514.8212280273438 
v 38.842185974121094 -336.9635314941406 -510.41204833984375 
v 38.842185974121094 -336.9635314941406 -510.41204833984375 
v 44.689353942871094 -346.8154602050781 -509.99212646484375 
v 47.63087463378906 -338.43084716796875 -511.14691162109375 
v 56.95764923095703 -340.1077575683594 -516.8158569335938 
v 35.36258316040039 -348.4924011230469 -508.5224304199219 
v 43.003360748291016 -351.63665771484375 -509.3622741699219 
v 28.618608474731445 -374.2751770019531 -509.67718505859375 
v 37.87363815307617 -379.0963439941406 -510.51702880859375 
v 31.416641235351562 -447.6407775878906 -521.6448974609375 
v 36.36700439453125 -448.2696228027344 -522.0648193359375 
v 44.79697036743164 -382.6598205566406 -517.2357788085938 
v 40.097713470458984 -448.8984680175781 -525.6341552734375 
v 46.73406982421875 -383.9175109863281 -527.2088623046875 
v 41.20975112915039 -449.10809326171875 -530.8831176757812 
v 42.96748733520508 -382.4501953125 -536.6570434570312 
v 39.236778259277344 -449.10809326171875 -535.8171997070312 
v 34.896244049072266 -378.4674987792969 -541.9060668945312 
v 34.967987060546875 -448.479248046875 -538.6516723632812 
v 40.671669006347656 -351.63665771484375 -539.0715942382812 
v 47.30802536010742 -354.15203857421875 -534.0325317382812 
v 50.39303207397461 -354.9905090332031 -525.1092529296875 
v 48.74291229248047 -354.15203857421875 -515.6610717773438 
v 58.823001861572266 -341.1558532714844 -525.2142333984375 
v 55.235782623291016 -341.5750732421875 -533.0877685546875 
v 44.79697036743164 -340.7366027832031 -537.4968872070312 
v 43.18272018432617 -344.928955078125 -538.1267700195312 
v 18.28741455078125 -125.25137329101562 -512.51171875 
v 27.00436019897461 -112.884033203125 -513.9814453125 
v 21.838764190673828 -113.51288604736328 -530.7781982421875 
v 28.044652938842773 -101.14554595947266 -536.7620849609375 
v 20.54736328125 -113.30326843261719 -544.6355590820312 
v 24.780284881591797 -100.30707550048828 -544.6355590820312 
v 28.044652938842773 -101.14554595947266 -552.4041137695312 
v 21.838764190673828 -113.51289367675781 -558.387939453125 
v 27.00436019897461 -112.88404083251953 -575.1847534179688 
v 18.28741455078125 -125.25138092041016 -576.6544799804688 
v 16.888399124145508 -125.46099853515625 -561.117431640625 
v 16.242698669433594 -125.88023376464844 -544.6355590820312 
v 15.166534423828125 -135.10333251953125 -544.6355590820312 
v 16.888399124145508 -125.46099090576172 -528.0487670898438 
v 15.094788551330566 -134.8937225341797 -562.902099609375 
v 21.6235294342041 -139.71487426757812 -578.4391479492188 
v 16.386188507080078 -151.66299438476562 -564.161865234375 
v 46.16011428833008 -138.6667938232422 -578.8590698242188 
v 45.76552200317383 -156.27455139160156 -576.8644409179688 
v 28.76209831237793 -184.15347290039062 -564.371826171875 
v 49.31686782836914 -183.7342529296875 -575.1847534179688 
v 48.778785705566406 -195.4727325439453 -575.8146362304688 
v 27.07610511779785 -193.58619689941406 -562.062255859375 
v 48.24070358276367 -207.2112274169922 -580.7486572265625 
v 25.210750579833984 -202.80929565429688 -562.272216796875 
v 27.07610511779785 -192.53810119628906 -544.6355590820312 
v 25.210750579833984 -202.3900604248047 -544.6355590820312 
v 25.210750579833984 -202.80929565429688 -526.8939208984375 
v 27.07610511779785 -193.58619689941406 -527.1038818359375 
v 48.24070358276367 -207.21121215820312 -508.4174499511719 
v 48.778785705566406 -195.4727325439453 -513.3515014648438 
v 28.76209831237793 -184.15347290039062 -524.7943725585938 
v 49.31686782836914 -183.73423767089844 -513.9813842773438 
v 45.76552200317383 -156.2745361328125 -512.3017578125 
v 16.386188507080078 -151.66297912597656 -525.0043334960938 
v 46.16011428833008 -138.66677856445312 -510.30712890625 
v 21.6235294342041 -139.71487426757812 -510.7270202636719 
v 15.094788551330566 -134.89370727539062 -526.2640991210938 
v 16.386188507080078 -151.66297912597656 -544.6355590820312 
v 28.76209831237793 -182.2669219970703 -544.6355590820312 
v 44.11539840698242 -175.76881408691406 -479.1280517578125 
v 36.08002471923828 -173.46304321289062 -474.5089416503906 
v 43.86429214477539 -169.0611114501953 -481.8575439453125 
v 36.08002471923828 -167.174560546875 -476.7135009765625 
v 44.58173751831055 -157.32260131835938 -489.41607666015625 
v 36.833343505859375 -154.59759521484375 -482.2774658203125 
v 43.075103759765625 -136.5706329345703 -500.6489562988281 
v 39.1291618347168 -134.26486206054688 -492.46051025390625 
v 40.13358688354492 -128.81484985351562 -493.61529541015625 
v 44.258888244628906 -127.97637939453125 -501.6987609863281 
v 37.12031936645508 -121.68789672851562 -495.08502197265625 
v 46.16011428833008 -138.66677856445312 -510.30712890625 
v 42.28591537475586 -160.4668426513672 -496.5547180175781 
v 42.85987091064453 -173.04380798339844 -490.36090087890625 
v 43.003360748291016 -179.33229064941406 -487.0015563964844 
v 33.85594940185547 -180.38037109375 -490.15093994140625 
v 34.1070556640625 -174.93035888671875 -493.72027587890625 
v 32.026466369628906 -161.72454833984375 -498.6543273925781 
v 21.6235294342041 -139.71487426757812 -510.7270202636719 
v 23.381267547607422 -137.4091033935547 -500.9638977050781 
v 18.28741455078125 -125.25137329101562 -512.51171875 
v 20.977828979492188 -125.67060852050781 -502.3286437988281 
v 27.00436019897461 -112.884033203125 -513.9814453125 
v 27.97290802001953 -115.81864929199219 -503.4834289550781 
v 25.0672607421875 -127.34752655029297 -494.14019775390625 
v 29.587158203125 -121.05904388427734 -495.39996337890625 
v 37.12031936645508 -121.68789672851562 -495.08502197265625 
v 32.313446044921875 -128.605224609375 -493.82525634765625 
v 40.13358688354492 -128.81484985351562 -493.61529541015625 
v 39.1291618347168 -134.26486206054688 -492.46051025390625 
v 26.358659744262695 -134.89370727539062 -492.77545166015625 
v 24.170455932617188 -159.20916748046875 -492.46051025390625 
v 26.32278823852539 -172.8341827392578 -488.6812438964844 
v 26.932615280151367 -178.07460021972656 -485.3218688964844 
v 27.32720947265625 -169.0611114501953 -480.1778564453125 
v 27.97290802001953 -174.93035888671875 -478.0782470703125 
v 36.08002471923828 -173.46304321289062 -474.5089416503906 
v 36.08002471923828 -167.174560546875 -476.7135009765625 
v 36.833343505859375 -154.59759521484375 -482.2774658203125 
v 26.573894500732422 -155.64569091796875 -484.2720642089844 
v 36.65398025512695 -179.7515106201172 -469.5748596191406 
v 27.614187240600586 -181.63807678222656 -473.1441955566406 
v 36.08002471923828 -173.46304321289062 -474.5089416503906 
v 27.97290802001953 -174.93035888671875 -478.0782470703125 
v 27.040231704711914 -185.83038330078125 -482.0674743652344 
v 26.932615280151367 -178.07460021972656 -485.3218688964844 
v 33.85594940185547 -180.38037109375 -490.15093994140625 
v 34.68101119995117 -187.9265594482422 -487.5264587402344 
v 43.326210021972656 -185.83038330078125 -483.9571228027344 
v 43.003360748291016 -179.33229064941406 -487.0015563964844 
v 44.72522735595703 -181.84768676757812 -475.0338134765625 
v 44.11539840698242 -175.76881408691406 -479.1280517578125 
v 36.08002471923828 -173.46304321289062 -474.5089416503906 
v 36.65398025512695 -179.7515106201172 -469.5748596191406 
v 43.21859359741211 -220.62664794921875 -459.1818542480469 
v 37.65840148925781 -219.36892700195312 -455.5075378417969 
v 37.76601791381836 -225.02857971191406 -453.5129089355469 
v 43.003360748291016 -226.07664489746094 -456.8722839355469 
v 41.38911056518555 -223.77088928222656 -465.16571044921875 
v 41.13800811767578 -229.22088623046875 -462.54119873046875 
v 36.223514556884766 -223.77088928222656 -467.6852111816406 
v 36.43874740600586 -228.80165100097656 -464.85076904296875 
v 30.699195861816406 -222.51318359375 -464.01092529296875 
v 31.34489631652832 -220.41702270507812 -457.9220886230469 
v 37.65840148925781 -219.36892700195312 -455.5075378417969 
v 37.76601791381836 -225.02857971191406 -453.5129089355469 
v 31.882978439331055 -226.07664489746094 -455.7174987792969 
v 31.20140838623047 -227.9632110595703 -461.38641357421875 
v 52.50949478149414 -241.1689910888672 -448.683837890625 
v 52.4736213684082 -243.47479248046875 -450.888427734375 
v 47.02104568481445 -235.0901336669922 -450.258544921875 
v 46.16011428833008 -237.8151397705078 -453.9328308105469 
v 45.40679931640625 -234.4613037109375 -449.103759765625 
v 43.54144287109375 -236.76707458496094 -455.0876159667969 
v 45.873138427734375 -238.6536102294922 -446.374267578125 
v 44.83284378051758 -239.282470703125 -451.203369140625 
v 45.08395004272461 -243.05555725097656 -448.578857421875 
v 46.16011428833008 -243.05555725097656 -444.4846496582031 
v 46.30360412597656 -246.40940856933594 -443.1199035644531 
v 45.263309478759766 -246.40940856933594 -447.004150390625 
v 45.90900802612305 -262.130615234375 -438.8157043457031 
v 45.11981964111328 -261.08251953125 -441.6501770019531 
v 31.20140838623047 -227.9632110595703 -461.38641357421875 
v 31.882978439331055 -226.07664489746094 -455.7174987792969 
v 28.65447998046875 -235.0901336669922 -454.3527526855469 
v 29.515413284301758 -233.83245849609375 -448.368896484375 
v 27.32720947265625 -239.49208068847656 -450.153564453125 
v 28.33163070678711 -239.07284545898438 -445.3244934082031 
v 27.07610511779785 -243.47479248046875 -447.529052734375 
v 28.152271270751953 -243.47479248046875 -443.5398254394531 
v 28.546865463256836 -246.82864379882812 -442.3850402832031 
v 27.50657081604004 -246.61903381347656 -446.164306640625 
v 31.9905948638916 -261.50177001953125 -441.3352355957031 
v 32.77978515625 -262.3402404785156 -438.39581298828125 
v 31.20140838623047 -227.9632110595703 -461.38641357421875 
v 28.65447998046875 -235.0901336669922 -454.3527526855469 
v 35.86479187011719 -235.50936889648438 -457.9220886230469 
v 35.434326171875 -239.49208068847656 -453.8278503417969 
v 44.83284378051758 -239.282470703125 -451.203369140625 
v 45.08395004272461 -243.05555725097656 -448.578857421875 
v 43.54144287109375 -236.76707458496094 -455.0876159667969 
v 36.43874740600586 -228.80165100097656 -464.85076904296875 
v 41.13800811767578 -229.22088623046875 -462.54119873046875 
v 48.9940185546875 -235.0901336669922 -458.8669128417969 
v 46.16011428833008 -237.8151397705078 -453.9328308105469 
v 54.01612854003906 -241.58824157714844 -452.7780456542969 
v 52.4736213684082 -243.47479248046875 -450.888427734375 
v 27.32720947265625 -239.49208068847656 -450.153564453125 
v 27.07610511779785 -243.47479248046875 -447.529052734375 
v 35.54194259643555 -243.26516723632812 -451.308349609375 
v 35.86479187011719 -246.40940856933594 -449.313720703125 
v 45.263309478759766 -246.40940856933594 -447.004150390625 
v 45.11981964111328 -261.08251953125 -441.6501770019531 
v 38.160614013671875 -260.8729248046875 -442.9099426269531 
v 27.50657081604004 -246.61903381347656 -446.164306640625 
v 31.9905948638916 -261.50177001953125 -441.3352355957031 
v 48.814659118652344 -50.83767318725586 -530.2533569335938 
v 52.83234405517578 -66.55889892578125 -528.2587280273438 
v 61.800392150878906 -58.38385772705078 -532.6678466796875 
v 61.36992645263672 -64.25310516357422 -533.2977294921875 
v 65.67459106445312 -63.62425231933594 -538.2318115234375 
v 64.06034088134766 -68.23583984375 -537.1820068359375 
v 60.25788879394531 -68.23583984375 -531.8280029296875 
v 60.86771774291992 -73.26661682128906 -531.6180419921875 
v 62.87656021118164 -79.55509185791016 -534.6624755859375 
v 67.00186157226562 -57.54539108276367 -544.6355590820312 
v 50.35716247558594 -46.435752868652344 -544.6355590820312 
v 48.814659118652344 -50.837677001953125 -558.912841796875 
v 61.800392150878906 -58.38386154174805 -556.4983520507812 
v 52.83234405517578 -66.55889892578125 -560.907470703125 
v 61.36992645263672 -64.25310516357422 -555.8684692382812 
v 65.67459106445312 -63.62425231933594 -550.9343872070312 
v 66.8583755493164 -63.62425231933594 -544.6355590820312 
v 67.36058807373047 -68.86469268798828 -544.6355590820312 
v 64.06034088134766 -68.23583984375 -551.9841918945312 
v 60.25788879394531 -68.23583984375 -557.3381958007812 
v 60.86771774291992 -73.26661682128906 -557.548095703125 
v 62.87656021118164 -79.55509948730469 -554.5037231445312 
v 66.24855041503906 -79.76469421386719 -548.7297973632812 
v 57.45985794067383 -82.28010559082031 -558.702880859375 
v 61.7286491394043 -88.5685806274414 -554.1887817382812 
v 67.10948181152344 -82.90892791748047 -544.6355590820312 
v 72.02397155761719 -80.18392181396484 -544.6355590820312 
v 66.24855041503906 -79.76468658447266 -540.4364013671875 
v 61.54928970336914 -92.7608871459961 -553.5588989257812 
v 63.271156311035156 -95.06668090820312 -544.6355590820312 
v 64.49080657958984 -90.87435150146484 -544.6355590820312 
v 61.7286491394043 -88.5685806274414 -534.9774169921875 
v 61.54928970336914 -92.7608871459961 -535.6072998046875 
v 57.45985794067383 -82.28009796142578 -530.4632568359375 
v 57.45985794067383 -82.28009796142578 -530.4632568359375 
v 61.54928970336914 -92.7608871459961 -535.6072998046875 
v 50.50065231323242 -84.79548645019531 -528.5736694335938 
v 51.25396728515625 -91.71282196044922 -534.6624755859375 
v 43.54144287109375 -85.84357452392578 -528.8886108398438 
v 43.9719123840332 -80.18392181396484 -526.9989624023438 
v 39.165035247802734 -78.0877685546875 -527.1039428710938 
v 30.555707931518555 -83.74739837646484 -531.5130615234375 
v 37.19206619262695 -74.5242919921875 -526.8939819335938 
v 25.24662208557129 -78.71662139892578 -528.9935913085938 
v 23.88347816467285 -62.36659240722656 -531.7230224609375 
v 37.40729904174805 -70.9608154296875 -525.4242553710938 
v 40.492305755615234 -68.86469268798828 -524.8993530273438 
v 34.07118225097656 -53.77231979370117 -528.8886108398438 
v 42.96748733520508 -70.7511978149414 -523.8495483398438 
v 48.814659118652344 -50.83767318725586 -530.2533569335938 
v 52.83234405517578 -66.55889892578125 -528.2587280273438 
v 50.35716247558594 -46.435752868652344 -544.6355590820312 
v 32.13408279418945 -47.903076171875 -544.6355590820312 
v 19.97340965270996 -60.89927291870117 -544.6355590820312 
v 19.29183578491211 -77.87815856933594 -544.6355590820312 
v 27.793548583984375 -87.52049255371094 -544.6355590820312 
v 31.273151397705078 -87.73011016845703 -536.3421630859375 
v 39.1291618347168 -90.03588104248047 -532.5628662109375 
v 46.6264533996582 -94.01859283447266 -536.2371826171875 
v 52.366004943847656 -95.27627563476562 -544.6355590820312 
v 63.271156311035156 -95.06668090820312 -544.6355590820312 
v 49.173377990722656 -95.69551086425781 -544.6355590820312 
v 44.79697036743164 -340.73663330078125 -551.669189453125 
v 43.18272018432617 -344.928955078125 -551.039306640625 
v 36.04415512084961 -339.0596923828125 -552.404052734375 
v 33.030887603759766 -348.4924011230469 -550.934326171875 
v 40.671669006347656 -351.63665771484375 -550.094482421875 
v 34.896244049072266 -378.4674987792969 -547.260009765625 
v 25.641216278076172 -373.85595703125 -548.204833984375 
v 34.967987060546875 -448.479248046875 -550.514404296875 
v 30.01762580871582 -447.85040283203125 -551.039306640625 
v 18.71788215637207 -370.0828552246094 -554.818603515625 
v 26.286914825439453 -447.2215576171875 -554.503662109375 
v 16.78078269958496 -368.8251647949219 -564.7916870117188 
v 25.174877166748047 -446.80230712890625 -559.7526245117188 
v 20.583236694335938 -370.5021057128906 -574.2398681640625 
v 27.111976623535156 -447.0119323730469 -564.7916870117188 
v 28.618608474731445 -374.2751770019531 -579.4888916015625 
v 31.416641235351562 -447.6407775878906 -567.5211791992188 
v 35.36258316040039 -348.4924011230469 -580.6436767578125 
v 28.726224899291992 -345.9770202636719 -575.7095947265625 
v 25.641216278076172 -345.1385803222656 -566.7863159179688 
v 27.291336059570312 -345.9770202636719 -557.233154296875 
v 29.479541778564453 -337.5923767089844 -558.072998046875 
v 27.650060653686523 -336.3346862792969 -566.4713745117188 
v 31.20140838623047 -336.12506103515625 -574.3449096679688 
v 38.842185974121094 -336.9635314941406 -578.7540283203125 
v 38.842185974121094 -336.9635314941406 -578.7540283203125 
v 44.689353942871094 -346.81549072265625 -579.1739501953125 
v 47.63087463378906 -338.43084716796875 -578.0191650390625 
v 56.95764923095703 -340.1077880859375 -572.3502807617188 
v 35.36258316040039 -348.4924011230469 -580.6436767578125 
v 43.003360748291016 -351.63665771484375 -579.8038330078125 
v 28.618608474731445 -374.2751770019531 -579.4888916015625 
v 37.87363815307617 -379.0963439941406 -578.6490478515625 
v 31.416641235351562 -447.6407775878906 -567.5211791992188 
v 36.36700439453125 -448.2696228027344 -567.1012573242188 
v 44.79697036743164 -382.6598205566406 -571.9303588867188 
v 40.097713470458984 -448.8984680175781 -563.5319213867188 
v 46.73406982421875 -383.9175109863281 -561.9572143554688 
v 41.20975112915039 -449.10809326171875 -558.2828979492188 
v 42.96748733520508 -382.4501953125 -552.509033203125 
v 39.236778259277344 -449.10809326171875 -553.348876953125 
v 34.896244049072266 -378.4674987792969 -547.260009765625 
v 34.967987060546875 -448.479248046875 -550.514404296875 
v 40.671669006347656 -351.63665771484375 -550.094482421875 
v 47.30802536010742 -354.15203857421875 -555.133544921875 
v 50.39303207397461 -354.9905090332031 -564.0568237304688 
v 48.74291229248047 -354.1520690917969 -573.5050659179688 
v 58.823001861572266 -341.1558532714844 -563.9518432617188 
v 55.235782623291016 -341.5751037597656 -556.078369140625 
v 44.79697036743164 -340.73663330078125 -551.669189453125 
v 43.18272018432617 -344.928955078125 -551.039306640625 
v 44.11539840698242 -175.76882934570312 -610.0380859375 
v 43.86429214477539 -169.06114196777344 -607.3086547851562 
v 36.08002471923828 -173.4630584716797 -614.6572265625 
v 36.08002471923828 -167.17457580566406 -612.45263671875 
v 44.58173751831055 -157.32261657714844 -599.7500610351562 
v 36.833343505859375 -154.5976104736328 -606.8887329101562 
v 43.075103759765625 -136.57064819335938 -588.5172119140625 
v 39.1291618347168 -134.26487731933594 -596.7056274414062 
v 40.13358688354492 -128.8148651123047 -595.5509033203125 
v 44.258888244628906 -127.97639465332031 -587.4674072265625 
v 37.12031936645508 -121.68791198730469 -594.0811767578125 
v 46.16011428833008 -138.6667938232422 -578.8590698242188 
v 42.28591537475586 -160.46685791015625 -592.6114501953125 
v 42.85987091064453 -173.0438232421875 -598.8052368164062 
v 43.003360748291016 -179.33230590820312 -602.1646118164062 
v 33.85594940185547 -180.38038635253906 -599.0151977539062 
v 34.1070556640625 -174.9303741455078 -595.4458618164062 
v 26.32278823852539 -172.83419799804688 -600.4849243164062 
v 26.932615280151367 -178.07461547851562 -603.8442993164062 
v 27.32720947265625 -169.06114196777344 -608.9883422851562 
v 27.97290802001953 -174.93038940429688 -611.087890625 
v 36.08002471923828 -173.4630584716797 -614.6572265625 
v 36.08002471923828 -167.17457580566406 -612.45263671875 
v 36.833343505859375 -154.5976104736328 -606.8887329101562 
v 26.573894500732422 -155.6457061767578 -604.8941040039062 
v 39.1291618347168 -134.26487731933594 -596.7056274414062 
v 26.358659744262695 -134.8937225341797 -596.3906860351562 
v 25.0672607421875 -127.34754180908203 -595.0260009765625 
v 32.313446044921875 -128.60523986816406 -595.3409423828125 
v 40.13358688354492 -128.8148651123047 -595.5509033203125 
v 37.12031936645508 -121.68791198730469 -594.0811767578125 
v 29.587158203125 -121.0590591430664 -593.7662353515625 
v 27.97290802001953 -115.81866455078125 -585.6827392578125 
v 20.977828979492188 -125.67062377929688 -586.8375244140625 
v 27.00436019897461 -112.88404083251953 -575.1847534179688 
v 18.28741455078125 -125.25138092041016 -576.6544799804688 
v 23.381267547607422 -137.40911865234375 -588.2022705078125 
v 24.170455932617188 -159.2091827392578 -596.7056274414062 
v 32.026466369628906 -161.7245635986328 -590.5118408203125 
v 21.6235294342041 -139.71487426757812 -578.4391479492188 
v 37.76601791381836 -225.0286102294922 -635.6531982421875 
v 31.882978439331055 -226.07667541503906 -633.4486694335938 
v 37.65840148925781 -219.36895751953125 -633.6586303710938 
v 31.34489631652832 -220.41705322265625 -631.2440795898438 
v 36.65398025512695 -179.7515411376953 -619.59130859375 
v 27.614187240600586 -181.6381072998047 -616.02197265625 
v 36.08002471923828 -173.4630584716797 -614.6572265625 
v 27.97290802001953 -174.93038940429688 -611.087890625 
v 31.20140838623047 -227.96324157714844 -627.7797241210938 
v 30.699195861816406 -222.51319885253906 -625.1552124023438 
v 36.43874740600586 -228.8016815185547 -624.3153686523438 
v 36.223514556884766 -223.77090454101562 -621.4808959960938 
v 41.13800811767578 -229.22091674804688 -626.6249389648438 
v 41.38911056518555 -223.77090454101562 -624.0004272460938 
v 43.003360748291016 -226.07667541503906 -632.2938842773438 
v 43.21859359741211 -220.6266632080078 -629.9843139648438 
v 37.76601791381836 -225.0286102294922 -635.6531982421875 
v 37.65840148925781 -219.36895751953125 -633.6586303710938 
v 44.72522735595703 -181.84771728515625 -614.13232421875 
v 36.65398025512695 -179.7515411376953 -619.59130859375 
v 36.08002471923828 -173.4630584716797 -614.6572265625 
v 44.11539840698242 -175.76882934570312 -610.0380859375 
v 43.003360748291016 -179.33230590820312 -602.1646118164062 
v 43.326210021972656 -185.8303985595703 -605.2090454101562 
v 33.85594940185547 -180.38038635253906 -599.0151977539062 
v 34.68101119995117 -187.92657470703125 -601.6397094726562 
v 27.040231704711914 -185.8303985595703 -607.0986938476562 
v 26.932615280151367 -178.07461547851562 -603.8442993164062 
v 52.50949478149414 -241.16903686523438 -640.4822998046875 
v 47.02104568481445 -235.0901641845703 -638.9075927734375 
v 52.4736213684082 -243.47482299804688 -638.2777099609375 
v 46.16011428833008 -237.81517028808594 -635.2332763671875 
v 45.40679931640625 -234.46133422851562 -640.0623779296875 
v 43.54144287109375 -236.76710510253906 -634.0784912109375 
v 45.873138427734375 -238.6536407470703 -642.7918701171875 
v 44.83284378051758 -239.28250122070312 -637.9627685546875 
v 45.08395004272461 -243.0555877685547 -640.5872802734375 
v 46.16011428833008 -243.0555877685547 -644.6815185546875 
v 46.30360412597656 -246.40945434570312 -646.0462646484375 
v 45.263309478759766 -246.40943908691406 -642.1619873046875 
v 45.90900802612305 -262.1306457519531 -650.3504028320312 
v 45.11981964111328 -261.0825500488281 -647.5159301757812 
v 31.20140838623047 -227.96324157714844 -627.7797241210938 
v 31.882978439331055 -226.07667541503906 -633.4486694335938 
v 28.65447998046875 -235.0901641845703 -634.8133544921875 
v 29.515413284301758 -233.83248901367188 -640.7972412109375 
v 27.32720947265625 -239.4921112060547 -639.0125732421875 
v 28.33163070678711 -239.0728759765625 -643.8416748046875 
v 27.07610511779785 -243.47482299804688 -641.6370849609375 
v 28.152271270751953 -243.47482299804688 -645.6263427734375 
v 28.546865463256836 -246.8286895751953 -646.7811279296875 
v 27.50657081604004 -246.6190643310547 -643.0018310546875 
v 31.9905948638916 -261.5018005371094 -647.8308715820312 
v 32.77978515625 -262.34027099609375 -650.7703247070312 
v 31.20140838623047 -227.96324157714844 -627.7797241210938 
v 28.65447998046875 -235.0901641845703 -634.8133544921875 
v 35.86479187011719 -235.5093994140625 -631.2440795898438 
v 35.434326171875 -239.4921112060547 -635.3382568359375 
v 44.83284378051758 -239.28250122070312 -637.9627685546875 
v 45.08395004272461 -243.0555877685547 -640.5872802734375 
v 43.54144287109375 -236.76710510253906 -634.0784912109375 
v 36.43874740600586 -228.8016815185547 -624.3153686523438 
v 41.13800811767578 -229.22091674804688 -626.6249389648438 
v 48.9940185546875 -235.0901641845703 -630.2992553710938 
v 46.16011428833008 -237.81517028808594 -635.2332763671875 
v 54.01612854003906 -241.5882568359375 -636.3880615234375 
v 52.4736213684082 -243.47482299804688 -638.2777099609375 
v 27.32720947265625 -239.4921112060547 -639.0125732421875 
v 27.07610511779785 -243.47482299804688 -641.6370849609375 
v 35.54194259643555 -243.26519775390625 -637.8577880859375 
v 35.86479187011719 -246.40943908691406 -639.8524169921875 
v 45.263309478759766 -246.40943908691406 -642.1619873046875 
v 45.11981964111328 -261.0825500488281 -647.5159301757812 
v 38.160614013671875 -260.8729553222656 -646.2562255859375 
v 27.50657081604004 -246.6190643310547 -643.0018310546875 
v 31.9905948638916 -261.5018005371094 -647.8308715820312 
v 57.45985794067383 -82.28010559082031 -558.702880859375 
v 50.50065231323242 -84.79549407958984 -560.592529296875 
v 61.54928970336914 -92.7608871459961 -553.5588989257812 
v 51.25396728515625 -91.71282196044922 -554.5037231445312 
v 43.54144287109375 -85.84358215332031 -560.277587890625 
v 43.9719123840332 -80.18392944335938 -562.167236328125 
v 39.165035247802734 -78.08777618408203 -562.062255859375 
v 30.555707931518555 -83.74740600585938 -557.653076171875 
v 37.19206619262695 -74.52429962158203 -562.272216796875 
v 25.24662208557129 -78.71662902832031 -560.172607421875 
v 23.88347816467285 -62.36659622192383 -557.4431762695312 
v 37.40729904174805 -70.96082305908203 -563.741943359375 
v 40.492305755615234 -68.86470031738281 -564.266845703125 
v 34.07118225097656 -53.77232360839844 -560.277587890625 
v 42.96748733520508 -70.75120544433594 -565.316650390625 
v 48.814659118652344 -50.837677001953125 -558.912841796875 
v 52.83234405517578 -66.55889892578125 -560.907470703125 
v 50.35716247558594 -46.435752868652344 -544.6355590820312 
v 32.13408279418945 -47.903076171875 -544.6355590820312 
v 19.97340965270996 -60.89927291870117 -544.6355590820312 
v 19.29183578491211 -77.87815856933594 -544.6355590820312 
v 27.793548583984375 -87.52049255371094 -544.6355590820312 
v 31.273151397705078 -87.73011016845703 -552.8240356445312 
v 39.1291618347168 -90.03588104248047 -556.6033325195312 
v 46.6264533996582 -94.01859283447266 -552.9290161132812 
v 52.366004943847656 -95.27627563476562 -544.6355590820312 
v 63.271156311035156 -95.06668090820312 -544.6355590820312 
v 49.173377990722656 -95.69551086425781 -544.6355590820312 
v 42.96748733520508 -70.7511978149414 -523.8495483398438 
v 48.204830169677734 -71.38005065917969 -523.6395874023438 
v 48.814659118652344 -50.83767318725586 -530.2533569335938 
v 47.09279251098633 -54.61079025268555 -531.4080810546875 
v 46.554710388183594 -73.26660919189453 -525.4242553710938 
v 41.747833251953125 -72.84737396240234 -525.6342163085938 
v 42.50115203857422 -95.69550323486328 -518.3905639648438 
v 40.492305755615234 -68.86469268798828 -524.8993530273438 
v 39.27265167236328 -104.08016204833984 -518.4955444335938 
v 37.40729904174805 -70.9608154296875 -525.4242553710938 
v 31.811235427856445 -105.5474624633789 -519.0204467773438 
v 37.19206619262695 -74.5242919921875 -526.8939819335938 
v 25.892322540283203 -109.5301742553711 -520.5951538085938 
v 25.24662208557129 -78.71662139892578 -528.9935913085938 
v 19.614686965942383 -117.70519256591797 -522.4848022460938 
v 12.260885238647461 -113.51288604736328 -544.1106567382812 
v 19.29183578491211 -77.87815856933594 -544.6355590820312 
v 19.614686965942383 -117.70519256591797 -566.681396484375 
v 25.24662208557129 -78.71662902832031 -560.172607421875 
v 37.19206619262695 -74.52429962158203 -562.272216796875 
v 27.97290802001953 -108.48209381103516 -568.151123046875 
v 37.40729904174805 -70.96082305908203 -563.741943359375 
v 31.811235427856445 -105.54747009277344 -570.1456909179688 
v 40.492305755615234 -68.86470031738281 -564.266845703125 
v 39.27265167236328 -104.08016967773438 -570.6705932617188 
v 42.96748733520508 -70.75120544433594 -565.316650390625 
v 42.50115203857422 -95.69551086425781 -570.7755737304688 
v 48.204830169677734 -71.38005828857422 -565.526611328125 
v 41.353240966796875 -95.69551086425781 -568.466064453125 
v 46.554710388183594 -73.26661682128906 -563.741943359375 
v 41.747833251953125 -72.84738159179688 -563.531982421875 
v 47.09279251098633 -54.61079406738281 -557.7581176757812 
v 48.814659118652344 -50.837677001953125 -558.912841796875 
v 38.37584686279297 -103.4513168334961 -568.466064453125 
v 39.487884521484375 -71.17044067382812 -562.587158203125 
v 31.560129165649414 -104.70899963378906 -567.941162109375 
v 36.68985366821289 -73.05699920654297 -562.062255859375 
v 28.044652938842773 -107.22441101074219 -566.156494140625 
v 36.4746208190918 -76.41085815429688 -560.697509765625 
v 20.40387535095215 -115.60904693603516 -564.686767578125 
v 25.56947135925293 -79.97431182861328 -558.807861328125 
v 20.116897583007812 -79.3454818725586 -544.6355590820312 
v 13.695772171020508 -111.83594512939453 -544.1106567382812 
v 25.56947135925293 -79.97430419921875 -530.3582763671875 
v 12.260885238647461 -136.78025817871094 -552.0891723632812 
v 14.664323806762695 -134.68409729003906 -562.272216796875 
v 13.301180839538574 -138.4571990966797 -563.951904296875 
v 10.790125846862793 -140.5533447265625 -552.8240356445312 
v 8.888898849487305 -137.4091033935547 -542.4309692382812 
v 10.610763549804688 -133.8456268310547 -542.6409301757812 
v 12.870712280273438 -141.18218994140625 -536.5521240234375 
v 11.72280216217041 -143.6975860595703 -533.5076904296875 
v 12.404375076293945 -138.03794860839844 -524.3744506835938 
v 13.480539321899414 -135.73216247558594 -528.1536865234375 
v 20.40387535095215 -115.60903930664062 -524.4794311523438 
v 26.1434268951416 -108.27246856689453 -522.6947631835938 
v 36.4746208190918 -76.41085052490234 -528.4686889648438 
v 31.560129165649414 -104.70899200439453 -521.2250366210938 
v 36.68985366821289 -73.05699157714844 -527.1039428710938 
v 38.37584686279297 -103.45130920410156 -520.7001342773438 
v 39.487884521484375 -71.1704330444336 -526.5790405273438 
v 41.353240966796875 -95.69550323486328 -520.7001342773438 
v 64.74191284179688 -251.85943603515625 -541.2761840820312 
v 64.74191284179688 -251.85943603515625 -544.6355590820312 
v 63.0559196472168 -264.6460266113281 -532.8778076171875 
v 63.0559196472168 -264.6460266113281 -556.288330078125 
v 62.5537109375 -277.6422119140625 -533.2977294921875 
v 62.5537109375 -277.6422119140625 -555.868408203125 
v 64.74191284179688 -251.85943603515625 -547.8899536132812 
v 7.669244766235352 -252.06906127929688 -533.4027099609375 
v 7.669244766235352 -252.06906127929688 -544.6355590820312 
v 14.700193405151367 -264.01715087890625 -529.0985107421875 
v 14.700193405151367 -264.0171813964844 -560.067626953125 
v 17.64171600341797 -277.851806640625 -529.9383544921875 
v 17.64171600341797 -277.8518371582031 -559.227783203125 
v 7.669244766235352 -252.06906127929688 -555.763427734375 
v 64.74191284179688 -251.85943603515625 -541.2761840820312 
v 63.0559196472168 -264.6460266113281 -532.8778076171875 
v 64.74191284179688 -251.85943603515625 -544.6355590820312 
v 63.0559196472168 -264.6460266113281 -556.288330078125 
v 64.74191284179688 -251.85943603515625 -547.8899536132812 
v 62.5537109375 -277.6422119140625 -533.2977294921875 
v 62.5537109375 -277.6422119140625 -555.868408203125 
v 7.669244766235352 -252.06906127929688 -533.4027099609375 
v 14.700193405151367 -264.01715087890625 -529.0985107421875 
v 7.669244766235352 -252.06906127929688 -544.6355590820312 
v 14.700193405151367 -264.0171813964844 -560.067626953125 
v 7.669244766235352 -252.06906127929688 -555.763427734375 
v 17.64171600341797 -277.851806640625 -529.9383544921875 
v 17.64171600341797 -277.8518371582031 -559.227783203125 
v 48.24070358276367 -207.21121215820312 -508.4174499511719 
v 48.778785705566406 -195.4727325439453 -513.3515014648438 
v 71.2706527709961 -211.82278442382812 -527.4188232421875 
v 70.4814682006836 -196.3112030029297 -528.4686279296875 
v 71.2706527709961 -211.82278442382812 -544.6355590820312 
v 70.4814682006836 -196.10157775878906 -544.6355590820312 
v 70.4814682006836 -196.3112030029297 -560.697509765625 
v 71.2706527709961 -211.82278442382812 -561.747314453125 
v 48.778785705566406 -195.4727325439453 -575.8146362304688 
v 48.24070358276367 -207.2112274169922 -580.7486572265625 
v 49.31686782836914 -183.73423767089844 -513.9813842773438 
v 69.87163543701172 -181.0092315673828 -527.2088623046875 
v 69.87163543701172 -180.79962158203125 -544.6355590820312 
v 69.87163543701172 -181.0092315673828 -561.957275390625 
v 75.18072509765625 -160.25723266601562 -544.6355590820312 
v 75.18072509765625 -160.25723266601562 -525.0043334960938 
v 45.76552200317383 -156.2745361328125 -512.3017578125 
v 77.1178207397461 -144.5360565185547 -523.0097045898438 
v 46.16011428833008 -138.66677856445312 -510.30712890625 
v 49.31686782836914 -183.7342529296875 -575.1847534179688 
v 75.18072509765625 -160.25723266601562 -564.161865234375 
v 77.1178207397461 -144.5360565185547 -544.6355590820312 
v 61.19056701660156 -129.4436798095703 -544.6355590820312 
v 61.19056701660156 -129.4436798095703 -523.7445678710938 
v 47.272151947021484 -127.97637939453125 -511.7768249511719 
v 51.21809387207031 -112.884033203125 -533.5076904296875 
v 41.496726989746094 -114.35132598876953 -513.5615234375 
v 45.76552200317383 -156.27455139160156 -576.8644409179688 
v 77.1178207397461 -144.5360565185547 -566.156494140625 
v 61.19056701660156 -129.4436798095703 -565.421630859375 
v 51.21809387207031 -112.46479797363281 -544.6355590820312 
v 51.21809387207031 -112.884033203125 -555.6585083007812 
v 47.272151947021484 -127.97638702392578 -577.3893432617188 
v 41.496726989746094 -114.3513412475586 -575.6046752929688 
v 46.16011428833008 -138.6667938232422 -578.8590698242188 
v 46.949302673339844 -104.70899200439453 -544.6355590820312 
v 43.72080612182617 -104.49939727783203 -536.7620849609375 
v 35.900665283203125 -103.03207397460938 -532.8778076171875 
v 27.00436019897461 -112.884033203125 -513.9814453125 
v 28.044652938842773 -101.14554595947266 -536.7620849609375 
v 43.72080612182617 -104.49940490722656 -552.4041137695312 
v 35.900665283203125 -103.0320816040039 -556.288330078125 
v 27.00436019897461 -112.88404083251953 -575.1847534179688 
v 28.044652938842773 -101.14554595947266 -552.4041137695312 
v 27.00436019897461 -112.884033203125 -513.9814453125 
v 41.496726989746094 -114.35132598876953 -513.5615234375 
v 27.97290802001953 -115.81864929199219 -503.4834289550781 
v 39.63137435913086 -117.07633209228516 -503.1684875488281 
v 29.587158203125 -121.05904388427734 -495.39996337890625 
v 47.272151947021484 -127.97637939453125 -511.7768249511719 
v 46.949302673339844 -104.70899200439453 -544.6355590820312 
v 43.72080612182617 -104.49939727783203 -536.7620849609375 
v 49.173377990722656 -95.69551086425781 -544.6355590820312 
v 46.6264533996582 -94.01859283447266 -536.2371826171875 
v 35.900665283203125 -103.03207397460938 -532.8778076171875 
v 39.1291618347168 -90.03588104248047 -532.5628662109375 
v 28.044652938842773 -101.14554595947266 -536.7620849609375 
v 31.273151397705078 -87.73011016845703 -536.3421630859375 
v 24.780284881591797 -100.30707550048828 -544.6355590820312 
v 27.793548583984375 -87.52049255371094 -544.6355590820312 
v 31.273151397705078 -87.73011016845703 -552.8240356445312 
v 28.044652938842773 -101.14554595947266 -552.4041137695312 
v 39.1291618347168 -90.03588104248047 -556.6033325195312 
v 35.900665283203125 -103.0320816040039 -556.288330078125 
v 46.6264533996582 -94.01859283447266 -552.9290161132812 
v 43.72080612182617 -104.49940490722656 -552.4041137695312 
v 49.173377990722656 -95.69551086425781 -544.6355590820312 
v 46.949302673339844 -104.70899200439453 -544.6355590820312 
v 36.2593879699707 -474.890869140625 -539.3865356445312 
v 27.50657081604004 -462.5235290527344 -538.4417114257812 
v 29.08494758605957 -474.890869140625 -538.6516723632812 
v 22.197484970092773 -462.31390380859375 -534.1375122070312 
v 23.632373809814453 -474.890869140625 -533.6126098632812 
v 20.619108200073242 -462.1042785644531 -527.7337646484375 
v 22.018123626708984 -474.890869140625 -526.0540771484375 
v 23.345396041870117 -462.1042785644531 -521.6448974609375 
v 24.852027893066406 -475.1004638671875 -518.9154052734375 
v 29.371925354003906 -461.8946533203125 -518.2855224609375 
v 31.022045135498047 -475.1004638671875 -515.0311889648438 
v 31.416641235351562 -447.6407775878906 -521.6448974609375 
v 27.111976623535156 -447.0119323730469 -524.3743896484375 
v 25.174877166748047 -446.80230712890625 -529.4134521484375 
v 26.286914825439453 -447.2215576171875 -534.6624145507812 
v 30.01762580871582 -447.85040283203125 -538.1267700195312 
v 34.50164794921875 -462.5235290527344 -538.9666137695312 
v 34.967987060546875 -448.479248046875 -538.6516723632812 
v 48.56355285644531 -460.8465881347656 -520.2801513671875 
v 72.7055435180664 -470.4889221191406 -517.2357177734375 
v 36.36700439453125 -448.2696228027344 -522.0648193359375 
v 36.36700439453125 -462.1042785644531 -518.4954833984375 
v 29.371925354003906 -461.8946533203125 -518.2855224609375 
v 31.022045135498047 -475.1004638671875 -515.0311889648438 
v 38.19648742675781 -475.3100891113281 -515.6610107421875 
v 73.31536865234375 -475.51971435546875 -515.6610107421875 
v 31.416641235351562 -447.6407775878906 -521.6448974609375 
v 71.41414642333984 -475.1004638671875 -539.3865356445312 
v 77.58415985107422 -475.3100891113281 -535.3972778320312 
v 42.429405212402344 -474.890869140625 -535.3972778320312 
v 45.22743606567383 -475.1004638671875 -528.2586669921875 
v 36.2593879699707 -474.890869140625 -539.3865356445312 
v 32.42106246948242 -474.890869140625 -529.6233520507812 
v 29.08494758605957 -474.890869140625 -538.6516723632812 
v 23.632373809814453 -474.890869140625 -533.6126098632812 
v 32.60042190551758 -475.1004638671875 -523.7445068359375 
v 22.018123626708984 -474.890869140625 -526.0540771484375 
v 31.022045135498047 -475.1004638671875 -515.0311889648438 
v 24.852027893066406 -475.1004638671875 -518.9154052734375 
v 38.19648742675781 -475.3100891113281 -515.6610107421875 
v 43.613189697265625 -475.1004638671875 -520.7000732421875 
v 78.7679443359375 -475.51971435546875 -520.7000732421875 
v 80.38219451904297 -475.3100891113281 -528.2586669921875 
v 73.31536865234375 -475.51971435546875 -515.6610107421875 
v 34.967987060546875 -448.479248046875 -538.6516723632812 
v 47.16453552246094 -461.05621337890625 -536.8670043945312 
v 34.50164794921875 -462.5235290527344 -538.9666137695312 
v 70.8401870727539 -470.90814208984375 -537.2869262695312 
v 36.2593879699707 -474.890869140625 -539.3865356445312 
v 71.41414642333984 -475.1004638671875 -539.3865356445312 
v 45.90900802612305 -262.130615234375 -438.8157043457031 
v 46.30360412597656 -246.40940856933594 -443.1199035644531 
v 39.738990783691406 -262.7594299316406 -437.1360168457031 
v 37.98125457763672 -246.82864379882812 -439.9704895019531 
v 32.77978515625 -262.3402404785156 -438.39581298828125 
v 28.546865463256836 -246.82864379882812 -442.3850402832031 
v 37.69427490234375 -243.26516723632812 -440.8103332519531 
v 28.152271270751953 -243.47479248046875 -443.5398254394531 
v 37.479042053222656 -238.6536102294922 -442.6999816894531 
v 28.33163070678711 -239.07284545898438 -445.3244934082031 
v 37.550785064697266 -233.41322326660156 -445.8493957519531 
v 29.515413284301758 -233.83245849609375 -448.368896484375 
v 37.76601791381836 -225.02857971191406 -453.5129089355469 
v 31.882978439331055 -226.07664489746094 -455.7174987792969 
v 46.16011428833008 -243.05555725097656 -444.4846496582031 
v 45.873138427734375 -238.6536102294922 -446.374267578125 
v 45.40679931640625 -234.4613037109375 -449.103759765625 
v 43.003360748291016 -226.07664489746094 -456.8722839355469 
v 47.02104568481445 -235.0901336669922 -450.258544921875 
v 50.07018280029297 -231.94589233398438 -455.6125183105469 
v 52.50949478149414 -241.1689910888672 -448.683837890625 
v 54.01612854003906 -239.282470703125 -450.573486328125 
v 45.11981964111328 -261.08251953125 -441.6501770019531 
v 38.160614013671875 -260.8729248046875 -442.9099426269531 
v 45.90900802612305 -262.130615234375 -438.8157043457031 
v 31.9905948638916 -261.50177001953125 -441.3352355957031 
v 39.738990783691406 -262.7594299316406 -437.1360168457031 
v 32.77978515625 -262.3402404785156 -438.39581298828125 
v 43.003360748291016 -226.07664489746094 -456.8722839355469 
v 41.13800811767578 -229.22088623046875 -462.54119873046875 
v 50.07018280029297 -231.94589233398438 -455.6125183105469 
v 48.9940185546875 -235.0901336669922 -458.8669128417969 
v 54.01612854003906 -239.282470703125 -450.573486328125 
v 54.01612854003906 -241.58824157714844 -452.7780456542969 
v 52.50949478149414 -241.1689910888672 -448.683837890625 
v 52.4736213684082 -243.47479248046875 -450.888427734375 
v 36.36700439453125 -448.2696228027344 -522.0648193359375 
v 40.097713470458984 -448.8984680175781 -525.6341552734375 
v 48.56355285644531 -460.8465881347656 -520.2801513671875 
v 52.29426193237305 -461.4754333496094 -523.8494873046875 
v 72.7055435180664 -470.4889221191406 -517.2357177734375 
v 78.0146255493164 -470.69854736328125 -521.5399169921875 
v 73.31536865234375 -475.51971435546875 -515.6610107421875 
v 78.7679443359375 -475.51971435546875 -520.7000732421875 
v 79.59300231933594 -470.90814208984375 -527.8387451171875 
v 80.38219451904297 -475.3100891113281 -528.2586669921875 
v 41.20975112915039 -449.10809326171875 -530.8831176757812 
v 53.40629959106445 -461.68505859375 -529.0985107421875 
v 39.236778259277344 -449.10809326171875 -535.8171997070312 
v 51.433326721191406 -461.68505859375 -534.0325317382812 
v 34.967987060546875 -448.479248046875 -538.6516723632812 
v 47.16453552246094 -461.05621337890625 -536.8670043945312 
v 76.83084106445312 -470.90814208984375 -533.9275512695312 
v 77.58415985107422 -475.3100891113281 -535.3972778320312 
v 70.8401870727539 -470.90814208984375 -537.2869262695312 
v 71.41414642333984 -475.1004638671875 -539.3865356445312 
v 39.165035247802734 -78.0877685546875 -527.1039428710938 
v 43.9719123840332 -80.18392181396484 -526.9989624023438 
v 37.19206619262695 -74.5242919921875 -526.8939819335938 
v 42.96748733520508 -70.7511978149414 -523.8495483398438 
v 40.492305755615234 -68.86469268798828 -524.8993530273438 
v 37.40729904174805 -70.9608154296875 -525.4242553710938 
v 27.00436019897461 -112.88404083251953 -575.1847534179688 
v 27.97290802001953 -115.81866455078125 -585.6827392578125 
v 41.496726989746094 -114.3513412475586 -575.6046752929688 
v 39.63137435913086 -117.07634735107422 -585.9976806640625 
v 47.272151947021484 -127.97638702392578 -577.3893432617188 
v 29.587158203125 -121.0590591430664 -593.7662353515625 
v 31.022045135498047 -475.1004943847656 -574.1348876953125 
v 24.852027893066406 -475.1004943847656 -570.2506103515625 
v 29.371925354003906 -461.8946838378906 -570.8804931640625 
v 23.345396041870117 -462.1042785644531 -567.5211791992188 
v 31.416641235351562 -447.6407775878906 -567.5211791992188 
v 27.111976623535156 -447.0119323730469 -564.7916870117188 
v 20.619108200073242 -462.1042785644531 -561.4323120117188 
v 25.174877166748047 -446.80230712890625 -559.7526245117188 
v 22.197484970092773 -462.31390380859375 -555.028564453125 
v 26.286914825439453 -447.2215576171875 -554.503662109375 
v 27.50657081604004 -462.5235290527344 -550.724365234375 
v 29.08494758605957 -474.890869140625 -550.514404296875 
v 36.2593879699707 -474.890869140625 -549.779541015625 
v 34.50164794921875 -462.5235290527344 -550.199462890625 
v 30.01762580871582 -447.85040283203125 -551.039306640625 
v 34.967987060546875 -448.479248046875 -550.514404296875 
v 23.632373809814453 -474.890869140625 -555.553466796875 
v 22.018123626708984 -474.890869140625 -563.1119995117188 
v 31.416641235351562 -447.6407775878906 -567.5211791992188 
v 36.36700439453125 -448.2696228027344 -567.1012573242188 
v 29.371925354003906 -461.8946838378906 -570.8804931640625 
v 36.36700439453125 -462.1042785644531 -570.6705932617188 
v 31.022045135498047 -475.1004943847656 -574.1348876953125 
v 38.19648742675781 -475.3100891113281 -573.5050048828125 
v 73.31536865234375 -475.51971435546875 -573.5050048828125 
v 72.7055435180664 -470.4889221191406 -571.9302978515625 
v 48.56355285644531 -460.8465881347656 -568.8859252929688 
v 71.41414642333984 -475.1004638671875 -549.779541015625 
v 77.58415985107422 -475.3100891113281 -553.768798828125 
v 42.429405212402344 -474.890869140625 -553.768798828125 
v 45.22743606567383 -475.1004943847656 -560.9074096679688 
v 36.2593879699707 -474.890869140625 -549.779541015625 
v 32.42106246948242 -474.890869140625 -559.5426635742188 
v 29.08494758605957 -474.890869140625 -550.514404296875 
v 23.632373809814453 -474.890869140625 -555.553466796875 
v 32.60042190551758 -475.1004943847656 -565.4215698242188 
v 22.018123626708984 -474.890869140625 -563.1119995117188 
v 31.022045135498047 -475.1004943847656 -574.1348876953125 
v 24.852027893066406 -475.1004943847656 -570.2506103515625 
v 80.38219451904297 -475.3100891113281 -560.9074096679688 
v 43.613189697265625 -475.1004943847656 -568.4660034179688 
v 78.7679443359375 -475.51971435546875 -568.4660034179688 
v 38.19648742675781 -475.3100891113281 -573.5050048828125 
v 73.31536865234375 -475.51971435546875 -573.5050048828125 
v 34.967987060546875 -448.479248046875 -550.514404296875 
v 34.50164794921875 -462.5235290527344 -550.199462890625 
v 47.16453552246094 -461.05621337890625 -552.299072265625 
v 70.8401870727539 -470.9081726074219 -551.879150390625 
v 36.2593879699707 -474.890869140625 -549.779541015625 
v 71.41414642333984 -475.1004638671875 -549.779541015625 
v 45.90900802612305 -262.1306457519531 -650.3504028320312 
v 46.30360412597656 -246.40945434570312 -646.0462646484375 
v 39.738990783691406 -262.7594909667969 -652.0300903320312 
v 37.98125457763672 -246.8286895751953 -649.1956176757812 
v 32.77978515625 -262.34027099609375 -650.7703247070312 
v 28.546865463256836 -246.8286895751953 -646.7811279296875 
v 37.69427490234375 -243.2652130126953 -648.3557739257812 
v 28.152271270751953 -243.47482299804688 -645.6263427734375 
v 37.479042053222656 -238.6536407470703 -646.4661865234375 
v 28.33163070678711 -239.0728759765625 -643.8416748046875 
v 37.550785064697266 -233.4132537841797 -643.3167724609375 
v 29.515413284301758 -233.83248901367188 -640.7972412109375 
v 37.76601791381836 -225.0286102294922 -635.6531982421875 
v 31.882978439331055 -226.07667541503906 -633.4486694335938 
v 46.16011428833008 -243.0555877685547 -644.6815185546875 
v 45.873138427734375 -238.6536407470703 -642.7918701171875 
v 45.40679931640625 -234.46133422851562 -640.0623779296875 
v 43.003360748291016 -226.07667541503906 -632.2938842773438 
v 47.02104568481445 -235.0901641845703 -638.9075927734375 
v 50.07018280029297 -231.9459228515625 -633.5535888671875 
v 52.50949478149414 -241.16903686523438 -640.4822998046875 
v 54.01612854003906 -239.28250122070312 -638.5926513671875 
v 45.11981964111328 -261.0825500488281 -647.5159301757812 
v 38.160614013671875 -260.8729553222656 -646.2562255859375 
v 45.90900802612305 -262.1306457519531 -650.3504028320312 
v 31.9905948638916 -261.5018005371094 -647.8308715820312 
v 39.738990783691406 -262.7594909667969 -652.0300903320312 
v 32.77978515625 -262.34027099609375 -650.7703247070312 
v 43.003360748291016 -226.07667541503906 -632.2938842773438 
v 41.13800811767578 -229.22091674804688 -626.6249389648438 
v 50.07018280029297 -231.9459228515625 -633.5535888671875 
v 48.9940185546875 -235.0901641845703 -630.2992553710938 
v 54.01612854003906 -239.28250122070312 -638.5926513671875 
v 54.01612854003906 -241.5882568359375 -636.3880615234375 
v 52.50949478149414 -241.16903686523438 -640.4822998046875 
v 52.4736213684082 -243.47482299804688 -638.2777099609375 
v 36.36700439453125 -448.2696228027344 -567.1012573242188 
v 40.097713470458984 -448.8984680175781 -563.5319213867188 
v 48.56355285644531 -460.8465881347656 -568.8859252929688 
v 52.29426193237305 -461.4754333496094 -565.3165893554688 
v 72.7055435180664 -470.4889221191406 -571.9302978515625 
v 78.0146255493164 -470.69854736328125 -567.6261596679688 
v 73.31536865234375 -475.51971435546875 -573.5050048828125 
v 78.7679443359375 -475.51971435546875 -568.4660034179688 
v 79.59300231933594 -470.9081726074219 -561.3273315429688 
v 80.38219451904297 -475.3100891113281 -560.9074096679688 
v 41.20975112915039 -449.10809326171875 -558.2828979492188 
v 53.40629959106445 -461.68505859375 -560.0675659179688 
v 39.236778259277344 -449.10809326171875 -553.348876953125 
v 51.433326721191406 -461.68505859375 -555.133544921875 
v 34.967987060546875 -448.479248046875 -550.514404296875 
v 47.16453552246094 -461.05621337890625 -552.299072265625 
v 76.83084106445312 -470.9081726074219 -555.238525390625 
v 77.58415985107422 -475.3100891113281 -553.768798828125 
v 70.8401870727539 -470.9081726074219 -551.879150390625 
v 71.41414642333984 -475.1004638671875 -549.779541015625 
v 39.165035247802734 -78.08777618408203 -562.062255859375 
v 43.9719123840332 -80.18392944335938 -562.167236328125 
v 37.19206619262695 -74.52429962158203 -562.272216796875 
v 42.96748733520508 -70.75120544433594 -565.316650390625 
v 40.492305755615234 -68.86470031738281 -564.266845703125 
v 37.40729904174805 -70.96082305908203 -563.741943359375 
v 46.6264533996582 -94.01859283447266 -552.9290161132812 
v 39.1291618347168 -90.03588104248047 -556.6033325195312 
v 49.173377990722656 -95.69551086425781 -544.6355590820312 
v 31.273151397705078 -87.73011016845703 -552.8240356445312 
v 27.793548583984375 -87.52049255371094 -544.6355590820312 
v 31.273151397705078 -87.73011016845703 -536.3421630859375 
v 39.1291618347168 -90.03588104248047 -532.5628662109375 
v 46.6264533996582 -94.01859283447266 -536.2371826171875 
vn -0.002282477216795087 0.0007203268469311297 0.009709347039461136 
vn 0.004254033789038658 0.0009380395640619099 0.00900129321962595 
vn 0.0010163742117583752 0.003811692586168647 0.009189014323055744 
vn 0.007608468644320965 0.002273866441100836 0.0060778893530368805 
vn 0.008211400359869003 0.0005895267822779715 0.005676738917827606 
vn -0.0016344486502930522 -0.0008945264271460474 0.009824886918067932 
vn 0.003739789826795459 -0.00045862371916882694 0.009263024665415287 
vn -0.0018757088109850883 -0.0014152828371152282 0.009720015339553356 
vn 0.0035989878233522177 -0.0010684559820219874 0.009268531575798988 
vn -0.0020237837452441454 -0.0021886792965233326 0.009545364417135715 
vn 0.003610001178458333 -0.0024013128131628036 0.009011193178594112 
vn -0.0020976841915398836 -0.0003276441420894116 0.009772020392119884 
vn 0.0030796590726822615 -0.002654951298609376 0.009136023931205273 
vn 0.0032962120603770018 -0.0015449199127033353 0.009313872084021568 
vn 0.0081333564594388 -0.0017603812739253044 0.005545229185372591 
vn 0.008051740936934948 -0.0028230410534888506 0.005215352866798639 
vn 0.008411760441958904 -0.0006767372251488268 0.005365101154893637 
vn 0.008634786121547222 0.00006554122956003994 0.00504342932254076 
vn 0.008557301945984364 -0.00010923177615040913 0.005173069424927235 
vn 0.009896717965602875 -0.001111891120672226 -0.0009047994972206652 
vn 0.009971106424927711 -0.000545902585145086 -0.0005282335332594812 
vn 0.009992065839469433 0.0003276457719039172 0.0002264161012135446 
vn 0.009459294378757477 -0.0031150926370173693 -0.0009044014732353389 
vn 0.007195642217993736 -0.0007638997631147504 -0.006902115419507027 
vn 0.007122425828129053 -0.0022312954533845186 -0.006655251141637564 
vn 0.001802201964892447 -0.00019661156693473458 -0.009834297932684422 
vn 0.001950675155967474 -0.00015292434545699507 -0.009806705638766289 
vn 0.002225999254733324 -0.0006331396289169788 -0.009728518314659595 
vn 0.0019501164788380265 -0.00028397387359291315 -0.009803897701203823 
vn 0.00721549428999424 -0.00045862633851356804 -0.00690842280164361 
vn 0.0014293668791651726 0.0002839706721715629 -0.009893244132399559 
vn 0.008672626689076424 0.00006553959246957675 -0.00497807702049613 
vn 0.0010547920828685164 -0.001025005360133946 -0.009891247376799583 
vn 0.009321345947682858 -0.0010250043123960495 -0.003473020391538739 
vn 0.002057725563645363 -0.0077378954738378525 -0.005990887992084026 
vn 0.009941546246409416 -0.0005895257345400751 0.0009044990292750299 
vn 0.009697746485471725 -0.0011118906550109386 0.0021719587966799736 
vn 0.00970395840704441 -0.0017603819724172354 0.0016535567119717598 
vn 0.009658291935920715 -0.0014152841176837683 0.0021712598390877247 
vn 0.009143422357738018 0.00037131356657482684 0.004032363183796406 
vn 0.009997112676501274 -0.0002402934042038396 3.914884041944511e-11 
vn 0.009905431419610977 -0.001372016966342926 2.2353037476552373e-10 
vn 0.009658291935920715 -0.0014152848161756992 -0.0021712593734264374 
vn 0.009143422357738018 0.0003713122569024563 -0.004032363183796406 
vn 0.008211400359869003 0.0005895249778404832 -0.0056767393834888935 
vn 0.00035833872971124947 0.003892333712428808 -0.009204419329762459 
vn 0.007608468644320965 0.002273864345625043 -0.006077890284359455 
vn 0.004254033789038658 0.0009380365954712033 -0.00900129321962595 
vn -0.0023184879682958126 0.0010250021005049348 -0.009673364460468292 
vn -0.0016344486502930522 -0.0008945296285673976 -0.009824886918067932 
vn 0.003739789826795459 -0.000458626716863364 -0.009263024665415287 
vn -0.0018757088109850883 -0.0014152859803289175 -0.009720014408230782 
vn 0.0016881865449249744 0.0035680392757058144 0.009187988005578518 
vn 0.0014648442156612873 0.0034452793188393116 -0.009272770956158638 
vn 0.008557301945984364 -0.00010923345689661801 -0.005173069424927235 
vn 0.0035989878233522177 -0.001068459008820355 -0.009268531575798988 
vn 0.008634786121547222 0.00006553958519361913 -0.00504342932254076 
vn -0.0020237837452441454 -0.0021886825561523438 -0.009545363485813141 
vn 0.003610001178458333 -0.002401315839961171 -0.009011192247271538 
vn -0.0020976841915398836 -0.0003276473144069314 -0.009772020392119884 
vn 0.0030796590726822615 -0.0026549540925771 -0.009136022999882698 
vn 0.0032962120603770018 -0.0015449229395017028 -0.009313871152698994 
vn 0.0081333564594388 -0.0017603831365704536 -0.005545228254050016 
vn 0.008051740936934948 -0.002823042916134 -0.005215351935476065 
vn 0.008411760441958904 -0.0006767389713786542 -0.005365101154893637 
vn 0.009992065839469433 0.0003276456845924258 -0.00022641621762886643 
vn 0.009971106424927711 -0.0005459024105221033 0.0005282337078824639 
vn 0.009896717965602875 -0.0011118907714262605 0.0009047999046742916 
vn 0.009459294378757477 -0.0031150924041867256 0.0009044025209732354 
vn 0.007195642217993736 -0.0007638974930159748 0.006902115419507027 
vn 0.007122425828129053 -0.0022312933579087257 0.006655251607298851 
vn 0.001802201964892447 -0.00019660836551338434 0.009834297932684422 
vn 0.001950675155967474 -0.00015292114403564483 0.009806705638766289 
vn 0.002225999254733324 -0.0006331364857032895 0.009728518314659595 
vn 0.0019501164788380265 -0.00028397070127539337 0.009803897701203823 
vn 0.00721549428999424 -0.0004586240975186229 0.00690842280164361 
vn 0.0014293668791651726 0.0002839739026967436 0.009893244132399559 
vn 0.008672626689076424 0.00006554121500812471 0.00497807702049613 
vn 0.0010547920828685164 -0.0010250021005049348 0.009891248308122158 
vn 0.009321345947682858 -0.0010250031482428312 0.003473020624369383 
vn 0.002057725563645363 -0.007737893611192703 0.005990890320390463 
vn 0.009941546246409416 -0.0005895260255783796 -0.0009044987964443862 
vn 0.009697746485471725 -0.0011118913535028696 -0.0021719583310186863 
vn 0.00970395840704441 -0.0017603824380785227 -0.0016535561298951507 
vn 0.009776297956705093 -0.0021033294033259153 3.4267652604391685e-10 
vn 0.009693025611341 -0.0024013142101466656 0.0005281477933749557 
vn 0.009728888981044292 -0.0020178169943392277 0.0011301052290946245 
vn 0.009076394140720367 -0.003972682170569897 -0.0013553082244470716 
vn 0.00862361304461956 -0.005062933545559645 8.24858181758259e-10 
vn 0.0022099928464740515 -0.00975273922085762 1.5889261018031675e-9 
vn 0.009076394140720367 -0.003972681704908609 0.0013553095050156116 
vn 0.009728888981044292 -0.002017817460000515 -0.0011301045306026936 
vn 0.009693025611341 -0.0024013144429773092 -0.0005281470366753638 
vn 0.009785395115613937 -0.0020605928730219603 3.3571384561170703e-10 
vn -0.009848255664110184 0.0007203255081549287 0.0015789216849952936 
vn -0.009069656021893024 -0.0042118774726986885 0.00003774019569391385 
vn -0.009271576069295406 -0.0017173534724861383 0.003329950151965022 
vn -0.00899123027920723 -0.003690181765705347 -0.00235379277728498 
vn 0.0010163742117583752 0.003811692586168647 0.009189014323055744 
vn -0.004760918207466602 0.003771261079236865 0.007944258861243725 
vn -0.002282477216795087 0.0007203268469311297 0.009709347039461136 
vn -0.008499018847942352 0.0035680383443832397 0.003877601120620966 
vn -0.006849547848105431 0.00037131409044377506 0.0072763883508741856 
vn -0.009922564961016178 0.0012420606799423695 -2.0235571551729947e-10 
vn -0.008487933315336704 -0.005287247244268656 8.614053914612896e-10 
vn 0.0016881865449249744 0.0035680392757058144 0.009187988005578518 
vn -0.007869184948503971 0.004642767831683159 0.004064558539539576 
vn -0.009051244705915451 0.004251466132700443 -6.926512141625096e-10 
vn -0.00831667147576809 0.0037307552993297577 -0.00411271583288908 
vn -0.007883445359766483 0.0045262728817760944 -0.004167031031101942 
vn -0.004890588112175465 0.004251464735716581 -0.007616245187819004 
vn 0.0014648442156612873 0.0034452793188393116 -0.009272770956158638 
vn 0.00035833872971124947 0.003892333712428808 -0.009204419329762459 
vn -0.0023184879682958126 0.0010250021005049348 -0.009673364460468292 
vn -0.006849547848105431 0.00037131173303350806 -0.0072763883508741856 
vn -0.006755573209375143 -0.0015449225902557373 -0.007209399715065956 
vn -0.0016344486502930522 -0.0008945296285673976 -0.009824886918067932 
vn -0.006962829735130072 -0.0018463381566107273 -0.006936139892786741 
vn -0.0018757088109850883 -0.0014152859803289175 -0.009720014408230782 
vn -0.007141964975744486 -0.0019750038627535105 -0.006715035066008568 
vn -0.0020237837452441454 -0.0021886825561523438 -0.009545363485813141 
vn -0.0020976841915398836 -0.0003276473144069314 -0.009772020392119884 
vn -0.007530926261097193 0.00032764466595835984 -0.006570981349796057 
vn -0.009937907569110394 0.0008510007173754275 -0.0007167956791818142 
vn -0.00983840599656105 -0.0015449215425178409 -0.0009049702784977853 
vn -0.008396130986511707 0.0011986942263320088 0.005297936033457518 
vn -0.009277932345867157 0.0037307559978216887 -0.00003770778130274266 
vn -0.009677823632955551 -0.002146025886759162 -0.0013169348239898682 
vn -0.00958441011607647 -0.001932151266373694 -0.002099017845466733 
vn -0.009271576069295406 -0.0017173546366393566 -0.0033299496863037348 
vn -0.009848255664110184 0.0007203249842859805 -0.0015789219178259373 
vn -0.009069656021893024 -0.0042118774726986885 -0.000037738824175903574 
vn -0.0011335997842252254 -0.009935540147125721 1.6187083895502496e-9 
vn -0.0030297059565782547 -0.008236516267061234 -0.004793817177414894 
vn -0.003294314257800579 -0.0018463385058566928 -0.009259510785341263 
vn 0.0010547920828685164 -0.001025005360133946 -0.009891247376799583 
vn 0.002057725563645363 -0.0077378954738378525 -0.005990887992084026 
vn 0.0022099928464740515 -0.00975273922085762 1.5889261018031675e-9 
vn 0.002057725563645363 -0.007737893611192703 0.005990890320390463 
vn -0.0030297059565782547 -0.008236514404416084 0.004793819505721331 
vn 0.0010547920828685164 -0.0010250021005049348 0.009891248308122158 
vn -0.003294314257800579 -0.0018463354790583253 0.009259510785341263 
vn 0.0014293668791651726 0.0002839739026967436 0.009893244132399559 
vn -0.0034933770075440407 -0.0004586236900649965 0.009358738549053669 
vn 0.0019501164788380265 -0.00028397070127539337 0.009803897701203823 
vn -0.003387333359569311 -0.0008074559736996889 0.009374112822115421 
vn 0.002225999254733324 -0.0006331364857032895 0.009728518314659595 
vn -0.00899123027920723 -0.003690181067213416 0.002353793941438198 
vn -0.0090248491615057 -0.0018463364103809 0.0038914179895073175 
vn -0.008207118138670921 -0.0018033758969977498 0.00542135164141655 
vn -0.008290525525808334 -0.0008945271256379783 0.005519692320376635 
vn -0.0035274941474199295 0.0012854058295488358 0.009268469177186489 
vn -0.003422516630962491 -0.0004586236900649965 0.00938488356769085 
vn 0.001802201964892447 -0.00019660836551338434 0.009834297932684422 
vn 0.001950675155967474 -0.00015292114403564483 0.009806705638766289 
vn -0.0020237837452441454 -0.0021886792965233326 0.009545364417135715 
vn -0.007141964975744486 -0.0019750017672777176 0.006715035531669855 
vn -0.0020976841915398836 -0.0003276441420894116 0.009772020392119884 
vn -0.007530926261097193 0.0003276467905379832 0.0065709808841347694 
vn -0.009937907569110394 0.0008510009502060711 0.0007167953881435096 
vn -0.0018757088109850883 -0.0014152828371152282 0.009720015339553356 
vn -0.006962829735130072 -0.0018463359447196126 0.0069361403584480286 
vn -0.0016344486502930522 -0.0008945264271460474 0.009824886918067932 
vn -0.006755573209375143 -0.0015449202619493008 0.007209400180727243 
vn -0.00958441011607647 -0.001932150567881763 0.002099018543958664 
vn -0.0090248491615057 -0.00184633769094944 -0.0038914172910153866 
vn -0.0034933770075440407 -0.00045862674596719444 -0.009358737617731094 
vn 0.0014293668791651726 0.0002839706721715629 -0.009893244132399559 
vn 0.0019501164788380265 -0.00028397387359291315 -0.009803897701203823 
vn -0.003387333359569311 -0.0008074590004980564 -0.009374111890792847 
vn -0.008207118138670921 -0.001803377759642899 -0.005421350710093975 
vn -0.009677823632955551 -0.0021460254210978746 0.0013169355224817991 
vn -0.00983840599656105 -0.0015449211932718754 0.0009049708023667336 
vn -0.008396130986511707 0.0011986924801021814 -0.005297936499118805 
vn -0.008290525525808334 -0.0008945289300754666 -0.005519692320376635 
vn -0.003422516630962491 -0.00045862674596719444 -0.00938488356769085 
vn 0.002225999254733324 -0.0006331396289169788 -0.009728518314659595 
vn 0.001802201964892447 -0.00019661156693473458 -0.009834297932684422 
vn -0.0035274941474199295 0.0012854028027504683 -0.009268469177186489 
vn 0.001950675155967474 -0.00015292434545699507 -0.009806705638766289 
vn 0.001950675155967474 -0.00015292434545699507 -0.009806705638766289 
vn -0.0035274941474199295 0.0012854028027504683 -0.009268469177186489 
vn 0.0021723334211856127 0.00015292115858756006 -0.009759998880326748 
vn -0.003574104979634285 0.0023163913283497095 -0.009047657251358032 
vn 0.002667448716238141 0.000458623660961166 -0.009626753628253937 
vn 0.0022461917251348495 -0.00006554199353558943 -0.009744245558977127 
vn -0.0042056976817548275 0.0007203237619251013 -0.009043960832059383 
vn 0.001930797123350203 0.0006331364274956286 -0.009791381657123566 
vn -0.003896039444953203 0.00015292124589905143 -0.009208555333316326 
vn -0.008667120710015297 0.0013287224574014544 -0.004807859659194946 
vn -0.008559032343327999 0.0005895250360481441 -0.0051376488991081715 
vn -0.009879030287265778 0.0012854044325649738 0.0008674620185047388 
vn -0.009937907569110394 0.0008510009502060711 0.0007167953881435096 
vn -0.00788188073784113 0.0004586262220982462 0.0061372327618300915 
vn -0.0076970322988927364 0.0007638996466994286 0.0063381502404809 
vn -0.0029390761628746986 -0.0006767365266568959 0.009534351527690887 
vn -0.0024844915606081486 0.0005022702389396727 0.00967341847717762 
vn -0.0022091649007052183 0.0011986949248239398 0.009678983129560947 
vn -0.007277635857462883 0.002401315374299884 0.006424149498343468 
vn -0.009521792642772198 0.0029067667201161385 0.000941367179621011 
vn -0.008120614103972912 0.003031934378668666 -0.004986281506717205 
vn -0.008396130986511707 0.0011986924801021814 -0.005297936499118805 
vn -0.009937907569110394 0.0008510009502060711 0.0007167953881435096 
vn -0.007530926261097193 0.0003276467905379832 0.0065709808841347694 
vn -0.0020976841915398836 -0.0003276441420894116 0.009772020392119884 
vn -0.0020976841915398836 -0.0003276441420894116 0.009772020392119884 
vn 0.003893808228895068 -0.00037131141289137304 0.009203281253576279 
vn 0.0032962120603770018 -0.0015449199127033353 0.009313872084021568 
vn 0.008051740936934948 -0.0028230410534888506 0.005215352866798639 
vn -0.0022091649007052183 0.0011986949248239398 0.009678983129560947 
vn 0.004014349542558193 -0.0006331365439109504 0.009136965498328209 
vn -0.0029390761628746986 -0.0006767365266568959 0.009534351527690887 
vn 0.003613289212808013 -0.00141528295353055 0.009216350503265858 
vn -0.0024844915606081486 0.0005022702389396727 0.00967341847717762 
vn 0.003330545499920845 0.0014152859803289175 0.009322253987193108 
vn 0.008565738797187805 -0.0013720161514356732 0.00497450353577733 
vn 0.008282596245408058 0.0034452814143151045 0.0044191209599375725 
vn 0.00990611594170332 -0.0010250038467347622 -0.0009045588667504489 
vn 0.009234263561666012 0.0036901813000440598 -0.0010540104703977704 
vn 0.0076632690615952015 -0.0005895269569009542 -0.006397402845323086 
vn 0.0072135417722165585 0.0026128008030354977 -0.0064138974994421005 
vn 0.0022461917251348495 -0.00006554199353558943 -0.009744245558977127 
vn 0.001930797123350203 0.0006331364274956286 -0.009791381657123566 
vn 0.002667448716238141 0.000458623660961166 -0.009626753628253937 
vn 0.0073255314491689205 -0.0018463380401954055 -0.0065519181080162525 
vn 0.00943064782768488 -0.0032393811270594597 -0.0007545194821432233 
vn 0.008077174425125122 -0.0024860515259206295 0.005345914047211409 
vn 0.009459294378757477 -0.0031150926370173693 -0.0009044014732353389 
vn 0.007122425828129053 -0.0022312954533845186 -0.006655251141637564 
vn 0.001950675155967474 -0.00015292434545699507 -0.009806705638766289 
vn 0.0021723334211856127 0.00015292115858756006 -0.009759998880326748 
vn -0.009408405981957912 0.002401314675807953 0.0023907283321022987 
vn -0.004382288549095392 0.00831014197319746 0.0034259422682225704 
vn -0.008770019747316837 0.004526273813098669 0.0016123249661177397 
vn -0.00729459710419178 0.004369743634015322 0.005262527149170637 
vn -0.009194295853376389 0.003932545892894268 -6.406924435431449e-10 
vn -0.009446462616324425 0.0032806876115500927 0.00003770861076191068 
vn -0.00729459710419178 0.00436974223703146 -0.005262528546154499 
vn -0.008770019747316837 0.004526273347437382 -0.0016123264795169234 
vn -0.004382288549095392 0.008310141041874886 -0.0034259448293596506 
vn -0.009408405981957912 0.002401313977316022 -0.0023907290305942297 
vn -0.00958653911948204 0.002781098475679755 -0.0006031343364156783 
vn -0.009663880802690983 0.002570600714534521 -0.000037714868085458875 
vn -0.009993103332817554 0.00037131289718672633 -6.049260398155454e-11 
vn -0.00958653911948204 0.002781098475679755 0.0006031334050931036 
vn -0.009895321913063526 0.0001966097333934158 -0.001429667230695486 
vn -0.00869992095977068 -0.004251466598361731 -0.0024972804822027683 
vn -0.008683928288519382 -0.00252835126593709 -0.004265774507075548 
vn 0.007374824956059456 -0.0022312954533845186 -0.006374423857778311 
vn 0.00016982898523565382 -0.002146027283743024 -0.009765537455677986 
vn -0.008082904852926731 -0.001025004661642015 -0.005797931458801031 
vn 0.000490580452606082 -0.0007203269051387906 -0.009961950592696667 
vn 0.0003961881739087403 0.0013287216424942017 -0.009903410449624062 
vn -0.008726857602596283 0.0018033761298283935 -0.004537597764283419 
vn 0.0014648442156612873 0.0034452793188393116 -0.009272770956158638 
vn -0.007883445359766483 0.0045262728817760944 -0.004167031031101942 
vn -0.009835975244641304 0.0018033768283203244 -0.00003773018397623673 
vn -0.009277932345867157 0.0037307559978216887 -0.00003770778130274266 
vn -0.007869184948503971 0.004642767831683159 0.004064558539539576 
vn -0.008726857602596283 0.0018033775268122554 0.004537596832960844 
vn 0.0016881865449249744 0.0035680392757058144 0.009187988005578518 
vn 0.0003961881739087403 0.0013287249021232128 0.009903409518301487 
vn -0.008082904852926731 -0.0010250027989968657 0.005797931924462318 
vn 0.000490580452606082 -0.0007203236455097795 0.009961950592696667 
vn 0.00016982898523565382 -0.0021460240241140127 0.00976553838700056 
vn -0.008683928288519382 -0.002528349868953228 0.004265775438398123 
vn 0.007374824956059456 -0.0022312933579087257 0.006374424323439598 
vn -0.00869992095977068 -0.004251465667039156 0.0024972818791866302 
vn -0.009895321913063526 0.00019661019905470312 0.0014296671142801642 
vn -0.009747815318405628 -0.0022312942892313004 -0.000037760200939374045 
vn -0.009927896782755852 -0.001198693411424756 1.952943778915639e-10 
vn 0.009166880510747433 0.0023163934238255024 0.003256168682128191 
vn 0.0007723003509454429 0.004835141357034445 0.008719229139387608 
vn 0.009152517654001713 0.0016312006628140807 0.003683831775560975 
vn 0.001409734133630991 0.00352718704380095 0.009250491857528687 
vn 0.009516019374132156 0.0011986938770860434 0.0028299312107264996 
vn 0.0028751674108207226 0.0038923367392271757 0.008751179091632366 
vn 0.009451893158257008 0.0001529232831671834 0.003261646255850792 
vn 0.004716601222753525 0.002358877332881093 0.008496432565152645 
vn 0.0056021567434072495 0.001975004095584154 0.008044575341045856 
vn 0.009092727676033974 0.0018033774103969336 0.003751016454771161 
vn 0.0033905210439115763 0.0053980532102286816 0.007704894058406353 
vn 0.007374824956059456 -0.0022312933579087257 0.006374424323439598 
vn 0.007417519576847553 -0.003115093568339944 -0.005939409602433443 
vn 0.007691009435802698 -0.0027391028124839067 -0.005774572491645813 
vn 0.007875838316977024 -0.002443707548081875 -0.005656807217746973 
vn -0.001465729670599103 -0.004526275210082531 -0.008795707486569881 
vn -0.001018056645989418 -0.004604024812579155 -0.008818532340228558 
vn -0.003000610740855336 -0.004604024812579155 -0.00835459679365158 
vn -0.00869992095977068 -0.004251465667039156 0.0024972818791866302 
vn -0.009752927348017693 -0.0015449211932718754 0.001579119823873043 
vn -0.009408405981957912 0.002401314675807953 0.0023907283321022987 
vn -0.00906398519873619 0.002358876634389162 0.003504264634102583 
vn -0.004382288549095392 0.00831014197319746 0.0034259422682225704 
vn -0.0036946076434105635 0.008406086824834347 0.003960753325372934 
vn -0.005899170413613319 0.0022312956862151623 0.007760225795209408 
vn -0.0025214063934981823 0.005972885061055422 0.0076136160641908646 
vn 0.0033905210439115763 0.0053980532102286816 0.007704894058406353 
vn -0.00020748961833305657 0.0019321524305269122 0.009809370152652264 
vn 0.0056021567434072495 0.001975004095584154 0.008044575341045856 
vn 0.004716601222753525 0.002358877332881093 0.008496432565152645 
vn -0.0060485596768558025 0.0017603834858164191 0.007766335736960173 
vn -0.009786432608962059 -0.0017173542873933911 -0.0011297955643385649 
vn -0.00902179628610611 -0.002654953161254525 -0.0033997665159404278 
vn -0.009268955327570438 -0.0021460261195898056 -0.0030791282188147306 
vn -0.007794808130711317 0.0014585258904844522 0.006092098541557789 
vn -0.00831341091543436 0.002231295220553875 0.005090041551738977 
vn 0.0007723003509454429 0.004835141357034445 0.008719229139387608 
vn 0.001409734133630991 0.00352718704380095 0.009250491857528687 
vn 0.0028751674108207226 0.0038923367392271757 0.008751179091632366 
vn -0.006957699079066515 0.0023588771000504494 0.006784255616366863 
vn 0.0009974678978323936 0.004835141357034445 0.00869634747505188 
vn -0.00804154947400093 0.002612802665680647 0.005339170340448618 
vn 0.0007723003509454429 0.004835141357034445 0.008719229139387608 
vn -0.00831341091543436 0.002231295220553875 0.005090041551738977 
vn -0.009093774482607841 -0.0020605935715138912 -0.003613477572798729 
vn -0.009268955327570438 -0.0021460261195898056 -0.0030791282188147306 
vn -0.001465729670599103 -0.004526275210082531 -0.008795707486569881 
vn -0.0009418467525392771 -0.004132460802793503 -0.009057356044650078 
vn 0.007906578481197357 -0.0024860533885657787 -0.005595136433839798 
vn 0.007875838316977024 -0.002443707548081875 -0.005656807217746973 
vn 0.009092206135392189 0.0021886813919991255 0.003541391110047698 
vn 0.009166880510747433 0.0023163934238255024 0.003256168682128191 
vn 0.0007723003509454429 0.004835141357034445 0.008719229139387608 
vn 0.0009974678978323936 0.004835141357034445 0.00869634747505188 
vn 0.009325454011559486 0.00098153087310493 0.003474550787359476 
vn 0.001054426422342658 0.003363114083185792 0.009358292445540428 
vn 0.0009224258828908205 0.005544345360249281 0.008270995691418648 
vn 0.008445227518677711 0.004719987511634827 0.0025297931861132383 
vn 0.007647502236068249 -0.0031150933355093002 -0.005640204064548016 
vn 0.0056089116260409355 -0.0036495376843959093 -0.007431082893162966 
vn -0.0010172576876357198 -0.0047968486323952675 -0.008715241216123104 
vn -0.0009423491428606212 -0.005652955733239651 -0.008194880560040474 
vn -0.00899488478899002 -0.002654953161254525 -0.0034703421406447887 
vn -0.008033767342567444 0.0015017384430393577 0.005762235727161169 
vn 0.001054426422342658 0.003363114083185792 0.009358292445540428 
vn 0.0009224258828908205 0.005544345360249281 0.008270995691418648 
vn -0.00779879093170166 0.0038923360407352448 0.0049018957652151585 
vn -0.008610177785158157 -0.002823042683303356 -0.004230278544127941 
vn 0.002042688662186265 -0.002697051502764225 0.00941027794033289 
vn 0.00035833980655297637 -0.00983208417892456 0.0017893342301249504 
vn 0.00015095128037501127 0.00032764734351076186 0.009993490763008595 
vn -0.004690507426857948 -0.008805659599602222 -0.0006778623792342842 
vn 0.006646623834967613 0.003730757161974907 0.006473317742347717 
vn 0.0009970403043553233 -0.008285759016871452 -0.005509275011718273 
vn 0.008723162114620209 0.002781099174171686 0.004021432716399431 
vn 0.007615834940224886 -0.003404230112209916 -0.00551455095410347 
vn 0.007175838574767113 -0.003115093568339944 -0.006229248363524675 
vn 0.008873898535966873 0.001975003629922867 0.004165728576481342 
vn 0.008844105526804924 0.001198694109916687 0.004510534927248955 
vn 0.006906617432832718 -0.0027391030453145504 -0.006692977622151375 
vn 0.00711304834112525 -0.005796253681182861 0.003975925967097282 
vn 0.005451064556837082 -0.005937783978879452 -0.005918497685343027 
vn -0.008610177785158157 -0.002823042683303356 -0.004230278544127941 
vn -0.00779879093170166 0.0038923360407352448 0.0049018957652151585 
vn -0.008894463069736958 -0.0017173547530546784 -0.004235471598803997 
vn -0.006892197299748659 0.0053242845460772514 0.0049142250791192055 
vn -0.009079255163669586 -0.0014585255412384868 -0.003929355647414923 
vn -0.007085446268320084 0.0038520509842783213 0.0059125423431396484 
vn -0.00903649628162384 -0.002358876634389162 -0.0035745545756071806 
vn -0.0071552288718521595 0.0020178183913230896 0.0066881319507956505 
vn -0.007118129171431065 0.0004149741434957832 0.0070114219561219215 
vn -0.008642083965241909 -0.0032806883100420237 -0.003814638825133443 
vn -0.006445714738219976 -0.006682643201202154 -0.0037141679786145687 
vn -0.004938080441206694 -0.006811634171754122 0.005405275151133537 
vn -0.008610177785158157 -0.002823042683303356 -0.004230278544127941 
vn -0.008894463069736958 -0.0017173547530546784 -0.004235471598803997 
vn -0.0011667655780911446 -0.006843560840934515 -0.007197522558271885 
vn -0.000829516735393554 -0.006385008338838816 -0.0076513770036399364 
vn 0.007615834940224886 -0.003404230112209916 -0.00551455095410347 
vn 0.007175838574767113 -0.003115093568339944 -0.006229248363524675 
vn 0.0009970403043553233 -0.008285759016871452 -0.005509275011718273 
vn -0.0009423491428606212 -0.005652955733239651 -0.008194880560040474 
vn 0.0056089116260409355 -0.0036495376843959093 -0.007431082893162966 
vn 0.004436558578163385 -0.0021886823233217 -0.0086906049400568 
vn -0.004690507426857948 -0.008805659599602222 -0.0006778623792342842 
vn 0.006970216520130634 -0.005471407435834408 -0.004634628538042307 
vn 0.00035833980655297637 -0.00983208417892456 0.0017893342301249504 
vn -0.009079255163669586 -0.0014585255412384868 -0.003929355647414923 
vn -0.00903649628162384 -0.002358876634389162 -0.0035745545756071806 
vn -0.0005285987863317132 -0.005471407901495695 -0.008353698998689651 
vn -0.00041552650509402156 -0.004604024812579155 -0.008867371827363968 
vn 0.006906617432832718 -0.0027391030453145504 -0.006692977622151375 
vn 0.005451064556837082 -0.005937783978879452 -0.005918497685343027 
vn -0.00001888401857286226 -0.006938548292964697 -0.00720112444832921 
vn -0.008642083965241909 -0.0032806883100420237 -0.003814638825133443 
vn -0.006445714738219976 -0.006682643201202154 -0.0037141679786145687 
vn 0.003251055721193552 0.006907016970217228 0.006459392607212067 
vn 0.0038591932971030474 0.0007639001123607159 0.009193643927574158 
vn 0.006468955893069506 0.0036495374515652657 0.006695781368762255 
vn 0.006724419072270393 -0.0005895246868021786 0.007377984002232552 
vn 0.009023662656545639 0.000021847643438377418 0.00430964445695281 
vn 0.00867179874330759 -0.00015292192983906716 0.004977601580321789 
vn 0.006274753250181675 0.0010684587759897113 0.007712707854807377 
vn 0.006517031695693731 0.00010923384979832917 0.007583954371511936 
vn 0.007683377247303724 -0.0008945270092226565 0.0063376277685165405 
vn 0.008753366768360138 0.004835139960050583 -7.877458685356942e-10 
vn 0.0023801010102033615 0.009712627157568932 -1.582390884991014e-9 
vn 0.003251055721193552 0.006907015107572079 -0.006459394469857216 
vn 0.006468955893069506 0.0036495353560894728 -0.006695782765746117 
vn 0.0038591932971030474 0.0007638971437700093 -0.009193643927574158 
vn 0.006724419072270393 -0.0005895270733162761 -0.007377984002232552 
vn 0.009023662656545639 0.00002184623917855788 -0.00430964445695281 
vn 0.009987378492951393 -0.0005022686091251671 8.183010519191569e-11 
vn 0.009993103332817554 0.00037131289718672633 -6.04946717719379e-11 
vn 0.00867179874330759 -0.00015292355965357274 -0.004977601580321789 
vn 0.006274753250181675 0.001068456214852631 -0.007712708320468664 
vn 0.006517031695693731 0.00010923138324869797 -0.007583954371511936 
vn 0.007683377247303724 -0.0008945290464907885 -0.0063376277685165405 
vn 0.008170858956873417 -0.0013287242036312819 -0.005609951447695494 
vn 0.004217976704239845 -0.0020178186241537333 -0.008839517831802368 
vn 0.008014109916985035 -0.001717354985885322 -0.005729286931455135 
vn 0.008579040877521038 -0.005138099193572998 8.371042747867818e-10 
vn 0.009663954377174377 -0.002570600714534521 4.188048519093712e-10 
vn 0.008170858956873417 -0.0013287223409861326 0.005609951913356781 
vn 0.0053673796355724335 -0.006351319141685963 -0.0055544557981193066 
vn 0.006300558336079121 -0.007765498012304306 1.265162752339677e-9 
vn 0.009767014533281326 -0.0021460256539285183 3.4963262840470577e-10 
vn 0.008014109916985035 -0.0017173531232401729 0.005729287397116423 
vn 0.0053673796355724335 -0.0063513172790408134 0.005554457660764456 
vn 0.004217976704239845 -0.0020178158301860094 0.008839518763124943 
vn 0.004217976704239845 -0.0020178158301860094 0.008839518763124943 
vn 0.0053673796355724335 -0.0063513172790408134 0.005554457660764456 
vn 0.0018003539880737662 -0.003852048423141241 0.009050991386175156 
vn 0.001128204632550478 -0.007682243827730417 0.0063016097992658615 
vn -0.0008863804396241903 -0.005062932148575783 0.008577939122915268 
vn -0.0011119975242763758 -0.003156580962240696 0.009423346258699894 
vn -0.001912310253828764 -0.0032806862145662308 0.00925095472484827 
vn -0.004396923817694187 -0.005796253215521574 0.006860795430839062 
vn -0.0038260945584625006 -0.0001966084528248757 0.009237009100615978 
vn -0.006709064356982708 -0.0007638974348083138 0.007375968620181084 
vn -0.007274280302226543 0.0028649326413869858 0.006235143169760704 
vn -0.0029199589043855667 0.0005459040403366089 0.009548603557050228 
vn -0.002901288215070963 0.00032764728530310094 0.009564265608787537 
vn -0.003327100770547986 0.006007871590554714 0.007268828805536032 
vn -0.0007356247515417635 0.0008510024636052549 0.009936531074345112 
vn 0.003251055721193552 0.006907016970217228 0.006459392607212067 
vn 0.0038591932971030474 0.0007639001123607159 0.009193643927574158 
vn 0.0023801010102033615 0.009712627157568932 -1.582390884991014e-9 
vn -0.004310696851462126 0.009023185819387436 -1.4700656247867983e-9 
vn -0.009261542931199074 0.003771259682253003 -0.000037738820537924767 
vn -0.009892990812659264 -0.0014585249591618776 0.000037764391890959814 
vn -0.009947329759597778 0.0010250037303194404 -1.669925725478194e-10 
vn -0.006953307427465916 0.0010250048944726586 0.007113429717719555 
vn -0.00009437007975066081 -0.0005459008389152586 0.009984642267227173 
vn 0.006322858389467001 -0.0025283494032919407 0.007323176134377718 
vn 0.0010032693389803171 -0.009949545376002789 1.6209898978658543e-9 
vn 0.006300558336079121 -0.007765498012304306 1.265162752339677e-9 
vn 0.009261619299650192 -0.003771259682253003 6.144174058420049e-10 
vn 0.001950675155967474 -0.00015292114403564483 0.009806705638766289 
vn 0.0021723334211856127 0.00015292433090507984 0.009759998880326748 
vn -0.0035274941474199295 0.0012854058295488358 0.009268469177186489 
vn -0.003574104979634285 0.002316394355148077 0.009047657251358032 
vn 0.002667448716238141 0.0004586267750710249 0.009626753628253937 
vn 0.0022461917251348495 -0.00006553882121806964 0.009744245558977127 
vn -0.0042056976817548275 0.0007203267305158079 0.009043960832059383 
vn 0.001930797123350203 0.0006331396289169788 0.009791381657123566 
vn -0.003896039444953203 0.00015292424359358847 0.009208555333316326 
vn -0.008667120710015297 0.00132872408721596 0.004807859659194946 
vn -0.008559032343327999 0.0005895267240703106 0.005137648433446884 
vn -0.009879030287265778 0.0012854040833190084 -0.0008674624259583652 
vn -0.009937907569110394 0.0008510007173754275 -0.0007167956791818142 
vn -0.00788188073784113 0.0004586242139339447 -0.0061372327618300915 
vn -0.0076970322988927364 0.0007638976094312966 -0.006338150706142187 
vn -0.0029390761628746986 -0.0006767396698705852 -0.009534351527690887 
vn -0.0024844915606081486 0.0005022670375183225 -0.00967341847717762 
vn -0.0022091649007052183 0.0011986917816102505 -0.009678984060883522 
vn -0.007277635857462883 0.002401313278824091 -0.006424150429666042 
vn -0.009521792642772198 0.002906766487285495 -0.0009413681691512465 
vn -0.008120614103972912 0.0030319360084831715 0.004986280109733343 
vn -0.008396130986511707 0.0011986942263320088 0.005297936033457518 
vn -0.009937907569110394 0.0008510007173754275 -0.0007167956791818142 
vn -0.007530926261097193 0.00032764466595835984 -0.006570981349796057 
vn -0.0020976841915398836 -0.0003276473144069314 -0.009772020392119884 
vn -0.0020976841915398836 -0.0003276473144069314 -0.009772020392119884 
vn 0.003893808228895068 -0.0003713144105859101 -0.009203281253576279 
vn 0.0032962120603770018 -0.0015449229395017028 -0.009313871152698994 
vn 0.008051740936934948 -0.002823042916134 -0.005215351935476065 
vn -0.0022091649007052183 0.0011986917816102505 -0.009678984060883522 
vn 0.004014349542558193 -0.000633139512501657 -0.009136965498328209 
vn -0.0029390761628746986 -0.0006767396698705852 -0.009534351527690887 
vn 0.003613289212808013 -0.0014152859803289175 -0.009216350503265858 
vn -0.0024844915606081486 0.0005022670375183225 -0.00967341847717762 
vn 0.003330545499920845 0.00141528295353055 -0.009322254918515682 
vn 0.008565738797187805 -0.0013720177812501788 -0.004974503070116043 
vn 0.008282596245408058 0.0034452800173312426 -0.004419122356921434 
vn 0.00990611594170332 -0.0010250036139041185 0.0009045592159964144 
vn 0.009234263561666012 0.0036901815328747034 0.0010540093062445521 
vn 0.0076632690615952015 -0.0005895248614251614 0.006397402845323086 
vn 0.0072135417722165585 0.0026128028985112906 0.006413897033780813 
vn 0.0022461917251348495 -0.00006553882121806964 0.009744245558977127 
vn 0.001930797123350203 0.0006331396289169788 0.009791381657123566 
vn 0.002667448716238141 0.0004586267750710249 0.009626753628253937 
vn 0.0073255314491689205 -0.0018463359447196126 0.00655191857367754 
vn 0.00943064782768488 -0.003239380894228816 0.0007545205298811197 
vn 0.008077174425125122 -0.002486053155735135 -0.005345913581550121 
vn 0.009459294378757477 -0.0031150924041867256 0.0009044025209732354 
vn 0.007122425828129053 -0.0022312933579087257 0.006655251607298851 
vn 0.001950675155967474 -0.00015292114403564483 0.009806705638766289 
vn 0.0021723334211856127 0.00015292433090507984 0.009759998880326748 
vn 0.009166880510747433 0.002316392259672284 -0.003256169380620122 
vn 0.009152517654001713 0.0016311993822455406 -0.0036838322412222624 
vn 0.0007723003509454429 0.004835138563066721 -0.008719231002032757 
vn 0.001409734133630991 0.0035271840170025826 -0.009250492788851261 
vn 0.009516019374132156 0.0011986929457634687 -0.002829931676387787 
vn 0.0028751674108207226 0.003892333945259452 -0.00875118002295494 
vn 0.009451893158257008 0.00015292222087737173 -0.003261646255850792 
vn 0.004716601222753525 0.002358874538913369 -0.00849643349647522 
vn 0.0056021567434072495 0.001975001534447074 -0.008044576272368431 
vn 0.009092727676033974 0.0018033762462437153 -0.003751017153263092 
vn 0.0033905210439115763 0.005398050416260958 -0.007704895921051502 
vn 0.007374824956059456 -0.0022312954533845186 -0.006374423857778311 
vn 0.007417519576847553 -0.003115091472864151 0.005939410999417305 
vn 0.007691009435802698 -0.0027391009498387575 0.005774573422968388 
vn 0.007875838316977024 -0.0024437056854367256 0.00565680768340826 
vn -0.001465729670599103 -0.00452627195045352 0.00879570934921503 
vn -0.001018056645989418 -0.004604022018611431 0.008818534202873707 
vn -0.00902179628610611 -0.0026549522299319506 0.0033997674472630024 
vn -0.009268955327570438 -0.002146025188267231 0.0030791289173066616 
vn -0.007794808130711317 0.0014585239114239812 -0.006092099007219076 
vn -0.00831341091543436 0.0022312935907393694 -0.005090042017400265 
vn 0.0007723003509454429 0.004835138563066721 -0.008719231002032757 
vn 0.001409734133630991 0.0035271840170025826 -0.009250492788851261 
vn 0.0028751674108207226 0.003892333945259452 -0.00875118002295494 
vn -0.006957699079066515 0.0023588750045746565 -0.006784256547689438 
vn 0.004716601222753525 0.002358874538913369 -0.00849643349647522 
vn -0.0060485596768558025 0.001760380924679339 -0.007766336668282747 
vn -0.005899170413613319 0.002231293125078082 -0.007760226726531982 
vn -0.00020748961833305657 0.0019321492873132229 -0.009809370152652264 
vn 0.0056021567434072495 0.001975001534447074 -0.008044576272368431 
vn 0.0033905210439115763 0.005398050416260958 -0.007704895921051502 
vn -0.0025214063934981823 0.005972882267087698 -0.007613617926836014 
vn -0.0036946076434105635 0.008406085893511772 -0.003960756119340658 
vn -0.00906398519873619 0.002358875470235944 -0.003504265332594514 
vn -0.004382288549095392 0.008310141041874886 -0.0034259448293596506 
vn -0.009408405981957912 0.002401313977316022 -0.0023907290305942297 
vn -0.009752927348017693 -0.0015449216589331627 -0.0015791193582117558 
vn -0.009786432608962059 -0.0017173538217321038 0.001129796146415174 
vn -0.003000610740855336 -0.004604022018611431 0.00835459865629673 
vn -0.00869992095977068 -0.004251466598361731 -0.0024972804822027683 
vn 0.0009224258828908205 0.005544343031942844 -0.008270997554063797 
vn -0.00779879093170166 0.003892334410920739 -0.00490189716219902 
vn 0.001054426422342658 0.0033631110563874245 -0.009358294308185577 
vn -0.008033767342567444 0.0015017365803942084 -0.005762236192822456 
vn 0.0009974678978323936 0.004835138563066721 -0.008696349337697029 
vn -0.00804154947400093 0.0026128010358661413 -0.0053391712717711926 
vn 0.0007723003509454429 0.004835138563066721 -0.008719231002032757 
vn -0.00831341091543436 0.0022312935907393694 -0.005090042017400265 
vn -0.008610177785158157 -0.0028230412863194942 0.004230279475450516 
vn -0.00899488478899002 -0.0026549522299319506 0.0034703428391367197 
vn -0.0009423491428606212 -0.005652953404933214 0.008194882422685623 
vn -0.0010172576876357198 -0.004796845838427544 0.008715243078768253 
vn 0.0056089116260409355 -0.003649535123258829 0.00743108382448554 
vn 0.007647502236068249 -0.0031150917056947947 0.00564020499587059 
vn 0.008445227518677711 0.004719986580312252 -0.002529794815927744 
vn 0.009325454011559486 0.0009815297089517117 -0.0034745510201901197 
vn 0.0009224258828908205 0.005544343031942844 -0.008270997554063797 
vn 0.001054426422342658 0.0033631110563874245 -0.009358294308185577 
vn 0.009092206135392189 0.002188680227845907 -0.003541391808539629 
vn 0.0009974678978323936 0.004835138563066721 -0.008696349337697029 
vn 0.0007723003509454429 0.004835138563066721 -0.008719231002032757 
vn 0.009166880510747433 0.002316392259672284 -0.003256169380620122 
vn 0.007875838316977024 -0.0024437056854367256 0.00565680768340826 
vn 0.007906578481197357 -0.0024860515259206295 0.005595137365162373 
vn -0.001465729670599103 -0.00452627195045352 0.00879570934921503 
vn -0.0009418467525392771 -0.004132457543164492 0.009057356975972652 
vn -0.009093774482607841 -0.002060592407360673 0.00361347827129066 
vn -0.009268955327570438 -0.002146025188267231 0.0030791289173066616 
vn 0.002042688662186265 -0.0026970545295625925 -0.009410277009010315 
vn 0.00015095128037501127 0.0003276440838817507 -0.009993490763008595 
vn 0.00035833980655297637 -0.00983208417892456 -0.0017893309704959393 
vn -0.004690507426857948 -0.008805659599602222 0.0006778652314096689 
vn 0.006646623834967613 0.003730755066499114 -0.006473319139331579 
vn 0.0009970403043553233 -0.008285757154226303 0.005509277805685997 
vn 0.008723162114620209 0.0027810977771878242 -0.004021433647722006 
vn 0.007615834940224886 -0.0034042284823954105 0.0055145518854260445 
vn 0.007175838574767113 -0.003115091472864151 0.00622924929484725 
vn 0.008873898535966873 0.001975002232939005 -0.00416572904214263 
vn 0.008844105526804924 0.0011986925965175033 -0.004510535392910242 
vn 0.006906617432832718 -0.0027391009498387575 0.006692978553473949 
vn 0.00711304834112525 -0.005796255078166723 -0.003975924104452133 
vn 0.005451064556837082 -0.0059377821162343025 0.005918499547988176 
vn -0.008610177785158157 -0.0028230412863194942 0.004230279475450516 
vn -0.00779879093170166 0.003892334410920739 -0.00490189716219902 
vn -0.008894463069736958 -0.0017173533560708165 0.004235472064465284 
vn -0.006892197299748659 0.0053242831490933895 -0.004914226941764355 
vn -0.009079255163669586 -0.0014585242606699467 0.00392935611307621 
vn -0.007085446268320084 0.003852049121633172 -0.00591254374012351 
vn -0.00903649628162384 -0.002358875470235944 0.0035745552740991116 
vn -0.0071552288718521595 0.002017816063016653 -0.006688132416456938 
vn -0.007118129171431065 0.0004149718733970076 -0.0070114219561219215 
vn -0.008642083965241909 -0.0032806869130581617 0.003814639989286661 
vn -0.006445714738219976 -0.0066826422698795795 0.0037141700740903616 
vn -0.004938080441206694 -0.006811635568737984 -0.005405272822827101 
vn -0.008610177785158157 -0.0028230412863194942 0.004230279475450516 
vn -0.008894463069736958 -0.0017173533560708165 0.004235472064465284 
vn -0.0011667655780911446 -0.0068435585126280785 0.0071975248865783215 
vn -0.000829516735393554 -0.006385005544871092 0.007651378866285086 
vn 0.007615834940224886 -0.0034042284823954105 0.0055145518854260445 
vn 0.007175838574767113 -0.003115091472864151 0.00622924929484725 
vn 0.0009970403043553233 -0.008285757154226303 0.005509277805685997 
vn -0.0009423491428606212 -0.005652953404933214 0.008194882422685623 
vn 0.0056089116260409355 -0.003649535123258829 0.00743108382448554 
vn 0.004436558578163385 -0.0021886795293539762 0.008690605871379375 
vn -0.004690507426857948 -0.008805659599602222 0.0006778652314096689 
vn 0.006970216520130634 -0.005471406038850546 0.004634630400687456 
vn 0.00035833980655297637 -0.00983208417892456 -0.0017893309704959393 
vn -0.009079255163669586 -0.0014585242606699467 0.00392935611307621 
vn -0.00903649628162384 -0.002358875470235944 0.0035745552740991116 
vn -0.0005285987863317132 -0.005471405107527971 0.008353699930012226 
vn -0.00041552650509402156 -0.004604022018611431 0.008867373690009117 
vn 0.006906617432832718 -0.0027391009498387575 0.006692978553473949 
vn 0.005451064556837082 -0.0059377821162343025 0.005918499547988176 
vn -0.00001888401857286226 -0.006938545498996973 0.007201126776635647 
vn -0.008642083965241909 -0.0032806869130581617 0.003814639989286661 
vn -0.006445714738219976 -0.0066826422698795795 0.0037141700740903616 
vn 0.004217976704239845 -0.0020178186241537333 -0.008839517831802368 
vn 0.0018003539880737662 -0.0038520514499396086 -0.009050990454852581 
vn 0.0053673796355724335 -0.006351319141685963 -0.0055544557981193066 
vn 0.001128204632550478 -0.0076822456903755665 -0.006301607470959425 
vn -0.0008863804396241903 -0.005062934942543507 -0.008577938191592693 
vn -0.0011119975242763758 -0.0031565839890390635 -0.00942334532737732 
vn -0.001912310253828764 -0.0032806892413645983 -0.009250953793525696 
vn -0.004396923817694187 -0.0057962555438280106 -0.0068607935681939125 
vn -0.004375911783427 -0.0002839737571775913 -0.00898725539445877 
vn -0.006615009158849716 -0.0008074587094597518 -0.007455847691744566 
vn -0.007274280302226543 0.002864930545911193 -0.006235144101083279 
vn -0.0030647162348031998 0.0005022670957259834 -0.00950553733855486 
vn -0.002901288215070963 0.0003276441711932421 -0.009564265608787537 
vn -0.003327100770547986 0.006007869262248278 -0.007268831133842468 
vn -0.0007356247515417635 0.0008509992039762437 -0.009936531074345112 
vn 0.003251055721193552 0.006907015107572079 -0.006459394469857216 
vn 0.0038591932971030474 0.0007638971437700093 -0.009193643927574158 
vn 0.0023801010102033615 0.009712627157568932 -1.582390884991014e-9 
vn -0.004310696851462126 0.009023185819387436 -1.4700656247867983e-9 
vn -0.009261542931199074 0.003771259682253003 -0.000037738820537924767 
vn -0.009892990812659264 -0.0014585249591618776 0.000037764391890959814 
vn -0.009947329759597778 0.0010250037303194404 -1.669925725478194e-10 
vn -0.006953307427465916 0.001025002566166222 -0.007113430183380842 
vn -0.00009437007975066081 -0.0005459040985442698 -0.009984642267227173 
vn 0.006322858389467001 -0.0025283517315983772 -0.007323175203055143 
vn 0.0010032693389803171 -0.009949545376002789 1.6209898978658543e-9 
vn 0.006300558336079121 -0.007765498012304306 1.265162752339677e-9 
vn 0.009261619299650192 -0.003771259682253003 6.144174058420049e-10 
vn -0.0007356247515417635 0.0008510024636052549 0.009936531074345112 
vn 0.008742313832044601 0.00032764652860350907 0.0048440261743962765 
vn 0.003251055721193552 0.006907016970217228 0.006459392607212067 
vn 0.007734311278909445 -0.002146026585251093 -0.005964478012174368 
vn 0.005132797174155712 -0.002948547014966607 -0.008059805259108543 
vn 0.001821364276111126 -0.002316394355148077 -0.009555989876389503 
vn 0.0069979103282094 -0.0016742917941883206 0.006944493856281042 
vn -0.002901288215070963 0.00032764728530310094 0.009564265608787537 
vn 0.005547842476516962 -0.006385006010532379 0.005334148649126291 
vn -0.0029199589043855667 0.0005459040403366089 0.009548603557050228 
vn -0.0024038096889853477 -0.007365798577666283 0.006321923341602087 
vn -0.0038260945584625006 -0.0001966084528248757 0.009237009100615978 
vn -0.005914273671805859 0.002443708013743162 0.007684377487748861 
vn -0.006709064356982708 -0.0007638974348083138 0.007375968620181084 
vn -0.009187537245452404 0.003115092869848013 0.0024259767960757017 
vn -0.009811491705477238 0.0019321509171277285 -0.00003772841955651529 
vn -0.009892990812659264 -0.0014585249591618776 0.000037764391890959814 
vn -0.00960921123623848 0.001717353705316782 -0.0021711180452257395 
vn -0.006615009158849716 -0.0008074587094597518 -0.007455847691744566 
vn -0.004375911783427 -0.0002839737571775913 -0.00898725539445877 
vn 0.003959467634558678 -0.0059025706723332405 -0.007034364156424999 
vn -0.0030647162348031998 0.0005022670957259834 -0.00950553733855486 
vn -0.003931727260351181 -0.007511793170124292 -0.005302309989929199 
vn -0.002901288215070963 0.0003276441711932421 -0.009564265608787537 
vn 0.005547842476516962 -0.006385007873177528 -0.005334146786481142 
vn -0.0007356247515417635 0.0008509992039762437 -0.009936531074345112 
vn 0.0069979103282094 -0.0016742941224947572 -0.006944493390619755 
vn 0.008742313832044601 0.00032764492789283395 -0.0048440261743962765 
vn 0.006558946333825588 -0.0026549515314400196 0.007066219113767147 
vn 0.005132797174155712 -0.002948544453829527 0.008059806190431118 
vn 0.001821364276111126 -0.0023163913283497095 0.009555990807712078 
vn 0.007734311278909445 -0.0021460247226059437 0.005964478477835655 
vn 0.003251055721193552 0.006907015107572079 -0.006459394469857216 
vn 0.004512653220444918 -0.005324282683432102 0.007161562331020832 
vn 0.0027576463762670755 -0.0019321492873132229 0.009416060522198677 
vn 0.005911392159759998 -0.005544343031942844 0.005857960786670446 
vn 0.0031870556995272636 -0.0021886795293539762 0.009222383610904217 
vn 0.0060394746251404285 -0.004487267695367336 0.006587046664208174 
vn 0.007193318568170071 -0.0026549517642706633 0.006419298704713583 
vn 0.007835577242076397 -0.003771258983761072 0.004937746096402407 
vn 0.006473823916167021 -0.002231293125078082 0.0072877248749136925 
vn 0.009803027845919132 -0.001975002931430936 3.2176944442241506e-10 
vn 0.00981991272419691 -0.001889261999167502 3.0780045179312765e-10 
vn 0.006661641411483288 -0.0023588771000504494 -0.007075184024870396 
vn 0.00922462996095419 -0.0030319346114993095 0.0023903094697743654 
vn 0.006700269412249327 -0.0015449202619493008 0.0072608268819749355 
vn -0.009604861959815025 -0.0005895263166166842 -0.002720124553889036 
vn -0.0018621631897985935 -0.009380211122334003 -0.0029230094514787197 
vn -0.006813775282353163 -0.006042742636054754 -0.004130099434405565 
vn 0.009512584656476974 -0.0029902691021561623 -0.0007543371175415814 
vn 0.008108532056212425 -0.004132459871470928 -0.004144210368394852 
vn 0.0023995959199965 -0.0075405617244541645 0.006114071700721979 
vn -0.009312274865806103 0.0020605933386832476 0.0030059104319661856 
vn 0.009630049578845501 -0.001242061029188335 -0.00239153322763741 
vn 0.001552938367240131 0.0067473952658474445 -0.007215333636850119 
vn 0.003829697147011757 -0.0036901826970279217 -0.008468528278172016 
vn 0.0060561769641935825 -0.0027810996398329735 -0.007455749437212944 
vn 0.004991522058844566 -0.005688943900167942 -0.006536101922392845 
vn 0.0028279495891183615 -0.0021886823233217 -0.00933875609189272 
vn 0.004512653220444918 -0.005324285011738539 -0.007161560468375683 
vn 0.0027576463762670755 -0.0019321524305269122 -0.009416059590876102 
vn 0.006558946333825588 -0.002654953859746456 -0.00706621864810586 
vn 0.009076394140720367 -0.003972682170569897 -0.0013553082244470716 
vn 0.00862361304461956 -0.005062933545559645 8.24858181758259e-10 
vn 0.009321345947682858 -0.0010250043123960495 -0.003473020391538739 
vn 0.009321345947682858 -0.0010250031482428312 0.003473020624369383 
vn 0.008672626689076424 0.00006553959246957675 -0.00497807702049613 
vn 0.008672626689076424 0.00006554121500812471 0.00497807702049613 
vn 0.009076394140720367 -0.003972681704908609 0.0013553095050156116 
vn -0.009069656021893024 -0.0042118774726986885 0.00003774019569391385 
vn -0.008487933315336704 -0.005287247244268656 8.614053914612896e-10 
vn -0.00899123027920723 -0.003690181765705347 -0.00235379277728498 
vn -0.00899123027920723 -0.003690181067213416 0.002353793941438198 
vn -0.0090248491615057 -0.00184633769094944 -0.0038914172910153866 
vn -0.0090248491615057 -0.0018463364103809 0.0038914179895073175 
vn -0.009069656021893024 -0.0042118774726986885 -0.000037738824175903574 
vn -0.00991125963628292 0.0013287232723087072 -0.000037742385757155716 
vn -0.009970780462026596 0.000763898657169193 -1.244530728472526e-10 
vn -0.00991125963628292 0.0013287232723087072 -0.000037742385757155716 
vn -0.009970780462026596 0.000763898657169193 -1.244530728472526e-10 
vn -0.00991125963628292 0.0013287232723087072 -0.000037742385757155716 
vn -0.009993103332817554 0.00037131289718672633 -6.049260398155454e-11 
vn -0.009993103332817554 0.00037131289718672633 -6.049260398155454e-11 
vn 0.008601409383118153 0.005100565031170845 -8.309891663671465e-10 
vn 0.009372617118060589 0.0034862663596868515 -5.67985991573039e-10 
vn 0.008601409383118153 0.005100565031170845 -8.309891663671465e-10 
vn 0.009372617118060589 0.0034862663596868515 -5.67985991573039e-10 
vn 0.008601409383118153 0.005100565031170845 -8.309891663671465e-10 
vn 0.009776297956705093 0.0021033294033259153 -3.4267652604391685e-10 
vn 0.009776297956705093 0.0021033294033259153 -3.4267652604391685e-10 
vn 0.0016881865449249744 0.0035680392757058144 0.009187988005578518 
vn 0.0003961881739087403 0.0013287249021232128 0.009903409518301487 
vn 0.009143422357738018 0.00037131356657482684 0.004032363183796406 
vn 0.008962753228843212 0.000720325973816216 0.004376093856990337 
vn 0.009997112676501274 -0.0002402934042038396 3.914884041944511e-11 
vn 0.009989477694034576 0.0004586252325680107 -7.471968183070388e-11 
vn 0.008962753228843212 0.0007203245768323541 -0.004376093856990337 
vn 0.009143422357738018 0.0003713122569024563 -0.004032363183796406 
vn 0.0003961881739087403 0.0013287216424942017 -0.009903410449624062 
vn 0.0014648442156612873 0.0034452793188393116 -0.009272770956158638 
vn 0.000490580452606082 -0.0007203236455097795 0.009961950592696667 
vn 0.00850293692201376 -0.0009815293597057462 0.005170750897377729 
vn 0.009942756034433842 -0.0010684574954211712 1.740741717437544e-10 
vn 0.00850293692201376 -0.0009815311059355736 -0.005170750431716442 
vn 0.009828073903918266 -0.001846336992457509 3.0080707369428694e-10 
vn 0.00834002997726202 -0.0017603813903406262 0.005229239817708731 
vn 0.00016982898523565382 -0.0021460240241140127 0.00976553838700056 
vn 0.008328806608915329 0.002316393656656146 0.005026459693908691 
vn 0.007374824956059456 -0.0022312933579087257 0.006374424323439598 
vn 0.000490580452606082 -0.0007203269051387906 -0.009961950592696667 
vn 0.00834002997726202 -0.0017603830201551318 -0.005229239352047443 
vn 0.009402724914252758 0.0034042291808873415 -5.546204606687866e-10 
vn 0.0078066261485219 0.00624952744692564 -1.0181792076124907e-9 
vn 0.0070768194273114204 0.005652955267578363 0.004238245543092489 
vn 0.007881034165620804 0.003486267291009426 0.0050729913637042046 
vn 0.0074422466568648815 0.006215358152985573 0.0024458712432533503 
vn 0.004787242040038109 0.0077378954738378525 0.0041481670923531055 
vn 0.00016982898523565382 -0.002146027283743024 -0.009765537455677986 
vn 0.008328806608915329 0.0023163920268416405 -0.005026460625231266 
vn 0.0070768194273114204 0.0056529538705945015 -0.0042382474057376385 
vn 0.008273506537079811 0.005616858135908842 -9.151041036048468e-10 
vn 0.0074422466568648815 0.006215357221662998 -0.002445873338729143 
vn 0.007881034165620804 0.0034862656611949205 -0.005072992295026779 
vn 0.004787242040038109 0.0077378940768539906 -0.004148169886320829 
vn 0.007374824956059456 -0.0022312954533845186 -0.006374423857778311 
vn 0.009747888892889023 0.0022312942892313004 -3.635247103339623e-10 
vn 0.007713512051850557 0.003486267291009426 0.0053242528811097145 
vn 0.0015188081888481975 0.005688943900167942 0.008082644082605839 
vn -0.004382288549095392 0.00831014197319746 0.0034259422682225704 
vn -0.00729459710419178 0.004369743634015322 0.005262527149170637 
vn 0.007713512051850557 0.0034862656611949205 -0.005324253812432289 
vn 0.0015188081888481975 0.0056889415718615055 -0.008082645945250988 
vn -0.004382288549095392 0.008310141041874886 -0.0034259448293596506 
vn -0.00729459710419178 0.00436974223703146 -0.005262528546154499 
vn -0.004382288549095392 0.00831014197319746 0.0034259422682225704 
vn 0.004787242040038109 0.0077378954738378525 0.0041481670923531055 
vn -0.0036946076434105635 0.008406086824834347 0.003960753325372934 
vn 0.005163580644875765 0.007540563587099314 0.0040592290461063385 
vn -0.0025214063934981823 0.005972885061055422 0.0076136160641908646 
vn 0.007881034165620804 0.003486267291009426 0.0050729913637042046 
vn 0.009747888892889023 0.0022312942892313004 -3.635247103339623e-10 
vn 0.007713512051850557 0.003486267291009426 0.0053242528811097145 
vn 0.009261619299650192 -0.003771259682253003 6.144174058420049e-10 
vn 0.006322858389467001 -0.0025283494032919407 0.007323176134377718 
vn 0.0015188081888481975 0.005688943900167942 0.008082644082605839 
vn -0.00009437007975066081 -0.0005459008389152586 0.009984642267227173 
vn -0.00729459710419178 0.004369743634015322 0.005262527149170637 
vn -0.006953307427465916 0.0010250048944726586 0.007113429717719555 
vn -0.009446462616324425 0.0032806876115500927 0.00003770861076191068 
vn -0.009947329759597778 0.0010250037303194404 -1.669925725478194e-10 
vn -0.006953307427465916 0.001025002566166222 -0.007113430183380842 
vn -0.00729459710419178 0.00436974223703146 -0.005262528546154499 
vn -0.00009437007975066081 -0.0005459040985442698 -0.009984642267227173 
vn 0.0015188081888481975 0.0056889415718615055 -0.008082645945250988 
vn 0.006322858389467001 -0.0025283517315983772 -0.007323175203055143 
vn 0.007713512051850557 0.0034862656611949205 -0.005324253812432289 
vn 0.009261619299650192 -0.003771259682253003 6.144174058420049e-10 
vn 0.009747888892889023 0.0022312942892313004 -3.635247103339623e-10 
vn -0.00018883195298258215 -0.006584557704627514 -0.007523825392127037 
vn -0.0041029429994523525 0.0002402919199084863 -0.00911636557430029 
vn -0.0027859469410032034 -0.0064853401854634285 -0.007083704229444265 
vn -0.008641684427857399 0.0004586244176607579 -0.0050110830925405025 
vn -0.0062340437434613705 -0.006811635568737984 -0.003839051118120551 
vn -0.009923074394464493 0.0009815304074436426 0.0007544498657807708 
vn -0.007341948337852955 -0.0067473966628313065 0.0007539509679190814 
vn -0.007587221451103687 0.0016742940060794353 0.006295300554484129 
vn -0.005723023787140846 -0.006215356756001711 0.005349423736333847 
vn -0.0025350800715386868 0.002231295919045806 0.009412474930286407 
vn -0.001761815045028925 -0.005652953404933214 0.008058544248342514 
vn -0.0024844915606081486 0.0005022702389396727 0.00967341847717762 
vn -0.0076970322988927364 0.0007638996466994286 0.0063381502404809 
vn -0.009937907569110394 0.0008510009502060711 0.0007167953881435096 
vn -0.008559032343327999 0.0005895250360481441 -0.0051376488991081715 
vn -0.003896039444953203 0.00015292124589905143 -0.009208555333316326 
vn 0.000018872113287216052 0.0008945264271460474 -0.009959892369806767 
vn 0.001930797123350203 0.0006331364274956286 -0.009791381657123566 
vn 0.003362899413332343 0.005972885061055422 0.007281177677214146 
vn 0.003484606510028243 0.0057962555438280106 0.007366202771663666 
vn 0.003330545499920845 0.0014152859803289175 0.009322253987193108 
vn 0.0006219603237695992 0.0027391035109758377 0.009597420692443848 
vn -0.0025350800715386868 0.002231295919045806 0.009412474930286407 
vn -0.001761815045028925 -0.005652953404933214 0.008058544248342514 
vn 0.00018896696565207094 -0.0063513172790408134 0.007721726782619953 
vn 0.0029929340817034245 -0.005434779450297356 0.00784254539757967 
vn -0.0024844915606081486 0.0005022702389396727 0.00967341847717762 
vn 0.0022755544632673264 -0.005507929250597954 -0.008030228316783905 
vn 0.006311395671218634 -0.00510056596249342 -0.005843843799084425 
vn -0.00010896530147874728 -0.009998473338782787 -0.00013663653226103634 
vn -0.00010896530147874728 -0.009998473338782787 -0.00013663653226103634 
vn -0.00018883195298258215 -0.006584557704627514 -0.007523825392127037 
vn -0.00010896530147874728 -0.009998473338782787 -0.00013663653226103634 
vn -0.0027859469410032034 -0.0064853401854634285 -0.007083704229444265 
vn -0.0062340437434613705 -0.006811635568737984 -0.003839051118120551 
vn -0.00010896530147874728 -0.009998473338782787 -0.00013663653226103634 
vn -0.007341948337852955 -0.0067473966628313065 0.0007539509679190814 
vn -0.001761815045028925 -0.005652953404933214 0.008058544248342514 
vn -0.005723023787140846 -0.006215356756001711 0.005349423736333847 
vn 0.00018896696565207094 -0.0063513172790408134 0.007721726782619953 
vn -0.00010896530147874728 -0.009998473338782787 -0.00013663653226103634 
vn 0.007073483429849148 -0.0056529538705945015 0.004243812523782253 
vn 0.008174192160367966 -0.005688942968845367 -0.0009047183557413518 
vn 0.0029929340817034245 -0.005434779450297356 0.00784254539757967 
vn 0.001930797123350203 0.0006331364274956286 -0.009791381657123566 
vn 0.003444872098043561 0.0036495348904281855 -0.008649494498968124 
vn 0.000018872113287216052 0.0008945264271460474 -0.009959892369806767 
vn 0.002971777692437172 0.005324282683432102 -0.007925941608846188 
vn -0.00018883195298258215 -0.006584557704627514 -0.007523825392127037 
vn 0.0022755544632673264 -0.005507929250597954 -0.008030228316783905 
vn 0.00711304834112525 -0.005796253681182861 0.003975925967097282 
vn 0.008844105526804924 0.001198694109916687 0.004510534927248955 
vn 0.0007168932934291661 -0.007185973692685366 0.00691721448674798 
vn 0.00045275711454451084 0.002401316072791815 0.00969683937728405 
vn -0.004938080441206694 -0.006811634171754122 0.005405275151133537 
vn -0.007118129171431065 0.0004149741434957832 0.0070114219561219215 
vn 0.00050905323587358 0.003404230810701847 0.009388933889567852 
vn -0.0071552288718521595 0.0020178183913230896 0.0066881319507956505 
vn 0.0004338120052125305 0.004604024812579155 0.00886649638414383 
vn -0.007085446268320084 0.0038520509842783213 0.0059125423431396484 
vn 0.0005464675487019122 0.006146664265543222 0.007868919521570206 
vn -0.006892197299748659 0.0053242845460772514 0.0049142250791192055 
vn 0.0009224258828908205 0.005544345360249281 0.008270995691418648 
vn -0.00779879093170166 0.0038923360407352448 0.0049018957652151585 
vn 0.008873898535966873 0.001975003629922867 0.004165728576481342 
vn 0.008723162114620209 0.002781099174171686 0.004021432716399431 
vn 0.006646623834967613 0.003730757161974907 0.006473317742347717 
vn 0.008445227518677711 0.004719987511634827 0.0025297931861132383 
vn 0.00015095128037501127 0.00032764734351076186 0.009993490763008595 
vn 0.0077517153695225716 0.00631750887259841 -1.0292549035284537e-9 
vn 0.002042688662186265 -0.002697051502764225 0.00941027794033289 
vn 0.009023688733577728 0.002906766952946782 0.0031817848794162273 
vn 0.005451064556837082 -0.005937783978879452 -0.005918497685343027 
vn -0.00001888401857286226 -0.006938548292964697 -0.00720112444832921 
vn 0.00711304834112525 -0.005796253681182861 0.003975925967097282 
vn -0.006445714738219976 -0.006682643201202154 -0.0037141679786145687 
vn 0.0007168932934291661 -0.007185973692685366 0.00691721448674798 
vn -0.004938080441206694 -0.006811634171754122 0.005405275151133537 
vn 0.008445227518677711 0.004719987511634827 0.0025297931861132383 
vn 0.0056089116260409355 -0.0036495376843959093 -0.007431082893162966 
vn 0.0077517153695225716 0.00631750887259841 -1.0292549035284537e-9 
vn 0.004436558578163385 -0.0021886823233217 -0.0086906049400568 
vn 0.009023688733577728 0.002906766952946782 0.0031817848794162273 
vn 0.006970216520130634 -0.005471407435834408 -0.004634628538042307 
vn 0.002042688662186265 -0.002697051502764225 0.00941027794033289 
vn 0.00035833980655297637 -0.00983208417892456 0.0017893342301249504 
vn 0.003330545499920845 0.0014152859803289175 0.009322253987193108 
vn 0.008282596245408058 0.0034452814143151045 0.0044191209599375725 
vn 0.003362899413332343 0.005972885061055422 0.007281177677214146 
vn 0.004792570136487484 0.008499464951455593 0.0021886921022087336 
vn 0.003484606510028243 0.0057962555438280106 0.007366202771663666 
vn 0.006938830483704805 0.006181070115417242 0.0036941852886229753 
vn 0.0029929340817034245 -0.005434779450297356 0.00784254539757967 
vn 0.007073483429849148 -0.0056529538705945015 0.004243812523782253 
vn 0.007885533384978771 0.006112139206379652 -0.0006783228600397706 
vn 0.008174192160367966 -0.005688942968845367 -0.0009047183557413518 
vn 0.009234263561666012 0.0036901813000440598 -0.0010540104703977704 
vn 0.0050839148461818695 0.008590244688093662 -0.0006012482917867601 
vn 0.0072135417722165585 0.0026128008030354977 -0.0064138974994421005 
vn 0.004890516400337219 0.007765497546643019 -0.003972392063587904 
vn 0.001930797123350203 0.0006331364274956286 -0.009791381657123566 
vn 0.003444872098043561 0.0036495348904281855 -0.008649494498968124 
vn 0.0060952757485210896 0.006385006010532379 -0.004698862321674824 
vn 0.006311395671218634 -0.00510056596249342 -0.005843843799084425 
vn 0.002971777692437172 0.005324282683432102 -0.007925941608846188 
vn 0.0022755544632673264 -0.005507929250597954 -0.008030228316783905 
vn -0.001912310253828764 -0.0032806862145662308 0.00925095472484827 
vn -0.0011119975242763758 -0.003156580962240696 0.009423346258699894 
vn -0.0038260945584625006 -0.0001966084528248757 0.009237009100615978 
vn -0.0007356247515417635 0.0008510024636052549 0.009936531074345112 
vn -0.002901288215070963 0.00032764728530310094 0.009564265608787537 
vn -0.0029199589043855667 0.0005459040403366089 0.009548603557050228 
vn -0.004382288549095392 0.008310141041874886 -0.0034259448293596506 
vn -0.0036946076434105635 0.008406085893511772 -0.003960756119340658 
vn 0.004787242040038109 0.0077378940768539906 -0.004148169886320829 
vn 0.005163580644875765 0.007540562190115452 -0.004059231840074062 
vn 0.007881034165620804 0.0034862656611949205 -0.005072992295026779 
vn -0.0025214063934981823 0.005972882267087698 -0.007613617926836014 
vn -0.001761815045028925 -0.005652955733239651 -0.008058542385697365 
vn -0.005723023787140846 -0.00621535861864686 -0.005349421873688698 
vn -0.0025350800715386868 0.0022312928922474384 -0.009412475861608982 
vn -0.007587221451103687 0.0016742919106036425 -0.006295301020145416 
vn -0.0024844915606081486 0.0005022670375183225 -0.00967341847717762 
vn -0.0076970322988927364 0.0007638976094312966 -0.006338150706142187 
vn -0.009923074394464493 0.000981530174612999 -0.0007544502150267363 
vn -0.009937907569110394 0.0008510007173754275 -0.0007167956791818142 
vn -0.008641684427857399 0.0004586260474752635 0.005011082626879215 
vn -0.008559032343327999 0.0005895267240703106 0.005137648433446884 
vn -0.0041029429994523525 0.0002402948884991929 0.00911636557430029 
vn -0.0027859469410032034 -0.006485337857156992 0.007083706092089415 
vn -0.00018883195298258215 -0.006584555376321077 0.007523827254772186 
vn 0.000018872113287216052 0.0008945296285673976 0.009959892369806767 
vn -0.003896039444953203 0.00015292424359358847 0.009208555333316326 
vn 0.001930797123350203 0.0006331396289169788 0.009791381657123566 
vn -0.0062340437434613705 -0.006811634171754122 0.0038390534464269876 
vn -0.007341948337852955 -0.0067473966628313065 -0.0007539487560279667 
vn -0.0024844915606081486 0.0005022670375183225 -0.00967341847717762 
vn 0.003330545499920845 0.00141528295353055 -0.009322254918515682 
vn -0.0025350800715386868 0.0022312928922474384 -0.009412475861608982 
vn 0.0006219603237695992 0.00273910048417747 -0.009597420692443848 
vn -0.001761815045028925 -0.005652955733239651 -0.008058542385697365 
vn 0.00018896696565207094 -0.00635131960734725 -0.007721724454313517 
vn 0.0029929340817034245 -0.005434781778603792 -0.00784254353493452 
vn 0.003484606510028243 0.005796253215521574 -0.007366204634308815 
vn 0.003362899413332343 0.005972882732748985 -0.007281180005520582 
vn 0.0022755544632673264 -0.005507926922291517 0.008030230179429054 
vn 0.006311395671218634 -0.00510056409984827 0.005843845196068287 
vn -0.00010896530147874728 -0.009998473338782787 0.0001366397918900475 
vn -0.00010896530147874728 -0.009998473338782787 0.0001366397918900475 
vn -0.00018883195298258215 -0.006584555376321077 0.007523827254772186 
vn -0.00010896530147874728 -0.009998473338782787 0.0001366397918900475 
vn -0.0027859469410032034 -0.006485337857156992 0.007083706092089415 
vn -0.0062340437434613705 -0.006811634171754122 0.0038390534464269876 
vn -0.00010896530147874728 -0.009998473338782787 0.0001366397918900475 
vn -0.007341948337852955 -0.0067473966628313065 -0.0007539487560279667 
vn -0.001761815045028925 -0.005652955733239651 -0.008058542385697365 
vn -0.005723023787140846 -0.00621535861864686 -0.005349421873688698 
vn 0.008174192160367966 -0.00568894250318408 0.0009047202183865011 
vn -0.00010896530147874728 -0.009998473338782787 0.0001366397918900475 
vn 0.007073483429849148 -0.005652955267578363 -0.004243810661137104 
vn 0.00018896696565207094 -0.00635131960734725 -0.007721724454313517 
vn 0.0029929340817034245 -0.005434781778603792 -0.00784254353493452 
vn 0.001930797123350203 0.0006331396289169788 0.009791381657123566 
vn 0.000018872113287216052 0.0008945296285673976 0.009959892369806767 
vn 0.003444872098043561 0.0036495376843959093 0.008649492636322975 
vn 0.002971777692437172 0.005324285011738539 0.007925939746201038 
vn -0.00018883195298258215 -0.006584555376321077 0.007523827254772186 
vn 0.0022755544632673264 -0.005507926922291517 0.008030230179429054 
vn 0.00711304834112525 -0.005796255078166723 -0.003975924104452133 
vn 0.008844105526804924 0.0011986925965175033 -0.004510535392910242 
vn 0.0007168932934291661 -0.007185976020991802 -0.006917212158441544 
vn 0.00045275711454451084 0.0024013128131628036 -0.009696840308606625 
vn -0.004938080441206694 -0.006811635568737984 -0.005405272822827101 
vn -0.007118129171431065 0.0004149718733970076 -0.0070114219561219215 
vn 0.00050905323587358 0.0034042277839034796 -0.009388934820890427 
vn -0.0071552288718521595 0.002017816063016653 -0.006688132416456938 
vn 0.0004338120052125305 0.004604022018611431 -0.008866498246788979 
vn -0.007085446268320084 0.003852049121633172 -0.00591254374012351 
vn 0.0005464675487019122 0.006146661471575499 -0.007868921384215355 
vn -0.006892197299748659 0.0053242831490933895 -0.004914226941764355 
vn 0.0009224258828908205 0.005544343031942844 -0.008270997554063797 
vn -0.00779879093170166 0.003892334410920739 -0.00490189716219902 
vn 0.008873898535966873 0.001975002232939005 -0.00416572904214263 
vn 0.008723162114620209 0.0027810977771878242 -0.004021433647722006 
vn 0.006646623834967613 0.003730755066499114 -0.006473319139331579 
vn 0.008445227518677711 0.004719986580312252 -0.002529794815927744 
vn 0.00015095128037501127 0.0003276440838817507 -0.009993490763008595 
vn 0.0077517153695225716 0.00631750887259841 -1.0292549035284537e-9 
vn 0.002042688662186265 -0.0026970545295625925 -0.009410277009010315 
vn 0.009023688733577728 0.0029067660216242075 -0.003181785810738802 
vn 0.005451064556837082 -0.0059377821162343025 0.005918499547988176 
vn -0.00001888401857286226 -0.006938545498996973 0.007201126776635647 
vn 0.00711304834112525 -0.005796255078166723 -0.003975924104452133 
vn -0.006445714738219976 -0.0066826422698795795 0.0037141700740903616 
vn 0.0007168932934291661 -0.007185976020991802 -0.006917212158441544 
vn -0.004938080441206694 -0.006811635568737984 -0.005405272822827101 
vn 0.008445227518677711 0.004719986580312252 -0.002529794815927744 
vn 0.0056089116260409355 -0.003649535123258829 0.00743108382448554 
vn 0.0077517153695225716 0.00631750887259841 -1.0292549035284537e-9 
vn 0.004436558578163385 -0.0021886795293539762 0.008690605871379375 
vn 0.009023688733577728 0.0029067660216242075 -0.003181785810738802 
vn 0.006970216520130634 -0.005471406038850546 0.004634630400687456 
vn 0.002042688662186265 -0.0026970545295625925 -0.009410277009010315 
vn 0.00035833980655297637 -0.00983208417892456 -0.0017893309704959393 
vn 0.003330545499920845 0.00141528295353055 -0.009322254918515682 
vn 0.008282596245408058 0.0034452800173312426 -0.004419122356921434 
vn 0.003362899413332343 0.005972882732748985 -0.007281180005520582 
vn 0.004792570136487484 0.008499464020133018 -0.0021886948961764574 
vn 0.003484606510028243 0.005796253215521574 -0.007366204634308815 
vn 0.006938830483704805 0.0061810691840946674 -0.0036941871512681246 
vn 0.0029929340817034245 -0.005434781778603792 -0.00784254353493452 
vn 0.007073483429849148 -0.005652955267578363 -0.004243810661137104 
vn 0.007885533384978771 0.006112139206379652 0.0006783208809792995 
vn 0.008174192160367966 -0.00568894250318408 0.0009047202183865011 
vn 0.009234263561666012 0.0036901815328747034 0.0010540093062445521 
vn 0.0050839148461818695 0.008590245619416237 0.0006012454978190362 
vn 0.0072135417722165585 0.0026128028985112906 0.006413897033780813 
vn 0.004890516400337219 0.007765498943626881 0.00397238926962018 
vn 0.001930797123350203 0.0006331396289169788 0.009791381657123566 
vn 0.003444872098043561 0.0036495376843959093 0.008649492636322975 
vn 0.0060952757485210896 0.006385007873177528 0.004698859993368387 
vn 0.006311395671218634 -0.00510056409984827 0.005843845196068287 
vn 0.002971777692437172 0.005324285011738539 0.007925939746201038 
vn 0.0022755544632673264 -0.005507926922291517 0.008030230179429054 
vn -0.001912310253828764 -0.0032806892413645983 -0.009250953793525696 
vn -0.0011119975242763758 -0.0031565839890390635 -0.00942334532737732 
vn -0.004375911783427 -0.0002839737571775913 -0.00898725539445877 
vn -0.0007356247515417635 0.0008509992039762437 -0.009936531074345112 
vn -0.002901288215070963 0.0003276441711932421 -0.009564265608787537 
vn -0.0030647162348031998 0.0005022670957259834 -0.00950553733855486 
vn 0.006322858389467001 -0.0025283517315983772 -0.007323175203055143 
vn -0.00009437007975066081 -0.0005459040985442698 -0.009984642267227173 
vn 0.009261619299650192 -0.003771259682253003 6.144174058420049e-10 
vn -0.006953307427465916 0.001025002566166222 -0.007113430183380842 
vn -0.009947329759597778 0.0010250037303194404 -1.669925725478194e-10 
vn -0.006953307427465916 0.0010250048944726586 0.007113429717719555 
vn -0.00009437007975066081 -0.0005459008389152586 0.009984642267227173 
vn 0.006322858389467001 -0.0025283494032919407 0.007323176134377718 
vt 0.5094513297080994 0.48302945494651794 
vt 0.49352800846099854 0.4461577236652374 
vt 0.5354753136634827 0.4497374892234802 
vt 0.5055299401283264 0.41513296961784363 
vt 0.5206214785575867 0.3923417031764984 
vt 0.46536505222320557 0.4959166646003723 
vt 0.452412486076355 0.46393728256225586 
vt 0.4212787449359894 0.5088038444519043 
vt 0.4111781120300293 0.4817168712615967 
vt 0.34285029768943787 0.5295665860176086 
vt 0.33607691526412964 0.5095198154449463 
vt 0.32466915249824524 0.5364875197410583 
vt 0.32787758111953735 0.5140542387962341 
vt 0.3165886402130127 0.5202591419219971 
vt 0.3285905718803406 0.4907856285572052 
vt 0.3044678866863251 0.501405656337738 
vt 0.3985820412635803 0.45773234963417053 
vt 0.4339936673641205 0.44329389929771423 
vt 0.4695241451263428 0.42897477746009827 
vt 0.32122305035591125 0.47300606966018677 
vt 0.3839658200740814 0.43756625056266785 
vt 0.41640669107437134 0.42097994685173035 
vt 0.29353541135787964 0.48768317699432373 
vt 0.31266722083091736 0.45558446645736694 
vt 0.2831971347332001 0.4736027121543884 
vt 0.2841477692127228 0.44735097885131836 
vt 0.2709575295448303 0.454391211271286 
vt 0.30185359716415405 0.4378049075603485 
vt 0.35069313645362854 0.39783069491386414 
vt 0.36816129088401794 0.4187127351760864 
vt 0.36697298288345337 0.3821989893913269 
vt 0.3915709853172302 0.400575190782547 
vt 0.3832528293132782 0.3665672838687897 
vt 0.41509953141212463 0.38231831789016724 
vt 0.3971560597419739 0.34663984179496765 
vt 0.44884753227233887 0.40439361333847046 
vt 0.47736698389053345 0.4046322703361511 
vt 0.4921020269393921 0.37372684478759766 
vt 0.5188390016555786 0.37229493260383606 
vt 0.5458136200904846 0.37014704942703247 
vt 0.5430805087089539 0.3374517261981964 
vt 0.5169377326965332 0.3374517261981964 
vt 0.5188390016555786 0.3027278780937195 
vt 0.5458136200904846 0.3048757314682007 
vt 0.5206214785575867 0.2825617790222168 
vt 0.5354753136634827 0.22528529167175293 
vt 0.5055299401283264 0.2598898410797119 
vt 0.49352800846099854 0.22886507213115692 
vt 0.5095701813697815 0.19187401235103607 
vt 0.46536505222320557 0.1789868026971817 
vt 0.452412486076355 0.2110854983329773 
vt 0.4212787449359894 0.16609959304332733 
vt 0.564470112323761 0.4212185740470886 
vt 0.564470112323761 0.2536848783493042 
vt 0.4695241451263428 0.24604801833629608 
vt 0.41129693388938904 0.19330592453479767 
vt 0.4341124892234802 0.23160956799983978 
vt 0.3429691195487976 0.1454561948776245 
vt 0.33619576692581177 0.16550296545028687 
vt 0.32466915249824524 0.1385352909564972 
vt 0.32787758111953735 0.1609685719013214 
vt 0.3165886402130127 0.1547636240720749 
vt 0.3287093937397003 0.18423715233802795 
vt 0.3044678866863251 0.1736171394586563 
vt 0.3985820412635803 0.21717111766338348 
vt 0.41640669107437134 0.2540428638458252 
vt 0.3839658200740814 0.23733721673488617 
vt 0.32122305035591125 0.20201672613620758 
vt 0.29365426301956177 0.18722030520439148 
vt 0.31266722083091736 0.2194383144378662 
vt 0.2831971347332001 0.20130077004432678 
vt 0.2841477692127228 0.22755248844623566 
vt 0.2709575295448303 0.220512256026268 
vt 0.3019724190235138 0.2370985597372055 
vt 0.35069313645362854 0.2771921157836914 
vt 0.36816129088401794 0.2561907172203064 
vt 0.36697298288345337 0.29282382130622864 
vt 0.3915709853172302 0.27444759011268616 
vt 0.3832528293132782 0.30833619832992554 
vt 0.41509953141212463 0.292585164308548 
vt 0.3971560597419739 0.32826364040374756 
vt 0.44884753227233887 0.2706291675567627 
vt 0.4774858057498932 0.2702711820602417 
vt 0.4921020269393921 0.30117663741111755 
vt 0.48936891555786133 0.3374517261981964 
vt 0.4743961989879608 0.36537402868270874 
vt 0.46405792236328125 0.3789771795272827 
vt 0.4439754784107208 0.346759170293808 
vt 0.44409430027008057 0.3374517261981964 
vt 0.39703723788261414 0.3374517261981964 
vt 0.4439754784107208 0.32826364040374756 
vt 0.46405792236328125 0.29604560136795044 
vt 0.4743961989879608 0.30952945351600647 
vt 0.47261375188827515 0.3374517261981964 
vt 0.10269284248352051 0.24747993052005768 
vt 0.13608434796333313 0.2431841939687729 
vt 0.1331135779619217 0.28447097539901733 
vt 0.166742742061615 0.2666914165019989 
vt 0.04660460725426674 0.31275126338005066 
vt 0.05967601761221886 0.291511207818985 
vt 0.08546234667301178 0.32492250204086304 
vt 0.07833248376846313 0.2609637677669525 
vt 0.10661426186561584 0.30368247628211975 
vt 0.10447530448436737 0.21705180406570435 
vt 0.13774798810482025 0.21705180406570435 
vt 0.011668292805552483 0.29532966017723083 
vt 0.030918914824724197 0.2479572296142578 
vt 0.08035261183977127 0.21705180406570435 
vt 0.07833248376846313 0.17313982546329498 
vt 0.030918914824724197 0.18614636361598969 
vt 0.059794846922159195 0.14283102750778198 
vt 0.011668292805552483 0.13877394795417786 
vt 0.04660460725426674 0.12135234475135803 
vt 0.08546234667301178 0.10918109118938446 
vt 0.10661426186561584 0.13042111694812775 
vt 0.14285771548748016 0.10762985795736313 
vt 0.12420125305652618 0.08531589061021805 
vt 0.17922000586986542 0.08483859151601791 
vt 0.1629401594400406 0.061450693756341934 
vt 0.24255692958831787 0.037346843630075455 
vt 0.23257511854171753 0.019328616559505463 
vt 0.24968679249286652 0.011691751889884472 
vt 0.25859910249710083 0.026726828888058662 
vt 0.2708387076854706 0.038540102541446686 
vt 0.25396469235420227 0.05381383001804352 
vt 0.2854549288749695 0.04737022519111633 
vt 0.031037745997309685 0.21705180406570435 
vt 0.19811412692070007 0.1046467050909996 
vt 0.16555443406105042 0.12707999348640442 
vt 0.1331135779619217 0.14951328933238983 
vt 0.10269284248352051 0.18662366271018982 
vt 0.13608434796333313 0.1909193992614746 
vt 0.19549985229969025 0.21705180406570435 
vt 0.19549985229969025 0.227313831448555 
vt 0.20880892872810364 0.25463947653770447 
vt 0.24635951220989227 0.2507017254829407 
vt 0.24600303173065186 0.2258819192647934 
vt 0.24529004096984863 0.21705180406570435 
vt 0.24600303173065186 0.2082216739654541 
vt 0.19549985229969025 0.2067897617816925 
vt 0.24635951220989227 0.18340186774730682 
vt 0.20880892872810364 0.17946410179138184 
vt 0.2584802806377411 0.16538363695144653 
vt 0.22687123715877533 0.15691149234771729 
vt 0.27048221230506897 0.14736542105674744 
vt 0.2448147088289261 0.13435888290405273 
vt 0.30221009254455566 0.09331073611974716 
vt 0.166742742061615 0.1674121767282486 
vt 0.19336089491844177 0.14402428269386292 
vt 0.21986021101474762 0.12063638865947723 
vt 0.26763027906417847 0.06884890794754028 
vt 0.30090293288230896 0.054887764155864716 
vt 0.2841477692127228 0.08209409564733505 
vt 0.3102906048297882 0.07553116232156754 
vt 0.3165886402130127 0.0624053031206131 
vt 0.2324562966823578 0.4146556556224823 
vt 0.24255692958831787 0.3966374397277832 
vt 0.24968679249286652 0.4222925305366516 
vt 0.25859910249710083 0.407376766204834 
vt 0.27071988582611084 0.3954441547393799 
vt 0.1629401594400406 0.37265288829803467 
vt 0.17910116910934448 0.34914568066596985 
vt 0.12420125305652618 0.34878769516944885 
vt 0.14285771548748016 0.32635441422462463 
vt 0.16555443406105042 0.30690428614616394 
vt 0.19324205815792084 0.2900792956352234 
vt 0.2267524003982544 0.2771921157836914 
vt 0.25836145877838135 0.26871994137763977 
vt 0.27036339044570923 0.28673818707466125 
vt 0.2448147088289261 0.29974472522735596 
vt 0.21974137425422668 0.31346720457077026 
vt 0.19799530506134033 0.3294568955898285 
vt 0.25384587049484253 0.38017043471336365 
vt 0.28533607721328735 0.38673338294029236 
vt 0.26751142740249634 0.3652547001838684 
vt 0.28402894735336304 0.35200950503349304 
vt 0.3020912706851959 0.34079286456108093 
vt 0.3101717531681061 0.35857242345809937 
vt 0.3007841110229492 0.3792158365249634 
vt 0.31646981835365295 0.37157896161079407 
vt 0.6337485909461975 0.7759748101234436 
vt 0.6308966279029846 0.7555700540542603 
vt 0.623053789138794 0.7754974961280823 
vt 0.6085563898086548 0.7561666369438171 
vt 0.6066551208496094 0.7746621966362 
vt 0.5455759763717651 0.7759748101234436 
vt 0.5534188151359558 0.7562859654426575 
vt 0.3965618908405304 0.7653547525405884 
vt 0.3988196849822998 0.7548540830612183 
vt 0.5591226816177368 0.7371938228607178 
vt 0.40048331022262573 0.7437567710876465 
vt 0.5612616539001465 0.7178630232810974 
vt 0.4010774791240692 0.732062816619873 
vt 0.5590038895606995 0.6978162527084351 
vt 0.4000079929828644 0.7206075191497803 
vt 0.5516363382339478 0.677888810634613 
vt 0.3972748816013336 0.7101068496704102 
vt 0.6106953620910645 0.6738317012786865 
vt 0.6123589873313904 0.693281888961792 
vt 0.612715482711792 0.7146412134170532 
vt 0.6111707091331482 0.7363585233688354 
vt 0.6310154795646667 0.7354039549827576 
vt 0.6329167485237122 0.7154765129089355 
vt 0.6354122161865234 0.6959070563316345 
vt 0.6387394666671753 0.6758602857589722 
vt 0.33928537368774414 0.5669156312942505 
vt 0.3219360411167145 0.5829052925109863 
vt 0.3214607238769531 0.5644097924232483 
vt 0.29959580302238464 0.5603526830673218 
vt 0.3397606909275055 0.5916160941123962 
vt 0.32276785373687744 0.5936446785926819 
vt 0.3403548300266266 0.6467447280883789 
vt 0.31932175159454346 0.651995062828064 
vt 0.3016159236431122 0.7955442667007446 
vt 0.2911587953567505 0.794947624206543 
vt 0.29864516854286194 0.657245397567749 
vt 0.2804640233516693 0.7951862812042236 
vt 0.27737441658973694 0.6595125794410706 
vt 0.2692939043045044 0.7955442667007446 
vt 0.25610366463661194 0.6570067405700684 
vt 0.25836145877838135 0.7955442667007446 
vt 0.23578356206417084 0.6508018374443054 
vt 0.24778549373149872 0.7950669527053833 
vt 0.2417251020669937 0.5936446785926819 
vt 0.2603815793991089 0.5950765609741211 
vt 0.28177115321159363 0.5953152179718018 
vt 0.30339840054512024 0.5945992469787598 
vt 0.2823653221130371 0.5604720115661621 
vt 0.26537248492240906 0.5638131499290466 
vt 0.24374523758888245 0.5701374411582947 
vt 0.24338874220848083 0.5793255567550659 
vt 0.6211525201797485 0.28196513652801514 
vt 0.6224596500396729 0.25213363766670227 
vt 0.65703946352005 0.25738397240638733 
vt 0.6680907607078552 0.22958102822303772 
vt 0.6848459243774414 0.2572646737098694 
vt 0.6848459243774414 0.22993899881839752 
vt 0.7016010880470276 0.22958102822303772 
vt 0.7125335335731506 0.25738397240638733 
vt 0.74723219871521 0.25213363766670227 
vt 0.7485393285751343 0.28196513652801514 
vt 0.7177621126174927 0.28303906321525574 
vt 0.6848459243774414 0.28387436270713806 
vt 0.6848459243774414 0.3027278780937195 
vt 0.6519297361373901 0.28303906321525574 
vt 0.7212082147598267 0.30225056409835815 
vt 0.7548373937606812 0.31120002269744873 
vt 0.7248919606208801 0.3355425298213959 
vt 0.7997555136680603 0.3301728367805481 
vt 0.7841886281967163 0.36107829213142395 
vt 0.7250108122825623 0.4084506928920746 
vt 0.77765291929245 0.41226914525032043 
vt 0.7775340676307678 0.44078806042671204 
vt 0.7218023538589478 0.4320772588253021 
vt 0.7774152755737305 0.4691876471042633 
vt 0.7187127470970154 0.4557037949562073 
vt 0.6848459243774414 0.4305260181427002 
vt 0.6848459243774414 0.45307862758636475 
vt 0.6509791016578674 0.4557037949562073 
vt 0.6478894948959351 0.4320772588253021 
vt 0.5922765731811523 0.4691876471042633 
vt 0.5921577215194702 0.44078806042671204 
vt 0.6446810364723206 0.4084506928920746 
vt 0.5920388698577881 0.41226914525032043 
vt 0.5853843688964844 0.36107829213142395 
vt 0.6447998881340027 0.3355425298213959 
vt 0.5699363350868225 0.3301728367805481 
vt 0.6148544549942017 0.31120002269744873 
vt 0.6484836339950562 0.30225056409835815 
vt 0.6848459243774414 0.3366164565086365 
vt 0.6848459243774414 0.40797340869903564 
vt 0.3479600250720978 0.7917258143424988 
vt 0.32882824540138245 0.7886233329772949 
vt 0.34498924016952515 0.8061642646789551 
vt 0.32561978697776794 0.8021071553230286 
vt 0.34118664264678955 0.8350411653518677 
vt 0.3187275826931 0.8297908306121826 
vt 0.33227431774139404 0.8853967189788818 
vt 0.3143308460712433 0.8771632313728333 
vt 0.30945879220962524 0.8880218863487244 
vt 0.3228866755962372 0.9007897973060608 
vt 0.2993581295013428 0.9005511403083801 
vt 0.3508119583129883 0.8964940309524536 
vt 0.3587736487388611 0.8393368721008301 
vt 0.36412104964256287 0.8091474175453186 
vt 0.3651905059814453 0.7947089672088623 
vt 0.38467881083488464 0.7973341345787048 
vt 0.3832528293132782 0.8106986284255981 
vt 0.3832528293132782 0.8411267995834351 
vt 0.40060216188430786 0.9004318118095398 
vt 0.4193774461746216 0.8894538283348083 
vt 0.4174761474132538 0.9269221425056458 
vt 0.43197354674339294 0.9115291237831116 
vt 0.44052937626838684 0.9468495845794678 
vt 0.45015469193458557 0.9270414710044861 
vt 0.44338130950927734 0.8982839584350586 
vt 0.4552644193172455 0.907829999923706 
vt 0.46940529346466064 0.901505708694458 
vt 0.4556209146976471 0.8910050392150879 
vt 0.4705936014652252 0.8856353759765625 
vt 0.46500855684280396 0.8752540349960327 
vt 0.4388657510280609 0.8831295371055603 
vt 0.4061872065067291 0.8390982151031494 
vt 0.40214696526527405 0.8105792999267578 
vt 0.4026222825050354 0.7978114485740662 
vt 0.4210411012172699 0.8084314465522766 
vt 0.4185456335544586 0.7959022521972656 
vt 0.4362514615058899 0.7912485003471375 
vt 0.4400540590286255 0.8044937252998352 
vt 0.44599559903144836 0.8321773409843445 
vt 0.425081342458725 0.8365923762321472 
vt 0.5168188810348511 0.9188079833984375 
vt 0.5151552557945251 0.8978066444396973 
vt 0.4987565577030182 0.917256772518158 
vt 0.49733057618141174 0.8969713449478149 
vt 0.5130162835121155 0.8779985308647156 
vt 0.4956669509410858 0.8794304132461548 
vt 0.49542930722236633 0.8598609566688538 
vt 0.5124221444129944 0.8584290742874146 
vt 0.5123032927513123 0.8389788866043091 
vt 0.4968552589416504 0.8382629752159119 
vt 0.5144422650337219 0.8186935186386108 
vt 0.4987565577030182 0.8194094300270081 
vt 0.4991130530834198 0.7981694340705872 
vt 0.5169377326965332 0.7978114485740662 
vt 0.6008324027061462 0.8315806984901428 
vt 0.6038031578063965 0.8175002336502075 
vt 0.6162804365158081 0.8203640580177307 
vt 0.6130719780921936 0.833370566368103 
vt 0.600119411945343 0.8464964628219604 
vt 0.6125966310501099 0.8475703597068787 
vt 0.5973863005638123 0.8581904172897339 
vt 0.6095070242881775 0.8581904172897339 
vt 0.5985745787620544 0.8723902106285095 
vt 0.6010700464248657 0.8859933614730835 
vt 0.6038031578063965 0.9001931548118591 
vt 0.6162804365158081 0.8974486589431763 
vt 0.6134284734725952 0.8843227624893188 
vt 0.6108142137527466 0.8715549111366272 
vt 0.9355792999267578 0.1381773054599762 
vt 0.9294000864028931 0.13447821140289307 
vt 0.9327273964881897 0.15774677693843842 
vt 0.9223890900611877 0.15464429557323456 
vt 0.9341533184051514 0.16263914108276367 
vt 0.91846764087677 0.16084925830364227 
vt 0.9355792999267578 0.17481039464473724 
vt 0.9246468544006348 0.17063398659229279 
vt 0.9260728359222412 0.18173129856586456 
vt 0.9352228045463562 0.18590770661830902 
vt 0.9343910217285156 0.19461850821971893 
vt 0.9261916875839233 0.1902034431695938 
vt 0.9269046783447266 0.23256418108940125 
vt 0.9215572476387024 0.227313831448555 
vt 0.2927035987377167 0.8404108285903931 
vt 0.2892574965953827 0.8265690207481384 
vt 0.26846209168434143 0.8365923762321472 
vt 0.2629958689212799 0.8228698968887329 
vt 0.25360819697380066 0.834444522857666 
vt 0.24861730635166168 0.8237051963806152 
vt 0.24220043420791626 0.8342058658599854 
vt 0.23744718730449677 0.8253757357597351 
vt 0.22889135777950287 0.8268076777458191 
vt 0.23388226330280304 0.834802508354187 
vt 0.19585634768009186 0.8404108285903931 
vt 0.19039011001586914 0.8352798223495483 
vt 0.1312122792005539 0.9188079833984375 
vt 0.15557263791561127 0.9188079833984375 
vt 0.14642265439033508 0.901863694190979 
vt 0.16056354343891144 0.8995965123176575 
vt 0.15830574929714203 0.8762086033821106 
vt 0.16888169944286346 0.8731061220169067 
vt 0.1486804336309433 0.882294237613678 
vt 0.12396358698606491 0.9058014750480652 
vt 0.1255083978176117 0.8936302065849304 
vt 0.13667850196361542 0.8714355826377869 
vt 0.15117588639259338 0.8754926919937134 
vt 0.15450315177440643 0.8549686074256897 
vt 0.16151417791843414 0.8568778038024902 
vt 0.17042650282382965 0.9186886548995972 
vt 0.18147778511047363 0.916540801525116 
vt 0.1712583303451538 0.8968520164489746 
vt 0.17957650125026703 0.8941075205802917 
vt 0.176962211728096 0.8709582686424255 
vt 0.21308684349060059 0.863440752029419 
vt 0.21486930549144745 0.8800270557403564 
vt 0.1889641433954239 0.9133189916610718 
vt 0.22128617763519287 0.8935108780860901 
vt 0.01784750446677208 0.72752845287323 
vt 0.07559937238693237 0.7023506164550781 
vt 0.06751886010169983 0.7433987855911255 
vt 0.08700715005397797 0.7362391948699951 
vt 0.0928298681974411 0.7554507255554199 
vt 0.10720841586589813 0.7468592524528503 
vt 0.09817726165056229 0.726454496383667 
vt 0.11481360346078873 0.7225167155265808 
vt 0.14226356148719788 0.7290796637535095 
vt 0.07714417576789856 0.7769293785095215 
vt 0.012024786323308945 0.7864754796028137 
vt 0.03460267558693886 0.8412461280822754 
vt 0.07750066369771957 0.8117725849151611 
vt 0.09722661226987839 0.848763644695282 
vt 0.09829609096050262 0.8129658699035645 
vt 0.09829609096050262 0.7930384278297424 
vt 0.09746427834033966 0.773946225643158 
vt 0.12538956105709076 0.7697698473930359 
vt 0.11457593739032745 0.7970954775810242 
vt 0.11184282600879669 0.8191707730293274 
vt 0.12883566319942474 0.8180968761444092 
vt 0.15331484377384186 0.8040164113044739 
vt 0.15307718515396118 0.781344473361969 
vt 0.16127651929855347 0.829552173614502 
vt 0.1870628446340561 0.7996013164520264 
vt 0.16020704805850983 0.7647581100463867 
vt 0.1467791348695755 0.766667366027832 
vt 0.14856161177158356 0.7507969737052917 
vt 0.2029861956834793 0.7954249382019043 
vt 0.205838143825531 0.7579565644264221 
vt 0.1896771341562271 0.760343074798584 
vt 0.17589274048805237 0.7235906720161438 
vt 0.19229140877723694 0.7229940295219421 
vt 0.1426200568675995 0.7023506164550781 
vt 0.5685103535652161 0.6490119099617004 
vt 0.6188946962356567 0.644358217716217 
vt 0.5613805055618286 0.623714804649353 
vt 0.5995252728462219 0.6111855506896973 
vt 0.5532999634742737 0.6016395092010498 
vt 0.5320292711257935 0.6126174926757812 
vt 0.518482506275177 0.6016395092010498 
vt 0.5278701782226562 0.56500643491745 
vt 0.5064805746078491 0.6000882387161255 
vt 0.5051734447479248 0.5641711354255676 
vt 0.4628696143627167 0.5715693235397339 
vt 0.4960234463214874 0.6046226620674133 
vt 0.49329033493995667 0.6156006455421448 
vt 0.4499170184135437 0.6083217263221741 
vt 0.5017273426055908 0.6219249367713928 
vt 0.44278717041015625 0.658319354057312 
vt 0.5042228102684021 0.658319354057312 
vt 0.38622361421585083 0.6571260690689087 
vt 0.39608657360076904 0.5893489122390747 
vt 0.4373209476470947 0.5354135632514954 
vt 0.49709293246269226 0.510474443435669 
vt 0.5441499948501587 0.5182306170463562 
vt 0.5452194809913635 0.5500906705856323 
vt 0.5657772421836853 0.5775356292724609 
vt 0.6007135510444641 0.5918547511100769 
vt 0.6375511884689331 0.6002075672149658 
vt 0.6527615189552307 0.637317955493927 
vt 0.6333920955657959 0.5892295837402344 
vt 0.7717113494873047 0.7667866945266724 
vt 0.7713548541069031 0.7561666369438171 
vt 0.7513912916183472 0.7639228701591492 
vt 0.7519854307174683 0.7416089177131653 
vt 0.7704042196273804 0.73969966173172 
vt 0.7717113494873047 0.678604781627655 
vt 0.7521042823791504 0.6864802837371826 
vt 0.7611353993415833 0.529685914516449 
vt 0.750678300857544 0.5319530963897705 
vt 0.7329724431037903 0.692207932472229 
vt 0.7396270036697388 0.5336236953735352 
vt 0.7136030197143555 0.6943557858467102 
vt 0.7279815673828125 0.5341010093688965 
vt 0.6936393976211548 0.6920886039733887 
vt 0.7164549827575684 0.5330270528793335 
vt 0.6736757755279541 0.6846904158592224 
vt 0.7058789730072021 0.530401885509491 
vt 0.669635534286499 0.7437567710876465 
vt 0.689123809337616 0.7454273104667664 
vt 0.7105134129524231 0.7457852959632874 
vt 0.7321406602859497 0.7442340850830078 
vt 0.731190025806427 0.7640421986579895 
vt 0.7113451957702637 0.7660707235336304 
vt 0.6916192770004272 0.7684572339057922 
vt 0.6716556549072266 0.7717983722686768 
vt 0.7820496559143066 0.0884183719754219 
vt 0.7660074830055237 0.1057206392288208 
vt 0.7844262719154358 0.10619794577360153 
vt 0.788585364818573 0.12803460657596588 
vt 0.7572140097618103 0.08794106543064117 
vt 0.7553126811981201 0.10488535463809967 
vt 0.7021952271461487 0.08734443783760071 
vt 0.6968478560447693 0.1082264855504036 
vt 0.5532999634742737 0.12600606679916382 
vt 0.5538941621780396 0.13650675117969513 
vt 0.6916192770004272 0.12898920476436615 
vt 0.5536564588546753 0.1472460925579071 
vt 0.6894803047180176 0.15022924542427063 
vt 0.5532999634742737 0.15834340453147888 
vt 0.6918569207191467 0.17158858478069305 
vt 0.5532999634742737 0.16932140290737152 
vt 0.6981549859046936 0.19187401235103607 
vt 0.5538941621780396 0.17994141578674316 
vt 0.7553126811981201 0.18590770661830902 
vt 0.7538866996765137 0.16729286313056946 
vt 0.7535302042961121 0.14593350887298584 
vt 0.7542431950569153 0.12433549761772156 
vt 0.7884665131568909 0.14533686637878418 
vt 0.7850204706192017 0.16228117048740387 
vt 0.7787224054336548 0.1839984953403473 
vt 0.7695724368095398 0.18423715233802795 
vt 0.7916749715805054 0.516082763671875 
vt 0.8061723709106445 0.5130996108055115 
vt 0.7887042164802551 0.4968712627887726 
vt 0.8021321296691895 0.4937687814235687 
vt 0.8350483179092407 0.5092811584472656 
vt 0.8298197388648987 0.4868478775024414 
vt 0.8853138089179993 0.500331699848175 
vt 0.877114474773407 0.4824328124523163 
vt 0.88804692029953 0.4775404632091522 
vt 0.9008806943893433 0.49090495705604553 
vt 0.9005241990089417 0.4673977494239807 
vt 0.8964838981628418 0.5189465880393982 
vt 0.8393262028694153 0.5269414186477661 
vt 0.8092619776725769 0.5321917533874512 
vt 0.7947645783424377 0.5332657098770142 
vt 0.7973788380622864 0.5528351664543152 
vt 0.8106879591941833 0.5512838959693909 
vt 0.8105691075325012 0.5701374411582947 
vt 0.7978541851043701 0.570614755153656 
vt 0.8085489869117737 0.589110255241394 
vt 0.7959529161453247 0.5866044163703918 
vt 0.7911996245384216 0.6043840050697327 
vt 0.8045087456703186 0.6080831289291382 
vt 0.8321963548660278 0.6140493750572205 
vt 0.8365930914878845 0.5931673645973206 
vt 0.8753319978713989 0.6330222487449646 
vt 0.8830560445785522 0.6068898439407349 
vt 0.8982663750648499 0.6114242076873779 
vt 0.8910176753997803 0.6235954761505127 
vt 0.8856703042984009 0.638749897480011 
vt 0.9014748334884644 0.6375566124916077 
vt 0.9078916907310486 0.623356819152832 
vt 0.9270234704017639 0.6182258129119873 
vt 0.911575436592102 0.6000882387161255 
vt 0.9468682408332825 0.6085603833198547 
vt 0.9269046783447266 0.5855304598808289 
vt 0.8894729018211365 0.5874397158622742 
vt 0.8390885591506958 0.5741944909095764 
vt 0.8411086797714233 0.5512838959693909 
vt 0.9004053473472595 0.5687054991722107 
vt 0.7756327986717224 0.28960201144218445 
vt 0.7784847617149353 0.2764761447906494 
vt 0.7879912257194519 0.2923465073108673 
vt 0.7907243371009827 0.2781467139720917 
vt 0.8750943541526794 0.31096136569976807 
vt 0.8766391277313232 0.28995999693870544 
vt 0.8930377960205078 0.30941012501716614 
vt 0.8944637775421143 0.2891246974468231 
vt 0.7810990214347839 0.2637082636356354 
vt 0.7933385968208313 0.26442423462867737 
vt 0.7824061512947083 0.25022441148757935 
vt 0.7945269346237183 0.2503437399864197 
vt 0.7791976928710938 0.23972374200820923 
vt 0.7917938232421875 0.23864980041980743 
vt 0.7787224054336548 0.2255239486694336 
vt 0.7910808324813843 0.22361472249031067 
vt 0.7756327986717224 0.2125174105167389 
vt 0.7879912257194519 0.2096535861492157 
vt 0.8774709701538086 0.21084684133529663 
vt 0.8749755024909973 0.18996480107307434 
vt 0.8928001523017883 0.19032277166843414 
vt 0.8931566476821899 0.2114434689283371 
vt 0.894939124584198 0.23041631281375885 
vt 0.8794910907745361 0.23113226890563965 
vt 0.8963651061058044 0.2518949806690216 
vt 0.8794910907745361 0.25058239698410034 
vt 0.8787781000137329 0.27015185356140137 
vt 0.8962462544441223 0.27158376574516296 
vt 0.9272611737251282 0.42348578572273254 
vt 0.9242903590202332 0.4037970006465912 
vt 0.9209631085395813 0.4271848797798157 
vt 0.9139520525932312 0.407018780708313 
vt 0.9258351922035217 0.39902395009994507 
vt 0.9100306630134583 0.40081384778022766 
vt 0.9272611737251282 0.3868526816368103 
vt 0.916209876537323 0.39102911949157715 
vt 0.9177546501159668 0.379931777715683 
vt 0.9267858266830444 0.3757553696632385 
vt 0.9260728359222412 0.3670445680618286 
vt 0.9177546501159668 0.37145963311195374 
vt 0.91846764087677 0.3290989100933075 
vt 0.9131202697753906 0.33434924483299255 
vt 0.01250011008232832 0.3753974139690399 
vt 0.016065040603280067 0.3615555763244629 
vt 0.03674163296818733 0.37157896161079407 
vt 0.042207859456539154 0.35785648226737976 
vt 0.05171433836221695 0.36943110823631287 
vt 0.056586410850286484 0.3586917519569397 
vt 0.0630032867193222 0.3691924512386322 
vt 0.0677565261721611 0.36036232113838196 
vt 0.076312355697155 0.36179423332214355 
vt 0.07132145762443542 0.3697890639305115 
vt 0.1093473732471466 0.3753974139690399 
vt 0.11481360346078873 0.3702663779258728 
vt 0.9524533152580261 0.019089963287115097 
vt 0.9524533152580261 0.043551795184612274 
vt 0.9355792999267578 0.03436369076371193 
vt 0.9333215355873108 0.04856348782777786 
vt 0.9097930192947388 0.0461769662797451 
vt 0.9067034125328064 0.05691630765795708 
vt 0.9159721732139587 0.036511559039354324 
vt 0.9393818974494934 0.011930404230952263 
vt 0.927142322063446 0.013481642119586468 
vt 0.9050397276878357 0.024578960612416267 
vt 0.9090800285339355 0.03913673385977745 
vt 0.8886410593986511 0.04247786104679108 
vt 0.8905423879623413 0.049398768693208694 
vt 0.952334463596344 0.058348219841718674 
vt 0.950076699256897 0.06932620704174042 
vt 0.9304695725440979 0.059183500707149506 
vt 0.9277364611625671 0.06753631681203842 
vt 0.9046832323074341 0.06491114944219589 
vt 0.8970780968666077 0.10106692463159561 
vt 0.9135955572128296 0.10285681486129761 
vt 0.9469870924949646 0.07696307450532913 
vt 0.927142322063446 0.10930041968822479 
vt 0.5531811714172363 0.02111850678920746 
vt 0.5459324717521667 0.0465349443256855 
vt 0.6034466624259949 0.02589154615998268 
vt 0.5841960310935974 0.05894484743475914 
vt 0.5378519892692566 0.06849092990159988 
vt 0.516700029373169 0.057632263749837875 
vt 0.5031533241271973 0.06849092990159988 
vt 0.5124221444129944 0.10524333268404007 
vt 0.49103254079818726 0.07004216313362122 
vt 0.4898442327976227 0.1060786172747612 
vt 0.4474215805530548 0.09856107831001282 
vt 0.48057541251182556 0.06562710553407669 
vt 0.4778423011302948 0.05464911088347435 
vt 0.43458783626556396 0.06192799657583237 
vt 0.48627930879592896 0.0483248345553875 
vt 0.4273391366004944 0.01181107759475708 
vt 0.4888935983181 0.01181107759475708 
vt 0.37077558040618896 0.013123664073646069 
vt 0.3807573914527893 0.08078150451183319 
vt 0.42187291383743286 0.13483618199825287 
vt 0.48176372051239014 0.15965598821640015 
vt 0.528820812702179 0.1518997997045517 
vt 0.5297714471817017 0.12003976106643677 
vt 0.5504480600357056 0.09259478002786636 
vt 0.5852655172348022 0.0782756581902504 
vt 0.6221031546592712 0.06992284208536148 
vt 0.6373134851455688 0.03293177857995033 
vt 0.6180629134178162 0.08090083301067352 
vt 0.8804417252540588 0.854371964931488 
vt 0.8888787627220154 0.8524627685546875 
vt 0.8783027529716492 0.8196480870246887 
vt 0.8783027529716492 0.8196480870246887 
vt 0.8888787627220154 0.8524627685546875 
vt 0.8804417252540588 0.854371964931488 
vt 0.9009994864463806 0.8955394625663757 
vt 0.875450849533081 0.8525820970535278 
vt 0.8941072821617126 0.8931528925895691 
vt 0.8714105486869812 0.8572357892990112 
vt 0.8885222673416138 0.8994771838188171 
vt 0.8728365302085876 0.863082766532898 
vt 0.8904235363006592 0.9077106714248657 
vt 0.8557248711585999 0.8752540349960327 
vt 0.8668950200080872 0.9242969751358032 
vt 0.8286314010620117 0.9266835451126099 
vt 0.8286314010620117 0.8760892748832703 
vt 0.7902489900588989 0.9242969751358032 
vt 0.8014191389083862 0.8752540349960327 
vt 0.7844262719154358 0.863082766532898 
vt 0.766839325428009 0.9077106714248657 
vt 0.7857334017753601 0.8572357892990112 
vt 0.7687405943870544 0.8994771838188171 
vt 0.7818120121955872 0.8525820970535278 
vt 0.7631555199623108 0.8931528925895691 
vt 0.7767022848129272 0.854371964931488 
vt 0.7562633156776428 0.8955394625663757 
vt 0.7683840990066528 0.8524627685546875 
vt 0.7562633156776428 0.8955394625663757 
vt 0.7683840990066528 0.8524627685546875 
vt 0.7767022848129272 0.854371964931488 
vt 0.7788412570953369 0.8196480870246887 
vt 0.7788412570953369 0.8196480870246887 
vt 0.7631555199623108 0.8931528925895691 
vt 0.7818120121955872 0.8525820970535278 
vt 0.7687405943870544 0.8994771838188171 
vt 0.7857334017753601 0.8572357892990112 
vt 0.766839325428009 0.9077106714248657 
vt 0.7844262719154358 0.863082766532898 
vt 0.7902489900588989 0.9242969751358032 
vt 0.8014191389083862 0.8752540349960327 
vt 0.8286314010620117 0.8760892748832703 
vt 0.8286314010620117 0.9266835451126099 
vt 0.8557248711585999 0.8752540349960327 
vt 0.813302218914032 0.9787096381187439 
vt 0.7946457266807556 0.977039098739624 
vt 0.7946457266807556 0.977039098739624 
vt 0.813302218914032 0.9787096381187439 
vt 0.8319587111473083 0.9803802371025085 
vt 0.8319587111473083 0.9803802371025085 
vt 0.8506151437759399 0.9787096381187439 
vt 0.8506151437759399 0.9787096381187439 
vt 0.8691527843475342 0.9771584272384644 
vt 0.8691527843475342 0.9771584272384644 
vt 0.8668950200080872 0.9242969751358032 
vt 0.8904235363006592 0.9077106714248657 
vt 0.8728365302085876 0.863082766532898 
vt 0.8885222673416138 0.8994771838188171 
vt 0.8714105486869812 0.8572357892990112 
vt 0.8941072821617126 0.8931528925895691 
vt 0.875450849533081 0.8525820970535278 
vt 0.9009994864463806 0.8955394625663757 
vt 0.8138963580131531 0.8621281385421753 
vt 0.8199567794799805 0.8621281385421753 
vt 0.7983295321464539 0.8386209607124329 
vt 0.841465175151825 0.8386209607124329 
vt 0.7991613149642944 0.8146364092826843 
vt 0.8406333327293396 0.8146364092826843 
vt 0.8260171413421631 0.8621281385421753 
vt 0.8017756342887878 0.7941123247146606 
vt 0.8223333954811096 0.7941123247146606 
vt 0.7939327955245972 0.7722756862640381 
vt 0.8508527874946594 0.7722756862640381 
vt 0.795477569103241 0.7468592524528503 
vt 0.8493080139160156 0.7468592524528503 
vt 0.8428911566734314 0.7941123247146606 
vt 0.8138963580131531 0.8621281385421753 
vt 0.7983295321464539 0.8386209607124329 
vt 0.8199567794799805 0.8621281385421753 
vt 0.841465175151825 0.8386209607124329 
vt 0.8260171413421631 0.8621281385421753 
vt 0.7991613149642944 0.8146364092826843 
vt 0.8406333327293396 0.8146364092826843 
vt 0.8017756342887878 0.7941123247146606 
vt 0.7939327955245972 0.7722756862640381 
vt 0.8223333954811096 0.7941123247146606 
vt 0.8508527874946594 0.7722756862640381 
vt 0.8428911566734314 0.7941123247146606 
vt 0.795477569103241 0.7468592524528503 
vt 0.8493080139160156 0.7468592524528503 
vt 0.21047255396842957 0.6664335131645203 
vt 0.2067887932062149 0.637317955493927 
vt 0.14939342439174652 0.677888810634613 
vt 0.14974991977214813 0.6426876187324524 
vt 0.11196165531873703 0.6777694821357727 
vt 0.11196165531873703 0.6431649327278137 
vt 0.07405456900596619 0.6426876187324524 
vt 0.0744110643863678 0.677888810634613 
vt 0.017015688121318817 0.637317955493927 
vt 0.013331927359104156 0.6664335131645203 
vt 0.20322386920452118 0.6082023978233337 
vt 0.15010641515254974 0.6073671579360962 
vt 0.11196165531873703 0.6084410548210144 
vt 0.07369807362556458 0.6073671579360962 
vt 0.11196165531873703 0.5664383172988892 
vt 0.1471356302499771 0.564290463924408 
vt 0.2115420401096344 0.5478234887123108 
vt 0.1461849808692932 0.5379194021224976 
vt 0.20179788768291473 0.5064173340797424 
vt 0.02058061771094799 0.6082023978233337 
vt 0.07666885107755661 0.564290463924408 
vt 0.11196165531873703 0.5378000736236572 
vt 0.11196165531873703 0.49854183197021484 
vt 0.1528395265340805 0.5008090138435364 
vt 0.18979595601558685 0.4843420386314392 
vt 0.13584668934345245 0.4594029188156128 
vt 0.184567391872406 0.4506921172142029 
vt 0.012381278909742832 0.5478234887123108 
vt 0.07761950045824051 0.5379194021224976 
vt 0.07096496224403381 0.5008090138435364 
vt 0.11196165531873703 0.45892560482025146 
vt 0.08795779198408127 0.4594029188156128 
vt 0.03400852158665657 0.4843420386314392 
vt 0.03923708572983742 0.4506921172142029 
vt 0.02200658991932869 0.5064173340797424 
vt 0.11196165531873703 0.44114601612091064 
vt 0.13002397119998932 0.43541836738586426 
vt 0.14273887872695923 0.41954803466796875 
vt 0.1950245201587677 0.4193093776702881 
vt 0.14000576734542847 0.3991432785987854 
vt 0.093780517578125 0.43541836738586426 
vt 0.0810655951499939 0.41954803466796875 
vt 0.028779957443475723 0.4193093776702881 
vt 0.08379870653152466 0.3991432785987854 
vt 0.2889010012149811 0.9468495845794678 
vt 0.3169451355934143 0.9373035430908203 
vt 0.284860759973526 0.9251322746276855 
vt 0.3070821464061737 0.9180920720100403 
vt 0.28402894735336304 0.9047275185585022 
vt 0.3384535312652588 0.9153475761413574 
vt 0.16282132267951965 0.011453099548816681 
vt 0.14523433148860931 0.013958945870399475 
vt 0.16531677544116974 0.028755370527505875 
vt 0.14725446701049805 0.03376706317067146 
vt 0.12634021043777466 0.015629509463906288 
vt 0.1277661770582199 0.04295516386628151 
vt 0.1074460819363594 0.01682277023792267 
vt 0.10851556062698364 0.0461769662797451 
vt 0.08962143212556839 0.017061421647667885 
vt 0.08962143212556839 0.04426775127649307 
vt 0.07072730362415314 0.0461769662797451 
vt 0.07179678231477737 0.01682277023792267 
vt 0.05135784670710564 0.04295516386628151 
vt 0.05290265008807182 0.015629509463906288 
vt 0.031988393515348434 0.03376706317067146 
vt 0.033889688551425934 0.013958945870399475 
vt 0.013926082290709019 0.028755370527505875 
vt 0.016302701085805893 0.011453099548816681 
vt 0.9646928906440735 0.7988853454589844 
vt 0.9403325319290161 0.819767415523529 
vt 0.9660000801086426 0.8146364092826843 
vt 0.9415208697319031 0.8332512378692627 
vt 0.9673072099685669 0.8309840559959412 
vt 0.9422338604927063 0.8458998203277588 
vt 0.9684954881668091 0.8481670022010803 
vt 0.9421150088310242 0.8587870001792908 
vt 0.9692084789276123 0.8649919629096985 
vt 0.9403325319290161 0.8732254505157471 
vt 0.9689708352088928 0.8809816837310791 
vt 0.9083670377731323 0.8669012188911438 
vt 0.9094365239143372 0.8558038473129272 
vt 0.9096741676330566 0.8439906239509583 
vt 0.9094365239143372 0.8322966694831848 
vt 0.9090800285339355 0.8210800290107727 
vt 0.9384312629699707 0.8050903081893921 
vt 0.9083670377731323 0.8102213144302368 
vt 0.7117016911506653 0.936826229095459 
vt 0.6611985564231873 0.958185613155365 
vt 0.7378445267677307 0.9108131527900696 
vt 0.7374880313873291 0.9407640099525452 
vt 0.7521042823791504 0.9407640099525452 
vt 0.7485393285751343 0.9692829251289368 
vt 0.733447790145874 0.9689249396324158 
vt 0.6597725749015808 0.9692829251289368 
vt 0.7483016848564148 0.9097392559051514 
vt 0.7658886313438416 0.01336231641471386 
vt 0.7787224054336548 0.021834462881088257 
vt 0.7050471901893616 0.020641202107071877 
vt 0.7106322646141052 0.03567627817392349 
vt 0.6922134160995483 0.01216905564069748 
vt 0.6837764382362366 0.032335150986909866 
vt 0.6771218776702881 0.01336231641471386 
vt 0.665595293045044 0.023743677884340286 
vt 0.684014081954956 0.04486437886953354 
vt 0.6619115471839905 0.03949470818042755 
vt 0.6804491877555847 0.06300193071365356 
vt 0.6676154136657715 0.054529786109924316 
vt 0.6954218745231628 0.06180867180228233 
vt 0.7070673108100891 0.05142730847001076 
vt 0.7807425260543823 0.05262057110667229 
vt 0.7843074798583984 0.036869537085294724 
vt 0.769097089767456 0.06300193071365356 
vt 0.9169228672981262 0.7465012669563293 
vt 0.9421150088310242 0.7196528911590576 
vt 0.9463929533958435 0.746381938457489 
vt 0.9623162746429443 0.6697746515274048 
vt 0.9720604419708252 0.7422055006027222 
vt 0.9720604419708252 0.6684620380401611 
vt 0.8051028847694397 0.6727578043937683 
vt 0.8438417911529541 0.6794400215148926 
vt 0.7996366620063782 0.6873155832290649 
vt 0.8365930914878845 0.6993674635887146 
vt 0.7974976897239685 0.7042598724365234 
vt 0.83338463306427 0.7221587300300598 
vt 0.8446735739707947 0.7017540335655212 
vt 0.8417028188705444 0.7249032258987427 
vt 0.8556060791015625 0.7044985294342041 
vt 0.8531106114387512 0.7266931533813477 
vt 0.8696281313896179 0.7071236968040466 
vt 0.8677268028259277 0.7269318103790283 
vt 0.8955332636833191 0.7116580605506897 
vt 0.8945826292037964 0.7269318103790283 
vt 0.8526352643966675 0.6814686059951782 
vt 0.8635677099227905 0.6845710873603821 
vt 0.8755696415901184 0.6879121661186218 
vt 0.9020689725875854 0.6978162527084351 
vt 0.877114474773407 0.6831391453742981 
vt 0.8928001523017883 0.6774114966392517 
vt 0.8666573166847229 0.6659561991691589 
vt 0.873668372631073 0.6636890172958374 
vt 0.7118205428123474 0.4972292482852936 
vt 0.7286945581436157 0.4972292482852936 
vt 0.7086120843887329 0.4904276728630066 
vt 0.7423601150512695 0.4904276728630066 
vt 0.7222777009010315 0.4836260676383972 
vt 0.739151656627655 0.4836260676383972 
vt 0.22972318530082703 0.500331699848175 
vt 0.2451712042093277 0.5042694807052612 
vt 0.23423875868320465 0.4786143898963928 
vt 0.2451712042093277 0.4793303608894348 
vt 0.2366153746843338 0.4554651379585266 
vt 0.24374523758888245 0.45486852526664734 
vt 0.23590238392353058 0.44830557703971863 
vt 0.24315108358860016 0.44770896434783936 
vt 0.5706493258476257 0.500331699848175 
vt 0.5774226784706116 0.5088038444519043 
vt 0.6071304082870483 0.4955586791038513 
vt 0.6148544549942017 0.5037921667098999 
vt 0.6628621816635132 0.48839911818504333 
vt 0.6710615158081055 0.4983031749725342 
vt 0.671299159526825 0.480762243270874 
vt 0.6804491877555847 0.4937687814235687 
vt 0.6741511225700378 0.509758472442627 
vt 0.6835387945175171 0.5108324289321899 
vt 0.5795616507530212 0.5196625590324402 
vt 0.6174687147140503 0.515724778175354 
vt 0.5764720439910889 0.5298052430152893 
vt 0.6141414642333984 0.5275380611419678 
vt 0.5693421959877014 0.5378000736236572 
vt 0.6059421300888062 0.5355328917503357 
vt 0.6714180111885071 0.5212137699127197 
vt 0.6786667108535767 0.5265834331512451 
vt 0.6623868346214294 0.5306405425071716 
vt 0.6686848998069763 0.5378000736236572 
vt 0.594890832901001 0.21048887073993683 
vt 0.6051102876663208 0.22826844453811646 
vt 0.5819382667541504 0.20511919260025024 
vt 0.5721940994262695 0.22826844453811646 
vt 0.5634006261825562 0.21896101534366608 
vt 0.5691044926643372 0.2071477472782135 
vt 0.9468682408332825 0.45701637864112854 
vt 0.9251222014427185 0.4529592990875244 
vt 0.9373617768287659 0.48493868112564087 
vt 0.9181111454963684 0.47515392303466797 
vt 0.9153780341148376 0.5065366625785828 
vt 0.9046832323074341 0.4521240293979645 
vt 0.9844188690185547 0.9067561030387878 
vt 0.9846565127372742 0.9227457642555237 
vt 0.9556617736816406 0.9146316051483154 
vt 0.957563042640686 0.9289507269859314 
vt 0.9238150715827942 0.9209558963775635 
vt 0.9247657060623169 0.9320532083511353 
vt 0.9576818943023682 0.9419572353363037 
vt 0.9250033497810364 0.9437471628189087 
vt 0.9568500518798828 0.9544864892959595 
vt 0.924884557723999 0.9555603861808777 
vt 0.955780565738678 0.9679703116416931 
vt 0.9813292622566223 0.9732206463813782 
vt 0.9801409244537354 0.9888523817062378 
vt 0.9538792967796326 0.9827667474746704 
vt 0.9244092106819153 0.9667770266532898 
vt 0.9238150715827942 0.9776357412338257 
vt 0.9827552437782288 0.9568729996681213 
vt 0.983943521976471 0.9396900534629822 
vt 0.015114392153918743 0.8844420909881592 
vt 0.025571519508957863 0.8855160474777222 
vt 0.011311800219118595 0.9155861735343933 
vt 0.026046844199299812 0.9154669046401978 
vt 0.014995560981333256 0.9439857602119446 
vt 0.029968267306685448 0.9437471628189087 
vt 0.10364348441362381 0.9439857602119446 
vt 0.1023363471031189 0.9330077767372131 
vt 0.05171433836221695 0.9116484522819519 
vt 0.8643995523452759 0.03054526075720787 
vt 0.855843722820282 0.0176580511033535 
vt 0.8570320010185242 0.09140151739120483 
vt 0.842059314250946 0.08567386865615845 
vt 0.8655878305435181 0.10416939854621887 
vt 0.8453865647315979 0.11252222210168839 
vt 0.8643995523452759 0.11920447647571564 
vt 0.8539423942565918 0.13077910244464874 
vt 0.832909345626831 0.11240289360284805 
vt 0.8382567167282104 0.13447821140289307 
vt 0.8147282004356384 0.11598267406225204 
vt 0.8232840299606323 0.12875056266784668 
vt 0.8408710360527039 0.012049729935824871 
vt 0.8263736367225647 0.08937297761440277 
vt 0.8251852989196777 0.015629509463906288 
vt 0.8159164786338806 0.10094760358333588 
vt 0.8147282004356384 0.027204131707549095 
vt 0.23388226330280304 0.916898787021637 
vt 0.2337634265422821 0.9463723301887512 
vt 0.20702645182609558 0.942076563835144 
vt 0.15711744129657745 0.9623619914054871 
vt 0.2296043485403061 0.9720274209976196 
vt 0.15581029653549194 0.9720274209976196 
vt 0.6475329995155334 0.8050903081893921 
vt 0.6541875004768372 0.8438712954521179 
vt 0.6620303392410278 0.7996013164520264 
vt 0.6741511225700378 0.8364730477333069 
vt 0.6790232062339783 0.7974534630775452 
vt 0.6969666481018066 0.833370566368103 
vt 0.676527738571167 0.8447065353393555 
vt 0.6996997594833374 0.8417233824729919 
vt 0.6793797016143799 0.8555652499198914 
vt 0.7014822363853455 0.8530593514442444 
vt 0.6818751096725464 0.8695263862609863 
vt 0.7017199397087097 0.8677364587783813 
vt 0.6863906979560852 0.8955394625663757 
vt 0.7017199397087097 0.8944655060768127 
vt 0.6562076210975647 0.8525820970535278 
vt 0.6592972278594971 0.8635600805282593 
vt 0.662743330001831 0.8756120204925537 
vt 0.6726062893867493 0.9019830226898193 
vt 0.6578712463378906 0.8771632313728333 
vt 0.6521673798561096 0.8927949070930481 
vt 0.6407595872879028 0.8666625618934631 
vt 0.6385018229484558 0.8735834360122681 
vt 0.300071120262146 0.011572426185011864 
vt 0.3169451355934143 0.011572426185011864 
vt 0.2968626916408539 0.0183740071952343 
vt 0.3306106925010681 0.0183740071952343 
vt 0.3105282485485077 0.025175590068101883 
vt 0.327402263879776 0.025175590068101883 
vt 0.35295093059539795 0.35749849677085876 
vt 0.3376217186450958 0.3613169193267822 
vt 0.34843534231185913 0.33578115701675415 
vt 0.3376217186450958 0.3363777995109558 
vt 0.3461775481700897 0.3126319348812103 
vt 0.33892887830734253 0.31203529238700867 
vt 0.3467717170715332 0.305353045463562 
vt 0.3395230174064636 0.30475640296936035 
vt 0.822452187538147 0.3367357850074768 
vt 0.8310080170631409 0.3435373604297638 
vt 0.8176989555358887 0.37324953079223633 
vt 0.825898289680481 0.38088640570640564 
vt 0.8105691075325012 0.42885544896125793 
vt 0.8205509185791016 0.4370889365673065 
vt 0.80296391248703 0.4373275935649872 
vt 0.8159164786338806 0.4465157091617584 
vt 0.8318398594856262 0.4401914179325104 
vt 0.8330281376838684 0.4496181607246399 
vt 0.8418216705322266 0.345685213804245 
vt 0.8379002213478088 0.3836309015750885 
vt 0.8519222736358643 0.3424634337425232 
vt 0.8497833609580994 0.38017043471336365 
vt 0.8600028157234192 0.33542320132255554 
vt 0.85762619972229 0.3720562756061554 
vt 0.8433664441108704 0.43756625056266785 
vt 0.8488326668739319 0.44472581148147583 
vt 0.8527541160583496 0.42849746346473694 
vt 0.8600028157234192 0.43470242619514465 
vt 0.37006258964538574 0.7023506164550781 
vt 0.352119117975235 0.692207932472229 
vt 0.3754099905490875 0.7153571844100952 
vt 0.352119117975235 0.7251418828964233 
vt 0.36150676012039185 0.7339720129966736 
vt 0.37327101826667786 0.7281250357627869 
vt 0.9534039497375488 0.25678735971450806 
vt 0.9692084789276123 0.2713451385498047 
vt 0.9347475171089172 0.25786128640174866 
vt 0.9688519835472107 0.2909145951271057 
vt 0.9549487829208374 0.3039211332798004 
vt 0.9360546469688416 0.305353045463562 
vt 0.9213196039199829 0.29246583580970764 
vt 0.9213196039199829 0.2709871530532837 
s on 
f 1/1/1 2/2/2 3/3/3 
f 2/2/2 4/4/4 3/3/3 
f 3/3/3 4/4/4 5/5/5 
f 4/4/4 5/5/5 5/5/5 
f 5/5/5 5/5/5 1/1/1 
f 5/5/5 1/1/1 1/1/1 
f 1/1/1 1/1/1 2/2/2 
f 1/1/1 6/6/6 2/2/2 
f 2/2/2 6/6/6 7/7/7 
f 6/6/6 8/8/8 7/7/7 
f 7/7/7 8/8/8 9/9/9 
f 8/8/8 10/10/10 9/9/9 
f 9/9/9 10/10/10 11/11/11 
f 10/10/10 12/12/12 11/11/11 
f 11/11/11 12/12/12 13/13/13 
f 12/12/12 14/14/14 13/13/13 
f 13/13/13 14/14/14 15/15/15 
f 14/14/14 16/16/16 15/15/15 
f 15/15/15 16/16/16 16/16/16 
f 16/16/16 13/13/13 16/16/16 
f 16/16/16 13/13/13 13/13/13 
f 13/13/13 15/15/15 13/13/13 
f 13/13/13 15/15/15 11/11/11 
f 15/15/15 17/17/17 11/11/11 
f 11/11/11 17/17/17 9/9/9 
f 17/17/17 18/18/18 9/9/9 
f 9/9/9 18/18/18 7/7/7 
f 18/18/18 19/19/19 7/7/7 
f 7/7/7 19/19/19 2/2/2 
f 19/19/19 4/4/4 2/2/2 
f 2/2/2 4/4/4 4/4/4 
f 4/4/4 16/16/16 4/4/4 
f 4/4/4 16/16/16 16/16/16 
f 16/16/16 20/20/20 16/16/16 
f 16/16/16 20/20/20 15/15/15 
f 20/20/20 21/21/21 15/15/15 
f 15/15/15 21/21/21 17/17/17 
f 21/21/21 22/22/22 17/17/17 
f 17/17/17 22/22/22 18/18/18 
f 22/22/22 18/18/18 18/18/18 
f 18/18/18 18/18/18 16/16/16 
f 18/18/18 16/16/16 16/16/16 
f 16/16/16 16/16/16 20/20/20 
f 16/16/16 23/23/23 20/20/20 
f 20/20/20 23/23/23 24/24/24 
f 23/23/23 25/25/25 24/24/24 
f 24/24/24 25/25/25 26/26/26 
f 25/25/25 27/27/27 26/26/26 
f 26/26/26 27/27/27 27/27/27 
f 27/27/27 26/26/26 27/27/27 
f 27/27/27 26/26/26 26/26/26 
f 26/26/26 28/28/28 26/26/26 
f 26/26/26 28/28/28 24/24/24 
f 28/28/28 29/29/29 24/24/24 
f 24/24/24 29/29/29 30/30/30 
f 29/29/29 31/31/31 30/30/30 
f 30/30/30 31/31/31 32/32/32 
f 31/31/31 33/33/33 32/32/32 
f 32/32/32 33/33/33 34/34/34 
f 33/33/33 35/35/35 34/34/34 
f 34/34/34 35/35/35 35/35/35 
f 35/35/35 24/24/24 35/35/35 
f 35/35/35 24/24/24 24/24/24 
f 24/24/24 30/30/30 24/24/24 
f 24/24/24 30/30/30 20/20/20 
f 30/30/30 30/30/30 20/20/20 
f 20/20/20 30/30/30 21/21/21 
f 30/30/30 32/32/32 21/21/21 
f 21/21/21 32/32/32 22/22/22 
f 32/32/32 34/34/34 22/22/22 
f 22/22/22 34/34/34 22/22/22 
f 34/34/34 36/36/36 22/22/22 
f 22/22/22 36/36/36 18/18/18 
f 36/36/36 36/36/36 18/18/18 
f 18/18/18 36/36/36 19/19/19 
f 36/36/36 37/37/37 19/19/19 
f 19/19/19 37/37/37 4/4/4 
f 37/37/37 38/38/38 4/4/4 
f 4/4/4 38/38/38 5/5/5 
f 38/38/38 39/39/39 5/5/5 
f 5/5/5 39/39/39 40/40/40 
f 39/39/39 39/39/39 40/40/40 
f 40/40/40 39/39/39 41/41/41 
f 39/39/39 42/42/42 41/41/41 
f 41/41/41 42/42/42 41/41/41 
f 42/42/42 43/43/43 41/41/41 
f 41/41/41 43/43/43 44/44/44 
f 43/43/43 45/45/45 44/44/44 
f 44/44/44 45/45/45 46/46/46 
f 45/45/45 47/47/47 46/46/46 
f 46/46/46 47/47/47 46/46/46 
f 47/47/47 48/48/48 46/46/46 
f 46/46/46 48/48/48 49/49/49 
f 48/48/48 48/48/48 49/49/49 
f 49/49/49 48/48/48 50/50/50 
f 48/48/48 51/51/51 50/50/50 
f 50/50/50 51/51/51 52/52/52 
f 51/51/51 52/52/52 52/52/52 
f 52/52/52 52/52/52 5/5/5 
f 52/52/52 5/5/5 5/5/5 
f 5/5/5 5/5/5 3/3/3 
f 5/5/5 40/40/40 3/3/3 
f 3/3/3 40/40/40 53/53/53 
f 40/40/40 53/53/53 53/53/53 
f 53/53/53 53/53/53 42/42/42 
f 53/53/53 42/42/42 42/42/42 
f 42/42/42 42/42/42 38/38/38 
f 42/42/42 39/39/39 38/38/38 
f 38/38/38 39/39/39 39/39/39 
f 39/39/39 44/44/44 39/39/39 
f 39/39/39 44/44/44 44/44/44 
f 44/44/44 46/46/46 44/44/44 
f 44/44/44 46/46/46 54/54/54 
f 46/46/46 54/54/54 54/54/54 
f 54/54/54 54/54/54 51/51/51 
f 54/54/54 51/51/51 51/51/51 
f 51/51/51 51/51/51 55/55/55 
f 51/51/51 48/48/48 55/55/55 
f 55/55/55 48/48/48 47/47/47 
f 48/48/48 47/47/47 47/47/47 
f 47/47/47 47/47/47 52/52/52 
f 47/47/47 52/52/52 52/52/52 
f 52/52/52 52/52/52 56/56/56 
f 52/52/52 51/51/51 56/56/56 
f 56/56/56 51/51/51 57/57/57 
f 51/51/51 55/55/55 57/57/57 
f 57/57/57 55/55/55 55/55/55 
f 55/55/55 52/52/52 55/55/55 
f 55/55/55 52/52/52 52/52/52 
f 52/52/52 56/56/56 52/52/52 
f 52/52/52 56/56/56 58/58/58 
f 56/56/56 59/59/59 58/58/58 
f 58/58/58 59/59/59 60/60/60 
f 59/59/59 61/61/61 60/60/60 
f 60/60/60 61/61/61 62/62/62 
f 61/61/61 63/63/63 62/62/62 
f 62/62/62 63/63/63 64/64/64 
f 63/63/63 64/64/64 64/64/64 
f 64/64/64 64/64/64 61/61/61 
f 64/64/64 61/61/61 61/61/61 
f 61/61/61 61/61/61 63/63/63 
f 61/61/61 59/59/59 63/63/63 
f 63/63/63 59/59/59 65/65/65 
f 59/59/59 56/56/56 65/65/65 
f 65/65/65 56/56/56 65/65/65 
f 56/56/56 57/57/57 65/65/65 
f 65/65/65 57/57/57 65/65/65 
f 57/57/57 66/66/66 65/65/65 
f 65/65/65 66/66/66 65/65/65 
f 66/66/66 67/67/67 65/65/65 
f 65/65/65 67/67/67 63/63/63 
f 67/67/67 68/68/68 63/63/63 
f 63/63/63 68/68/68 64/64/64 
f 68/68/68 68/68/68 64/64/64 
f 64/64/64 68/68/68 69/69/69 
f 68/68/68 70/70/70 69/69/69 
f 69/69/69 70/70/70 71/71/71 
f 70/70/70 72/72/72 71/71/71 
f 71/71/71 72/72/72 73/73/73 
f 72/72/72 73/73/73 73/73/73 
f 73/73/73 73/73/73 72/72/72 
f 73/73/73 72/72/72 72/72/72 
f 72/72/72 72/72/72 74/74/74 
f 72/72/72 70/70/70 74/74/74 
f 74/74/74 70/70/70 75/75/75 
f 70/70/70 76/76/76 75/75/75 
f 75/75/75 76/76/76 77/77/77 
f 76/76/76 78/78/78 77/77/77 
f 77/77/77 78/78/78 79/79/79 
f 78/78/78 80/80/80 79/79/79 
f 79/79/79 80/80/80 81/81/81 
f 80/80/80 81/81/81 81/81/81 
f 81/81/81 81/81/81 70/70/70 
f 81/81/81 70/70/70 70/70/70 
f 70/70/70 70/70/70 76/76/76 
f 70/70/70 68/68/68 76/76/76 
f 76/76/76 68/68/68 76/76/76 
f 68/68/68 67/67/67 76/76/76 
f 76/76/76 67/67/67 78/78/78 
f 67/67/67 66/66/66 78/78/78 
f 78/78/78 66/66/66 80/80/80 
f 66/66/66 66/66/66 80/80/80 
f 80/80/80 66/66/66 82/82/82 
f 66/66/66 57/57/57 82/82/82 
f 82/82/82 57/57/57 82/82/82 
f 57/57/57 55/55/55 82/82/82 
f 82/82/82 55/55/55 83/83/83 
f 55/55/55 47/47/47 83/83/83 
f 83/83/83 47/47/47 84/84/84 
f 47/47/47 45/45/45 84/84/84 
f 84/84/84 45/45/45 84/84/84 
f 45/45/45 43/43/43 84/84/84 
f 84/84/84 43/43/43 84/84/84 
f 43/43/43 42/42/42 84/84/84 
f 84/84/84 42/42/42 85/85/85 
f 42/42/42 38/38/38 85/85/85 
f 85/85/85 38/38/38 86/86/86 
f 38/38/38 37/37/37 86/86/86 
f 86/86/86 37/37/37 87/87/87 
f 37/37/37 36/36/36 87/87/87 
f 87/87/87 36/36/36 88/88/88 
f 36/36/36 34/34/34 88/88/88 
f 88/88/88 34/34/34 88/88/88 
f 34/34/34 35/35/35 88/88/88 
f 88/88/88 35/35/35 89/89/89 
f 35/35/35 90/90/90 89/89/89 
f 89/89/89 90/90/90 89/89/89 
f 90/90/90 81/81/81 89/89/89 
f 89/89/89 81/81/81 91/91/91 
f 81/81/81 80/80/80 91/91/91 
f 91/91/91 80/80/80 91/91/91 
f 80/80/80 82/82/82 91/91/91 
f 91/91/91 82/82/82 92/92/92 
f 82/82/82 83/83/83 92/92/92 
f 92/92/92 83/83/83 93/93/93 
f 83/83/83 84/84/84 93/93/93 
f 93/93/93 84/84/84 93/93/93 
f 84/84/84 85/85/85 93/93/93 
f 93/93/93 85/85/85 94/94/94 
f 85/85/85 86/86/86 94/94/94 
f 94/94/94 86/86/86 88/88/88 
f 86/86/86 87/87/87 88/88/88 
f 88/88/88 87/87/87 87/87/87 
f 87/87/87 92/92/92 87/87/87 
f 87/87/87 92/92/92 92/92/92 
f 92/92/92 93/93/93 92/92/92 
f 92/92/92 93/93/93 91/91/91 
f 93/93/93 94/94/94 91/91/91 
f 91/91/91 94/94/94 89/89/89 
f 94/94/94 88/88/88 89/89/89 
f 89/89/89 88/88/88 88/88/88 
f 88/88/88 95/95/95 88/88/88 
f 88/88/88 95/95/95 95/95/95 
f 95/95/95 96/96/96 95/95/95 
f 95/95/95 96/96/96 97/97/97 
f 96/96/96 98/98/98 97/97/97 
f 97/97/97 98/98/98 98/98/98 
f 98/98/98 99/99/99 98/98/98 
f 98/98/98 99/99/99 99/99/99 
f 99/99/99 100/100/100 99/99/99 
f 99/99/99 100/100/100 101/101/101 
f 100/100/100 102/102/102 101/101/101 
f 101/101/101 102/102/102 103/103/103 
f 102/102/102 102/102/102 103/103/103 
f 103/103/103 102/102/102 97/97/97 
f 102/102/102 102/102/102 97/97/97 
f 97/97/97 102/102/102 95/95/95 
f 102/102/102 104/104/104 95/95/95 
f 95/95/95 104/104/104 95/95/95 
f 104/104/104 105/105/105 95/95/95 
f 95/95/95 105/105/105 96/96/96 
f 105/105/105 96/96/96 96/96/96 
f 96/96/96 96/96/96 99/99/99 
f 96/96/96 99/99/99 99/99/99 
f 99/99/99 99/99/99 100/100/100 
f 99/99/99 106/106/106 100/100/100 
f 100/100/100 106/106/106 100/100/100 
f 106/106/106 107/107/107 100/100/100 
f 100/100/100 107/107/107 102/102/102 
f 107/107/107 108/108/108 102/102/102 
f 102/102/102 108/108/108 104/104/104 
f 108/108/108 108/108/108 104/104/104 
f 104/104/104 108/108/108 109/109/109 
f 108/108/108 110/110/110 109/109/109 
f 109/109/109 110/110/110 111/111/111 
f 110/110/110 112/112/112 111/111/111 
f 111/111/111 112/112/112 111/111/111 
f 112/112/112 113/113/113 111/111/111 
f 111/111/111 113/113/113 111/111/111 
f 113/113/113 114/114/114 111/111/111 
f 111/111/111 114/114/114 109/109/109 
f 114/114/114 114/114/114 109/109/109 
f 109/109/109 114/114/114 115/115/115 
f 114/114/114 114/114/114 115/115/115 
f 115/115/115 114/114/114 116/116/116 
f 114/114/114 117/117/117 116/116/116 
f 116/116/116 117/117/117 118/118/118 
f 117/117/117 119/119/119 118/118/118 
f 118/118/118 119/119/119 120/120/120 
f 119/119/119 121/121/121 120/120/120 
f 120/120/120 121/121/121 120/120/120 
f 121/121/121 122/122/122 120/120/120 
f 120/120/120 122/122/122 120/120/120 
f 122/122/122 123/123/123 120/120/120 
f 120/120/120 123/123/123 120/120/120 
f 123/123/123 124/124/124 120/120/120 
f 120/120/120 124/124/124 125/125/125 
f 124/124/124 126/126/126 125/125/125 
f 125/125/125 126/126/126 126/126/126 
f 126/126/126 107/107/107 126/126/126 
f 126/126/126 107/107/107 107/107/107 
f 107/107/107 127/127/127 107/107/107 
f 107/107/107 127/127/127 108/108/108 
f 127/127/127 110/110/110 108/108/108 
f 108/108/108 110/110/110 110/110/110 
f 110/110/110 120/120/120 110/110/110 
f 110/110/110 120/120/120 120/120/120 
f 120/120/120 125/125/125 120/120/120 
f 120/120/120 125/125/125 118/118/118 
f 125/125/125 128/128/128 118/118/118 
f 118/118/118 128/128/128 116/116/116 
f 128/128/128 129/129/129 116/116/116 
f 116/116/116 129/129/129 115/115/115 
f 129/129/129 130/130/130 115/115/115 
f 115/115/115 130/130/130 109/109/109 
f 130/130/130 131/131/131 109/109/109 
f 109/109/109 131/131/131 104/104/104 
f 131/131/131 131/131/131 104/104/104 
f 104/104/104 131/131/131 105/105/105 
f 131/131/131 132/132/132 105/105/105 
f 105/105/105 132/132/132 105/105/105 
f 132/132/132 133/133/133 105/105/105 
f 105/105/105 133/133/133 96/96/96 
f 133/133/133 134/134/134 96/96/96 
f 96/96/96 134/134/134 135/135/135 
f 134/134/134 134/134/134 135/135/135 
f 135/135/135 134/134/134 136/136/136 
f 134/134/134 134/134/134 136/136/136 
f 136/136/136 134/134/134 137/137/137 
f 134/134/134 133/133/133 137/137/137 
f 137/137/137 133/133/133 138/138/138 
f 133/133/133 133/133/133 138/138/138 
f 138/138/138 133/133/133 139/139/139 
f 133/133/133 140/140/140 139/139/139 
f 139/139/139 140/140/140 141/141/141 
f 140/140/140 142/142/142 141/141/141 
f 141/141/141 142/142/142 143/143/143 
f 142/142/142 144/144/144 143/143/143 
f 143/143/143 144/144/144 145/145/145 
f 144/144/144 146/146/146 145/145/145 
f 145/145/145 146/146/146 147/147/147 
f 146/146/146 147/147/147 147/147/147 
f 147/147/147 147/147/147 131/131/131 
f 147/147/147 131/131/131 131/131/131 
f 131/131/131 131/131/131 132/132/132 
f 131/131/131 130/130/130 132/132/132 
f 132/132/132 130/130/130 130/130/130 
f 130/130/130 96/96/96 130/130/130 
f 130/130/130 96/96/96 96/96/96 
f 96/96/96 135/135/135 96/96/96 
f 96/96/96 135/135/135 98/98/98 
f 135/135/135 98/98/98 98/98/98 
f 98/98/98 98/98/98 133/133/133 
f 98/98/98 133/133/133 133/133/133 
f 133/133/133 133/133/133 140/140/140 
f 133/133/133 132/132/132 140/140/140 
f 140/140/140 132/132/132 142/142/142 
f 132/132/132 148/148/148 142/142/142 
f 142/142/142 148/148/148 144/144/144 
f 148/148/148 149/149/149 144/144/144 
f 144/144/144 149/149/149 146/146/146 
f 149/149/149 149/149/149 146/146/146 
f 146/146/146 149/149/149 150/150/150 
f 149/149/149 129/129/129 150/150/150 
f 150/150/150 129/129/129 150/150/150 
f 129/129/129 128/128/128 150/150/150 
f 150/150/150 128/128/128 151/151/151 
f 128/128/128 125/125/125 151/151/151 
f 151/151/151 125/125/125 151/151/151 
f 125/125/125 126/126/126 151/151/151 
f 151/151/151 126/126/126 151/151/151 
f 126/126/126 152/152/152 151/151/151 
f 151/151/151 152/152/152 151/151/151 
f 152/152/152 153/153/153 151/151/151 
f 151/151/151 153/153/153 150/150/150 
f 153/153/153 153/153/153 150/150/150 
f 150/150/150 153/153/153 146/146/146 
f 153/153/153 153/153/153 146/146/146 
f 146/146/146 153/153/153 147/147/147 
f 153/153/153 153/153/153 147/147/147 
f 147/147/147 153/153/153 154/154/154 
f 153/153/153 152/152/152 154/154/154 
f 154/154/154 152/152/152 155/155/155 
f 152/152/152 155/155/155 155/155/155 
f 155/155/155 155/155/155 132/132/132 
f 155/155/155 132/132/132 132/132/132 
f 132/132/132 132/132/132 148/148/148 
f 132/132/132 130/130/130 148/148/148 
f 148/148/148 130/130/130 149/149/149 
f 130/130/130 129/129/129 149/149/149 
f 149/149/149 129/129/129 129/129/129 
f 129/129/129 156/156/156 129/129/129 
f 129/129/129 156/156/156 156/156/156 
f 156/156/156 157/157/157 156/156/156 
f 156/156/156 157/157/157 158/158/158 
f 157/157/157 157/157/157 158/158/158 
f 158/158/158 157/157/157 159/159/159 
f 157/157/157 160/160/160 159/159/159 
f 159/159/159 160/160/160 160/160/160 
f 160/160/160 156/156/156 160/160/160 
f 160/160/160 156/156/156 156/156/156 
f 156/156/156 161/161/161 156/156/156 
f 156/156/156 161/161/161 157/157/157 
f 161/161/161 161/161/161 157/157/157 
f 157/157/157 161/161/161 162/162/162 
f 161/161/161 163/163/163 162/162/162 
f 162/162/162 163/163/163 164/164/164 
f 163/163/163 101/101/101 164/164/164 
f 164/164/164 101/101/101 164/164/164 
f 101/101/101 103/103/103 164/164/164 
f 164/164/164 103/103/103 165/165/165 
f 103/103/103 97/97/97 165/165/165 
f 165/165/165 97/97/97 166/166/166 
f 97/97/97 98/98/98 166/166/166 
f 166/166/166 98/98/98 167/167/167 
f 98/98/98 135/135/135 167/167/167 
f 167/167/167 135/135/135 168/168/168 
f 135/135/135 136/136/136 168/168/168 
f 168/168/168 136/136/136 136/136/136 
f 136/136/136 168/168/168 136/136/136 
f 136/136/136 168/168/168 168/168/168 
f 168/168/168 169/169/169 168/168/168 
f 168/168/168 169/169/169 167/167/167 
f 169/169/169 170/170/170 167/167/167 
f 167/167/167 170/170/170 166/166/166 
f 170/170/170 171/171/171 166/166/166 
f 166/166/166 171/171/171 165/165/165 
f 171/171/171 172/172/172 165/165/165 
f 165/165/165 172/172/172 164/164/164 
f 172/172/172 172/172/172 164/164/164 
f 164/164/164 172/172/172 162/162/162 
f 172/172/172 173/173/173 162/162/162 
f 162/162/162 173/173/173 157/157/157 
f 173/173/173 173/173/173 157/157/157 
f 157/157/157 173/173/173 160/160/160 
f 173/173/173 173/173/173 160/160/160 
f 160/160/160 173/173/173 174/174/174 
f 173/173/173 173/173/173 174/174/174 
f 174/174/174 173/173/173 175/175/175 
f 173/173/173 172/172/172 175/175/175 
f 175/175/175 172/172/172 175/175/175 
f 172/172/172 171/171/171 175/175/175 
f 175/175/175 171/171/171 176/176/176 
f 171/171/171 170/170/170 176/176/176 
f 176/176/176 170/170/170 177/177/177 
f 170/170/170 169/169/169 177/177/177 
f 177/177/177 169/169/169 169/169/169 
f 169/169/169 177/177/177 169/169/169 
f 169/169/169 177/177/177 177/177/177 
f 177/177/177 178/178/178 177/177/177 
f 177/177/177 178/178/178 176/176/176 
f 178/178/178 179/179/179 176/176/176 
f 176/176/176 179/179/179 175/175/175 
f 179/179/179 174/174/174 175/175/175 
f 175/175/175 174/174/174 174/174/174 
f 174/174/174 179/179/179 174/174/174 
f 174/174/174 179/179/179 179/179/179 
f 179/179/179 178/178/178 179/179/179 
f 179/179/179 178/178/178 180/180/180 
f 178/178/178 180/180/180 180/180/180 
f 180/180/180 180/180/180 181/181/181 
f 180/180/180 181/181/181 181/181/181 
f 181/181/181 181/181/181 182/182/182 
f 181/181/181 183/183/183 182/182/182 
f 182/182/182 183/183/183 184/184/184 
f 183/183/183 185/185/185 184/184/184 
f 184/184/184 185/185/185 184/184/184 
f 185/185/185 186/186/186 184/184/184 
f 184/184/184 186/186/186 187/187/187 
f 186/186/186 188/188/188 187/187/187 
f 187/187/187 188/188/188 187/187/187 
f 188/188/188 189/189/189 187/187/187 
f 187/187/187 189/189/189 190/190/190 
f 189/189/189 191/191/191 190/190/190 
f 190/190/190 191/191/191 192/192/192 
f 191/191/191 193/193/193 192/192/192 
f 192/192/192 193/193/193 194/194/194 
f 193/193/193 195/195/195 194/194/194 
f 194/194/194 195/195/195 196/196/196 
f 195/195/195 197/197/197 196/196/196 
f 196/196/196 197/197/197 197/197/197 
f 197/197/197 196/196/196 197/197/197 
f 197/197/197 196/196/196 196/196/196 
f 196/196/196 198/198/198 196/196/196 
f 196/196/196 198/198/198 194/194/194 
f 198/198/198 199/199/199 194/194/194 
f 194/194/194 199/199/199 192/192/192 
f 199/199/199 200/200/200 192/192/192 
f 192/192/192 200/200/200 190/190/190 
f 200/200/200 201/201/201 190/190/190 
f 190/190/190 201/201/201 187/187/187 
f 201/201/201 201/201/201 187/187/187 
f 187/187/187 201/201/201 184/184/184 
f 201/201/201 201/201/201 184/184/184 
f 184/184/184 201/201/201 182/182/182 
f 201/201/201 201/201/201 182/182/182 
f 182/182/182 201/201/201 202/202/202 
f 201/201/201 201/201/201 202/202/202 
f 202/202/202 201/201/201 203/203/203 
f 201/201/201 200/200/200 203/203/203 
f 203/203/203 200/200/200 204/204/204 
f 200/200/200 199/199/199 204/204/204 
f 204/204/204 199/199/199 205/205/205 
f 199/199/199 198/198/198 205/205/205 
f 205/205/205 198/198/198 198/198/198 
f 198/198/198 206/206/206 198/198/198 
f 198/198/198 206/206/206 206/206/206 
f 206/206/206 207/207/207 206/206/206 
f 206/206/206 207/207/207 208/208/208 
f 207/207/207 209/209/209 208/208/208 
f 208/208/208 209/209/209 209/209/209 
f 209/209/209 206/206/206 209/209/209 
f 209/209/209 206/206/206 206/206/206 
f 206/206/206 210/210/210 206/206/206 
f 206/206/206 210/210/210 207/207/207 
f 210/210/210 210/210/210 207/207/207 
f 207/207/207 210/210/210 211/211/211 
f 210/210/210 212/212/212 211/211/211 
f 211/211/211 212/212/212 213/213/213 
f 212/212/212 214/214/214 213/213/213 
f 213/213/213 214/214/214 213/213/213 
f 214/214/214 215/215/215 213/213/213 
f 213/213/213 215/215/215 216/216/216 
f 215/215/215 217/217/217 216/216/216 
f 216/216/216 217/217/217 218/218/218 
f 217/217/217 219/219/219 218/218/218 
f 218/218/218 219/219/219 220/220/220 
f 219/219/219 221/221/221 220/220/220 
f 220/220/220 221/221/221 222/222/222 
f 221/221/221 223/223/223 222/222/222 
f 222/222/222 223/223/223 223/223/223 
f 223/223/223 222/222/222 223/223/223 
f 223/223/223 222/222/222 222/222/222 
f 222/222/222 224/224/224 222/222/222 
f 222/222/222 224/224/224 220/220/220 
f 224/224/224 225/225/225 220/220/220 
f 220/220/220 225/225/225 218/218/218 
f 225/225/225 226/226/226 218/218/218 
f 218/218/218 226/226/226 216/216/216 
f 226/226/226 227/227/227 216/216/216 
f 216/216/216 227/227/227 213/213/213 
f 227/227/227 227/227/227 213/213/213 
f 213/213/213 227/227/227 211/211/211 
f 227/227/227 227/227/227 211/211/211 
f 211/211/211 227/227/227 207/207/207 
f 227/227/227 227/227/227 207/207/207 
f 207/207/207 227/227/227 209/209/209 
f 227/227/227 227/227/227 209/209/209 
f 209/209/209 227/227/227 228/228/228 
f 227/227/227 226/226/226 228/228/228 
f 228/228/228 226/226/226 229/229/229 
f 226/226/226 225/225/225 229/229/229 
f 229/229/229 225/225/225 230/230/230 
f 225/225/225 225/225/225 230/230/230 
f 230/230/230 225/225/225 231/231/231 
f 225/225/225 224/224/224 231/231/231 
f 231/231/231 224/224/224 224/224/224 
f 224/224/224 232/232/232 224/224/224 
f 224/224/224 232/232/232 232/232/232 
f 232/232/232 233/233/233 232/232/232 
f 232/232/232 233/233/233 234/234/234 
f 233/233/233 235/235/235 234/234/234 
f 234/234/234 235/235/235 236/236/236 
f 235/235/235 237/237/237 236/236/236 
f 236/236/236 237/237/237 236/236/236 
f 237/237/237 238/238/238 236/236/236 
f 236/236/236 238/238/238 239/239/239 
f 238/238/238 240/240/240 239/239/239 
f 239/239/239 240/240/240 239/239/239 
f 240/240/240 241/241/241 239/239/239 
f 239/239/239 241/241/241 239/239/239 
f 241/241/241 242/242/242 239/239/239 
f 239/239/239 242/242/242 243/243/243 
f 242/242/242 244/244/244 243/243/243 
f 243/243/243 244/244/244 243/243/243 
f 244/244/244 245/245/245 243/243/243 
f 243/243/243 245/245/245 234/234/234 
f 245/245/245 232/232/232 234/234/234 
f 234/234/234 232/232/232 232/232/232 
f 232/232/232 239/239/239 232/232/232 
f 232/232/232 239/239/239 239/239/239 
f 239/239/239 243/243/243 239/239/239 
f 239/239/239 243/243/243 236/236/236 
f 243/243/243 234/234/234 236/236/236 
f 236/236/236 234/234/234 234/234/234 
f 234/234/234 244/244/244 234/234/234 
f 234/234/234 244/244/244 244/244/244 
f 244/244/244 242/242/242 244/244/244 
f 244/244/244 242/242/242 246/246/246 
f 242/242/242 241/241/241 246/246/246 
f 246/246/246 241/241/241 246/246/246 
f 241/241/241 247/247/247 246/246/246 
f 246/246/246 247/247/247 248/248/248 
f 247/247/247 249/249/249 248/248/248 
f 248/248/248 249/249/249 248/248/248 
f 249/249/249 250/250/250 248/248/248 
f 248/248/248 250/250/250 251/251/251 
f 250/250/250 252/252/252 251/251/251 
f 251/251/251 252/252/252 251/251/251 
f 252/252/252 253/253/253 251/251/251 
f 251/251/251 253/253/253 254/254/254 
f 253/253/253 255/255/255 254/254/254 
f 254/254/254 255/255/255 254/254/254 
f 255/255/255 256/256/256 254/254/254 
f 254/254/254 256/256/256 257/257/257 
f 256/256/256 258/258/258 257/257/257 
f 257/257/257 258/258/258 257/257/257 
f 258/258/258 259/259/259 257/257/257 
f 257/257/257 259/259/259 260/260/260 
f 259/259/259 261/261/261 260/260/260 
f 260/260/260 261/261/261 260/260/260 
f 261/261/261 262/262/262 260/260/260 
f 260/260/260 262/262/262 263/263/263 
f 262/262/262 264/264/264 263/263/263 
f 263/263/263 264/264/264 263/263/263 
f 264/264/264 265/265/265 263/263/263 
f 263/263/263 265/265/265 266/266/266 
f 265/265/265 267/267/267 266/266/266 
f 266/266/266 267/267/267 266/266/266 
f 267/267/267 268/268/268 266/266/266 
f 266/266/266 268/268/268 269/269/269 
f 268/268/268 232/232/232 269/269/269 
f 269/269/269 232/232/232 269/269/269 
f 232/232/232 245/245/245 269/269/269 
f 269/269/269 245/245/245 269/269/269 
f 245/245/245 244/244/244 269/269/269 
f 269/269/269 244/244/244 270/270/270 
f 244/244/244 246/246/246 270/270/270 
f 270/270/270 246/246/246 270/270/270 
f 246/246/246 248/248/248 270/270/270 
f 270/270/270 248/248/248 270/270/270 
f 248/248/248 271/271/271 270/270/270 
f 270/270/270 271/271/271 266/266/266 
f 271/271/271 271/271/271 266/266/266 
f 266/266/266 271/271/271 263/263/263 
f 271/271/271 271/271/271 263/263/263 
f 263/263/263 271/271/271 260/260/260 
f 271/271/271 271/271/271 260/260/260 
f 260/260/260 271/271/271 257/257/257 
f 271/271/271 271/271/271 257/257/257 
f 257/257/257 271/271/271 254/254/254 
f 271/271/271 271/271/271 254/254/254 
f 254/254/254 271/271/271 251/251/251 
f 271/271/271 248/248/248 251/251/251 
f 251/251/251 248/248/248 248/248/248 
f 248/248/248 270/270/270 248/248/248 
f 248/248/248 270/270/270 270/270/270 
f 270/270/270 266/266/266 270/270/270 
f 270/270/270 266/266/266 269/269/269 
f 266/266/266 269/269/269 269/269/269 
f 269/269/269 269/269/269 272/272/272 
f 269/269/269 272/272/272 272/272/272 
f 272/272/272 272/272/272 273/273/273 
f 272/272/272 274/274/274 273/273/273 
f 273/273/273 274/274/274 275/275/275 
f 274/274/274 276/276/276 275/275/275 
f 275/275/275 276/276/276 277/277/277 
f 276/276/276 278/278/278 277/277/277 
f 277/277/277 278/278/278 279/279/279 
f 278/278/278 278/278/278 279/279/279 
f 279/279/279 278/278/278 280/280/280 
f 278/278/278 281/281/281 280/280/280 
f 280/280/280 281/281/281 282/282/282 
f 281/281/281 282/282/282 282/282/282 
f 282/282/282 282/282/282 281/281/281 
f 282/282/282 281/281/281 281/281/281 
f 281/281/281 281/281/281 283/283/283 
f 281/281/281 278/278/278 283/283/283 
f 283/283/283 278/278/278 283/283/283 
f 278/278/278 276/276/276 283/283/283 
f 283/283/283 276/276/276 284/284/284 
f 276/276/276 274/274/274 284/284/284 
f 284/284/284 274/274/274 285/285/285 
f 274/274/274 272/272/272 285/285/285 
f 285/285/285 272/272/272 285/285/285 
f 272/272/272 286/286/286 285/285/285 
f 285/285/285 286/286/286 285/285/285 
f 286/286/286 287/287/287 285/285/285 
f 285/285/285 287/287/287 285/285/285 
f 287/287/287 288/288/288 285/285/285 
f 285/285/285 288/288/288 285/285/285 
f 288/288/288 289/289/289 285/285/285 
f 285/285/285 289/289/289 284/284/284 
f 289/289/289 290/290/290 284/284/284 
f 284/284/284 290/290/290 283/283/283 
f 290/290/290 283/283/283 283/283/283 
f 283/283/283 283/283/283 289/289/289 
f 283/283/283 289/289/289 289/289/289 
f 289/289/289 289/289/289 290/290/290 
f 289/289/289 291/291/291 290/290/290 
f 290/290/290 291/291/291 292/292/292 
f 291/291/291 293/293/293 292/292/292 
f 292/292/292 293/293/293 294/294/294 
f 293/293/293 293/293/293 294/294/294 
f 294/294/294 293/293/293 295/295/295 
f 293/293/293 296/296/296 295/295/295 
f 295/295/295 296/296/296 297/297/297 
f 296/296/296 296/296/296 297/297/297 
f 297/297/297 296/296/296 298/298/298 
f 296/296/296 299/299/299 298/298/298 
f 298/298/298 299/299/299 300/300/300 
f 299/299/299 299/299/299 300/300/300 
f 300/300/300 299/299/299 301/301/301 
f 299/299/299 296/296/296 301/301/301 
f 301/301/301 296/296/296 302/302/302 
f 296/296/296 293/293/293 302/302/302 
f 302/302/302 293/293/293 302/302/302 
f 293/293/293 291/291/291 302/302/302 
f 302/302/302 291/291/291 303/303/303 
f 291/291/291 289/289/289 303/303/303 
f 303/303/303 289/289/289 303/303/303 
f 289/289/289 288/288/288 303/303/303 
f 303/303/303 288/288/288 304/304/304 
f 288/288/288 287/287/287 304/304/304 
f 304/304/304 287/287/287 304/304/304 
f 287/287/287 305/305/305 304/304/304 
f 304/304/304 305/305/305 306/306/306 
f 305/305/305 307/307/307 306/306/306 
f 306/306/306 307/307/307 306/306/306 
f 307/307/307 308/308/308 306/306/306 
f 306/306/306 308/308/308 306/306/306 
f 308/308/308 309/309/309 306/306/306 
f 306/306/306 309/309/309 306/306/306 
f 309/309/309 310/310/310 306/306/306 
f 306/306/306 310/310/310 311/311/311 
f 310/310/310 301/301/301 311/311/311 
f 311/311/311 301/301/301 311/311/311 
f 301/301/301 302/302/302 311/311/311 
f 311/311/311 302/302/302 311/311/311 
f 302/302/302 303/303/303 311/311/311 
f 311/311/311 303/303/303 311/311/311 
f 303/303/303 304/304/304 311/311/311 
f 311/311/311 304/304/304 306/306/306 
f 304/304/304 306/306/306 306/306/306 
f 306/306/306 306/306/306 312/312/312 
f 306/306/306 312/312/312 312/312/312 
f 312/312/312 312/312/312 313/313/313 
f 312/312/312 314/314/314 313/313/313 
f 313/313/313 314/314/314 313/313/313 
f 314/314/314 315/315/315 313/313/313 
f 313/313/313 315/315/315 316/316/316 
f 315/315/315 317/317/317 316/316/316 
f 316/316/316 317/317/317 316/316/316 
f 317/317/317 318/318/318 316/316/316 
f 316/316/316 318/318/318 319/319/319 
f 318/318/318 318/318/318 319/319/319 
f 319/319/319 318/318/318 320/320/320 
f 318/318/318 321/321/321 320/320/320 
f 320/320/320 321/321/321 322/322/322 
f 321/321/321 323/323/323 322/322/322 
f 322/322/322 323/323/323 322/322/322 
f 323/323/323 324/324/324 322/322/322 
f 322/322/322 324/324/324 322/322/322 
f 324/324/324 325/325/325 322/322/322 
f 322/322/322 325/325/325 326/326/326 
f 325/325/325 327/327/327 326/326/326 
f 326/326/326 327/327/327 326/326/326 
f 327/327/327 328/328/328 326/326/326 
f 326/326/326 328/328/328 326/326/326 
f 328/328/328 329/329/329 326/326/326 
f 326/326/326 329/329/329 330/330/330 
f 329/329/329 331/331/331 330/330/330 
f 330/330/330 331/331/331 332/332/332 
f 331/331/331 333/333/333 332/332/332 
f 332/332/332 333/333/333 332/332/332 
f 333/333/333 334/334/334 332/332/332 
f 332/332/332 334/334/334 319/319/319 
f 334/334/334 334/334/334 319/319/319 
f 319/319/319 334/334/334 316/316/316 
f 334/334/334 335/335/335 316/316/316 
f 316/316/316 335/335/335 313/313/313 
f 335/335/335 336/336/336 313/313/313 
f 313/313/313 336/336/336 312/312/312 
f 336/336/336 312/312/312 312/312/312 
f 312/312/312 312/312/312 326/326/326 
f 312/312/312 326/326/326 326/326/326 
f 326/326/326 326/326/326 322/322/322 
f 326/326/326 330/330/330 322/322/322 
f 322/322/322 330/330/330 320/320/320 
f 330/330/330 332/332/332 320/320/320 
f 320/320/320 332/332/332 319/319/319 
f 332/332/332 319/319/319 319/319/319 
f 319/319/319 319/319/319 337/337/337 
f 319/319/319 337/337/337 337/337/337 
f 337/337/337 337/337/337 338/338/338 
f 337/337/337 336/336/336 338/338/338 
f 338/338/338 336/336/336 338/338/338 
f 336/336/336 335/335/335 338/338/338 
f 338/338/338 335/335/335 339/339/339 
f 335/335/335 334/334/334 339/339/339 
f 339/339/339 334/334/334 333/333/333 
f 334/334/334 333/333/333 333/333/333 
f 333/333/333 333/333/333 340/340/340 
f 333/333/333 340/340/340 340/340/340 
f 340/340/340 340/340/340 341/341/341 
f 340/340/340 342/342/342 341/341/341 
f 341/341/341 342/342/342 343/343/343 
f 342/342/342 344/344/344 343/343/343 
f 343/343/343 344/344/344 345/345/345 
f 344/344/344 346/346/346 345/345/345 
f 345/345/345 346/346/346 347/347/347 
f 346/346/346 346/346/346 347/347/347 
f 347/347/347 346/346/346 348/348/348 
f 346/346/346 349/349/349 348/348/348 
f 348/348/348 349/349/349 348/348/348 
f 349/349/349 350/350/350 348/348/348 
f 348/348/348 350/350/350 351/351/351 
f 350/350/350 352/352/352 351/351/351 
f 351/351/351 352/352/352 353/353/353 
f 352/352/352 353/353/353 353/353/353 
f 353/353/353 353/353/353 354/354/354 
f 353/353/353 354/354/354 354/354/354 
f 354/354/354 354/354/354 355/355/355 
f 354/354/354 356/356/356 355/355/355 
f 355/355/355 356/356/356 357/357/357 
f 356/356/356 358/358/358 357/357/357 
f 357/357/357 358/358/358 359/359/359 
f 358/358/358 360/360/360 359/359/359 
f 359/359/359 360/360/360 361/361/361 
f 360/360/360 360/360/360 361/361/361 
f 361/361/361 360/360/360 362/362/362 
f 360/360/360 363/363/363 362/362/362 
f 362/362/362 363/363/363 362/362/362 
f 363/363/363 364/364/364 362/362/362 
f 362/362/362 364/364/364 365/365/365 
f 364/364/364 365/365/365 365/365/365 
f 365/365/365 365/365/365 366/366/366 
f 365/365/365 366/366/366 366/366/366 
f 366/366/366 366/366/366 367/367/367 
f 366/366/366 368/368/368 367/367/367 
f 367/367/367 368/368/368 369/369/369 
f 368/368/368 370/370/370 369/369/369 
f 369/369/369 370/370/370 371/371/371 
f 370/370/370 371/371/371 371/371/371 
f 371/371/371 371/371/371 370/370/370 
f 371/371/371 370/370/370 370/370/370 
f 370/370/370 370/370/370 372/372/372 
f 370/370/370 368/368/368 372/372/372 
f 372/372/372 368/368/368 373/373/373 
f 368/368/368 366/366/366 373/373/373 
f 373/373/373 366/366/366 366/366/366 
f 366/366/366 373/373/373 366/366/366 
f 366/366/366 373/373/373 373/373/373 
f 373/373/373 374/374/374 373/373/373 
f 373/373/373 374/374/374 372/372/372 
f 374/374/374 375/375/375 372/372/372 
f 372/372/372 375/375/375 376/376/376 
f 375/375/375 377/377/377 376/376/376 
f 376/376/376 377/377/377 378/378/378 
f 377/377/377 378/378/378 378/378/378 
f 378/378/378 378/378/378 367/367/367 
f 378/378/378 367/367/367 367/367/367 
f 367/367/367 367/367/367 379/379/379 
f 367/367/367 369/369/369 379/379/379 
f 379/379/379 369/369/369 380/380/380 
f 369/369/369 381/381/381 380/380/380 
f 380/380/380 381/381/381 382/382/382 
f 381/381/381 371/371/371 382/382/382 
f 382/382/382 371/371/371 382/382/382 
f 371/371/371 383/383/383 382/382/382 
f 382/382/382 383/383/383 382/382/382 
f 383/383/383 384/384/384 382/382/382 
f 382/382/382 384/384/384 382/382/382 
f 384/384/384 385/385/385 382/382/382 
f 382/382/382 385/385/385 386/386/386 
f 385/385/385 387/387/387 386/386/386 
f 386/386/386 387/387/387 387/387/387 
f 387/387/387 371/371/371 387/387/387 
f 387/387/387 371/371/371 371/371/371 
f 371/371/371 381/381/381 371/371/371 
f 371/371/371 381/381/381 369/369/369 
f 381/381/381 369/369/369 369/369/369 
f 369/369/369 369/369/369 380/380/380 
f 369/369/369 380/380/380 380/380/380 
f 380/380/380 380/380/380 386/386/386 
f 380/380/380 382/382/382 386/386/386 
f 386/386/386 382/382/382 382/382/382 
f 382/382/382 388/388/388 382/382/382 
f 382/382/382 388/388/388 388/388/388 
f 388/388/388 389/389/389 388/388/388 
f 388/388/388 389/389/389 390/390/390 
f 389/389/389 391/391/391 390/390/390 
f 390/390/390 391/391/391 392/392/392 
f 391/391/391 391/391/391 392/392/392 
f 392/392/392 391/391/391 393/393/393 
f 391/391/391 394/394/394 393/393/393 
f 393/393/393 394/394/394 395/395/395 
f 394/394/394 389/389/389 395/395/395 
f 395/395/395 389/389/389 395/395/395 
f 389/389/389 396/396/396 395/395/395 
f 395/395/395 396/396/396 393/393/393 
f 396/396/396 393/393/393 393/393/393 
f 393/393/393 393/393/393 394/394/394 
f 393/393/393 394/394/394 394/394/394 
f 394/394/394 394/394/394 389/389/389 
f 394/394/394 391/391/391 389/389/389 
f 389/389/389 391/391/391 391/391/391 
f 391/391/391 392/392/392 391/391/391 
f 391/391/391 392/392/392 392/392/392 
f 392/392/392 397/397/397 392/392/392 
f 392/392/392 397/397/397 390/390/390 
f 397/397/397 397/397/397 390/390/390 
f 390/390/390 397/397/397 388/388/388 
f 397/397/397 397/397/397 388/388/388 
f 388/388/388 397/397/397 398/398/398 
f 397/397/397 397/397/397 398/398/398 
f 398/398/398 397/397/397 399/399/399 
f 397/397/397 400/400/400 399/399/399 
f 399/399/399 400/400/400 401/401/401 
f 400/400/400 400/400/400 401/401/401 
f 401/401/401 400/400/400 402/402/402 
f 400/400/400 400/400/400 402/402/402 
f 402/402/402 400/400/400 403/403/403 
f 400/400/400 397/397/397 403/403/403 
f 403/403/403 397/397/397 404/404/404 
f 397/397/397 392/392/392 404/404/404 
f 404/404/404 392/392/392 405/405/405 
f 392/392/392 393/393/393 405/405/405 
f 405/405/405 393/393/393 393/393/393 
f 393/393/393 404/404/404 393/393/393 
f 393/393/393 404/404/404 404/404/404 
f 404/404/404 405/405/405 404/404/404 
f 404/404/404 405/405/405 403/403/403 
f 405/405/405 406/406/406 403/403/403 
f 403/403/403 406/406/406 402/402/402 
f 406/406/406 407/407/407 402/402/402 
f 402/402/402 407/407/407 401/401/401 
f 407/407/407 408/408/408 401/401/401 
f 401/401/401 408/408/408 409/409/409 
f 408/408/408 406/406/406 409/409/409 
f 409/409/409 406/406/406 410/410/410 
f 406/406/406 405/405/405 410/410/410 
f 410/410/410 405/405/405 405/405/405 
f 405/405/405 407/407/407 405/405/405 
f 405/405/405 407/407/407 407/407/407 
f 407/407/407 406/406/406 407/407/407 
f 407/407/407 406/406/406 408/408/408 
f 406/406/406 408/408/408 408/408/408 
f 408/408/408 408/408/408 401/401/401 
f 408/408/408 401/401/401 401/401/401 
f 401/401/401 401/401/401 411/411/411 
f 401/401/401 409/409/409 411/411/411 
f 411/411/411 409/409/409 412/412/412 
f 409/409/409 410/410/410 412/412/412 
f 412/412/412 410/410/410 413/413/413 
f 410/410/410 414/414/414 413/413/413 
f 413/413/413 414/414/414 415/415/415 
f 414/414/414 414/414/414 415/415/415 
f 415/415/415 414/414/414 405/405/405 
f 414/414/414 410/410/410 405/405/405 
f 405/405/405 410/410/410 410/410/410 
f 410/410/410 411/411/411 410/410/410 
f 410/410/410 411/411/411 411/411/411 
f 411/411/411 412/412/412 411/411/411 
f 411/411/411 412/412/412 416/416/416 
f 412/412/412 412/412/412 416/416/416 
f 416/416/416 412/412/412 417/417/417 
f 412/412/412 418/418/418 417/417/417 
f 417/417/417 418/418/418 419/419/419 
f 418/418/418 415/415/415 419/419/419 
f 419/419/419 415/415/415 396/396/396 
f 415/415/415 415/415/415 396/396/396 
f 396/396/396 415/415/415 393/393/393 
f 415/415/415 405/405/405 393/393/393 
f 393/393/393 405/405/405 405/405/405 
f 405/405/405 412/412/412 405/405/405 
f 405/405/405 412/412/412 412/412/412 
f 412/412/412 413/413/413 412/412/412 
f 412/412/412 413/413/413 418/418/418 
f 413/413/413 415/415/415 418/418/418 
f 418/418/418 415/415/415 415/415/415 
f 415/415/415 417/417/417 415/415/415 
f 415/415/415 417/417/417 417/417/417 
f 417/417/417 419/419/419 417/417/417 
f 417/417/417 419/419/419 420/420/420 
f 419/419/419 419/419/419 420/420/420 
f 420/420/420 419/419/419 421/421/421 
f 419/419/419 396/396/396 421/421/421 
f 421/421/421 396/396/396 389/389/389 
f 396/396/396 389/389/389 389/389/389 
f 389/389/389 389/389/389 422/422/422 
f 389/389/389 422/422/422 422/422/422 
f 422/422/422 422/422/422 423/423/423 
f 422/422/422 424/424/424 423/423/423 
f 423/423/423 424/424/424 425/425/425 
f 424/424/424 424/424/424 425/425/425 
f 425/425/425 424/424/424 426/426/426 
f 424/424/424 427/427/427 426/426/426 
f 426/426/426 427/427/427 426/426/426 
f 427/427/427 428/428/428 426/426/426 
f 426/426/426 428/428/428 429/429/429 
f 428/428/428 430/430/430 429/429/429 
f 429/429/429 430/430/430 431/431/431 
f 430/430/430 430/430/430 431/431/431 
f 431/431/431 430/430/430 432/432/432 
f 430/430/430 433/433/433 432/432/432 
f 432/432/432 433/433/433 432/432/432 
f 433/433/433 434/434/434 432/432/432 
f 432/432/432 434/434/434 435/435/435 
f 434/434/434 436/436/436 435/435/435 
f 435/435/435 436/436/436 437/437/437 
f 436/436/436 436/436/436 437/437/437 
f 437/437/437 436/436/436 438/438/438 
f 436/436/436 424/424/424 438/438/438 
f 438/438/438 424/424/424 422/422/422 
f 424/424/424 422/422/422 422/422/422 
f 422/422/422 422/422/422 424/424/424 
f 422/422/422 424/424/424 424/424/424 
f 424/424/424 424/424/424 427/427/427 
f 424/424/424 436/436/436 427/427/427 
f 427/427/427 436/436/436 436/436/436 
f 436/436/436 437/437/437 436/436/436 
f 436/436/436 437/437/437 437/437/437 
f 437/437/437 439/439/439 437/437/437 
f 437/437/437 439/439/439 435/435/435 
f 439/439/439 440/440/440 435/435/435 
f 435/435/435 440/440/440 432/432/432 
f 440/440/440 441/441/441 432/432/432 
f 432/432/432 441/441/441 431/431/431 
f 441/441/441 442/442/442 431/431/431 
f 431/431/431 442/442/442 429/429/429 
f 442/442/442 443/443/443 429/429/429 
f 429/429/429 443/443/443 429/429/429 
f 443/443/443 444/444/444 429/429/429 
f 429/429/429 444/444/444 426/426/426 
f 444/444/444 445/445/445 426/426/426 
f 426/426/426 445/445/445 426/426/426 
f 445/445/445 446/446/446 426/426/426 
f 426/426/426 446/446/446 425/425/425 
f 446/446/446 447/447/447 425/425/425 
f 425/425/425 447/447/447 423/423/423 
f 447/447/447 448/448/448 423/423/423 
f 423/423/423 448/448/448 448/448/448 
f 448/448/448 447/447/447 448/448/448 
f 448/448/448 447/447/447 447/447/447 
f 447/447/447 446/446/446 447/447/447 
f 447/447/447 446/446/446 449/449/449 
f 446/446/446 449/449/449 449/449/449 
f 449/449/449 449/449/449 450/450/450 
f 449/449/449 450/450/450 450/450/450 
f 450/450/450 450/450/450 451/451/451 
f 450/450/450 452/452/452 451/451/451 
f 451/451/451 452/452/452 451/451/451 
f 452/452/452 453/453/453 451/451/451 
f 451/451/451 453/453/453 454/454/454 
f 453/453/453 453/453/453 454/454/454 
f 454/454/454 453/453/453 455/455/455 
f 453/453/453 456/456/456 455/455/455 
f 455/455/455 456/456/456 457/457/457 
f 456/456/456 456/456/456 457/457/457 
f 457/457/457 456/456/456 458/458/458 
f 456/456/456 459/459/459 458/458/458 
f 458/458/458 459/459/459 460/460/460 
f 459/459/459 461/461/461 460/460/460 
f 460/460/460 461/461/461 462/462/462 
f 461/461/461 463/463/463 462/462/462 
f 462/462/462 463/463/463 464/464/464 
f 463/463/463 465/465/465 464/464/464 
f 464/464/464 465/465/465 466/466/466 
f 465/465/465 466/466/466 466/466/466 
f 466/466/466 466/466/466 465/465/465 
f 466/466/466 465/465/465 465/465/465 
f 465/465/465 465/465/465 467/467/467 
f 465/465/465 463/463/463 467/467/467 
f 467/467/467 463/463/463 468/468/468 
f 463/463/463 461/461/461 468/468/468 
f 468/468/468 461/461/461 469/469/469 
f 461/461/461 459/459/459 469/469/469 
f 469/469/469 459/459/459 470/470/470 
f 459/459/459 456/456/456 470/470/470 
f 470/470/470 456/456/456 470/470/470 
f 456/456/456 453/453/453 470/470/470 
f 470/470/470 453/453/453 470/470/470 
f 453/453/453 452/452/452 470/470/470 
f 470/470/470 452/452/452 470/470/470 
f 452/452/452 471/471/471 470/470/470 
f 470/470/470 471/471/471 470/470/470 
f 471/471/471 472/472/472 470/470/470 
f 470/470/470 472/472/472 469/469/469 
f 472/472/472 473/473/473 469/469/469 
f 469/469/469 473/473/473 468/468/468 
f 473/473/473 474/474/474 468/468/468 
f 468/468/468 474/474/474 467/467/467 
f 474/474/474 467/467/467 467/467/467 
f 467/467/467 467/467/467 475/475/475 
f 467/467/467 475/475/475 475/475/475 
f 475/475/475 475/475/475 476/476/476 
f 475/475/475 477/477/477 476/476/476 
f 476/476/476 477/477/477 478/478/478 
f 477/477/477 478/478/478 478/478/478 
f 478/478/478 478/478/478 475/475/475 
f 478/478/478 475/475/475 475/475/475 
f 475/475/475 475/475/475 479/479/479 
f 475/475/475 476/476/476 479/479/479 
f 479/479/479 476/476/476 479/479/479 
f 476/476/476 480/480/480 479/479/479 
f 479/479/479 480/480/480 481/481/481 
f 480/480/480 482/482/482 481/481/481 
f 481/481/481 482/482/482 483/483/483 
f 482/482/482 482/482/482 483/483/483 
f 483/483/483 482/482/482 484/484/484 
f 482/482/482 485/485/485 484/484/484 
f 484/484/484 485/485/485 486/486/486 
f 485/485/485 487/487/487 486/486/486 
f 486/486/486 487/487/487 488/488/488 
f 487/487/487 489/489/489 488/488/488 
f 488/488/488 489/489/489 490/490/490 
f 489/489/489 491/491/491 490/490/490 
f 490/490/490 491/491/491 492/492/492 
f 491/491/491 492/492/492 492/492/492 
f 492/492/492 492/492/492 491/491/491 
f 492/492/492 491/491/491 491/491/491 
f 491/491/491 491/491/491 493/493/493 
f 491/491/491 489/489/489 493/493/493 
f 493/493/493 489/489/489 494/494/494 
f 489/489/489 487/487/487 494/494/494 
f 494/494/494 487/487/487 495/495/495 
f 487/487/487 485/485/485 495/495/495 
f 495/495/495 485/485/485 496/496/496 
f 485/485/485 482/482/482 496/496/496 
f 496/496/496 482/482/482 496/496/496 
f 482/482/482 480/480/480 496/496/496 
f 496/496/496 480/480/480 496/496/496 
f 480/480/480 476/476/476 496/496/496 
f 496/496/496 476/476/476 496/496/496 
f 476/476/476 478/478/478 496/496/496 
f 496/496/496 478/478/478 496/496/496 
f 478/478/478 497/497/497 496/496/496 
f 496/496/496 497/497/497 495/495/495 
f 497/497/497 498/498/498 495/495/495 
f 495/495/495 498/498/498 494/494/494 
f 498/498/498 499/499/499 494/494/494 
f 494/494/494 499/499/499 494/494/494 
f 499/499/499 500/500/500 494/494/494 
f 494/494/494 500/500/500 493/493/493 
f 500/500/500 493/493/493 493/493/493 
f 493/493/493 493/493/493 501/501/501 
f 493/493/493 501/501/501 501/501/501 
f 501/501/501 501/501/501 502/502/502 
f 501/501/501 503/503/503 502/502/502 
f 502/502/502 503/503/503 502/502/502 
f 503/503/503 504/504/504 502/502/502 
f 502/502/502 504/504/504 505/505/505 
f 504/504/504 506/506/506 505/505/505 
f 505/505/505 506/506/506 507/507/507 
f 506/506/506 508/508/508 507/507/507 
f 507/507/507 508/508/508 507/507/507 
f 508/508/508 509/509/509 507/507/507 
f 507/507/507 509/509/509 510/510/510 
f 509/509/509 511/511/511 510/510/510 
f 510/510/510 511/511/511 511/511/511 
f 511/511/511 510/510/510 511/511/511 
f 511/511/511 510/510/510 510/510/510 
f 510/510/510 512/512/512 510/510/510 
f 510/510/510 512/512/512 507/507/507 
f 512/512/512 512/512/512 507/507/507 
f 507/507/507 512/512/512 505/505/505 
f 512/512/512 513/513/513 505/505/505 
f 505/505/505 513/513/513 502/502/502 
f 513/513/513 514/514/514 502/502/502 
f 502/502/502 514/514/514 501/501/501 
f 514/514/514 514/514/514 501/501/501 
f 501/501/501 514/514/514 515/515/515 
f 514/514/514 514/514/514 515/515/515 
f 515/515/515 514/514/514 516/516/516 
f 514/514/514 517/517/517 516/516/516 
f 516/516/516 517/517/517 516/516/516 
f 517/517/517 518/518/518 516/516/516 
f 516/516/516 518/518/518 519/519/519 
f 518/518/518 520/520/520 519/519/519 
f 519/519/519 520/520/520 521/521/521 
f 520/520/520 520/520/520 521/521/521 
f 521/521/521 520/520/520 522/522/522 
f 520/520/520 520/520/520 522/522/522 
f 522/522/522 520/520/520 523/523/523 
f 520/520/520 520/520/520 523/523/523 
f 523/523/523 520/520/520 524/524/524 
f 520/520/520 525/525/525 524/524/524 
f 524/524/524 525/525/525 526/526/526 
f 525/525/525 527/527/527 526/526/526 
f 526/526/526 527/527/527 526/526/526 
f 527/527/527 528/528/528 526/526/526 
f 526/526/526 528/528/528 526/526/526 
f 528/528/528 529/529/529 526/526/526 
f 526/526/526 529/529/529 530/530/530 
f 529/529/529 529/529/529 530/530/530 
f 530/530/530 529/529/529 531/531/531 
f 529/529/529 528/528/528 531/531/531 
f 531/531/531 528/528/528 532/532/532 
f 528/528/528 528/528/528 532/532/532 
f 532/532/532 528/528/528 533/533/533 
f 528/528/528 534/534/534 533/533/533 
f 533/533/533 534/534/534 535/535/535 
f 534/534/534 534/534/534 535/535/535 
f 535/535/535 534/534/534 536/536/536 
f 534/534/534 534/534/534 536/536/536 
f 536/536/536 534/534/534 537/537/537 
f 534/534/534 527/527/527 537/537/537 
f 537/537/537 527/527/527 538/538/538 
f 527/527/527 525/525/525 538/538/538 
f 538/538/538 525/525/525 518/518/518 
f 525/525/525 520/520/520 518/518/518 
f 518/518/518 520/520/520 520/520/520 
f 520/520/520 518/518/518 520/520/520 
f 520/520/520 518/518/518 518/518/518 
f 518/518/518 517/517/517 518/518/518 
f 518/518/518 517/517/517 538/538/538 
f 517/517/517 539/539/539 538/538/538 
f 538/538/538 539/539/539 537/537/537 
f 539/539/539 540/540/540 537/537/537 
f 537/537/537 540/540/540 536/536/536 
f 540/540/540 536/536/536 536/536/536 
f 536/536/536 536/536/536 534/534/534 
f 536/536/536 534/534/534 534/534/534 
f 534/534/534 534/534/534 527/527/527 
f 534/534/534 528/528/528 527/527/527 
f 527/527/527 528/528/528 528/528/528 
f 528/528/528 517/517/517 528/528/528 
f 528/528/528 517/517/517 517/517/517 
f 517/517/517 514/514/514 517/517/517 
f 517/517/517 514/514/514 539/539/539 
f 514/514/514 513/513/513 539/539/539 
f 539/539/539 513/513/513 540/540/540 
f 513/513/513 512/512/512 540/540/540 
f 540/540/540 512/512/512 512/512/512 
f 512/512/512 541/541/541 512/512/512 
f 512/512/512 541/541/541 541/541/541 
f 541/541/541 542/542/542 541/541/541 
f 541/541/541 542/542/542 543/543/543 
f 542/542/542 544/544/544 543/543/543 
f 543/543/543 544/544/544 545/545/545 
f 544/544/544 546/546/546 545/545/545 
f 545/545/545 546/546/546 547/547/547 
f 546/546/546 548/548/548 547/547/547 
f 547/547/547 548/548/548 548/548/548 
f 548/548/548 542/542/542 548/548/548 
f 548/548/548 542/542/542 542/542/542 
f 542/542/542 549/549/549 542/542/542 
f 542/542/542 549/549/549 544/544/544 
f 549/549/549 550/550/550 544/544/544 
f 544/544/544 550/550/550 546/546/546 
f 550/550/550 546/546/546 546/546/546 
f 546/546/546 546/546/546 549/549/549 
f 546/546/546 549/549/549 549/549/549 
f 549/549/549 549/549/549 550/550/550 
f 549/549/549 551/551/551 550/550/550 
f 550/550/550 551/551/551 552/552/552 
f 551/551/551 553/553/553 552/552/552 
f 552/552/552 553/553/553 554/554/554 
f 553/553/553 555/555/555 554/554/554 
f 554/554/554 555/555/555 556/556/556 
f 555/555/555 557/557/557 556/556/556 
f 556/556/556 557/557/557 556/556/556 
f 557/557/557 558/558/558 556/556/556 
f 556/556/556 558/558/558 559/559/559 
f 558/558/558 560/560/560 559/559/559 
f 559/559/559 560/560/560 559/559/559 
f 560/560/560 561/561/561 559/559/559 
f 559/559/559 561/561/561 559/559/559 
f 561/561/561 562/562/562 559/559/559 
f 559/559/559 562/562/562 559/559/559 
f 562/562/562 563/563/563 559/559/559 
f 559/559/559 563/563/563 564/564/564 
f 563/563/563 565/565/565 564/564/564 
f 564/564/564 565/565/565 566/566/566 
f 565/565/565 567/567/567 566/566/566 
f 566/566/566 567/567/567 566/566/566 
f 567/567/567 552/552/552 566/566/566 
f 566/566/566 552/552/552 566/566/566 
f 552/552/552 554/554/554 566/566/566 
f 566/566/566 554/554/554 564/564/564 
f 554/554/554 556/556/556 564/564/564 
f 564/564/564 556/556/556 559/559/559 
f 556/556/556 559/559/559 559/559/559 
f 559/559/559 559/559/559 565/565/565 
f 559/559/559 565/565/565 565/565/565 
f 565/565/565 565/565/565 567/567/567 
f 565/565/565 568/568/568 567/567/567 
f 567/567/567 568/568/568 567/567/567 
f 568/568/568 548/548/548 567/567/567 
f 567/567/567 548/548/548 567/567/567 
f 548/548/548 546/546/546 567/567/567 
f 567/567/567 546/546/546 567/567/567 
f 546/546/546 550/550/550 567/567/567 
f 567/567/567 550/550/550 552/552/552 
f 550/550/550 552/552/552 552/552/552 
f 552/552/552 552/552/552 569/569/569 
f 552/552/552 569/569/569 569/569/569 
f 569/569/569 569/569/569 570/570/570 
f 569/569/569 571/571/571 570/570/570 
f 570/570/570 571/571/571 570/570/570 
f 571/571/571 572/572/572 570/570/570 
f 570/570/570 572/572/572 573/573/573 
f 572/572/572 574/574/574 573/573/573 
f 573/573/573 574/574/574 575/575/575 
f 574/574/574 576/576/576 575/575/575 
f 575/575/575 576/576/576 575/575/575 
f 576/576/576 577/577/577 575/575/575 
f 575/575/575 577/577/577 578/578/578 
f 577/577/577 577/577/577 578/578/578 
f 578/578/578 577/577/577 579/579/579 
f 577/577/577 580/580/580 579/579/579 
f 579/579/579 580/580/580 581/581/581 
f 580/580/580 582/582/582 581/581/581 
f 581/581/581 582/582/582 582/582/582 
f 582/582/582 583/583/583 582/582/582 
f 582/582/582 583/583/583 583/583/583 
f 583/583/583 584/584/584 583/583/583 
f 583/583/583 584/584/584 585/585/585 
f 584/584/584 586/586/586 585/585/585 
f 585/585/585 586/586/586 587/587/587 
f 586/586/586 588/588/588 587/587/587 
f 587/587/587 588/588/588 589/589/589 
f 588/588/588 590/590/590 589/589/589 
f 589/589/589 590/590/590 589/589/589 
f 590/590/590 591/591/591 589/589/589 
f 589/589/589 591/591/591 592/592/592 
f 591/591/591 591/591/591 592/592/592 
f 592/592/592 591/591/591 593/593/593 
f 591/591/591 594/594/594 593/593/593 
f 593/593/593 594/594/594 594/594/594 
f 594/594/594 595/595/595 594/594/594 
f 594/594/594 595/595/595 595/595/595 
f 595/595/595 596/596/596 595/595/595 
f 595/595/595 596/596/596 597/597/597 
f 596/596/596 598/598/598 597/597/597 
f 597/597/597 598/598/598 599/599/599 
f 598/598/598 600/600/600 599/599/599 
f 599/599/599 600/600/600 600/600/600 
f 600/600/600 599/599/599 600/600/600 
f 600/600/600 599/599/599 599/599/599 
f 599/599/599 601/601/601 599/599/599 
f 599/599/599 601/601/601 597/597/597 
f 601/601/601 602/602/602 597/597/597 
f 597/597/597 602/602/602 595/595/595 
f 602/602/602 595/595/595 595/595/595 
f 595/595/595 595/595/595 602/602/602 
f 595/595/595 602/602/602 602/602/602 
f 602/602/602 602/602/602 603/603/603 
f 602/602/602 601/601/601 603/603/603 
f 603/603/603 601/601/601 604/604/604 
f 601/601/601 605/605/605 604/604/604 
f 604/604/604 605/605/605 606/606/606 
f 605/605/605 607/607/607 606/606/606 
f 606/606/606 607/607/607 607/607/607 
f 607/607/607 596/596/596 607/607/607 
f 607/607/607 596/596/596 596/596/596 
f 596/596/596 608/608/608 596/596/596 
f 596/596/596 608/608/608 598/598/598 
f 608/608/608 609/609/609 598/598/598 
f 598/598/598 609/609/609 610/610/610 
f 609/609/609 611/611/611 610/610/610 
f 610/610/610 611/611/611 600/600/600 
f 611/611/611 611/611/611 600/600/600 
f 600/600/600 611/611/611 612/612/612 
f 611/611/611 611/611/611 612/612/612 
f 612/612/612 611/611/611 613/613/613 
f 611/611/611 611/611/611 613/613/613 
f 613/613/613 611/611/611 614/614/614 
f 611/611/611 615/615/615 614/614/614 
f 614/614/614 615/615/615 616/616/616 
f 615/615/615 616/616/616 616/616/616 
f 616/616/616 616/616/616 600/600/600 
f 616/616/616 600/600/600 600/600/600 
f 600/600/600 600/600/600 610/610/610 
f 600/600/600 598/598/598 610/610/610 
f 610/610/610 598/598/598 598/598/598 
f 598/598/598 609/609/609 598/598/598 
f 598/598/598 609/609/609 609/609/609 
f 609/609/609 615/615/615 609/609/609 
f 609/609/609 615/615/615 611/611/611 
f 615/615/615 611/611/611 611/611/611 
f 611/611/611 611/611/611 617/617/617 
f 611/611/611 617/617/617 617/617/617 
f 617/617/617 617/617/617 618/618/618 
f 617/617/617 619/619/619 618/618/618 
f 618/618/618 619/619/619 618/618/618 
f 619/619/619 620/620/620 618/618/618 
f 618/618/618 620/620/620 618/618/618 
f 620/620/620 621/621/621 618/618/618 
f 618/618/618 621/621/621 622/622/622 
f 621/621/621 621/621/621 622/622/622 
f 622/622/622 621/621/621 623/623/623 
f 621/621/621 624/624/624 623/623/623 
f 623/623/623 624/624/624 625/625/625 
f 624/624/624 626/626/626 625/625/625 
f 625/625/625 626/626/626 625/625/625 
f 626/626/626 627/627/627 625/625/625 
f 625/625/625 627/627/627 628/628/628 
f 627/627/627 627/627/627 628/628/628 
f 628/628/628 627/627/627 629/629/629 
f 627/627/627 630/630/630 629/629/629 
f 629/629/629 630/630/630 631/631/631 
f 630/630/630 632/632/632 631/631/631 
f 631/631/631 632/632/632 631/631/631 
f 632/632/632 633/633/633 631/631/631 
f 631/631/631 633/633/633 618/618/618 
f 633/633/633 617/617/617 618/618/618 
f 618/618/618 617/617/617 617/617/617 
f 617/617/617 618/618/618 617/617/617 
f 617/617/617 618/618/618 618/618/618 
f 618/618/618 622/622/622 618/618/618 
f 618/618/618 622/622/622 631/631/631 
f 622/622/622 631/631/631 631/631/631 
f 631/631/631 631/631/631 632/632/632 
f 631/631/631 632/632/632 632/632/632 
f 632/632/632 632/632/632 634/634/634 
f 632/632/632 630/630/630 634/634/634 
f 634/634/634 630/630/630 635/635/635 
f 630/630/630 627/627/627 635/635/635 
f 635/635/635 627/627/627 636/636/636 
f 627/627/627 626/626/626 636/636/636 
f 636/636/636 626/626/626 637/637/637 
f 626/626/626 624/624/624 637/637/637 
f 637/637/637 624/624/624 638/638/638 
f 624/624/624 624/624/624 638/638/638 
f 638/638/638 624/624/624 639/639/639 
f 624/624/624 621/621/621 639/639/639 
f 639/639/639 621/621/621 640/640/640 
f 621/621/621 621/621/621 640/640/640 
f 640/640/640 621/621/621 641/641/641 
f 621/621/621 620/620/620 641/641/641 
f 641/641/641 620/620/620 642/642/642 
f 620/620/620 619/619/619 642/642/642 
f 642/642/642 619/619/619 643/643/643 
f 619/619/619 643/643/643 643/643/643 
f 643/643/643 643/643/643 642/642/642 
f 643/643/643 642/642/642 642/642/642 
f 642/642/642 642/642/642 641/641/641 
f 642/642/642 644/644/644 641/641/641 
f 641/641/641 644/644/644 644/644/644 
f 644/644/644 645/645/645 644/644/644 
f 644/644/644 645/645/645 645/645/645 
f 645/645/645 646/646/646 645/645/645 
f 645/645/645 646/646/646 647/647/647 
f 646/646/646 646/646/646 647/647/647 
f 647/647/647 646/646/646 648/648/648 
f 646/646/646 649/649/649 648/648/648 
f 648/648/648 649/649/649 650/650/650 
f 649/649/649 650/650/650 650/650/650 
f 650/650/650 650/650/650 649/649/649 
f 650/650/650 649/649/649 649/649/649 
f 649/649/649 649/649/649 651/651/651 
f 649/649/649 646/646/646 651/651/651 
f 651/651/651 646/646/646 651/651/651 
f 646/646/646 645/645/645 651/651/651 
f 651/651/651 645/645/645 651/651/651 
f 645/645/645 652/652/652 651/651/651 
f 651/651/651 652/652/652 653/653/653 
f 652/652/652 654/654/654 653/653/653 
f 653/653/653 654/654/654 655/655/655 
f 654/654/654 656/656/656 655/655/655 
f 655/655/655 656/656/656 657/657/657 
f 656/656/656 658/658/658 657/657/657 
f 657/657/657 658/658/658 659/659/659 
f 658/658/658 658/658/658 659/659/659 
f 659/659/659 658/658/658 660/660/660 
f 658/658/658 661/661/661 660/660/660 
f 660/660/660 661/661/661 662/662/662 
f 661/661/661 663/663/663 662/662/662 
f 662/662/662 663/663/663 662/662/662 
f 663/663/663 664/664/664 662/662/662 
f 662/662/662 664/664/664 665/665/665 
f 664/664/664 666/666/666 665/665/665 
f 665/665/665 666/666/666 667/667/667 
f 666/666/666 668/668/668 667/667/667 
f 667/667/667 668/668/668 669/669/669 
f 668/668/668 670/670/670 669/669/669 
f 669/669/669 670/670/670 671/671/671 
f 670/670/670 672/672/672 671/671/671 
f 671/671/671 672/672/672 673/673/673 
f 672/672/672 674/674/674 673/673/673 
f 673/673/673 674/674/674 675/675/675 
f 674/674/674 674/674/674 675/675/675 
f 675/675/675 674/674/674 676/676/676 
f 674/674/674 674/674/674 676/676/676 
f 676/676/676 674/674/674 677/677/677 
f 674/674/674 672/672/672 677/677/677 
f 677/677/677 672/672/672 670/670/670 
f 672/672/672 670/670/670 670/670/670 
f 670/670/670 670/670/670 671/671/671 
f 670/670/670 671/671/671 671/671/671 
f 671/671/671 671/671/671 678/678/678 
f 671/671/671 673/673/673 678/678/678 
f 678/678/678 673/673/673 678/678/678 
f 673/673/673 675/675/675 678/678/678 
f 678/678/678 675/675/675 678/678/678 
f 675/675/675 679/679/679 678/678/678 
f 678/678/678 679/679/679 680/680/680 
f 679/679/679 681/681/681 680/680/680 
f 680/680/680 681/681/681 682/682/682 
f 681/681/681 683/683/683 682/682/682 
f 682/682/682 683/683/683 684/684/684 
f 683/683/683 685/685/685 684/684/684 
f 684/684/684 685/685/685 685/685/685 
f 685/685/685 671/671/671 685/685/685 
f 685/685/685 671/671/671 671/671/671 
f 671/671/671 678/678/678 671/671/671 
f 671/671/671 678/678/678 669/669/669 
f 678/678/678 680/680/680 669/669/669 
f 669/669/669 680/680/680 667/667/667 
f 680/680/680 682/682/682 667/667/667 
f 667/667/667 682/682/682 665/665/665 
f 682/682/682 684/684/684 665/665/665 
f 665/665/665 684/684/684 662/662/662 
f 684/684/684 662/662/662 662/662/662 
f 662/662/662 662/662/662 685/685/685 
f 662/662/662 685/685/685 685/685/685 
f 685/685/685 685/685/685 684/684/684 
f 685/685/685 686/686/686 684/684/684 
f 684/684/684 686/686/686 687/687/687 
f 686/686/686 688/688/688 687/687/687 
f 687/687/687 688/688/688 688/688/688 
f 688/688/688 687/687/687 688/688/688 
f 688/688/688 687/687/687 687/687/687 
f 687/687/687 689/689/689 687/687/687 
f 687/687/687 689/689/689 684/684/684 
f 689/689/689 689/689/689 684/684/684 
f 684/684/684 689/689/689 690/690/690 
f 689/689/689 689/689/689 690/690/690 
f 690/690/690 689/689/689 691/691/691 
f 689/689/689 692/692/692 691/691/691 
f 691/691/691 692/692/692 662/662/662 
f 692/692/692 692/692/692 662/662/662 
f 662/662/662 692/692/692 660/660/660 
f 692/692/692 692/692/692 660/660/660 
f 660/660/660 692/692/692 693/693/693 
f 692/692/692 694/694/694 693/693/693 
f 693/693/693 694/694/694 695/695/695 
f 694/694/694 694/694/694 695/695/695 
f 695/695/695 694/694/694 687/687/687 
f 694/694/694 694/694/694 687/687/687 
f 687/687/687 694/694/694 689/689/689 
f 694/694/694 692/692/692 689/689/689 
f 689/689/689 692/692/692 692/692/692 
f 692/692/692 684/684/684 692/692/692 
f 692/692/692 684/684/684 684/684/684 
f 684/684/684 662/662/662 684/684/684 
f 684/684/684 662/662/662 690/690/690 
f 662/662/662 691/691/691 690/690/690 
f 690/690/690 691/691/691 691/691/691 
f 691/691/691 695/695/695 691/691/691 
f 691/691/691 695/695/695 695/695/695 
f 695/695/695 696/696/696 695/695/695 
f 695/695/695 696/696/696 693/693/693 
f 696/696/696 696/696/696 693/693/693 
f 693/693/693 696/696/696 660/660/660 
f 696/696/696 697/697/697 660/660/660 
f 660/660/660 697/697/697 659/659/659 
f 697/697/697 659/659/659 659/659/659 
f 659/659/659 659/659/659 697/697/697 
f 659/659/659 697/697/697 697/697/697 
f 697/697/697 697/697/697 698/698/698 
f 697/697/697 696/696/696 698/698/698 
f 698/698/698 696/696/696 698/698/698 
f 696/696/696 695/695/695 698/698/698 
f 698/698/698 695/695/695 698/698/698 
f 695/695/695 687/687/687 698/698/698 
f 698/698/698 687/687/687 699/699/699 
f 687/687/687 688/688/688 699/699/699 
f 699/699/699 688/688/688 700/700/700 
f 688/688/688 701/701/701 700/700/700 
f 700/700/700 701/701/701 702/702/702 
f 701/701/701 703/703/703 702/702/702 
f 702/702/702 703/703/703 702/702/702 
f 703/703/703 704/704/704 702/702/702 
f 702/702/702 704/704/704 702/702/702 
f 704/704/704 655/655/655 702/702/702 
f 702/702/702 655/655/655 702/702/702 
f 655/655/655 657/657/657 702/702/702 
f 702/702/702 657/657/657 700/700/700 
f 657/657/657 700/700/700 700/700/700 
f 700/700/700 700/700/700 698/698/698 
f 700/700/700 698/698/698 698/698/698 
f 698/698/698 698/698/698 699/699/699 
f 698/698/698 697/697/697 699/699/699 
f 699/699/699 697/697/697 699/699/699 
f 697/697/697 659/659/659 699/699/699 
f 699/699/699 659/659/659 700/700/700 
f 659/659/659 657/657/657 700/700/700 
f 700/700/700 657/657/657 657/657/657 
f 657/657/657 703/703/703 657/657/657 
f 657/657/657 703/703/703 703/703/703 
f 703/703/703 705/705/705 703/703/703 
f 703/703/703 705/705/705 704/704/704 
f 705/705/705 706/706/706 704/704/704 
f 704/704/704 706/706/706 653/653/653 
f 706/706/706 706/706/706 653/653/653 
f 653/653/653 706/706/706 651/651/651 
f 706/706/706 706/706/706 651/651/651 
f 651/651/651 706/706/706 649/649/649 
f 706/706/706 706/706/706 649/649/649 
f 649/649/649 706/706/706 650/650/650 
f 706/706/706 705/705/705 650/650/650 
f 650/650/650 705/705/705 705/705/705 
f 705/705/705 704/704/704 705/705/705 
f 705/705/705 704/704/704 704/704/704 
f 704/704/704 653/653/653 704/704/704 
f 704/704/704 653/653/653 655/655/655 
f 653/653/653 655/655/655 655/655/655 
f 655/655/655 655/655/655 707/707/707 
f 655/655/655 707/707/707 707/707/707 
f 707/707/707 707/707/707 708/708/708 
f 707/707/707 709/709/709 708/708/708 
f 708/708/708 709/709/709 710/710/710 
f 709/709/709 711/711/711 710/710/710 
f 710/710/710 711/711/711 712/712/712 
f 711/711/711 712/712/712 712/712/712 
f 712/712/712 712/712/712 708/708/708 
f 712/712/712 708/708/708 708/708/708 
f 708/708/708 708/708/708 713/713/713 
f 708/708/708 710/710/710 713/713/713 
f 713/713/713 710/710/710 710/710/710 
f 710/710/710 714/714/714 710/710/710 
f 710/710/710 714/714/714 714/714/714 
f 714/714/714 715/715/715 714/714/714 
f 714/714/714 715/715/715 716/716/716 
f 715/715/715 717/717/717 716/716/716 
f 716/716/716 717/717/717 718/718/718 
f 717/717/717 719/719/719 718/718/718 
f 718/718/718 719/719/719 719/719/719 
f 719/719/719 715/715/715 719/719/719 
f 719/719/719 715/715/715 715/715/715 
f 715/715/715 720/720/720 715/715/715 
f 715/715/715 720/720/720 717/717/717 
f 720/720/720 717/717/717 717/717/717 
f 717/717/717 717/717/717 721/721/721 
f 717/717/717 721/721/721 721/721/721 
f 721/721/721 721/721/721 722/722/722 
f 721/721/721 723/723/723 722/722/722 
f 722/722/722 723/723/723 724/724/724 
f 723/723/723 725/725/725 724/724/724 
f 724/724/724 725/725/725 725/725/725 
f 725/725/725 722/722/722 725/725/725 
f 725/725/725 722/722/722 722/722/722 
f 722/722/722 724/724/724 722/722/722 
f 722/722/722 724/724/724 726/726/726 
f 724/724/724 727/727/727 726/726/726 
f 726/726/726 727/727/727 727/727/727 
f 727/727/727 728/728/728 727/727/727 
f 727/727/727 728/728/728 728/728/728 
f 728/728/728 729/729/729 728/728/728 
f 728/728/728 729/729/729 730/730/730 
f 729/729/729 731/731/731 730/730/730 
f 730/730/730 731/731/731 732/732/732 
f 731/731/731 732/732/732 732/732/732 
f 732/732/732 732/732/732 729/729/729 
f 732/732/732 729/729/729 729/729/729 
f 729/729/729 729/729/729 731/731/731 
f 729/729/729 733/733/733 731/731/731 
f 731/731/731 733/733/733 734/734/734 
f 733/733/733 734/734/734 734/734/734 
f 734/734/734 734/734/734 735/735/735 
f 734/734/734 735/735/735 735/735/735 
f 735/735/735 735/735/735 736/736/736 
f 735/735/735 737/737/737 736/736/736 
f 736/736/736 737/737/737 738/738/738 
f 737/737/737 739/739/739 738/738/738 
f 738/738/738 739/739/739 740/740/740 
f 739/739/739 739/739/739 740/740/740 
f 740/740/740 739/739/739 741/741/741 
f 739/739/739 742/742/742 741/741/741 
f 741/741/741 742/742/742 743/743/743 
f 742/742/742 744/744/744 743/743/743 
f 743/743/743 744/744/744 744/744/744 
f 744/744/744 736/736/736 744/744/744 
f 744/744/744 736/736/736 736/736/736 
f 736/736/736 738/738/738 736/736/736 
f 736/736/736 738/738/738 745/745/745 
f 738/738/738 738/738/738 745/745/745 
f 745/745/745 738/738/738 746/746/746 
f 738/738/738 740/740/740 746/746/746 
f 746/746/746 740/740/740 747/747/747 
f 740/740/740 748/748/748 747/747/747 
f 747/747/747 748/748/748 747/747/747 
f 748/748/748 749/749/749 747/747/747 
f 747/747/747 749/749/749 746/746/746 
f 749/749/749 750/750/750 746/746/746 
f 746/746/746 750/750/750 745/745/745 
f 750/750/750 750/750/750 745/745/745 
f 745/745/745 750/750/750 751/751/751 
f 750/750/750 752/752/752 751/751/751 
f 751/751/751 752/752/752 753/753/753 
f 752/752/752 753/753/753 753/753/753 
f 753/753/753 753/753/753 743/743/743 
f 753/753/753 743/743/743 743/743/743 
f 743/743/743 743/743/743 741/741/741 
f 743/743/743 754/754/754 741/741/741 
f 741/741/741 754/754/754 748/748/748 
f 754/754/754 755/755/755 748/748/748 
f 748/748/748 755/755/755 749/749/749 
f 755/755/755 756/756/756 749/749/749 
f 749/749/749 756/756/756 750/750/750 
f 756/756/756 756/756/756 750/750/750 
f 750/750/750 756/756/756 752/752/752 
f 756/756/756 757/757/757 752/752/752 
f 752/752/752 757/757/757 752/752/752 
f 757/757/757 758/758/758 752/752/752 
f 752/752/752 758/758/758 753/753/753 
f 758/758/758 758/758/758 753/753/753 
f 753/753/753 758/758/758 759/759/759 
f 758/758/758 760/760/760 759/759/759 
f 759/759/759 760/760/760 761/761/761 
f 760/760/760 761/761/761 761/761/761 
f 761/761/761 761/761/761 740/740/740 
f 761/761/761 740/740/740 740/740/740 
f 740/740/740 740/740/740 748/748/748 
f 740/740/740 741/741/741 748/748/748 
f 748/748/748 741/741/741 741/741/741 
f 741/741/741 754/754/754 741/741/741 
f 741/741/741 754/754/754 754/754/754 
f 754/754/754 762/762/762 754/754/754 
f 754/754/754 762/762/762 755/755/755 
f 762/762/762 763/763/763 755/755/755 
f 755/755/755 763/763/763 756/756/756 
f 763/763/763 763/763/763 756/756/756 
f 756/756/756 763/763/763 757/757/757 
f 763/763/763 764/764/764 757/757/757 
f 757/757/757 764/764/764 765/765/765 
f 764/764/764 764/764/764 765/765/765 
f 765/765/765 764/764/764 766/766/766 
f 764/764/764 767/767/767 766/766/766 
f 766/766/766 767/767/767 768/768/768 
f 767/767/767 768/768/768 768/768/768 
f 768/768/768 768/768/768 762/762/762 
f 768/768/768 762/762/762 762/762/762 
f 762/762/762 762/762/762 763/763/763 
f 762/762/762 769/769/769 763/763/763 
f 763/763/763 769/769/769 764/764/764 
f 769/769/769 767/767/767 764/764/764 
f 764/764/764 767/767/767 767/767/767 
f 767/767/767 757/757/757 767/767/767 
f 767/767/767 757/757/757 757/757/757 
f 757/757/757 765/765/765 757/757/757 
f 757/757/757 765/765/765 758/758/758 
f 765/765/765 765/765/765 758/758/758 
f 758/758/758 765/765/765 760/760/760 
f 765/765/765 770/770/770 760/760/760 
f 760/760/760 770/770/770 760/760/760 
f 770/770/770 771/771/771 760/760/760 
f 760/760/760 771/771/771 761/761/761 
f 771/771/771 772/772/772 761/761/761 
f 761/761/761 772/772/772 773/773/773 
f 772/772/772 774/774/774 773/773/773 
f 773/773/773 774/774/774 774/774/774 
f 774/774/774 765/765/765 774/774/774 
f 774/774/774 765/765/765 765/765/765 
f 765/765/765 766/766/766 765/765/765 
f 765/765/765 766/766/766 770/770/770 
f 766/766/766 766/766/766 770/770/770 
f 770/770/770 766/766/766 775/775/775 
f 766/766/766 768/768/768 775/775/775 
f 775/775/775 768/768/768 776/776/776 
f 768/768/768 777/777/777 776/776/776 
f 776/776/776 777/777/777 778/778/778 
f 777/777/777 778/778/778 778/778/778 
f 778/778/778 778/778/778 779/779/779 
f 778/778/778 779/779/779 779/779/779 
f 779/779/779 779/779/779 780/780/780 
f 779/779/779 781/781/781 780/780/780 
f 780/780/780 781/781/781 782/782/782 
f 781/781/781 783/783/783 782/782/782 
f 782/782/782 783/783/783 782/782/782 
f 783/783/783 282/282/282 782/782/782 
f 782/782/782 282/282/282 782/782/782 
f 282/282/282 281/281/281 782/782/782 
f 782/782/782 281/281/281 784/784/784 
f 281/281/281 283/283/283 784/784/784 
f 784/784/784 283/283/283 283/283/283 
f 283/283/283 784/784/784 283/283/283 
f 283/283/283 784/784/784 784/784/784 
f 784/784/784 780/780/780 784/784/784 
f 784/784/784 780/780/780 782/782/782 
f 780/780/780 782/782/782 782/782/782 
f 782/782/782 782/782/782 785/785/785 
f 782/782/782 785/785/785 785/785/785 
f 785/785/785 785/785/785 786/786/786 
f 785/785/785 787/787/787 786/786/786 
f 786/786/786 787/787/787 786/786/786 
f 787/787/787 788/788/788 786/786/786 
f 786/786/786 788/788/788 789/789/789 
f 788/788/788 790/790/790 789/789/789 
f 789/789/789 790/790/790 791/791/791 
f 790/790/790 792/792/792 791/791/791 
f 791/791/791 792/792/792 793/793/793 
f 792/792/792 794/794/794 793/793/793 
f 793/793/793 794/794/794 793/793/793 
f 794/794/794 795/795/795 793/793/793 
f 793/793/793 795/795/795 796/796/796 
f 795/795/795 797/797/797 796/796/796 
f 796/796/796 797/797/797 798/798/798 
f 797/797/797 799/799/799 798/798/798 
f 798/798/798 799/799/799 800/800/800 
f 799/799/799 801/801/801 800/800/800 
f 800/800/800 801/801/801 802/802/802 
f 801/801/801 802/802/802 802/802/802 
f 802/802/802 802/802/802 803/803/803 
f 802/802/802 803/803/803 803/803/803 
f 803/803/803 803/803/803 804/804/804 
f 803/803/803 805/805/805 804/804/804 
f 804/804/804 805/805/805 806/806/806 
f 805/805/805 807/807/807 806/806/806 
f 806/806/806 807/807/807 808/808/808 
f 807/807/807 809/809/809 808/808/808 
f 808/808/808 809/809/809 810/810/810 
f 809/809/809 811/811/811 810/810/810 
f 810/810/810 811/811/811 812/812/812 
f 811/811/811 813/813/813 812/812/812 
f 812/812/812 813/813/813 813/813/813 
f 813/813/813 812/812/812 813/813/813 
f 813/813/813 812/812/812 812/812/812 
f 812/812/812 814/814/814 812/812/812 
f 812/812/812 814/814/814 810/810/810 
f 814/814/814 815/815/815 810/810/810 
f 810/810/810 815/815/815 808/808/808 
f 815/815/815 816/816/816 808/808/808 
f 808/808/808 816/816/816 806/806/806 
f 816/816/816 817/817/817 806/806/806 
f 806/806/806 817/817/817 804/804/804 
f 817/817/817 818/818/818 804/804/804 
f 804/804/804 818/818/818 819/819/819 
f 818/818/818 820/820/820 819/819/819 
f 819/819/819 820/820/820 820/820/820 
f 820/820/820 804/804/804 820/820/820 
f 820/820/820 804/804/804 804/804/804 
f 804/804/804 819/819/819 804/804/804 
f 804/804/804 819/819/819 803/803/803 
f 819/819/819 803/803/803 803/803/803 
f 803/803/803 803/803/803 821/821/821 
f 803/803/803 821/821/821 821/821/821 
f 821/821/821 821/821/821 822/822/822 
f 821/821/821 823/823/823 822/822/822 
f 822/822/822 823/823/823 824/824/824 
f 823/823/823 825/825/825 824/824/824 
f 824/824/824 825/825/825 824/824/824 
f 825/825/825 826/826/826 824/824/824 
f 824/824/824 826/826/826 824/824/824 
f 826/826/826 827/827/827 824/824/824 
f 824/824/824 827/827/827 824/824/824 
f 827/827/827 828/828/828 824/824/824 
f 824/824/824 828/828/828 822/822/822 
f 828/828/828 822/822/822 822/822/822 
f 822/822/822 822/822/822 823/823/823 
f 822/822/822 823/823/823 823/823/823 
f 823/823/823 823/823/823 825/825/825 
f 823/823/823 829/829/829 825/825/825 
f 825/825/825 829/829/829 829/829/829 
f 829/829/829 830/830/830 829/829/829 
f 829/829/829 830/830/830 830/830/830 
f 830/830/830 831/831/831 830/830/830 
f 830/830/830 831/831/831 832/832/832 
f 831/831/831 833/833/833 832/832/832 
f 832/832/832 833/833/833 834/834/834 
f 833/833/833 835/835/835 834/834/834 
f 834/834/834 835/835/835 836/836/836 
f 835/835/835 835/835/835 836/836/836 
f 836/836/836 835/835/835 837/837/837 
f 835/835/835 838/838/838 837/837/837 
f 837/837/837 838/838/838 839/839/839 
f 838/838/838 840/840/840 839/839/839 
f 839/839/839 840/840/840 841/841/841 
f 840/840/840 841/841/841 841/841/841 
f 841/841/841 841/841/841 832/832/832 
f 841/841/841 832/832/832 832/832/832 
f 832/832/832 832/832/832 830/830/830 
f 832/832/832 834/834/834 830/830/830 
f 830/830/830 834/834/834 834/834/834 
f 834/834/834 840/840/840 834/834/834 
f 834/834/834 840/840/840 840/840/840 
f 840/840/840 838/838/838 840/840/840 
f 840/840/840 838/838/838 842/842/842 
f 838/838/838 843/843/843 842/842/842 
f 842/842/842 843/843/843 844/844/844 
f 843/843/843 843/843/843 844/844/844 
f 844/844/844 843/843/843 845/845/845 
f 843/843/843 833/833/833 845/845/845 
f 845/845/845 833/833/833 831/831/831 
f 833/833/833 831/831/831 831/831/831 
f 831/831/831 831/831/831 838/838/838 
f 831/831/831 838/838/838 838/838/838 
f 838/838/838 838/838/838 843/843/843 
f 838/838/838 835/835/835 843/843/843 
f 843/843/843 835/835/835 833/833/833 
f 835/835/835 833/833/833 833/833/833 
f 833/833/833 833/833/833 842/842/842 
f 833/833/833 842/842/842 842/842/842 
f 842/842/842 842/842/842 846/846/846 
f 842/842/842 844/844/844 846/846/846 
f 846/846/846 844/844/844 844/844/844 
f 844/844/844 847/847/847 844/844/844 
f 844/844/844 847/847/847 847/847/847 
f 847/847/847 848/848/848 847/847/847 
f 847/847/847 848/848/848 849/849/849 
f 848/848/848 850/850/850 849/849/849 
f 849/849/849 850/850/850 851/851/851 
f 850/850/850 852/852/852 851/851/851 
f 851/851/851 852/852/852 852/852/852 
f 852/852/852 853/853/853 852/852/852 
f 852/852/852 853/853/853 853/853/853 
f 853/853/853 854/854/854 853/853/853 
f 853/853/853 854/854/854 855/855/855 
f 854/854/854 856/856/856 855/855/855 
f 855/855/855 856/856/856 857/857/857 
f 856/856/856 856/856/856 857/857/857 
f 857/857/857 856/856/856 858/858/858 
f 856/856/856 859/859/859 858/858/858 
f 858/858/858 859/859/859 860/860/860 
f 859/859/859 861/861/861 860/860/860 
f 860/860/860 861/861/861 862/862/862 
f 861/861/861 863/863/863 862/862/862 
f 862/862/862 863/863/863 864/864/864 
f 863/863/863 865/865/865 864/864/864 
f 864/864/864 865/865/865 866/866/866 
f 865/865/865 866/866/866 866/866/866 
f 866/866/866 866/866/866 854/854/854 
f 866/866/866 854/854/854 854/854/854 
f 854/854/854 854/854/854 856/856/856 
f 854/854/854 867/867/867 856/856/856 
f 856/856/856 867/867/867 859/859/859 
f 867/867/867 868/868/868 859/859/859 
f 859/859/859 868/868/868 861/861/861 
f 868/868/868 869/869/869 861/861/861 
f 861/861/861 869/869/869 863/863/863 
f 869/869/869 870/870/870 863/863/863 
f 863/863/863 870/870/870 865/865/865 
f 870/870/870 865/865/865 865/865/865 
f 865/865/865 865/865/865 869/869/869 
f 865/865/865 869/869/869 869/869/869 
f 869/869/869 869/869/869 870/870/870 
f 869/869/869 871/871/871 870/870/870 
f 870/870/870 871/871/871 872/872/872 
f 871/871/871 873/873/873 872/872/872 
f 872/872/872 873/873/873 874/874/874 
f 873/873/873 874/874/874 874/874/874 
f 874/874/874 874/874/874 875/875/875 
f 874/874/874 875/875/875 875/875/875 
f 875/875/875 875/875/875 876/876/876 
f 875/875/875 877/877/877 876/876/876 
f 876/876/876 877/877/877 878/878/878 
f 877/877/877 879/879/879 878/878/878 
f 878/878/878 879/879/879 880/880/880 
f 879/879/879 880/880/880 880/880/880 
f 880/880/880 880/880/880 881/881/881 
f 880/880/880 881/881/881 881/881/881 
f 881/881/881 881/881/881 882/882/882 
f 881/881/881 883/883/883 882/882/882 
f 882/882/882 883/883/883 884/884/884 
f 883/883/883 885/885/885 884/884/884 
f 884/884/884 885/885/885 886/886/886 
f 885/885/885 887/887/887 886/886/886 
f 886/886/886 887/887/887 888/888/888 
f 887/887/887 888/888/888 888/888/888 
f 888/888/888 888/888/888 889/889/889 
f 888/888/888 889/889/889 889/889/889 
f 889/889/889 889/889/889 890/890/890 
f 889/889/889 891/891/891 890/890/890 
f 890/890/890 891/891/891 892/892/892 
f 891/891/891 893/893/893 892/892/892 
f 892/892/892 893/893/893 894/894/894 
f 893/893/893 895/895/895 894/894/894 
f 894/894/894 895/895/895 894/894/894 
f 895/895/895 896/896/896 894/894/894 
f 894/894/894 896/896/896 897/897/897 
f 896/896/896 898/898/898 897/897/897 
f 897/897/897 898/898/898 898/898/898 
f 898/898/898 890/890/890 898/898/898 
f 898/898/898 890/890/890 890/890/890 
f 890/890/890 892/892/892 890/890/890 
f 890/890/890 892/892/892 899/899/899 
f 892/892/892 900/900/900 899/899/899 
f 899/899/899 900/900/900 901/901/901 
f 900/900/900 902/902/902 901/901/901 
f 901/901/901 902/902/902 903/903/903 
f 902/902/902 902/902/902 903/903/903 
f 903/903/903 902/902/902 904/904/904 
f 902/902/902 902/902/902 904/904/904 
f 904/904/904 902/902/902 905/905/905 
f 902/902/902 897/897/897 905/905/905 
f 905/905/905 897/897/897 905/905/905 
f 897/897/897 898/898/898 905/905/905 
f 905/905/905 898/898/898 905/905/905 
f 898/898/898 906/906/906 905/905/905 
f 905/905/905 906/906/906 907/907/907 
f 906/906/906 908/908/908 907/907/907 
f 907/907/907 908/908/908 908/908/908 
f 908/908/908 892/892/892 908/908/908 
f 908/908/908 892/892/892 892/892/892 
f 892/892/892 894/894/894 892/892/892 
f 892/892/892 894/894/894 900/900/900 
f 894/894/894 897/897/897 900/900/900 
f 900/900/900 897/897/897 902/902/902 
f 897/897/897 902/902/902 902/902/902 
f 902/902/902 902/902/902 904/904/904 
f 902/902/902 904/904/904 904/904/904 
f 904/904/904 904/904/904 907/907/907 
f 904/904/904 905/905/905 907/907/907 
f 907/907/907 905/905/905 905/905/905 
f 905/905/905 909/909/909 905/905/905 
f 905/905/905 909/909/909 909/909/909 
f 909/909/909 910/910/910 909/909/909 
f 909/909/909 910/910/910 911/911/911 
f 910/910/910 912/912/912 911/911/911 
f 911/911/911 912/912/912 911/911/911 
f 912/912/912 913/913/913 911/911/911 
f 911/911/911 913/913/913 914/914/914 
f 913/913/913 914/914/914 914/914/914 
f 914/914/914 914/914/914 915/915/915 
f 914/914/914 915/915/915 915/915/915 
f 915/915/915 915/915/915 916/916/916 
f 915/915/915 917/917/917 916/916/916 
f 916/916/916 917/917/917 918/918/918 
f 917/917/917 919/919/919 918/918/918 
f 918/918/918 919/919/919 510/510/510 
f 919/919/919 512/512/512 510/510/510 
f 510/510/510 512/512/512 512/512/512 
f 512/512/512 916/916/916 512/512/512 
f 512/512/512 916/916/916 916/916/916 
f 916/916/916 918/918/918 916/916/916 
f 916/916/916 918/918/918 920/920/920 
f 918/918/918 918/918/918 920/920/920 
f 920/920/920 918/918/918 511/511/511 
f 918/918/918 510/510/510 511/511/511 
f 511/511/511 510/510/510 510/510/510 
f 510/510/510 921/921/921 510/510/510 
f 510/510/510 921/921/921 921/921/921 
f 921/921/921 922/922/922 921/921/921 
f 921/921/921 922/922/922 923/923/923 
f 922/922/922 924/924/924 923/923/923 
f 923/923/923 924/924/924 925/925/925 
f 924/924/924 924/924/924 925/925/925 
f 925/925/925 924/924/924 926/926/926 
f 924/924/924 927/927/927 926/926/926 
f 926/926/926 927/927/927 928/928/928 
f 927/927/927 929/929/929 928/928/928 
f 928/928/928 929/929/929 930/930/930 
f 929/929/929 929/929/929 930/930/930 
f 930/930/930 929/929/929 931/931/931 
f 929/929/929 932/932/932 931/931/931 
f 931/931/931 932/932/932 931/931/931 
f 932/932/932 933/933/933 931/931/931 
f 931/931/931 933/933/933 931/931/931 
f 933/933/933 934/934/934 931/931/931 
f 931/931/931 934/934/934 935/935/935 
f 934/934/934 936/936/936 935/935/935 
f 935/935/935 936/936/936 936/936/936 
f 936/936/936 932/932/932 936/936/936 
f 936/936/936 932/932/932 932/932/932 
f 932/932/932 929/929/929 932/932/932 
f 932/932/932 929/929/929 937/937/937 
f 929/929/929 927/927/927 937/937/937 
f 937/937/937 927/927/927 938/938/938 
f 927/927/927 924/924/924 938/938/938 
f 938/938/938 924/924/924 922/922/922 
f 924/924/924 922/922/922 922/922/922 
f 922/922/922 922/922/922 930/930/930 
f 922/922/922 930/930/930 930/930/930 
f 930/930/930 930/930/930 935/935/935 
f 930/930/930 931/931/931 935/935/935 
f 935/935/935 931/931/931 931/931/931 
f 931/931/931 939/939/939 931/931/931 
f 931/931/931 939/939/939 939/939/939 
f 939/939/939 940/940/940 939/939/939 
f 939/939/939 940/940/940 941/941/941 
f 940/940/940 942/942/942 941/941/941 
f 941/941/941 942/942/942 943/943/943 
f 942/942/942 942/942/942 943/943/943 
f 943/943/943 942/942/942 944/944/944 
f 942/942/942 942/942/942 944/944/944 
f 944/944/944 942/942/942 945/945/945 
f 942/942/942 942/942/942 945/945/945 
f 945/945/945 942/942/942 946/946/946 
f 942/942/942 940/940/940 946/946/946 
f 946/946/946 940/940/940 947/947/947 
f 940/940/940 947/947/947 947/947/947 
f 947/947/947 947/947/947 948/948/948 
f 947/947/947 948/948/948 948/948/948 
f 948/948/948 948/948/948 949/949/949 
f 948/948/948 950/950/950 949/949/949 
f 949/949/949 950/950/950 951/951/951 
f 950/950/950 952/952/952 951/951/951 
f 951/951/951 952/952/952 953/953/953 
f 952/952/952 954/954/954 953/953/953 
f 953/953/953 954/954/954 953/953/953 
f 954/954/954 955/955/955 953/953/953 
f 953/953/953 955/955/955 956/956/956 
f 955/955/955 957/957/957 956/956/956 
f 956/956/956 957/957/957 958/958/958 
f 957/957/957 959/959/959 958/958/958 
f 958/958/958 959/959/959 959/959/959 
f 959/959/959 949/949/949 959/959/959 
f 959/959/959 949/949/949 949/949/949 
f 949/949/949 951/951/951 949/949/949 
f 949/949/949 951/951/951 960/960/960 
f 951/951/951 961/961/961 960/960/960 
f 960/960/960 961/961/961 962/962/962 
f 961/961/961 963/963/963 962/962/962 
f 962/962/962 963/963/963 964/964/964 
f 963/963/963 964/964/964 964/964/964 
f 964/964/964 964/964/964 950/950/950 
f 964/964/964 950/950/950 950/950/950 
f 950/950/950 950/950/950 952/952/952 
f 950/950/950 948/948/948 952/952/952 
f 952/952/952 948/948/948 948/948/948 
f 948/948/948 958/958/958 948/948/948 
f 948/948/948 958/958/958 958/958/958 
f 958/958/958 963/963/963 958/958/958 
f 958/958/958 963/963/963 956/956/956 
f 963/963/963 961/961/961 956/956/956 
f 956/956/956 961/961/961 953/953/953 
f 961/961/961 951/951/951 953/953/953 
f 953/953/953 951/951/951 951/951/951 
f 951/951/951 965/965/965 951/951/951 
f 951/951/951 965/965/965 965/965/965 
f 965/965/965 966/966/966 965/965/965 
f 965/965/965 966/966/966 967/967/967 
f 966/966/966 966/966/966 967/967/967 
f 967/967/967 966/966/966 968/968/968 
f 966/966/966 969/969/969 968/968/968 
f 968/968/968 969/969/969 970/970/970 
f 969/969/969 970/970/970 970/970/970 
f 970/970/970 970/970/970 971/971/971 
f 970/970/970 971/971/971 971/971/971 
f 971/971/971 971/971/971 972/972/972 
f 971/971/971 973/973/973 972/972/972 
f 972/972/972 973/973/973 974/974/974 
f 973/973/973 975/975/975 974/974/974 
f 974/974/974 975/975/975 974/974/974 
f 975/975/975 976/976/976 974/974/974 
f 974/974/974 976/976/976 977/977/977 
f 976/976/976 978/978/978 977/977/977 
f 977/977/977 978/978/978 979/979/979 
f 978/978/978 980/980/980 979/979/979 
f 979/979/979 980/980/980 981/981/981 
f 980/980/980 982/982/982 981/981/981 
f 981/981/981 982/982/982 983/983/983 
f 982/982/982 984/984/984 983/983/983 
f 983/983/983 984/984/984 984/984/984 
f 984/984/984 972/972/972 984/984/984 
f 984/984/984 972/972/972 972/972/972 
f 972/972/972 974/974/974 972/972/972 
f 972/972/972 974/974/974 985/985/985 
f 974/974/974 977/977/977 985/985/985 
f 985/985/985 977/977/977 986/986/986 
f 977/977/977 979/979/979 986/986/986 
f 986/986/986 979/979/979 987/987/987 
f 979/979/979 981/981/981 987/987/987 
f 987/987/987 981/981/981 988/988/988 
f 981/981/981 983/983/983 988/988/988 
f 988/988/988 983/983/983 983/983/983 
f 983/983/983 987/987/987 983/983/983 
f 983/983/983 987/987/987 987/987/987 
f 987/987/987 988/988/988 987/987/987 
f 987/987/987 988/988/988 989/989/989 
f 988/988/988 990/990/990 989/989/989 
f 989/989/989 990/990/990 991/991/991 
f 990/990/990 992/992/992 991/991/991 
f 991/991/991 992/992/992 992/992/992 
f 992/992/992 993/993/993 992/992/992 
f 992/992/992 993/993/993 993/993/993 
f 993/993/993 994/994/994 993/993/993 
f 993/993/993 994/994/994 995/995/995 
f 994/994/994 996/996/996 995/995/995 
f 995/995/995 996/996/996 997/997/997 
f 996/996/996 998/998/998 997/997/997 
f 997/997/997 998/998/998 998/998/998 
f 998/998/998 999/999/999 998/998/998 
f 998/998/998 999/999/999 999/999/999 
f 999/999/999 1000/1000/1000 999/999/999 
f 999/999/999 1000/1000/1000 1001/1001/1001 
f 1000/1000/1000 1002/1002/1002 1001/1001/1001 
f 1001/1001/1001 1002/1002/1002 1003/1003/1003 
f 1002/1002/1002 1004/1004/1004 1003/1003/1003 
f 1003/1003/1003 1004/1004/1004 1005/1005/1005 
f 1004/1004/1004 1006/1006/1006 1005/1005/1005 
f 1005/1005/1005 1006/1006/1006 1006/1006/1006 
f 1006/1006/1006 1007/1007/1007 1006/1006/1006 
f 1006/1006/1006 1007/1007/1007 1007/1007/1007 
f 1007/1007/1007 1008/1008/1008 1007/1007/1007 
f 1007/1007/1007 1008/1008/1008 1009/1009/1009 
f 1008/1008/1008 1010/1010/1010 1009/1009/1009 
f 1009/1009/1009 1010/1010/1010 1011/1011/1011 
f 1010/1010/1010 1012/1012/1012 1011/1011/1011 
f 1011/1011/1011 1012/1012/1012 1013/1013/1013 
f 1012/1012/1012 1012/1012/1012 1013/1013/1013 
f 1013/1013/1013 1012/1012/1012 1014/1014/1014 
f 1012/1012/1012 1015/1015/1015 1014/1014/1014 
f 1014/1014/1014 1015/1015/1015 1016/1016/1016 
f 1015/1015/1015 1016/1016/1016 1016/1016/1016 
f 1016/1016/1016 1016/1016/1016 1008/1008/1008 
f 1016/1016/1016 1008/1008/1008 1008/1008/1008 
f 1008/1008/1008 1008/1008/1008 1010/1010/1010 
f 1008/1008/1008 1017/1017/1017 1010/1010/1010 
f 1010/1010/1010 1017/1017/1017 1018/1018/1018 
f 1017/1017/1017 1019/1019/1019 1018/1018/1018 
f 1018/1018/1018 1019/1019/1019 1020/1020/1020 
f 1019/1019/1019 1021/1021/1021 1020/1020/1020 
f 1020/1020/1020 1021/1021/1021 1020/1020/1020 
f 1021/1021/1021 1022/1022/1022 1020/1020/1020 
f 1020/1020/1020 1022/1022/1022 1020/1020/1020 
f 1022/1022/1022 1023/1023/1023 1020/1020/1020 
f 1020/1020/1020 1023/1023/1023 1015/1015/1015 
f 1023/1023/1023 1023/1023/1023 1015/1015/1015 
f 1015/1015/1015 1023/1023/1023 1016/1016/1016 
f 1023/1023/1023 1023/1023/1023 1016/1016/1016 
f 1016/1016/1016 1023/1023/1023 1024/1024/1024 
f 1023/1023/1023 1025/1025/1025 1024/1024/1024 
f 1024/1024/1024 1025/1025/1025 1026/1026/1026 
f 1025/1025/1025 1026/1026/1026 1026/1026/1026 
f 1026/1026/1026 1026/1026/1026 1010/1010/1010 
f 1026/1026/1026 1010/1010/1010 1010/1010/1010 
f 1010/1010/1010 1010/1010/1010 1012/1012/1012 
f 1010/1010/1010 1018/1018/1018 1012/1012/1012 
f 1012/1012/1012 1018/1018/1018 1015/1015/1015 
f 1018/1018/1018 1020/1020/1020 1015/1015/1015 
f 1015/1015/1015 1020/1020/1020 1020/1020/1020 
f 1020/1020/1020 1022/1022/1022 1020/1020/1020 
f 1020/1020/1020 1022/1022/1022 1022/1022/1022 
f 1022/1022/1022 1025/1025/1025 1022/1022/1022 
f 1022/1022/1022 1025/1025/1025 1023/1023/1023 
f 1025/1025/1025 1023/1023/1023 1023/1023/1023 
f 1023/1023/1023 1023/1023/1023 1027/1027/1027 
f 1023/1023/1023 1027/1027/1027 1027/1027/1027 
f 1027/1027/1027 1027/1027/1027 1028/1028/1028 
f 1027/1027/1027 1029/1029/1029 1028/1028/1028 
f 1028/1028/1028 1029/1029/1029 1030/1030/1030 
f 1029/1029/1029 1029/1029/1029 1030/1030/1030 
f 1030/1030/1030 1029/1029/1029 1031/1031/1031 
f 1029/1029/1029 1032/1032/1032 1031/1031/1031 
f 1031/1031/1031 1032/1032/1032 1032/1032/1032 
f 1032/1032/1032 1033/1033/1033 1032/1032/1032 
f 1032/1032/1032 1033/1033/1033 1033/1033/1033 
f 1033/1033/1033 1034/1034/1034 1033/1033/1033 
f 1033/1033/1033 1034/1034/1034 1035/1035/1035 
f 1034/1034/1034 1036/1036/1036 1035/1035/1035 
f 1035/1035/1035 1036/1036/1036 1035/1035/1035 
f 1036/1036/1036 1037/1037/1037 1035/1035/1035 
f 1035/1035/1035 1037/1037/1037 1035/1035/1035 
f 1037/1037/1037 1038/1038/1038 1035/1035/1035 
f 1035/1035/1035 1038/1038/1038 1035/1035/1035 
f 1038/1038/1038 1039/1039/1039 1035/1035/1035 
f 1035/1035/1035 1039/1039/1039 1040/1040/1040 

