mtllib model_70.mtl
o model_70
v 1582.1571044921875 -148.49017333984375 -492.0538330078125 
v 1599.5760498046875 -174.4572296142578 -487.7539367675781 
v 1605.1868896484375 -145.6770782470703 -486.47991943359375 
v 1627.1280517578125 -142.21481323242188 -495.4778137207031 
v 1624.9925537109375 -177.70310974121094 -500.01654052734375 
v 1605.2706298828125 -199.55870056152344 -492.85009765625 
v 1630.39404296875 -198.90953063964844 -501.52947998046875 
v 1631.7340087890625 -219.89955139160156 -501.3702087402344 
v 1638.0985107421875 -219.89955139160156 -529.7175903320312 
v 1635.1256103515625 -239.5912322998047 -498.3443603515625 
v 1638.7685546875 -239.37481689453125 -529.7175903320312 
v 1635.1256103515625 -239.5912322998047 -561.0111083984375 
v 1631.7340087890625 -219.89955139160156 -557.9852905273438 
v 1599.869140625 -236.99452209472656 -572.3182373046875 
v 1603.5120849609375 -218.3848114013672 -570.8052978515625 
v 1605.2706298828125 -199.5587158203125 -566.5850830078125 
v 1630.39404296875 -198.9095458984375 -557.9057006835938 
v 1636.7586669921875 -195.23086547851562 -529.7175903320312 
v 1630.645263671875 -177.70310974121094 -529.7175903320312 
v 1603.5120849609375 -218.38479614257812 -488.62982177734375 
v 1599.869140625 -236.99452209472656 -487.1169128417969 
v 1624.9925537109375 -177.70310974121094 -559.3389892578125 
v 1599.5760498046875 -174.45724487304688 -571.6812133789062 
v 1627.1280517578125 -142.21482849121094 -563.9573364257812 
v 1605.1868896484375 -145.67709350585938 -572.9552612304688 
v 1621.433349609375 -116.68057250976562 -555.0391235351562 
v 1610.2952880859375 -116.03141021728516 -566.903564453125 
v 1616.492431640625 -106.72654724121094 -541.6616821289062 
v 1604.1820068359375 -102.83148193359375 -545.8023071289062 
v 1597.8592529296875 -111.05437469482422 -563.24072265625 
v 1582.1571044921875 -148.4901885986328 -567.38134765625 
v 1619.46533203125 -107.80848693847656 -529.7175903320312 
v 1621.6427001953125 -116.89695739746094 -529.7175903320312 
v 1628.593505859375 -141.99842834472656 -529.7175903320312 
v 1621.433349609375 -116.6805648803711 -504.3960876464844 
v 1616.492431640625 -106.7265396118164 -517.7734985351562 
v 1610.2952880859375 -116.0313949584961 -492.5315856933594 
v 1604.1820068359375 -102.83147430419922 -513.6328735351562 
v 1597.8592529296875 -111.05435943603516 -496.1944580078125 
v 1578.1793212890625 -124.25428009033203 -469.04150390625 
v 1593.7138671875 -125.5526351928711 -467.7674560546875 
v 1583.83203125 -137.0214080810547 -464.74163818359375 
v 1602.172119140625 -139.40170288085938 -472.54510498046875 
v 1582.7015380859375 -144.59512329101562 -463.7861022949219 
v 1600.4134521484375 -148.70655822753906 -470.07666015625 
v 1582.4503173828125 -157.57864379882812 -460.2825012207031 
v 1598.3616943359375 -161.4737091064453 -467.36932373046875 
v 1582.2408447265625 -170.56214904785156 -456.77886962890625 
v 1596.3936767578125 -174.24082946777344 -464.7416076660156 
v 1581.026611328125 -182.89649963378906 -455.6640930175781 
v 1593.127685546875 -185.7095947265625 -462.6712951660156 
v 1581.61279296875 -192.20135498046875 -454.54931640625 
v 1593.21142578125 -196.96197509765625 -460.0436096191406 
v 1595.3050537109375 -209.07994079589844 -456.61962890625 
v 1581.9896240234375 -203.4537353515625 -450.1697998046875 
v 1585.632568359375 -230.93553161621094 -449.6123962402344 
v 1596.8125 -232.6666717529297 -454.70855712890625 
v 1590.573486328125 -258.63372802734375 -449.1346435546875 
v 1600.5390625 -256.6861572265625 -453.5141296386719 
v 1599.115478515625 -287.4138488769531 -450.6475524902344 
v 1607.7410888671875 -283.73516845703125 -452.9567565917969 
v 1625.1181640625 -344.7577209472656 -454.23077392578125 
v 1606.0662841796875 -285.6827087402344 -457.4158935546875 
v 1597.9429931640625 -290.4433288574219 -458.2917785644531 
v 1589.3172607421875 -263.1779479980469 -463.78607177734375 
v 1599.115478515625 -259.499267578125 -461.95465087890625 
v 1583.2877197265625 -236.34532165527344 -466.8119201660156 
v 1595.011962890625 -235.91253662109375 -464.5027160644531 
v 1578.89111328125 -211.46026611328125 -472.2265930175781 
v 1593.630126953125 -214.05694580078125 -469.1211242675781 
v 1591.5364990234375 -202.8045654296875 -470.7933044433594 
v 1579.22607421875 -202.37179565429688 -473.4209899902344 
v 1591.87158203125 -190.47023010253906 -475.88946533203125 
v 1579.2679443359375 -191.11941528320312 -478.915283203125 
v 1580.1473388671875 -179.8670196533203 -483.13555908203125 
v 1595.4306640625 -179.43423461914062 -479.6319274902344 
v 1580.9847412109375 -167.09988403320312 -485.76324462890625 
v 1598.068603515625 -166.8834991455078 -481.62261962890625 
v 1581.8221435546875 -154.332763671875 -488.3909606933594 
v 1600.790283203125 -154.332763671875 -483.6133117675781 
v 1582.1571044921875 -148.49017333984375 -492.0538330078125 
v 1605.1868896484375 -145.6770782470703 -486.47991943359375 
v 1599.2410888671875 -120.35921478271484 -477.0042419433594 
v 1587.935546875 -115.59859466552734 -480.5078430175781 
v 1610.2952880859375 -116.0313949584961 -492.5315856933594 
v 1597.8592529296875 -111.05435943603516 -496.1944580078125 
v 1587.935546875 -115.59859466552734 -480.5078430175781 
v 1574.9132080078125 -116.46417236328125 -483.53369140625 
v 1578.1793212890625 -124.25428009033203 -469.04150390625 
v 1566.3294677734375 -137.88697814941406 -474.6950378417969 
v 1572.568359375 -108.02487182617188 -499.6184387207031 
v 1565.324462890625 -144.162353515625 -491.41680908203125 
v 1567.041259765625 -152.38523864746094 -486.8780517578125 
v 1581.8221435546875 -154.332763671875 -488.3909606933594 
v 1580.9847412109375 -167.09988403320312 -485.76324462890625 
v 1567.96240234375 -165.58514404296875 -482.9762878417969 
v 1580.1473388671875 -179.8670196533203 -483.13555908203125 
v 1597.8592529296875 -111.05435943603516 -496.1944580078125 
v 1582.1571044921875 -148.49017333984375 -492.0538330078125 
v 1583.83203125 -137.0214080810547 -464.74163818359375 
v 1567.5855712890625 -146.759033203125 -471.6692199707031 
v 1568.3812255859375 -159.7425537109375 -468.00634765625 
v 1568.8836669921875 -178.35226440429688 -479.0745544433594 
v 1579.2679443359375 -191.11941528320312 -478.915283203125 
v 1569.8466796875 -190.03744506835938 -475.17279052734375 
v 1579.22607421875 -202.37179565429688 -473.4209899902344 
v 1582.7015380859375 -144.59512329101562 -463.7861022949219 
v 1582.4503173828125 -157.57864379882812 -460.2825012207031 
v 1569.1767578125 -172.94247436523438 -464.3434753417969 
v 1582.2408447265625 -170.56214904785156 -456.77886962890625 
v 1569.8885498046875 -185.06044006347656 -462.1139221191406 
v 1581.026611328125 -182.89649963378906 -455.6640930175781 
v 1581.61279296875 -192.20135498046875 -454.54931640625 
v 1570.5166015625 -193.9324951171875 -459.5658264160156 
v 1570.097900390625 -199.77508544921875 -470.23590087890625 
v 1568.213623046875 -207.9979705810547 -468.64337158203125 
v 1578.89111328125 -211.46026611328125 -472.2265930175781 
v 1583.2877197265625 -236.34532165527344 -466.8119201660156 
v 1574.4945068359375 -235.04698181152344 -463.78607177734375 
v 1589.3172607421875 -263.1779479980469 -463.78607177734375 
v 1569.0511474609375 -203.2373504638672 -456.3011169433594 
v 1581.9896240234375 -203.4537353515625 -450.1697998046875 
v 1574.9969482421875 -231.58470153808594 -454.071533203125 
v 1585.632568359375 -230.93553161621094 -449.6123962402344 
v 1581.529052734375 -264.2598876953125 -461.0787353515625 
v 1597.9429931640625 -290.4433288574219 -458.2917785644531 
v 1591.2015380859375 -292.1744689941406 -456.77886962890625 
v 1625.1181640625 -344.7577209472656 -454.23077392578125 
v 1591.1177978515625 -290.0105285644531 -452.3197326660156 
v 1599.115478515625 -287.4138488769531 -450.6475524902344 
v 1590.573486328125 -258.63372802734375 -449.1346435546875 
v 1581.4453125 -261.44677734375 -452.7178649902344 
v 1598.9898681640625 -337.18402099609375 -484.5688171386719 
v 1598.9898681640625 -351.0330810546875 -485.28546142578125 
v 1584.8370361328125 -338.0495910644531 -489.3464660644531 
v 1586.1768798828125 -349.51837158203125 -489.66497802734375 
v 1580.3985595703125 -349.7347412109375 -500.8924255371094 
v 1598.1942138671875 -315.32843017578125 -482.65777587890625 
v 1581.1103515625 -314.2464599609375 -488.7890625 
v 1598.8223876953125 -262.7451477050781 -485.28546142578125 
v 1581.7384033203125 -265.34185791015625 -491.8149108886719 
v 1599.869140625 -236.99452209472656 -487.1169128417969 
v 1566.455078125 -235.0469970703125 -500.5739440917969 
v 1574.5782470703125 -274.86309814453125 -506.0682373046875 
v 1573.9501953125 -312.51531982421875 -503.8386535644531 
v 1578.7236328125 -340.6462707519531 -501.1313171386719 
v 1585.7581787109375 -351.46588134765625 -512.119873046875 
v 1584.8370361328125 -343.4593811035156 -513.075439453125 
v 1598.5291748046875 -353.84619140625 -516.4197998046875 
v 1599.282958984375 -344.7577209472656 -517.7734375 
v 1581.27783203125 -311.21697998046875 -518.9678344726562 
v 1598.4873046875 -311.0005798339844 -525.0991821289062 
v 1581.864013671875 -284.60076904296875 -520.4011840820312 
v 1599.115478515625 -288.71221923828125 -525.8157958984375 
v 1577.88623046875 -274.8631286621094 -526.7713623046875 
v 1599.19921875 -276.37786865234375 -527.9657592773438 
v 1566.371337890625 -256.46978759765625 -514.110595703125 
v 1567.5855712890625 -256.0370178222656 -529.7175903320312 
v 1568.7161865234375 -235.0469970703125 -529.7175903320312 
v 1566.455078125 -235.0469970703125 -558.8612060546875 
v 1566.371337890625 -256.46978759765625 -545.3245239257812 
v 1578.974853515625 -274.2139587402344 -529.7175903320312 
v 1577.88623046875 -274.8631286621094 -532.5841674804688 
v 1599.19921875 -276.37786865234375 -531.4693603515625 
v 1599.115478515625 -288.71221923828125 -533.5396728515625 
v 1581.864013671875 -284.60076904296875 -539.033935546875 
v 1598.4873046875 -311.0005798339844 -534.3359375 
v 1599.0736083984375 -275.9450988769531 -529.7175903320312 
v 1574.5782470703125 -274.8631286621094 -553.3668823242188 
v 1581.7384033203125 -265.3418884277344 -567.6201782226562 
v 1599.869140625 -236.99452209472656 -572.3182373046875 
v 1598.8223876953125 -262.74517822265625 -574.149658203125 
v 1581.1103515625 -314.2464599609375 -570.6460571289062 
v 1598.1942138671875 -315.32843017578125 -576.77734375 
v 1584.8370361328125 -338.0495910644531 -570.088623046875 
v 1598.9898681640625 -337.18402099609375 -574.8662719726562 
v 1598.9898681640625 -351.0331115722656 -574.149658203125 
v 1586.1768798828125 -349.51837158203125 -569.7701416015625 
v 1580.3985595703125 -349.7347717285156 -558.5426635742188 
v 1578.7236328125 -340.64630126953125 -558.3037719726562 
v 1585.7581787109375 -351.46588134765625 -547.315185546875 
v 1573.9501953125 -312.51531982421875 -555.596435546875 
v 1581.27783203125 -311.21697998046875 -540.4672241210938 
v 1599.282958984375 -344.7577209472656 -541.6616821289062 
v 1584.8370361328125 -343.4593811035156 -546.280029296875 
v 1598.5291748046875 -353.84619140625 -543.0153198242188 
v 1611.5933837890625 -353.4134216308594 -489.5853271484375 
v 1598.9898681640625 -351.0330810546875 -485.28546142578125 
v 1608.4111328125 -367.2624816894531 -490.3019714355469 
v 1596.26806640625 -364.44940185546875 -486.08172607421875 
v 1593.54638671875 -383.49188232421875 -484.5688171386719 
v 1616.9530029296875 -355.3609313964844 -500.6535339355469 
v 1613.7288818359375 -368.3444519042969 -501.1313171386719 
v 1611.30029296875 -355.57733154296875 -511.8810119628906 
v 1608.494873046875 -367.2624816894531 -512.040283203125 
v 1598.5291748046875 -353.84619140625 -516.4197998046875 
v 1596.351806640625 -364.6658020019531 -516.3401489257812 
v 1607.4061279296875 -381.1116027832031 -514.0309448242188 
v 1593.8394775390625 -383.7082824707031 -518.8882446289062 
v 1596.64501953125 -455.33404541015625 -507.34222412109375 
v 1589.9454345703125 -455.7668151855469 -510.2088317871094 
v 1599.36669921875 -455.1176452636719 -500.57391357421875 
v 1613.2264404296875 -380.0296325683594 -501.6886901855469 
v 1607.19677734375 -380.89520263671875 -489.3464660644531 
v 1589.8616943359375 -455.5504455566406 -490.9389953613281 
v 1596.6031494140625 -455.33404541015625 -493.8055725097656 
v 1599.282958984375 -344.7577209472656 -517.7734375 
v 1613.5614013671875 -343.89215087890625 -512.8365478515625 
v 1598.5291748046875 -353.84619140625 -516.4197998046875 
v 1611.30029296875 -355.57733154296875 -511.8810119628906 
v 1616.9530029296875 -355.3609313964844 -500.6535339355469 
v 1598.4873046875 -311.0005798339844 -525.0991821289062 
v 1615.5712890625 -312.0825500488281 -518.8882446289062 
v 1599.115478515625 -288.71221923828125 -525.8157958984375 
v 1616.3668212890625 -285.24993896484375 -519.6048583984375 
v 1599.19921875 -276.37786865234375 -527.9657592773438 
v 1620.6378173828125 -277.67620849609375 -526.7713623046875 
v 1619.549072265625 -277.2434387207031 -529.7175903320312 
v 1599.0736083984375 -275.9450988769531 -529.7175903320312 
v 1599.19921875 -276.37786865234375 -531.4693603515625 
v 1620.6378173828125 -277.67620849609375 -532.6637573242188 
v 1616.3668212890625 -285.24993896484375 -539.8302612304688 
v 1599.115478515625 -288.71221923828125 -533.5396728515625 
v 1615.5712890625 -312.0825500488281 -540.4672241210938 
v 1598.4873046875 -311.0005798339844 -534.3359375 
v 1613.5614013671875 -343.89215087890625 -546.5985717773438 
v 1599.282958984375 -344.7577209472656 -541.6616821289062 
v 1598.5291748046875 -353.84619140625 -543.0153198242188 
v 1611.30029296875 -355.57733154296875 -547.5540771484375 
v 1616.9530029296875 -355.3609619140625 -558.7815551757812 
v 1619.5072021484375 -341.5118408203125 -558.622314453125 
v 1611.5933837890625 -353.4134216308594 -569.8497314453125 
v 1622.7314453125 -313.5972900390625 -555.6760864257812 
v 1623.4013671875 -275.9450988769531 -554.3224487304688 
v 1629.472900390625 -257.1189880371094 -542.1394653320312 
v 1628.3004150390625 -256.6861877441406 -529.7175903320312 
v 1638.7685546875 -239.37481689453125 -529.7175903320312 
v 1629.472900390625 -257.1189880371094 -517.2957153320312 
v 1635.1256103515625 -239.5912322998047 -561.0111083984375 
v 1616.0318603515625 -265.9910583496094 -568.0979614257812 
v 1615.3619384765625 -315.1120300292969 -570.7256469726562 
v 1613.2264404296875 -338.48236083984375 -570.3275146484375 
v 1598.9898681640625 -351.0331115722656 -574.149658203125 
v 1598.9898681640625 -337.18402099609375 -574.8662719726562 
v 1598.1942138671875 -315.32843017578125 -576.77734375 
v 1598.8223876953125 -262.74517822265625 -574.149658203125 
v 1599.869140625 -236.99452209472656 -572.3182373046875 
v 1635.1256103515625 -239.5912322998047 -498.3443603515625 
v 1616.0318603515625 -265.99102783203125 -491.337158203125 
v 1623.4013671875 -275.945068359375 -505.1127014160156 
v 1615.3619384765625 -315.1120300292969 -488.7094421386719 
v 1598.1942138671875 -315.32843017578125 -482.65777587890625 
v 1598.9898681640625 -337.18402099609375 -484.5688171386719 
v 1599.869140625 -236.99452209472656 -487.1169128417969 
v 1598.8223876953125 -262.7451477050781 -485.28546142578125 
v 1622.7314453125 -313.5972900390625 -503.759033203125 
v 1613.2264404296875 -338.48236083984375 -489.1075744628906 
v 1598.9898681640625 -351.0330810546875 -485.28546142578125 
v 1611.5933837890625 -353.4134216308594 -489.5853271484375 
v 1619.5072021484375 -341.5118408203125 -500.81280517578125 
v 1585.7581787109375 -351.46588134765625 -512.119873046875 
v 1584.1669921875 -362.069091796875 -512.119873046875 
v 1598.5291748046875 -353.84619140625 -516.4197998046875 
v 1596.351806640625 -364.6658020019531 -516.3401489257812 
v 1593.8394775390625 -383.7082824707031 -518.8882446289062 
v 1580.3985595703125 -349.7347412109375 -500.8924255371094 
v 1578.89111328125 -360.98712158203125 -501.2905578613281 
v 1586.1768798828125 -349.51837158203125 -489.66497802734375 
v 1584.1251220703125 -362.069091796875 -490.46124267578125 
v 1598.9898681640625 -351.0330810546875 -485.28546142578125 
v 1596.26806640625 -364.44940185546875 -486.08172607421875 
v 1580.0635986328125 -386.0885925292969 -489.1075744628906 
v 1593.54638671875 -383.49188232421875 -484.5688171386719 
v 1583.162109375 -455.5504455566406 -493.8055725097656 
v 1589.8616943359375 -455.5504455566406 -490.9389953613281 
v 1580.356689453125 -455.5504455566406 -500.6535339355469 
v 1574.4945068359375 -387.1705627441406 -501.2905578613281 
v 1580.27294921875 -386.30499267578125 -513.9512939453125 
v 1589.9454345703125 -455.7668151855469 -510.2088317871094 
v 1583.2039794921875 -455.5504455566406 -507.5014953613281 
v 1647.3941650390625 -83.35620880126953 -529.7175903320312 
v 1635.083740234375 -75.13329315185547 -512.6773071289062 
v 1635.2930908203125 -92.01187133789062 -515.145751953125 
v 1622.6058349609375 -88.98238372802734 -510.28851318359375 
v 1605.47998046875 -70.8054428100586 -503.9979553222656 
v 1636.5911865234375 -65.39567565917969 -511.4032897949219 
v 1632.5714111328125 -43.54008483886719 -511.32366943359375 
v 1640.443359375 -55.2252197265625 -515.1458129882812 
v 1645.8031005859375 -52.62855911254883 -529.7175903320312 
v 1646.9754638671875 -66.69401550292969 -529.7175903320312 
v 1637.0936279296875 -38.34666442871094 -529.7175903320312 
v 1613.51953125 -31.422130584716797 -529.7175903320312 
v 1613.6451416015625 -38.34666061401367 -511.32366943359375 
v 1594.844482421875 -45.27119827270508 -514.2698974609375 
v 1614.1475830078125 -50.24822998046875 -505.9886474609375 
v 1591.2852783203125 -56.739986419677734 -511.56256103515625 
v 1590.82470703125 -72.9693832397461 -515.8624267578125 
v 1583.580810546875 -55.225223541259766 -529.7175903320312 
v 1584.962646484375 -74.26771545410156 -529.7175903320312 
v 1596.1424560546875 -83.57259368896484 -518.251220703125 
v 1592.625244140625 -81.40866088867188 -529.7175903320312 
v 1591.3271484375 -41.159767150878906 -529.7175903320312 
v 1608.0341796875 -89.19876861572266 -513.1550903320312 
v 1620.3028564453125 -98.93643188476562 -519.0475463867188 
v 1635.2093505859375 -103.26425170898438 -519.9234008789062 
v 1620.7215576171875 -104.34622192382812 -529.7175903320312 
v 1637.9310302734375 -106.29373931884766 -529.7175903320312 
v 1647.3941650390625 -83.35620880126953 -529.7175903320312 
v 1647.3941650390625 -83.35620880126953 -529.7175903320312 
v 1599.869140625 -236.99452209472656 -487.1169128417969 
v 1566.455078125 -235.0469970703125 -500.5739440917969 
v 1603.5120849609375 -218.38479614257812 -488.62982177734375 
v 1569.6373291015625 -216.22088623046875 -502.4053649902344 
v 1569.9722900390625 -199.99147033691406 -504.23681640625 
v 1605.2706298828125 -199.55870056152344 -492.85009765625 
v 1599.5760498046875 -174.4572296142578 -487.7539367675781 
v 1565.659423828125 -169.48020935058594 -500.09619140625 
v 1582.1571044921875 -148.49017333984375 -492.0538330078125 
v 1565.324462890625 -144.162353515625 -491.41680908203125 
v 1568.7161865234375 -235.0469970703125 -529.7175903320312 
v 1569.4698486328125 -216.2209014892578 -529.7175903320312 
v 1569.6373291015625 -216.2209014892578 -557.02978515625 
v 1566.455078125 -235.0469970703125 -558.8612060546875 
v 1603.5120849609375 -218.3848114013672 -570.8052978515625 
v 1599.869140625 -236.99452209472656 -572.3182373046875 
v 1569.9722900390625 -199.99148559570312 -555.1983642578125 
v 1605.2706298828125 -199.5587158203125 -566.5850830078125 
v 1599.5760498046875 -174.45724487304688 -571.6812133789062 
v 1565.659423828125 -169.480224609375 -559.3389892578125 
v 1582.1571044921875 -148.4901885986328 -567.38134765625 
v 1565.324462890625 -144.16236877441406 -568.0183715820312 
v 1565.491943359375 -169.2638397216797 -529.7175903320312 
v 1561.681640625 -140.7000732421875 -529.7175903320312 
v 1572.568359375 -108.02487182617188 -499.6184387207031 
v 1572.568359375 -108.0248794555664 -559.8167724609375 
v 1569.762939453125 -196.096435546875 -529.7175903320312 
v 1597.8592529296875 -111.05437469482422 -563.24072265625 
v 1604.1820068359375 -102.83148193359375 -545.8023071289062 
v 1591.6202392578125 -99.15282440185547 -540.1488037109375 
v 1569.0511474609375 -108.67406463623047 -529.7175903320312 
v 1588.5635986328125 -98.28723907470703 -529.7175903320312 
v 1591.6202392578125 -99.15281677246094 -519.286376953125 
v 1604.1820068359375 -102.83147430419922 -513.6328735351562 
v 1597.8592529296875 -111.05435943603516 -496.1944580078125 
v 1578.1793212890625 -124.25430297851562 -590.3936767578125 
v 1593.7138671875 -125.55265808105469 -591.667724609375 
v 1583.83203125 -137.02142333984375 -594.6935424804688 
v 1602.172119140625 -139.40171813964844 -586.8900756835938 
v 1582.7015380859375 -144.59515380859375 -595.6490478515625 
v 1600.4134521484375 -148.7065887451172 -589.3585205078125 
v 1582.4503173828125 -157.5786590576172 -599.1526489257812 
v 1598.3616943359375 -161.47372436523438 -592.0658569335938 
v 1582.2408447265625 -170.5621795654297 -602.65625 
v 1596.3936767578125 -174.24085998535156 -594.6935424804688 
v 1581.026611328125 -182.8965301513672 -603.7710571289062 
v 1593.127685546875 -185.70962524414062 -596.7638549804688 
v 1581.61279296875 -192.20138549804688 -604.8858642578125 
v 1593.21142578125 -196.96200561523438 -599.3915405273438 
v 1595.3050537109375 -209.0799560546875 -602.8155517578125 
v 1581.9896240234375 -203.45376586914062 -609.2653198242188 
v 1589.275390625 -258.63372802734375 -610.3004760742188 
v 1598.3616943359375 -256.25341796875 -606.6376342773438 
v 1589.9873046875 -265.9910583496094 -611.2560424804688 
v 1599.5341796875 -263.39434814453125 -607.5931396484375 
v 1596.3936767578125 -257.7681579589844 -599.47119140625 
v 1597.8173828125 -264.04351806640625 -601.2229614257812 
v 1587.684326171875 -261.2304382324219 -598.1174926757812 
v 1588.2705078125 -267.2893981933594 -599.8693237304688 
v 1578.89111328125 -211.4602813720703 -587.2085571289062 
v 1593.630126953125 -214.05697631835938 -590.3140258789062 
v 1591.5364990234375 -202.80459594726562 -588.641845703125 
v 1591.87158203125 -190.47024536132812 -583.5457153320312 
v 1579.22607421875 -202.37181091308594 -586.01416015625 
v 1579.2679443359375 -191.1194305419922 -580.5198364257812 
v 1580.1473388671875 -179.86703491210938 -576.2996215820312 
v 1595.4306640625 -179.4342498779297 -579.80322265625 
v 1580.9847412109375 -167.0998992919922 -573.671875 
v 1598.068603515625 -166.88351440429688 -577.8125 
v 1581.8221435546875 -154.33277893066406 -571.044189453125 
v 1600.790283203125 -154.33277893066406 -575.7422485351562 
v 1582.1571044921875 -148.4901885986328 -567.38134765625 
v 1605.1868896484375 -145.67709350585938 -572.9552612304688 
v 1599.2410888671875 -120.3592300415039 -582.351318359375 
v 1587.935546875 -115.5986099243164 -578.9273071289062 
v 1610.2952880859375 -116.03141021728516 -566.903564453125 
v 1597.8592529296875 -111.05437469482422 -563.24072265625 
v 1587.935546875 -115.5986099243164 -578.9273071289062 
v 1574.9132080078125 -116.46418762207031 -575.9014892578125 
v 1578.1793212890625 -124.25430297851562 -590.3936767578125 
v 1566.3294677734375 -137.8870086669922 -584.7401123046875 
v 1572.568359375 -108.0248794555664 -559.8167724609375 
v 1565.324462890625 -144.16236877441406 -568.0183715820312 
v 1567.041259765625 -152.38525390625 -572.55712890625 
v 1581.8221435546875 -154.33277893066406 -571.044189453125 
v 1580.9847412109375 -167.0998992919922 -573.671875 
v 1567.96240234375 -165.5851593017578 -576.4588623046875 
v 1580.1473388671875 -179.86703491210938 -576.2996215820312 
v 1597.8592529296875 -111.05437469482422 -563.24072265625 
v 1582.1571044921875 -148.4901885986328 -567.38134765625 
v 1583.83203125 -137.02142333984375 -594.6935424804688 
v 1567.5855712890625 -146.75906372070312 -587.7659301757812 
v 1568.3812255859375 -159.74256896972656 -591.4288330078125 
v 1568.8836669921875 -178.35227966308594 -580.360595703125 
v 1579.2679443359375 -191.1194305419922 -580.5198364257812 
v 1569.8466796875 -190.03746032714844 -584.2623291015625 
v 1579.22607421875 -202.37181091308594 -586.01416015625 
v 1582.7015380859375 -144.59515380859375 -595.6490478515625 
v 1582.4503173828125 -157.5786590576172 -599.1526489257812 
v 1569.1767578125 -172.9425048828125 -595.0916748046875 
v 1582.2408447265625 -170.5621795654297 -602.65625 
v 1569.8885498046875 -185.06045532226562 -597.3212280273438 
v 1581.026611328125 -182.8965301513672 -603.7710571289062 
v 1581.61279296875 -192.20138549804688 -604.8858642578125 
v 1570.5166015625 -193.93251037597656 -599.7896728515625 
v 1570.097900390625 -199.7751007080078 -589.19921875 
v 1568.213623046875 -207.99798583984375 -590.7918090820312 
v 1578.89111328125 -211.4602813720703 -587.2085571289062 
v 1587.684326171875 -261.2304382324219 -598.1174926757812 
v 1580.7335205078125 -262.09600830078125 -600.50634765625 
v 1588.2705078125 -267.2893981933594 -599.8693237304688 
v 1581.7802734375 -268.80413818359375 -602.178466796875 
v 1580.94287109375 -260.14849853515625 -607.5931396484375 
v 1581.864013671875 -267.50579833984375 -608.5487060546875 
v 1589.275390625 -258.63372802734375 -610.3004760742188 
v 1589.9873046875 -265.9910583496094 -611.2560424804688 
v 1581.9896240234375 -203.45376586914062 -609.2653198242188 
v 1569.0511474609375 -203.23736572265625 -603.134033203125 
v 1611.5933837890625 -353.4134216308594 -569.8497314453125 
v 1598.9898681640625 -351.0331115722656 -574.149658203125 
v 1608.4111328125 -367.26251220703125 -569.1331176757812 
v 1596.26806640625 -364.4494323730469 -573.3533325195312 
v 1593.54638671875 -383.4919128417969 -574.8662719726562 
v 1616.9530029296875 -355.3609619140625 -558.7815551757812 
v 1613.7288818359375 -368.344482421875 -558.3037719726562 
v 1611.30029296875 -355.57733154296875 -547.5540771484375 
v 1608.494873046875 -367.26251220703125 -547.3948364257812 
v 1598.5291748046875 -353.84619140625 -543.0153198242188 
v 1596.351806640625 -364.6658020019531 -543.094970703125 
v 1607.4061279296875 -381.1116027832031 -545.3245239257812 
v 1593.8394775390625 -383.70831298828125 -540.546875 
v 1596.64501953125 -455.33404541015625 -552.0928344726562 
v 1589.9454345703125 -455.766845703125 -549.1466064453125 
v 1599.36669921875 -455.1176452636719 -558.8611450195312 
v 1613.2264404296875 -380.0296325683594 -557.7463989257812 
v 1607.19677734375 -380.89520263671875 -570.088623046875 
v 1589.8616943359375 -455.5504455566406 -568.4164428710938 
v 1596.6031494140625 -455.33404541015625 -565.6295166015625 
v 1585.7581787109375 -351.46588134765625 -547.315185546875 
v 1598.5291748046875 -353.84619140625 -543.0153198242188 
v 1584.1669921875 -362.069091796875 -547.315185546875 
v 1596.351806640625 -364.6658020019531 -543.094970703125 
v 1593.8394775390625 -383.70831298828125 -540.546875 
v 1580.3985595703125 -349.7347717285156 -558.5426635742188 
v 1578.89111328125 -360.98712158203125 -558.14453125 
v 1586.1768798828125 -349.51837158203125 -569.7701416015625 
v 1584.1251220703125 -362.069091796875 -568.973876953125 
v 1598.9898681640625 -351.0331115722656 -574.149658203125 
v 1596.26806640625 -364.4494323730469 -573.3533325195312 
v 1580.0635986328125 -386.088623046875 -570.3275146484375 
v 1593.54638671875 -383.4919128417969 -574.8662719726562 
v 1583.162109375 -455.5504455566406 -565.6295166015625 
v 1589.8616943359375 -455.5504455566406 -568.4164428710938 
v 1580.356689453125 -455.5504455566406 -558.7815551757812 
v 1574.4945068359375 -387.1705627441406 -558.14453125 
v 1580.27294921875 -386.30499267578125 -545.4837646484375 
v 1589.9454345703125 -455.766845703125 -549.1466064453125 
v 1583.2039794921875 -455.5504455566406 -551.93359375 
v 1647.3941650390625 -83.35620880126953 -529.7175903320312 
v 1635.083740234375 -75.13329315185547 -546.7578735351562 
v 1635.2930908203125 -92.01187896728516 -544.2894287109375 
v 1622.6058349609375 -88.98239135742188 -549.1466674804688 
v 1635.2093505859375 -103.26425170898438 -539.5117797851562 
v 1620.3028564453125 -98.93643188476562 -540.3080444335938 
v 1620.7215576171875 -104.34622192382812 -529.7175903320312 
v 1637.9310302734375 -106.29373931884766 -529.7175903320312 
v 1647.3941650390625 -83.35620880126953 -529.7175903320312 
v 1608.0341796875 -89.19877624511719 -546.2800903320312 
v 1605.47998046875 -70.80545043945312 -555.437255859375 
v 1596.1424560546875 -83.57259368896484 -541.1043090820312 
v 1590.82470703125 -72.9693832397461 -543.57275390625 
v 1584.962646484375 -74.26771545410156 -529.7175903320312 
v 1583.580810546875 -55.225223541259766 -529.7175903320312 
v 1591.2852783203125 -56.739994049072266 -547.8726196289062 
v 1591.3271484375 -41.159767150878906 -529.7175903320312 
v 1594.844482421875 -45.271202087402344 -545.1653442382812 
v 1613.51953125 -31.422130584716797 -529.7175903320312 
v 1613.6451416015625 -38.3466682434082 -548.1115112304688 
v 1632.5714111328125 -43.54009246826172 -548.1115112304688 
v 1614.1475830078125 -50.24823760986328 -553.446533203125 
v 1592.625244140625 -81.40866088867188 -529.7175903320312 
v 1637.0936279296875 -38.34666442871094 -529.7175903320312 
v 1645.8031005859375 -52.62855911254883 -529.7175903320312 
v 1640.443359375 -55.225223541259766 -544.2894287109375 
v 1646.9754638671875 -66.69401550292969 -529.7175903320312 
v 1636.5911865234375 -65.39568328857422 -548.0319213867188 
v 1647.3941650390625 -83.35620880126953 -529.7175903320312 
v 1589.8616943359375 -455.5504455566406 -490.9389953613281 
v 1631.2733154296875 -469.1831359863281 -488.311279296875 
v 1596.6031494140625 -455.33404541015625 -493.8055725097656 
v 1637.7635498046875 -469.61590576171875 -491.0982360839844 
v 1599.36669921875 -455.1176452636719 -500.57391357421875 
v 1640.5689697265625 -469.8323059082031 -497.7073059082031 
v 1638.5592041015625 -474.37652587890625 -489.2668151855469 
v 1641.8670654296875 -474.37652587890625 -497.3091735839844 
v 1637.8472900390625 -469.61590576171875 -504.3960266113281 
v 1638.6429443359375 -474.37652587890625 -505.3515319824219 
v 1631.315185546875 -469.3995361328125 -507.2626037597656 
v 1630.8546142578125 -474.37652587890625 -508.6958923339844 
v 1630.812744140625 -474.37652587890625 -486.08172607421875 
v 1596.64501953125 -455.33404541015625 -507.34222412109375 
v 1589.9454345703125 -455.7668151855469 -510.2088317871094 
v 1602.842041015625 -474.37652587890625 -500.1757507324219 
v 1641.8670654296875 -474.37652587890625 -497.3091735839844 
v 1599.785400390625 -474.37652587890625 -492.85003662109375 
v 1638.5592041015625 -474.37652587890625 -489.2668151855469 
v 1631.2733154296875 -469.1831359863281 -488.311279296875 
v 1589.8616943359375 -455.5504455566406 -490.9389953613281 
v 1630.812744140625 -474.37652587890625 -486.08172607421875 
v 1592.290283203125 -474.37652587890625 -488.94830322265625 
v 1584.418212890625 -474.37652587890625 -492.29266357421875 
v 1583.162109375 -455.5504455566406 -493.8055725097656 
v 1581.1522216796875 -474.37652587890625 -500.33502197265625 
v 1580.356689453125 -455.5504455566406 -500.6535339355469 
v 1584.501953125 -474.37652587890625 -508.2977600097656 
v 1583.2039794921875 -455.5504455566406 -507.5014953613281 
v 1592.3321533203125 -474.37652587890625 -511.5624694824219 
v 1589.9454345703125 -455.7668151855469 -510.2088317871094 
v 1631.315185546875 -469.3995361328125 -507.2626037597656 
v 1630.8546142578125 -474.37652587890625 -508.6958923339844 
v 1592.1646728515625 -474.37652587890625 -498.662841796875 
v 1602.842041015625 -474.37652587890625 -500.1757507324219 
v 1592.3321533203125 -474.37652587890625 -511.5624694824219 
v 1599.869140625 -474.37652587890625 -507.5014953613281 
v 1581.1522216796875 -474.37652587890625 -500.33502197265625 
v 1592.1646728515625 -474.37652587890625 -498.662841796875 
v 1584.501953125 -474.37652587890625 -508.2977600097656 
v 1592.3321533203125 -474.37652587890625 -511.5624694824219 
v 1584.418212890625 -474.37652587890625 -492.29266357421875 
v 1592.290283203125 -474.37652587890625 -488.94830322265625 
v 1581.1522216796875 -474.37652587890625 -500.33502197265625 
v 1592.1646728515625 -474.37652587890625 -498.662841796875 
v 1592.290283203125 -474.37652587890625 -488.94830322265625 
v 1599.785400390625 -474.37652587890625 -492.85003662109375 
v 1592.1646728515625 -474.37652587890625 -498.662841796875 
v 1602.842041015625 -474.37652587890625 -500.1757507324219 
v 1599.869140625 -474.37652587890625 -507.5014953613281 
v 1602.842041015625 -474.37652587890625 -500.1757507324219 
v 1638.6429443359375 -474.37652587890625 -505.3515319824219 
v 1641.8670654296875 -474.37652587890625 -497.3091735839844 
v 1592.3321533203125 -474.37652587890625 -511.5624694824219 
v 1599.869140625 -474.37652587890625 -507.5014953613281 
v 1630.8546142578125 -474.37652587890625 -508.6958923339844 
v 1638.6429443359375 -474.37652587890625 -505.3515319824219 
v 1599.785400390625 -474.37652587890625 -492.85003662109375 
v 1592.290283203125 -474.37652587890625 -488.94830322265625 
v 1638.5592041015625 -474.37652587890625 -489.2668151855469 
v 1630.812744140625 -474.37652587890625 -486.08172607421875 
v 1619.46533203125 -107.80848693847656 -529.7175903320312 
v 1616.492431640625 -106.7265396118164 -517.7734985351562 
v 1620.7215576171875 -104.34622192382812 -529.7175903320312 
v 1620.3028564453125 -98.93643188476562 -519.0475463867188 
v 1604.1820068359375 -102.83147430419922 -513.6328735351562 
v 1608.0341796875 -89.19876861572266 -513.1550903320312 
v 1591.6202392578125 -99.15281677246094 -519.286376953125 
v 1596.1424560546875 -83.57259368896484 -518.251220703125 
v 1588.5635986328125 -98.28723907470703 -529.7175903320312 
v 1592.625244140625 -81.40866088867188 -529.7175903320312 
v 1601.334716796875 -275.5122985839844 -601.9396362304688 
v 1603.2607421875 -286.3319091796875 -603.6117553710938 
v 1606.610595703125 -287.1974792480469 -608.389404296875 
v 1607.6573486328125 -307.538330078125 -602.4970092773438 
v 1603.9307861328125 -275.9450988769531 -608.1505737304688 
v 1604.7681884765625 -274.8631286621094 -600.6655883789062 
v 1605.940673828125 -274.8631286621094 -603.4525146484375 
v 1609.58349609375 -284.60076904296875 -599.6304321289062 
v 1610.4208984375 -284.3843688964844 -601.8599853515625 
v 1611.6771240234375 -283.30242919921875 -596.6842041015625 
v 1612.933349609375 -282.220458984375 -599.2322998046875 
v 1607.1549072265625 -272.4828186035156 -597.3212280273438 
v 1608.494873046875 -271.4008483886719 -600.9840698242188 
v 1597.8173828125 -264.04351806640625 -601.2229614257812 
v 1599.5341796875 -263.39434814453125 -607.5931396484375 
v 1588.2705078125 -267.2893981933594 -599.8693237304688 
v 1589.48486328125 -277.6762390136719 -600.5859375 
v 1581.7802734375 -268.80413818359375 -602.178466796875 
v 1580.94287109375 -279.4073486328125 -602.8951416015625 
v 1590.908447265625 -288.06304931640625 -602.8951416015625 
v 1581.5709228515625 -290.01055908203125 -604.5673217773438 
v 1605.061279296875 -306.6727600097656 -599.7100219726562 
v 1595.4306640625 -307.9710998535156 -599.2322998046875 
v 1597.6080322265625 -308.836669921875 -604.248779296875 
v 1588.43798828125 -309.48583984375 -603.213623046875 
v 1588.1448974609375 -309.26947021484375 -600.2674560546875 
v 1589.8616943359375 -455.5504455566406 -568.4164428710938 
v 1596.6031494140625 -455.33404541015625 -565.6295166015625 
v 1631.2733154296875 -469.1831359863281 -571.123779296875 
v 1637.7635498046875 -469.6159362792969 -568.3367919921875 
v 1630.812744140625 -474.3765563964844 -573.3533325195312 
v 1638.5592041015625 -474.3765563964844 -570.1682739257812 
v 1640.5689697265625 -469.8323059082031 -561.7277221679688 
v 1641.8670654296875 -474.3765563964844 -562.1258544921875 
v 1637.8472900390625 -469.6159362792969 -555.0390625 
v 1638.6429443359375 -474.3765563964844 -554.08349609375 
v 1631.315185546875 -469.3995361328125 -552.1724853515625 
v 1630.8546142578125 -474.3765563964844 -550.7391357421875 
v 1599.36669921875 -455.1176452636719 -558.8611450195312 
v 1596.64501953125 -455.33404541015625 -552.0928344726562 
v 1589.9454345703125 -455.766845703125 -549.1466064453125 
v 1638.5592041015625 -474.3765563964844 -570.1682739257812 
v 1599.785400390625 -474.3765563964844 -566.5850219726562 
v 1641.8670654296875 -474.3765563964844 -562.1258544921875 
v 1602.842041015625 -474.3765563964844 -559.25927734375 
v 1631.2733154296875 -469.1831359863281 -571.123779296875 
v 1589.8616943359375 -455.5504455566406 -568.4164428710938 
v 1630.812744140625 -474.3765563964844 -573.3533325195312 
v 1592.290283203125 -474.3765563964844 -570.4867553710938 
v 1584.418212890625 -474.3765563964844 -567.1423950195312 
v 1583.162109375 -455.5504455566406 -565.6295166015625 
v 1581.1522216796875 -474.3765563964844 -559.1000366210938 
v 1580.356689453125 -455.5504455566406 -558.7815551757812 
v 1584.501953125 -474.3765563964844 -551.1373291015625 
v 1583.2039794921875 -455.5504455566406 -551.93359375 
v 1592.3321533203125 -474.3765563964844 -547.87255859375 
v 1589.9454345703125 -455.766845703125 -549.1466064453125 
v 1631.315185546875 -469.3995361328125 -552.1724853515625 
v 1630.8546142578125 -474.3765563964844 -550.7391357421875 
v 1599.869140625 -474.3765563964844 -551.93359375 
v 1592.3321533203125 -474.3765563964844 -547.87255859375 
v 1602.842041015625 -474.3765563964844 -559.25927734375 
v 1592.1646728515625 -474.3765563964844 -560.772216796875 
v 1592.3321533203125 -474.3765563964844 -547.87255859375 
v 1584.501953125 -474.3765563964844 -551.1373291015625 
v 1592.1646728515625 -474.3765563964844 -560.772216796875 
v 1581.1522216796875 -474.3765563964844 -559.1000366210938 
v 1592.1646728515625 -474.3765563964844 -560.772216796875 
v 1581.1522216796875 -474.3765563964844 -559.1000366210938 
v 1592.290283203125 -474.3765563964844 -570.4867553710938 
v 1584.418212890625 -474.3765563964844 -567.1423950195312 
v 1602.842041015625 -474.3765563964844 -559.25927734375 
v 1592.1646728515625 -474.3765563964844 -560.772216796875 
v 1599.785400390625 -474.3765563964844 -566.5850219726562 
v 1592.290283203125 -474.3765563964844 -570.4867553710938 
v 1641.8670654296875 -474.3765563964844 -562.1258544921875 
v 1638.6429443359375 -474.3765563964844 -554.08349609375 
v 1602.842041015625 -474.3765563964844 -559.25927734375 
v 1599.869140625 -474.3765563964844 -551.93359375 
v 1638.6429443359375 -474.3765563964844 -554.08349609375 
v 1630.8546142578125 -474.3765563964844 -550.7391357421875 
v 1599.869140625 -474.3765563964844 -551.93359375 
v 1592.3321533203125 -474.3765563964844 -547.87255859375 
v 1630.812744140625 -474.3765563964844 -573.3533325195312 
v 1638.5592041015625 -474.3765563964844 -570.1682739257812 
v 1592.290283203125 -474.3765563964844 -570.4867553710938 
v 1599.785400390625 -474.3765563964844 -566.5850219726562 
v 1607.6573486328125 -307.538330078125 -602.4970092773438 
v 1597.6080322265625 -308.836669921875 -604.248779296875 
v 1606.610595703125 -287.1974792480469 -608.389404296875 
v 1593.7138671875 -289.36138916015625 -611.1763916015625 
v 1603.9307861328125 -275.9450988769531 -608.1505737304688 
v 1588.43798828125 -309.48583984375 -603.213623046875 
v 1581.94775390625 -290.01055908203125 -609.6634521484375 
v 1588.1448974609375 -309.26947021484375 -600.2674560546875 
v 1581.5709228515625 -290.01055908203125 -604.5673217773438 
v 1581.2359619140625 -278.7581787109375 -609.7431030273438 
v 1580.94287109375 -279.4073486328125 -602.8951416015625 
v 1581.864013671875 -267.50579833984375 -608.5487060546875 
v 1581.7802734375 -268.80413818359375 -602.178466796875 
v 1589.9873046875 -265.9910583496094 -611.2560424804688 
v 1591.955322265625 -277.8926086425781 -612.1318969726562 
v 1599.5341796875 -263.39434814453125 -607.5931396484375 
v 1605.940673828125 -274.8631286621094 -603.4525146484375 
v 1608.494873046875 -271.4008483886719 -600.9840698242188 
v 1610.4208984375 -284.3843688964844 -601.8599853515625 
v 1612.933349609375 -282.220458984375 -599.2322998046875 
v 1592.625244140625 -81.40866088867188 -529.7175903320312 
v 1588.5635986328125 -98.28723907470703 -529.7175903320312 
v 1596.1424560546875 -83.57259368896484 -541.1043090820312 
v 1591.6202392578125 -99.15282440185547 -540.1488037109375 
v 1608.0341796875 -89.19877624511719 -546.2800903320312 
v 1604.1820068359375 -102.83148193359375 -545.8023071289062 
v 1620.3028564453125 -98.93643188476562 -540.3080444335938 
v 1616.492431640625 -106.72654724121094 -541.6616821289062 
v 1620.7215576171875 -104.34622192382812 -529.7175903320312 
v 1619.46533203125 -107.80848693847656 -529.7175903320312 
vn -0.0028778088744729757 -0.009202864952385426 0.002650564070791006 
vn -0.00003773920252569951 -0.0012420590501278639 0.009922492317855358 
vn 0.007105825003236532 -0.0014152833027765155 0.0068923309445381165 
vn 0.00817356538027525 0.0009815312223508954 0.0056770965456962585 
vn 0.007728610187768936 0.00019661099941004068 0.006342706736177206 
vn 0.0006037489511072636 0.00010923424270004034 0.009981160052120686 
vn 0.007699991576373577 0.0011553042568266392 0.00627498235553503 
vn 0.007664871402084827 0.0010684585431590676 0.0063330987468361855 
vn 0.009959910064935684 0.0008945280569605529 -1.4573740825252202e-10 
vn 0.00802193395793438 -0.0007638976676389575 0.005921573843806982 
vn 0.009866062551736832 -0.0016311999643221498 2.657567499397828e-10 
vn 0.00802193395793438 -0.0007638995884917676 -0.005921573378145695 
vn 0.007664871402084827 0.0010684564476832747 -0.006333099212497473 
vn -0.00030189042445272207 0.0010250021005049348 -0.00994274765253067 
vn 0.00022643437841907144 0.0014152828371152282 -0.009896751493215561 
vn 0.0006037489511072636 0.0001092309903469868 -0.009981160052120686 
vn 0.007699991576373577 0.0011553021613508463 -0.006274982821196318 
vn 0.00984383374452591 0.001760382205247879 -2.868032200620263e-10 
vn 0.009905431419610977 0.001372016966342926 -2.2353037476552373e-10 
vn 0.00022643437841907144 0.0014152859803289175 0.009896751493215561 
vn -0.00030189042445272207 0.001025005360133946 0.00994274765253067 
vn 0.007728610187768936 0.00019660893303807825 -0.006342706736177206 
vn -0.00003773920252569951 -0.001242062309756875 -0.009922492317855358 
vn 0.00817356538027525 0.0009815293597057462 -0.005677097011357546 
vn 0.007105825003236532 -0.0014152855146676302 -0.006892330478876829 
vn 0.00769350491464138 0.004987380933016539 -0.003991994075477123 
vn 0.005167332477867603 0.006007869262248278 -0.0060995230451226234 
vn 0.008187172003090382 0.002906765788793564 -0.004951861221343279 
vn 0.0013705864548683167 0.00561685673892498 -0.008159192278981209 
vn 0.0013352493988350034 0.00892686378210783 -0.004304439760744572 
vn -0.0028778088744729757 -0.009202865883708 -0.0026505610439926386 
vn 0.009994630701839924 0.0003276457136962563 -5.33803695690338e-11 
vn 0.009460782632231712 0.0032393811270594597 -5.277632220135331e-10 
vn 0.009927896782755852 0.001198693411424756 -1.9529232397896834e-10 
vn 0.00769350491464138 0.004987381864339113 0.003991992678493261 
vn 0.008187172003090382 0.0029067674186080694 0.004951860290020704 
vn 0.005167332477867603 0.006007871590554714 0.006099521182477474 
vn 0.0013705864548683167 0.005616859532892704 0.00815919041633606 
vn 0.0013352493988350034 0.00892686564475298 0.004304436966776848 
vn -0.0038685561157763004 0.005287248641252518 0.007555082906037569 
vn 0.003489876165986061 0.004251467529684305 0.008351393975317478 
vn -0.0006031204247847199 0.0014585264725610614 0.009874662384390831 
vn 0.007730085868388414 -0.000021845908122486435 0.0063439179211854935 
vn -0.0006978618330322206 0.002017818856984377 0.009769411757588387 
vn 0.007773616351187229 -0.0003276446950621903 0.00628200126811862 
vn -0.00037704745773226023 0.002231295919045806 0.009740592911839485 
vn 0.008356395177543163 0.000021847836251254193 0.005492739845067263 
vn -0.000037733781937276945 0.0015880775172263384 0.009873023256659508 
vn 0.00852604117244482 -0.0007638977840542793 0.005169437266886234 
vn -0.0003020234580617398 0.0009815319208428264 0.009947129525244236 
vn 0.008665341883897781 -0.0004149721935391426 0.004973895847797394 
vn 0.0004336239071562886 0.0026549543254077435 0.009631365537643433 
vn 0.008910495787858963 0.0018033775268122554 0.0041654398664832115 
vn 0.008837602101266384 0.0016742936568334699 0.0043696146458387375 
vn 0.00028285992448218167 0.002060594502836466 0.0097813056781888 
vn 0.000150971463881433 0.0002839739026967436 0.009994827210903168 
vn 0.008786122314631939 0.001111891702748835 0.0046441094018518925 
vn 0.0001510291185695678 0.00006554203719133511 0.009998644702136517 
vn 0.008690409362316132 0.0017173548694700003 0.004639770835638046 
vn 0.00022641615942120552 -0.00032764411298558116 0.009992065839469433 
vn 0.008667076006531715 0.0021460263524204493 0.0045029292814433575 
vn 0.0041516548953950405 -0.009097144939005375 0.00007562032260466367 
vn 0.006114261224865913 0.000938036828301847 -0.007857219316065311 
vn -0.00030207770760171115 -0.0013720185961574316 -0.009900824166834354 
vn -0.00041495036566630006 -0.0015880775172263384 -0.009864372201263905 
vn 0.006673031486570835 0.0004586240102071315 -0.007433727849274874 
vn -0.0008485421421937644 -0.0017603838350623846 -0.009807192720472813 
vn 0.007070241030305624 -0.000152923894347623 -0.007070241030305624 
vn -0.0010923573281615973 -0.0018463386222720146 -0.009767179377377033 
vn 0.007163054309785366 -0.0004586263676173985 -0.006962780840694904 
vn 0.007260356098413467 -0.0010684586595743895 -0.006793057080358267 
vn -0.0009050916996784508 -0.0027391035109758377 -0.009574869647622108 
vn 0.007114720996469259 -0.0034862675238400698 -0.006101367529481649 
vn -0.0008489622850902379 -0.003972683101892471 -0.009137672372162342 
vn -0.0005472211632877588 -0.0029485474806278944 -0.009539739228785038 
vn 0.0074745421297848225 -0.003198013175278902 -0.005822707898914814 
vn -0.000037769008486066014 -0.002273866906762123 -0.009737972170114517 
vn 0.007799869403243065 -0.002401315374299884 -0.005778903141617775 
vn 0.0003964979259762913 -0.0036901829298585653 -0.0092857601121068 
vn 0.00785304419696331 -0.0037307569291442633 -0.0049407645128667355 
vn -0.0028778088744729757 -0.009202864952385426 0.002650564070791006 
vn 0.007105825003236532 -0.0014152833027765155 0.0068923309445381165 
vn 0.005851236637681723 0.005867243744432926 0.005598078481853008 
vn 0.0004328658105805516 0.008805660530924797 0.004719424992799759 
vn 0.005167332477867603 0.006007871590554714 0.006099521182477474 
vn 0.0013352493988350034 0.00892686564475298 0.004304436966776848 
vn 0.0004328658105805516 0.008805660530924797 0.004719424992799759 
vn -0.005770555697381496 0.007276513148099184 0.0037085097283124924 
vn -0.0038685561157763004 0.005287248641252518 0.007555082906037569 
vn -0.008656210266053677 0.0018033775268122554 0.004670958966016769 
vn -0.0060714129358530045 0.007482878398150206 0.002672914182767272 
vn -0.009850281290709972 -0.0011118907714262605 0.0013174399500712752 
vn -0.007830511778593063 -0.0031980129424482584 -0.005334397777915001 
vn 0.0003964979259762913 -0.0036901829298585653 -0.0092857601121068 
vn -0.000037769008486066014 -0.002273866906762123 -0.009737972170114517 
vn -0.007953344844281673 -0.0018892630469053984 -0.005759773310273886 
vn -0.0005472211632877588 -0.0029485474806278944 -0.009539739228785038 
vn 0.0013352493988350034 0.00892686564475298 0.004304436966776848 
vn -0.0028778088744729757 -0.009202864952385426 0.002650564070791006 
vn -0.0006031204247847199 0.0014585264725610614 0.009874662384390831 
vn -0.008368344977498055 0.0007203261484391987 0.00542696425691247 
vn -0.00854192953556776 0.0009815311059355736 0.005106078926473856 
vn -0.008190917782485485 -0.002060593804344535 -0.005353767424821854 
vn -0.0008489622850902379 -0.003972683101892471 -0.009137672372162342 
vn -0.008174082264304161 -0.0025706016458570957 -0.0051552290096879005 
vn -0.0009050916996784508 -0.0027391035109758377 -0.009574869647622108 
vn -0.0006978618330322206 0.002017818856984377 0.009769411757588387 
vn -0.00037704745773226023 0.002231295919045806 0.009740592911839485 
vn -0.008570336736738682 0.0006767389131709933 0.005107969045639038 
vn -0.000037733781937276945 0.0015880775172263384 0.009873023256659508 
vn -0.008639868348836899 0.0005022694240324199 0.0050100297667086124 
vn -0.0003020234580617398 0.0009815319208428264 0.009947129525244236 
vn 0.0004336239071562886 0.0026549543254077435 0.009631365537643433 
vn -0.00830495823174715 0.0021033301018178463 0.005157874897122383 
vn -0.008472161367535591 -0.001068458310328424 -0.0052039287984371185 
vn -0.008617943152785301 -0.0011553040239959955 -0.004939262755215168 
vn -0.0010923573281615973 -0.0018463386222720146 -0.009767179377377033 
vn -0.0008485421421937644 -0.0017603838350623846 -0.009807192720472813 
vn -0.008343154564499855 -0.002654953394085169 -0.004831458441913128 
vn -0.00041495036566630006 -0.0015880775172263384 -0.009864372201263905 
vn -0.008264449425041676 0.001111891819164157 0.005519290920346975 
vn 0.00028285992448218167 0.002060594502836466 0.0097813056781888 
vn -0.007850836962461472 -0.0013720160350203514 0.0060400268994271755 
vn 0.000150971463881433 0.0002839739026967436 0.009994827210903168 
vn -0.00791675504297018 -0.0030319360084831715 -0.005303994286805391 
vn -0.00030207770760171115 -0.0013720185961574316 -0.009900824166834354 
vn -0.007543710991740227 -0.004448178689926863 -0.004827641882002354 
vn 0.0041516548953950405 -0.009097144939005375 0.00007562032260466367 
vn -0.006844791583716869 -0.003115091472864151 0.0065912846475839615 
vn 0.00022641615942120552 -0.00032764411298558116 0.009992065839469433 
vn 0.0001510291185695678 0.00006554203719133511 0.009998644702136517 
vn -0.007637348957359791 -0.0019750017672777176 0.006145752500742674 
vn -0.0000188645462912973 -0.0006331364274956286 0.009979918599128723 
vn 0.00005660851820721291 -0.0005895242793485522 0.009982448071241379 
vn -0.006469501182436943 -0.001068456331267953 0.0075500961393117905 
vn -0.006341374479234219 -0.0002839710214175284 0.007726986892521381 
vn -0.009992551989853382 -0.00024029336054809391 0.00030194310238584876 
vn -0.00015102335601113737 -0.0001092309903469868 0.009998262859880924 
vn -0.0067398990504443645 -0.00032764452043920755 0.007380136288702488 
vn -0.00024528021458536386 0.0005895275389775634 0.009979593567550182 
vn -0.00622573122382164 -0.00015292147872969508 0.007824121974408627 
vn -0.00030189042445272207 0.001025005360133946 0.00994274765253067 
vn -0.008440302684903145 0.0005895267822779715 0.005330454558134079 
vn -0.009695448912680149 -0.001932150567881763 0.0015050123911350965 
vn -0.009970494545996189 -0.000763898657169193 -0.00007547898712800816 
vn -0.009854210540652275 -0.001674292958341539 0.00030212331330403686 
vn -0.006568847689777613 -0.0004149742308072746 -0.007528481539338827 
vn -0.006595087703317404 -0.001889263279736042 -0.007275678683072329 
vn 0.00009442966256756335 -0.0008074591169133782 -0.009966899640858173 
vn 0.0001888689148472622 -0.00180337845813483 -0.009834233671426773 
vn -0.006580320652574301 -0.0011118921684101224 -0.0074473535642027855 
vn 0.00003775948061957024 -0.0011986949248239398 -0.009927824139595032 
vn -0.006715128198266029 -0.0024437077809125185 -0.00699537992477417 
vn 0.000018870825442718342 -0.002146027283743024 -0.009766995906829834 
vn -0.007002667989581823 -0.006317509338259697 -0.003324413439258933 
vn -0.0005094566731713712 -0.007980948314070702 -0.0060037425719201565 
vn -0.009680679067969322 -0.0022738652769476175 0.0010554578620940447 
vn -0.009727943688631058 -0.0023163927253335714 -0.000037776375393150374 
vn -0.009970780462026596 0.000763898657169193 -1.244530728472526e-10 
vn -0.008440302684903145 0.0005895250360481441 -0.005330455023795366 
vn -0.009680679067969322 -0.002273865509778261 -0.001055457047186792 
vn -0.004854104481637478 -0.008742782287299633 -0.0000378395889129024 
vn -0.007002667989581823 -0.006317508406937122 0.003324415534734726 
vn -0.0005094566731713712 -0.007980945520102978 0.00600374536588788 
vn 0.000018870825442718342 -0.0021460240241140127 0.009766996838152409 
vn -0.006715128198266029 -0.002443705452606082 0.0069953808560967445 
vn 0.00003775948061957024 -0.0011986917816102505 0.009927825070917606 
vn -0.0006985333748161793 -0.009975573047995567 1.6252303947084101e-9 
vn -0.009695448912680149 -0.0019321511499583721 -0.0015050116926431656 
vn -0.00622573122382164 -0.00015292402531486005 -0.007824121974408627 
vn -0.00030189042445272207 0.0010250021005049348 -0.00994274765253067 
vn -0.00024528021458536386 0.0005895242793485522 -0.009979593567550182 
vn -0.0067398990504443645 -0.00032764693605713546 -0.007380136288702488 
vn -0.00015102335601113737 -0.00010923424997599795 -0.009998262859880924 
vn -0.006469501182436943 -0.0010684587759897113 -0.007550095673650503 
vn -0.0000188645462912973 -0.0006331396871246397 -0.009979918599128723 
vn 0.00005660851820721291 -0.0005895275389775634 -0.009982447139918804 
vn -0.006341374479234219 -0.0002839735534507781 -0.007726986892521381 
vn -0.009992551989853382 -0.00024029346241150051 -0.0003019430150743574 
vn -0.009854210540652275 -0.0016742930747568607 -0.00030212278943508863 
vn -0.006568847689777613 -0.0004149717860855162 0.007528481539338827 
vn -0.009970494545996189 -0.000763898657169193 0.00007547923451056704 
vn -0.006580320652574301 -0.001111889723688364 0.0074473535642027855 
vn 0.0001888689148472622 -0.0018033751985058188 0.009834234602749348 
vn -0.006595087703317404 -0.0018892608350142837 0.007275679614394903 
vn 0.00009442966256756335 -0.0008074558572843671 0.009966899640858173 
vn 0.006376800127327442 -0.0014585236785933375 0.007563671562820673 
vn 0.00005660851820721291 -0.0005895242793485522 0.009982448071241379 
vn 0.006454503163695335 -0.0009815290104597807 0.0075746942311525345 
vn -0.00015102335601113737 0.00010923424997599795 0.009998262859880924 
vn 3.0978391984330493e-15 -0.00006553877756232396 0.00999978557229042 
vn 0.009773670695722103 -0.0021033291704952717 0.00022664532298222184 
vn 0.009905143640935421 -0.001372016966342926 0.00007553063187515363 
vn 0.006571703124791384 -0.0016312012448906898 -0.007358797360211611 
vn 0.006615244783461094 -0.0005022698314860463 -0.007482396904379129 
vn 0.00009442966256756335 -0.0008074591169133782 -0.009966899640858173 
vn -0.00009432138904230669 0.0006331364274956286 -0.009979491122066975 
vn 0.006727632135152817 -0.0005022698314860463 -0.0073815095238387585 
vn -1.0341130909078582e-15 0.000021845313312951475 -0.009999976493418217 
vn 0.00557588180527091 0.004132458008825779 -0.007199468091130257 
vn -0.000678952201269567 0.00024029177438933402 -0.00997402984648943 
vn 0.008097517304122448 0.0058672428131103516 -0.00007537824421888217 
vn 0.009947329759597778 -0.0010250037303194404 1.6699462646041496e-10 
vn 0.006655198987573385 -0.0007203240529634058 0.007428960874676704 
vn -0.0009420904680155218 0.0007639002869836986 0.009926173835992813 
vn 0.005412535276263952 0.0049873823300004005 0.006769821047782898 
vn 0.0001888689148472622 -0.00180337845813483 -0.009834233671426773 
vn 0.006696801632642746 -0.0018033779924735427 -0.007204212248325348 
vn 0.00009442966256756335 -0.0008074591169133782 -0.009966899640858173 
vn 0.006571703124791384 -0.0016312012448906898 -0.007358797360211611 
vn 0.009773670695722103 -0.0021033291704952717 0.00022664532298222184 
vn 0.00003775948061957024 -0.0011986949248239398 -0.009927824139595032 
vn 0.006608564406633377 -0.0011118921684101224 -0.007422302849590778 
vn 0.000018870825442718342 -0.002146027283743024 -0.009766995906829834 
vn 0.0070257531479001045 -0.002697054063901305 -0.006585186813026667 
vn -0.0005094566731713712 -0.007980948314070702 -0.0060037425719201565 
vn 0.007163322996348143 -0.006112139672040939 -0.003365791402757168 
vn 0.0047776661813259125 -0.008784867823123932 1.4312394602811196e-9 
vn -0.0006985333748161793 -0.009975573047995567 1.6252303947084101e-9 
vn -0.0005094566731713712 -0.007980945520102978 0.00600374536588788 
vn 0.007163322996348143 -0.006112138740718365 0.003365793265402317 
vn 0.0070257531479001045 -0.0026970519684255123 0.006585187744349241 
vn 0.000018870825442718342 -0.0021460240241140127 0.009766996838152409 
vn 0.006608564406633377 -0.001111889723688364 0.007422303315252066 
vn 0.00003775948061957024 -0.0011986917816102505 0.009927825070917606 
vn 0.006696801632642746 -0.0018033756641671062 0.007204212713986635 
vn 0.0001888689148472622 -0.0018033751985058188 0.009834234602749348 
vn 0.00009442966256756335 -0.0008074558572843671 0.009966899640858173 
vn 0.006571703124791384 -0.0016311988001689315 0.007358797825872898 
vn 0.009773670695722103 -0.0021033294033259153 -0.0002266446390422061 
vn 0.009885856881737709 -0.0014585249591618776 -0.00037755051744170487 
vn 0.006376800127327442 -0.001458526123315096 -0.007563671097159386 
vn 0.009976789355278015 -0.0006767380982637405 -0.00007552665192633867 
vn 0.009650574065744877 -0.002146025886759162 -0.0015036625554785132 
vn 0.009134369902312756 -0.004012742079794407 -0.0006791158230043948 
vn 0.009159579873085022 -0.00401274161413312 6.537598795652855e-10 
vn 0.009866062551736832 -0.0016311999643221498 2.657567499397828e-10 
vn 0.009134369902312756 -0.00401274161413312 0.0006791171035729349 
vn 0.00802193395793438 -0.0007638995884917676 -0.005921573378145695 
vn 0.00613588560372591 -0.0006767393788322806 -0.007867205888032913 
vn 0.006573240272700787 -0.00019661118858493865 -0.007533515803515911 
vn 0.006412589456886053 -0.0008510021143592894 -0.007625909522175789 
vn 0.00005660851820721291 -0.0005895275389775634 -0.009982447139918804 
vn -0.0000188645462912973 -0.0006331396871246397 -0.009979918599128723 
vn -0.00015102335601113737 -0.00010923424997599795 -0.009998262859880924 
vn -0.00024528021458536386 0.0005895242793485522 -0.009979593567550182 
vn -0.00030189042445272207 0.0010250021005049348 -0.00994274765253067 
vn 0.00802193395793438 -0.0007638976676389575 0.005921573843806982 
vn 0.00613588560372591 -0.0006767368176952004 0.007867206819355488 
vn 0.009650574065744877 -0.0021460254210978746 0.0015036632539704442 
vn 0.006573240272700787 -0.00019660872931126505 0.007533515803515911 
vn -0.00015102335601113737 -0.0001092309903469868 0.009998262859880924 
vn -0.0000188645462912973 -0.0006331364274956286 0.009979918599128723 
vn -0.00030189042445272207 0.001025005360133946 0.00994274765253067 
vn -0.00024528021458536386 0.0005895275389775634 0.009979593567550182 
vn 0.009976789355278015 -0.0006767380982637405 0.00007552687748102471 
vn 0.006412589456886053 -0.0008509996114298701 0.007625909522175789 
vn 0.00005660851820721291 -0.0005895242793485522 0.009982448071241379 
vn 0.006376800127327442 -0.0014585236785933375 0.007563671562820673 
vn 0.009885856881737709 -0.0014585248427465558 0.0003775509831029922 
vn -0.006568847689777613 -0.0004149742308072746 -0.007528481539338827 
vn -0.006603879388421774 0.001328722108155489 -0.007390756160020828 
vn 0.00009442966256756335 -0.0008074591169133782 -0.009966899640858173 
vn -0.00009432138904230669 0.0006331364274956286 -0.009979491122066975 
vn -1.0341130909078582e-15 0.000021845313312951475 -0.009999976493418217 
vn -0.009992551989853382 -0.00024029336054809391 0.00030194310238584876 
vn -0.009872807189822197 0.0015880758874118328 -0.00007546727283624932 
vn -0.006341374479234219 -0.0002839710214175284 0.007726986892521381 
vn -0.006675399374216795 0.0010684586595743895 0.007368679624050856 
vn 0.00005660851820721291 -0.0005895242793485522 0.009982448071241379 
vn -0.00015102335601113737 0.00010923424997599795 0.009998262859880924 
vn -0.006795440334826708 0.000327646906953305 0.00732902716845274 
vn 3.0978391984330493e-15 -0.00006553877756232396 0.00999978557229042 
vn -0.007066191639751196 -0.0003713117621373385 0.007066191639751196 
vn -0.0009420904680155218 0.0007639002869836986 0.009926173835992813 
vn -0.00997986551374197 -0.0006331380573101342 -0.00003772892523556948 
vn -0.009991385973989964 0.0004149730084463954 -6.760575432807059e-11 
vn -0.006796348839998245 0.0002839710796251893 -0.007330006919801235 
vn -0.000678952201269567 0.00024029177438933402 -0.00997402984648943 
vn -0.00702533358708024 -0.0005895270151086152 -0.0070920479483902454 
vn 0.009858841076493263 -0.001674292958341539 2.7277749503618054e-10 
vn 0.005662466865032911 -0.001068456214852631 0.00817281287163496 
vn 0.005098396446555853 -0.003031933680176735 0.008050696924328804 
vn 0.0007733551901765168 -0.0038116895593702793 0.009212651289999485 
vn -0.0021171770058572292 -0.001458523329347372 0.00966386403888464 
vn 0.005861581768840551 -0.0003713115875143558 0.0080934539437294 
vn 0.004714705515652895 0.005250111222267151 0.007085752207785845 
vn 0.008014109916985035 0.001717354985885322 0.005729286931455135 
vn 0.009663954377174377 0.002570600714534521 -4.188048519093712e-10 
vn 0.009985088370740414 -0.0005459024687297642 8.893897424089303e-11 
vn 0.006198228802531958 0.007847417145967484 -1.2785090763856033e-9 
vn -0.0006113334093242884 0.00998129602521658 -1.6261626489821879e-9 
vn -0.0007903113146312535 0.007336178328841925 0.006749510765075684 
vn -0.005556583870202303 0.005616859067231417 0.006129866931587458 
vn 0.000056631066399859264 0.002017818856984377 0.009794141165912151 
vn -0.006929486524313688 0.001631201128475368 0.007022919598966837 
vn -0.007662803400307894 -0.003239380195736885 0.005548681132495403 
vn -0.009828073903918266 0.001846336992457509 -3.00805047537267e-10 
vn -0.00935729406774044 -0.003527185646817088 5.7465454617045e-10 
vn -0.007273812312632799 -0.002316391794010997 0.0064595649018883705 
vn -0.009629354812204838 -0.002697052899748087 0.00003776781159103848 
vn -0.006891201250255108 0.007246471010148525 -1.1806008393122625e-9 
vn -0.0021520014852285385 -0.003031933680176735 0.009283117949962616 
vn 0.002417368581518531 -0.005796253215521574 0.007782016880810261 
vn 0.003550287801772356 -0.007063338533043861 0.00612410856410861 
vn 0.005562512204051018 -0.00831014197319746 1.3538965504267253e-9 
vn 0.005119344685226679 -0.008590245619416237 1.3995313796755227e-9 
vn 0.009858841076493263 -0.001674292958341539 2.7277749503618054e-10 
vn 0.009858841076493263 -0.001674292958341539 2.7277749503618054e-10 
vn -0.00030189042445272207 0.001025005360133946 0.00994274765253067 
vn -0.008440302684903145 0.0005895267822779715 0.005330454558134079 
vn 0.00022643437841907144 0.0014152859803289175 0.009896751493215561 
vn -0.00811387412250042 0.0014152853982523084 0.005671156570315361 
vn -0.008279208093881607 -0.0005022677360102534 0.0055859144777059555 
vn 0.0006037489511072636 0.00010923424270004034 0.009981160052120686 
vn -0.00003773920252569951 -0.0012420590501278639 0.009922492317855358 
vn -0.0080734733492136 -0.0018463360611349344 0.005604468751698732 
vn -0.0028778088744729757 -0.009202864952385426 0.002650564070791006 
vn -0.009850281290709972 -0.0011118907714262605 0.0013174399500712752 
vn -0.009970780462026596 0.000763898657169193 -1.244530728472526e-10 
vn -0.009982536546885967 0.0005895259091630578 0.00003773902790271677 
vn -0.00811387412250042 0.0014152835356071591 -0.005671157035976648 
vn -0.008440302684903145 0.0005895250360481441 -0.005330455023795366 
vn 0.00022643437841907144 0.0014152828371152282 -0.009896751493215561 
vn -0.00030189042445272207 0.0010250021005049348 -0.00994274765253067 
vn -0.008279208093881607 -0.0005022695404477417 -0.005585914012044668 
vn 0.0006037489511072636 0.0001092309903469868 -0.009981160052120686 
vn -0.00003773920252569951 -0.001242062309756875 -0.009922492317855358 
vn -0.0080734733492136 -0.0018463379237800837 -0.005604468286037445 
vn -0.0028778088744729757 -0.009202865883708 -0.0026505610439926386 
vn -0.009850281290709972 -0.0011118912370875478 -0.0013174396008253098 
vn -0.009932967834174633 -0.0011553032090887427 -0.00003773317075683735 
vn -0.009970780462026596 0.000763898657169193 -1.244530728472526e-10 
vn -0.0060714129358530045 0.007482878398150206 0.002672914182767272 
vn -0.0060714129358530045 0.007482877466827631 -0.002672916743904352 
vn -0.009974023327231407 -0.000720325275324285 1.1735817873059773e-10 
vn 0.0013352493988350034 0.00892686378210783 -0.004304439760744572 
vn 0.0013705864548683167 0.00561685673892498 -0.008159192278981209 
vn -0.005057159811258316 0.006969944573938847 -0.00508379889652133 
vn -0.007914564572274685 0.006112139206379652 -0.00003773168646148406 
vn -0.00740987341850996 0.006715083494782448 0.00003772824857151136 
vn -0.005057159811258316 0.006969946436583996 0.005083796568214893 
vn 0.0013705864548683167 0.005616859532892704 0.00815919041633606 
vn 0.0013352493988350034 0.00892686564475298 0.004304436966776848 
vn -0.0038685561157763004 0.005287245847284794 -0.007555084303021431 
vn 0.003489876165986061 0.004251464735716581 -0.008351395837962627 
vn -0.0006031204247847199 0.001458523329347372 -0.009874662384390831 
vn 0.007730085868388414 -0.000021847974494448863 -0.0063439179211854935 
vn -0.0006978618330322206 0.0020178155973553658 -0.009769411757588387 
vn 0.007773616351187229 -0.0003276467614341527 -0.00628200126811862 
vn -0.00037704745773226023 0.0022312928922474384 -0.00974059384316206 
vn 0.008356395177543163 0.000021846046365681104 -0.005492739845067263 
vn -0.000037733781937276945 0.0015880742575973272 -0.009873024187982082 
vn 0.00852604117244482 -0.0007638994720764458 -0.005169436801224947 
vn -0.0003020234580617398 0.0009815286612138152 -0.009947129525244236 
vn 0.008665341883897781 -0.0004149738233536482 -0.0049738953821361065 
vn 0.0004336239071562886 0.0026549510657787323 -0.009631365537643433 
vn 0.008910495787858963 0.0018033761298283935 -0.004165440332144499 
vn 0.008837602101266384 0.001674292259849608 -0.004369615111500025 
vn 0.00035825904342345893 0.0020605912432074547 -0.009778834879398346 
vn 0.00009439533459953964 0.0008509992039762437 -0.00996327679604292 
vn 0.00882677361369133 0.0013287225738167763 -0.004508055746555328 
vn 0.00003775948061957024 0.0011986917816102505 -0.009927825070917606 
vn 0.007419699337333441 0.0036495353560894728 -0.005623962264508009 
vn 0.006810442078858614 -0.0008074563229456544 0.0072777667082846165 
vn 0.005213234573602676 0.001760383602231741 0.00835004448890686 
vn -0.00041516535566188395 -0.0024860508274286985 0.00967714749276638 
vn -0.0005094378138892353 -0.001631198450922966 0.009852901101112366 
vn -0.001017302623949945 -0.0018463354790583253 0.009775281883776188 
vn 0.007108710240572691 -0.0005022675031796098 0.007015266455709934 
vn 0.007260356098413467 -0.0010684564476832747 0.006793057546019554 
vn 0.007114720996469259 -0.003486265428364277 0.006101368460804224 
vn -0.0009050916996784508 -0.00273910048417747 0.009574870578944683 
vn -0.0008489622850902379 -0.0039726803079247475 0.009137673303484917 
vn -0.0005472211632877588 -0.0029485442209988832 0.009539740160107613 
vn 0.0074745421297848225 -0.003198011079803109 0.005822709295898676 
vn -0.000037769008486066014 -0.002273863647133112 0.009737973101437092 
vn 0.007799869403243065 -0.0024013135116547346 0.005778903607279062 
vn 0.0003964979259762913 -0.003690179903060198 0.009285761043429375 
vn 0.00785304419696331 -0.0037307552993297577 0.00494076544418931 
vn -0.0028778088744729757 -0.009202865883708 -0.0026505610439926386 
vn 0.007105825003236532 -0.0014152855146676302 -0.006892330478876829 
vn 0.005851236637681723 0.005867241881787777 -0.0055980803444981575 
vn 0.0004328658105805516 0.008805658668279648 -0.00471942825242877 
vn 0.005167332477867603 0.006007869262248278 -0.0060995230451226234 
vn 0.0013352493988350034 0.00892686378210783 -0.004304439760744572 
vn 0.0004328658105805516 0.008805658668279648 -0.00471942825242877 
vn -0.005770555697381496 0.007276511751115322 -0.0037085122894495726 
vn -0.0038685561157763004 0.005287245847284794 -0.007555084303021431 
vn -0.008656210266053677 0.0018033760134130716 -0.004670959431678057 
vn -0.0060714129358530045 0.007482877466827631 -0.002672916743904352 
vn -0.009850281290709972 -0.0011118912370875478 -0.0013174396008253098 
vn -0.007830511778593063 -0.003198011312633753 0.0053343987092375755 
vn 0.0003964979259762913 -0.003690179903060198 0.009285761043429375 
vn -0.000037769008486066014 -0.002273863647133112 0.009737973101437092 
vn -0.007953344844281673 -0.0018892610678449273 0.00575977424159646 
vn -0.0005472211632877588 -0.0029485442209988832 0.009539740160107613 
vn 0.0013352493988350034 0.00892686378210783 -0.004304439760744572 
vn -0.0028778088744729757 -0.009202865883708 -0.0026505610439926386 
vn -0.0006031204247847199 0.001458523329347372 -0.009874662384390831 
vn -0.008368344977498055 0.0007203244022093713 -0.00542696425691247 
vn -0.00854192953556776 0.0009815293597057462 -0.005106078926473856 
vn -0.008190917782485485 -0.0020605919416993856 0.005353768356144428 
vn -0.0008489622850902379 -0.0039726803079247475 0.009137673303484917 
vn -0.008174082264304161 -0.00257060001604259 0.005155229941010475 
vn -0.0009050916996784508 -0.00273910048417747 0.009574870578944683 
vn -0.0006978618330322206 0.0020178155973553658 -0.009769411757588387 
vn -0.00037704745773226023 0.0022312928922474384 -0.00974059384316206 
vn -0.008570336736738682 0.0006767372833564878 -0.005107969045639038 
vn -0.000037733781937276945 0.0015880742575973272 -0.009873024187982082 
vn -0.008639868348836899 0.0005022677942179143 -0.0050100297667086124 
vn -0.0003020234580617398 0.0009815286612138152 -0.009947129525244236 
vn 0.0004336239071562886 0.0026549510657787323 -0.009631365537643433 
vn -0.00830495823174715 0.0021033284720033407 -0.005157875828444958 
vn -0.008472161367535591 -0.0010684566805139184 0.005203929264098406 
vn -0.008580168709158897 -0.00115530239418149 0.005004595499485731 
vn -0.001017302623949945 -0.0018463354790583253 0.009775281883776188 
vn -0.00041516535566188395 -0.0024860508274286985 0.00967714749276638 
vn -0.008031407371163368 -0.002697052201256156 0.0053124758414924145 
vn -0.0005094378138892353 -0.001631198450922966 0.009852901101112366 
vn -0.008102263323962688 -0.0011986924801021814 0.00573728745803237 
vn -0.00790091697126627 -0.0008074584766291082 -0.00607647281140089 
vn -0.0077746557071805 0.00028397125424817204 -0.006282840855419636 
vn 0.00009439533459953964 0.0008509992039762437 -0.00996327679604292 
vn 0.00003775948061957024 0.0011986917816102505 -0.009927825070917606 
vn 0.00035825904342345893 0.0020605912432074547 -0.009778834879398346 
vn -0.008264449425041676 0.0011118900729343295 -0.005519291386008263 
vn 0.006376800127327442 -0.001458526123315096 -0.007563671097159386 
vn 0.00005660851820721291 -0.0005895275389775634 -0.009982447139918804 
vn 0.006454503163695335 -0.000981531455181539 -0.007574693765491247 
vn -0.00015102335601113737 0.0001092309903469868 -0.009998262859880924 
vn -1.0340932915127161e-15 -0.00006554203719133511 -0.00999978557229042 
vn 0.009773670695722103 -0.0021033294033259153 -0.0002266446390422061 
vn 0.009905143640935421 -0.001372016966342926 -0.00007553018804173917 
vn 0.006571703124791384 -0.0016311988001689315 0.007358797825872898 
vn 0.006615244783461094 -0.000502267386764288 0.007482396904379129 
vn 0.00009442966256756335 -0.0008074558572843671 0.009966899640858173 
vn -0.00009432138904230669 0.0006331396871246397 0.009979491122066975 
vn 0.006727632135152817 -0.0005022674449719489 0.0073815095238387585 
vn 3.097898490739357e-15 0.000021848571122973226 0.009999976493418217 
vn 0.00557588180527091 0.0041324603371322155 0.007199466694146395 
vn -0.000678952201269567 0.00024029503401834518 0.00997402984648943 
vn 0.008097517304122448 0.0058672428131103516 0.00007537633064202964 
vn 0.009947329759597778 -0.0010250037303194404 1.6699462646041496e-10 
vn 0.006655198987573385 -0.0007203264976851642 -0.007428960874676704 
vn -0.0009420904680155218 0.0007638970273546875 -0.009926173835992813 
vn 0.005412535276263952 0.004987380467355251 -0.00676982244476676 
vn -0.006568847689777613 -0.0004149717860855162 0.007528481539338827 
vn 0.00009442966256756335 -0.0008074558572843671 0.009966899640858173 
vn -0.006603879388421774 0.0013287244364619255 0.007390755694359541 
vn -0.00009432138904230669 0.0006331396871246397 0.009979491122066975 
vn 3.097898490739357e-15 0.000021848571122973226 0.009999976493418217 
vn -0.009992551989853382 -0.00024029346241150051 -0.0003019430150743574 
vn -0.009872807189822197 0.0015880758874118328 0.00007546675624325871 
vn -0.006341374479234219 -0.0002839735534507781 -0.007726986892521381 
vn -0.006675399374216795 0.001068456331267953 -0.007368679624050856 
vn 0.00005660851820721291 -0.0005895275389775634 -0.009982447139918804 
vn -0.00015102335601113737 0.0001092309903469868 -0.009998262859880924 
vn -0.006795440334826708 0.00032764452043920755 -0.00732902716845274 
vn -1.0340932915127161e-15 -0.00006554203719133511 -0.00999978557229042 
vn -0.007066191639751196 -0.0003713140613399446 -0.007066191174089909 
vn -0.0009420904680155218 0.0007638970273546875 -0.009926173835992813 
vn -0.00997986551374197 -0.0006331380573101342 0.00003772913260036148 
vn -0.009991385973989964 0.0004149730084463954 -6.760575432807059e-11 
vn -0.006796348839998245 0.00028397346613928676 0.007330006919801235 
vn -0.000678952201269567 0.00024029503401834518 0.00997402984648943 
vn -0.00702533358708024 -0.0005895247450098395 0.0070920479483902454 
vn 0.009858841076493263 -0.001674292958341539 2.7277749503618054e-10 
vn 0.005662466865032911 -0.0010684588924050331 -0.008172811940312386 
vn 0.005098396446555853 -0.0030319364741444588 -0.00805069599300623 
vn 0.0007733551901765168 -0.003811692586168647 -0.00921265035867691 
vn 0.003550287801772356 -0.007063340395689011 -0.006124106235802174 
vn 0.002417368581518531 -0.0057962555438280106 -0.0077820150181651115 
vn 0.005562512204051018 -0.00831014197319746 1.3538965504267253e-9 
vn 0.005119344685226679 -0.008590245619416237 1.3995313796755227e-9 
vn 0.009858841076493263 -0.001674292958341539 2.7277749503618054e-10 
vn -0.0021520014852285385 -0.0030319367069751024 -0.009283117018640041 
vn -0.0021171770058572292 -0.0014585264725610614 -0.009663863107562065 
vn -0.007273812312632799 -0.0023163938894867897 -0.006459563970565796 
vn -0.007662803400307894 -0.0032393818255513906 -0.005548679735511541 
vn -0.00935729406774044 -0.003527185646817088 5.7465454617045e-10 
vn -0.009828073903918266 0.001846336992457509 -3.00805047537267e-10 
vn -0.006929486524313688 0.0016311989165842533 -0.007022920064628124 
vn -0.006891201250255108 0.007246471010148525 -1.1806008393122625e-9 
vn -0.005556583870202303 0.0056168572045862675 -0.006129868794232607 
vn -0.0006113334093242884 0.00998129602521658 -1.6261626489821879e-9 
vn -0.0007903113146312535 0.007336176000535488 -0.00674951309338212 
vn 0.004714705515652895 0.005250108893960714 -0.007085754070430994 
vn 0.000056631066399859264 0.0020178155973553658 -0.009794142097234726 
vn -0.009629354812204838 -0.002697052899748087 0.00003776781159103848 
vn 0.006198228802531958 0.007847417145967484 -1.2785090763856033e-9 
vn 0.009663954377174377 0.002570600714534521 -4.188048519093712e-10 
vn 0.008014109916985035 0.0017173531232401729 -0.005729287397116423 
vn 0.009985088370740414 -0.0005459024687297642 8.893897424089303e-11 
vn 0.005861581768840551 -0.00037131423596292734 -0.0080934539437294 
vn 0.009858841076493263 -0.001674292958341539 2.7277749503618054e-10 
vn -0.0009420904680155218 0.0007639002869836986 0.009926173835992813 
vn 0.002035396406427026 0.005250111222267151 0.008263987489044666 
vn 0.005412535276263952 0.0049873823300004005 0.006769821047782898 
vn 0.005705246701836586 0.006485339719802141 0.005038901697844267 
vn 0.008097517304122448 0.0058672428131103516 -0.00007537824421888217 
vn 0.007750248536467552 0.00631750887259841 -0.0001507824199507013 
vn 0.006492639891803265 0.0034862675238400698 0.00675955368205905 
vn 0.00960282701998949 0.002781098475679755 0.00022630269813816994 
vn 0.005987964104861021 0.0059377821162343025 -0.005374664906412363 
vn 0.006874616723507643 0.0025283496361225843 -0.006807870231568813 
vn 0.0027308210264891386 0.004211876075714827 -0.008648856543004513 
vn 0.002298931125551462 0.0018033753149211407 -0.00956361647695303 
vn 0.0014839832438156009 0.0026549543254077435 0.009526227600872517 
vn 0.00557588180527091 0.004132458008825779 -0.007199468091130257 
vn -0.000678952201269567 0.00024029177438933402 -0.00997402984648943 
vn -2.068231052255163e-15 -0.009999999776482582 1.629209989140179e-9 
vn -2.068231052255163e-15 -0.009999999776482582 1.629209989140179e-9 
vn -2.068231052255163e-15 -0.009999999776482582 1.629209989140179e-9 
vn -2.068231052255163e-15 -0.009999999776482582 1.629209989140179e-9 
vn 0.002035396406427026 0.005250111222267151 0.008263987489044666 
vn -0.0009420904680155218 0.0007639002869836986 0.009926173835992813 
vn 0.0014839832438156009 0.0026549543254077435 0.009526227600872517 
vn -0.0019877315498888493 0.0011986949248239398 0.00972687266767025 
vn -0.006963049992918968 0.00010923378431471065 0.007176629267632961 
vn -0.007066191639751196 -0.0003713117621373385 0.007066191639751196 
vn -0.009991385973989964 -0.0004149730084463954 6.760988296994341e-11 
vn -0.00997986551374197 -0.0006331380573101342 -0.00003772892523556948 
vn -0.006908258888870478 -0.00015292392345145345 -0.007228594273328781 
vn -0.00702533358708024 -0.0005895270151086152 -0.0070920479483902454 
vn -0.0012421812862157822 0.0007638970273546875 -0.009893100708723068 
vn -0.000678952201269567 0.00024029177438933402 -0.00997402984648943 
vn 0.0027308210264891386 0.004211876075714827 -0.008648856543004513 
vn 0.002298931125551462 0.0018033753149211407 -0.00956361647695303 
vn 2.068231052255163e-15 -0.009999999776482582 1.629209989140179e-9 
vn 2.068231052255163e-15 -0.009999999776482582 1.629209989140179e-9 
vn 2.068231052255163e-15 -0.009999999776482582 1.629209989140179e-9 
vn 2.068231052255163e-15 -0.009999999776482582 1.629209989140179e-9 
vn 2.068231052255163e-15 -0.009999999776482582 1.629209989140179e-9 
vn 2.068231052255163e-15 -0.009999999776482582 1.629209989140179e-9 
vn 2.068231052255163e-15 -0.009999999776482582 1.629209989140179e-9 
vn 2.068231052255163e-15 -0.009999999776482582 1.629209989140179e-9 
vn 2.068231052255163e-15 -0.009999999776482582 1.629209989140179e-9 
vn 2.068231052255163e-15 -0.009999999776482582 1.629209989140179e-9 
vn 2.068231052255163e-15 -0.009999999776482582 1.629209989140179e-9 
vn 2.068231052255163e-15 -0.009999999776482582 1.629209989140179e-9 
vn 2.068231052255163e-15 -0.009999999776482582 1.629209989140179e-9 
vn 2.068231052255163e-15 -0.009999999776482582 1.629209989140179e-9 
vn 2.068231052255163e-15 -0.009999999776482582 1.629209989140179e-9 
vn 2.068231052255163e-15 -0.009999999776482582 1.629209989140179e-9 
vn -2.068231052255163e-15 -0.009999999776482582 1.629209989140179e-9 
vn -2.068231052255163e-15 -0.009999999776482582 1.629209989140179e-9 
vn -2.068231052255163e-15 -0.009999999776482582 1.629209989140179e-9 
vn -2.068231052255163e-15 -0.009999999776482582 1.629209989140179e-9 
vn -0.000021846888557774946 -0.009999904781579971 -0.000037838293792447075 
vn -0.000021846888557774946 -0.009999904781579971 -0.000037838293792447075 
vn -0.000021846888557774946 -0.009999904781579971 -0.000037838293792447075 
vn -0.000021846888557774946 -0.009999904781579971 -0.000037838293792447075 
vn -0.000021846888557774946 -0.009999904781579971 0.00003784155342145823 
vn -0.000021846888557774946 -0.009999904781579971 0.00003784155342145823 
vn -0.000021846888557774946 -0.009999904781579971 0.00003784155342145823 
vn -0.000021846888557774946 -0.009999904781579971 0.00003784155342145823 
vn 0.009994630701839924 0.0003276457136962563 -5.33803695690338e-11 
vn 0.008187172003090382 0.0029067674186080694 0.004951860290020704 
vn 0.005562512204051018 -0.00831014197319746 1.3538965504267253e-9 
vn 0.002417368581518531 -0.005796253215521574 0.007782016880810261 
vn 0.0013705864548683167 0.005616859532892704 0.00815919041633606 
vn -0.0021520014852285385 -0.003031933680176735 0.009283117949962616 
vn -0.005057159811258316 0.006969946436583996 0.005083796568214893 
vn -0.007273812312632799 -0.002316391794010997 0.0064595649018883705 
vn -0.00740987341850996 0.006715083494782448 0.00003772824857151136 
vn -0.009629354812204838 -0.002697052899748087 0.00003776781159103848 
vn 0.001894181128591299 -0.003690179903060198 0.009099156595766544 
vn 0.005484628491103649 0.0010684588924050331 0.008293204940855503 
vn 0.009052320383489132 0.0002839716034941375 -0.004239676054567099 
vn 0.008190622553229332 -0.0054714069701731205 -0.0017255189595744014 
vn 0.007825017906725407 -0.000021847956304554828 -0.0062264446169137955 
vn -0.006019577383995056 -0.006112138275057077 0.005138720851391554 
vn 0.005034455563873053 -0.004758463706821203 -0.007211884018033743 
vn -0.003880036761984229 -0.009060511365532875 0.0016889199614524841 
vn 0.0010730577632784843 -0.006650075316429138 -0.007390875834971666 
vn 0.0031216845382004976 -0.004642765503376722 0.008288535289466381 
vn 0.00986334029585123 -0.0011986935278400779 -0.0011303306091576815 
vn 0.0015022463630884886 0.0029485472477972507 0.009436595253646374 
vn 0.00835524033755064 0.005361218936741352 -0.0012030353536829352 
vn 0.005213234573602676 0.001760383602231741 0.00835004448890686 
vn 0.007419699337333441 0.0036495353560894728 -0.005623962264508009 
vn -0.0005094378138892353 -0.001631198450922966 0.009852901101112366 
vn -0.0005660863826051354 -0.0011986917816102505 0.009911744855344296 
vn -0.008102263323962688 -0.0011986924801021814 0.00573728745803237 
vn -0.007940814830362797 -0.0008945270674303174 0.006011927966028452 
vn -0.0006037489511072636 -0.0001092309903469868 0.009981160052120686 
vn -0.008264423348009586 -0.001631199149414897 0.005388737190514803 
vn 0.004244707524776459 -0.004132458008825779 0.008056379854679108 
vn 0.00022649936727248132 -0.005175533704459667 0.008553510531783104 
vn 0.0013283402658998966 -0.008429673500359058 -0.005213071126490831 
vn -0.004548355005681515 -0.008085031062364578 -0.003734265686944127 
vn -0.0048751975409686565 -0.005902568344026804 0.006433672271668911 
vn -0.0009420904680155218 0.0007638970273546875 -0.009926173835992813 
vn 0.005412535276263952 0.004987380467355251 -0.00676982244476676 
vn 0.002035396406427026 0.005250108893960714 -0.008263989351689816 
vn 0.005705246701836586 0.006485337857156992 -0.005038904026150703 
vn 0.0014839832438156009 0.0026549510657787323 -0.009526228532195091 
vn 0.006492639891803265 0.003486265428364277 -0.006759554613381624 
vn 0.007750248536467552 0.00631750887259841 0.0001507803681306541 
vn 0.00960282701998949 0.002781098475679755 -0.0002263036003569141 
vn 0.005987964104861021 0.005937783978879452 0.005374663043767214 
vn 0.006874616723507643 0.0025283517315983772 0.006807869300246239 
vn 0.0027308210264891386 0.00421187886968255 0.008648854680359364 
vn 0.002298931125551462 0.0018033783417195082 0.009563615545630455 
vn 0.008097517304122448 0.0058672428131103516 0.00007537633064202964 
vn 0.00557588180527091 0.0041324603371322155 0.007199466694146395 
vn -0.000678952201269567 0.00024029503401834518 0.00997402984648943 
vn -2.068231052255163e-15 -0.009999999776482582 1.629209989140179e-9 
vn -2.068231052255163e-15 -0.009999999776482582 1.629209989140179e-9 
vn -2.068231052255163e-15 -0.009999999776482582 1.629209989140179e-9 
vn -2.068231052255163e-15 -0.009999999776482582 1.629209989140179e-9 
vn 0.002035396406427026 0.005250108893960714 -0.008263989351689816 
vn -0.0009420904680155218 0.0007638970273546875 -0.009926173835992813 
vn 0.0014839832438156009 0.0026549510657787323 -0.009526228532195091 
vn -0.0019877315498888493 0.0011986917816102505 -0.009726873598992825 
vn -0.006963049992918968 0.0001092314487323165 -0.007176629267632961 
vn -0.007066191639751196 -0.0003713140613399446 -0.007066191174089909 
vn -0.009991385973989964 -0.0004149730084463954 6.760988296994341e-11 
vn -0.00997986551374197 -0.0006331380573101342 0.00003772913260036148 
vn -0.006908258888870478 -0.00015292156604118645 0.007228594273328781 
vn -0.00702533358708024 -0.0005895247450098395 0.0070920479483902454 
vn -0.0012421812862157822 0.0007639002287760377 0.009893100708723068 
vn -0.000678952201269567 0.00024029503401834518 0.00997402984648943 
vn 0.0027308210264891386 0.00421187886968255 0.008648854680359364 
vn 0.002298931125551462 0.0018033783417195082 0.009563615545630455 
vn 2.068231052255163e-15 -0.009999999776482582 1.629209989140179e-9 
vn 2.068231052255163e-15 -0.009999999776482582 1.629209989140179e-9 
vn 2.068231052255163e-15 -0.009999999776482582 1.629209989140179e-9 
vn 2.068231052255163e-15 -0.009999999776482582 1.629209989140179e-9 
vn 2.068231052255163e-15 -0.009999999776482582 1.629209989140179e-9 
vn 2.068231052255163e-15 -0.009999999776482582 1.629209989140179e-9 
vn 2.068231052255163e-15 -0.009999999776482582 1.629209989140179e-9 
vn 2.068231052255163e-15 -0.009999999776482582 1.629209989140179e-9 
vn 2.068231052255163e-15 -0.009999999776482582 1.629209989140179e-9 
vn 2.068231052255163e-15 -0.009999999776482582 1.629209989140179e-9 
vn 2.068231052255163e-15 -0.009999999776482582 1.629209989140179e-9 
vn 2.068231052255163e-15 -0.009999999776482582 1.629209989140179e-9 
vn 2.068231052255163e-15 -0.009999999776482582 1.629209989140179e-9 
vn 2.068231052255163e-15 -0.009999999776482582 1.629209989140179e-9 
vn 2.068231052255163e-15 -0.009999999776482582 1.629209989140179e-9 
vn 2.068231052255163e-15 -0.009999999776482582 1.629209989140179e-9 
vn -2.068231052255163e-15 -0.009999999776482582 1.629209989140179e-9 
vn -2.068231052255163e-15 -0.009999999776482582 1.629209989140179e-9 
vn -2.068231052255163e-15 -0.009999999776482582 1.629209989140179e-9 
vn -2.068231052255163e-15 -0.009999999776482582 1.629209989140179e-9 
vn -0.000021846888557774946 -0.009999904781579971 0.00003784155342145823 
vn -0.000021846888557774946 -0.009999904781579971 0.00003784155342145823 
vn -0.000021846888557774946 -0.009999904781579971 0.00003784155342145823 
vn -0.000021846888557774946 -0.009999904781579971 0.00003784155342145823 
vn -0.000021846888557774946 -0.009999904781579971 -0.000037838293792447075 
vn -0.000021846888557774946 -0.009999904781579971 -0.000037838293792447075 
vn -0.000021846888557774946 -0.009999904781579971 -0.000037838293792447075 
vn -0.000021846888557774946 -0.009999904781579971 -0.000037838293792447075 
vn 0.008190622553229332 -0.0054714069701731205 -0.0017255189595744014 
vn 0.0013283402658998966 -0.008429673500359058 -0.005213071126490831 
vn 0.009052320383489132 0.0002839716034941375 -0.004239676054567099 
vn 0.0006035083788447082 -0.001717355684377253 -0.009832927957177162 
vn 0.007825017906725407 -0.000021847956304554828 -0.0062264446169137955 
vn -0.004548355005681515 -0.008085031062364578 -0.003734265686944127 
vn -0.0070344735868275166 -0.0024437077809125185 -0.006674164906144142 
vn -0.0048751975409686565 -0.005902568344026804 0.006433672271668911 
vn -0.008264423348009586 -0.001631199149414897 0.005388737190514803 
vn -0.007681810762733221 0.00006553935963893309 -0.006401990540325642 
vn -0.007940814830362797 -0.0008945270674303174 0.006011927966028452 
vn -0.0077746557071805 0.00028397125424817204 -0.006282840855419636 
vn -0.008102263323962688 -0.0011986924801021814 0.00573728745803237 
vn 0.00003775948061957024 0.0011986917816102505 -0.009927825070917606 
vn 0.0003771804040297866 0.0004149713786318898 -0.009984264150261879 
vn 0.007419699337333441 0.0036495353560894728 -0.005623962264508009 
vn 0.005034455563873053 -0.004758463706821203 -0.007211884018033743 
vn 0.00835524033755064 0.005361218936741352 -0.0012030353536829352 
vn 0.0010730577632784843 -0.006650075316429138 -0.007390875834971666 
vn 0.00986334029585123 -0.0011986935278400779 -0.0011303306091576815 
vn -0.009629354812204838 -0.002697052899748087 0.00003776781159103848 
vn -0.00740987341850996 0.006715083494782448 0.00003772824857151136 
vn -0.007273812312632799 -0.0023163938894867897 -0.006459563970565796 
vn -0.005057159811258316 0.006969944573938847 -0.00508379889652133 
vn -0.0021520014852285385 -0.0030319367069751024 -0.009283117018640041 
vn 0.0013705864548683167 0.00561685673892498 -0.008159192278981209 
vn 0.002417368581518531 -0.0057962555438280106 -0.0077820150181651115 
vn 0.008187172003090382 0.002906765788793564 -0.004951861221343279 
vn 0.005562512204051018 -0.00831014197319746 1.3538965504267253e-9 
vn 0.009994630701839924 0.0003276457136962563 -5.33803695690338e-11 
vt 0.2132457196712494 0.9097577333450317 
vt 0.1578514724969864 0.8702480792999268 
vt 0.22006531059741974 0.8615607023239136 
vt 0.21683497726917267 0.8159818053245544 
vt 0.1488783210515976 0.8130066990852356 
vt 0.11023395508527756 0.8554914593696594 
vt 0.11071252077817917 0.811102569103241 
vt 0.05483970791101456 0.8118166327476501 
vt 0.05507899075746536 0.7573123574256897 
vt 0.010811451822519302 0.8190759420394897 
vt 0.012606081552803516 0.7573123574256897 
vt 0.010811451822519302 0.6956677436828613 
vt 0.05483970791101456 0.7028080224990845 
vt 0.02133994735777378 0.6371172666549683 
vt 0.0615396611392498 0.6498507857322693 
vt 0.11023395508527756 0.6591331958770752 
vt 0.11071252077817917 0.7035220861434937 
vt 0.10975538939237595 0.7573123574256897 
vt 0.14696404337882996 0.7573123574256897 
vt 0.0615396611392498 0.8647738695144653 
vt 0.02133994735777378 0.8775073885917664 
vt 0.1488783210515976 0.7016180157661438 
vt 0.1578514724969864 0.6443765759468079 
vt 0.21683497726917267 0.6986428499221802 
vt 0.22006531059741974 0.653063952922821 
vt 0.2686399519443512 0.7085202932357788 
vt 0.27629706263542175 0.6736518144607544 
vt 0.30249863862991333 0.734225332736969 
vt 0.3237949311733246 0.7199447751045227 
vt 0.3064468204975128 0.6722237467765808 
vt 0.2132457196712494 0.6048669219017029 
vt 0.29867011308670044 0.7573123574256897 
vt 0.2723488509654999 0.7573123574256897 
vt 0.21611712872982025 0.7573123574256897 
vt 0.2686399519443512 0.8061043620109558 
vt 0.30249863862991333 0.7803993225097656 
vt 0.27629706263542175 0.8409728407859802 
vt 0.3237949311733246 0.7946798801422119 
vt 0.3064468204975128 0.8424009084701538 
vt 0.6506568789482117 0.698404848575592 
vt 0.6449140310287476 0.6769839525222778 
vt 0.6226606369018555 0.6906695365905762 
vt 0.622421383857727 0.6536589860916138 
vt 0.6067482829093933 0.6913835406303406 
vt 0.6037572026252747 0.6548490524291992 
vt 0.5793502330780029 0.6912645697593689 
vt 0.5764788389205933 0.6569911241531372 
vt 0.5519522428512573 0.6910265684127808 
vt 0.5492004752159119 0.6592522263526917 
vt 0.5264684557914734 0.691502571105957 
vt 0.5222809910774231 0.6629413366317749 
vt 0.5069668292999268 0.6911455392837524 
vt 0.4946436882019043 0.6665115356445312 
vt 0.4673653244972229 0.6705576777458191 
vt 0.4822009205818176 0.6978098154067993 
vt 0.4221406579017639 0.6980478167533875 
vt 0.4156799912452698 0.6744848489761353 
vt 0.3921104967594147 0.6982858777046204 
vt 0.3898372948169708 0.6763889193534851 
vt 0.3619607090950012 0.698404848575592 
vt 0.36387500166893005 0.6784120202064514 
vt 0.34568941593170166 0.6732947826385498 
vt 0.3624393045902252 0.6619893312454224 
vt 0.3557393252849579 0.6444956064224243 
vt 0.38265877962112427 0.6375933289527893 
vt 0.38648733496665955 0.6583001613616943 
vt 0.40957823395729065 0.6306909918785095 
vt 0.41053536534309387 0.6546109914779663 
vt 0.4634171426296234 0.6170054078102112 
vt 0.4586314558982849 0.647232711315155 
vt 0.48435449600219727 0.6419965028762817 
vt 0.48363664746284485 0.6161723732948303 
vt 0.515820324420929 0.6343801617622375 
vt 0.5082828998565674 0.6090320944786072 
vt 0.5316130518913269 0.6021298170089722 
vt 0.5415433645248413 0.6306909918785095 
vt 0.5581735968589783 0.5942754745483398 
vt 0.5702574253082275 0.6280729174613953 
vt 0.5847341418266296 0.586540162563324 
vt 0.5989715456962585 0.6253358125686646 
vt 0.5993304252624512 0.5791618227958679 
vt 0.621464192867279 0.6225986480712891 
vt 0.6553229093551636 0.6586571931838989 
vt 0.6726710200309753 0.6734138131141663 
vt 0.6732692122459412 0.6353322267532349 
vt 0.6957619190216064 0.650445818901062 
vt 0.5598486065864563 0.028644714504480362 
vt 0.5446540713310242 0.049113575369119644 
vt 0.5255113244056702 0.02328949049115181 
vt 0.4993097484111786 0.04875655844807625 
vt 0.5626003742218018 0.07636571675539017 
vt 0.4987115263938904 0.08493407815694809 
vt 0.4772956073284149 0.08029288798570633 
vt 0.4664081931114197 0.109806127846241 
vt 0.4385316073894501 0.10242781788110733 
vt 0.44690653681755066 0.07600870728492737 
vt 0.41065502166748047 0.094930499792099 
vt 0.5832984447479248 0.05363576486706734 
vt 0.4822009205818176 0.1163514032959938 
vt 0.49823296070098877 0.010555954650044441 
vt 0.4806455969810486 0.04673347622156143 
vt 0.45169222354888916 0.044234368950128555 
vt 0.4165174663066864 0.07172452658414841 
vt 0.38624805212020874 0.0873141810297966 
vt 0.3903158903121948 0.06767835468053818 
vt 0.3602857291698456 0.08029288798570633 
vt 0.4818420112133026 0.012817050330340862 
vt 0.4533672034740448 0.012103020213544369 
vt 0.42285850644111633 0.04161626100540161 
vt 0.4248924255371094 0.011388990096747875 
vt 0.39593905210494995 0.04066421836614609 
vt 0.3985711634159088 0.014840135350823402 
vt 0.37799274921417236 0.014126105234026909 
vt 0.3752409815788269 0.038046110421419144 
vt 0.3667463958263397 0.0613710917532444 
vt 0.34927865862846375 0.05780094116926193 
vt 0.34018588066101074 0.07684174180030823 
vt 0.2870648205280304 0.06970144063234329 
vt 0.2925683557987213 0.05351676046848297 
vt 0.2605043053627014 0.06613128632307053 
vt 0.3557393252849579 0.036380041390657425 
vt 0.3526286482810974 0.010555954650044441 
vt 0.2967558205127716 0.03495198115706444 
vt 0.29448264837265015 0.013650084845721722 
vt 0.2642132043838501 0.051255665719509125 
vt 0.23394377529621124 0.06256113946437836 
vt 0.23585805296897888 0.049113575369119644 
vt 0.22066351771354675 0.039117153733968735 
vt 0.23777233064174652 0.03352392092347145 
vt 0.2363366186618805 0.016744215041399002 
vt 0.2654096186161041 0.01519715040922165 
vt 0.26732391119003296 0.034237951040267944 
vt 0.08211808651685715 0.02031436562538147 
vt 0.057112906128168106 0.009960929863154888 
vt 0.0706324502825737 0.042330291122198105 
vt 0.05077188089489937 0.03138183057308197 
vt 0.04155944660305977 0.048280540853738785 
vt 0.12040352076292038 0.03876014053821564 
vt 0.10999467223882675 0.06648830324411392 
vt 0.21910817921161652 0.08291099220514297 
vt 0.20307613909244537 0.11313826590776443 
vt 0.26624712347984314 0.09766761213541031 
vt 0.2553597092628479 0.15669409930706024 
vt 0.17507991194725037 0.13705827295780182 
vt 0.10150008648633957 0.09136035293340683 
vt 0.057112906128168106 0.05839596316218376 
vt 0.028039900586009026 0.06160910055041313 
vt 0.04108087718486786 0.07231955230236053 
vt 0.010452525690197945 0.07469964772462845 
vt 0.02265601046383381 0.08874224126338959 
vt 0.08989481627941132 0.11444731801748276 
vt 0.07099137455224991 0.13598722219467163 
vt 0.13787125051021576 0.15574204921722412 
vt 0.10090187937021255 0.1682375818490982 
vt 0.1588086038827896 0.18823042511940002 
vt 0.11035359650850296 0.191086545586586 
vt 0.21145108342170715 0.1731167882680893 
vt 0.21013502776622772 0.1987028568983078 
vt 0.2514115273952484 0.1987028568983078 
vt 0.2553597092628479 0.2405926138162613 
vt 0.21145108342170715 0.22416992485523224 
vt 0.1588086038827896 0.1987028568983078 
vt 0.1588086038827896 0.20917530357837677 
vt 0.11035359650850296 0.20620018243789673 
vt 0.10090187937021255 0.22904913127422333 
vt 0.13787125051021576 0.2415446639060974 
vt 0.07099137455224991 0.2612994909286499 
vt 0.11095180362462997 0.1987028568983078 
vt 0.17507991194725037 0.260347455739975 
vt 0.20307613909244537 0.2841484546661377 
vt 0.26624712347984314 0.2996191084384918 
vt 0.21910817921161652 0.31437572836875916 
vt 0.10999467223882675 0.3307984173297882 
vt 0.12040352076292038 0.3585265874862671 
vt 0.0706324502825737 0.3550754189491272 
vt 0.08211808651685715 0.37709134817123413 
vt 0.057112906128168106 0.38732579350471497 
vt 0.05077188089489937 0.36590489745140076 
vt 0.04155944660305977 0.34900617599487305 
vt 0.057112906128168106 0.33889076113700867 
vt 0.028039900586009026 0.3356776237487793 
vt 0.10150008648633957 0.3059263527393341 
vt 0.08989481627941132 0.2828393876552582 
vt 0.02265601046383381 0.30854448676109314 
vt 0.04108087718486786 0.3249671757221222 
vt 0.010452525690197945 0.3225870728492737 
vt 0.7254331111907959 0.8831006288528442 
vt 0.7019832730293274 0.8829815983772278 
vt 0.7259116768836975 0.8523973226547241 
vt 0.7027011513710022 0.8537063598632812 
vt 0.7019832730293274 0.8136016726493835 
vt 0.7456526160240173 0.8811965584754944 
vt 0.7466097474098206 0.8516833186149597 
vt 0.7656328082084656 0.8791734576225281 
vt 0.7675471305847168 0.8528733253479004 
vt 0.7888433933258057 0.8791734576225281 
vt 0.7903987169265747 0.855848491191864 
vt 0.7702988386154175 0.823241114616394 
vt 0.7947058081626892 0.8159818053245544 
vt 0.7663506865501404 0.6295009851455688 
vt 0.7797505855560303 0.6285489201545715 
vt 0.7527114748954773 0.6296199560165405 
vt 0.7482847571372986 0.8263352513313293 
vt 0.7261509895324707 0.8224080801010132 
vt 0.7257920503616333 0.6273588538169861 
vt 0.7391919493675232 0.6289059519767761 
vt 0.2864666283130646 0.4189811050891876 
vt 0.30381470918655396 0.43587982654571533 
vt 0.2724685072898865 0.43100062012672424 
vt 0.28515055775642395 0.4488513767719269 
vt 0.2963969111442566 0.4640839993953705 
vt 0.33228951692581177 0.37102210521698 
vt 0.35071438550949097 0.393157035112381 
vt 0.362199991941452 0.3398427963256836 
vt 0.40084436535835266 0.3509102463722229 
vt 0.3692588806152344 0.31687483191490173 
vt 0.4174745976924896 0.3191359341144562 
vt 0.4175942540168762 0.3086634874343872 
vt 0.36901959776878357 0.3086634874343872 
vt 0.3692588806152344 0.3004521429538727 
vt 0.4174745976924896 0.29819104075431824 
vt 0.40084436535835266 0.2665356993675232 
vt 0.362199991941452 0.2774841785430908 
vt 0.35071438550949097 0.2242889404296875 
vt 0.33228951692581177 0.24630485475063324 
vt 0.30381470918655396 0.1814471334218979 
vt 0.2864666283130646 0.1983458399772644 
vt 0.2724685072898865 0.18632633984088898 
vt 0.28515055775642395 0.16847558319568634 
vt 0.2963969111442566 0.1533619612455368 
vt 0.3190092444419861 0.1675235480070114 
vt 0.30800217390060425 0.13824832439422607 
vt 0.3620803654193878 0.20072594285011292 
vt 0.43793338537216187 0.24630485475063324 
vt 0.47382599115371704 0.28355342149734497 
vt 0.4725099205970764 0.3086634874343872 
vt 0.5063686370849609 0.3086634874343872 
vt 0.47382599115371704 0.33377352356910706 
vt 0.5128293037414551 0.2574913203716278 
vt 0.4665278196334839 0.2235749065876007 
vt 0.3716517388820648 0.17537787556648254 
vt 0.3326484262943268 0.15217190980911255 
vt 0.32092350721359253 0.12027856707572937 
vt 0.34545013308525085 0.13134603202342987 
vt 0.3836159110069275 0.14836373925209045 
vt 0.4823205769062042 0.19334763288497925 
vt 0.527784526348114 0.21024633944034576 
vt 0.5128293037414551 0.3598356246948242 
vt 0.4665278196334839 0.3937520682811737 
vt 0.43793338537216187 0.37102210521698 
vt 0.3716517388820648 0.4419490694999695 
vt 0.3836159110069275 0.4689632058143616 
vt 0.34545013308525085 0.48598092794418335 
vt 0.527784526348114 0.40708062052726746 
vt 0.4823205769062042 0.4239793121814728 
vt 0.3620803654193878 0.4166010022163391 
vt 0.3326484262943268 0.46515506505966187 
vt 0.32092350721359253 0.49704840779304504 
vt 0.30800217390060425 0.47907865047454834 
vt 0.3190092444419861 0.4498034119606018 
vt 0.6985136866569519 0.2658216655254364 
vt 0.6989922523498535 0.24083063006401062 
vt 0.6735084652900696 0.26391759514808655 
vt 0.6750638484954834 0.23856952786445618 
vt 0.6727906465530396 0.19644176959991455 
vt 0.719929575920105 0.2689158022403717 
vt 0.7198099493980408 0.24237769842147827 
vt 0.741465151309967 0.2712959051132202 
vt 0.740627646446228 0.24202068150043488 
vt 0.7665899395942688 0.2716529369354248 
vt 0.7646756768226624 0.24047361314296722 
vt 0.742302656173706 0.19096753001213074 
vt 0.7665899395942688 0.1983458399772644 
vt 0.7375169396400452 0.012341029942035675 
vt 0.7511561512947083 0.011626999825239182 
vt 0.7238777875900269 0.012341029942035675 
vt 0.7206474542617798 0.1876353919506073 
vt 0.6979154348373413 0.18989649415016174 
vt 0.6967190504074097 0.010317944921553135 
vt 0.7102385759353638 0.011626999825239182 
vt 0.07123066484928131 0.5849930644035339 
vt 0.10616612434387207 0.5540518164634705 
vt 0.12435171008110046 0.5691654086112976 
vt 0.1346409171819687 0.5387001633644104 
vt 0.13308557868003845 0.4902651011943817 
vt 0.0847502052783966 0.5392951965332031 
vt 0.05603612959384918 0.5026416182518005 
vt 0.05950574576854706 0.5308458209037781 
vt 0.02780061587691307 0.5483395457267761 
vt 0.05735218897461891 0.5777338147163391 
vt 0.012247156351804733 0.5078778266906738 
vt 0.028039900586009026 0.4425441026687622 
vt 0.06716283410787582 0.4688442051410675 
vt 0.09468049556016922 0.4419490694999695 
vt 0.08606626838445663 0.4815777540206909 
vt 0.11813032627105713 0.449089378118515 
vt 0.15222829580307007 0.4571817219257355 
vt 0.12794096767902374 0.40339145064353943 
vt 0.17460134625434875 0.4270734488964081 
vt 0.17292636632919312 0.4713433086872101 
vt 0.19266729056835175 0.4498034119606018 
vt 0.08343414962291718 0.4055335521697998 
vt 0.16562819480895996 0.5150181651115417 
vt 0.17017459869384766 0.5591689944267273 
vt 0.15521934628486633 0.5961795449256897 
vt 0.19266729056835175 0.5883252024650574 
vt 0.15928716957569122 0.6154583692550659 
vt 0.11406249552965164 0.6089131236076355 
vt 0.10796075314283371 0.596060574054718 
vt 0.6501783132553101 0.608794093132019 
vt 0.7161010503768921 0.6067709922790527 
vt 0.6465890407562256 0.5701174736022949 
vt 0.7113153338432312 0.5647622346878052 
vt 0.710358202457428 0.5170412063598633 
vt 0.6441962122917175 0.5233485102653503 
vt 0.6428801417350769 0.47872161865234375 
vt 0.7079653739929199 0.4512314796447754 
vt 0.6607068181037903 0.4186241030693054 
vt 0.6871476769447327 0.40017831325531006 
vt 0.7622828483581543 0.6033198833465576 
vt 0.7622828483581543 0.5628581643104553 
vt 0.8132503628730774 0.5647622346878052 
vt 0.8084646463394165 0.6067709922790527 
vt 0.8780962824821472 0.5701174736022949 
vt 0.8743873834609985 0.608794093132019 
vt 0.8142074942588806 0.5170412063598633 
vt 0.8803694844245911 0.5233485102653503 
vt 0.8816855549812317 0.47872161865234375 
vt 0.8166003227233887 0.4512314796447754 
vt 0.8639785647392273 0.4186241030693054 
vt 0.8374180197715759 0.40017831325531006 
vt 0.7622828483581543 0.4536115825176239 
vt 0.7622828483581543 0.39613214135169983 
vt 0.7034189701080322 0.3412708640098572 
vt 0.8211467266082764 0.3412708640098572 
vt 0.7622828483581543 0.5171602368354797 
vt 0.8364608883857727 0.3179458677768707 
vt 0.7979361414909363 0.2966439723968506 
vt 0.7801095247268677 0.3117576241493225 
vt 0.7622828483581543 0.33865272998809814 
vt 0.7622828483581543 0.31306666135787964 
vt 0.7444561719894409 0.3117576241493225 
vt 0.7266295552253723 0.2966439723968506 
vt 0.6881048083305359 0.3179458677768707 
vt 0.6502979397773743 0.38435065746307373 
vt 0.6288820505142212 0.37875741720199585 
vt 0.6425212025642395 0.3563844859600067 
vt 0.6054322123527527 0.3561464846134186 
vt 0.6432390809059143 0.3404378294944763 
vt 0.6066285967826843 0.3374626934528351 
vt 0.6431193947792053 0.31306666135787964 
vt 0.6089017987251282 0.31021055579185486 
vt 0.6428801417350769 0.28569552302360535 
vt 0.6110553741455078 0.28295838832855225 
vt 0.6433587074279785 0.2602284550666809 
vt 0.6147642731666565 0.25594425201416016 
vt 0.6429997682571411 0.24071162939071655 
vt 0.618353545665741 0.22833511233329773 
vt 0.622421383857727 0.20120196044445038 
vt 0.6496997475624084 0.2159585803747177 
vt 0.6501783132553101 0.09576353430747986 
vt 0.630198061466217 0.09766761213541031 
vt 0.6502979397773743 0.07957885414361954 
vt 0.6312748789787292 0.08374402672052383 
vt 0.6138071417808533 0.09612055122852325 
vt 0.6158410310745239 0.08326800912618637 
vt 0.5963394045829773 0.08945626765489578 
vt 0.5999286770820618 0.07505666464567184 
vt 0.5688217282295227 0.19715578854084015 
vt 0.5989715456962585 0.19239559769630432 
vt 0.5938268899917603 0.2181006819009781 
vt 0.5861698389053345 0.2495179921388626 
vt 0.5679842233657837 0.2173866480588913 
vt 0.5609253644943237 0.24213968217372894 
vt 0.553986132144928 0.26534566283226013 
vt 0.58258056640625 0.2752230763435364 
vt 0.5462093949317932 0.29188376665115356 
vt 0.5798287987709045 0.30402228236198425 
vt 0.5384326577186584 0.3184219002723694 
vt 0.5771966576576233 0.33270248770713806 
vt 0.5310148596763611 0.33305951952934265 
vt 0.5744448900222778 0.35519444942474365 
vt 0.610457181930542 0.38911086320877075 
vt 0.6252927780151367 0.40648558735847473 
vt 0.5871269702911377 0.4069616198539734 
vt 0.6023215055465698 0.4294535517692566 
vt 0.553148627281189 0.5678563714027405 
vt 0.5379540920257568 0.5475065112113953 
vt 0.5188114047050476 0.5733305811882019 
vt 0.49260979890823364 0.5477445125579834 
vt 0.5559003949165344 0.520254373550415 
vt 0.49201157689094543 0.5115669965744019 
vt 0.47059565782546997 0.5163272023200989 
vt 0.45970824360847473 0.48669496178627014 
vt 0.4318316578865051 0.4941922724246979 
vt 0.4402065873146057 0.5204923748970032 
vt 0.4039550721645355 0.5015705823898315 
vt 0.5765984654426575 0.5428653359413147 
vt 0.4755009710788727 0.48014968633651733 
vt 0.4915330111980438 0.5860641598701477 
vt 0.47394564747810364 0.5498866438865662 
vt 0.4449922740459442 0.5523857474327087 
vt 0.40981751680374146 0.5247765779495239 
vt 0.3795481026172638 0.5093058943748474 
vt 0.3837355673313141 0.5289417505264282 
vt 0.35358577966690063 0.5163272023200989 
vt 0.47514206171035767 0.5836840271949768 
vt 0.44666725397109985 0.584398090839386 
vt 0.4161585569381714 0.5548848509788513 
vt 0.41819247603416443 0.5851120948791504 
vt 0.389239102602005 0.5559558868408203 
vt 0.39187121391296387 0.5816609263420105 
vt 0.3714124262332916 0.5824939608573914 
vt 0.36854103207588196 0.5584549903869629 
vt 0.3600464463233948 0.5351300239562988 
vt 0.3425787091255188 0.5387001633644104 
vt 0.3334859311580658 0.5196593403816223 
vt 0.2272438257932663 0.5339399576187134 
vt 0.22915810346603394 0.5473874807357788 
vt 0.21300643682479858 0.5359630584716797 
vt 0.2136046439409256 0.5488155484199524 
vt 0.23107238113880157 0.5630961656570435 
vt 0.21492069959640503 0.5632151961326599 
vt 0.22963666915893555 0.5798758864402771 
vt 0.2140832096338272 0.5789238214492798 
vt 0.34592869877815247 0.5860641598701477 
vt 0.34903937578201294 0.5602400302886963 
vt 0.8030807971954346 0.010555954650044441 
vt 0.7796309590339661 0.010555954650044441 
vt 0.8034396767616272 0.041259244084358215 
vt 0.7802291512489319 0.03983118385076523 
vt 0.7796309590339661 0.080054871737957 
vt 0.823300302028656 0.012341029942035675 
vt 0.8242574334144592 0.04185426980257034 
vt 0.8432804942131042 0.014364114962518215 
vt 0.8451947569847107 0.04066421836614609 
vt 0.8664910197257996 0.014364114962518215 
vt 0.8680464029312134 0.03768909350037575 
vt 0.8479465246200562 0.07041546702384949 
vt 0.8723534941673279 0.07767477631568909 
vt 0.8438786864280701 0.2640365958213806 
vt 0.85727858543396 0.265107661485672 
vt 0.8302395343780518 0.26391759514808655 
vt 0.8259323835372925 0.06720233708620071 
vt 0.8037986159324646 0.07112950086593628 
vt 0.803320050239563 0.26629769802093506 
vt 0.8167199492454529 0.26463162899017334 
vt 0.6056714653968811 0.7399376034736633 
vt 0.6037572026252747 0.7150655388832092 
vt 0.5806663036346436 0.7404136061668396 
vt 0.5783931016921997 0.7164936065673828 
vt 0.5362791419029236 0.7142325043678284 
vt 0.608782172203064 0.7613584995269775 
vt 0.5822216272354126 0.7612394690513611 
vt 0.6110553741455078 0.7830173969268799 
vt 0.58186274766922 0.782184362411499 
vt 0.6114143133163452 0.8081274628639221 
vt 0.5803073644638062 0.8062233924865723 
vt 0.5307756066322327 0.7838504314422607 
vt 0.53819340467453 0.8081274628639221 
vt 0.3521500825881958 0.778971254825592 
vt 0.3514322340488434 0.7926568388938904 
vt 0.3521500825881958 0.7654046416282654 
vt 0.5274255871772766 0.7621915340423584 
vt 0.5296987891197205 0.7393425703048706 
vt 0.35023581981658936 0.7381525039672852 
vt 0.3514322340488434 0.7517191171646118 
vt 0.9053747057914734 0.6475897431373596 
vt 0.9035800695419312 0.6894794702529907 
vt 0.9217656254768372 0.6743658185005188 
vt 0.932054877281189 0.7048311233520508 
vt 0.9527528882026672 0.6473516821861267 
vt 0.9675885438919067 0.6843622922897339 
vt 0.990081250667572 0.655206024646759 
vt 0.9567010998725891 0.6280729174613953 
vt 0.9114764332771301 0.6346181631088257 
vt 0.963042140007019 0.7286321520805359 
vt 0.9304994940757751 0.7533851861953735 
vt 0.9703403115272522 0.7721879482269287 
vt 0.9496422410011292 0.7863495349884033 
vt 0.9720152616500854 0.8164578080177307 
vt 0.9253548979759216 0.8402588367462158 
vt 0.9155442714691162 0.7944418787956238 
vt 0.8808480501174927 0.8379977345466614 
vt 0.8920944333076477 0.8017011880874634 
vt 0.8254538178443909 0.800987184047699 
vt 0.8645767569541931 0.7746870517730713 
vt 0.8534500598907471 0.7408896684646606 
vt 0.8834801912307739 0.7620725035667419 
vt 0.990081250667572 0.7937278747558594 
vt 0.8096610903739929 0.7356534004211426 
vt 0.8252145648002625 0.6953107118606567 
vt 0.8569196462631226 0.7126854658126831 
vt 0.8547661304473877 0.6657974720001221 
vt 0.8821641206741333 0.7042360901832581 
vt 0.8687642216682434 0.6585381627082825 
vt 0.9036996960639954 0.5177552700042725 
vt 0.9081264734268188 0.44028300046920776 
vt 0.9108782410621643 0.5060927867889404 
vt 0.9155442714691162 0.4307626187801361 
vt 0.9254745244979858 0.5008565783500671 
vt 0.9261924028396606 0.4287395179271698 
vt 0.9063318371772766 0.4232653081417084 
vt 0.9258334636688232 0.4162440001964569 
vt 0.9368405342102051 0.4308816194534302 
vt 0.9452154636383057 0.4231462776660919 
vt 0.9442583322525024 0.4401639997959137 
vt 0.9580171704292297 0.436355859041214 
vt 0.8935301303863525 0.4369508624076843 
vt 0.9403101205825806 0.5060927867889404 
vt 0.9474886655807495 0.5177552700042725 
vt 0.24782225489616394 0.3556704521179199 
vt 0.30907896161079407 0.3556704521179199 
vt 0.2413615882396698 0.37102210521698 
vt 0.3026182949542999 0.37102210521698 
vt 0.47490277886390686 0.8960721492767334 
vt 0.547645092010498 0.8728662133216858 
vt 0.480167031288147 0.9082106947898865 
vt 0.5413040518760681 0.9097577333450317 
vt 0.5579343438148499 0.9094007015228271 
vt 0.5611646771430969 0.8725091814994812 
vt 0.5745645761489868 0.9089246988296509 
vt 0.574684202671051 0.8721521496772766 
vt 0.5911948084831238 0.9092817306518555 
vt 0.5882037281990051 0.8725091814994812 
vt 0.6078250408172607 0.9097577333450317 
vt 0.601723313331604 0.8728662133216858 
vt 0.6743459701538086 0.8967862129211426 
vt 0.6690817475318909 0.9085676670074463 
vt 0.22544920444488525 0.3588835895061493 
vt 0.24782225489616394 0.3556704521179199 
vt 0.22628669440746307 0.3338925540447235 
vt 0.2414812296628952 0.34031879901885986 
vt 0.204392209649086 0.3554324507713318 
vt 0.22544920444488525 0.3588835895061493 
vt 0.21085287630558014 0.3401997983455658 
vt 0.22628669440746307 0.3338925540447235 
vt 0.21073323488235474 0.3709031045436859 
vt 0.22604741156101227 0.37732937932014465 
vt 0.204392209649086 0.3554324507713318 
vt 0.22544920444488525 0.3588835895061493 
vt 0.22604741156101227 0.37732937932014465 
vt 0.2413615882396698 0.37102210521698 
vt 0.22544920444488525 0.3588835895061493 
vt 0.24782225489616394 0.3556704521179199 
vt 0.2414812296628952 0.34031879901885986 
vt 0.24782225489616394 0.3556704521179199 
vt 0.30273792147636414 0.34031879901885986 
vt 0.30907896161079407 0.3556704521179199 
vt 0.22628669440746307 0.3338925540447235 
vt 0.2414812296628952 0.34031879901885986 
vt 0.287543386220932 0.3338925540447235 
vt 0.30273792147636414 0.34031879901885986 
vt 0.2413615882396698 0.37102210521698 
vt 0.22604741156101227 0.37732937932014465 
vt 0.3026182949542999 0.37102210521698 
vt 0.2873041033744812 0.37732937932014465 
vt 0.5034971833229065 0.48836103081703186 
vt 0.525391697883606 0.48740899562835693 
vt 0.5030186176300049 0.47348541021347046 
vt 0.5237166881561279 0.46456003189086914 
vt 0.5490807890892029 0.4869329631328583 
vt 0.5499182939529419 0.4552776515483856 
vt 0.573846697807312 0.48776599764823914 
vt 0.5770770311355591 0.44766131043434143 
vt 0.5927501320838928 0.48836103081703186 
vt 0.5940662026405334 0.4518264830112457 
vt 0.913749635219574 0.3534093499183655 
vt 0.9275084733963013 0.32234904170036316 
vt 0.943061888217926 0.3218730390071869 
vt 0.9446172714233398 0.25558724999427795 
vt 0.9346869587898254 0.3505532443523407 
vt 0.9196121096611023 0.3623347282409668 
vt 0.9289441704750061 0.35864558815956116 
vt 0.9385155439376831 0.377924382686615 
vt 0.9446172714233398 0.3764963448047638 
vt 0.935285210609436 0.3812565207481384 
vt 0.9394726753234863 0.38839682936668396 
vt 0.9151853322982788 0.37875741720199585 
vt 0.9132710695266724 0.3881588280200958 
vt 0.8813266158103943 0.37459224462509155 
vt 0.8785749077796936 0.39601314067840576 
vt 0.8686445951461792 0.355789452791214 
vt 0.8819248676300049 0.3340115547180176 
vt 0.8554839491844177 0.3450790047645569 
vt 0.8632606863975525 0.3222300410270691 
vt 0.8920944333076477 0.3097345232963562 
vt 0.868405282497406 0.29842904210090637 
vt 0.9363619685173035 0.25701531767845154 
vt 0.9179370999336243 0.24808993935585022 
vt 0.9272691607475281 0.24011659622192383 
vt 0.905853271484375 0.23392833769321442 
vt 0.9027425646781921 0.24011659622192383 
vt 0.8956837058067322 0.08445806056261063 
vt 0.9028621912002563 0.09612055122852325 
vt 0.9001104235649109 0.16193030774593353 
vt 0.907408595085144 0.17145071923732758 
vt 0.8855141401290894 0.16526246070861816 
vt 0.8983157873153687 0.1789480298757553 
vt 0.9181763529777527 0.1734738051891327 
vt 0.9178174734115601 0.18596932291984558 
vt 0.9288245439529419 0.17121270298957825 
vt 0.9371994733810425 0.17906703054904938 
vt 0.9362423419952393 0.1620493233203888 
vt 0.9500011801719666 0.1658574789762497 
vt 0.9174585342407227 0.10135676711797714 
vt 0.9322941303253174 0.09612055122852325 
vt 0.9393529891967773 0.08445806056261063 
vt 0.04718261957168579 0.23440435528755188 
vt 0.04718261957168579 0.1731167882680893 
vt 0.03186844289302826 0.24083063006401062 
vt 0.03198808431625366 0.17954304814338684 
vt 0.5271863341331482 0.845257043838501 
vt 0.454324334859848 0.8220510482788086 
vt 0.5219220519065857 0.8573955297470093 
vt 0.46066537499427795 0.8589426279067993 
vt 0.444035142660141 0.8584665656089783 
vt 0.4408048093318939 0.821694016456604 
vt 0.42740491032600403 0.8581095933914185 
vt 0.42728525400161743 0.8213370442390442 
vt 0.4107746481895447 0.8584665656089783 
vt 0.41376569867134094 0.8215750455856323 
vt 0.3942640721797943 0.8589426279067993 
vt 0.40024617314338684 0.8220510482788086 
vt 0.3276234567165375 0.8459710478782654 
vt 0.3330073654651642 0.8577525615692139 
vt 0.016554268077015877 0.17335478961467743 
vt 0.010093599557876587 0.15800315141677856 
vt 0.03198808431625366 0.17954304814338684 
vt 0.03509877622127533 0.1571701169013977 
vt 0.010093599557876587 0.15800315141677856 
vt 0.016434626653790474 0.1426514983177185 
vt 0.03509877622127533 0.1571701169013977 
vt 0.031748801469802856 0.13622523844242096 
vt 0.03509877622127533 0.1571701169013977 
vt 0.031748801469802856 0.13622523844242096 
vt 0.05352364480495453 0.15776513516902924 
vt 0.04706297814846039 0.14241349697113037 
vt 0.03198808431625366 0.17954304814338684 
vt 0.03509877622127533 0.1571701169013977 
vt 0.04718261957168579 0.1731167882680893 
vt 0.05352364480495453 0.15776513516902924 
vt 0.03186844289302826 0.24083063006401062 
vt 0.016554268077015877 0.23452337086200714 
vt 0.03198808431625366 0.17954304814338684 
vt 0.016554268077015877 0.17335478961467743 
vt 0.016554268077015877 0.23452337086200714 
vt 0.010093599557876587 0.21929071843624115 
vt 0.016554268077015877 0.17335478961467743 
vt 0.010093599557876587 0.15800315141677856 
vt 0.05352364480495453 0.21905271708965302 
vt 0.04718261957168579 0.23440435528755188 
vt 0.05352364480495453 0.15776513516902924 
vt 0.04718261957168579 0.1731167882680893 
vt 0.19805118441581726 0.9296315908432007 
vt 0.19326549768447876 0.9548606276512146 
vt 0.12889809906482697 0.9053545594215393 
vt 0.12375350296497345 0.9420080780982971 
vt 0.09874831885099411 0.9086866974830627 
vt 0.18764232099056244 0.9772335886955261 
vt 0.11848925054073334 0.9725923538208008 
vt 0.18824054300785065 0.9841358661651611 
vt 0.11753211915493011 0.9847308993339539 
vt 0.09276622533798218 0.9675941467285156 
vt 0.09109123051166534 0.9837788343429565 
vt 0.0658467710018158 0.9611678719520569 
vt 0.06465034931898117 0.9818747639656067 
vt 0.06668426841497421 0.938556969165802 
vt 0.09563762694597244 0.9401040077209473 
vt 0.06465034931898117 0.9115428328514099 
vt 0.09719297289848328 0.8980952501296997 
vt 0.0892966017127037 0.8859567642211914 
vt 0.12291600555181503 0.8901219367980957 
vt 0.11908746510744095 0.8792924284934998 
vt 0.21228857338428497 0.5084728598594666 
vt 0.24889902770519257 0.5071638226509094 
vt 0.20810110867023468 0.49145516753196716 
vt 0.24830082058906555 0.4881230294704437 
vt 0.21575820446014404 0.464322030544281 
vt 0.24746333062648773 0.46348899602890015 
vt 0.22509028017520905 0.4381409287452698 
vt 0.24794189631938934 0.4398069977760315 
vt 0.23394377529621124 0.4173150360584259 
vt 0.24889902770519257 0.41791006922721863 
s on 
f 1/1/1 2/2/2 3/3/3 
f 2/2/2 2/2/2 3/3/3 
f 3/3/3 2/2/2 4/4/4 
f 2/2/2 2/2/2 4/4/4 
f 4/4/4 2/2/2 5/5/5 
f 2/2/2 6/6/6 5/5/5 
f 5/5/5 6/6/6 7/7/7 
f 6/6/6 8/8/8 7/7/7 
f 7/7/7 8/8/8 9/9/9 
f 8/8/8 10/10/10 9/9/9 
f 9/9/9 10/10/10 9/9/9 
f 10/10/10 11/11/11 9/9/9 
f 9/9/9 11/11/11 9/9/9 
f 11/11/11 12/12/12 9/9/9 
f 9/9/9 12/12/12 13/13/13 
f 12/12/12 14/14/14 13/13/13 
f 13/13/13 14/14/14 13/13/13 
f 14/14/14 15/15/15 13/13/13 
f 13/13/13 15/15/15 13/13/13 
f 15/15/15 16/16/16 13/13/13 
f 13/13/13 16/16/16 13/13/13 
f 16/16/16 17/17/17 13/13/13 
f 13/13/13 17/17/17 9/9/9 
f 17/17/17 18/18/18 9/9/9 
f 9/9/9 18/18/18 7/7/7 
f 18/18/18 19/19/19 7/7/7 
f 7/7/7 19/19/19 5/5/5 
f 19/19/19 5/5/5 5/5/5 
f 5/5/5 5/5/5 6/6/6 
f 5/5/5 6/6/6 6/6/6 
f 6/6/6 6/6/6 8/8/8 
f 6/6/6 20/20/20 8/8/8 
f 8/8/8 20/20/20 8/8/8 
f 20/20/20 21/21/21 8/8/8 
f 8/8/8 21/21/21 10/10/10 
f 21/21/21 10/10/10 10/10/10 
f 10/10/10 10/10/10 18/18/18 
f 10/10/10 18/18/18 18/18/18 
f 18/18/18 18/18/18 19/19/19 
f 18/18/18 17/17/17 19/19/19 
f 19/19/19 17/17/17 22/22/22 
f 17/17/17 16/16/16 22/22/22 
f 22/22/22 16/16/16 22/22/22 
f 16/16/16 23/23/23 22/22/22 
f 22/22/22 23/23/23 24/24/24 
f 23/23/23 25/25/25 24/24/24 
f 24/24/24 25/25/25 26/26/26 
f 25/25/25 27/27/27 26/26/26 
f 26/26/26 27/27/27 28/28/28 
f 27/27/27 27/27/27 28/28/28 
f 28/28/28 27/27/27 29/29/29 
f 27/27/27 30/30/30 29/29/29 
f 29/29/29 30/30/30 30/30/30 
f 30/30/30 23/23/23 30/30/30 
f 30/30/30 23/23/23 23/23/23 
f 23/23/23 31/31/31 23/23/23 
f 23/23/23 31/31/31 25/25/25 
f 31/31/31 25/25/25 25/25/25 
f 25/25/25 25/25/25 28/28/28 
f 25/25/25 28/28/28 28/28/28 
f 28/28/28 28/28/28 26/26/26 
f 28/28/28 32/32/32 26/26/26 
f 26/26/26 32/32/32 26/26/26 
f 32/32/32 33/33/33 26/26/26 
f 26/26/26 33/33/33 24/24/24 
f 33/33/33 34/34/34 24/24/24 
f 24/24/24 34/34/34 22/22/22 
f 34/34/34 34/34/34 22/22/22 
f 22/22/22 34/34/34 19/19/19 
f 34/34/34 34/34/34 19/19/19 
f 19/19/19 34/34/34 5/5/5 
f 34/34/34 34/34/34 5/5/5 
f 5/5/5 34/34/34 4/4/4 
f 34/34/34 33/33/33 4/4/4 
f 4/4/4 33/33/33 35/35/35 
f 33/33/33 32/32/32 35/35/35 
f 35/35/35 32/32/32 35/35/35 
f 32/32/32 36/36/36 35/35/35 
f 35/35/35 36/36/36 37/37/37 
f 36/36/36 38/38/38 37/37/37 
f 37/37/37 38/38/38 39/39/39 
f 38/38/38 39/39/39 39/39/39 
f 39/39/39 39/39/39 4/4/4 
f 39/39/39 4/4/4 4/4/4 
f 4/4/4 4/4/4 3/3/3 
f 4/4/4 35/35/35 3/3/3 
f 3/3/3 35/35/35 37/37/37 
f 35/35/35 37/37/37 37/37/37 
f 37/37/37 37/37/37 40/40/40 
f 37/37/37 40/40/40 40/40/40 
f 40/40/40 40/40/40 41/41/41 
f 40/40/40 42/42/42 41/41/41 
f 41/41/41 42/42/42 43/43/43 
f 42/42/42 44/44/44 43/43/43 
f 43/43/43 44/44/44 45/45/45 
f 44/44/44 46/46/46 45/45/45 
f 45/45/45 46/46/46 47/47/47 
f 46/46/46 48/48/48 47/47/47 
f 47/47/47 48/48/48 49/49/49 
f 48/48/48 50/50/50 49/49/49 
f 49/49/49 50/50/50 51/51/51 
f 50/50/50 52/52/52 51/51/51 
f 51/51/51 52/52/52 53/53/53 
f 52/52/52 52/52/52 53/53/53 
f 53/53/53 52/52/52 54/54/54 
f 52/52/52 55/55/55 54/54/54 
f 54/54/54 55/55/55 54/54/54 
f 55/55/55 56/56/56 54/54/54 
f 54/54/54 56/56/56 57/57/57 
f 56/56/56 58/58/58 57/57/57 
f 57/57/57 58/58/58 59/59/59 
f 58/58/58 60/60/60 59/59/59 
f 59/59/59 60/60/60 61/61/61 
f 60/60/60 62/62/62 61/61/61 
f 61/61/61 62/62/62 63/63/63 
f 62/62/62 64/64/64 63/63/63 
f 63/63/63 64/64/64 63/63/63 
f 64/64/64 65/65/65 63/63/63 
f 63/63/63 65/65/65 66/66/66 
f 65/65/65 67/67/67 66/66/66 
f 66/66/66 67/67/67 68/68/68 
f 67/67/67 69/69/69 68/68/68 
f 68/68/68 69/69/69 68/68/68 
f 69/69/69 70/70/70 68/68/68 
f 68/68/68 70/70/70 57/57/57 
f 70/70/70 70/70/70 57/57/57 
f 57/57/57 70/70/70 54/54/54 
f 70/70/70 71/71/71 54/54/54 
f 54/54/54 71/71/71 53/53/53 
f 71/71/71 53/53/53 53/53/53 
f 53/53/53 53/53/53 63/63/63 
f 53/53/53 63/63/63 63/63/63 
f 63/63/63 63/63/63 61/61/61 
f 63/63/63 66/66/66 61/61/61 
f 61/61/61 66/66/66 59/59/59 
f 66/66/66 68/68/68 59/59/59 
f 59/59/59 68/68/68 57/57/57 
f 68/68/68 57/57/57 57/57/57 
f 57/57/57 57/57/57 69/69/69 
f 57/57/57 69/69/69 69/69/69 
f 69/69/69 69/69/69 70/70/70 
f 69/69/69 72/72/72 70/70/70 
f 70/70/70 72/72/72 71/71/71 
f 72/72/72 73/73/73 71/71/71 
f 71/71/71 73/73/73 53/53/53 
f 73/73/73 53/53/53 53/53/53 
f 53/53/53 53/53/53 72/72/72 
f 53/53/53 72/72/72 72/72/72 
f 72/72/72 72/72/72 73/73/73 
f 72/72/72 74/74/74 73/73/73 
f 73/73/73 74/74/74 73/73/73 
f 74/74/74 75/75/75 73/73/73 
f 73/73/73 75/75/75 76/76/76 
f 75/75/75 77/77/77 76/76/76 
f 76/76/76 77/77/77 78/78/78 
f 77/77/77 79/79/79 78/78/78 
f 78/78/78 79/79/79 80/80/80 
f 79/79/79 81/81/81 80/80/80 
f 80/80/80 81/81/81 80/80/80 
f 81/81/81 82/82/82 80/80/80 
f 80/80/80 82/82/82 80/80/80 
f 82/82/82 45/45/45 80/80/80 
f 80/80/80 45/45/45 80/80/80 
f 45/45/45 47/47/47 80/80/80 
f 80/80/80 47/47/47 78/78/78 
f 47/47/47 49/49/49 78/78/78 
f 78/78/78 49/49/49 76/76/76 
f 49/49/49 51/51/51 76/76/76 
f 76/76/76 51/51/51 73/73/73 
f 51/51/51 53/53/53 73/73/73 
f 73/73/73 53/53/53 53/53/53 
f 53/53/53 45/45/45 53/53/53 
f 53/53/53 45/45/45 45/45/45 
f 45/45/45 82/82/82 45/45/45 
f 45/45/45 82/82/82 43/43/43 
f 82/82/82 83/83/83 43/43/43 
f 43/43/43 83/83/83 41/41/41 
f 83/83/83 84/84/84 41/41/41 
f 41/41/41 84/84/84 40/40/40 
f 84/84/84 40/40/40 40/40/40 
f 40/40/40 40/40/40 82/82/82 
f 40/40/40 82/82/82 82/82/82 
f 82/82/82 82/82/82 83/83/83 
f 82/82/82 85/85/85 83/83/83 
f 83/83/83 85/85/85 84/84/84 
f 85/85/85 86/86/86 84/84/84 
f 84/84/84 86/86/86 86/86/86 
f 86/86/86 87/87/87 86/86/86 
f 86/86/86 87/87/87 87/87/87 
f 87/87/87 88/88/88 87/87/87 
f 87/87/87 88/88/88 89/89/89 
f 88/88/88 88/88/88 89/89/89 
f 89/89/89 88/88/88 90/90/90 
f 88/88/88 91/91/91 90/90/90 
f 90/90/90 91/91/91 90/90/90 
f 91/91/91 92/92/92 90/90/90 
f 90/90/90 92/92/92 93/93/93 
f 92/92/92 94/94/94 93/93/93 
f 93/93/93 94/94/94 93/93/93 
f 94/94/94 95/95/95 93/93/93 
f 93/93/93 95/95/95 96/96/96 
f 95/95/95 97/97/97 96/96/96 
f 96/96/96 97/97/97 97/97/97 
f 97/97/97 87/87/87 97/97/97 
f 97/97/97 87/87/87 87/87/87 
f 87/87/87 98/98/98 87/87/87 
f 87/87/87 98/98/98 88/88/88 
f 98/98/98 91/91/91 88/88/88 
f 88/88/88 91/91/91 91/91/91 
f 91/91/91 92/92/92 91/91/91 
f 91/91/91 92/92/92 92/92/92 
f 92/92/92 99/99/99 92/92/92 
f 92/92/92 99/99/99 94/94/94 
f 99/99/99 94/94/94 94/94/94 
f 94/94/94 94/94/94 89/89/89 
f 94/94/94 89/89/89 89/89/89 
f 89/89/89 89/89/89 100/100/100 
f 89/89/89 90/90/90 100/100/100 
f 100/100/100 90/90/90 101/101/101 
f 90/90/90 93/93/93 101/101/101 
f 101/101/101 93/93/93 101/101/101 
f 93/93/93 96/96/96 101/101/101 
f 101/101/101 96/96/96 102/102/102 
f 96/96/96 96/96/96 102/102/102 
f 102/102/102 96/96/96 103/103/103 
f 96/96/96 97/97/97 103/103/103 
f 103/103/103 97/97/97 103/103/103 
f 97/97/97 104/104/104 103/103/103 
f 103/103/103 104/104/104 105/105/105 
f 104/104/104 106/106/106 105/105/105 
f 105/105/105 106/106/106 106/106/106 
f 106/106/106 100/100/100 106/106/106 
f 106/106/106 100/100/100 100/100/100 
f 100/100/100 101/101/101 100/100/100 
f 100/100/100 101/101/101 107/107/107 
f 101/101/101 102/102/102 107/107/107 
f 107/107/107 102/102/102 108/108/108 
f 102/102/102 109/109/109 108/108/108 
f 108/108/108 109/109/109 110/110/110 
f 109/109/109 111/111/111 110/110/110 
f 110/110/110 111/111/111 112/112/112 
f 111/111/111 111/111/111 112/112/112 
f 112/112/112 111/111/111 113/113/113 
f 111/111/111 111/111/111 113/113/113 
f 113/113/113 111/111/111 114/114/114 
f 111/111/111 115/115/115 114/114/114 
f 114/114/114 115/115/115 116/116/116 
f 115/115/115 106/106/106 116/116/116 
f 116/116/116 106/106/106 116/116/116 
f 106/106/106 117/117/117 116/116/116 
f 116/116/116 117/117/117 116/116/116 
f 117/117/117 118/118/118 116/116/116 
f 116/116/116 118/118/118 119/119/119 
f 118/118/118 120/120/120 119/119/119 
f 119/119/119 120/120/120 120/120/120 
f 120/120/120 102/102/102 120/120/120 
f 120/120/120 102/102/102 102/102/102 
f 102/102/102 103/103/103 102/102/102 
f 102/102/102 103/103/103 109/109/109 
f 103/103/103 105/105/105 109/109/109 
f 109/109/109 105/105/105 111/111/111 
f 105/105/105 105/105/105 111/111/111 
f 111/111/111 105/105/105 115/115/115 
f 105/105/105 106/106/106 115/115/115 
f 115/115/115 106/106/106 106/106/106 
f 106/106/106 119/119/119 106/106/106 
f 106/106/106 119/119/119 119/119/119 
f 119/119/119 121/121/121 119/119/119 
f 119/119/119 121/121/121 116/116/116 
f 121/121/121 121/121/121 116/116/116 
f 116/116/116 121/121/121 114/114/114 
f 121/121/121 121/121/121 114/114/114 
f 114/114/114 121/121/121 113/113/113 
f 121/121/121 121/121/121 113/113/113 
f 113/113/113 121/121/121 122/122/122 
f 121/121/121 123/123/123 122/122/122 
f 122/122/122 123/123/123 124/124/124 
f 123/123/123 124/124/124 124/124/124 
f 124/124/124 124/124/124 121/121/121 
f 124/124/124 121/121/121 121/121/121 
f 121/121/121 121/121/121 123/123/123 
f 121/121/121 119/119/119 123/123/123 
f 123/123/123 119/119/119 125/125/125 
f 119/119/119 120/120/120 125/125/125 
f 125/125/125 120/120/120 125/125/125 
f 120/120/120 126/126/126 125/125/125 
f 125/125/125 126/126/126 127/127/127 
f 126/126/126 128/128/128 127/127/127 
f 127/127/127 128/128/128 129/129/129 
f 128/128/128 130/130/130 129/129/129 
f 129/129/129 130/130/130 129/129/129 
f 130/130/130 131/131/131 129/129/129 
f 129/129/129 131/131/131 132/132/132 
f 131/131/131 124/124/124 132/132/132 
f 132/132/132 124/124/124 132/132/132 
f 124/124/124 123/123/123 132/132/132 
f 132/132/132 123/123/123 132/132/132 
f 123/123/123 125/125/125 132/132/132 
f 132/132/132 125/125/125 132/132/132 
f 125/125/125 127/127/127 132/132/132 
f 132/132/132 127/127/127 129/129/129 
f 127/127/127 129/129/129 129/129/129 
f 129/129/129 129/129/129 133/133/133 
f 129/129/129 133/133/133 133/133/133 
f 133/133/133 133/133/133 134/134/134 
f 133/133/133 135/135/135 134/134/134 
f 134/134/134 135/135/135 136/136/136 
f 135/135/135 137/137/137 136/136/136 
f 136/136/136 137/137/137 137/137/137 
f 137/137/137 133/133/133 137/137/137 
f 137/137/137 133/133/133 133/133/133 
f 133/133/133 138/138/138 133/133/133 
f 133/133/133 138/138/138 135/135/135 
f 138/138/138 138/138/138 135/135/135 
f 135/135/135 138/138/138 139/139/139 
f 138/138/138 140/140/140 139/139/139 
f 139/139/139 140/140/140 141/141/141 
f 140/140/140 142/142/142 141/141/141 
f 141/141/141 142/142/142 141/141/141 
f 142/142/142 143/143/143 141/141/141 
f 141/141/141 143/143/143 141/141/141 
f 143/143/143 144/144/144 141/141/141 
f 141/141/141 144/144/144 141/141/141 
f 144/144/144 145/145/145 141/141/141 
f 141/141/141 145/145/145 139/139/139 
f 145/145/145 146/146/146 139/139/139 
f 139/139/139 146/146/146 135/135/135 
f 146/146/146 146/146/146 135/135/135 
f 135/135/135 146/146/146 137/137/137 
f 146/146/146 146/146/146 137/137/137 
f 137/137/137 146/146/146 147/147/147 
f 146/146/146 148/148/148 147/147/147 
f 147/147/147 148/148/148 149/149/149 
f 148/148/148 148/148/148 149/149/149 
f 149/149/149 148/148/148 150/150/150 
f 148/148/148 151/151/151 150/150/150 
f 150/150/150 151/151/151 152/152/152 
f 151/151/151 153/153/153 152/152/152 
f 152/152/152 153/153/153 154/154/154 
f 153/153/153 155/155/155 154/154/154 
f 154/154/154 155/155/155 156/156/156 
f 155/155/155 156/156/156 156/156/156 
f 156/156/156 156/156/156 146/146/146 
f 156/156/156 146/146/146 146/146/146 
f 146/146/146 146/146/146 148/148/148 
f 146/146/146 145/145/145 148/148/148 
f 148/148/148 145/145/145 151/151/151 
f 145/145/145 144/144/144 151/151/151 
f 151/151/151 144/144/144 153/153/153 
f 144/144/144 157/157/157 153/153/153 
f 153/153/153 157/157/157 155/155/155 
f 157/157/157 155/155/155 155/155/155 
f 155/155/155 155/155/155 144/144/144 
f 155/155/155 144/144/144 144/144/144 
f 144/144/144 144/144/144 157/157/157 
f 144/144/144 143/143/143 157/157/157 
f 157/157/157 143/143/143 158/158/158 
f 143/143/143 159/159/159 158/158/158 
f 158/158/158 159/159/159 158/158/158 
f 159/159/159 160/160/160 158/158/158 
f 158/158/158 160/160/160 158/158/158 
f 160/160/160 161/161/161 158/158/158 
f 158/158/158 161/161/161 162/162/162 
f 161/161/161 163/163/163 162/162/162 
f 162/162/162 163/163/163 164/164/164 
f 163/163/163 163/163/163 164/164/164 
f 164/164/164 163/163/163 165/165/165 
f 163/163/163 166/166/166 165/165/165 
f 165/165/165 166/166/166 167/167/167 
f 166/166/166 167/167/167 167/167/167 
f 167/167/167 167/167/167 158/158/158 
f 167/167/167 158/158/158 158/158/158 
f 158/158/158 158/158/158 157/157/157 
f 158/158/158 162/162/162 157/157/157 
f 157/157/157 162/162/162 155/155/155 
f 162/162/162 162/162/162 155/155/155 
f 155/155/155 162/162/162 156/156/156 
f 162/162/162 162/162/162 156/156/156 
f 156/156/156 162/162/162 168/168/168 
f 162/162/162 164/164/164 168/168/168 
f 168/168/168 164/164/164 164/164/164 
f 164/164/164 163/163/163 164/164/164 
f 164/164/164 163/163/163 163/163/163 
f 163/163/163 161/161/161 163/163/163 
f 163/163/163 161/161/161 166/166/166 
f 161/161/161 161/161/161 166/166/166 
f 166/166/166 161/161/161 169/169/169 
f 161/161/161 160/160/160 169/169/169 
f 169/169/169 160/160/160 170/170/170 
f 160/160/160 171/171/171 170/170/170 
f 170/170/170 171/171/171 170/170/170 
f 171/171/171 172/172/172 170/170/170 
f 170/170/170 172/172/172 173/173/173 
f 172/172/172 174/174/174 173/173/173 
f 173/173/173 174/174/174 175/175/175 
f 174/174/174 176/176/176 175/175/175 
f 175/175/175 176/176/176 175/175/175 
f 176/176/176 177/177/177 175/175/175 
f 175/175/175 177/177/177 175/175/175 
f 177/177/177 178/178/178 175/175/175 
f 175/175/175 178/178/178 175/175/175 
f 178/178/178 179/179/179 175/175/175 
f 175/175/175 179/179/179 180/180/180 
f 179/179/179 181/181/181 180/180/180 
f 180/180/180 181/181/181 181/181/181 
f 181/181/181 175/175/175 181/181/181 
f 181/181/181 175/175/175 175/175/175 
f 175/175/175 180/180/180 175/175/175 
f 175/175/175 180/180/180 173/173/173 
f 180/180/180 182/182/182 173/173/173 
f 173/173/173 182/182/182 170/170/170 
f 182/182/182 182/182/182 170/170/170 
f 170/170/170 182/182/182 169/169/169 
f 182/182/182 183/183/183 169/169/169 
f 169/169/169 183/183/183 166/166/166 
f 183/183/183 183/183/183 166/166/166 
f 166/166/166 183/183/183 167/167/167 
f 183/183/183 183/183/183 167/167/167 
f 167/167/167 183/183/183 184/184/184 
f 183/183/183 185/185/185 184/184/184 
f 184/184/184 185/185/185 186/186/186 
f 185/185/185 185/185/185 186/186/186 
f 186/186/186 185/185/185 181/181/181 
f 185/185/185 185/185/185 181/181/181 
f 181/181/181 185/185/185 180/180/180 
f 185/185/185 185/185/185 180/180/180 
f 180/180/180 185/185/185 182/182/182 
f 185/185/185 183/183/183 182/182/182 
f 182/182/182 183/183/183 183/183/183 
f 183/183/183 187/187/187 183/183/183 
f 183/183/183 187/187/187 187/187/187 
f 187/187/187 188/188/188 187/187/187 
f 187/187/187 188/188/188 189/189/189 
f 188/188/188 190/190/190 189/189/189 
f 189/189/189 190/190/190 191/191/191 
f 190/190/190 191/191/191 191/191/191 
f 191/191/191 191/191/191 187/187/187 
f 191/191/191 187/187/187 187/187/187 
f 187/187/187 187/187/187 192/192/192 
f 187/187/187 189/189/189 192/192/192 
f 192/192/192 189/189/189 192/192/192 
f 189/189/189 193/193/193 192/192/192 
f 192/192/192 193/193/193 194/194/194 
f 193/193/193 195/195/195 194/194/194 
f 194/194/194 195/195/195 196/196/196 
f 195/195/195 195/195/195 196/196/196 
f 196/196/196 195/195/195 197/197/197 
f 195/195/195 198/198/198 197/197/197 
f 197/197/197 198/198/198 199/199/199 
f 198/198/198 200/200/200 199/199/199 
f 199/199/199 200/200/200 201/201/201 
f 200/200/200 201/201/201 201/201/201 
f 201/201/201 201/201/201 200/200/200 
f 201/201/201 200/200/200 200/200/200 
f 200/200/200 200/200/200 202/202/202 
f 200/200/200 198/198/198 202/202/202 
f 202/202/202 198/198/198 203/203/203 
f 198/198/198 195/195/195 203/203/203 
f 203/203/203 195/195/195 203/203/203 
f 195/195/195 193/193/193 203/203/203 
f 203/203/203 193/193/193 204/204/204 
f 193/193/193 189/189/189 204/204/204 
f 204/204/204 189/189/189 204/204/204 
f 189/189/189 191/191/191 204/204/204 
f 204/204/204 191/191/191 204/204/204 
f 191/191/191 205/205/205 204/204/204 
f 204/204/204 205/205/205 204/204/204 
f 205/205/205 206/206/206 204/204/204 
f 204/204/204 206/206/206 203/203/203 
f 206/206/206 202/202/202 203/203/203 
f 203/203/203 202/202/202 202/202/202 
f 202/202/202 207/207/207 202/202/202 
f 202/202/202 207/207/207 207/207/207 
f 207/207/207 208/208/208 207/207/207 
f 207/207/207 208/208/208 209/209/209 
f 208/208/208 208/208/208 209/209/209 
f 209/209/209 208/208/208 210/210/210 
f 208/208/208 211/211/211 210/210/210 
f 210/210/210 211/211/211 211/211/211 
f 211/211/211 207/207/207 211/211/211 
f 211/211/211 207/207/207 207/207/207 
f 207/207/207 212/212/212 207/207/207 
f 207/207/207 212/212/212 208/208/208 
f 212/212/212 212/212/212 208/208/208 
f 208/208/208 212/212/212 213/213/213 
f 212/212/212 214/214/214 213/213/213 
f 213/213/213 214/214/214 215/215/215 
f 214/214/214 216/216/216 215/215/215 
f 215/215/215 216/216/216 217/217/217 
f 216/216/216 216/216/216 217/217/217 
f 217/217/217 216/216/216 218/218/218 
f 216/216/216 219/219/219 218/218/218 
f 218/218/218 219/219/219 218/218/218 
f 219/219/219 220/220/220 218/218/218 
f 218/218/218 220/220/220 221/221/221 
f 220/220/220 220/220/220 221/221/221 
f 221/221/221 220/220/220 222/222/222 
f 220/220/220 223/223/223 222/222/222 
f 222/222/222 223/223/223 224/224/224 
f 223/223/223 225/225/225 224/224/224 
f 224/224/224 225/225/225 226/226/226 
f 225/225/225 227/227/227 226/226/226 
f 226/226/226 227/227/227 226/226/226 
f 227/227/227 228/228/228 226/226/226 
f 226/226/226 228/228/228 226/226/226 
f 228/228/228 229/229/229 226/226/226 
f 226/226/226 229/229/229 226/226/226 
f 229/229/229 230/230/230 226/226/226 
f 226/226/226 230/230/230 231/231/231 
f 230/230/230 232/232/232 231/231/231 
f 231/231/231 232/232/232 232/232/232 
f 232/232/232 226/226/226 232/232/232 
f 232/232/232 226/226/226 226/226/226 
f 226/226/226 231/231/231 226/226/226 
f 226/226/226 231/231/231 224/224/224 
f 231/231/231 233/233/233 224/224/224 
f 224/224/224 233/233/233 222/222/222 
f 233/233/233 234/234/234 222/222/222 
f 222/222/222 234/234/234 221/221/221 
f 234/234/234 235/235/235 221/221/221 
f 221/221/221 235/235/235 236/236/236 
f 235/235/235 237/237/237 236/236/236 
f 236/236/236 237/237/237 236/236/236 
f 237/237/237 238/238/238 236/236/236 
f 236/236/236 238/238/238 236/236/236 
f 238/238/238 217/217/217 236/236/236 
f 236/236/236 217/217/217 236/236/236 
f 217/217/217 218/218/218 236/236/236 
f 236/236/236 218/218/218 221/221/221 
f 218/218/218 221/221/221 221/221/221 
f 221/221/221 221/221/221 237/237/237 
f 221/221/221 237/237/237 237/237/237 
f 237/237/237 237/237/237 239/239/239 
f 237/237/237 235/235/235 239/239/239 
f 239/239/239 235/235/235 240/240/240 
f 235/235/235 234/234/234 240/240/240 
f 240/240/240 234/234/234 241/241/241 
f 234/234/234 233/233/233 241/241/241 
f 241/241/241 233/233/233 242/242/242 
f 233/233/233 231/231/231 242/242/242 
f 242/242/242 231/231/231 242/242/242 
f 231/231/231 232/232/232 242/242/242 
f 242/242/242 232/232/232 242/242/242 
f 232/232/232 243/243/243 242/242/242 
f 242/242/242 243/243/243 242/242/242 
f 243/243/243 244/244/244 242/242/242 
f 242/242/242 244/244/244 241/241/241 
f 244/244/244 245/245/245 241/241/241 
f 241/241/241 245/245/245 240/240/240 
f 245/245/245 246/246/246 240/240/240 
f 240/240/240 246/246/246 239/239/239 
f 246/246/246 247/247/247 239/239/239 
f 239/239/239 247/247/247 247/247/247 
f 247/247/247 237/237/237 247/247/247 
f 247/247/247 237/237/237 237/237/237 
f 237/237/237 248/248/248 237/237/237 
f 237/237/237 248/248/248 238/238/238 
f 248/248/248 249/249/249 238/238/238 
f 238/238/238 249/249/249 250/250/250 
f 249/249/249 249/249/249 250/250/250 
f 250/250/250 249/249/249 251/251/251 
f 249/249/249 252/252/252 251/251/251 
f 251/251/251 252/252/252 253/253/253 
f 252/252/252 253/253/253 253/253/253 
f 253/253/253 253/253/253 254/254/254 
f 253/253/253 254/254/254 254/254/254 
f 254/254/254 254/254/254 248/248/248 
f 254/254/254 255/255/255 248/248/248 
f 248/248/248 255/255/255 249/249/249 
f 255/255/255 252/252/252 249/249/249 
f 249/249/249 252/252/252 252/252/252 
f 252/252/252 238/238/238 252/252/252 
f 252/252/252 238/238/238 238/238/238 
f 238/238/238 250/250/250 238/238/238 
f 238/238/238 250/250/250 217/217/217 
f 250/250/250 250/250/250 217/217/217 
f 217/217/217 250/250/250 215/215/215 
f 250/250/250 256/256/256 215/215/215 
f 215/215/215 256/256/256 213/213/213 
f 256/256/256 213/213/213 213/213/213 
f 213/213/213 213/213/213 250/250/250 
f 213/213/213 250/250/250 250/250/250 
f 250/250/250 250/250/250 256/256/256 
f 250/250/250 251/251/251 256/256/256 
f 256/256/256 251/251/251 257/257/257 
f 251/251/251 253/253/253 257/257/257 
f 257/257/257 253/253/253 257/257/257 
f 253/253/253 258/258/258 257/257/257 
f 257/257/257 258/258/258 257/257/257 
f 258/258/258 259/259/259 257/257/257 
f 257/257/257 259/259/259 260/260/260 
f 259/259/259 211/211/211 260/260/260 
f 260/260/260 211/211/211 260/260/260 
f 211/211/211 208/208/208 260/260/260 
f 260/260/260 208/208/208 260/260/260 
f 208/208/208 213/213/213 260/260/260 
f 260/260/260 213/213/213 260/260/260 
f 213/213/213 256/256/256 260/260/260 
f 260/260/260 256/256/256 257/257/257 
f 256/256/256 257/257/257 257/257/257 
f 257/257/257 257/257/257 261/261/261 
f 257/257/257 261/261/261 261/261/261 
f 261/261/261 261/261/261 262/262/262 
f 261/261/261 263/263/263 262/262/262 
f 262/262/262 263/263/263 262/262/262 
f 263/263/263 264/264/264 262/262/262 
f 262/262/262 264/264/264 265/265/265 
f 264/264/264 265/265/265 265/265/265 
f 265/265/265 265/265/265 261/261/261 
f 265/265/265 261/261/261 261/261/261 
f 261/261/261 261/261/261 266/266/266 
f 261/261/261 262/262/262 266/266/266 
f 266/266/266 262/262/262 266/266/266 
f 262/262/262 267/267/267 266/266/266 
f 266/266/266 267/267/267 268/268/268 
f 267/267/267 269/269/269 268/268/268 
f 268/268/268 269/269/269 270/270/270 
f 269/269/269 269/269/269 270/270/270 
f 270/270/270 269/269/269 271/271/271 
f 269/269/269 272/272/272 271/271/271 
f 271/271/271 272/272/272 273/273/273 
f 272/272/272 274/274/274 273/273/273 
f 273/273/273 274/274/274 275/275/275 
f 274/274/274 275/275/275 275/275/275 
f 275/275/275 275/275/275 274/274/274 
f 275/275/275 274/274/274 274/274/274 
f 274/274/274 274/274/274 276/276/276 
f 274/274/274 272/272/272 276/276/276 
f 276/276/276 272/272/272 277/277/277 
f 272/272/272 269/269/269 277/277/277 
f 277/277/277 269/269/269 277/277/277 
f 269/269/269 267/267/267 277/277/277 
f 277/277/277 267/267/267 278/278/278 
f 267/267/267 262/262/262 278/278/278 
f 278/278/278 262/262/262 278/278/278 
f 262/262/262 265/265/265 278/278/278 
f 278/278/278 265/265/265 278/278/278 
f 265/265/265 279/279/279 278/278/278 
f 278/278/278 279/279/279 278/278/278 
f 279/279/279 280/280/280 278/278/278 
f 278/278/278 280/280/280 277/277/277 
f 280/280/280 276/276/276 277/277/277 
f 277/277/277 276/276/276 276/276/276 
f 276/276/276 281/281/281 276/276/276 
f 276/276/276 281/281/281 281/281/281 
f 281/281/281 282/282/282 281/281/281 
f 281/281/281 282/282/282 283/283/283 
f 282/282/282 282/282/282 283/283/283 
f 283/283/283 282/282/282 284/284/284 
f 282/282/282 282/282/282 284/284/284 
f 284/284/284 282/282/282 285/285/285 
f 282/282/282 286/286/286 285/285/285 
f 285/285/285 286/286/286 287/287/287 
f 286/286/286 288/288/288 287/287/287 
f 287/287/287 288/288/288 289/289/289 
f 288/288/288 288/288/288 289/289/289 
f 289/289/289 288/288/288 290/290/290 
f 288/288/288 286/286/286 290/290/290 
f 290/290/290 286/286/286 290/290/290 
f 286/286/286 282/282/282 290/290/290 
f 290/290/290 282/282/282 281/281/281 
f 282/282/282 281/281/281 281/281/281 
f 281/281/281 281/281/281 289/289/289 
f 281/281/281 289/289/289 289/289/289 
f 289/289/289 289/289/289 287/287/287 
f 289/289/289 291/291/291 287/287/287 
f 287/287/287 291/291/291 287/287/287 
f 291/291/291 292/292/292 287/287/287 
f 287/287/287 292/292/292 293/293/293 
f 292/292/292 294/294/294 293/293/293 
f 293/293/293 294/294/294 295/295/295 
f 294/294/294 296/296/296 295/295/295 
f 295/295/295 296/296/296 285/285/285 
f 296/296/296 296/296/296 285/285/285 
f 285/285/285 296/296/296 297/297/297 
f 296/296/296 298/298/298 297/297/297 
f 297/297/297 298/298/298 297/297/297 
f 298/298/298 299/299/299 297/297/297 
f 297/297/297 299/299/299 300/300/300 
f 299/299/299 301/301/301 300/300/300 
f 300/300/300 301/301/301 301/301/301 
f 301/301/301 293/293/293 301/301/301 
f 301/301/301 293/293/293 293/293/293 
f 293/293/293 295/295/295 293/293/293 
f 293/293/293 295/295/295 287/287/287 
f 295/295/295 285/285/285 287/287/287 
f 287/287/287 285/285/285 285/285/285 
f 285/285/285 292/292/292 285/285/285 
f 285/285/285 292/292/292 292/292/292 
f 292/292/292 302/302/302 292/292/292 
f 292/292/292 302/302/302 294/294/294 
f 302/302/302 302/302/302 294/294/294 
f 294/294/294 302/302/302 296/296/296 
f 302/302/302 298/298/298 296/296/296 
f 296/296/296 298/298/298 298/298/298 
f 298/298/298 297/297/297 298/298/298 
f 298/298/298 297/297/297 297/297/297 
f 297/297/297 300/300/300 297/297/297 
f 297/297/297 300/300/300 285/285/285 
f 300/300/300 303/303/303 285/285/285 
f 285/285/285 303/303/303 284/284/284 
f 303/303/303 304/304/304 284/284/284 
f 284/284/284 304/304/304 305/305/305 
f 304/304/304 306/306/306 305/305/305 
f 305/305/305 306/306/306 305/305/305 
f 306/306/306 307/307/307 305/305/305 
f 305/305/305 307/307/307 308/308/308 
f 307/307/307 308/308/308 308/308/308 
f 308/308/308 308/308/308 284/284/284 
f 308/308/308 284/284/284 284/284/284 
f 284/284/284 284/284/284 283/283/283 
f 284/284/284 305/305/305 283/283/283 
f 283/283/283 305/305/305 309/309/309 
f 305/305/305 309/309/309 309/309/309 
f 309/309/309 309/309/309 310/310/310 
f 309/309/309 310/310/310 310/310/310 
f 310/310/310 310/310/310 311/311/311 
f 310/310/310 312/312/312 311/311/311 
f 311/311/311 312/312/312 313/313/313 
f 312/312/312 312/312/312 313/313/313 
f 313/313/313 312/312/312 314/314/314 
f 312/312/312 315/315/315 314/314/314 
f 314/314/314 315/315/315 314/314/314 
f 315/315/315 316/316/316 314/314/314 
f 314/314/314 316/316/316 317/317/317 
f 316/316/316 318/318/318 317/317/317 
f 317/317/317 318/318/318 319/319/319 
f 318/318/318 319/319/319 319/319/319 
f 319/319/319 319/319/319 311/311/311 
f 319/319/319 311/311/311 311/311/311 
f 311/311/311 311/311/311 320/320/320 
f 311/311/311 313/313/313 320/320/320 
f 320/320/320 313/313/313 320/320/320 
f 313/313/313 321/321/321 320/320/320 
f 320/320/320 321/321/321 320/320/320 
f 321/321/321 322/322/322 320/320/320 
f 320/320/320 322/322/322 323/323/323 
f 322/322/322 324/324/324 323/323/323 
f 323/323/323 324/324/324 325/325/325 
f 324/324/324 325/325/325 325/325/325 
f 325/325/325 325/325/325 322/322/322 
f 325/325/325 322/322/322 322/322/322 
f 322/322/322 322/322/322 324/324/324 
f 322/322/322 326/326/326 324/324/324 
f 324/324/324 326/326/326 327/327/327 
f 326/326/326 326/326/326 327/327/327 
f 327/327/327 326/326/326 328/328/328 
f 326/326/326 329/329/329 328/328/328 
f 328/328/328 329/329/329 330/330/330 
f 329/329/329 329/329/329 330/330/330 
f 330/330/330 329/329/329 331/331/331 
f 329/329/329 332/332/332 331/331/331 
f 331/331/331 332/332/332 333/333/333 
f 332/332/332 319/319/319 333/333/333 
f 333/333/333 319/319/319 334/334/334 
f 319/319/319 334/334/334 334/334/334 
f 334/334/334 334/334/334 333/333/333 
f 334/334/334 333/333/333 333/333/333 
f 333/333/333 333/333/333 331/331/331 
f 333/333/333 335/335/335 331/331/331 
f 331/331/331 335/335/335 335/335/335 
f 335/335/335 319/319/319 335/335/335 
f 335/335/335 319/319/319 319/319/319 
f 319/319/319 332/332/332 319/319/319 
f 319/319/319 332/332/332 317/317/317 
f 332/332/332 336/336/336 317/317/317 
f 317/317/317 336/336/336 314/314/314 
f 336/336/336 336/336/336 314/314/314 
f 314/314/314 336/336/336 313/313/313 
f 336/336/336 336/336/336 313/313/313 
f 313/313/313 336/336/336 321/321/321 
f 336/336/336 336/336/336 321/321/321 
f 321/321/321 336/336/336 322/322/322 
f 336/336/336 336/336/336 322/322/322 
f 322/322/322 336/336/336 326/326/326 
f 336/336/336 336/336/336 326/326/326 
f 326/326/326 336/336/336 329/329/329 
f 336/336/336 332/332/332 329/329/329 
f 329/329/329 332/332/332 332/332/332 
f 332/332/332 337/337/337 332/332/332 
f 332/332/332 337/337/337 337/337/337 
f 337/337/337 335/335/335 337/337/337 
f 337/337/337 335/335/335 338/338/338 
f 335/335/335 335/335/335 338/338/338 
f 338/338/338 335/335/335 339/339/339 
f 335/335/335 340/340/340 339/339/339 
f 339/339/339 340/340/340 341/341/341 
f 340/340/340 340/340/340 341/341/341 
f 341/341/341 340/340/340 342/342/342 
f 340/340/340 334/334/334 342/342/342 
f 342/342/342 334/334/334 343/343/343 
f 334/334/334 344/344/344 343/343/343 
f 343/343/343 344/344/344 344/344/344 
f 344/344/344 335/335/335 344/344/344 
f 344/344/344 335/335/335 335/335/335 
f 335/335/335 333/333/333 335/335/335 
f 335/335/335 333/333/333 340/340/340 
f 333/333/333 334/334/334 340/340/340 
f 340/340/340 334/334/334 334/334/334 
f 334/334/334 345/345/345 334/334/334 
f 334/334/334 345/345/345 345/345/345 
f 345/345/345 346/346/346 345/345/345 
f 345/345/345 346/346/346 347/347/347 
f 346/346/346 348/348/348 347/347/347 
f 347/347/347 348/348/348 349/349/349 
f 348/348/348 350/350/350 349/349/349 
f 349/349/349 350/350/350 351/351/351 
f 350/350/350 352/352/352 351/351/351 
f 351/351/351 352/352/352 353/353/353 
f 352/352/352 354/354/354 353/353/353 
f 353/353/353 354/354/354 355/355/355 
f 354/354/354 356/356/356 355/355/355 
f 355/355/355 356/356/356 357/357/357 
f 356/356/356 358/358/358 357/357/357 
f 357/357/357 358/358/358 357/357/357 
f 358/358/358 359/359/359 357/357/357 
f 357/357/357 359/359/359 360/360/360 
f 359/359/359 359/359/359 360/360/360 
f 360/360/360 359/359/359 361/361/361 
f 359/359/359 362/362/362 361/361/361 
f 361/361/361 362/362/362 363/363/363 
f 362/362/362 362/362/362 363/363/363 
f 363/363/363 362/362/362 364/364/364 
f 362/362/362 365/365/365 364/364/364 
f 364/364/364 365/365/365 366/366/366 
f 365/365/365 367/367/367 366/366/366 
f 366/366/366 367/367/367 368/368/368 
f 367/367/367 368/368/368 368/368/368 
f 368/368/368 368/368/368 367/367/367 
f 368/368/368 367/367/367 367/367/367 
f 367/367/367 367/367/367 369/369/369 
f 367/367/367 365/365/365 369/369/369 
f 369/369/369 365/365/365 370/370/370 
f 365/365/365 362/362/362 370/370/370 
f 370/370/370 362/362/362 370/370/370 
f 362/362/362 359/359/359 370/370/370 
f 370/370/370 359/359/359 371/371/371 
f 359/359/359 358/358/358 371/371/371 
f 371/371/371 358/358/358 371/371/371 
f 358/358/358 372/372/372 371/371/371 
f 371/371/371 372/372/372 373/373/373 
f 372/372/372 372/372/372 373/373/373 
f 373/373/373 372/372/372 374/374/374 
f 372/372/372 372/372/372 374/374/374 
f 374/374/374 372/372/372 375/375/375 
f 372/372/372 376/376/376 375/375/375 
f 375/375/375 376/376/376 377/377/377 
f 376/376/376 378/378/378 377/377/377 
f 377/377/377 378/378/378 379/379/379 
f 378/378/378 380/380/380 379/379/379 
f 379/379/379 380/380/380 381/381/381 
f 380/380/380 380/380/380 381/381/381 
f 381/381/381 380/380/380 382/382/382 
f 380/380/380 380/380/380 382/382/382 
f 382/382/382 380/380/380 350/350/350 
f 380/380/380 380/380/380 350/350/350 
f 350/350/350 380/380/380 352/352/352 
f 380/380/380 378/378/378 352/352/352 
f 352/352/352 378/378/378 354/354/354 
f 378/378/378 376/376/376 354/354/354 
f 354/354/354 376/376/376 356/356/356 
f 376/376/376 372/372/372 356/356/356 
f 356/356/356 372/372/372 358/358/358 
f 372/372/372 358/358/358 358/358/358 
f 358/358/358 358/358/358 371/371/371 
f 358/358/358 371/371/371 371/371/371 
f 371/371/371 371/371/371 370/370/370 
f 371/371/371 373/373/373 370/370/370 
f 370/370/370 373/373/373 369/369/369 
f 373/373/373 369/369/369 369/369/369 
f 369/369/369 369/369/369 350/350/350 
f 369/369/369 350/350/350 350/350/350 
f 350/350/350 350/350/350 382/382/382 
f 350/350/350 348/348/348 382/382/382 
f 382/382/382 348/348/348 383/383/383 
f 348/348/348 346/346/346 383/383/383 
f 383/383/383 346/346/346 384/384/384 
f 346/346/346 345/345/345 384/384/384 
f 384/384/384 345/345/345 345/345/345 
f 345/345/345 382/382/382 345/345/345 
f 345/345/345 382/382/382 382/382/382 
f 382/382/382 383/383/383 382/382/382 
f 382/382/382 383/383/383 385/385/385 
f 383/383/383 384/384/384 385/385/385 
f 385/385/385 384/384/384 386/386/386 
f 384/384/384 386/386/386 386/386/386 
f 386/386/386 386/386/386 387/387/387 
f 386/386/386 387/387/387 387/387/387 
f 387/387/387 387/387/387 388/388/388 
f 387/387/387 389/389/389 388/388/388 
f 388/388/388 389/389/389 388/388/388 
f 389/389/389 390/390/390 388/388/388 
f 388/388/388 390/390/390 391/391/391 
f 390/390/390 390/390/390 391/391/391 
f 391/391/391 390/390/390 392/392/392 
f 390/390/390 393/393/393 392/392/392 
f 392/392/392 393/393/393 394/394/394 
f 393/393/393 393/393/393 394/394/394 
f 394/394/394 393/393/393 395/395/395 
f 393/393/393 396/396/396 395/395/395 
f 395/395/395 396/396/396 397/397/397 
f 396/396/396 397/397/397 397/397/397 
f 397/397/397 397/397/397 387/387/387 
f 397/397/397 387/387/387 387/387/387 
f 387/387/387 387/387/387 398/398/398 
f 387/387/387 388/388/388 398/398/398 
f 398/398/398 388/388/388 391/391/391 
f 388/388/388 391/391/391 391/391/391 
f 391/391/391 391/391/391 392/392/392 
f 391/391/391 392/392/392 392/392/392 
f 392/392/392 392/392/392 399/399/399 
f 392/392/392 394/394/394 399/399/399 
f 399/399/399 394/394/394 394/394/394 
f 394/394/394 389/389/389 394/394/394 
f 394/394/394 389/389/389 389/389/389 
f 389/389/389 400/400/400 389/389/389 
f 389/389/389 400/400/400 390/390/390 
f 400/400/400 401/401/401 390/390/390 
f 390/390/390 401/401/401 393/393/393 
f 401/401/401 401/401/401 393/393/393 
f 393/393/393 401/401/401 396/396/396 
f 401/401/401 402/402/402 396/396/396 
f 396/396/396 402/402/402 396/396/396 
f 402/402/402 403/403/403 396/396/396 
f 396/396/396 403/403/403 397/397/397 
f 403/403/403 403/403/403 397/397/397 
f 397/397/397 403/403/403 404/404/404 
f 403/403/403 405/405/405 404/404/404 
f 404/404/404 405/405/405 406/406/406 
f 405/405/405 406/406/406 406/406/406 
f 406/406/406 406/406/406 400/400/400 
f 406/406/406 400/400/400 400/400/400 
f 400/400/400 400/400/400 401/401/401 
f 400/400/400 407/407/407 401/401/401 
f 401/401/401 407/407/407 402/402/402 
f 407/407/407 408/408/408 402/402/402 
f 402/402/402 408/408/408 409/409/409 
f 408/408/408 410/410/410 409/409/409 
f 409/409/409 410/410/410 411/411/411 
f 410/410/410 412/412/412 411/411/411 
f 411/411/411 412/412/412 411/411/411 
f 412/412/412 413/413/413 411/411/411 
f 411/411/411 413/413/413 411/411/411 
f 413/413/413 414/414/414 411/411/411 
f 411/411/411 414/414/414 415/415/415 
f 414/414/414 416/416/416 415/415/415 
f 415/415/415 416/416/416 406/406/406 
f 416/416/416 416/416/416 406/406/406 
f 406/406/406 416/416/416 417/417/417 
f 416/416/416 416/416/416 417/417/417 
f 417/417/417 416/416/416 418/418/418 
f 416/416/416 419/419/419 418/418/418 
f 418/418/418 419/419/419 420/420/420 
f 419/419/419 419/419/419 420/420/420 
f 420/420/420 419/419/419 421/421/421 
f 419/419/419 422/422/422 421/421/421 
f 421/421/421 422/422/422 423/423/423 
f 422/422/422 424/424/424 423/423/423 
f 423/423/423 424/424/424 425/425/425 
f 424/424/424 425/425/425 425/425/425 
f 425/425/425 425/425/425 402/402/402 
f 425/425/425 402/402/402 402/402/402 
f 402/402/402 402/402/402 403/403/403 
f 402/402/402 409/409/409 403/403/403 
f 403/403/403 409/409/409 405/405/405 
f 409/409/409 411/411/411 405/405/405 
f 405/405/405 411/411/411 405/405/405 
f 411/411/411 415/415/415 405/405/405 
f 405/405/405 415/415/415 406/406/406 
f 415/415/415 406/406/406 406/406/406 
f 406/406/406 406/406/406 424/424/424 
f 406/406/406 424/424/424 424/424/424 
f 424/424/424 424/424/424 426/426/426 
f 424/424/424 422/422/422 426/426/426 
f 426/426/426 422/422/422 427/427/427 
f 422/422/422 419/419/419 427/427/427 
f 427/427/427 419/419/419 427/427/427 
f 419/419/419 416/416/416 427/427/427 
f 427/427/427 416/416/416 427/427/427 
f 416/416/416 414/414/414 427/427/427 
f 427/427/427 414/414/414 427/427/427 
f 414/414/414 413/413/413 427/427/427 
f 427/427/427 413/413/413 426/426/426 
f 413/413/413 426/426/426 426/426/426 
f 426/426/426 426/426/426 428/428/428 
f 426/426/426 428/428/428 428/428/428 
f 428/428/428 428/428/428 429/429/429 
f 428/428/428 430/430/430 429/429/429 
f 429/429/429 430/430/430 431/431/431 
f 430/430/430 432/432/432 431/431/431 
f 431/431/431 432/432/432 432/432/432 
f 432/432/432 428/428/428 432/432/432 
f 432/432/432 428/428/428 428/428/428 
f 428/428/428 433/433/433 428/428/428 
f 428/428/428 433/433/433 430/430/430 
f 433/433/433 433/433/433 430/430/430 
f 430/430/430 433/433/433 434/434/434 
f 433/433/433 435/435/435 434/434/434 
f 434/434/434 435/435/435 436/436/436 
f 435/435/435 437/437/437 436/436/436 
f 436/436/436 437/437/437 436/436/436 
f 437/437/437 438/438/438 436/436/436 
f 436/436/436 438/438/438 439/439/439 
f 438/438/438 440/440/440 439/439/439 
f 439/439/439 440/440/440 441/441/441 
f 440/440/440 442/442/442 441/441/441 
f 441/441/441 442/442/442 442/442/442 
f 442/442/442 441/441/441 442/442/442 
f 442/442/442 441/441/441 441/441/441 
f 441/441/441 443/443/443 441/441/441 
f 441/441/441 443/443/443 439/439/439 
f 443/443/443 444/444/444 439/439/439 
f 439/439/439 444/444/444 436/436/436 
f 444/444/444 444/444/444 436/436/436 
f 436/436/436 444/444/444 434/434/434 
f 444/444/444 445/445/445 434/434/434 
f 434/434/434 445/445/445 430/430/430 
f 445/445/445 445/445/445 430/430/430 
f 430/430/430 445/445/445 432/432/432 
f 445/445/445 445/445/445 432/432/432 
f 432/432/432 445/445/445 446/446/446 
f 445/445/445 445/445/445 446/446/446 
f 446/446/446 445/445/445 447/447/447 
f 445/445/445 444/444/444 447/447/447 
f 447/447/447 444/444/444 443/443/443 
f 444/444/444 443/443/443 443/443/443 
f 443/443/443 443/443/443 448/448/448 
f 443/443/443 448/448/448 448/448/448 
f 448/448/448 448/448/448 449/449/449 
f 448/448/448 450/450/450 449/449/449 
f 449/449/449 450/450/450 451/451/451 
f 450/450/450 452/452/452 451/451/451 
f 451/451/451 452/452/452 452/452/452 
f 452/452/452 448/448/448 452/452/452 
f 452/452/452 448/448/448 448/448/448 
f 448/448/448 453/453/453 448/448/448 
f 448/448/448 453/453/453 450/450/450 
f 453/453/453 453/453/453 450/450/450 
f 450/450/450 453/453/453 454/454/454 
f 453/453/453 455/455/455 454/454/454 
f 454/454/454 455/455/455 456/456/456 
f 455/455/455 457/457/457 456/456/456 
f 456/456/456 457/457/457 456/456/456 
f 457/457/457 458/458/458 456/456/456 
f 456/456/456 458/458/458 459/459/459 
f 458/458/458 460/460/460 459/459/459 
f 459/459/459 460/460/460 461/461/461 
f 460/460/460 462/462/462 461/461/461 
f 461/461/461 462/462/462 462/462/462 
f 462/462/462 461/461/461 462/462/462 
f 462/462/462 461/461/461 461/461/461 
f 461/461/461 463/463/463 461/461/461 
f 461/461/461 463/463/463 459/459/459 
f 463/463/463 464/464/464 459/459/459 
f 459/459/459 464/464/464 456/456/456 
f 464/464/464 464/464/464 456/456/456 
f 456/456/456 464/464/464 454/454/454 
f 464/464/464 465/465/465 454/454/454 
f 454/454/454 465/465/465 450/450/450 
f 465/465/465 465/465/465 450/450/450 
f 450/450/450 465/465/465 452/452/452 
f 465/465/465 465/465/465 452/452/452 
f 452/452/452 465/465/465 466/466/466 
f 465/465/465 465/465/465 466/466/466 
f 466/466/466 465/465/465 467/467/467 
f 465/465/465 464/464/464 467/467/467 
f 467/467/467 464/464/464 463/463/463 
f 464/464/464 463/463/463 463/463/463 
f 463/463/463 463/463/463 468/468/468 
f 463/463/463 468/468/468 468/468/468 
f 468/468/468 468/468/468 469/469/469 
f 468/468/468 470/470/470 469/469/469 
f 469/469/469 470/470/470 471/471/471 
f 470/470/470 472/472/472 471/471/471 
f 471/471/471 472/472/472 473/473/473 
f 472/472/472 472/472/472 473/473/473 
f 473/473/473 472/472/472 474/474/474 
f 472/472/472 472/472/472 474/474/474 
f 474/474/474 472/472/472 475/475/475 
f 472/472/472 472/472/472 475/475/475 
f 475/475/475 472/472/472 476/476/476 
f 472/472/472 470/470/470 476/476/476 
f 476/476/476 470/470/470 470/470/470 
f 470/470/470 473/473/473 470/470/470 
f 470/470/470 473/473/473 473/473/473 
f 473/473/473 477/477/477 473/473/473 
f 473/473/473 477/477/477 471/471/471 
f 477/477/477 478/478/478 471/471/471 
f 471/471/471 478/478/478 469/469/469 
f 478/478/478 469/469/469 469/469/469 
f 469/469/469 469/469/469 477/477/477 
f 469/469/469 477/477/477 477/477/477 
f 477/477/477 477/477/477 478/478/478 
f 477/477/477 479/479/479 478/478/478 
f 478/478/478 479/479/479 480/480/480 
f 479/479/479 481/481/481 480/480/480 
f 480/480/480 481/481/481 480/480/480 
f 481/481/481 482/482/482 480/480/480 
f 480/480/480 482/482/482 483/483/483 
f 482/482/482 484/484/484 483/483/483 
f 483/483/483 484/484/484 485/485/485 
f 484/484/484 486/486/486 485/485/485 
f 485/485/485 486/486/486 487/487/487 
f 486/486/486 488/488/488 487/487/487 
f 487/487/487 488/488/488 489/489/489 
f 488/488/488 478/478/478 489/489/489 
f 489/489/489 478/478/478 483/483/483 
f 478/478/478 480/480/480 483/483/483 
f 483/483/483 480/480/480 480/480/480 
f 480/480/480 481/481/481 480/480/480 
f 480/480/480 481/481/481 481/481/481 
f 481/481/481 479/479/479 481/481/481 
f 481/481/481 479/479/479 490/490/490 
f 479/479/479 490/490/490 490/490/490 
f 490/490/490 490/490/490 483/483/483 
f 490/490/490 483/483/483 483/483/483 
f 483/483/483 483/483/483 489/489/489 
f 483/483/483 485/485/485 489/489/489 
f 489/489/489 485/485/485 487/487/487 
f 485/485/485 487/487/487 487/487/487 
f 487/487/487 487/487/487 486/486/486 
f 487/487/487 486/486/486 486/486/486 
f 486/486/486 486/486/486 488/488/488 
f 486/486/486 491/491/491 488/488/488 
f 488/488/488 491/491/491 488/488/488 
f 491/491/491 492/492/492 488/488/488 
f 488/488/488 492/492/492 493/493/493 
f 492/492/492 494/494/494 493/493/493 
f 493/493/493 494/494/494 495/495/495 
f 494/494/494 469/469/469 495/495/495 
f 495/495/495 469/469/469 495/495/495 
f 469/469/469 478/478/478 495/495/495 
f 495/495/495 478/478/478 495/495/495 
f 478/478/478 488/488/488 495/495/495 
f 495/495/495 488/488/488 493/493/493 
f 488/488/488 493/493/493 493/493/493 
f 493/493/493 493/493/493 494/494/494 
f 493/493/493 494/494/494 494/494/494 
f 494/494/494 494/494/494 469/469/469 
f 494/494/494 496/496/496 469/469/469 
f 469/469/469 496/496/496 496/496/496 
f 496/496/496 497/497/497 496/496/496 
f 496/496/496 497/497/497 497/497/497 
f 497/497/497 498/498/498 497/497/497 
f 497/497/497 498/498/498 499/499/499 
f 498/498/498 500/500/500 499/499/499 
f 499/499/499 500/500/500 501/501/501 
f 500/500/500 500/500/500 501/501/501 
f 501/501/501 500/500/500 502/502/502 
f 500/500/500 503/503/503 502/502/502 
f 502/502/502 503/503/503 502/502/502 
f 503/503/503 504/504/504 502/502/502 
f 502/502/502 504/504/504 505/505/505 
f 504/504/504 506/506/506 505/505/505 
f 505/505/505 506/506/506 507/507/507 
f 506/506/506 508/508/508 507/507/507 
f 507/507/507 508/508/508 508/508/508 
f 508/508/508 498/498/498 508/508/508 
f 508/508/508 498/498/498 498/498/498 
f 498/498/498 509/509/509 498/498/498 
f 498/498/498 509/509/509 500/500/500 
f 509/509/509 503/503/503 500/500/500 
f 500/500/500 503/503/503 503/503/503 
f 503/503/503 501/501/501 503/503/503 
f 503/503/503 501/501/501 501/501/501 
f 501/501/501 502/502/502 501/501/501 
f 501/501/501 502/502/502 510/510/510 
f 502/502/502 505/505/505 510/510/510 
f 510/510/510 505/505/505 511/511/511 
f 505/505/505 507/507/507 511/511/511 
f 511/511/511 507/507/507 507/507/507 
f 507/507/507 512/512/512 507/507/507 
f 507/507/507 512/512/512 512/512/512 
f 512/512/512 513/513/513 512/512/512 
f 512/512/512 513/513/513 514/514/514 
f 513/513/513 515/515/515 514/514/514 
f 514/514/514 515/515/515 515/515/515 
f 515/515/515 516/516/516 515/515/515 
f 515/515/515 516/516/516 516/516/516 
f 516/516/516 517/517/517 516/516/516 
f 516/516/516 517/517/517 518/518/518 
f 517/517/517 517/517/517 518/518/518 
f 518/518/518 517/517/517 519/519/519 
f 517/517/517 517/517/517 519/519/519 
f 519/519/519 517/517/517 520/520/520 
f 517/517/517 521/521/521 520/520/520 
f 520/520/520 521/521/521 522/522/522 
f 521/521/521 523/523/523 522/522/522 
f 522/522/522 523/523/523 524/524/524 
f 523/523/523 525/525/525 524/524/524 
f 524/524/524 525/525/525 526/526/526 
f 525/525/525 527/527/527 526/526/526 
f 526/526/526 527/527/527 526/526/526 
f 527/527/527 528/528/528 526/526/526 
f 526/526/526 528/528/528 529/529/529 
f 528/528/528 529/529/529 529/529/529 
f 529/529/529 529/529/529 530/530/530 
f 529/529/529 530/530/530 530/530/530 
f 530/530/530 530/530/530 531/531/531 
f 530/530/530 532/532/532 531/531/531 
f 531/531/531 532/532/532 533/533/533 
f 532/532/532 533/533/533 533/533/533 
f 533/533/533 533/533/533 534/534/534 
f 533/533/533 534/534/534 534/534/534 
f 534/534/534 534/534/534 535/535/535 
f 534/534/534 536/536/536 535/535/535 
f 535/535/535 536/536/536 537/537/537 
f 536/536/536 537/537/537 537/537/537 
f 537/537/537 537/537/537 538/538/538 
f 537/537/537 538/538/538 538/538/538 
f 538/538/538 538/538/538 539/539/539 
f 538/538/538 540/540/540 539/539/539 
f 539/539/539 540/540/540 541/541/541 
f 540/540/540 541/541/541 541/541/541 
f 541/541/541 541/541/541 542/542/542 
f 541/541/541 542/542/542 542/542/542 
f 542/542/542 542/542/542 543/543/543 
f 542/542/542 544/544/544 543/543/543 
f 543/543/543 544/544/544 545/545/545 
f 544/544/544 545/545/545 545/545/545 
f 545/545/545 545/545/545 546/546/546 
f 545/545/545 546/546/546 546/546/546 
f 546/546/546 546/546/546 547/547/547 
f 546/546/546 548/548/548 547/547/547 
f 547/547/547 548/548/548 549/549/549 
f 548/548/548 549/549/549 549/549/549 
f 549/549/549 549/549/549 550/550/550 
f 549/549/549 550/550/550 550/550/550 
f 550/550/550 550/550/550 551/551/551 
f 550/550/550 552/552/552 551/551/551 
f 551/551/551 552/552/552 553/553/553 
f 552/552/552 553/553/553 553/553/553 
f 553/553/553 553/553/553 554/554/554 
f 553/553/553 554/554/554 554/554/554 
f 554/554/554 554/554/554 555/555/555 
f 554/554/554 556/556/556 555/555/555 
f 555/555/555 556/556/556 557/557/557 
f 556/556/556 557/557/557 557/557/557 
f 557/557/557 557/557/557 558/558/558 
f 557/557/557 558/558/558 558/558/558 
f 558/558/558 558/558/558 559/559/559 
f 558/558/558 560/560/560 559/559/559 
f 559/559/559 560/560/560 559/559/559 
f 560/560/560 561/561/561 559/559/559 
f 559/559/559 561/561/561 562/562/562 
f 561/561/561 563/563/563 562/562/562 
f 562/562/562 563/563/563 564/564/564 
f 563/563/563 565/565/565 564/564/564 
f 564/564/564 565/565/565 566/566/566 
f 565/565/565 567/567/567 566/566/566 
f 566/566/566 567/567/567 567/567/567 
f 567/567/567 568/568/568 567/567/567 
f 567/567/567 568/568/568 568/568/568 
f 568/568/568 569/569/569 568/568/568 
f 568/568/568 569/569/569 570/570/570 
f 569/569/569 571/571/571 570/570/570 
f 570/570/570 571/571/571 571/571/571 
f 571/571/571 570/570/570 571/571/571 
f 571/571/571 570/570/570 570/570/570 
f 570/570/570 572/572/572 570/570/570 
f 570/570/570 572/572/572 568/568/568 
f 572/572/572 572/572/572 568/568/568 
f 568/568/568 572/572/572 573/573/573 
f 572/572/572 574/574/574 573/573/573 
f 573/573/573 574/574/574 575/575/575 
f 574/574/574 576/576/576 575/575/575 
f 575/575/575 576/576/576 577/577/577 
f 576/576/576 578/578/578 577/577/577 
f 577/577/577 578/578/578 579/579/579 
f 578/578/578 580/580/580 579/579/579 
f 579/579/579 580/580/580 581/581/581 
f 580/580/580 582/582/582 581/581/581 
f 581/581/581 582/582/582 582/582/582 
f 582/582/582 575/575/575 582/582/582 
f 582/582/582 575/575/575 575/575/575 
f 575/575/575 577/577/577 575/575/575 
f 575/575/575 577/577/577 573/573/573 
f 577/577/577 579/579/579 573/573/573 
f 573/573/573 579/579/579 568/568/568 
f 579/579/579 581/581/581 568/568/568 
f 568/568/568 581/581/581 568/568/568 
f 581/581/581 583/583/583 568/568/568 
f 568/568/568 583/583/583 584/584/584 
f 583/583/583 585/585/585 584/584/584 
f 584/584/584 585/585/585 584/584/584 
f 585/585/585 586/586/586 584/584/584 
f 584/584/584 586/586/586 587/587/587 
f 586/586/586 588/588/588 587/587/587 
f 587/587/587 588/588/588 588/588/588 
f 588/588/588 568/568/568 588/588/588 
f 588/588/588 568/568/568 568/568/568 
f 568/568/568 584/584/584 568/568/568 
f 568/568/568 584/584/584 569/569/569 
f 584/584/584 587/587/587 569/569/569 
f 569/569/569 587/587/587 589/589/589 
f 587/587/587 590/590/590 589/589/589 
f 589/589/589 590/590/590 591/591/591 
f 590/590/590 590/590/590 591/591/591 
f 591/591/591 590/590/590 592/592/592 
f 590/590/590 590/590/590 592/592/592 
f 592/592/592 590/590/590 593/593/593 
f 590/590/590 590/590/590 593/593/593 
f 593/593/593 590/590/590 588/588/588 
f 590/590/590 587/587/587 588/588/588 
f 588/588/588 587/587/587 587/587/587 
f 587/587/587 569/569/569 587/587/587 
f 587/587/587 569/569/569 569/569/569 
f 569/569/569 589/589/589 569/569/569 
f 569/569/569 589/589/589 571/571/571 
f 589/589/589 591/591/591 571/571/571 
f 571/571/571 591/591/591 591/591/591 
f 591/591/591 594/594/594 591/591/591 
f 591/591/591 594/594/594 594/594/594 
f 594/594/594 595/595/595 594/594/594 
f 594/594/594 595/595/595 596/596/596 
f 595/595/595 597/597/597 596/596/596 
f 596/596/596 597/597/597 598/598/598 
f 597/597/597 597/597/597 598/598/598 
f 598/598/598 597/597/597 599/599/599 
f 597/597/597 600/600/600 599/599/599 
f 599/599/599 600/600/600 601/601/601 
f 600/600/600 602/602/602 601/601/601 
f 601/601/601 602/602/602 603/603/603 
f 602/602/602 604/604/604 603/603/603 
f 603/603/603 604/604/604 605/605/605 
f 604/604/604 605/605/605 605/605/605 
f 605/605/605 605/605/605 595/595/595 
f 605/605/605 595/595/595 595/595/595 
f 595/595/595 595/595/595 597/597/597 
f 595/595/595 606/606/606 597/597/597 
f 597/597/597 606/606/606 600/600/600 
f 606/606/606 607/607/607 600/600/600 
f 600/600/600 607/607/607 602/602/602 
f 607/607/607 608/608/608 602/602/602 
f 602/602/602 608/608/608 604/604/604 
f 608/608/608 604/604/604 604/604/604 
f 604/604/604 604/604/604 609/609/609 
f 604/604/604 609/609/609 609/609/609 
f 609/609/609 609/609/609 610/610/610 
f 609/609/609 611/611/611 610/610/610 
f 610/610/610 611/611/611 612/612/612 
f 611/611/611 612/612/612 612/612/612 
f 612/612/612 612/612/612 613/613/613 
f 612/612/612 613/613/613 613/613/613 
f 613/613/613 613/613/613 614/614/614 
f 613/613/613 615/615/615 614/614/614 
f 614/614/614 615/615/615 614/614/614 
f 615/615/615 616/616/616 614/614/614 
f 614/614/614 616/616/616 614/614/614 
f 616/616/616 617/617/617 614/614/614 
f 614/614/614 617/617/617 618/618/618 
f 617/617/617 619/619/619 618/618/618 
f 618/618/618 619/619/619 620/620/620 
f 619/619/619 621/621/621 620/620/620 
f 620/620/620 621/621/621 622/622/622 
f 621/621/621 623/623/623 622/622/622 
f 622/622/622 623/623/623 624/624/624 
f 623/623/623 623/623/623 624/624/624 
f 624/624/624 623/623/623 625/625/625 
f 623/623/623 626/626/626 625/625/625 
f 625/625/625 626/626/626 626/626/626 
f 626/626/626 627/627/627 626/626/626 
f 626/626/626 627/627/627 627/627/627 
f 627/627/627 628/628/628 627/627/627 
f 627/627/627 628/628/628 629/629/629 
f 628/628/628 630/630/630 629/629/629 
f 629/629/629 630/630/630 630/630/630 
f 630/630/630 631/631/631 630/630/630 
f 630/630/630 631/631/631 631/631/631 
f 631/631/631 632/632/632 631/631/631 
f 631/631/631 632/632/632 633/633/633 
f 632/632/632 634/634/634 633/633/633 
f 633/633/633 634/634/634 634/634/634 
f 634/634/634 635/635/635 634/634/634 
f 634/634/634 635/635/635 635/635/635 
f 635/635/635 636/636/636 635/635/635 
f 635/635/635 636/636/636 637/637/637 
f 636/636/636 638/638/638 637/637/637 
f 637/637/637 638/638/638 638/638/638 
f 638/638/638 639/639/639 638/638/638 
f 638/638/638 639/639/639 639/639/639 
f 639/639/639 640/640/640 639/639/639 
f 639/639/639 640/640/640 641/641/641 
f 640/640/640 642/642/642 641/641/641 
f 641/641/641 642/642/642 642/642/642 
f 642/642/642 643/643/643 642/642/642 
f 642/642/642 643/643/643 643/643/643 
f 643/643/643 644/644/644 643/643/643 
f 643/643/643 644/644/644 645/645/645 
f 644/644/644 646/646/646 645/645/645 
f 645/645/645 646/646/646 646/646/646 
f 646/646/646 647/647/647 646/646/646 
f 646/646/646 647/647/647 647/647/647 
f 647/647/647 648/648/648 647/647/647 
f 647/647/647 648/648/648 649/649/649 
f 648/648/648 650/650/650 649/649/649 
f 649/649/649 650/650/650 650/650/650 
f 650/650/650 651/651/651 650/650/650 
f 650/650/650 651/651/651 651/651/651 
f 651/651/651 652/652/652 651/651/651 
f 651/651/651 652/652/652 653/653/653 
f 652/652/652 654/654/654 653/653/653 
f 653/653/653 654/654/654 654/654/654 
f 654/654/654 655/655/655 654/654/654 
f 654/654/654 655/655/655 655/655/655 
f 655/655/655 656/656/656 655/655/655 
f 655/655/655 656/656/656 657/657/657 
f 656/656/656 658/658/658 657/657/657 
f 657/657/657 658/658/658 659/659/659 
f 658/658/658 659/659/659 659/659/659 
f 659/659/659 659/659/659 656/656/656 
f 659/659/659 656/656/656 656/656/656 
f 656/656/656 656/656/656 658/658/658 
f 656/656/656 660/660/660 658/658/658 
f 658/658/658 660/660/660 661/661/661 
f 660/660/660 662/662/662 661/661/661 
f 661/661/661 662/662/662 661/661/661 
f 662/662/662 663/663/663 661/661/661 
f 661/661/661 663/663/663 664/664/664 
f 663/663/663 665/665/665 664/664/664 
f 664/664/664 665/665/665 666/666/666 
f 665/665/665 667/667/667 666/666/666 
f 666/666/666 667/667/667 667/667/667 
f 667/667/667 666/666/666 667/667/667 
f 667/667/667 666/666/666 666/666/666 
f 666/666/666 668/668/668 666/666/666 
f 666/666/666 668/668/668 664/664/664 
f 668/668/668 669/669/669 664/664/664 
f 664/664/664 669/669/669 661/661/661 
f 669/669/669 669/669/669 661/661/661 
f 661/661/661 669/669/669 658/658/658 
f 669/669/669 669/669/669 658/658/658 
f 658/658/658 669/669/669 659/659/659 
f 669/669/669 670/670/670 659/659/659 
f 659/659/659 670/670/670 671/671/671 
f 670/670/670 672/672/672 671/671/671 
f 671/671/671 672/672/672 673/673/673 
f 672/672/672 674/674/674 673/673/673 
f 673/673/673 674/674/674 674/674/674 
f 674/674/674 670/670/670 674/674/674 
f 674/674/674 670/670/670 670/670/670 
f 670/670/670 669/669/669 670/670/670 
f 670/670/670 669/669/669 668/668/668 
f 669/669/669 668/668/668 668/668/668 
f 668/668/668 668/668/668 675/675/675 
f 668/668/668 675/675/675 675/675/675 
f 675/675/675 675/675/675 676/676/676 
f 675/675/675 677/677/677 676/676/676 
f 676/676/676 677/677/677 678/678/678 
f 677/677/677 679/679/679 678/678/678 
f 678/678/678 679/679/679 680/680/680 
f 679/679/679 681/681/681 680/680/680 
f 680/680/680 681/681/681 682/682/682 
f 681/681/681 683/683/683 682/682/682 
f 682/682/682 683/683/683 684/684/684 

