mtllib model_102.mtl
o model_102
v 939.2096557617188 -117.67302703857422 1236.590087890625 
v 920.5881958007812 -118.12237548828125 1236.0257568359375 
v 947.6975708007812 -145.5318603515625 1237.07373046875 
v 915.6946411132812 -144.63319396972656 1222.966796875 
v 908.0728759765625 -111.15766906738281 1221.8382568359375 
v 912.8797607421875 -144.63319396972656 1192.576416015625 
v 903.9588012695312 -109.1356430053711 1192.576416015625 
v 908.0728759765625 -111.15767669677734 1163.314453125 
v 909.5452270507812 -90.71288299560547 1161.2186279296875 
v 905.2579956054688 -90.48821258544922 1192.576416015625 
v 909.5452270507812 -90.7128677368164 1223.93408203125 
v 922.7534790039062 -64.8760757446289 1201.524169921875 
v 916.8638916015625 -75.88478088378906 1228.609619140625 
v 936.4813842773438 -69.36943054199219 1206.1190185546875 
v 919.5921630859375 -64.6513900756836 1192.5762939453125 
v 922.7534790039062 -64.8760757446289 1183.6285400390625 
v 916.8638916015625 -75.88479614257812 1156.5430908203125 
v 936.4813842773438 -69.36943054199219 1179.03369140625 
v 920.5881958007812 -118.12239074707031 1149.126953125 
v 915.6946411132812 -144.63319396972656 1162.1859130859375 
v 939.2096557617188 -117.67304229736328 1148.5626220703125 
v 947.6975708007812 -145.53187561035156 1148.0789794921875 
v 923.74951171875 -167.99867248535156 1163.3951416015625 
v 916.1710205078125 -167.99867248535156 1192.576416015625 
v 925.3085327148438 -203.4962158203125 1164.3624267578125 
v 919.98193359375 -204.17022705078125 1192.576416015625 
v 925.3085327148438 -203.49620056152344 1220.790283203125 
v 923.74951171875 -167.9986572265625 1221.8382568359375 
v 955.189453125 -203.7208709716797 1233.607421875 
v 954.49658203125 -168.2233428955078 1233.7686767578125 
v 954.49658203125 -168.22335815429688 1151.464599609375 
v 955.189453125 -203.72088623046875 1151.5452880859375 
v 939.2096557617188 -117.67302703857422 1236.590087890625 
v 957.6145629882812 -99.92426300048828 1236.1064453125 
v 970.0432739257812 -109.3603286743164 1226.2718505859375 
v 963.8505859375 -89.58953857421875 1223.531005859375 
v 942.7174072265625 -77.68212890625 1231.350341796875 
v 947.6975708007812 -145.5318603515625 1237.07373046875 
v 972.9014892578125 -145.5318603515625 1224.0147705078125 
v 954.49658203125 -168.2233428955078 1233.7686767578125 
v 973.0313720703125 -168.2233428955078 1220.22607421875 
v 971.255859375 -203.7208709716797 1219.822998046875 
v 975.6297607421875 -203.945556640625 1192.576416015625 
v 978.7910766601562 -168.22335815429688 1192.576416015625 
v 973.0313720703125 -168.22335815429688 1164.9267578125 
v 971.255859375 -203.7208709716797 1165.329833984375 
v 954.49658203125 -168.22335815429688 1151.464599609375 
v 955.189453125 -203.72088623046875 1151.5452880859375 
v 955.189453125 -203.7208709716797 1233.607421875 
v 972.9014892578125 -145.53187561035156 1161.137939453125 
v 947.6975708007812 -145.53187561035156 1148.0789794921875 
v 970.0432739257812 -109.36033630371094 1158.880859375 
v 939.2096557617188 -117.67304229736328 1148.5626220703125 
v 957.6145629882812 -99.92427825927734 1149.0462646484375 
v 963.8505859375 -89.58954620361328 1161.6217041015625 
v 942.7174072265625 -77.68213653564453 1153.8023681640625 
v 945.8353881835938 -73.41343688964844 1183.064208984375 
v 936.4813842773438 -69.36943054199219 1179.03369140625 
v 916.8638916015625 -75.88479614257812 1156.5430908203125 
v 945.96533203125 -73.63812255859375 1192.576416015625 
v 966.015869140625 -87.79219818115234 1192.576416015625 
v 975.45654296875 -109.3603286743164 1192.576416015625 
v 978.314697265625 -145.7565460205078 1192.576416015625 
v 945.8353881835938 -73.41343688964844 1202.0885009765625 
v 936.4813842773438 -69.36943054199219 1206.1190185546875 
v 916.8638916015625 -75.88478088378906 1228.609619140625 
v 950.5990600585938 -158.3379364013672 1265.20703125 
v 935.0089721679688 -158.7872772216797 1266.09375 
v 949.73291015625 -149.80055236816406 1264.23974609375 
v 933.2767944335938 -150.24989318847656 1265.2877197265625 
v 946.4417114257812 -139.01649475097656 1264.1590576171875 
v 928.5564575195312 -137.89315795898438 1264.4815673828125 
v 940.4221801757812 -108.2369613647461 1261.982666015625 
v 923.1865234375 -108.68630981445312 1261.0958251953125 
v 939.81591796875 -98.12692260742188 1259.483642578125 
v 920.458251953125 -101.72160339355469 1258.19384765625 
v 935.701904296875 -86.2195053100586 1256.0980224609375 
v 921.6275024414062 -90.26354217529297 1255.6142578125 
v 937.9537963867188 -79.9288101196289 1246.1021728515625 
v 918.72607421875 -78.58079528808594 1241.4267578125 
v 942.7174072265625 -77.68212890625 1231.350341796875 
v 916.8638916015625 -75.88478088378906 1228.609619140625 
v 956.7484741210938 -161.48329162597656 1252.87353515625 
v 957.6145629882812 -99.92426300048828 1236.1064453125 
v 948.9967041015625 -99.02558898925781 1244.9736328125 
v 939.2096557617188 -117.67302703857422 1236.590087890625 
v 948.6502685546875 -112.95500946044922 1248.1981201171875 
v 953.4139404296875 -142.3865203857422 1250.697021484375 
v 942.5008544921875 -144.6331787109375 1238.444091796875 
v 920.5881958007812 -118.12237548828125 1236.0257568359375 
v 955.88232421875 -152.49656677246094 1251.6644287109375 
v 946.7015380859375 -164.8533172607422 1242.1522216796875 
v 945.748779296875 -154.96791076660156 1240.5400390625 
v 928.8162841796875 -155.41726684570312 1241.910400390625 
v 924.3125 -143.95919799804688 1238.84716796875 
v 913.3561401367188 -113.62901306152344 1247.230712890625 
v 909.5452270507812 -90.7128677368164 1223.93408203125 
v 931.0681762695312 -165.07798767089844 1243.2001953125 
v 923.0133056640625 -152.94590759277344 1254.082763671875 
v 917.5134887695312 -140.36448669433594 1251.8255615234375 
v 928.5564575195312 -137.89315795898438 1264.4815673828125 
v 923.1865234375 -108.68630981445312 1261.0958251953125 
v 912.013671875 -96.55424499511719 1241.990966796875 
v 925.0487060546875 -162.1573028564453 1255.3724365234375 
v 935.0089721679688 -158.7872772216797 1266.09375 
v 933.2767944335938 -150.24989318847656 1265.2877197265625 
v 920.458251953125 -101.72160339355469 1258.19384765625 
v 921.6275024414062 -90.26354217529297 1255.6142578125 
v 918.72607421875 -78.58079528808594 1241.4267578125 
v 916.8638916015625 -75.88478088378906 1228.609619140625 
v 950.5990600585938 -158.3379364013672 1265.20703125 
v 954.0634765625 -166.20130920410156 1265.8519287109375 
v 956.7484741210938 -161.48329162597656 1252.87353515625 
v 960.0830078125 -170.9193572998047 1254.3245849609375 
v 946.7015380859375 -164.8533172607422 1242.1522216796875 
v 935.0089721679688 -158.7872772216797 1266.09375 
v 937.9104614257812 -167.0999755859375 1266.98046875 
v 943.6701049804688 -184.84877014160156 1269.8018798828125 
v 958.4806518554688 -181.02940368652344 1270.3662109375 
v 963.7639770507812 -227.31101989746094 1273.510009765625 
v 973.291259765625 -223.71630859375 1272.1396484375 
v 966.6654663085938 -233.37705993652344 1274.0743408203125 
v 975.4132080078125 -229.7823486328125 1272.4620361328125 
v 976.8856201171875 -223.04232788085938 1264.8040771484375 
v 978.53125 -228.6590118408203 1265.529541015625 
v 965.3662719726562 -183.27609252929688 1258.03271484375 
v 949.9927368164062 -176.53604125976562 1244.409423828125 
v 957.354736328125 -189.34213256835938 1246.182861328125 
v 970.6062622070312 -226.412353515625 1258.6776123046875 
v 972.4251098632812 -231.80438232421875 1260.0479736328125 
v 961.3821411132812 -230.23170471191406 1260.0479736328125 
v 963.9371948242188 -235.62371826171875 1261.7408447265625 
v 933.7964477539062 -177.43472290039062 1245.5379638671875 
v 931.0681762695312 -165.07798767089844 1243.2001953125 
v 925.0487060546875 -162.1573028564453 1255.3724365234375 
v 927.7769165039062 -172.49200439453125 1257.0653076171875 
v 935.0089721679688 -158.7872772216797 1266.09375 
v 937.9104614257812 -167.0999755859375 1266.98046875 
v 936.0050048828125 -190.91481018066406 1257.4683837890625 
v 943.1937866210938 -192.9368133544922 1245.6185302734375 
v 966.6654663085938 -233.37705993652344 1274.0743408203125 
v 963.7639770507812 -227.31101989746094 1273.510009765625 
v 960.64599609375 -236.2977294921875 1268.9151611328125 
v 957.5712890625 -230.68104553222656 1267.5447998046875 
v 943.6701049804688 -184.84877014160156 1269.8018798828125 
v 955.189453125 -203.7208709716797 1233.607421875 
v 925.3085327148438 -203.49620056152344 1220.790283203125 
v 932.3240356445312 -226.86167907714844 1234.0911865234375 
v 921.6708374023438 -224.61502075195312 1220.22607421875 
v 954.843017578125 -223.26699829101562 1237.7186279296875 
v 932.8870239257812 -266.40325927734375 1236.18701171875 
v 952.9808349609375 -265.05523681640625 1240.056396484375 
v 928.426513671875 -317.85223388671875 1229.6575927734375 
v 940.6820678710938 -320.5482482910156 1235.622802734375 
v 938.56005859375 -329.7596130371094 1234.4942626953125 
v 925.8714599609375 -325.7156066894531 1228.20654296875 
v 920.9346313476562 -324.1429138183594 1214.9056396484375 
v 923.4463500976562 -317.40289306640625 1216.0343017578125 
v 926.6510009765625 -326.3896179199219 1202.169189453125 
v 921.4542846679688 -273.3679504394531 1221.515869140625 
v 920.5448608398438 -240.34176635742188 1220.22607421875 
v 916.4308471679688 -223.26699829101562 1206.19970703125 
v 917.7300415039062 -222.59298706054688 1192.576416015625 
v 919.98193359375 -204.17022705078125 1192.576416015625 
v 925.3085327148438 -203.4962158203125 1164.3624267578125 
v 916.4308471679688 -223.26699829101562 1178.953125 
v 923.1865234375 -247.08180236816406 1192.576416015625 
v 922.0606079101562 -248.65447998046875 1189.029541015625 
v 922.0606079101562 -248.65447998046875 1196.123291015625 
v 925.6549682617188 -255.8438720703125 1204.2650146484375 
v 925.9581298828125 -281.90533447265625 1204.58740234375 
v 929.3792724609375 -319.4248962402344 1203.055908203125 
v 939.68603515625 -331.1076354980469 1197.5743408203125 
v 942.4142456054688 -322.57025146484375 1198.38037109375 
v 943.4968872070312 -287.2973937988281 1195.72021484375 
v 945.1425170898438 -263.7072448730469 1195.8814697265625 
v 945.7921142578125 -248.65447998046875 1195.5589599609375 
v 945.40234375 -247.7558135986328 1192.576416015625 
v 945.7921142578125 -248.65447998046875 1189.59375 
v 945.1425170898438 -263.7072448730469 1189.2713623046875 
v 925.6549682617188 -255.8438720703125 1180.8878173828125 
v 943.4968872070312 -287.2973937988281 1189.4324951171875 
v 925.9581298828125 -281.90533447265625 1180.5653076171875 
v 942.4142456054688 -322.57025146484375 1186.7723388671875 
v 920.5448608398438 -240.34178161621094 1165.00732421875 
v 921.6708374023438 -224.61502075195312 1165.00732421875 
v 932.3240356445312 -226.8616943359375 1151.0616455078125 
v 955.189453125 -203.72088623046875 1151.5452880859375 
v 954.843017578125 -223.2670135498047 1147.43408203125 
v 932.8870239257812 -266.40325927734375 1148.9656982421875 
v 952.9808349609375 -265.0552673339844 1145.177001953125 
v 928.426513671875 -317.85223388671875 1155.4952392578125 
v 940.6820678710938 -320.5482482910156 1149.530029296875 
v 938.56005859375 -329.7596435546875 1150.7391357421875 
v 925.8714599609375 -325.7156066894531 1156.9462890625 
v 920.9346313476562 -324.1429443359375 1170.2470703125 
v 923.4463500976562 -317.40289306640625 1169.1185302734375 
v 926.6510009765625 -326.3896179199219 1182.983642578125 
v 921.4542846679688 -273.3679504394531 1163.636962890625 
v 929.3792724609375 -319.4248962402344 1182.096923828125 
v 939.68603515625 -331.1076354980469 1187.5784912109375 
v 926.6510009765625 -326.3896179199219 1202.169189453125 
v 939.68603515625 -331.1076354980469 1197.5743408203125 
v 925.3085327148438 -343.0150451660156 1201.443603515625 
v 938.3002319335938 -347.0590515136719 1196.929443359375 
v 932.4539794921875 -374.6932373046875 1196.929443359375 
v 918.6827392578125 -371.9972229003906 1203.8619384765625 
v 933.66650390625 -448.6090087890625 1202.8140869140625 
v 923.74951171875 -448.15966796875 1207.570068359375 
v 914.5687255859375 -371.3232116699219 1217.72705078125 
v 920.7614135742188 -448.15966796875 1217.243408203125 
v 920.9346313476562 -324.1429138183594 1214.9056396484375 
v 919.5055541992188 -340.9930114746094 1214.18017578125 
v 924.4423828125 -341.8916931152344 1227.4810791015625 
v 922.5802612304688 -373.34521484375 1229.8994140625 
v 926.9541625976562 -448.38433837890625 1225.54638671875 
v 937.6939697265625 -376.9399108886719 1233.2850341796875 
v 937.087646484375 -345.26171875 1233.6075439453125 
v 938.56005859375 -329.7596130371094 1234.4942626953125 
v 925.8714599609375 -325.7156066894531 1228.20654296875 
v 936.7412109375 -447.93499755859375 1227.8841552734375 
v 933.66650390625 -448.6090087890625 1202.8140869140625 
v 932.4539794921875 -374.6932373046875 1196.929443359375 
v 943.4102783203125 -447.93499755859375 1204.9906005859375 
v 947.5243530273438 -378.0632629394531 1200.7181396484375 
v 948.130615234375 -445.2389831542969 1213.9383544921875 
v 955.2327270507812 -380.08526611328125 1212.890380859375 
v 945.7055053710938 -445.2389831542969 1222.080078125 
v 938.3002319335938 -347.0590515136719 1196.929443359375 
v 950.9021606445312 -350.4290771484375 1203.055908203125 
v 939.68603515625 -331.1076354980469 1197.5743408203125 
v 952.3745727539062 -335.15167236328125 1203.7813720703125 
v 955.88232421875 -351.3277587890625 1216.276123046875 
v 957.354736328125 -336.7243347167969 1217.162841796875 
v 950.0794067382812 -349.30572509765625 1229.0126953125 
v 951.5950927734375 -334.4776611328125 1229.8994140625 
v 938.56005859375 -329.7596130371094 1234.4942626953125 
v 937.087646484375 -345.26171875 1233.6075439453125 
v 937.6939697265625 -376.9399108886719 1233.2850341796875 
v 951.1187133789062 -379.63592529296875 1226.2718505859375 
v 936.7412109375 -447.93499755859375 1227.8841552734375 
v 939.68603515625 -331.1076354980469 1197.5743408203125 
v 952.7643432617188 -318.7508850097656 1203.3782958984375 
v 942.4142456054688 -322.57025146484375 1198.38037109375 
v 943.4968872070312 -287.2973937988281 1195.72021484375 
v 963.7206420898438 -286.1740417480469 1199.670166015625 
v 945.1425170898438 -263.7072448730469 1195.8814697265625 
v 967.48828125 -260.33721923828125 1199.670166015625 
v 945.7921142578125 -248.65447998046875 1195.5589599609375 
v 970.216552734375 -248.4298095703125 1196.042724609375 
v 969.090576171875 -248.2051544189453 1192.576416015625 
v 945.40234375 -247.7558135986328 1192.576416015625 
v 945.7921142578125 -248.65447998046875 1189.59375 
v 970.216552734375 -248.42982482910156 1189.190673828125 
v 967.48828125 -260.33721923828125 1185.4825439453125 
v 945.1425170898438 -263.7072448730469 1189.2713623046875 
v 963.7206420898438 -286.1740417480469 1185.4825439453125 
v 943.4968872070312 -287.2973937988281 1189.4324951171875 
v 954.9296264648438 -319.2002258300781 1180.64599609375 
v 942.4142456054688 -322.57025146484375 1186.7723388671875 
v 939.68603515625 -331.1076354980469 1187.5784912109375 
v 952.3745727539062 -335.15167236328125 1181.3714599609375 
v 957.354736328125 -336.7243347167969 1167.989990234375 
v 959.736572265625 -319.6495666503906 1167.103271484375 
v 951.5950927734375 -334.4776611328125 1155.25341796875 
v 974.9801635742188 -279.2093505859375 1170.730712890625 
v 979.3107299804688 -246.85714721679688 1171.7786865234375 
v 978.5745239257812 -222.81765747070312 1179.2755126953125 
v 977.2320556640625 -223.04234313964844 1192.576416015625 
v 978.5745239257812 -222.81765747070312 1205.877197265625 
v 975.6297607421875 -203.945556640625 1192.576416015625 
v 971.255859375 -203.7208709716797 1165.329833984375 
v 973.8541870117188 -231.35504150390625 1155.4952392578125 
v 970.3897705078125 -270.4472961425781 1153.963623046875 
v 953.8036499023438 -317.6275634765625 1154.2054443359375 
v 938.56005859375 -329.7596435546875 1150.7391357421875 
v 940.6820678710938 -320.5482482910156 1149.530029296875 
v 952.9808349609375 -265.0552673339844 1145.177001953125 
v 954.843017578125 -223.2670135498047 1147.43408203125 
v 955.189453125 -203.72088623046875 1151.5452880859375 
v 971.255859375 -203.7208709716797 1219.822998046875 
v 973.8541870117188 -231.35504150390625 1229.657470703125 
v 954.843017578125 -223.26699829101562 1237.7186279296875 
v 952.9808349609375 -265.05523681640625 1240.056396484375 
v 970.3897705078125 -270.447265625 1231.189208984375 
v 940.6820678710938 -320.5482482910156 1235.622802734375 
v 955.189453125 -203.7208709716797 1233.607421875 
v 954.9296264648438 -319.2002258300781 1204.5068359375 
v 952.3745727539062 -335.15167236328125 1203.7813720703125 
v 979.3107299804688 -246.8571319580078 1213.3740234375 
v 974.9801635742188 -279.2093200683594 1214.4219970703125 
v 953.8036499023438 -317.6275634765625 1230.9473876953125 
v 938.56005859375 -329.7596130371094 1234.4942626953125 
v 951.5950927734375 -334.4776611328125 1229.8994140625 
v 959.736572265625 -319.6495666503906 1218.049560546875 
v 957.354736328125 -336.7243347167969 1217.162841796875 
v 950.166015625 -62.62936019897461 1201.92724609375 
v 938.0836791992188 -57.012691497802734 1206.5220947265625 
v 949.60302734375 -52.74399948120117 1207.97314453125 
v 938.7332763671875 -39.71323013305664 1212.40673828125 
v 935.4420776367188 -47.35197067260742 1210.63330078125 
v 925.1785888671875 -48.475303649902344 1206.683349609375 
v 929.9421997070312 -41.735260009765625 1211.7618408203125 
v 921.4110107421875 -37.4665641784668 1209.5047607421875 
v 929.1194458007812 -32.523860931396484 1210.9556884765625 
v 925.6549682617188 -53.64264678955078 1202.249755859375 
v 923.6195678710938 -53.41801071166992 1192.5762939453125 
v 919.5055541992188 -42.40926742553711 1203.4588623046875 
v 915.997802734375 -46.00395584106445 1192.5762939453125 
v 912.6199340820312 -27.581161499023438 1192.5762939453125 
v 919.0291748046875 -27.581159591674805 1206.683349609375 
v 936.8711547851562 -32.29917526245117 1212.970947265625 
v 921.6275024414062 -17.021791458129883 1205.47412109375 
v 938.6466674804688 -14.101067543029785 1209.8271484375 
v 938.6466674804688 -8.259719848632812 1192.5762939453125 
v 918.9425659179688 -14.101070404052734 1192.5762939453125 
v 963.8939208984375 -51.171295166015625 1192.5762939453125 
v 963.2009887695312 -63.528053283691406 1192.5762939453125 
v 962.7679443359375 -62.404720306396484 1199.1865234375 
v 950.85888671875 -64.42670440673828 1192.5762939453125 
v 950.166015625 -62.62936019897461 1201.92724609375 
v 949.60302734375 -52.74399948120117 1207.97314453125 
v 960.2994995117188 -51.84530258178711 1203.8619384765625 
v 958.2208251953125 -41.061248779296875 1205.6353759765625 
v 963.4175415039062 -40.6119270324707 1192.5762939453125 
v 964.1104125976562 -48.92462921142578 1196.60693359375 
v 969.090576171875 -48.02598190307617 1192.5762939453125 
v 938.7332763671875 -39.71323013305664 1212.40673828125 
v 959.4334106445312 -33.87187957763672 1206.683349609375 
v 936.8711547851562 -32.29917526245117 1212.970947265625 
v 938.6466674804688 -14.101067543029785 1209.8271484375 
v 954.843017578125 -17.021791458129883 1205.47412109375 
v 958.3507690429688 -14.101070404052734 1192.5762939453125 
v 965.1930541992188 -35.21990203857422 1192.5762939453125 
v 938.6466674804688 -8.259719848632812 1192.5762939453125 
v 935.4420776367188 -47.35197067260742 1210.63330078125 
v 929.3359375 -41.95994567871094 1213.857666015625 
v 929.9421997070312 -41.735260009765625 1211.7618408203125 
v 929.1194458007812 -32.523860931396484 1210.9556884765625 
v 928.5131225585938 -32.7485466003418 1214.0189208984375 
v 936.8711547851562 -32.29917526245117 1212.970947265625 
v 936.2648315429688 -32.7485466003418 1215.3892822265625 
v 938.7332763671875 -39.71323013305664 1212.40673828125 
v 935.0089721679688 -158.7873077392578 1119.0589599609375 
v 949.73291015625 -149.80056762695312 1120.9129638671875 
v 950.5990600585938 -158.33795166015625 1119.9456787109375 
v 956.7484741210938 -161.4833221435547 1132.2791748046875 
v 933.2767944335938 -150.2499237060547 1119.9456787109375 
v 946.4417114257812 -139.01651000976562 1120.99365234375 
v 928.5564575195312 -137.8931884765625 1120.671142578125 
v 940.4221801757812 -108.23698425292969 1123.170166015625 
v 923.1865234375 -108.68633270263672 1124.056884765625 
v 920.458251953125 -101.72162628173828 1126.9588623046875 
v 939.81591796875 -98.12693786621094 1125.6690673828125 
v 921.6275024414062 -90.26356506347656 1129.5384521484375 
v 948.6502685546875 -112.95502471923828 1136.95458984375 
v 953.4139404296875 -142.38653564453125 1134.4556884765625 
v 955.88232421875 -152.49658203125 1133.5689697265625 
v 946.7015380859375 -164.85333251953125 1143.00048828125 
v 945.748779296875 -154.96792602539062 1144.6126708984375 
v 928.8162841796875 -155.4172821044922 1143.2423095703125 
v 931.0681762695312 -165.0780029296875 1141.9525146484375 
v 923.0133056640625 -152.9459228515625 1131.070068359375 
v 925.0487060546875 -162.15731811523438 1129.7802734375 
v 935.0089721679688 -158.7873077392578 1119.0589599609375 
v 933.2767944335938 -150.2499237060547 1119.9456787109375 
v 928.5564575195312 -137.8931884765625 1120.671142578125 
v 917.5134887695312 -140.364501953125 1133.3271484375 
v 923.1865234375 -108.68633270263672 1124.056884765625 
v 913.3561401367188 -113.62903594970703 1137.9219970703125 
v 912.013671875 -96.55426025390625 1143.1617431640625 
v 920.458251953125 -101.72162628173828 1126.9588623046875 
v 921.6275024414062 -90.26356506347656 1129.5384521484375 
v 918.72607421875 -78.580810546875 1143.7259521484375 
v 909.5452270507812 -90.71288299560547 1161.2186279296875 
v 916.8638916015625 -75.88479614257812 1156.5430908203125 
v 924.3125 -143.95921325683594 1146.3055419921875 
v 942.5008544921875 -144.63319396972656 1146.7086181640625 
v 939.2096557617188 -117.67304229736328 1148.5626220703125 
v 948.9967041015625 -99.0256118774414 1140.1790771484375 
v 920.5881958007812 -118.12239074707031 1149.126953125 
v 957.6145629882812 -99.92427825927734 1149.0462646484375 
v 937.9537963867188 -79.9288330078125 1139.050537109375 
v 935.701904296875 -86.21952819824219 1129.0546875 
v 942.7174072265625 -77.68213653564453 1153.8023681640625 
v 918.72607421875 -78.580810546875 1143.7259521484375 
v 916.8638916015625 -75.88479614257812 1156.5430908203125 
v 937.9104614257812 -167.10000610351562 1118.1722412109375 
v 927.7769165039062 -172.49203491210938 1128.16796875 
v 935.0089721679688 -158.7873077392578 1119.0589599609375 
v 925.0487060546875 -162.15731811523438 1129.7802734375 
v 931.0681762695312 -165.0780029296875 1141.9525146484375 
v 933.7964477539062 -177.4347381591797 1139.6148681640625 
v 946.7015380859375 -164.85333251953125 1143.00048828125 
v 949.9927368164062 -176.5360565185547 1140.743408203125 
v 960.0830078125 -170.91937255859375 1130.8282470703125 
v 956.7484741210938 -161.4833221435547 1132.2791748046875 
v 954.0634765625 -166.2013397216797 1119.30078125 
v 950.5990600585938 -158.33795166015625 1119.9456787109375 
v 935.0089721679688 -158.7873077392578 1119.0589599609375 
v 937.9104614257812 -167.10000610351562 1118.1722412109375 
v 943.6701049804688 -184.84878540039062 1115.350830078125 
v 958.4806518554688 -181.0294189453125 1114.78662109375 
v 963.7639770507812 -227.31105041503906 1111.6427001953125 
v 965.3662719726562 -183.27610778808594 1127.1201171875 
v 957.354736328125 -189.34214782714844 1138.969970703125 
v 943.1937866210938 -192.93682861328125 1139.5341796875 
v 936.0050048828125 -190.91482543945312 1127.684326171875 
v 943.6701049804688 -184.84878540039062 1115.350830078125 
v 957.5712890625 -230.68106079101562 1117.60791015625 
v 963.7639770507812 -227.31105041503906 1111.6427001953125 
v 960.64599609375 -236.29776000976562 1116.237548828125 
v 966.6654663085938 -233.3770751953125 1111.0784912109375 
v 963.9371948242188 -235.62374877929688 1123.4119873046875 
v 961.3821411132812 -230.23171997070312 1125.1048583984375 
v 970.6062622070312 -226.41236877441406 1126.4752197265625 
v 976.8856201171875 -223.0423583984375 1120.3487548828125 
v 973.291259765625 -223.71633911132812 1113.01318359375 
v 966.6654663085938 -233.3770751953125 1111.0784912109375 
v 975.4132080078125 -229.78237915039062 1112.690673828125 
v 978.53125 -228.65904235839844 1119.623291015625 
v 972.4251098632812 -231.8043975830078 1125.1048583984375 
v 951.5950927734375 -334.4776611328125 1155.25341796875 
v 938.56005859375 -329.7596435546875 1150.7391357421875 
v 950.0794067382812 -349.3057556152344 1156.14013671875 
v 937.087646484375 -345.26171875 1151.5452880859375 
v 937.6939697265625 -376.9399108886719 1151.8677978515625 
v 957.354736328125 -336.7243347167969 1167.989990234375 
v 955.88232421875 -351.3277587890625 1168.876708984375 
v 952.3745727539062 -335.15167236328125 1181.3714599609375 
v 950.9021606445312 -350.4290771484375 1182.096923828125 
v 939.68603515625 -331.1076354980469 1187.5784912109375 
v 938.3002319335938 -347.0590515136719 1188.223388671875 
v 947.5243530273438 -378.0632629394531 1184.4346923828125 
v 932.4539794921875 -374.6932373046875 1188.223388671875 
v 943.4102783203125 -447.93499755859375 1180.1622314453125 
v 933.66650390625 -448.6090087890625 1182.3387451171875 
v 948.130615234375 -445.2389831542969 1171.2144775390625 
v 955.2327270507812 -380.08526611328125 1172.2623291015625 
v 951.1187133789062 -379.63592529296875 1158.8809814453125 
v 936.7412109375 -447.93499755859375 1157.2686767578125 
v 945.7055053710938 -445.2389831542969 1163.07275390625 
v 926.6510009765625 -326.3896179199219 1182.983642578125 
v 939.68603515625 -331.1076354980469 1187.5784912109375 
v 925.3085327148438 -343.0150451660156 1183.7091064453125 
v 938.3002319335938 -347.0590515136719 1188.223388671875 
v 932.4539794921875 -374.6932373046875 1188.223388671875 
v 920.9346313476562 -324.1429443359375 1170.2470703125 
v 919.5055541992188 -340.9930419921875 1170.97265625 
v 925.8714599609375 -325.7156066894531 1156.9462890625 
v 924.4423828125 -341.8916931152344 1157.6717529296875 
v 938.56005859375 -329.7596435546875 1150.7391357421875 
v 937.087646484375 -345.26171875 1151.5452880859375 
v 922.5802612304688 -373.3452453613281 1155.333984375 
v 937.6939697265625 -376.9399108886719 1151.8677978515625 
v 926.9541625976562 -448.38433837890625 1159.6064453125 
v 936.7412109375 -447.93499755859375 1157.2686767578125 
v 920.7614135742188 -448.15966796875 1167.909423828125 
v 914.5687255859375 -371.3232116699219 1167.4256591796875 
v 918.6827392578125 -371.9972229003906 1181.2908935546875 
v 933.66650390625 -448.6090087890625 1182.3387451171875 
v 923.74951171875 -448.15966796875 1177.582763671875 
v 950.166015625 -62.62936019897461 1183.2254638671875 
v 949.60302734375 -52.74400329589844 1177.1795654296875 
v 938.0836791992188 -57.012699127197266 1178.630615234375 
v 938.7332763671875 -39.71323776245117 1172.7459716796875 
v 935.4420776367188 -47.35197830200195 1174.5194091796875 
v 925.1785888671875 -48.475311279296875 1178.4693603515625 
v 929.9421997070312 -41.73526382446289 1173.390869140625 
v 921.4110107421875 -37.46657180786133 1175.64794921875 
v 929.1194458007812 -32.523868560791016 1174.197021484375 
v 925.6549682617188 -53.64265060424805 1182.9029541015625 
v 923.6195678710938 -53.41801071166992 1192.5762939453125 
v 919.5055541992188 -42.409271240234375 1181.69384765625 
v 915.997802734375 -46.00395584106445 1192.5762939453125 
v 912.6199340820312 -27.581161499023438 1192.5762939453125 
v 919.0291748046875 -27.58116340637207 1178.4693603515625 
v 936.8711547851562 -32.2991828918457 1172.1817626953125 
v 921.6275024414062 -17.02179527282715 1179.6785888671875 
v 938.6466674804688 -14.101073265075684 1175.3255615234375 
v 938.6466674804688 -8.259719848632812 1192.5762939453125 
v 918.9425659179688 -14.101070404052734 1192.5762939453125 
v 963.8939208984375 -51.171295166015625 1192.5762939453125 
v 963.2009887695312 -63.528053283691406 1192.5762939453125 
v 962.7679443359375 -62.40472412109375 1185.9661865234375 
v 950.85888671875 -64.42670440673828 1192.5762939453125 
v 950.166015625 -62.62936019897461 1183.2254638671875 
v 949.60302734375 -52.74400329589844 1177.1795654296875 
v 960.2994995117188 -51.845306396484375 1181.290771484375 
v 958.2208251953125 -41.06125259399414 1179.517333984375 
v 963.4175415039062 -40.6119270324707 1192.5762939453125 
v 964.1104125976562 -48.92463302612305 1188.5457763671875 
v 969.090576171875 -48.02598190307617 1192.5762939453125 
v 938.7332763671875 -39.71323776245117 1172.7459716796875 
v 959.4334106445312 -33.87188720703125 1178.4693603515625 
v 936.8711547851562 -32.2991828918457 1172.1817626953125 
v 938.6466674804688 -14.101073265075684 1175.3255615234375 
v 954.843017578125 -17.02179527282715 1179.6785888671875 
v 958.3507690429688 -14.101070404052734 1192.5762939453125 
v 965.1930541992188 -35.21990203857422 1192.5762939453125 
v 938.6466674804688 -8.259719848632812 1192.5762939453125 
v 935.4420776367188 -47.35197830200195 1174.5194091796875 
v 929.3359375 -41.9599494934082 1171.2950439453125 
v 929.9421997070312 -41.73526382446289 1173.390869140625 
v 929.1194458007812 -32.523868560791016 1174.197021484375 
v 928.5131225585938 -32.74855422973633 1171.1337890625 
v 936.8711547851562 -32.2991828918457 1172.1817626953125 
v 936.2648315429688 -32.74855422973633 1169.843994140625 
v 938.7332763671875 -39.71323776245117 1172.7459716796875 
v 988.578125 -246.40780639648438 1260.8541259765625 
v 983.901123046875 -239.44309997558594 1264.1591796875 
v 984.6373291015625 -234.50039672851562 1261.257080078125 
v 978.53125 -228.6590118408203 1265.529541015625 
v 983.0783081054688 -239.21841430664062 1266.89990234375 
v 980.5232543945312 -241.0157470703125 1273.6712646484375 
v 985.8931884765625 -252.92315673828125 1273.9130859375 
v 975.932861328125 -256.5178527832031 1275.9283447265625 
v 972.0353393554688 -244.61045837402344 1275.202880859375 
v 975.4132080078125 -229.7823486328125 1272.4620361328125 
v 966.6654663085938 -233.37705993652344 1274.0743408203125 
v 990.7001342773438 -243.7117919921875 1258.435791015625 
v 989.4442749023438 -250.90115356445312 1267.4642333984375 
v 987.7553100585938 -258.98919677734375 1274.0743408203125 
v 991.7827758789062 -256.7425231933594 1269.3182373046875 
v 992.7354736328125 -275.6146240234375 1272.542724609375 
v 996.2432250976562 -273.3679504394531 1269.4794921875 
v 980.8697509765625 -278.5353088378906 1272.1396484375 
v 986.1963500976562 -277.861328125 1273.83251953125 
v 978.314697265625 -261.9098815917969 1275.6865234375 
v 969.6968383789062 -263.2579040527344 1272.703857421875 
v 966.1458129882812 -258.5398864746094 1271.656005859375 
v 963.15771484375 -245.9584503173828 1269.6407470703125 
v 960.64599609375 -236.2977294921875 1268.9151611328125 
v 980.47998046875 -467.9304504394531 1211.439453125 
v 985.8931884765625 -467.9304504394531 1219.5006103515625 
v 980.263427734375 -462.0890808105469 1211.439453125 
v 985.4601440429688 -462.0890808105469 1219.5006103515625 
v 943.4102783203125 -447.93499755859375 1204.9906005859375 
v 948.130615234375 -445.2389831542969 1213.9383544921875 
v 980.2201538085938 -462.0890808105469 1230.86669921875 
v 945.7055053710938 -445.2389831542969 1222.080078125 
v 971.81884765625 -461.8644104003906 1236.3482666015625 
v 936.7412109375 -447.93499755859375 1227.8841552734375 
v 980.5665893554688 -467.9304504394531 1231.0279541015625 
v 971.9054565429688 -467.9304504394531 1236.428955078125 
v 941.8079833984375 -468.1551208496094 1204.5068359375 
v 980.47998046875 -467.9304504394531 1211.439453125 
v 944.8826904296875 -468.1551208496094 1214.2608642578125 
v 985.8931884765625 -467.9304504394531 1219.5006103515625 
v 944.8826904296875 -468.1551208496094 1214.2608642578125 
v 985.8931884765625 -467.9304504394531 1219.5006103515625 
v 943.0638427734375 -468.1551208496094 1220.9515380859375 
v 980.5665893554688 -467.9304504394531 1231.0279541015625 
v 933.66650390625 -448.6090087890625 1202.8140869140625 
v 933.320068359375 -467.9304504394531 1202.249755859375 
v 923.74951171875 -448.15966796875 1207.570068359375 
v 924.1825561523438 -467.9304504394531 1207.1669921875 
v 920.7614135742188 -448.15966796875 1217.243408203125 
v 921.4110107421875 -467.9304504394531 1217.243408203125 
v 926.9541625976562 -448.38433837890625 1225.54638671875 
v 927.1273803710938 -467.9304504394531 1225.868896484375 
v 936.7412109375 -447.93499755859375 1227.8841552734375 
v 935.7885131835938 -468.1551208496094 1228.1259765625 
v 935.7885131835938 -468.1551208496094 1228.1259765625 
v 971.9054565429688 -467.9304504394531 1236.428955078125 
v 936.7412109375 -447.93499755859375 1227.8841552734375 
v 971.81884765625 -461.8644104003906 1236.3482666015625 
v 980.47998046875 -467.9304504394531 1211.439453125 
v 941.8079833984375 -468.1551208496094 1204.5068359375 
v 980.263427734375 -462.0890808105469 1211.439453125 
v 943.4102783203125 -447.93499755859375 1204.9906005859375 
v 933.66650390625 -448.6090087890625 1202.8140869140625 
v 933.320068359375 -467.9304504394531 1202.249755859375 
v 943.0638427734375 -468.1551208496094 1220.9515380859375 
v 980.5665893554688 -467.9304504394531 1231.0279541015625 
v 935.7885131835938 -468.1551208496094 1228.1259765625 
v 971.9054565429688 -467.9304504394531 1236.428955078125 
v 980.8697509765625 -278.5353088378906 1272.1396484375 
v 969.6968383789062 -263.2579040527344 1272.703857421875 
v 983.4247436523438 -276.28863525390625 1270.3662109375 
v 973.9407958984375 -261.4605407714844 1270.769287109375 
v 966.1458129882812 -258.5398864746094 1271.656005859375 
v 971.0826416015625 -257.1918640136719 1269.4794921875 
v 963.15771484375 -245.9584503173828 1269.6407470703125 
v 967.7047729492188 -244.83511352539062 1266.7386474609375 
v 960.64599609375 -236.2977294921875 1268.9151611328125 
v 963.9371948242188 -235.62371826171875 1261.7408447265625 
v 976.8856201171875 -241.68975830078125 1265.3682861328125 
v 972.4251098632812 -231.80438232421875 1260.0479736328125 
v 982.082275390625 -253.82183837890625 1267.5447998046875 
v 984.2908935546875 -258.5398864746094 1269.2376708984375 
v 990.5269165039062 -274.0419616699219 1269.2376708984375 
v 996.2432250976562 -273.3679504394531 1269.4794921875 
v 991.7827758789062 -256.7425231933594 1269.3182373046875 
v 989.4442749023438 -250.90115356445312 1267.4642333984375 
v 983.0783081054688 -239.21841430664062 1266.89990234375 
v 979.6138916015625 -240.11708068847656 1259.5643310546875 
v 983.901123046875 -239.44309997558594 1264.1591796875 
v 986.06640625 -247.3064727783203 1257.0653076171875 
v 988.578125 -246.40780639648438 1260.8541259765625 
v 988.7080688476562 -244.8351287841797 1254.969482421875 
v 990.7001342773438 -243.7117919921875 1258.435791015625 
v 981.6925659179688 -235.39906311035156 1257.0653076171875 
v 984.6373291015625 -234.50039672851562 1261.257080078125 
v 978.53125 -228.6590118408203 1265.529541015625 
v 945.8353881835938 -73.41343688964844 1202.0885009765625 
v 950.85888671875 -64.42670440673828 1192.5762939453125 
v 945.96533203125 -73.63812255859375 1192.576416015625 
v 945.8353881835938 -73.41343688964844 1183.064208984375 
v 950.166015625 -62.62936019897461 1183.2254638671875 
v 936.4813842773438 -69.36943054199219 1179.03369140625 
v 938.0836791992188 -57.012699127197266 1178.630615234375 
v 922.7534790039062 -64.8760757446289 1183.6285400390625 
v 925.6549682617188 -53.64265060424805 1182.9029541015625 
v 919.5921630859375 -64.6513900756836 1192.5762939453125 
v 923.6195678710938 -53.41801071166992 1192.5762939453125 
v 950.166015625 -62.62936019897461 1201.92724609375 
v 936.4813842773438 -69.36943054199219 1206.1190185546875 
v 938.0836791992188 -57.012691497802734 1206.5220947265625 
v 922.7534790039062 -64.8760757446289 1201.524169921875 
v 925.6549682617188 -53.64264678955078 1202.249755859375 
v 919.5921630859375 -64.6513900756836 1192.5762939453125 
v 923.6195678710938 -53.41801071166992 1192.5762939453125 
v 996.2432250976562 -273.36798095703125 1115.67333984375 
v 992.7354736328125 -275.6146545410156 1112.610107421875 
v 991.7827758789062 -256.7425537109375 1115.83447265625 
v 987.7553100585938 -258.9892272949219 1111.0784912109375 
v 989.4442749023438 -250.90118408203125 1117.6885986328125 
v 985.8931884765625 -252.92318725585938 1111.2396240234375 
v 983.0783081054688 -239.2184295654297 1118.2528076171875 
v 980.5232543945312 -241.01577758789062 1111.5621337890625 
v 975.932861328125 -256.51788330078125 1109.224365234375 
v 978.314697265625 -261.909912109375 1109.4661865234375 
v 969.6968383789062 -263.2579040527344 1112.4488525390625 
v 980.8697509765625 -278.53533935546875 1113.01318359375 
v 986.1963500976562 -277.861328125 1111.40087890625 
v 966.1458129882812 -258.5398864746094 1113.496826171875 
v 972.0353393554688 -244.61048889160156 1109.949951171875 
v 975.4132080078125 -229.78237915039062 1112.690673828125 
v 978.53125 -228.65904235839844 1119.623291015625 
v 983.901123046875 -239.443115234375 1120.99365234375 
v 984.6373291015625 -234.5004119873047 1123.8956298828125 
v 988.578125 -246.40782165527344 1124.2987060546875 
v 990.7001342773438 -243.71180725097656 1126.797607421875 
v 963.15771484375 -245.95848083496094 1115.5120849609375 
v 966.6654663085938 -233.3770751953125 1111.0784912109375 
v 960.64599609375 -236.29776000976562 1116.237548828125 
v 980.47998046875 -467.9304504394531 1173.71337890625 
v 985.8931884765625 -467.9304504394531 1165.6522216796875 
v 980.263427734375 -462.0890808105469 1173.71337890625 
v 985.4601440429688 -462.0890808105469 1165.6522216796875 
v 943.4102783203125 -447.93499755859375 1180.1622314453125 
v 948.130615234375 -445.2389831542969 1171.2144775390625 
v 980.2201538085938 -462.0890808105469 1154.2861328125 
v 945.7055053710938 -445.2389831542969 1163.07275390625 
v 971.81884765625 -461.8644104003906 1148.8045654296875 
v 936.7412109375 -447.93499755859375 1157.2686767578125 
v 980.5665893554688 -467.9304504394531 1154.1248779296875 
v 971.9054565429688 -467.9304504394531 1148.8045654296875 
v 985.8931884765625 -467.9304504394531 1165.6522216796875 
v 944.8826904296875 -468.1551208496094 1170.8919677734375 
v 980.47998046875 -467.9304504394531 1173.71337890625 
v 941.8079833984375 -468.1551208496094 1180.64599609375 
v 980.5665893554688 -467.9304504394531 1154.1248779296875 
v 943.0638427734375 -468.1551208496094 1164.2012939453125 
v 985.8931884765625 -467.9304504394531 1165.6522216796875 
v 944.8826904296875 -468.1551208496094 1170.8919677734375 
v 935.7885131835938 -468.1551208496094 1157.02685546875 
v 936.7412109375 -447.93499755859375 1157.2686767578125 
v 927.1273803710938 -467.9304504394531 1159.283935546875 
v 926.9541625976562 -448.38433837890625 1159.6064453125 
v 921.4110107421875 -467.9304504394531 1167.909423828125 
v 920.7614135742188 -448.15966796875 1167.909423828125 
v 924.1825561523438 -467.9304504394531 1177.98583984375 
v 923.74951171875 -448.15966796875 1177.582763671875 
v 933.320068359375 -467.9304504394531 1182.903076171875 
v 933.66650390625 -448.6090087890625 1182.3387451171875 
v 971.81884765625 -461.8644104003906 1148.8045654296875 
v 936.7412109375 -447.93499755859375 1157.2686767578125 
v 971.9054565429688 -467.9304504394531 1148.8045654296875 
v 935.7885131835938 -468.1551208496094 1157.02685546875 
v 980.47998046875 -467.9304504394531 1173.71337890625 
v 941.8079833984375 -468.1551208496094 1180.64599609375 
v 980.263427734375 -462.0890808105469 1173.71337890625 
v 943.4102783203125 -447.93499755859375 1180.1622314453125 
v 933.66650390625 -448.6090087890625 1182.3387451171875 
v 933.320068359375 -467.9304504394531 1182.903076171875 
v 971.9054565429688 -467.9304504394531 1148.8045654296875 
v 935.7885131835938 -468.1551208496094 1157.02685546875 
v 980.5665893554688 -467.9304504394531 1154.1248779296875 
v 943.0638427734375 -468.1551208496094 1164.2012939453125 
v 969.6968383789062 -263.2579040527344 1112.4488525390625 
v 983.4247436523438 -276.2886657714844 1114.78662109375 
v 980.8697509765625 -278.53533935546875 1113.01318359375 
v 996.2432250976562 -273.36798095703125 1115.67333984375 
v 973.9407958984375 -261.4605712890625 1114.383544921875 
v 966.1458129882812 -258.5398864746094 1113.496826171875 
v 971.0826416015625 -257.1918640136719 1115.67333984375 
v 963.15771484375 -245.95848083496094 1115.5120849609375 
v 967.7047729492188 -244.83514404296875 1118.4140625 
v 960.64599609375 -236.29776000976562 1116.237548828125 
v 963.9371948242188 -235.62374877929688 1123.4119873046875 
v 976.8856201171875 -241.68978881835938 1119.784423828125 
v 972.4251098632812 -231.8043975830078 1125.1048583984375 
v 982.082275390625 -253.8218536376953 1117.60791015625 
v 984.2908935546875 -258.5398864746094 1115.9151611328125 
v 990.5269165039062 -274.0419921875 1115.9957275390625 
v 991.7827758789062 -256.7425537109375 1115.83447265625 
v 989.4442749023438 -250.90118408203125 1117.6885986328125 
v 983.0783081054688 -239.2184295654297 1118.2528076171875 
v 979.6138916015625 -240.11709594726562 1125.5885009765625 
v 983.901123046875 -239.443115234375 1120.99365234375 
v 986.06640625 -247.30648803710938 1128.08740234375 
v 988.578125 -246.40782165527344 1124.2987060546875 
v 988.7080688476562 -244.83514404296875 1130.183349609375 
v 990.7001342773438 -243.71180725097656 1126.797607421875 
v 981.6925659179688 -235.39907836914062 1128.08740234375 
v 984.6373291015625 -234.5004119873047 1123.8956298828125 
v 978.53125 -228.65904235839844 1119.623291015625 
v 921.4110107421875 -467.9304504394531 1217.243408203125 
v 924.1825561523438 -467.9304504394531 1207.1669921875 
v 927.1273803710938 -467.9304504394531 1225.868896484375 
v 933.320068359375 -467.9304504394531 1202.249755859375 
v 935.7885131835938 -468.1551208496094 1228.1259765625 
v 941.8079833984375 -468.1551208496094 1204.5068359375 
v 943.0638427734375 -468.1551208496094 1220.9515380859375 
v 944.8826904296875 -468.1551208496094 1214.2608642578125 
v 921.4110107421875 -467.9304504394531 1167.909423828125 
v 927.1273803710938 -467.9304504394531 1159.283935546875 
v 924.1825561523438 -467.9304504394531 1177.98583984375 
v 933.320068359375 -467.9304504394531 1182.903076171875 
v 935.7885131835938 -468.1551208496094 1157.02685546875 
v 941.8079833984375 -468.1551208496094 1180.64599609375 
v 943.0638427734375 -468.1551208496094 1164.2012939453125 
v 944.8826904296875 -468.1551208496094 1170.8919677734375 
vn 0.0092009911313653 -0.002060592407360673 0.0033310248982161283 
vn -0.009509849362075329 -0.002906766254454851 0.0010552165331318974 
vn 0.0005845305859111249 -0.0011553015792742372 0.00991582591086626 
vn -0.00795449037104845 -0.0027391009498387575 0.005405867006629705 
vn -0.009217636659741402 -0.0008074568468146026 0.003792517352849245 
vn -0.00971772987395525 -0.002358875935897231 0.000037737470847787336 
vn -0.009970780462026596 -0.000763898657169193 1.2445719455023152e-10 
vn -0.009217636659741402 -0.0008074581273831427 -0.0037925171200186014 
vn -0.00961972214281559 0.0021460254210978746 -0.0016898296307772398 
vn -0.009542446583509445 0.0029902691021561623 -4.871756331681354e-10 
vn -0.00961972214281559 0.002146025886759162 0.0016898289322853088 
vn -0.006974230986088514 0.005212873220443726 0.004917932208627462 
vn -0.005706952419131994 0.007927988655865192 0.0021395531948655844 
vn 0.00223323586396873 0.005972885061055422 0.007703070994466543 
vn -0.009087973274290562 0.004172207787632942 0.0000377151372958906 
vn -0.006974230986088514 0.005212871823459864 -0.004917934071272612 
vn -0.005706952419131994 0.007927988655865192 -0.0021395557560026646 
vn 0.00223323586396873 0.005972882267087698 -0.007703072857111692 
vn -0.009509849362075329 -0.0029067667201161385 -0.0010552156018093228 
vn -0.00795449037104845 -0.0027391028124839067 -0.005405866075307131 
vn 0.0092009911313653 -0.0020605935715138912 -0.0033310241997241974 
vn 0.0005845305859111249 -0.0011553048389032483 -0.00991582591086626 
vn -0.007481768727302551 -0.0015880769351497293 -0.006442138459533453 
vn -0.009865989908576012 -0.0016311999643221498 0.000037753095966763794 
vn -0.0077636707574129105 0.001025002682581544 -0.006218905560672283 
vn -0.009959839284420013 0.0008945280569605529 0.000037744011933682486 
vn -0.0077636707574129105 0.0010250047780573368 0.006218905095010996 
vn -0.007481768727302551 -0.0015880748396739364 0.00644213892519474 
vn 0.0014661779860034585 0.0015880775172263384 0.009763622656464577 
vn 0.0014490847242996097 -0.0008074558572843671 0.009861448779702187 
vn 0.0014490847242996097 -0.0008074591169133782 -0.009861447848379612 
vn 0.0014661779860034585 0.0015880742575973272 -0.009763623587787151 
vn 0.0092009911313653 -0.002060592407360673 0.0033310248982161283 
vn 0.007401310373097658 0.0007638997049070895 0.00668109767138958 
vn 0.008184208534657955 0.001242061611264944 0.0056103491224348545 
vn 0.007380170281976461 0.005724823568016291 0.0035720414016395807 
vn 0.004026593174785376 0.008476362563669682 0.0034551157150417566 
vn 0.0005845305859111249 -0.0011553015792742372 0.00991582591086626 
vn 0.00800858810544014 0.00015292371972464025 0.005986579228192568 
vn 0.0014490847242996097 -0.0008074558572843671 0.009861448779702187 
vn 0.008512625470757484 -0.0003713120531756431 0.005234245676547289 
vn 0.008625210262835026 0.000938038865569979 0.004972506780177355 
vn 0.009977075271308422 0.0006767380982637405 -1.1025484691895571e-10 
vn 0.009993103332817554 -0.00037131289718672633 6.04946717719379e-11 
vn 0.008512625470757484 -0.00037131377030164003 -0.005234245676547289 
vn 0.008625210262835026 0.0009380372939631343 -0.004972506780177355 
vn 0.0014490847242996097 -0.0008074591169133782 -0.009861447848379612 
vn 0.0014661779860034585 0.0015880742575973272 -0.009763623587787151 
vn 0.0014661779860034585 0.0015880775172263384 0.009763622656464577 
vn 0.00800858810544014 0.00015292176976799965 -0.005986579228192568 
vn 0.0005845305859111249 -0.0011553048389032483 -0.00991582591086626 
vn 0.008184208534657955 0.0012420597486197948 -0.005610349588096142 
vn 0.0092009911313653 -0.0020605935715138912 -0.0033310241997241974 
vn 0.007401310373097658 0.0007638975512236357 -0.00668109767138958 
vn 0.007380170281976461 0.005724822171032429 -0.00357204326428473 
vn 0.004026593174785376 0.008476361632347107 -0.0034551185090094805 
vn 0.007841108366847038 0.004911447875201702 -0.0037940347101539373 
vn 0.00223323586396873 0.005972882267087698 -0.007703072857111692 
vn -0.005706952419131994 0.007927988655865192 -0.0021395557560026646 
vn 0.009663954377174377 0.002570600714534521 -4.188048519093712e-10 
vn 0.007967764511704445 0.006042742170393467 -9.844896009525428e-10 
vn 0.009767014533281326 0.0021460256539285183 -3.4963262840470577e-10 
vn 0.009993103332817554 0.00037131289718672633 -6.04946717719379e-11 
vn 0.007841108366847038 0.004911448806524277 0.0037940330803394318 
vn 0.00223323586396873 0.005972885061055422 0.007703070994466543 
vn -0.005706952419131994 0.007927988655865192 0.0021395531948655844 
vn 0.005209742579609156 0.0020178186241537333 0.008293792605400085 
vn -0.003686782903969288 0.00006554192077601328 0.009295339696109295 
vn 0.0057768914848566055 0.0017603834858164191 0.007970481179654598 
vn -0.003544145030900836 -0.00032764420029707253 0.009345142170786858 
vn 0.005117128603160381 0.0016312013613060117 0.008435294032096863 
vn -0.0042384616099298 -0.0003713114419952035 0.009049727581441402 
vn 0.0045042019337415695 0.0019750043284147978 0.00870698131620884 
vn -0.004544139839708805 0.001198694808408618 0.008826886303722858 
vn 0.004608887247741222 0.0031150938011705875 0.008309895172715187 
vn -0.005847232881933451 0.001975004095584154 0.007868241518735886 
vn 0.00271806214004755 0.0057962555438280106 0.00768215861171484 
vn -0.004802135284990072 0.004526274744421244 0.00751347653567791 
vn 0.003632990410551429 0.008007198572158813 0.004762998782098293 
vn -0.005161460489034653 0.007626009173691273 0.003899142611771822 
vn 0.004026593174785376 0.008476362563669682 0.0034551157150417566 
vn -0.005706952419131994 0.007927988655865192 0.0021395531948655844 
vn 0.009576071053743362 0.0019750024657696486 -0.0020971924532204866 
vn 0.007401310373097658 0.0007638997049070895 0.00668109767138958 
vn 0.008988535031676292 0.0015449220081791282 0.004101152531802654 
vn 0.0092009911313653 -0.002060592407360673 0.0033310248982161283 
vn 0.009890410117805004 -0.0003713126643560827 0.0014289574464783072 
vn 0.009700492955744267 0.0018463367596268654 -0.0015784448478370905 
vn 0.003721910994499922 -0.0006767396116629243 -0.009256856516003609 
vn -0.009509849362075329 -0.002906766254454851 0.0010552165331318974 
vn 0.009753852151334286 0.0013720167335122824 -0.0017262512119486928 
vn 0.0033479377161711454 -0.0009380396222695708 -0.009376107715070248 
vn 0.0039823539555072784 -0.0008510023471899331 -0.009133271872997284 
vn -0.00538303516805172 -0.00315658375620842 -0.007814020849764347 
vn -0.005372823681682348 -0.002823043381795287 -0.007947527803480625 
vn -0.009727907367050648 -0.0015017372788861394 0.0017642591847106814 
vn -0.00961972214281559 0.002146025886759162 0.0016898289322853088 
vn -0.005470611620694399 -0.002570602111518383 -0.007966455072164536 
vn -0.009356549009680748 -0.002864931244403124 0.0020608659833669662 
vn -0.009585275314748287 -0.0024437063839286566 0.0014665625058114529 
vn -0.0042384616099298 -0.0003713114419952035 0.009049727581441402 
vn -0.004544139839708805 0.001198694808408618 0.008826886303722858 
vn -0.009742013178765774 0.00045862558181397617 0.0022097164765000343 
vn -0.00960564985871315 -0.0020178169943392277 0.0019130887230858207 
vn -0.003686782903969288 0.00006554192077601328 0.009295339696109295 
vn -0.003544145030900836 -0.00032764420029707253 0.009345142170786858 
vn -0.005847232881933451 0.001975004095584154 0.007868241518735886 
vn -0.004802135284990072 0.004526274744421244 0.00751347653567791 
vn -0.005161460489034653 0.007626009173691273 0.003899142611771822 
vn -0.005706952419131994 0.007927988655865192 0.0021395531948655844 
vn 0.005209742579609156 0.0020178186241537333 0.008293792605400085 
vn 0.005536277778446674 0.0034452821128070354 0.007581534329801798 
vn 0.009576071053743362 0.0019750024657696486 -0.0020971924532204866 
vn 0.009168864227831364 0.00319801177829504 -0.0023884407710283995 
vn 0.0033479377161711454 -0.0009380396222695708 -0.009376107715070248 
vn -0.003686782903969288 0.00006554192077601328 0.009295339696109295 
vn -0.003545972751453519 -0.00006553887942573056 0.009349961765110493 
vn -0.003982746507972479 -0.0005022671539336443 0.009158900007605553 
vn 0.0048211910761892796 0.0029485472477972507 0.008249981328845024 
vn -0.003297765040770173 -0.0006767365848645568 0.009416303597390652 
vn 0.005235068034380674 0.002358877332881093 0.008187170140445232 
vn -0.0025393757969141006 -0.0001092310412786901 0.009671589359641075 
vn 0.005273634567856789 0.002781099872663617 0.008028341457247734 
vn 0.009578256867825985 0.0024013142101466656 -0.0015781891997903585 
vn 0.008646530099213123 0.004987381398677826 -0.000602944812271744 
vn 0.009421511553227901 0.003031934844329953 -0.0014291548868641257 
vn 0.0034043535124510527 -0.00006554193532792851 -0.009402451105415821 
vn 0.004307916387915611 -0.0002839737571775913 -0.009020045399665833 
vn 0.004065728280693293 -0.0012420621933415532 -0.009051361121237278 
vn 0.0012796750525012612 -0.001025005360133946 -0.00986467394977808 
vn -0.004286787938326597 -0.004681423306465149 -0.007727077230811119 
vn -0.00385184190236032 -0.004719988442957401 -0.007930007763206959 
vn -0.005775575526058674 -0.003239382291212678 -0.007493272423744202 
vn -0.005470611620694399 -0.002570602111518383 -0.007966455072164536 
vn -0.00960564985871315 -0.0020178169943392277 0.0019130887230858207 
vn -0.009318619966506958 -0.002906766254454851 0.002171182306483388 
vn -0.003686782903969288 0.00006554192077601328 0.009295339696109295 
vn -0.003545972751453519 -0.00006553887942573056 0.009349961765110493 
vn -0.008950570598244667 -0.004211877007037401 0.0014653941616415977 
vn -0.0042332434095442295 -0.003771261079236865 -0.008237550966441631 
vn -0.0025393757969141006 -0.0001092310412786901 0.009671589359641075 
vn -0.003297765040770173 -0.0006767365848645568 0.009416303597390652 
vn -0.008807201869785786 -0.004132458940148354 0.0023142986465245485 
vn -0.00872971024364233 -0.004487268161028624 0.001912216073833406 
vn -0.003982746507972479 -0.0005022671539336443 0.009158900007605553 
vn 0.0014661779860034585 0.0015880775172263384 0.009763622656464577 
vn -0.0077636707574129105 0.0010250047780573368 0.006218905095010996 
vn -0.005036575719714165 0.0014152858639135957 0.008522315882146358 
vn -0.00865594670176506 0.0009815311059355736 0.004910313989967108 
vn 0.0014290690887719393 0.0019750045612454414 0.00969830434769392 
vn -0.005429476965218782 -0.000021845573428436182 0.00839763693511486 
vn 0.0011299088364467025 -0.0002839706721715629 0.009931901469826698 
vn -0.006571859586983919 0.00028397352434694767 0.007531933020800352 
vn 0.00005659987073158845 -0.0011553015792742372 0.00993287842720747 
vn -0.0008478818344883621 -0.0006331364274956286 0.009943854063749313 
vn -0.00751257361844182 0.0008945291046984494 0.0065391939133405685 
vn -0.0097335921600461 0.0022312942892313004 -0.0005277403979562223 
vn -0.009888461790978909 0.0014585249591618776 0.0003017003182321787 
vn -0.006444275379180908 0.002060591708868742 -0.007363781798630953 
vn -0.009845558553934097 -0.0002839720109477639 0.0017275207210332155 
vn -0.009395158849656582 -0.000633137475233525 0.003366024699062109 
vn -0.009930573403835297 0.0003276459174230695 0.0011297577293589711 
vn -0.009993103332817554 0.00037131289718672633 -6.049260398155454e-11 
vn -0.009959839284420013 0.0008945280569605529 0.000037744011933682486 
vn -0.0077636707574129105 0.001025002682581544 -0.006218905560672283 
vn -0.009930573403835297 0.00032764553907327354 -0.001129757845774293 
vn -0.006795519031584263 -0.00733617739751935 0.00003778698737733066 
vn -0.00776824401691556 -0.005100564565509558 0.00369305070489645 
vn -0.00776824401691556 -0.005100565496832132 -0.0036930490750819445 
vn -0.008087473921477795 -0.0019750038627535105 -0.005540048237890005 
vn -0.007582940626889467 -0.00019661102851387113 -0.006516160909086466 
vn -0.006499284878373146 0.0014585236785933375 -0.007458686362951994 
vn 0.0005092582432553172 0.0005895242793485522 -0.009969609789550304 
vn 0.000603714375756681 -0.00015292437456082553 -0.009980588220059872 
vn -0.000923730491194874 -0.0005022702389396727 -0.009944568388164043 
vn -0.0010928086703643203 -0.0011986949248239398 -0.00986756756901741 
vn -0.0004907960537821054 -0.007094203028827906 -0.007030746899545193 
vn -0.00013107800623402 -0.009999141097068787 1.6290701010390762e-9 
vn -0.0004907960537821054 -0.007094200700521469 0.007030749227851629 
vn -0.0010928086703643203 -0.0011986917816102505 0.009867568500339985 
vn -0.008087473921477795 -0.0019750020001083612 0.005540048703551292 
vn -0.000923730491194874 -0.0005022670375183225 0.009944569319486618 
vn -0.007582940626889467 -0.0001966089039342478 0.006516160909086466 
vn 0.000603714375756681 -0.00015292111493181437 0.009980588220059872 
vn -0.009395158849656582 -0.0006331385811790824 -0.0033660244662314653 
vn -0.00865594670176506 0.000981529476121068 -0.004910314455628395 
vn -0.005036575719714165 0.0014152830699458718 -0.008522316813468933 
vn 0.0014661779860034585 0.0015880742575973272 -0.009763623587787151 
vn 0.0014290690887719393 0.0019750013016164303 -0.009698305279016495 
vn -0.005429476965218782 -0.000021848309188499115 -0.00839763693511486 
vn 0.0011299088364467025 -0.0002839739026967436 -0.009931901469826698 
vn -0.006571859586983919 0.00028397105052135885 -0.007531933020800352 
vn 0.00005659987073158845 -0.0011553048389032483 -0.009932877495884895 
vn -0.0008478818344883621 -0.0006331396871246397 -0.009943854063749313 
vn -0.00751257361844182 0.0008945269510149956 -0.0065391939133405685 
vn -0.0097335921600461 0.002231294522061944 0.0005277396994642913 
vn -0.009888461790978909 0.0014585248427465558 -0.000301700783893466 
vn -0.006444275379180908 0.0020605940371751785 0.007363780867308378 
vn -0.009845558553934097 -0.0002839725639205426 -0.0017275206046178937 
vn -0.006499284878373146 0.001458526123315096 0.007458685897290707 
vn 0.0005092582432553172 0.0005895275389775634 0.00996960885822773 
vn -0.006444275379180908 0.002060591708868742 -0.007363781798630953 
vn 0.0005092582432553172 0.0005895242793485522 -0.009969609789550304 
vn -0.006663671229034662 0.0009380368865095079 -0.007396997418254614 
vn 0.0003019430732820183 0.00024029177438933402 -0.009992551989853382 
vn -0.0009796451777219772 -0.00032764734351076186 -0.009946504607796669 
vn -0.007583519909530878 0.00015292168245650828 -0.006516658701002598 
vn -0.0011299088364467025 -0.0002839739026967436 -0.009931901469826698 
vn -0.007675358559936285 -0.00041497405618429184 -0.006396613549441099 
vn -0.009927350096404552 0.00041497318306937814 0.0011293910210952163 
vn -0.009853444993495941 -0.0005459022358991206 0.0016160499071702361 
vn -0.0097335921600461 0.0022312942892313004 -0.0005277403979562223 
vn -0.009926747530698776 0.0011986932950094342 -0.00015103266923688352 
vn -0.007023454178124666 0.0006331392214633524 0.007090149912983179 
vn -0.006107434630393982 0.00006554169522132725 0.00791801419109106 
vn -0.005676730070263147 -0.0003713115584105253 0.008224163204431534 
vn 0.0009042092133313417 -0.0004149713786318898 0.009950387291610241 
vn -0.0003019430732820183 -0.00024029177438933402 0.009992551989853382 
vn -0.0008478818344883621 -0.0006331364274956286 0.009943854063749313 
vn -0.00751257361844182 0.0008945291046984494 0.0065391939133405685 
vn -0.0002263289352413267 0.0010684591252356768 0.00994017906486988 
vn -0.0011299088364467025 -0.0002839739026967436 -0.009931901469826698 
vn -0.0009796451777219772 -0.00032764734351076186 -0.009946504607796669 
vn 0.0042197201400995255 0.001155301695689559 -0.008992176502943039 
vn 0.006149417255073786 -0.0005459037492983043 -0.007866807281970978 
vn 0.008358144201338291 0.005212872289121151 -0.0017226102063432336 
vn 0.009928801096975803 -0.0006767382728867233 -0.0009802731219679117 
vn 0.006245580967515707 0.004911449272185564 0.006072098854929209 
vn 0.0003019430732820183 0.00024029177438933402 -0.009992551989853382 
vn 0.007014636415988207 -0.0002839734370354563 -0.007121392525732517 
vn 0.0005092582432553172 0.0005895242793485522 -0.009969609789550304 
vn 0.007365260273218155 -0.0005895269569009542 -0.006738353054970503 
vn 0.00997993629425764 -0.0006331380573101342 1.0315148041284417e-10 
vn 0.00991223193705082 -0.0012420605635270476 0.0004527145065367222 
vn 0.006766908336430788 -0.0007203240529634058 0.007327352184802294 
vn 0.006480610929429531 -0.001198692130856216 0.007520958781242371 
vn -0.0008478818344883621 -0.0006331364274956286 0.009943854063749313 
vn -0.0003019430732820183 -0.00024029177438933402 0.009992551989853382 
vn 0.0009042092133313417 -0.0004149713786318898 0.009950387291610241 
vn 0.007604991085827351 -0.0006767370505258441 0.00645802915096283 
vn -0.0002263289352413267 0.0010684591252356768 0.00994017906486988 
vn 0.0005092582432553172 0.0005895242793485522 -0.009969609789550304 
vn 0.0037707120645791292 -0.0009380395640619099 -0.009214217774569988 
vn 0.000603714375756681 -0.00015292437456082553 -0.009980588220059872 
vn -0.000923730491194874 -0.0005022702389396727 -0.009944568388164043 
vn 0.005884896963834763 -0.0018033781088888645 -0.00788135826587677 
vn -0.0010928086703643203 -0.0011986949248239398 -0.00986756756901741 
vn 0.005424411967396736 -0.001372018363326788 -0.008288143202662468 
vn -0.0004907960537821054 -0.007094203028827906 -0.007030746899545193 
vn 0.007399660535156727 -0.004290974698960781 -0.0051800161600112915 
vn 0.005342764314264059 -0.008453098125755787 1.3771871421042192e-9 
vn -0.00013107800623402 -0.009999141097068787 1.6290701010390762e-9 
vn -0.0004907960537821054 -0.007094200700521469 0.007030749227851629 
vn 0.007399660535156727 -0.004290972836315632 0.005180017556995153 
vn 0.005424411967396736 -0.001372015569359064 0.008288144133985043 
vn -0.0010928086703643203 -0.0011986917816102505 0.009867568500339985 
vn 0.005884896963834763 -0.0018033755477517843 0.007881359197199345 
vn -0.000923730491194874 -0.0005022670375183225 0.009944569319486618 
vn 0.0068610189482569695 -0.0018033756641671062 0.007047996390610933 
vn 0.000603714375756681 -0.00015292111493181437 0.009980588220059872 
vn 0.0005092582432553172 0.0005895275389775634 0.00996960885822773 
vn 0.007314101327210665 -0.0005895248032175004 0.006793849170207977 
vn 0.00991223193705082 -0.0012420606799423695 -0.0004527140990830958 
vn 0.009686239995062351 -0.002443706849589944 -0.0004528230638243258 
vn 0.006480610929429531 -0.0011986945755779743 -0.007520958781242371 
vn 0.009698692709207535 -0.0023163927253335714 0.0007547779241576791 
vn 0.009945896454155445 -0.0008945279405452311 0.000528171774931252 
vn 0.009984909556806087 0.0004586251743603498 -0.00030207549571059644 
vn 0.009991385973989964 -0.0004149730084463954 6.760781517956005e-11 
vn 0.009984909556806087 0.00045862526167184114 0.00030207535019144416 
vn 0.009977075271308422 0.0006767380982637405 -1.1025484691895571e-10 
vn 0.008625210262835026 0.0009380372939631343 -0.004972506780177355 
vn 0.0077162557281553745 0.001025002682581544 -0.006277639884501696 
vn 0.007173168007284403 -0.0013287244364619255 -0.006839601788669825 
vn 0.006491912994533777 -0.001975004095584154 -0.007345367223024368 
vn -0.0008478818344883621 -0.0006331396871246397 -0.009943854063749313 
vn 0.00005659987073158845 -0.0011553048389032483 -0.009932877495884895 
vn 0.0011299088364467025 -0.0002839739026967436 -0.009931901469826698 
vn 0.0014290690887719393 0.0019750013016164303 -0.009698305279016495 
vn 0.0014661779860034585 0.0015880742575973272 -0.009763623587787151 
vn 0.008625210262835026 0.000938038865569979 0.004972506780177355 
vn 0.0077162557281553745 0.0010250047780573368 0.006277639884501696 
vn 0.0014290690887719393 0.0019750045612454414 0.00969830434769392 
vn 0.0011299088364467025 -0.0002839706721715629 0.009931901469826698 
vn 0.007173168007284403 -0.0013287222245708108 0.006839602254331112 
vn 0.00005659987073158845 -0.0011553015792742372 0.00993287842720747 
vn 0.0014661779860034585 0.0015880775172263384 0.009763622656464577 
vn 0.006939274724572897 -0.0017173552187159657 -0.006992650218307972 
vn 0.007365260273218155 -0.0005895269569009542 -0.006738353054970503 
vn 0.009945896454155445 -0.0008945281151682138 -0.0005281714838929474 
vn 0.009698692709207535 -0.002316392958164215 -0.0007547771674580872 
vn 0.006491912994533777 -0.0019750017672777176 0.007345368154346943 
vn -0.0008478818344883621 -0.0006331364274956286 0.009943854063749313 
vn 0.006480610929429531 -0.001198692130856216 0.007520958781242371 
vn 0.009686239995062351 -0.0024437066167593002 0.00045282384962774813 
vn 0.00991223193705082 -0.0012420605635270476 0.0004527145065367222 
vn 0.004248084034770727 -0.005544343031942844 0.0071563986130058765 
vn -0.0005850352463312447 -0.002697051502764225 0.009611641056835651 
vn 0.0022260788828134537 -0.0029485442209988832 0.00929250568151474 
vn 0.0026827261317521334 -0.0019750013016164303 0.00942880380898714 
vn -0.0007920398493297398 -0.004012740217149258 0.009125271812081337 
vn -0.005466158967465162 -0.005138098262250423 0.006612189579755068 
vn -0.007792374584823847 -0.004487267695367336 0.0043753087520599365 
vn -0.006218905560672283 -0.0010250024497509003 0.0077636707574129105 
vn -0.004713402595371008 0.004369744099676609 0.0076608858071267605 
vn -0.007142013404518366 -0.0030735419131815434 0.00628848047927022 
vn -0.00981984008103609 -0.001889261999167502 -0.000037759898987133056 
vn -0.008418301120400429 -0.0033631117548793554 0.0042215739376842976 
vn -0.00914188101887703 -0.004052725154906511 -0.000037739460822194815 
vn -0.009947329759597778 0.0010250037303194404 -1.669925725478194e-10 
vn -0.007101318333297968 0.001458526006899774 0.006887958850711584 
vn 0.0029285794589668512 0.0041324603371322155 0.008622423745691776 
vn -0.005405498202890158 0.005724824033677578 0.006164980120956898 
vn 0.00009419758134754375 0.006452019326388836 0.007639540359377861 
vn 0.00004369377711554989 0.009999904781579971 -1.6291944460178343e-9 
vn -0.006698878947645426 0.007424622308462858 -1.2096255108673404e-9 
vn 0.00921139121055603 -0.003892335342243314 6.341431824097299e-10 
vn 0.006922798231244087 -0.007216291502118111 1.175685437893037e-9 
vn 0.006512339226901531 -0.006077498197555542 0.004544607829302549 
vn 0.005814042873680592 -0.008136147633194923 1.3255493369612736e-9 
vn 0.004248084034770727 -0.005544343031942844 0.0071563986130058765 
vn 0.0022260788828134537 -0.0029485442209988832 0.00929250568151474 
vn 0.006706416606903076 -0.001198692130856216 0.007320322096347809 
vn 0.006429197732359171 -0.0006767368759028614 0.007629380561411381 
vn 0.009995967149734497 0.00028397227288223803 -4.626504734872583e-11 
vn 0.008746488951146603 -0.00010923182708211243 0.004846339114010334 
vn 0.009967347607016563 -0.0008074574870988727 1.3155178335555462e-10 
vn 0.0026827261317521334 -0.0019750013016164303 0.00942880380898714 
vn 0.006904302164912224 0.00037131409044377506 0.007224454078823328 
vn 0.0029285794589668512 0.0041324603371322155 0.008622423745691776 
vn 0.00009419758134754375 0.006452019326388836 0.007639540359377861 
vn 0.005484042223542929 0.005471407435834408 0.006323684006929398 
vn 0.007047857623547316 0.007094202097505331 -1.1557944601392478e-9 
vn 0.009999976493418217 0.00002184694130846765 -3.5593255773291865e-12 
vn 0.00004369377711554989 0.009999904781579971 -1.6291944460178343e-9 
vn -0.0007920398493297398 -0.004012740217149258 0.009125271812081337 
vn -0.006846951320767403 -0.004719986114650965 0.005553466267883778 
vn -0.007792374584823847 -0.004487267695367336 0.0043753087520599365 
vn -0.004713402595371008 0.004369744099676609 0.0076608858071267605 
vn -0.007141318172216415 0.005062934476882219 0.004834073130041361 
vn 0.0029285794589668512 0.0041324603371322155 0.008622423745691776 
vn 0.00392504408955574 0.005025207065045834 0.007703332230448723 
vn 0.0026827261317521334 -0.0019750013016164303 0.00942880380898714 
vn -0.003686782903969288 0.00006553889397764578 -0.009295339696109295 
vn 0.0057768914848566055 0.001760380924679339 -0.007970482110977173 
vn 0.005209742579609156 0.0020178158301860094 -0.008293792605400085 
vn 0.009576071053743362 0.0019750031642615795 0.0020971917547285557 
vn -0.003544145030900836 -0.0003276472561992705 -0.009345142170786858 
vn 0.005117128603160381 0.0016311986837536097 -0.008435294032096863 
vn -0.0042384616099298 -0.0003713143814820796 -0.009049727581441402 
vn 0.004523628391325474 0.00188926060218364 -0.008715932257473469 
vn -0.004526884760707617 0.0011118894908577204 -0.008847090415656567 
vn -0.005907644517719746 0.001975001534447074 -0.007822985760867596 
vn 0.004608887247741222 0.0031150912400335073 -0.008309896104037762 
vn -0.0047400095500051975 0.004604022018611431 -0.0075056832283735275 
vn 0.009890410117805004 -0.00037131313001737 -0.0014289573300629854 
vn 0.009700492955744267 0.0018463372252881527 0.0015784442657604814 
vn 0.009753852151334286 0.0013720171991735697 0.0017262507462874055 
vn 0.0033479377161711454 -0.0009380365372635424 0.009376108646392822 
vn 0.0039823539555072784 -0.0008509993785992265 0.009133271872997284 
vn -0.00538303516805172 -0.0031565811950713396 0.007814021781086922 
vn -0.005470611620694399 -0.002570599550381303 0.00796645600348711 
vn -0.009356549009680748 -0.002864931942895055 -0.0020608650520443916 
vn -0.00960564985871315 -0.002017817460000515 -0.0019130880245938897 
vn -0.003686782903969288 0.00006553889397764578 -0.009295339696109295 
vn -0.003544145030900836 -0.0003276472561992705 -0.009345142170786858 
vn -0.0042384616099298 -0.0003713143814820796 -0.009049727581441402 
vn -0.009585275314748287 -0.002443706849589944 -0.001466561807319522 
vn -0.004526884760707617 0.0011118894908577204 -0.008847090415656567 
vn -0.009727907367050648 -0.0015017378609627485 -0.0017642586026340723 
vn -0.009742013178765774 0.00045862485421821475 -0.0022097164765000343 
vn -0.005907644517719746 0.001975001534447074 -0.007822985760867596 
vn -0.0047400095500051975 0.004604022018611431 -0.0075056832283735275 
vn -0.005161460489034653 0.007626007776707411 -0.003899145172908902 
vn -0.00961972214281559 0.0021460254210978746 -0.0016898296307772398 
vn -0.005706952419131994 0.007927988655865192 -0.0021395557560026646 
vn -0.005372823681682348 -0.0028230405878275633 0.0079475287348032 
vn 0.003721910994499922 -0.0006767365848645568 0.009256857447326183 
vn 0.0092009911313653 -0.0020605935715138912 -0.0033310241997241974 
vn 0.008988535031676292 0.001544920727610588 -0.004101152997463942 
vn -0.009509849362075329 -0.0029067667201161385 -0.0010552156018093228 
vn 0.007401310373097658 0.0007638975512236357 -0.00668109767138958 
vn 0.003632990410551429 0.008007196709513664 -0.00476300111040473 
vn 0.002681726822629571 0.005831803195178509 -0.007668012753129005 
vn 0.004026593174785376 0.008476361632347107 -0.0034551185090094805 
vn -0.005161460489034653 0.007626007776707411 -0.003899145172908902 
vn -0.005706952419131994 0.007927988655865192 -0.0021395557560026646 
vn -0.003545972751453519 -0.0000655419280519709 -0.009349961765110493 
vn -0.009318619966506958 -0.002906766952946782 -0.0021711813751608133 
vn -0.003686782903969288 0.00006553889397764578 -0.009295339696109295 
vn -0.00960564985871315 -0.002017817460000515 -0.0019130880245938897 
vn -0.005470611620694399 -0.002570599550381303 0.00796645600348711 
vn -0.005775575526058674 -0.0032393797300755978 0.007493273355066776 
vn 0.0033479377161711454 -0.0009380365372635424 0.009376108646392822 
vn 0.0034043535124510527 -0.00006553887214977294 0.009402451105415821 
vn 0.009168864227831364 0.003198012476786971 0.002388439606875181 
vn 0.009576071053743362 0.0019750031642615795 0.0020971917547285557 
vn 0.005536277778446674 0.0034452795516699553 -0.00758153572678566 
vn 0.005209742579609156 0.0020178158301860094 -0.008293792605400085 
vn -0.003686782903969288 0.00006553889397764578 -0.009295339696109295 
vn -0.003545972751453519 -0.0000655419280519709 -0.009349961765110493 
vn -0.003982746507972479 -0.0005022701225243509 -0.009158900007605553 
vn 0.0048211910761892796 0.002948544453829527 -0.008249982260167599 
vn -0.003297765040770173 -0.0006767396116629243 -0.009416303597390652 
vn 0.009421511553227901 0.0030319353099912405 0.0014291539555415511 
vn 0.004307916387915611 -0.0002839708176907152 0.009020045399665833 
vn -0.0042332434095442295 -0.003771258518099785 0.008237551897764206 
vn -0.008950570598244667 -0.0042118774726986885 -0.0014653927646577358 
vn -0.003982746507972479 -0.0005022701225243509 -0.009158900007605553 
vn -0.00872971024364233 -0.004487269092351198 -0.001912214676849544 
vn -0.003297765040770173 -0.0006767396116629243 -0.009416303597390652 
vn -0.008807201869785786 -0.004132459405809641 -0.0023142972495406866 
vn -0.0025393757969141006 -0.00010923419176833704 -0.009671589359641075 
vn -0.00385184190236032 -0.004719986114650965 0.007930008694529533 
vn -0.004286787938326597 -0.004681420512497425 0.007727079093456268 
vn 0.004065728280693293 -0.0012420591665431857 0.009051361121237278 
vn 0.009578256867825985 0.002401314675807953 0.0015781885012984276 
vn 0.005235068034380674 0.002358874771744013 -0.008187171071767807 
vn -0.0025393757969141006 -0.00010923419176833704 -0.009671589359641075 
vn 0.005273634567856789 0.0027810970786958933 -0.008028342388570309 
vn 0.008646530099213123 0.004987381398677826 0.0006029431824572384 
vn 0.0012796750525012612 -0.0010250021005049348 0.00986467394977808 
vn 0.006480610929429531 -0.0011986945755779743 -0.007520958781242371 
vn -0.0008478818344883621 -0.0006331396871246397 -0.009943854063749313 
vn 0.006766908336430788 -0.0007203264394775033 -0.007327352184802294 
vn -0.0003019430732820183 -0.00024029503401834518 -0.009992551989853382 
vn 0.0009042092133313417 -0.000414974638260901 -0.009950386360287666 
vn 0.00991223193705082 -0.0012420606799423695 -0.0004527140990830958 
vn 0.00997993629425764 -0.0006331380573101342 1.0315148041284417e-10 
vn 0.007314101327210665 -0.0005895248032175004 0.006793849170207977 
vn 0.007014636415988207 -0.0002839711378328502 0.007121392525732517 
vn 0.0005092582432553172 0.0005895275389775634 0.00996960885822773 
vn 0.0003019430732820183 0.00024029503401834518 0.009992551989853382 
vn 0.006149417255073786 -0.0005459011881612241 0.007866807281970978 
vn -0.0009796451777219772 -0.00032764411298558116 0.009946504607796669 
vn 0.0042197201400995255 0.0011553046060726047 0.008992175571620464 
vn -0.0011299088364467025 -0.0002839706721715629 0.009931901469826698 
vn 0.008358144201338291 0.005212872754782438 0.001722608576528728 
vn 0.009928801096975803 -0.0006767379236407578 0.0009802733547985554 
vn 0.007604991085827351 -0.000676739146001637 -0.00645802915096283 
vn -0.0002263289352413267 0.0010684558656066656 -0.009940179996192455 
vn 0.006245580967515707 0.004911447409540415 -0.006072100717574358 
vn -0.006444275379180908 0.0020605940371751785 0.007363780867308378 
vn 0.0005092582432553172 0.0005895275389775634 0.00996960885822773 
vn -0.006663671229034662 0.0009380392730236053 0.007396996952593327 
vn 0.0003019430732820183 0.00024029503401834518 0.009992551989853382 
vn -0.0009796451777219772 -0.00032764411298558116 0.009946504607796669 
vn -0.0097335921600461 0.002231294522061944 0.0005277396994642913 
vn -0.009926747530698776 0.001198693411424756 0.00015103227633517236 
vn -0.00751257361844182 0.0008945269510149956 -0.0065391939133405685 
vn -0.007023454178124666 0.0006331368931569159 -0.007090150378644466 
vn -0.0008478818344883621 -0.0006331396871246397 -0.009943854063749313 
vn -0.0003019430732820183 -0.00024029503401834518 -0.009992551989853382 
vn -0.006107434630393982 0.00006553911953233182 -0.00791801419109106 
vn 0.0009042092133313417 -0.000414974638260901 -0.009950386360287666 
vn -0.005676730070263147 -0.00037131423596292734 -0.008224163204431534 
vn -0.0002263289352413267 0.0010684558656066656 -0.009940179996192455 
vn -0.009853444993495941 -0.0005459027597680688 -0.0016160497907549143 
vn -0.009927350096404552 0.00041497283382341266 -0.001129391137510538 
vn -0.007583519909530878 0.00015292380703613162 0.006516658701002598 
vn -0.0011299088364467025 -0.0002839706721715629 0.009931901469826698 
vn -0.007675358559936285 -0.00041497196070849895 0.0063966140151023865 
vn 0.004248084034770727 -0.005544345360249281 -0.007156396750360727 
vn 0.0022260788828134537 -0.0029485472477972507 -0.009292504750192165 
vn -0.0005850352463312447 -0.0026970545295625925 -0.009611640125513077 
vn 0.0026827261317521334 -0.0019750043284147978 -0.00942880380898714 
vn -0.0007920398493297398 -0.0040127430111169815 -0.009125270880758762 
vn -0.005466158967465162 -0.005138100124895573 -0.006612188182771206 
vn -0.007792374584823847 -0.0044872695580124855 -0.004375307355076075 
vn -0.006218905560672283 -0.0010250050108879805 -0.007763670291751623 
vn -0.004713402595371008 0.0043697417713701725 -0.007660887204110622 
vn -0.007142013404518366 -0.0030735440086573362 -0.006288479547947645 
vn -0.00981984008103609 -0.001889261999167502 -0.000037759898987133056 
vn -0.008418301120400429 -0.0033631131518632174 -0.004221573006361723 
vn -0.00914188101887703 -0.004052725154906511 -0.000037739460822194815 
vn -0.009947329759597778 0.0010250037303194404 -1.669925725478194e-10 
vn -0.007101318333297968 0.0014585237950086594 -0.006887959316372871 
vn 0.0029285794589668512 0.004132457543164492 -0.008622425608336926 
vn -0.005405498202890158 0.0057248217053711414 -0.006164981983602047 
vn 0.00009419758134754375 0.006452016998082399 -0.0076395426876842976 
vn 0.00004369377711554989 0.009999904781579971 -1.6291944460178343e-9 
vn -0.006698878947645426 0.007424622308462858 -1.2096255108673404e-9 
vn 0.00921139121055603 -0.003892335342243314 6.341431824097299e-10 
vn 0.006922798231244087 -0.007216291502118111 1.175685437893037e-9 
vn 0.006512339226901531 -0.006077499594539404 -0.0045446059666574 
vn 0.005814042873680592 -0.008136147633194923 1.3255493369612736e-9 
vn 0.004248084034770727 -0.005544345360249281 -0.007156396750360727 
vn 0.0022260788828134537 -0.0029485472477972507 -0.009292504750192165 
vn 0.006706416606903076 -0.0011986945755779743 -0.0073203216306865215 
vn 0.006429197732359171 -0.0006767393206246197 -0.0076293800957500935 
vn 0.009995967149734497 0.00028397227288223803 -4.626504734872583e-11 
vn 0.008746488951146603 -0.00010923340596491471 -0.004846339114010334 
vn 0.009967347607016563 -0.0008074574870988727 1.3155178335555462e-10 
vn 0.0026827261317521334 -0.0019750043284147978 -0.00942880380898714 
vn 0.006904302164912224 0.00037131173303350806 -0.007224454544484615 
vn 0.0029285794589668512 0.004132457543164492 -0.008622425608336926 
vn 0.00009419758134754375 0.006452016998082399 -0.0076395426876842976 
vn 0.005484042223542929 0.005471405573189259 -0.006323685869574547 
vn 0.007047857623547316 0.007094202097505331 -1.1557944601392478e-9 
vn 0.009999976493418217 0.00002184694130846765 -3.5593255773291865e-12 
vn 0.00004369377711554989 0.009999904781579971 -1.6291944460178343e-9 
vn -0.0007920398493297398 -0.0040127430111169815 -0.009125270880758762 
vn -0.006846951320767403 -0.004719987977296114 -0.005553464870899916 
vn -0.007792374584823847 -0.0044872695580124855 -0.004375307355076075 
vn -0.004713402595371008 0.0043697417713701725 -0.007660887204110622 
vn -0.007141318172216415 0.00506293261423707 -0.00483407499268651 
vn 0.0029285794589668512 0.004132457543164492 -0.008622425608336926 
vn 0.00392504408955574 0.00502520427107811 -0.007703333627432585 
vn 0.0026827261317521334 -0.0019750043284147978 -0.00942880380898714 
vn 0.003968054428696632 -0.0068435585126280785 0.006117209326475859 
vn 0.006060218904167414 -0.004092629998922348 0.006820859387516975 
vn 0.007548863999545574 0.00655160890892148 -0.0003017891140189022 
vn 0.008646530099213123 0.004987381398677826 -0.000602944812271744 
vn 0.00989275611937046 0.0005459027015604079 0.0013547579292207956 
vn 0.005142956506460905 0.002948547014966607 0.008053326979279518 
vn 0.004978545941412449 0.002528351964429021 0.008295873180031776 
vn -0.0013551313895732164 -0.00006553879211423919 0.009907539002597332 
vn -0.0018015825189650059 0.0003276473144069314 0.009830917231738567 
vn 0.005273634567856789 0.002781099872663617 0.008028341457247734 
vn -0.0025393757969141006 -0.0001092310412786901 0.009671589359641075 
vn 0.009988841600716114 0.0002839722146745771 -0.00037735336809419096 
vn 0.008527160622179508 0.0019750020001083612 -0.004835999570786953 
vn 0.004522159695625305 0.001372018363326788 0.008812924847006798 
vn 0.009312089532613754 0.0018892615335062146 -0.00311699858866632 
vn 0.005674153100699186 -0.006779579911381006 0.004673466086387634 
vn 0.00916975736618042 -0.0024013149086385965 -0.0031857865396887064 
vn -0.005006305407732725 -0.008656610734760761 1.4103447298907668e-9 
vn 0.0017135469242930412 -0.008161473087966442 0.0055185239762067795 
vn -0.0006597749888896942 -0.0009380364790558815 0.009934021160006523 
vn -0.007806605193763971 -0.0061466628685593605 0.0011293601710349321 
vn -0.008792368695139885 -0.004758462775498629 0.00022646100842393935 
vn -0.009233877994120121 -0.003771259682253003 0.0007163123809732497 
vn -0.008807201869785786 -0.004132458940148354 0.0023142986465245485 
vn 0.005553462076932192 0.000283970934106037 -0.008311343379318714 
vn 0.009951423853635788 0.0006331379408948123 -0.0007538636564277112 
vn 0.005301840137690306 0.004092629998922348 -0.0074256896041333675 
vn 0.008627844043076038 0.004987381398677826 -0.0008284522336907685 
vn 0.0042197201400995255 0.001155301695689559 -0.008992176502943039 
vn 0.008358144201338291 0.005212872289121151 -0.0017226102063432336 
vn 0.006497033406049013 0.005062934476882219 0.0056705595925450325 
vn 0.006245580967515707 0.004911449272185564 0.006072098854929209 
vn 0.001835305942222476 0.003932547755539417 0.009009257890284061 
vn -0.0002263289352413267 0.0010684591252356768 0.00994017906486988 
vn 0.007519789971411228 0.0005022697150707245 0.006572708021849394 
vn 0.0017275207210332155 0.0002839739026967436 0.009845558553934097 
vn -0.000021846888557774946 -0.009999904781579971 -0.000037838293792447075 
vn -0.000021846888557774946 -0.009999904781579971 -0.000037838293792447075 
vn -0.000021846888557774946 -0.009999904781579971 -0.000037838293792447075 
vn -0.000021846888557774946 -0.009999904781579971 -0.000037838293792447075 
vn 0.00004369377711554989 -0.009999904781579971 1.6291944460178343e-9 
vn 0.00004369377711554989 -0.009999904781579971 1.6291944460178343e-9 
vn 0.00004369377711554989 -0.009999904781579971 1.6291944460178343e-9 
vn 0.00004369377711554989 -0.009999904781579971 1.6291944460178343e-9 
vn -0.0011299088364467025 -0.0002839739026967436 -0.009931901469826698 
vn -0.0012051337398588657 0.00019660835096146911 -0.009925169870257378 
vn -0.007675358559936285 -0.00041497405618429184 -0.006396613549441099 
vn -0.007633390370756388 -0.000021847994503332302 -0.006459943484514952 
vn -0.009853444993495941 -0.0005459022358991206 0.0016160499071702361 
vn -0.009860395453870296 -0.00019660968973767012 0.0016534667229279876 
vn -0.005676730070263147 -0.0003713115584105253 0.008224163204431534 
vn -0.00561832170933485 0.000021848289179615676 0.008272483013570309 
vn -0.0002263289352413267 0.0010684591252356768 0.00994017906486988 
vn -0.0023193161468952894 0.00019661155238281935 0.009725334122776985 
vn -0.0023193161468952894 0.00019661155238281935 0.009725334122776985 
vn 0.0017275207210332155 0.0002839739026967436 0.009845558553934097 
vn -0.0002263289352413267 0.0010684591252356768 0.00994017906486988 
vn 0.001835305942222476 0.003932547755539417 0.009009257890284061 
vn 0.005553462076932192 0.000283970934106037 -0.008311343379318714 
vn 0.0020986858289688826 0.00010923102672677487 -0.009776685386896133 
vn 0.005301840137690306 0.004092629998922348 -0.0074256896041333675 
vn 0.0042197201400995255 0.001155301695689559 -0.008992176502943039 
vn -0.0011299088364467025 -0.0002839739026967436 -0.009931901469826698 
vn -0.0012051337398588657 0.00019660835096146911 -0.009925169870257378 
vn -0.000021846888557774946 -0.009999904781579971 0.00003784155342145823 
vn -0.000021846888557774946 -0.009999904781579971 0.00003784155342145823 
vn -0.000021846888557774946 -0.009999904781579971 0.00003784155342145823 
vn -0.000021846888557774946 -0.009999904781579971 0.00003784155342145823 
vn -0.005006305407732725 -0.008656610734760761 1.4103447298907668e-9 
vn -0.007806605193763971 -0.0061466628685593605 0.0011293601710349321 
vn -0.0009987938683480024 -0.004092632792890072 -0.009069330990314484 
vn -0.0020795806776732206 -0.0026970545295625925 -0.009402193129062653 
vn -0.008792368695139885 -0.004758462775498629 0.00022646100842393935 
vn -0.002153515350073576 -0.0031565839890390635 -0.009241122752428055 
vn -0.009233877994120121 -0.003771259682253003 0.0007163123809732497 
vn -0.003055891953408718 -0.003649537917226553 -0.008794452995061874 
vn -0.008807201869785786 -0.004132458940148354 0.0023142986465245485 
vn -0.00385184190236032 -0.004719988442957401 -0.007930007763206959 
vn -0.00026446388801559806 -0.0048733423464000225 -0.008728149347007275 
vn 0.0012796750525012612 -0.001025005360133946 -0.00986467394977808 
vn 0.00020766790839843452 -0.002231295919045806 -0.009745675139129162 
vn -0.0001509657158749178 -0.001717355684377253 -0.009850273840129375 
vn 0.0003584479563869536 -0.003649537917226553 -0.009303353726863861 
vn 0.00916975736618042 -0.0024013149086385965 -0.0031857865396887064 
vn 0.009312089532613754 0.0018892615335062146 -0.00311699858866632 
vn 0.008527160622179508 0.0019750020001083612 -0.004835999570786953 
vn 0.00989275611937046 0.0005459027015604079 0.0013547579292207956 
vn -0.0053052459843456745 -0.006969946436583996 -0.004824335221201181 
vn 0.006060218904167414 -0.004092629998922348 0.006820859387516975 
vn -0.0027293029706925154 -0.00911520142108202 -0.0030763624235987663 
vn 0.003968054428696632 -0.0068435585126280785 0.006117209326475859 
vn 0.004047411493957043 -0.002316394355148077 -0.008846060372889042 
vn 0.009988841600716114 0.0002839722146745771 -0.00037735336809419096 
vn -0.00018859971896745265 0.003568036248907447 -0.009339890442788601 
vn 0.007548863999545574 0.00655160890892148 -0.0003017891140189022 
vn 0.008646530099213123 0.004987381398677826 -0.000602944812271744 
vn 0.007841108366847038 0.004911448806524277 0.0037940330803394318 
vn 0.005814042873680592 -0.008136147633194923 1.3255493369612736e-9 
vn 0.009663954377174377 0.002570600714534521 -4.188048519093712e-10 
vn 0.007841108366847038 0.004911447875201702 -0.0037940347101539373 
vn 0.004248084034770727 -0.005544345360249281 -0.007156396750360727 
vn 0.00223323586396873 0.005972882267087698 -0.007703072857111692 
vn -0.0005850352463312447 -0.0026970545295625925 -0.009611640125513077 
vn -0.006974230986088514 0.005212871823459864 -0.004917934071272612 
vn -0.007142013404518366 -0.0030735440086573362 -0.006288479547947645 
vn -0.009087973274290562 0.004172207787632942 0.0000377151372958906 
vn -0.00981984008103609 -0.001889261999167502 -0.000037759898987133056 
vn 0.004248084034770727 -0.005544343031942844 0.0071563986130058765 
vn 0.00223323586396873 0.005972885061055422 0.007703070994466543 
vn -0.0005850352463312447 -0.002697051502764225 0.009611641056835651 
vn -0.006974230986088514 0.005212873220443726 0.004917932208627462 
vn -0.007142013404518366 -0.0030735419131815434 0.00628848047927022 
vn -0.009087973274290562 0.004172207787632942 0.0000377151372958906 
vn -0.00981984008103609 -0.001889261999167502 -0.000037759898987133056 
vn 0.00916975736618042 -0.0024013137444853783 0.0031857872381806374 
vn 0.005674153100699186 -0.006779581308364868 -0.004673463758081198 
vn 0.009312089532613754 0.001889262581244111 0.0031169981230050325 
vn 0.004522159695625305 0.001372015569359064 -0.008812924847006798 
vn 0.008527160622179508 0.001975003629922867 0.004835999105125666 
vn 0.004978545941412449 0.0025283494032919407 -0.008295874111354351 
vn 0.00989275611937046 0.0005459022358991206 -0.0013547580456361175 
vn 0.005142956506460905 0.002948544453829527 -0.008053327910602093 
vn -0.0013551313895732164 -0.00006554202263941988 -0.009907539002597332 
vn -0.0006597749888896942 -0.0009380396804772317 -0.009934021160006523 
vn -0.007806605193763971 -0.0061466628685593605 -0.001129358191974461 
vn -0.005006305407732725 -0.008656610734760761 1.4103447298907668e-9 
vn 0.0017135469242930412 -0.008161474950611591 -0.005518521647900343 
vn -0.008792368695139885 -0.004758462775498629 -0.0002264594513690099 
vn -0.0018015825189650059 0.00032764411298558116 -0.009830918163061142 
vn 0.005273634567856789 0.0027810970786958933 -0.008028342388570309 
vn 0.008646530099213123 0.004987381398677826 0.0006029431824572384 
vn 0.006060218904167414 -0.0040926323272287846 -0.0068208579905331135 
vn 0.007548863999545574 0.00655160890892148 0.0003017869603354484 
vn 0.003968054428696632 -0.006843560840934515 -0.006117206998169422 
vn 0.009988841600716114 0.0002839723601937294 0.0003773532807826996 
vn -0.009233877994120121 -0.0037712599150836468 -0.0007163111586123705 
vn -0.0025393757969141006 -0.00010923419176833704 -0.009671589359641075 
vn -0.008807201869785786 -0.004132459405809641 -0.0023142972495406866 
vn 0.005553462076932192 0.0002839736407622695 0.008311343379318714 
vn 0.009951423853635788 0.000633138173725456 0.0007538634235970676 
vn 0.005301840137690306 0.0040926323272287846 0.007425688207149506 
vn 0.008627844043076038 0.004987381398677826 0.0008284506038762629 
vn 0.0042197201400995255 0.0011553046060726047 0.008992175571620464 
vn 0.008358144201338291 0.005212872754782438 0.001722608576528728 
vn 0.006497033406049013 0.00506293261423707 -0.005670561455190182 
vn 0.006245580967515707 0.004911447409540415 -0.006072100717574358 
vn 0.001835305942222476 0.003932544495910406 -0.009009258821606636 
vn -0.0002263289352413267 0.0010684558656066656 -0.009940179996192455 
vn 0.007519789971411228 0.0005022675613872707 -0.006572708021849394 
vn 0.0017275207210332155 0.0002839706721715629 -0.009845559485256672 
vn -0.000021846888557774946 -0.009999904781579971 0.00003784155342145823 
vn -0.000021846888557774946 -0.009999904781579971 0.00003784155342145823 
vn -0.000021846888557774946 -0.009999904781579971 0.00003784155342145823 
vn -0.000021846888557774946 -0.009999904781579971 0.00003784155342145823 
vn 0.00004369377711554989 -0.009999904781579971 1.6291944460178343e-9 
vn 0.00004369377711554989 -0.009999904781579971 1.6291944460178343e-9 
vn 0.00004369377711554989 -0.009999904781579971 1.6291944460178343e-9 
vn 0.00004369377711554989 -0.009999904781579971 1.6291944460178343e-9 
vn -0.0023193161468952894 0.00019660838006529957 -0.009725334122776985 
vn -0.0002263289352413267 0.0010684558656066656 -0.009940179996192455 
vn -0.00561832170933485 0.00002184559343731962 -0.008272483013570309 
vn -0.005676730070263147 -0.00037131423596292734 -0.008224163204431534 
vn -0.009860395453870296 -0.00019661022815853357 -0.0016534666065126657 
vn -0.009853444993495941 -0.0005459027597680688 -0.0016160497907549143 
vn -0.007633390370756388 -0.0000218458899325924 0.006459943484514952 
vn -0.007675358559936285 -0.00041497196070849895 0.0063966140151023865 
vn -0.0012051337398588657 0.0001966115814866498 0.009925169870257378 
vn -0.0011299088364467025 -0.0002839706721715629 0.009931901469826698 
vn 0.001835305942222476 0.003932544495910406 -0.009009258821606636 
vn -0.0002263289352413267 0.0010684558656066656 -0.009940179996192455 
vn 0.0017275207210332155 0.0002839706721715629 -0.009845559485256672 
vn -0.0023193161468952894 0.00019660838006529957 -0.009725334122776985 
vn 0.005553462076932192 0.0002839736407622695 0.008311343379318714 
vn 0.0020986858289688826 0.00010923421359620988 0.009776685386896133 
vn 0.005301840137690306 0.0040926323272287846 0.007425688207149506 
vn 0.0042197201400995255 0.0011553046060726047 0.008992175571620464 
vn -0.0011299088364467025 -0.0002839706721715629 0.009931901469826698 
vn -0.0012051337398588657 0.0001966115814866498 0.009925169870257378 
vn -0.000021846888557774946 -0.009999904781579971 -0.000037838293792447075 
vn -0.000021846888557774946 -0.009999904781579971 -0.000037838293792447075 
vn -0.000021846888557774946 -0.009999904781579971 -0.000037838293792447075 
vn -0.000021846888557774946 -0.009999904781579971 -0.000037838293792447075 
vn -0.007806605193763971 -0.0061466628685593605 -0.001129358191974461 
vn -0.0009987938683480024 -0.004092629998922348 0.009069332852959633 
vn -0.005006305407732725 -0.008656610734760761 1.4103447298907668e-9 
vn 0.00916975736618042 -0.0024013137444853783 0.0031857872381806374 
vn -0.0020795806776732206 -0.002697051502764225 0.009402194060385227 
vn -0.008792368695139885 -0.004758462775498629 -0.0002264594513690099 
vn -0.002153515350073576 -0.003156580962240696 0.00924112368375063 
vn -0.009233877994120121 -0.0037712599150836468 -0.0007163111586123705 
vn -0.003055891953408718 -0.0036495348904281855 0.008794453926384449 
vn -0.008807201869785786 -0.004132459405809641 -0.0023142972495406866 
vn -0.00385184190236032 -0.004719986114650965 0.007930008694529533 
vn -0.00026446388801559806 -0.004873339086771011 0.008728151209652424 
vn 0.0012796750525012612 -0.0010250021005049348 0.00986467394977808 
vn 0.00020766790839843452 -0.0022312928922474384 0.009745676070451736 
vn -0.0001509657158749178 -0.001717352424748242 0.00985027477145195 
vn 0.0003584479563869536 -0.0036495348904281855 0.009303354658186436 
vn 0.009312089532613754 0.001889262581244111 0.0031169981230050325 
vn 0.008527160622179508 0.001975003629922867 0.004835999105125666 
vn 0.00989275611937046 0.0005459022358991206 -0.0013547580456361175 
vn -0.0053052459843456745 -0.006969944573938847 0.004824337549507618 
vn 0.006060218904167414 -0.0040926323272287846 -0.0068208579905331135 
vn -0.0027293029706925154 -0.009115200489759445 0.00307636521756649 
vn 0.003968054428696632 -0.006843560840934515 -0.006117206998169422 
vn 0.004047411493957043 -0.0023163913283497095 0.008846061304211617 
vn 0.009988841600716114 0.0002839723601937294 0.0003773532807826996 
vn -0.00018859971896745265 0.0035680392757058144 0.009339889511466026 
vn 0.007548863999545574 0.00655160890892148 0.0003017869603354484 
vn 0.008646530099213123 0.004987381398677826 0.0006029431824572384 
vn -0.000021846888557774946 -0.009999904781579971 -0.000037838293792447075 
vn -0.000021846888557774946 -0.009999904781579971 -0.000037838293792447075 
vn -0.000021846888557774946 -0.009999904781579971 -0.000037838293792447075 
vn -0.000021846888557774946 -0.009999904781579971 -0.000037838293792447075 
vn -0.000021846888557774946 -0.009999904781579971 -0.000037838293792447075 
vn -0.000021846888557774946 -0.009999904781579971 -0.000037838293792447075 
vn -0.000021846888557774946 -0.009999904781579971 -0.000037838293792447075 
vn -0.000021846888557774946 -0.009999904781579971 -0.000037838293792447075 
vn -0.000021846888557774946 -0.009999904781579971 0.00003784155342145823 
vn -0.000021846888557774946 -0.009999904781579971 0.00003784155342145823 
vn -0.000021846888557774946 -0.009999904781579971 0.00003784155342145823 
vn -0.000021846888557774946 -0.009999904781579971 0.00003784155342145823 
vn -0.000021846888557774946 -0.009999904781579971 0.00003784155342145823 
vn -0.000021846888557774946 -0.009999904781579971 0.00003784155342145823 
vn -0.000021846888557774946 -0.009999904781579971 0.00003784155342145823 
vn -0.000021846888557774946 -0.009999904781579971 0.00003784155342145823 
vt 0.1886010617017746 0.4954979121685028 
vt 0.19887754321098328 0.5227407217025757 
vt 0.13375331461429596 0.5019501447677612 
vt 0.14892905950546265 0.5552409291267395 
vt 0.21345581114292145 0.5604982972145081 
vt 0.14665867388248444 0.6136695742607117 
vt 0.21704064309597015 0.6136695742607117 
vt 0.21345581114292145 0.6668408513069153 
vt 0.25133541226387024 0.6730540990829468 
vt 0.2508574426174164 0.6136695742607117 
vt 0.25133541226387024 0.5542849898338318 
vt 0.3096484839916229 0.5958661437034607 
vt 0.27535369992256165 0.5435312986373901 
vt 0.328887015581131 0.5734027624130249 
vt 0.3077365756034851 0.6136695742607117 
vt 0.3096484839916229 0.6314729452133179 
vt 0.27535369992256165 0.6836883425712585 
vt 0.328887015581131 0.6538168787956238 
vt 0.19887754321098328 0.704478919506073 
vt 0.14892905950546265 0.6719787120819092 
vt 0.1886010617017746 0.7318412065505981 
vt 0.13375331461429596 0.7252694964408875 
vt 0.09396182000637054 0.670186460018158 
vt 0.09611271321773529 0.6136695742607117 
vt 0.01820262148976326 0.6639731526374817 
vt 0.02047300711274147 0.6136695742607117 
vt 0.01820262148976326 0.563246488571167 
vt 0.09396182000637054 0.5571526885032654 
vt 0.010674499906599522 0.5050567984580994 
vt 0.08428280055522919 0.5002773404121399 
vt 0.08428280055522919 0.7270617485046387 
vt 0.010674499906599522 0.7221628427505493 
vt 0.5803024172782898 0.7208485007286072 
vt 0.6136412024497986 0.6798648238182068 
vt 0.5895034074783325 0.6546532511711121 
vt 0.62535160779953 0.6498737931251526 
vt 0.670400857925415 0.6725761294364929 
vt 0.5228257775306702 0.7059127688407898 
vt 0.5213918685913086 0.6510686874389648 
vt 0.4733552634716034 0.6859585642814636 
vt 0.4726383090019226 0.6450943946838379 
vt 0.39771556854248047 0.6468866467475891 
vt 0.39783504605293274 0.5950297117233276 
vt 0.47216033935546875 0.5950297117233276 
vt 0.4726383090019226 0.5449650883674622 
vt 0.39771556854248047 0.5431728363037109 
vt 0.4733552634716034 0.5041009187698364 
vt 0.3979545533657074 0.5035034418106079 
vt 0.3979545533657074 0.6865560412406921 
vt 0.5213918685913086 0.5389907956123352 
vt 0.5228257775306702 0.4842662215232849 
vt 0.5895034074783325 0.535406231880188 
vt 0.5803024172782898 0.46921098232269287 
vt 0.6136412024497986 0.5103141665458679 
vt 0.62535160779953 0.5403051376342773 
vt 0.670400857925415 0.5174833536148071 
vt 0.6766145825386047 0.5753145217895508 
vt 0.6959725618362427 0.5643218159675598 
vt 0.7195128798484802 0.5037424564361572 
vt 0.6770925521850586 0.5950297117233276 
vt 0.6278610229492188 0.5950297117233276 
vt 0.5859186053276062 0.5950297117233276 
vt 0.5197189450263977 0.5950297117233276 
vt 0.6766145825386047 0.6147449016571045 
vt 0.6959725618362427 0.6257376670837402 
vt 0.7195128798484802 0.6863170266151428 
vt 0.20533022284507751 0.8028159141540527 
vt 0.20353782176971436 0.7764095067977905 
vt 0.19230538606643677 0.8017405271530151 
vt 0.19075195491313934 0.7735418081283569 
vt 0.16541923582553864 0.7974390387535095 
vt 0.161595419049263 0.7662531733512878 
vt 0.1013704463839531 0.7877606749534607 
vt 0.1026848778128624 0.7568137645721436 
vt 0.08189292252063751 0.7836981415748596 
vt 0.0888235792517662 0.7503615617752075 
vt 0.06396882236003876 0.7770069241523743 
vt 0.06671718508005142 0.7528707385063171 
vt 0.04604472219944 0.7821448445320129 
vt 0.038038626313209534 0.7486887574195862 
vt 0.0185611043125391 0.7969610691070557 
vt 0.011391463689506054 0.7486887574195862 
vt 0.2083175778388977 0.8252792358398438 
vt 0.059786535799503326 0.8343601822853088 
vt 0.07089947909116745 0.8120163083076477 
vt 0.11128845065832138 0.8486984968185425 
vt 0.10244589298963547 0.820499837398529 
vt 0.16960151493549347 0.8224115967750549 
vt 0.16625568270683289 0.8504908084869385 
vt 0.10650868713855743 0.8791674375534058 
vt 0.19457577168941498 0.8248013257980347 
vt 0.20688365399837494 0.8503713011741638 
vt 0.19146892428398132 0.8495349287986755 
vt 0.18489675223827362 0.8776141405105591 
vt 0.15693515539169312 0.8790479898452759 
vt 0.09814410656690598 0.9010334014892578 
vt 0.04413282126188278 0.8665019273757935 
vt 0.2007894515991211 0.8768972158432007 
vt 0.18107295036315918 0.8997190594673157 
vt 0.15048247575759888 0.9011528491973877 
vt 0.15418680012226105 0.9293515682220459 
vt 0.09491776674985886 0.9318607449531555 
vt 0.06432730704545975 0.8985241651535034 
vt 0.1961291879415512 0.8997190594673157 
vt 0.19863855838775635 0.9255279898643494 
vt 0.18489675223827362 0.9260059595108032 
vt 0.08010051399469376 0.9287541508674622 
vt 0.05799412354826927 0.9311438798904419 
vt 0.04054800048470497 0.9068881869316101 
vt 0.02405782788991928 0.8849027752876282 
vt 0.9262375235557556 0.019107220694422722 
vt 0.9240866303443909 0.037747036665678024 
vt 0.9020997285842896 0.024484090507030487 
vt 0.9016217589378357 0.04682797193527222 
vt 0.8749746084213257 0.021018996834754944 
vt 0.9538406133651733 0.010982171632349491 
vt 0.952765166759491 0.030099932104349136 
vt 0.949419379234314 0.07036671042442322 
vt 0.9234891533851624 0.07072517275810242 
vt 0.9220552444458008 0.1612955629825592 
vt 0.9059235453605652 0.1577109843492508 
vt 0.9181119203567505 0.17420004308223724 
vt 0.9034141898155212 0.17013752460479736 
vt 0.892898678779602 0.15544074773788452 
vt 0.8917037844657898 0.16691140830516815 
vt 0.9019802212715149 0.07454872131347656 
vt 0.8746161460876465 0.047664374113082886 
vt 0.8774839639663696 0.07574358582496643 
vt 0.878559410572052 0.1544848531484604 
vt 0.8786789178848267 0.16571654379367828 
vt 0.8625472187995911 0.15579921007156372 
vt 0.8637421727180481 0.16762831807136536 
vt 0.847012996673584 0.0403757281601429 
vt 0.8467740416526794 0.013969321735203266 
vt 0.8227556943893433 0.010982171632349491 
vt 0.8257430791854858 0.03272862359881401 
vt 0.7971839904785156 0.017075957730412483 
vt 0.7999323606491089 0.035357315093278885 
vt 0.8331516981124878 0.07048620283603668 
vt 0.8547801375389099 0.07275643199682236 
vt 0.8405603170394897 0.17682874202728271 
vt 0.8362585306167603 0.16404373943805695 
vt 0.8523902297019958 0.1718103289604187 
vt 0.8500003814697266 0.1591448187828064 
vt 0.8065045475959778 0.07454872131347656 
vt 0.5248571634292603 0.23035846650600433 
vt 0.5045431852340698 0.27875030040740967 
vt 0.4697704613208771 0.24445781111717224 
vt 0.4658271372318268 0.2721785604953766 
vt 0.4933107793331146 0.21291351318359375 
vt 0.4035707712173462 0.20849253237247467 
vt 0.42376527190208435 0.17897948622703552 
vt 0.3175351023674011 0.1566356122493744 
vt 0.32697510719299316 0.1363229900598526 
vt 0.30200088024139404 0.12234312295913696 
vt 0.29411426186561584 0.14408957958221436 
vt 0.28216487169265747 0.16225144267082214 
vt 0.3035542964935303 0.17658977210521698 
vt 0.2662721574306488 0.17706771194934845 
vt 0.3745337426662445 0.22844669222831726 
vt 0.4351171851158142 0.2668016850948334 
vt 0.46331778168678284 0.2988239526748657 
vt 0.46331778168678284 0.3239160180091858 
vt 0.49821001291275024 0.3239160180091858 
vt 0.5045431852340698 0.3692012131214142 
vt 0.46331778168678284 0.34900805354118347 
vt 0.40309280157089233 0.3239160180091858 
vt 0.40177837014198303 0.3362230658531189 
vt 0.40177837014198303 0.3116089403629303 
vt 0.38791707158088684 0.2834102511405945 
vt 0.3433457911014557 0.24015632271766663 
vt 0.28658613562583923 0.1939152330160141 
vt 0.24822856485843658 0.1914060264825821 
vt 0.269259512424469 0.20932893455028534 
vt 0.3139502704143524 0.2572428286075592 
vt 0.3403584361076355 0.2883091866970062 
vt 0.3499179780483246 0.31328174471855164 
vt 0.35206887125968933 0.3239160180091858 
vt 0.3499179780483246 0.33455026149749756 
vt 0.3403584361076355 0.3596423268318176 
vt 0.38791707158088684 0.364541232585907 
vt 0.3139502704143524 0.39070868492126465 
vt 0.3433457911014557 0.40767568349838257 
vt 0.269259512424469 0.4386225640773773 
vt 0.4351171851158142 0.3811497986316681 
vt 0.4658271372318268 0.3756534457206726 
vt 0.4697704613208771 0.40337419509887695 
vt 0.5248571634292603 0.4175930321216583 
vt 0.4933107793331146 0.43491849303245544 
vt 0.4035707712173462 0.4393394887447357 
vt 0.42376527190208435 0.46897199749946594 
vt 0.3175351023674011 0.4911963939666748 
vt 0.32697510719299316 0.5115090012550354 
vt 0.30200088024139404 0.5256083607673645 
vt 0.29411426186561584 0.5038619041442871 
vt 0.28216487169265747 0.48558056354522705 
vt 0.3035542964935303 0.4713617265224457 
vt 0.2662721574306488 0.47076430916786194 
vt 0.3745337426662445 0.41938531398773193 
vt 0.28658613562583923 0.45403626561164856 
vt 0.24822856485843658 0.45654547214508057 
vt 0.6476970314979553 0.48044267296791077 
vt 0.6226032972335815 0.4731540083885193 
vt 0.6475775241851807 0.44579172134399414 
vt 0.6224837899208069 0.4396979510784149 
vt 0.6248736381530762 0.39465171098709106 
vt 0.6504454016685486 0.40050652623176575 
vt 0.6449486613273621 0.2500736713409424 
vt 0.6627532839775085 0.2529413104057312 
vt 0.6729102730751038 0.40229880809783936 
vt 0.6799603700637817 0.2542556822299957 
vt 0.6723127961158752 0.4851026237010956 
vt 0.6724322438240051 0.4498542547225952 
vt 0.6978845000267029 0.45045167207717896 
vt 0.6963310837745667 0.4000285863876343 
vt 0.6972870230674744 0.25413617491722107 
vt 0.7230977416038513 0.394890695810318 
vt 0.7235757112503052 0.44686710834503174 
vt 0.7235757112503052 0.47936728596687317 
vt 0.6977649927139282 0.4846246838569641 
vt 0.7140161991119385 0.2540166974067688 
vt 0.8462960124015808 0.2080145925283432 
vt 0.8661320209503174 0.3525926470756531 
vt 0.8299253582954407 0.21040430665016174 
vt 0.8388873934745789 0.34805217385292053 
vt 0.8131961822509766 0.21506425738334656 
vt 0.8146301507949829 0.34506502747535706 
vt 0.7995738983154297 0.2145863175392151 
vt 0.8635031580924988 0.3963245153427124 
vt 0.8388873934745789 0.3911866247653961 
vt 0.8624277114868164 0.428466260433197 
vt 0.8375729918479919 0.4220139980316162 
vt 0.8142716288566589 0.3902307450771332 
vt 0.812957227230072 0.4203411936759949 
vt 0.790014386177063 0.39357635378837585 
vt 0.7890583872795105 0.4241647720336914 
vt 0.7645621299743652 0.43025854229927063 
vt 0.765518069267273 0.3988337218761444 
vt 0.7645621299743652 0.34841063618659973 
vt 0.7910898327827454 0.3455429673194885 
vt 0.7827252149581909 0.20849253237247467 
vt 0.28096991777420044 0.07239797711372375 
vt 0.24691413342952728 0.07920867949724197 
vt 0.26149240136146545 0.09271059930324554 
vt 0.2227763533592224 0.1471962183713913 
vt 0.1908714473247528 0.13369429111480713 
vt 0.2007894515991211 0.184117391705513 
vt 0.15609869360923767 0.17766514420509338 
vt 0.1929028481245041 0.21207711100578308 
vt 0.1362626999616623 0.21004584431648254 
vt 0.1349482536315918 0.22378674149513245 
vt 0.1944562792778015 0.22378674149513245 
vt 0.1929028481245041 0.23537687957286835 
vt 0.1362626999616623 0.23752762377262115 
vt 0.15609869360923767 0.2699083387851715 
vt 0.2007894515991211 0.2634560763835907 
vt 0.1908714473247528 0.3137596845626831 
vt 0.2227763533592224 0.30025777220726013 
vt 0.24428527057170868 0.37075451016426086 
vt 0.26149240136146545 0.3547433912754059 
vt 0.28096991777420044 0.37517550587654114 
vt 0.2662721574306488 0.3936958312988281 
vt 0.24990148842334747 0.4097069501876831 
vt 0.226122185587883 0.3862876892089844 
vt 0.23221637308597565 0.42296990752220154 
vt 0.15872757136821747 0.3209288418292999 
vt 0.10770362615585327 0.2771969735622406 
vt 0.06468578428030014 0.249715194106102 
vt 0.06588073074817657 0.22378674149513245 
vt 0.06468578428030014 0.1978582739830017 
vt 0.03051050379872322 0.22378674149513245 
vt 0.0246552973985672 0.26644325256347656 
vt 0.0687485858798027 0.2930886149406433 
vt 0.1283760964870453 0.3335943818092346 
vt 0.2077201008796692 0.4018208682537079 
vt 0.21333631873130798 0.4364718198776245 
vt 0.19063246250152588 0.4179514944553375 
vt 0.1036408320069313 0.35773053765296936 
vt 0.03995053097605705 0.3159104585647583 
vt 0.010793994180858135 0.2971511483192444 
vt 0.0246552973985672 0.18113023042678833 
vt 0.0687485858798027 0.1544848531484604 
vt 0.03995053097605705 0.13166303932666779 
vt 0.1036408320069313 0.08972344547510147 
vt 0.1283760964870453 0.11397910118103027 
vt 0.19063246250152588 0.029621988534927368 
vt 0.010793994180858135 0.1504223346710205 
vt 0.24428527057170868 0.07681895792484283 
vt 0.2662721574306488 0.05387764424085617 
vt 0.10770362615585327 0.1703764945268631 
vt 0.15872757136821747 0.12664462625980377 
vt 0.2077201008796692 0.04575259983539581 
vt 0.21333631873130798 0.011101658456027508 
vt 0.23221637308597565 0.024484090507030487 
vt 0.226122185587883 0.061285778880119324 
vt 0.24990148842334747 0.03786652162671089 
vt 0.2833597958087921 0.03559628874063492 
vt 0.32243433594703674 0.05148792639374733 
vt 0.31323331594467163 0.011579602025449276 
vt 0.37047094106674194 0.012654975987970829 
vt 0.356729120016098 0.03667166084051132 
vt 0.36820054054260254 0.06917185336351395 
vt 0.3818228542804718 0.04264596104621887 
vt 0.40141987800598145 0.06403395533561707 
vt 0.4118158519268036 0.03870292380452156 
vt 0.34967896342277527 0.08458554744720459 
vt 0.3501569628715515 0.11230629682540894 
vt 0.38982895016670227 0.08374914526939392 
vt 0.3828983008861542 0.11923649162054062 
vt 0.44085291028022766 0.11338167637586594 
vt 0.42902299761772156 0.06905236840248108 
vt 0.41133788228034973 0.014447266235947609 
vt 0.45770156383514404 0.06116629019379616 
vt 0.4697704613208771 0.011579602025449276 
vt 0.5207943916320801 0.03941984102129936 
vt 0.48231732845306396 0.09079881757497787 
vt 0.759304404258728 0.05316073074936867 
vt 0.7376760244369507 0.023408716544508934 
vt 0.7279970049858093 0.03846395015716553 
vt 0.6966895461082458 0.011101658456027508 
vt 0.6892809271812439 0.03846395015716553 
vt 0.6899979114532471 0.07395129650831223 
vt 0.7239341735839844 0.06857442110776901 
vt 0.7253681421279907 0.10214999318122864 
vt 0.7683859467506409 0.09354700148105621 
vt 0.7526127696037292 0.067140594124794 
vt 0.7742411494255066 0.0653483048081398 
vt 0.6639481782913208 0.1222236379981041 
vt 0.7309843301773071 0.12353798747062683 
vt 0.6641871929168701 0.14779363572597504 
vt 0.6931047439575195 0.20060645043849945 
vt 0.7336131930351257 0.17121289670467377 
vt 0.7742411494255066 0.17969641089439392 
vt 0.7742411494255066 0.1099165827035904 
vt 0.7407828569412231 0.2384835183620453 
vt 0.9559915065765381 0.12210415303707123 
vt 0.9596958756446838 0.15305101871490479 
vt 0.9521677494049072 0.1532900035381317 
vt 0.9638781547546387 0.18363943696022034 
vt 0.9667459726333618 0.17121289670467377 
vt 0.9894498586654663 0.17061546444892883 
vt 0.9820412397384644 0.16595551371574402 
vt 0.9894498586654663 0.14074397087097168 
vt 0.3834957778453827 0.8257572054862976 
vt 0.394608736038208 0.8510882258415222 
vt 0.38170337677001953 0.8521636128425598 
vt 0.37871602177619934 0.874507486820221 
vt 0.3962816298007965 0.8228895664215088 
vt 0.4216143786907196 0.8467867374420166 
vt 0.4253186881542206 0.8156008720397949 
vt 0.4855436682701111 0.8369888663291931 
vt 0.48434871435165405 0.8061615228652954 
vt 0.498090535402298 0.7997092604637146 
vt 0.5051406621932983 0.8330458402633667 
vt 0.5201969146728516 0.8022184371948242 
vt 0.484587699174881 0.8698475360870361 
vt 0.4173125922679901 0.871759295463562 
vt 0.39245784282684326 0.8740295767784119 
vt 0.3801499605178833 0.8997190594673157 
vt 0.3955646753311157 0.8988826274871826 
vt 0.40201735496520996 0.9269618391990662 
vt 0.3861246407032013 0.9262449145317078 
vt 0.40596064925193787 0.9490667581558228 
vt 0.39090439677238464 0.9490667581558228 
vt 0.3883950412273407 0.9748757481575012 
vt 0.40201735496520996 0.9753536581993103 
vt 0.4328468143939972 0.978699266910553 
vt 0.4364316165447235 0.9505006074905396 
vt 0.49199631810188293 0.9812085032463074 
vt 0.4887700080871582 0.9503811001777649 
vt 0.5225868225097656 0.9478719234466553 
vt 0.5069330930709839 0.9781018495559692 
vt 0.5290394425392151 0.980491578578949 
vt 0.5463660955429077 0.956235945224762 
vt 0.5427812933921814 0.9158496260643005 
vt 0.5629757642745972 0.9342504739761353 
vt 0.43009844422340393 0.928395688533783 
vt 0.42077791690826416 0.8998385071754456 
vt 0.47574514150619507 0.8980462551116943 
vt 0.5161341428756714 0.8613640069961548 
vt 0.48040542006492615 0.9285151362419128 
vt 0.5272470712661743 0.8837079405784607 
vt 0.5409888625144958 0.83149254322052 
vt 0.5229452848434448 0.8263546228408813 
vt 0.568352997303009 0.8463088274002075 
vt 0.5488754510879517 0.7980364561080933 
vt 0.5755226612091064 0.7980364561080933 
vt 0.9432056546211243 0.9456016421318054 
vt 0.9458345174789429 0.9197927117347717 
vt 0.9614882469177246 0.9483498334884644 
vt 0.9675824642181396 0.9227798581123352 
vt 0.9645950794219971 0.8987631797790527 
vt 0.9381869435310364 0.8985241651535034 
vt 0.9575449824333191 0.8705644607543945 
vt 0.9308977723121643 0.8709229230880737 
vt 0.9317342638969421 0.8439190983772278 
vt 0.9540796279907227 0.8434411287307739 
vt 0.940815806388855 0.821455717086792 
vt 0.9594568610191345 0.8193049430847168 
vt 0.9675824642181396 0.7917037010192871 
vt 0.9484634399414062 0.7927790880203247 
vt 0.9081939458847046 0.7961246967315674 
vt 0.9078354239463806 0.8220531344413757 
vt 0.8173785209655762 0.8234869837760925 
vt 0.9040116667747498 0.8435606360435486 
vt 0.9028167128562927 0.8680552244186401 
vt 0.9058040380477905 0.8907575607299805 
vt 0.9080744385719299 0.912384569644928 
vt 0.9040116667747498 0.9390299320220947 
vt 0.8194099068641663 0.8955370187759399 
vt 0.8145106434822083 0.9092779159545898 
vt 0.8067435026168823 0.8931472897529602 
vt 0.8017247915267944 0.9049764275550842 
vt 0.8109258413314819 0.88179612159729 
vt 0.8227556943893433 0.8829910159111023 
vt 0.824070155620575 0.8669798970222473 
vt 0.8232337236404419 0.852522075176239 
vt 0.8208438158035278 0.8396176099777222 
vt 0.804353654384613 0.827430009841919 
vt 0.8084164261817932 0.8421267867088318 
vt 0.8116427659988403 0.8538364171981812 
vt 0.8128377199172974 0.8668603897094727 
vt 0.8170199990272522 0.6707838773727417 
vt 0.8413968086242676 0.6769971251487732 
vt 0.8160640597343445 0.6403149366378784 
vt 0.8404408097267151 0.6454528570175171 
vt 0.8413968086242676 0.5950297117233276 
vt 0.7931212186813354 0.6670798063278198 
vt 0.7918067574501038 0.6369693279266357 
vt 0.7685054540634155 0.6686331033706665 
vt 0.767071545124054 0.637805700302124 
vt 0.7436506748199463 0.6750853657722473 
vt 0.7425752282142639 0.6429436206817627 
vt 0.767071545124054 0.5947907567024231 
vt 0.7399463653564453 0.599331259727478 
vt 0.7761530876159668 0.45702341198921204 
vt 0.7596628665924072 0.45475319027900696 
vt 0.7928822040557861 0.46168336272239685 
vt 0.7913287878036499 0.5918036103248596 
vt 0.8148691058158875 0.5921620726585388 
vt 0.8233531713485718 0.4552311301231384 
vt 0.8063850402832031 0.4612054228782654 
vt 0.23556220531463623 0.7833396792411804 
vt 0.24297083914279938 0.8084317445755005 
vt 0.27033495903015137 0.7834591865539551 
vt 0.27630966901779175 0.8085511922836304 
vt 0.32135888934135437 0.8062809705734253 
vt 0.23090194165706635 0.7587255835533142 
vt 0.26615267992019653 0.7586060762405396 
vt 0.2313799113035202 0.7332750558853149 
vt 0.265555202960968 0.7331555485725403 
vt 0.23675714433193207 0.7074660658836365 
vt 0.269259512424469 0.7074660658836365 
vt 0.31610116362571716 0.734708845615387 
vt 0.32111990451812744 0.7079440355300903 
vt 0.46200335025787354 0.733752965927124 
vt 0.4621228277683258 0.7170249223709106 
vt 0.4617643356323242 0.7510784268379211 
vt 0.3137112855911255 0.7581281065940857 
vt 0.3156231939792633 0.7807109951972961 
vt 0.46594664454460144 0.7860878705978394 
vt 0.4630787968635559 0.7682844400405884 
vt 0.5899814367294312 0.26178327202796936 
vt 0.6139997243881226 0.2319117933511734 
vt 0.5740886926651001 0.22271136939525604 
vt 0.6129242777824402 0.1746779978275299 
vt 0.5887864828109741 0.18841888010501862 
vt 0.5564035773277283 0.17694821953773499 
vt 0.5829312801361084 0.16332681477069855 
vt 0.5615418553352356 0.14373111724853516 
vt 0.5868745446205139 0.13333582878112793 
vt 0.5409888625144958 0.19558803737163544 
vt 0.5132662653923035 0.1949906051158905 
vt 0.5418253540992737 0.15544074773788452 
vt 0.5063356161117554 0.16225144267082214 
vt 0.5121908187866211 0.10430073738098145 
vt 0.5565230846405029 0.11612985283136368 
vt 0.6111318469047546 0.13393326103687286 
vt 0.5644096732139587 0.0874532088637352 
vt 0.6139997243881226 0.07538512349128723 
vt 0.5861576199531555 0.02436460368335247 
vt 0.5347751975059509 0.0628390982747078 
vt 0.6383764743804932 0.808670699596405 
vt 0.6086224913597107 0.7870437502861023 
vt 0.6236787438392639 0.7772458791732788 
vt 0.5961951017379761 0.7460600733757019 
vt 0.6236787438392639 0.7386519312858582 
vt 0.6590489149093628 0.7393688559532166 
vt 0.6536717414855957 0.7731833457946777 
vt 0.6873690485954285 0.7747367024421692 
vt 0.6786459684371948 0.8177516460418701 
vt 0.652357280254364 0.8018600344657898 
vt 0.6504454016685486 0.8236064314842224 
vt 0.7074440121650696 0.7132014036178589 
vt 0.7087584733963013 0.7803525328636169 
vt 0.7330157160758972 0.7134403586387634 
vt 0.7858321070671082 0.7424754500389099 
vt 0.7563170790672302 0.7829812169075012 
vt 0.7648011445999146 0.8236064314842224 
vt 0.695016622543335 0.8234869837760925 
vt 0.8235921859741211 0.7900308966636658 
vt 0.575761616230011 0.9532487392425537 
vt 0.6065911054611206 0.9569528102874756 
vt 0.6068300604820251 0.949425220489502 
vt 0.6373010277748108 0.9611348509788513 
vt 0.6247541904449463 0.9640024900436401 
vt 0.6242761611938477 0.9867048263549805 
vt 0.619615912437439 0.9792967438697815 
vt 0.5942832231521606 0.9867048263549805 
vt 0.24332931637763977 0.8825130462646484 
vt 0.2626873552799225 0.8622004389762878 
vt 0.25563719868659973 0.850729763507843 
vt 0.2814479172229767 0.8308951258659363 
vt 0.2751147150993347 0.8645901679992676 
vt 0.2951897084712982 0.872715175151825 
vt 0.2902904748916626 0.9089194536209106 
vt 0.3192079961299896 0.910592257976532 
vt 0.3193275034427643 0.8749854564666748 
vt 0.2994914948940277 0.8354355692863464 
vt 0.32243433594703674 0.8379448056221008 
vt 0.2362791746854782 0.8771361708641052 
vt 0.27069345116615295 0.9058127999305725 
vt 0.29112690687179565 0.9372376203536987 
vt 0.27571219205856323 0.9378350973129272 
vt 0.29208287596702576 0.9654363393783569 
vt 0.28061145544052124 0.9698573350906372 
vt 0.31777408719062805 0.9702157974243164 
vt 0.30630266666412354 0.9647194147109985 
vt 0.3127553462982178 0.9375960826873779 
vt 0.33223286271095276 0.9391494393348694 
vt 0.34669163823127747 0.9079635739326477 
vt 0.34669163823127747 0.8688916563987732 
vt 0.34215086698532104 0.837466835975647 
vt 0.8803518414497375 0.2855609953403473 
vt 0.8960055708885193 0.29332759976387024 
vt 0.8848925828933716 0.27695801854133606 
vt 0.898156464099884 0.28424665331840515 
vt 0.8860875368118286 0.19845570623874664 
vt 0.9023387432098389 0.2062222957611084 
vt 0.917514443397522 0.2844856381416321 
vt 0.9179924130439758 0.20598332583904266 
vt 0.9300613403320312 0.27695801854133606 
vt 0.9346020817756653 0.19761930406093597 
vt 0.9200238585472107 0.29249119758605957 
vt 0.9346020817756653 0.2848440706729889 
vt 0.5302343964576721 0.3462598919868469 
vt 0.5288004875183105 0.2764800786972046 
vt 0.5443347096443176 0.33682048320770264 
vt 0.5397939085960388 0.264411985874176 
vt 0.5443347096443176 0.33682048320770264 
vt 0.5397939085960388 0.264411985874176 
vt 0.5568815469741821 0.33789587020874023 
vt 0.5628562569618225 0.264411985874176 
vt 0.8588429093360901 0.9490667581558228 
vt 0.8592013716697693 0.9863463640213013 
vt 0.8406798243522644 0.9487082958221436 
vt 0.8410382866859436 0.9865853786468506 
vt 0.8237116932868958 0.9487082958221436 
vt 0.8238311409950256 0.9867048263549805 
vt 0.8065045475959778 0.9490667581558228 
vt 0.8066240549087524 0.9867048263549805 
vt 0.7897753715515137 0.9485887885093689 
vt 0.790014386177063 0.9865853786468506 
vt 0.26316532492637634 0.23537687957286835 
vt 0.2626873552799225 0.306471049785614 
vt 0.2251662313938141 0.23537687957286835 
vt 0.253486305475235 0.3069489896297455 
vt 0.5764786005020142 0.7729443907737732 
vt 0.5065745711326599 0.7727054357528687 
vt 0.576956570148468 0.7638634443283081 
vt 0.5069330930709839 0.7348283529281616 
vt 0.4904429018497467 0.7356647849082947 
vt 0.4904429018497467 0.7729443907737732 
vt 0.5568815469741821 0.33789587020874023 
vt 0.5628562569618225 0.264411985874176 
vt 0.5705038905143738 0.34912756085395813 
vt 0.5728937983512878 0.27803337574005127 
vt 0.9048480987548828 0.6070978045463562 
vt 0.8865655064582825 0.5793770551681519 
vt 0.9110617637634277 0.5995702147483826 
vt 0.8962445259094238 0.5740001797676086 
vt 0.8681634664535522 0.5517758131027222 
vt 0.8814272880554199 0.5485497117042542 
vt 0.860515832901001 0.5155715346336365 
vt 0.8741381168365479 0.5089998245239258 
vt 0.8509563207626343 0.48880669474601746 
vt 0.8643396496772766 0.47948676347732544 
vt 0.9029362201690674 0.4976486563682556 
vt 0.8805907964706421 0.46861356496810913 
vt 0.9139296412467957 0.5407831072807312 
vt 0.9213382601737976 0.5687428116798401 
vt 0.9287468791007996 0.5965830683708191 
vt 0.9428471922874451 0.6001676321029663 
vt 0.9386649131774902 0.5683843493461609 
vt 0.9346020817756653 0.5367205739021301 
vt 0.9225332140922546 0.4981265962123871 
vt 0.915005087852478 0.4767386019229889 
vt 0.9231306910514832 0.4872533679008484 
vt 0.9332876801490784 0.4687330424785614 
vt 0.9428471922874451 0.47255659103393555 
vt 0.9318537712097168 0.465506911277771 
vt 0.9403378367424011 0.45917415618896484 
vt 0.9128541946411133 0.4637146294116974 
vt 0.9130932092666626 0.4531998634338379 
vt 0.8831002116203308 0.449495792388916 
vt 0.7078024744987488 0.8797648549079895 
vt 0.6884444952011108 0.8550312519073486 
vt 0.6884444952011108 0.8796454071998596 
vt 0.6692059636116028 0.8797648549079895 
vt 0.670400857925415 0.8524025678634644 
vt 0.6478164792060852 0.8772556781768799 
vt 0.6433952450752258 0.8490569591522217 
vt 0.6175845265388489 0.8764192461967468 
vt 0.6156726479530334 0.8500128388404846 
vt 0.5993019342422485 0.8788089752197266 
vt 0.5971510410308838 0.8521636128425598 
vt 0.7066075801849365 0.8524025678634644 
vt 0.7291918992996216 0.8772556781768799 
vt 0.7336131930351257 0.8490569591522217 
vt 0.7594239115715027 0.8764192461967468 
vt 0.7613357901573181 0.8500128388404846 
vt 0.7775869965553284 0.8788089752197266 
vt 0.7797378897666931 0.8521636128425598 
vt 0.874018669128418 0.6311144828796387 
vt 0.8854900598526001 0.6356549859046936 
vt 0.8689998984336853 0.6632562279701233 
vt 0.8845341205596924 0.6638537049293518 
vt 0.8641006350517273 0.6952784657478333 
vt 0.8836976885795593 0.6921718716621399 
vt 0.8685219287872314 0.736501157283783 
vt 0.8885968923568726 0.7283760905265808 
vt 0.9126152396202087 0.6904990673065186 
vt 0.9061625599861145 0.6634952425956726 
vt 0.9256400465965271 0.6619418859481812 
vt 0.9111812710762024 0.6308755278587341 
vt 0.8997098803520203 0.636371910572052 
vt 0.9400988221168518 0.6931277513504028 
vt 0.9127346873283386 0.7261058688163757 
vt 0.892898678779602 0.7656557559967041 
vt 0.874855101108551 0.7701961994171143 
vt 0.8560945391654968 0.7388908863067627 
vt 0.8490443825721741 0.7503615617752075 
vt 0.8367365002632141 0.7185782790184021 
vt 0.8296864032745361 0.7239551544189453 
vt 0.9400988221168518 0.7321996688842773 
vt 0.9158415794372559 0.7631465196609497 
vt 0.9355580806732178 0.7636244893074036 
vt 0.8885968923568726 0.3246329128742218 
vt 0.9042506217956543 0.31686633825302124 
vt 0.8931376934051514 0.33311644196510315 
vt 0.9062820076942444 0.32582777738571167 
vt 0.8942131400108337 0.41173821687698364 
vt 0.910464346408844 0.4038521349430084 
vt 0.9257595539093018 0.32558882236480713 
vt 0.9262375235557556 0.4042105972766876 
vt 0.938306450843811 0.3332359194755554 
vt 0.9428471922874451 0.41245514154434204 
vt 0.9282689094543457 0.31758323311805725 
vt 0.9428471922874451 0.32523036003112793 
vt 0.12610571086406708 0.043721336871385574 
vt 0.05369234085083008 0.03918086737394333 
vt 0.11403681337833405 0.054833535104990005 
vt 0.044252313673496246 0.053280215710401535 
vt 0.12610571086406708 0.020660538226366043 
vt 0.052616894245147705 0.026634838432073593 
vt 0.12610571086406708 0.043721336871385574 
vt 0.05369234085083008 0.03918086737394333 
vt 0.17748811841011047 0.9515759348869324 
vt 0.17724913358688354 0.9894530177116394 
vt 0.19397829473018646 0.9513369798660278 
vt 0.19397829473018646 0.9889751076698303 
vt 0.2113049328327179 0.9513369798660278 
vt 0.21118542551994324 0.9893335103988647 
vt 0.22851206362247467 0.9514564871788025 
vt 0.22815358638763428 0.9893335103988647 
vt 0.24667514860630035 0.951695442199707 
vt 0.24631667137145996 0.9889751076698303 
vt 0.5711013674736023 0.9119065999984741 
vt 0.6426782608032227 0.9401053190231323 
vt 0.5715793371200562 0.9025866985321045 
vt 0.6426782608032227 0.9022282361984253 
vt 0.6813943386077881 0.9401053190231323 
vt 0.7511788010597229 0.9399858117103577 
vt 0.6809163689613342 0.9311438798904419 
vt 0.7508203387260437 0.9021087884902954 
vt 0.7674300074577332 0.902825653553009 
vt 0.7674300074577332 0.9401053190231323 
vt 0.11248338967561722 0.010743199847638607 
vt 0.04138445854187012 0.013132919557392597 
vt 0.12610571086406708 0.020660538226366043 
vt 0.052616894245147705 0.026634838432073593 
vt 0.14092296361923218 0.4123356342315674 
vt 0.16099795699119568 0.436949759721756 
vt 0.1685260683298111 0.4307364821434021 
vt 0.161595419049263 0.4687330424785614 
vt 0.1355457305908203 0.42213350534439087 
vt 0.1132003515958786 0.3940542936325073 
vt 0.10997401177883148 0.4071977436542511 
vt 0.07711316645145416 0.38640719652175903 
vt 0.07054099440574646 0.4000285863876343 
vt 0.05022701248526573 0.3767288327217102 
vt 0.04090648144483566 0.3902307450771332 
vt 0.059069570153951645 0.42870521545410156 
vt 0.030032528564333916 0.4064808189868927 
vt 0.10220690071582794 0.4396979510784149 
vt 0.13016849756240845 0.4471060633659363 
vt 0.15813009440898895 0.4546336829662323 
vt 0.12992951273918152 0.46455103158950806 
vt 0.09814410656690598 0.4603690207004547 
vt 0.0595475472509861 0.44830092787742615 
vt 0.038158118724823 0.4408927857875824 
vt 0.0486735925078392 0.44901785254478455 
vt 0.03015202283859253 0.4590546786785126 
vt 0.03409532457590103 0.4687330424785614 
vt 0.02692568488419056 0.4576208293437958 
vt 0.020592501387000084 0.4661043584346771 
vt 0.025252768769860268 0.4387420415878296 
vt 0.014617801643908024 0.43886154890060425 
vt 0.011032981798052788 0.4089900255203247 
vt 0.5579569935798645 0.3782821297645569 
vt 0.5408693552017212 0.3768483102321625 
vt 0.5697869062423706 0.3656166195869446 
vt 0.5296369194984436 0.3623904883861542 
vt 0.5705038905143738 0.34912756085395813 
vt 0.5302343964576721 0.3462598919868469 
vt 0.5568815469741821 0.33789587020874023 
vt 0.5443347096443176 0.33682048320770264 
vt 0.0122279217466712 0.025678949430584908 
vt 0.024894285947084427 0.013849835842847824 
vt 0.013661850243806839 0.04276544973254204 
vt 0.028120623901486397 0.05387764424085617 
vt 0.04138445854187012 0.013132919557392597 
vt 0.044252313673496246 0.053280215710401535 
vt 0.052616894245147705 0.026634838432073593 
vt 0.05369234085083008 0.03918086737394333 
s on 
f 1/1/1 2/2/2 3/3/3 
f 2/2/2 2/2/2 3/3/3 
f 3/3/3 2/2/2 4/4/4 
f 2/2/2 5/5/5 4/4/4 
f 4/4/4 5/5/5 6/6/6 
f 5/5/5 7/7/7 6/6/6 
f 6/6/6 7/7/7 8/8/8 
f 7/7/7 7/7/7 8/8/8 
f 8/8/8 7/7/7 9/9/9 
f 7/7/7 7/7/7 9/9/9 
f 9/9/9 7/7/7 10/10/10 
f 7/7/7 11/11/11 10/10/10 
f 10/10/10 11/11/11 12/12/12 
f 11/11/11 13/13/13 12/12/12 
f 12/12/12 13/13/13 14/14/14 
f 13/13/13 14/14/14 14/14/14 
f 14/14/14 14/14/14 2/2/2 
f 14/14/14 2/2/2 2/2/2 
f 2/2/2 2/2/2 5/5/5 
f 2/2/2 11/11/11 5/5/5 
f 5/5/5 11/11/11 7/7/7 
f 11/11/11 7/7/7 7/7/7 
f 7/7/7 7/7/7 12/12/12 
f 7/7/7 12/12/12 12/12/12 
f 12/12/12 12/12/12 10/10/10 
f 12/12/12 15/15/15 10/10/10 
f 10/10/10 15/15/15 10/10/10 
f 15/15/15 16/16/16 10/10/10 
f 10/10/10 16/16/16 9/9/9 
f 16/16/16 16/16/16 9/9/9 
f 9/9/9 16/16/16 17/17/17 
f 16/16/16 18/18/18 17/17/17 
f 17/17/17 18/18/18 18/18/18 
f 18/18/18 9/9/9 18/18/18 
f 18/18/18 9/9/9 9/9/9 
f 9/9/9 19/19/19 9/9/9 
f 9/9/9 19/19/19 8/8/8 
f 19/19/19 20/20/20 8/8/8 
f 8/8/8 20/20/20 6/6/6 
f 20/20/20 6/6/6 6/6/6 
f 6/6/6 6/6/6 21/21/21 
f 6/6/6 21/21/21 21/21/21 
f 21/21/21 21/21/21 19/19/19 
f 21/21/21 22/22/22 19/19/19 
f 19/19/19 22/22/22 20/20/20 
f 22/22/22 23/23/23 20/20/20 
f 20/20/20 23/23/23 24/24/24 
f 23/23/23 25/25/25 24/24/24 
f 24/24/24 25/25/25 24/24/24 
f 25/25/25 26/26/26 24/24/24 
f 24/24/24 26/26/26 24/24/24 
f 26/26/26 27/27/27 24/24/24 
f 24/24/24 27/27/27 28/28/28 
f 27/27/27 29/29/29 28/28/28 
f 28/28/28 29/29/29 28/28/28 
f 29/29/29 30/30/30 28/28/28 
f 28/28/28 30/30/30 28/28/28 
f 30/30/30 3/3/3 28/28/28 
f 28/28/28 3/3/3 28/28/28 
f 3/3/3 4/4/4 28/28/28 
f 28/28/28 4/4/4 24/24/24 
f 4/4/4 6/6/6 24/24/24 
f 24/24/24 6/6/6 20/20/20 
f 6/6/6 20/20/20 20/20/20 
f 20/20/20 20/20/20 22/22/22 
f 20/20/20 22/22/22 22/22/22 
f 22/22/22 22/22/22 23/23/23 
f 22/22/22 31/31/31 23/23/23 
f 23/23/23 31/31/31 23/23/23 
f 31/31/31 32/32/32 23/23/23 
f 23/23/23 32/32/32 25/25/25 
f 32/32/32 25/25/25 25/25/25 
f 25/25/25 25/25/25 33/33/33 
f 25/25/25 33/33/33 33/33/33 
f 33/33/33 33/33/33 34/34/34 
f 33/33/33 35/35/35 34/34/34 
f 34/34/34 35/35/35 34/34/34 
f 35/35/35 36/36/36 34/34/34 
f 34/34/34 36/36/36 37/37/37 
f 36/36/36 37/37/37 37/37/37 
f 37/37/37 37/37/37 33/33/33 
f 37/37/37 33/33/33 33/33/33 
f 33/33/33 33/33/33 35/35/35 
f 33/33/33 38/38/38 35/35/35 
f 35/35/35 38/38/38 39/39/39 
f 38/38/38 40/40/40 39/39/39 
f 39/39/39 40/40/40 41/41/41 
f 40/40/40 42/42/42 41/41/41 
f 41/41/41 42/42/42 41/41/41 
f 42/42/42 43/43/43 41/41/41 
f 41/41/41 43/43/43 44/44/44 
f 43/43/43 43/43/43 44/44/44 
f 44/44/44 43/43/43 45/45/45 
f 43/43/43 46/46/46 45/45/45 
f 45/45/45 46/46/46 47/47/47 
f 46/46/46 48/48/48 47/47/47 
f 47/47/47 48/48/48 48/48/48 
f 48/48/48 42/42/42 48/48/48 
f 48/48/48 42/42/42 42/42/42 
f 42/42/42 40/40/40 42/42/42 
f 42/42/42 40/40/40 49/49/49 
f 40/40/40 49/49/49 49/49/49 
f 49/49/49 49/49/49 45/45/45 
f 49/49/49 45/45/45 45/45/45 
f 45/45/45 45/45/45 50/50/50 
f 45/45/45 47/47/47 50/50/50 
f 50/50/50 47/47/47 50/50/50 
f 47/47/47 51/51/51 50/50/50 
f 50/50/50 51/51/51 52/52/52 
f 51/51/51 53/53/53 52/52/52 
f 52/52/52 53/53/53 52/52/52 
f 53/53/53 54/54/54 52/52/52 
f 52/52/52 54/54/54 55/55/55 
f 54/54/54 56/56/56 55/55/55 
f 55/55/55 56/56/56 57/57/57 
f 56/56/56 56/56/56 57/57/57 
f 57/57/57 56/56/56 58/58/58 
f 56/56/56 59/59/59 58/58/58 
f 58/58/58 59/59/59 59/59/59 
f 59/59/59 57/57/57 59/59/59 
f 59/59/59 57/57/57 57/57/57 
f 57/57/57 60/60/60 57/57/57 
f 57/57/57 60/60/60 55/55/55 
f 60/60/60 61/61/61 55/55/55 
f 55/55/55 61/61/61 52/52/52 
f 61/61/61 62/62/62 52/52/52 
f 52/52/52 62/62/62 50/50/50 
f 62/62/62 63/63/63 50/50/50 
f 50/50/50 63/63/63 45/45/45 
f 63/63/63 63/63/63 45/45/45 
f 45/45/45 63/63/63 44/44/44 
f 63/63/63 63/63/63 44/44/44 
f 44/44/44 63/63/63 41/41/41 
f 63/63/63 63/63/63 41/41/41 
f 41/41/41 63/63/63 39/39/39 
f 63/63/63 62/62/62 39/39/39 
f 39/39/39 62/62/62 35/35/35 
f 62/62/62 61/61/61 35/35/35 
f 35/35/35 61/61/61 36/36/36 
f 61/61/61 60/60/60 36/36/36 
f 36/36/36 60/60/60 36/36/36 
f 60/60/60 64/64/64 36/36/36 
f 36/36/36 64/64/64 37/37/37 
f 64/64/64 65/65/65 37/37/37 
f 37/37/37 65/65/65 66/66/66 
f 65/65/65 66/66/66 66/66/66 
f 66/66/66 66/66/66 67/67/67 
f 66/66/66 67/67/67 67/67/67 
f 67/67/67 67/67/67 68/68/68 
f 67/67/67 69/69/69 68/68/68 
f 68/68/68 69/69/69 70/70/70 
f 69/69/69 71/71/71 70/70/70 
f 70/70/70 71/71/71 72/72/72 
f 71/71/71 73/73/73 72/72/72 
f 72/72/72 73/73/73 74/74/74 
f 73/73/73 75/75/75 74/74/74 
f 74/74/74 75/75/75 76/76/76 
f 75/75/75 77/77/77 76/76/76 
f 76/76/76 77/77/77 78/78/78 
f 77/77/77 79/79/79 78/78/78 
f 78/78/78 79/79/79 80/80/80 
f 79/79/79 81/81/81 80/80/80 
f 80/80/80 81/81/81 82/82/82 
f 81/81/81 82/82/82 82/82/82 
f 82/82/82 82/82/82 69/69/69 
f 82/82/82 69/69/69 69/69/69 
f 69/69/69 69/69/69 83/83/83 
f 69/69/69 67/67/67 83/83/83 
f 83/83/83 67/67/67 67/67/67 
f 67/67/67 81/81/81 67/67/67 
f 67/67/67 81/81/81 81/81/81 
f 81/81/81 79/79/79 81/81/81 
f 81/81/81 79/79/79 84/84/84 
f 79/79/79 85/85/85 84/84/84 
f 84/84/84 85/85/85 86/86/86 
f 85/85/85 87/87/87 86/86/86 
f 86/86/86 87/87/87 88/88/88 
f 87/87/87 71/71/71 88/88/88 
f 88/88/88 71/71/71 69/69/69 
f 71/71/71 69/69/69 69/69/69 
f 69/69/69 69/69/69 79/79/79 
f 69/69/69 79/79/79 79/79/79 
f 79/79/79 79/79/79 85/85/85 
f 79/79/79 77/77/77 85/85/85 
f 85/85/85 77/77/77 85/85/85 
f 77/77/77 75/75/75 85/85/85 
f 85/85/85 75/75/75 87/87/87 
f 75/75/75 73/73/73 87/87/87 
f 87/87/87 73/73/73 71/71/71 
f 73/73/73 71/71/71 71/71/71 
f 71/71/71 71/71/71 88/88/88 
f 71/71/71 88/88/88 88/88/88 
f 88/88/88 88/88/88 86/86/86 
f 88/88/88 89/89/89 86/86/86 
f 86/86/86 89/89/89 90/90/90 
f 89/89/89 90/90/90 90/90/90 
f 90/90/90 90/90/90 89/89/89 
f 90/90/90 89/89/89 89/89/89 
f 89/89/89 89/89/89 91/91/91 
f 89/89/89 88/88/88 91/91/91 
f 91/91/91 88/88/88 91/91/91 
f 88/88/88 69/69/69 91/91/91 
f 91/91/91 69/69/69 91/91/91 
f 69/69/69 83/83/83 91/91/91 
f 91/91/91 83/83/83 91/91/91 
f 83/83/83 92/92/92 91/91/91 
f 91/91/91 92/92/92 93/93/93 
f 92/92/92 94/94/94 93/93/93 
f 93/93/93 94/94/94 93/93/93 
f 94/94/94 95/95/95 93/93/93 
f 93/93/93 95/95/95 89/89/89 
f 95/95/95 95/95/95 89/89/89 
f 89/89/89 95/95/95 90/90/90 
f 95/95/95 96/96/96 90/90/90 
f 90/90/90 96/96/96 97/97/97 
f 96/96/96 97/97/97 97/97/97 
f 97/97/97 97/97/97 89/89/89 
f 97/97/97 89/89/89 89/89/89 
f 89/89/89 89/89/89 93/93/93 
f 89/89/89 91/91/91 93/93/93 
f 93/93/93 91/91/91 91/91/91 
f 91/91/91 92/92/92 91/91/91 
f 91/91/91 92/92/92 92/92/92 
f 92/92/92 98/98/98 92/92/92 
f 92/92/92 98/98/98 94/94/94 
f 98/98/98 99/99/99 94/94/94 
f 94/94/94 99/99/99 100/100/100 
f 99/99/99 101/101/101 100/100/100 
f 100/100/100 101/101/101 100/100/100 
f 101/101/101 102/102/102 100/100/100 
f 100/100/100 102/102/102 96/96/96 
f 102/102/102 103/103/103 96/96/96 
f 96/96/96 103/103/103 97/97/97 
f 103/103/103 97/97/97 97/97/97 
f 97/97/97 97/97/97 96/96/96 
f 97/97/97 96/96/96 96/96/96 
f 96/96/96 96/96/96 100/100/100 
f 96/96/96 95/95/95 100/100/100 
f 100/100/100 95/95/95 94/94/94 
f 95/95/95 94/94/94 94/94/94 
f 94/94/94 94/94/94 98/98/98 
f 94/94/94 98/98/98 98/98/98 
f 98/98/98 98/98/98 99/99/99 
f 98/98/98 104/104/104 99/99/99 
f 99/99/99 104/104/104 99/99/99 
f 104/104/104 105/105/105 99/99/99 
f 99/99/99 105/105/105 99/99/99 
f 105/105/105 106/106/106 99/99/99 
f 99/99/99 106/106/106 101/101/101 
f 106/106/106 101/101/101 101/101/101 
f 101/101/101 101/101/101 102/102/102 
f 101/101/101 102/102/102 102/102/102 
f 102/102/102 102/102/102 103/103/103 
f 102/102/102 107/107/107 103/103/103 
f 103/103/103 107/107/107 103/103/103 
f 107/107/107 108/108/108 103/103/103 
f 103/103/103 108/108/108 103/103/103 
f 108/108/108 109/109/109 103/103/103 
f 103/103/103 109/109/109 97/97/97 
f 109/109/109 110/110/110 97/97/97 
f 97/97/97 110/110/110 110/110/110 
f 110/110/110 111/111/111 110/110/110 
f 110/110/110 111/111/111 111/111/111 
f 111/111/111 112/112/112 111/111/111 
f 111/111/111 112/112/112 113/113/113 
f 112/112/112 114/114/114 113/113/113 
f 113/113/113 114/114/114 115/115/115 
f 114/114/114 115/115/115 115/115/115 
f 115/115/115 115/115/115 111/111/111 
f 115/115/115 111/111/111 111/111/111 
f 111/111/111 111/111/111 112/112/112 
f 111/111/111 116/116/116 112/112/112 
f 112/112/112 116/116/116 112/112/112 
f 116/116/116 117/117/117 112/112/112 
f 112/112/112 117/117/117 112/112/112 
f 117/117/117 118/118/118 112/112/112 
f 112/112/112 118/118/118 119/119/119 
f 118/118/118 120/120/120 119/119/119 
f 119/119/119 120/120/120 121/121/121 
f 120/120/120 122/122/122 121/121/121 
f 121/121/121 122/122/122 121/121/121 
f 122/122/122 123/123/123 121/121/121 
f 121/121/121 123/123/123 124/124/124 
f 123/123/123 125/125/125 124/124/124 
f 124/124/124 125/125/125 125/125/125 
f 125/125/125 112/112/112 125/125/125 
f 125/125/125 112/112/112 112/112/112 
f 112/112/112 119/119/119 112/112/112 
f 112/112/112 119/119/119 114/114/114 
f 119/119/119 126/126/126 114/114/114 
f 114/114/114 126/126/126 127/127/127 
f 126/126/126 126/126/126 127/127/127 
f 127/127/127 126/126/126 128/128/128 
f 126/126/126 124/124/124 128/128/128 
f 128/128/128 124/124/124 129/129/129 
f 124/124/124 125/125/125 129/129/129 
f 129/129/129 125/125/125 129/129/129 
f 125/125/125 130/130/130 129/129/129 
f 129/129/129 130/130/130 131/131/131 
f 130/130/130 132/132/132 131/131/131 
f 131/131/131 132/132/132 132/132/132 
f 132/132/132 124/124/124 132/132/132 
f 132/132/132 124/124/124 124/124/124 
f 124/124/124 126/126/126 124/124/124 
f 124/124/124 126/126/126 121/121/121 
f 126/126/126 119/119/119 121/121/121 
f 121/121/121 119/119/119 119/119/119 
f 119/119/119 114/114/114 119/119/119 
f 119/119/119 114/114/114 114/114/114 
f 114/114/114 127/127/127 114/114/114 
f 114/114/114 127/127/127 115/115/115 
f 127/127/127 133/133/133 115/115/115 
f 115/115/115 133/133/133 134/134/134 
f 133/133/133 133/133/133 134/134/134 
f 134/134/134 133/133/133 135/135/135 
f 133/133/133 136/136/136 135/135/135 
f 135/135/135 136/136/136 137/137/137 
f 136/136/136 136/136/136 137/137/137 
f 137/137/137 136/136/136 138/138/138 
f 136/136/136 136/136/136 138/138/138 
f 138/138/138 136/136/136 139/139/139 
f 136/136/136 140/140/140 139/139/139 
f 139/139/139 140/140/140 131/131/131 
f 140/140/140 140/140/140 131/131/131 
f 131/131/131 140/140/140 129/129/129 
f 140/140/140 140/140/140 129/129/129 
f 129/129/129 140/140/140 128/128/128 
f 140/140/140 133/133/133 128/128/128 
f 128/128/128 133/133/133 127/127/127 
f 133/133/133 127/127/127 127/127/127 
f 127/127/127 127/127/127 136/136/136 
f 127/127/127 136/136/136 136/136/136 
f 136/136/136 136/136/136 140/140/140 
f 136/136/136 133/133/133 140/140/140 
f 140/140/140 133/133/133 133/133/133 
f 133/133/133 141/141/141 133/133/133 
f 133/133/133 141/141/141 141/141/141 
f 141/141/141 142/142/142 141/141/141 
f 141/141/141 142/142/142 143/143/143 
f 142/142/142 144/144/144 143/143/143 
f 143/143/143 144/144/144 132/132/132 
f 144/144/144 144/144/144 132/132/132 
f 132/132/132 144/144/144 131/131/131 
f 144/144/144 144/144/144 131/131/131 
f 131/131/131 144/144/144 139/139/139 
f 144/144/144 145/145/145 139/139/139 
f 139/139/139 145/145/145 138/138/138 
f 145/145/145 138/138/138 138/138/138 
f 138/138/138 138/138/138 145/145/145 
f 138/138/138 145/145/145 145/145/145 
f 145/145/145 145/145/145 142/142/142 
f 145/145/145 144/144/144 142/142/142 
f 142/142/142 144/144/144 144/144/144 
f 144/144/144 146/146/146 144/144/144 
f 144/144/144 146/146/146 146/146/146 
f 146/146/146 147/147/147 146/146/146 
f 146/146/146 147/147/147 148/148/148 
f 147/147/147 149/149/149 148/148/148 
f 148/148/148 149/149/149 149/149/149 
f 149/149/149 146/146/146 149/149/149 
f 149/149/149 146/146/146 146/146/146 
f 146/146/146 148/148/148 146/146/146 
f 146/146/146 148/148/148 150/150/150 
f 148/148/148 151/151/151 150/150/150 
f 150/150/150 151/151/151 152/152/152 
f 151/151/151 153/153/153 152/152/152 
f 152/152/152 153/153/153 154/154/154 
f 153/153/153 153/153/153 154/154/154 
f 154/154/154 153/153/153 155/155/155 
f 153/153/153 153/153/153 155/155/155 
f 155/155/155 153/153/153 156/156/156 
f 153/153/153 153/153/153 156/156/156 
f 156/156/156 153/153/153 157/157/157 
f 153/153/153 158/158/158 157/157/157 
f 157/157/157 158/158/158 159/159/159 
f 158/158/158 159/159/159 159/159/159 
f 159/159/159 159/159/159 153/153/153 
f 159/159/159 153/153/153 153/153/153 
f 153/153/153 153/153/153 158/158/158 
f 153/153/153 151/151/151 158/158/158 
f 158/158/158 151/151/151 160/160/160 
f 151/151/151 148/148/148 160/160/160 
f 160/160/160 148/148/148 161/161/161 
f 148/148/148 149/149/149 161/161/161 
f 161/161/161 149/149/149 162/162/162 
f 149/149/149 147/147/147 162/162/162 
f 162/162/162 147/147/147 163/163/163 
f 147/147/147 164/164/164 163/163/163 
f 163/163/163 164/164/164 163/163/163 
f 164/164/164 165/165/165 163/163/163 
f 163/163/163 165/165/165 163/163/163 
f 165/165/165 166/166/166 163/163/163 
f 163/163/163 166/166/166 167/167/167 
f 166/166/166 168/168/168 167/167/167 
f 167/167/167 168/168/168 168/168/168 
f 168/168/168 163/163/163 168/168/168 
f 168/168/168 163/163/163 163/163/163 
f 163/163/163 167/167/167 163/163/163 
f 163/163/163 167/167/167 162/162/162 
f 167/167/167 169/169/169 162/162/162 
f 162/162/162 169/169/169 162/162/162 
f 169/169/169 170/170/170 162/162/162 
f 162/162/162 170/170/170 161/161/161 
f 170/170/170 171/171/171 161/161/161 
f 161/161/161 171/171/171 160/160/160 
f 171/171/171 172/172/172 160/160/160 
f 160/160/160 172/172/172 158/158/158 
f 172/172/172 172/172/172 158/158/158 
f 158/158/158 172/172/172 159/159/159 
f 172/172/172 172/172/172 159/159/159 
f 159/159/159 172/172/172 173/173/173 
f 172/172/172 172/172/172 173/173/173 
f 173/173/173 172/172/172 174/174/174 
f 172/172/172 171/171/171 174/174/174 
f 174/174/174 171/171/171 175/175/175 
f 171/171/171 170/170/170 175/175/175 
f 175/175/175 170/170/170 176/176/176 
f 170/170/170 169/169/169 176/176/176 
f 176/176/176 169/169/169 177/177/177 
f 169/169/169 167/167/167 177/177/177 
f 177/177/177 167/167/167 178/178/178 
f 167/167/167 167/167/167 178/178/178 
f 178/178/178 167/167/167 179/179/179 
f 167/167/167 168/168/168 179/179/179 
f 179/179/179 168/168/168 180/180/180 
f 168/168/168 181/181/181 180/180/180 
f 180/180/180 181/181/181 182/182/182 
f 181/181/181 183/183/183 182/182/182 
f 182/182/182 183/183/183 184/184/184 
f 183/183/183 184/184/184 184/184/184 
f 184/184/184 184/184/184 168/168/168 
f 184/184/184 168/168/168 168/168/168 
f 168/168/168 168/168/168 181/181/181 
f 168/168/168 166/166/166 181/181/181 
f 181/181/181 166/166/166 185/185/185 
f 166/166/166 186/186/186 185/185/185 
f 185/185/185 186/186/186 187/187/187 
f 186/186/186 165/165/165 187/187/187 
f 187/187/187 165/165/165 187/187/187 
f 165/165/165 188/188/188 187/187/187 
f 187/187/187 188/188/188 187/187/187 
f 188/188/188 189/189/189 187/187/187 
f 187/187/187 189/189/189 190/190/190 
f 189/189/189 191/191/191 190/190/190 
f 190/190/190 191/191/191 192/192/192 
f 191/191/191 193/193/193 192/192/192 
f 192/192/192 193/193/193 192/192/192 
f 193/193/193 194/194/194 192/192/192 
f 192/192/192 194/194/194 192/192/192 
f 194/194/194 195/195/195 192/192/192 
f 192/192/192 195/195/195 192/192/192 
f 195/195/195 196/196/196 192/192/192 
f 192/192/192 196/196/196 197/197/197 
f 196/196/196 198/198/198 197/197/197 
f 197/197/197 198/198/198 198/198/198 
f 198/198/198 181/181/181 198/198/198 
f 198/198/198 181/181/181 181/181/181 
f 181/181/181 185/185/185 181/181/181 
f 181/181/181 185/185/185 183/183/183 
f 185/185/185 199/199/199 183/183/183 
f 183/183/183 199/199/199 200/200/200 
f 199/199/199 197/197/197 200/200/200 
f 200/200/200 197/197/197 200/200/200 
f 197/197/197 198/198/198 200/200/200 
f 200/200/200 198/198/198 200/200/200 
f 198/198/198 201/201/201 200/200/200 
f 200/200/200 201/201/201 200/200/200 
f 201/201/201 184/184/184 200/200/200 
f 200/200/200 184/184/184 183/183/183 
f 184/184/184 183/183/183 183/183/183 
f 183/183/183 183/183/183 166/166/166 
f 183/183/183 166/166/166 166/166/166 
f 166/166/166 166/166/166 186/186/186 
f 166/166/166 165/165/165 186/186/186 
f 186/186/186 165/165/165 165/165/165 
f 165/165/165 192/192/192 165/165/165 
f 165/165/165 192/192/192 192/192/192 
f 192/192/192 197/197/197 192/192/192 
f 192/192/192 197/197/197 190/190/190 
f 197/197/197 199/199/199 190/190/190 
f 190/190/190 199/199/199 187/187/187 
f 199/199/199 185/185/185 187/187/187 
f 187/187/187 185/185/185 185/185/185 
f 185/185/185 202/202/202 185/185/185 
f 185/185/185 202/202/202 202/202/202 
f 202/202/202 203/203/203 202/202/202 
f 202/202/202 203/203/203 204/204/204 
f 203/203/203 205/205/205 204/204/204 
f 204/204/204 205/205/205 204/204/204 
f 205/205/205 206/206/206 204/204/204 
f 204/204/204 206/206/206 207/207/207 
f 206/206/206 208/208/208 207/207/207 
f 207/207/207 208/208/208 207/207/207 
f 208/208/208 209/209/209 207/207/207 
f 207/207/207 209/209/209 210/210/210 
f 209/209/209 211/211/211 210/210/210 
f 210/210/210 211/211/211 211/211/211 
f 211/211/211 202/202/202 211/211/211 
f 211/211/211 202/202/202 202/202/202 
f 202/202/202 204/204/204 202/202/202 
f 202/202/202 204/204/204 212/212/212 
f 204/204/204 213/213/213 212/212/212 
f 212/212/212 213/213/213 214/214/214 
f 213/213/213 210/210/210 214/214/214 
f 214/214/214 210/210/210 215/215/215 
f 210/210/210 211/211/211 215/215/215 
f 215/215/215 211/211/211 215/215/215 
f 211/211/211 216/216/216 215/215/215 
f 215/215/215 216/216/216 215/215/215 
f 216/216/216 217/217/217 215/215/215 
f 215/215/215 217/217/217 215/215/215 
f 217/217/217 218/218/218 215/215/215 
f 215/215/215 218/218/218 214/214/214 
f 218/218/218 219/219/219 214/214/214 
f 214/214/214 219/219/219 214/214/214 
f 219/219/219 220/220/220 214/214/214 
f 214/214/214 220/220/220 212/212/212 
f 220/220/220 212/212/212 212/212/212 
f 212/212/212 212/212/212 210/210/210 
f 212/212/212 210/210/210 210/210/210 
f 210/210/210 210/210/210 207/207/207 
f 210/210/210 213/213/213 207/207/207 
f 207/207/207 213/213/213 204/204/204 
f 213/213/213 204/204/204 204/204/204 
f 204/204/204 204/204/204 217/217/217 
f 204/204/204 217/217/217 217/217/217 
f 217/217/217 217/217/217 221/221/221 
f 217/217/217 216/216/216 221/221/221 
f 221/221/221 216/216/216 216/216/216 
f 216/216/216 222/222/222 216/216/216 
f 216/216/216 222/222/222 222/222/222 
f 222/222/222 223/223/223 222/222/222 
f 222/222/222 223/223/223 224/224/224 
f 223/223/223 225/225/225 224/224/224 
f 224/224/224 225/225/225 226/226/226 
f 225/225/225 227/227/227 226/226/226 
f 226/226/226 227/227/227 228/228/228 
f 227/227/227 228/228/228 228/228/228 
f 228/228/228 228/228/228 223/223/223 
f 228/228/228 223/223/223 223/223/223 
f 223/223/223 223/223/223 225/225/225 
f 223/223/223 229/229/229 225/225/225 
f 225/225/225 229/229/229 230/230/230 
f 229/229/229 231/231/231 230/230/230 
f 230/230/230 231/231/231 230/230/230 
f 231/231/231 232/232/232 230/230/230 
f 230/230/230 232/232/232 233/233/233 
f 232/232/232 234/234/234 233/233/233 
f 233/233/233 234/234/234 235/235/235 
f 234/234/234 236/236/236 235/235/235 
f 235/235/235 236/236/236 235/235/235 
f 236/236/236 237/237/237 235/235/235 
f 235/235/235 237/237/237 235/235/235 
f 237/237/237 238/238/238 235/235/235 
f 235/235/235 238/238/238 235/235/235 
f 238/238/238 239/239/239 235/235/235 
f 235/235/235 239/239/239 240/240/240 
f 239/239/239 241/241/241 240/240/240 
f 240/240/240 241/241/241 240/240/240 
f 241/241/241 228/228/228 240/240/240 
f 240/240/240 228/228/228 240/240/240 
f 228/228/228 227/227/227 240/240/240 
f 240/240/240 227/227/227 233/233/233 
f 227/227/227 227/227/227 233/233/233 
f 233/233/233 227/227/227 230/230/230 
f 227/227/227 225/225/225 230/230/230 
f 230/230/230 225/225/225 225/225/225 
f 225/225/225 233/233/233 225/225/225 
f 225/225/225 233/233/233 233/233/233 
f 233/233/233 235/235/235 233/233/233 
f 233/233/233 235/235/235 240/240/240 
f 235/235/235 240/240/240 240/240/240 
f 240/240/240 240/240/240 242/242/242 
f 240/240/240 242/242/242 242/242/242 
f 242/242/242 242/242/242 243/243/243 
f 242/242/242 244/244/244 243/243/243 
f 243/243/243 244/244/244 243/243/243 
f 244/244/244 245/245/245 243/243/243 
f 243/243/243 245/245/245 246/246/246 
f 245/245/245 247/247/247 246/246/246 
f 246/246/246 247/247/247 248/248/248 
f 247/247/247 249/249/249 248/248/248 
f 248/248/248 249/249/249 250/250/250 
f 249/249/249 249/249/249 250/250/250 
f 250/250/250 249/249/249 251/251/251 
f 249/249/249 252/252/252 251/251/251 
f 251/251/251 252/252/252 251/251/251 
f 252/252/252 253/253/253 251/251/251 
f 251/251/251 253/253/253 254/254/254 
f 253/253/253 253/253/253 254/254/254 
f 254/254/254 253/253/253 255/255/255 
f 253/253/253 256/256/256 255/255/255 
f 255/255/255 256/256/256 257/257/257 
f 256/256/256 258/258/258 257/257/257 
f 257/257/257 258/258/258 259/259/259 
f 258/258/258 260/260/260 259/259/259 
f 259/259/259 260/260/260 259/259/259 
f 260/260/260 261/261/261 259/259/259 
f 259/259/259 261/261/261 259/259/259 
f 261/261/261 262/262/262 259/259/259 
f 259/259/259 262/262/262 259/259/259 
f 262/262/262 263/263/263 259/259/259 
f 259/259/259 263/263/263 264/264/264 
f 263/263/263 265/265/265 264/264/264 
f 264/264/264 265/265/265 265/265/265 
f 265/265/265 259/259/259 265/265/265 
f 265/265/265 259/259/259 259/259/259 
f 259/259/259 264/264/264 259/259/259 
f 259/259/259 264/264/264 257/257/257 
f 264/264/264 266/266/266 257/257/257 
f 257/257/257 266/266/266 255/255/255 
f 266/266/266 267/267/267 255/255/255 
f 255/255/255 267/267/267 254/254/254 
f 267/267/267 268/268/268 254/254/254 
f 254/254/254 268/268/268 254/254/254 
f 268/268/268 269/269/269 254/254/254 
f 254/254/254 269/269/269 251/251/251 
f 269/269/269 269/269/269 251/251/251 
f 251/251/251 269/269/269 250/250/250 
f 269/269/269 269/269/269 250/250/250 
f 250/250/250 269/269/269 270/270/270 
f 269/269/269 269/269/269 270/270/270 
f 270/270/270 269/269/269 271/271/271 
f 269/269/269 268/268/268 271/271/271 
f 271/271/271 268/268/268 272/272/272 
f 268/268/268 268/268/268 272/272/272 
f 272/272/272 268/268/268 273/273/273 
f 268/268/268 267/267/267 273/273/273 
f 273/273/273 267/267/267 274/274/274 
f 267/267/267 266/266/266 274/274/274 
f 274/274/274 266/266/266 275/275/275 
f 266/266/266 264/264/264 275/275/275 
f 275/275/275 264/264/264 275/275/275 
f 264/264/264 265/265/265 275/275/275 
f 275/275/275 265/265/265 275/275/275 
f 265/265/265 276/276/276 275/275/275 
f 275/275/275 276/276/276 275/275/275 
f 276/276/276 277/277/277 275/275/275 
f 275/275/275 277/277/277 274/274/274 
f 277/277/277 278/278/278 274/274/274 
f 274/274/274 278/278/278 273/273/273 
f 278/278/278 279/279/279 273/273/273 
f 273/273/273 279/279/279 272/272/272 
f 279/279/279 280/280/280 272/272/272 
f 272/272/272 280/280/280 280/280/280 
f 280/280/280 271/271/271 280/280/280 
f 280/280/280 271/271/271 271/271/271 
f 271/271/271 281/281/281 271/271/271 
f 271/271/271 281/281/281 270/270/270 
f 281/281/281 281/281/281 270/270/270 
f 270/270/270 281/281/281 282/282/282 
f 281/281/281 283/283/283 282/282/282 
f 282/282/282 283/283/283 282/282/282 
f 283/283/283 284/284/284 282/282/282 
f 282/282/282 284/284/284 285/285/285 
f 284/284/284 286/286/286 285/285/285 
f 285/285/285 286/286/286 286/286/286 
f 286/286/286 281/281/281 286/286/286 
f 286/286/286 281/281/281 281/281/281 
f 281/281/281 287/287/287 281/281/281 
f 281/281/281 287/287/287 283/283/283 
f 287/287/287 283/283/283 283/283/283 
f 283/283/283 283/283/283 243/243/243 
f 283/283/283 243/243/243 243/243/243 
f 243/243/243 243/243/243 242/242/242 
f 243/243/243 288/288/288 242/242/242 
f 242/242/242 288/288/288 289/289/289 
f 288/288/288 289/289/289 289/289/289 
f 289/289/289 289/289/289 243/243/243 
f 289/289/289 243/243/243 243/243/243 
f 243/243/243 243/243/243 288/288/288 
f 243/243/243 246/246/246 288/288/288 
f 288/288/288 246/246/246 246/246/246 
f 246/246/246 285/285/285 246/246/246 
f 246/246/246 285/285/285 285/285/285 
f 285/285/285 290/290/290 285/285/285 
f 285/285/285 290/290/290 282/282/282 
f 290/290/290 290/290/290 282/282/282 
f 282/282/282 290/290/290 270/270/270 
f 290/290/290 290/290/290 270/270/270 
f 270/270/270 290/290/290 250/250/250 
f 290/290/290 290/290/290 250/250/250 
f 250/250/250 290/290/290 248/248/248 
f 290/290/290 291/291/291 248/248/248 
f 248/248/248 291/291/291 246/246/246 
f 291/291/291 246/246/246 246/246/246 
f 246/246/246 246/246/246 290/290/290 
f 246/246/246 290/290/290 290/290/290 
f 290/290/290 290/290/290 291/291/291 
f 290/290/290 285/285/285 291/291/291 
f 291/291/291 285/285/285 292/292/292 
f 285/285/285 286/286/286 292/292/292 
f 292/292/292 286/286/286 292/292/292 
f 286/286/286 293/293/293 292/292/292 
f 292/292/292 293/293/293 292/292/292 
f 293/293/293 294/294/294 292/292/292 
f 292/292/292 294/294/294 295/295/295 
f 294/294/294 296/296/296 295/295/295 
f 295/295/295 296/296/296 295/295/295 
f 296/296/296 289/289/289 295/295/295 
f 295/295/295 289/289/289 295/295/295 
f 289/289/289 288/288/288 295/295/295 
f 295/295/295 288/288/288 295/295/295 
f 288/288/288 246/246/246 295/295/295 
f 295/295/295 246/246/246 295/295/295 
f 246/246/246 291/291/291 295/295/295 
f 295/295/295 291/291/291 292/292/292 
f 291/291/291 292/292/292 292/292/292 
f 292/292/292 292/292/292 297/297/297 
f 292/292/292 297/297/297 297/297/297 
f 297/297/297 297/297/297 298/298/298 
f 297/297/297 299/299/299 298/298/298 
f 298/298/298 299/299/299 298/298/298 
f 299/299/299 300/300/300 298/298/298 
f 298/298/298 300/300/300 298/298/298 
f 300/300/300 301/301/301 298/298/298 
f 298/298/298 301/301/301 302/302/302 
f 301/301/301 303/303/303 302/302/302 
f 302/302/302 303/303/303 304/304/304 
f 303/303/303 305/305/305 304/304/304 
f 304/304/304 305/305/305 305/305/305 
f 305/305/305 298/298/298 305/305/305 
f 305/305/305 298/298/298 298/298/298 
f 298/298/298 302/302/302 298/298/298 
f 298/298/298 302/302/302 306/306/306 
f 302/302/302 302/302/302 306/306/306 
f 306/306/306 302/302/302 307/307/307 
f 302/302/302 308/308/308 307/307/307 
f 307/307/307 308/308/308 309/309/309 
f 308/308/308 308/308/308 309/309/309 
f 309/309/309 308/308/308 310/310/310 
f 308/308/308 308/308/308 310/310/310 
f 310/310/310 308/308/308 311/311/311 
f 308/308/308 304/304/304 311/311/311 
f 311/311/311 304/304/304 311/311/311 
f 304/304/304 305/305/305 311/311/311 
f 311/311/311 305/305/305 311/311/311 
f 305/305/305 312/312/312 311/311/311 
f 311/311/311 312/312/312 313/313/313 
f 312/312/312 314/314/314 313/313/313 
f 313/313/313 314/314/314 313/313/313 
f 314/314/314 315/315/315 313/313/313 
f 313/313/313 315/315/315 313/313/313 
f 315/315/315 316/316/316 313/313/313 
f 313/313/313 316/316/316 311/311/311 
f 316/316/316 310/310/310 311/311/311 
f 311/311/311 310/310/310 310/310/310 
f 310/310/310 304/304/304 310/310/310 
f 310/310/310 304/304/304 304/304/304 
f 304/304/304 308/308/308 304/304/304 
f 304/304/304 308/308/308 302/302/302 
f 308/308/308 302/302/302 302/302/302 
f 302/302/302 302/302/302 317/317/317 
f 302/302/302 317/317/317 317/317/317 
f 317/317/317 317/317/317 318/318/318 
f 317/317/317 319/319/319 318/318/318 
f 318/318/318 319/319/319 320/320/320 
f 319/319/319 319/319/319 320/320/320 
f 320/320/320 319/319/319 321/321/321 
f 319/319/319 319/319/319 321/321/321 
f 321/321/321 319/319/319 322/322/322 
f 319/319/319 323/323/323 322/322/322 
f 322/322/322 323/323/323 324/324/324 
f 323/323/323 323/323/323 324/324/324 
f 324/324/324 323/323/323 325/325/325 
f 323/323/323 326/326/326 325/325/325 
f 325/325/325 326/326/326 327/327/327 
f 326/326/326 326/326/326 327/327/327 
f 327/327/327 326/326/326 317/317/317 
f 326/326/326 323/323/323 317/317/317 
f 317/317/317 323/323/323 319/319/319 
f 323/323/323 319/319/319 319/319/319 
f 319/319/319 319/319/319 322/322/322 
f 319/319/319 322/322/322 322/322/322 
f 322/322/322 322/322/322 328/328/328 
f 322/322/322 324/324/324 328/328/328 
f 328/328/328 324/324/324 328/328/328 
f 324/324/324 329/329/329 328/328/328 
f 328/328/328 329/329/329 330/330/330 
f 329/329/329 329/329/329 330/330/330 
f 330/330/330 329/329/329 331/331/331 
f 329/329/329 332/332/332 331/331/331 
f 331/331/331 332/332/332 333/333/333 
f 332/332/332 332/332/332 333/333/333 
f 333/333/333 332/332/332 334/334/334 
f 332/332/332 329/329/329 334/334/334 
f 334/334/334 329/329/329 334/334/334 
f 329/329/329 324/324/324 334/334/334 
f 334/334/334 324/324/324 325/325/325 
f 324/324/324 325/325/325 325/325/325 
f 325/325/325 325/325/325 333/333/333 
f 325/325/325 333/333/333 333/333/333 
f 333/333/333 333/333/333 331/331/331 
f 333/333/333 335/335/335 331/331/331 
f 331/331/331 335/335/335 335/335/335 
f 335/335/335 336/336/336 335/335/335 
f 335/335/335 336/336/336 336/336/336 
f 336/336/336 337/337/337 336/336/336 
f 336/336/336 337/337/337 338/338/338 
f 337/337/337 337/337/337 338/338/338 
f 338/338/338 337/337/337 339/339/339 
f 337/337/337 340/340/340 339/339/339 
f 339/339/339 340/340/340 341/341/341 
f 340/340/340 342/342/342 341/341/341 
f 341/341/341 342/342/342 343/343/343 
f 342/342/342 342/342/342 343/343/343 
f 343/343/343 342/342/342 336/336/336 
f 342/342/342 342/342/342 336/336/336 
f 336/336/336 342/342/342 337/337/337 
f 342/342/342 340/340/340 337/337/337 
f 337/337/337 340/340/340 340/340/340 
f 340/340/340 344/344/344 340/340/340 
f 340/340/340 344/344/344 344/344/344 
f 344/344/344 345/345/345 344/344/344 
f 344/344/344 345/345/345 346/346/346 
f 345/345/345 347/347/347 346/346/346 
f 346/346/346 347/347/347 347/347/347 
f 347/347/347 344/344/344 347/347/347 
f 347/347/347 344/344/344 344/344/344 
f 344/344/344 348/348/348 344/344/344 
f 344/344/344 348/348/348 345/345/345 
f 348/348/348 348/348/348 345/345/345 
f 345/345/345 348/348/348 349/349/349 
f 348/348/348 350/350/350 349/349/349 
f 349/349/349 350/350/350 351/351/351 
f 350/350/350 352/352/352 351/351/351 
f 351/351/351 352/352/352 351/351/351 
f 352/352/352 353/353/353 351/351/351 
f 351/351/351 353/353/353 354/354/354 
f 353/353/353 355/355/355 354/354/354 
f 354/354/354 355/355/355 355/355/355 
f 355/355/355 354/354/354 355/355/355 
f 355/355/355 354/354/354 354/354/354 
f 354/354/354 356/356/356 354/354/354 
f 354/354/354 356/356/356 351/351/351 
f 356/356/356 356/356/356 351/351/351 
f 351/351/351 356/356/356 349/349/349 
f 356/356/356 357/357/357 349/349/349 
f 349/349/349 357/357/357 345/345/345 
f 357/357/357 358/358/358 345/345/345 
f 345/345/345 358/358/358 347/347/347 
f 358/358/358 358/358/358 347/347/347 
f 347/347/347 358/358/358 359/359/359 
f 358/358/358 360/360/360 359/359/359 
f 359/359/359 360/360/360 359/359/359 
f 360/360/360 361/361/361 359/359/359 
f 359/359/359 361/361/361 362/362/362 
f 361/361/361 363/363/363 362/362/362 
f 362/362/362 363/363/363 364/364/364 
f 363/363/363 363/363/363 364/364/364 
f 364/364/364 363/363/363 365/365/365 
f 363/363/363 363/363/363 365/365/365 
f 365/365/365 363/363/363 366/366/366 
f 363/363/363 363/363/363 366/366/366 
f 366/366/366 363/363/363 367/367/367 
f 363/363/363 368/368/368 367/367/367 
f 367/367/367 368/368/368 369/369/369 
f 368/368/368 370/370/370 369/369/369 
f 369/369/369 370/370/370 369/369/369 
f 370/370/370 371/371/371 369/369/369 
f 369/369/369 371/371/371 372/372/372 
f 371/371/371 371/371/371 372/372/372 
f 372/372/372 371/371/371 373/373/373 
f 371/371/371 371/371/371 373/373/373 
f 373/373/373 371/371/371 374/374/374 
f 371/371/371 375/375/375 374/374/374 
f 374/374/374 375/375/375 376/376/376 
f 375/375/375 376/376/376 376/376/376 
f 376/376/376 376/376/376 363/363/363 
f 376/376/376 363/363/363 363/363/363 
f 363/363/363 363/363/363 368/368/368 
f 363/363/363 361/361/361 368/368/368 
f 368/368/368 361/361/361 377/377/377 
f 361/361/361 360/360/360 377/377/377 
f 377/377/377 360/360/360 378/378/378 
f 360/360/360 358/358/358 378/378/378 
f 378/378/378 358/358/358 378/378/378 
f 358/358/358 357/357/357 378/378/378 
f 378/378/378 357/357/357 379/379/379 
f 357/357/357 356/356/356 379/379/379 
f 379/379/379 356/356/356 380/380/380 
f 356/356/356 354/354/354 380/380/380 
f 380/380/380 354/354/354 354/354/354 
f 354/354/354 368/368/368 354/354/354 
f 354/354/354 368/368/368 368/368/368 
f 368/368/368 377/377/377 368/368/368 
f 368/368/368 377/377/377 370/370/370 
f 377/377/377 381/381/381 370/370/370 
f 370/370/370 381/381/381 370/370/370 
f 381/381/381 375/375/375 370/370/370 
f 370/370/370 375/375/375 371/371/371 
f 375/375/375 371/371/371 371/371/371 
f 371/371/371 371/371/371 377/377/377 
f 371/371/371 377/377/377 377/377/377 
f 377/377/377 377/377/377 381/381/381 
f 377/377/377 378/378/378 381/381/381 
f 381/381/381 378/378/378 379/379/379 
f 378/378/378 379/379/379 379/379/379 
f 379/379/379 379/379/379 379/379/379 
f 379/379/379 379/379/379 379/379/379 
f 379/379/379 379/379/379 382/382/382 
f 379/379/379 380/380/380 382/382/382 
f 382/382/382 380/380/380 383/383/383 
f 380/380/380 384/384/384 383/383/383 
f 383/383/383 384/384/384 355/355/355 
f 384/384/384 384/384/384 355/355/355 
f 355/355/355 384/384/384 354/354/354 
f 384/384/384 380/380/380 354/354/354 
f 354/354/354 380/380/380 380/380/380 
f 380/380/380 382/382/382 380/380/380 
f 380/380/380 382/382/382 382/382/382 
f 382/382/382 383/383/383 382/382/382 
f 382/382/382 383/383/383 385/385/385 
f 383/383/383 386/386/386 385/385/385 
f 385/385/385 386/386/386 387/387/387 
f 386/386/386 387/387/387 387/387/387 
f 387/387/387 387/387/387 383/383/383 
f 387/387/387 383/383/383 383/383/383 
f 383/383/383 383/383/383 386/386/386 
f 383/383/383 355/355/355 386/386/386 
f 386/386/386 355/355/355 355/355/355 
f 355/355/355 388/388/388 355/355/355 
f 355/355/355 388/388/388 388/388/388 
f 388/388/388 389/389/389 388/388/388 
f 388/388/388 389/389/389 390/390/390 
f 389/389/389 389/389/389 390/390/390 
f 390/390/390 389/389/389 391/391/391 
f 389/389/389 389/389/389 391/391/391 
f 391/391/391 389/389/389 392/392/392 
f 389/389/389 393/393/393 392/392/392 
f 392/392/392 393/393/393 394/394/394 
f 393/393/393 395/395/395 394/394/394 
f 394/394/394 395/395/395 394/394/394 
f 395/395/395 396/396/396 394/394/394 
f 394/394/394 396/396/396 397/397/397 
f 396/396/396 398/398/398 397/397/397 
f 397/397/397 398/398/398 399/399/399 
f 398/398/398 398/398/398 399/399/399 
f 399/399/399 398/398/398 400/400/400 
f 398/398/398 398/398/398 400/400/400 
f 400/400/400 398/398/398 401/401/401 
f 398/398/398 398/398/398 401/401/401 
f 401/401/401 398/398/398 402/402/402 
f 398/398/398 403/403/403 402/402/402 
f 402/402/402 403/403/403 404/404/404 
f 403/403/403 404/404/404 404/404/404 
f 404/404/404 404/404/404 398/398/398 
f 404/404/404 398/398/398 398/398/398 
f 398/398/398 398/398/398 403/403/403 
f 398/398/398 396/396/396 403/403/403 
f 403/403/403 396/396/396 405/405/405 
f 396/396/396 395/395/395 405/405/405 
f 405/405/405 395/395/395 406/406/406 
f 395/395/395 393/393/393 406/406/406 
f 406/406/406 393/393/393 407/407/407 
f 393/393/393 389/389/389 407/407/407 
f 407/407/407 389/389/389 408/408/408 
f 389/389/389 388/388/388 408/408/408 
f 408/408/408 388/388/388 408/408/408 
f 388/388/388 409/409/409 408/408/408 
f 408/408/408 409/409/409 410/410/410 
f 409/409/409 411/411/411 410/410/410 
f 410/410/410 411/411/411 412/412/412 
f 411/411/411 413/413/413 412/412/412 
f 412/412/412 413/413/413 413/413/413 
f 413/413/413 412/412/412 413/413/413 
f 413/413/413 412/412/412 412/412/412 
f 412/412/412 414/414/414 412/412/412 
f 412/412/412 414/414/414 410/410/410 
f 414/414/414 415/415/415 410/410/410 
f 410/410/410 415/415/415 408/408/408 
f 415/415/415 415/415/415 408/408/408 
f 408/408/408 415/415/415 407/407/407 
f 415/415/415 416/416/416 407/407/407 
f 407/407/407 416/416/416 406/406/406 
f 416/416/416 417/417/417 406/406/406 
f 406/406/406 417/417/417 405/405/405 
f 417/417/417 418/418/418 405/405/405 
f 405/405/405 418/418/418 403/403/403 
f 418/418/418 418/418/418 403/403/403 
f 403/403/403 418/418/418 404/404/404 
f 418/418/418 418/418/418 404/404/404 
f 404/404/404 418/418/418 419/419/419 
f 418/418/418 418/418/418 419/419/419 
f 419/419/419 418/418/418 420/420/420 
f 418/418/418 417/417/417 420/420/420 
f 420/420/420 417/417/417 421/421/421 
f 417/417/417 416/416/416 421/421/421 
f 421/421/421 416/416/416 422/422/422 
f 416/416/416 415/415/415 422/422/422 
f 422/422/422 415/415/415 414/414/414 
f 415/415/415 414/414/414 414/414/414 
f 414/414/414 414/414/414 423/423/423 
f 414/414/414 423/423/423 423/423/423 
f 423/423/423 423/423/423 424/424/424 
f 423/423/423 425/425/425 424/424/424 
f 424/424/424 425/425/425 426/426/426 
f 425/425/425 427/427/427 426/426/426 
f 426/426/426 427/427/427 427/427/427 
f 427/427/427 423/423/423 427/427/427 
f 427/427/427 423/423/423 423/423/423 
f 423/423/423 428/428/428 423/423/423 
f 423/423/423 428/428/428 425/425/425 
f 428/428/428 428/428/428 425/425/425 
f 425/425/425 428/428/428 429/429/429 
f 428/428/428 430/430/430 429/429/429 
f 429/429/429 430/430/430 431/431/431 
f 430/430/430 432/432/432 431/431/431 
f 431/431/431 432/432/432 431/431/431 
f 432/432/432 433/433/433 431/431/431 
f 431/431/431 433/433/433 434/434/434 
f 433/433/433 435/435/435 434/434/434 
f 434/434/434 435/435/435 436/436/436 
f 435/435/435 437/437/437 436/436/436 
f 436/436/436 437/437/437 437/437/437 
f 437/437/437 436/436/436 437/437/437 
f 437/437/437 436/436/436 436/436/436 
f 436/436/436 438/438/438 436/436/436 
f 436/436/436 438/438/438 434/434/434 
f 438/438/438 439/439/439 434/434/434 
f 434/434/434 439/439/439 431/431/431 
f 439/439/439 439/439/439 431/431/431 
f 431/431/431 439/439/439 429/429/429 
f 439/439/439 440/440/440 429/429/429 
f 429/429/429 440/440/440 425/425/425 
f 440/440/440 440/440/440 425/425/425 
f 425/425/425 440/440/440 427/427/427 
f 440/440/440 440/440/440 427/427/427 
f 427/427/427 440/440/440 441/441/441 
f 440/440/440 440/440/440 441/441/441 
f 441/441/441 440/440/440 442/442/442 
f 440/440/440 439/439/439 442/442/442 
f 442/442/442 439/439/439 438/438/438 
f 439/439/439 438/438/438 438/438/438 
f 438/438/438 438/438/438 443/443/443 
f 438/438/438 443/443/443 443/443/443 
f 443/443/443 443/443/443 444/444/444 
f 443/443/443 445/445/445 444/444/444 
f 444/444/444 445/445/445 446/446/446 
f 445/445/445 447/447/447 446/446/446 
f 446/446/446 447/447/447 447/447/447 
f 447/447/447 443/443/443 447/447/447 
f 447/447/447 443/443/443 443/443/443 
f 443/443/443 448/448/448 443/443/443 
f 443/443/443 448/448/448 445/445/445 
f 448/448/448 448/448/448 445/445/445 
f 445/445/445 448/448/448 449/449/449 
f 448/448/448 450/450/450 449/449/449 
f 449/449/449 450/450/450 451/451/451 
f 450/450/450 452/452/452 451/451/451 
f 451/451/451 452/452/452 451/451/451 
f 452/452/452 453/453/453 451/451/451 
f 451/451/451 453/453/453 454/454/454 
f 453/453/453 455/455/455 454/454/454 
f 454/454/454 455/455/455 456/456/456 
f 455/455/455 457/457/457 456/456/456 
f 456/456/456 457/457/457 457/457/457 
f 457/457/457 456/456/456 457/457/457 
f 457/457/457 456/456/456 456/456/456 
f 456/456/456 458/458/458 456/456/456 
f 456/456/456 458/458/458 454/454/454 
f 458/458/458 459/459/459 454/454/454 
f 454/454/454 459/459/459 451/451/451 
f 459/459/459 459/459/459 451/451/451 
f 451/451/451 459/459/459 449/449/449 
f 459/459/459 460/460/460 449/449/449 
f 449/449/449 460/460/460 445/445/445 
f 460/460/460 460/460/460 445/445/445 
f 445/445/445 460/460/460 447/447/447 
f 460/460/460 460/460/460 447/447/447 
f 447/447/447 460/460/460 461/461/461 
f 460/460/460 460/460/460 461/461/461 
f 461/461/461 460/460/460 462/462/462 
f 460/460/460 459/459/459 462/462/462 
f 462/462/462 459/459/459 458/458/458 
f 459/459/459 458/458/458 458/458/458 
f 458/458/458 458/458/458 463/463/463 
f 458/458/458 463/463/463 463/463/463 
f 463/463/463 463/463/463 464/464/464 
f 463/463/463 465/465/465 464/464/464 
f 464/464/464 465/465/465 466/466/466 
f 465/465/465 465/465/465 466/466/466 
f 466/466/466 465/465/465 467/467/467 
f 465/465/465 468/468/468 467/467/467 
f 467/467/467 468/468/468 469/469/469 
f 468/468/468 470/470/470 469/469/469 
f 469/469/469 470/470/470 471/471/471 
f 470/470/470 471/471/471 471/471/471 
f 471/471/471 471/471/471 465/465/465 
f 471/471/471 465/465/465 465/465/465 
f 465/465/465 465/465/465 468/468/468 
f 465/465/465 472/472/472 468/468/468 
f 468/468/468 472/472/472 468/468/468 
f 472/472/472 473/473/473 468/468/468 
f 468/468/468 473/473/473 474/474/474 
f 473/473/473 475/475/475 474/474/474 
f 474/474/474 475/475/475 474/474/474 
f 475/475/475 476/476/476 474/474/474 
f 474/474/474 476/476/476 474/474/474 
f 476/476/476 477/477/477 474/474/474 
f 474/474/474 477/477/477 470/470/470 
f 477/477/477 477/477/477 470/470/470 
f 470/470/470 477/477/477 471/471/471 
f 477/477/477 477/477/477 471/471/471 
f 471/471/471 477/477/477 478/478/478 
f 477/477/477 479/479/479 478/478/478 
f 478/478/478 479/479/479 480/480/480 
f 479/479/479 479/479/479 480/480/480 
f 480/480/480 479/479/479 481/481/481 
f 479/479/479 479/479/479 481/481/481 
f 481/481/481 479/479/479 482/482/482 
f 479/479/479 477/477/477 482/482/482 
f 482/482/482 477/477/477 476/476/476 
f 477/477/477 476/476/476 476/476/476 
f 476/476/476 476/476/476 470/470/470 
f 476/476/476 470/470/470 470/470/470 
f 470/470/470 470/470/470 474/474/474 
f 470/470/470 468/468/468 474/474/474 
f 474/474/474 468/468/468 468/468/468 
f 468/468/468 483/483/483 468/468/468 
f 468/468/468 483/483/483 483/483/483 
f 483/483/483 484/484/484 483/483/483 
f 483/483/483 484/484/484 485/485/485 
f 484/484/484 486/486/486 485/485/485 
f 485/485/485 486/486/486 485/485/485 
f 486/486/486 487/487/487 485/485/485 
f 485/485/485 487/487/487 485/485/485 
f 487/487/487 488/488/488 485/485/485 
f 485/485/485 488/488/488 489/489/489 
f 488/488/488 490/490/490 489/489/489 
f 489/489/489 490/490/490 489/489/489 
f 490/490/490 491/491/491 489/489/489 
f 489/489/489 491/491/491 492/492/492 
f 491/491/491 493/493/493 492/492/492 
f 492/492/492 493/493/493 492/492/492 
f 493/493/493 483/483/483 492/492/492 
f 492/492/492 483/483/483 489/489/489 
f 483/483/483 485/485/485 489/489/489 
f 489/489/489 485/485/485 485/485/485 
f 485/485/485 488/488/488 485/485/485 
f 485/485/485 488/488/488 488/488/488 
f 488/488/488 494/494/494 488/488/488 
f 488/488/488 494/494/494 490/490/490 
f 494/494/494 494/494/494 490/490/490 
f 490/490/490 494/494/494 495/495/495 
f 494/494/494 496/496/496 495/495/495 
f 495/495/495 496/496/496 495/495/495 
f 496/496/496 497/497/497 495/495/495 
f 495/495/495 497/497/497 498/498/498 
f 497/497/497 499/499/499 498/498/498 
f 498/498/498 499/499/499 498/498/498 
f 499/499/499 500/500/500 498/498/498 
f 498/498/498 500/500/500 495/495/495 
f 500/500/500 500/500/500 495/495/495 
f 495/495/495 500/500/500 490/490/490 
f 500/500/500 491/491/491 490/490/490 
f 490/490/490 491/491/491 491/491/491 
f 491/491/491 499/499/499 491/491/491 
f 491/491/491 499/499/499 499/499/499 
f 499/499/499 497/497/497 499/499/499 
f 499/499/499 497/497/497 501/501/501 
f 497/497/497 501/501/501 501/501/501 
f 501/501/501 501/501/501 502/502/502 
f 501/501/501 502/502/502 502/502/502 
f 502/502/502 502/502/502 503/503/503 
f 502/502/502 504/504/504 503/503/503 
f 503/503/503 504/504/504 503/503/503 
f 504/504/504 505/505/505 503/503/503 
f 503/503/503 505/505/505 506/506/506 
f 505/505/505 507/507/507 506/506/506 
f 506/506/506 507/507/507 508/508/508 
f 507/507/507 509/509/509 508/508/508 
f 508/508/508 509/509/509 508/508/508 
f 509/509/509 502/502/502 508/508/508 
f 508/508/508 502/502/502 508/508/508 
f 502/502/502 503/503/503 508/508/508 
f 508/508/508 503/503/503 506/506/506 
f 503/503/503 506/506/506 506/506/506 
f 506/506/506 506/506/506 510/510/510 
f 506/506/506 510/510/510 510/510/510 
f 510/510/510 510/510/510 511/511/511 
f 510/510/510 512/512/512 511/511/511 
f 511/511/511 512/512/512 511/511/511 
f 512/512/512 513/513/513 511/511/511 
f 511/511/511 513/513/513 514/514/514 
f 513/513/513 515/515/515 514/514/514 
f 514/514/514 515/515/515 516/516/516 
f 515/515/515 515/515/515 516/516/516 
f 516/516/516 515/515/515 517/517/517 
f 515/515/515 515/515/515 517/517/517 
f 517/517/517 515/515/515 518/518/518 
f 515/515/515 519/519/519 518/518/518 
f 518/518/518 519/519/519 520/520/520 
f 519/519/519 520/520/520 520/520/520 
f 520/520/520 520/520/520 513/513/513 
f 520/520/520 513/513/513 513/513/513 
f 513/513/513 513/513/513 515/515/515 
f 513/513/513 519/519/519 515/515/515 
f 515/515/515 519/519/519 519/519/519 
f 519/519/519 512/512/512 519/519/519 
f 519/519/519 512/512/512 512/512/512 
f 512/512/512 510/510/510 512/512/512 
f 512/512/512 510/510/510 521/521/521 
f 510/510/510 521/521/521 521/521/521 
f 521/521/521 521/521/521 514/514/514 
f 521/521/521 514/514/514 514/514/514 
f 514/514/514 514/514/514 522/522/522 
f 514/514/514 516/516/516 522/522/522 
f 522/522/522 516/516/516 522/522/522 
f 516/516/516 523/523/523 522/522/522 
f 522/522/522 523/523/523 524/524/524 
f 523/523/523 525/525/525 524/524/524 
f 524/524/524 525/525/525 526/526/526 
f 525/525/525 525/525/525 526/526/526 
f 526/526/526 525/525/525 527/527/527 
f 525/525/525 528/528/528 527/527/527 
f 527/527/527 528/528/528 529/529/529 
f 528/528/528 523/523/523 529/529/529 
f 529/529/529 523/523/523 529/529/529 
f 523/523/523 516/516/516 529/529/529 
f 529/529/529 516/516/516 529/529/529 
f 516/516/516 517/517/517 529/529/529 
f 529/529/529 517/517/517 530/530/530 
f 517/517/517 517/517/517 530/530/530 
f 530/530/530 517/517/517 531/531/531 
f 517/517/517 518/518/518 531/531/531 
f 531/531/531 518/518/518 532/532/532 
f 518/518/518 520/520/520 532/532/532 
f 532/532/532 520/520/520 533/533/533 
f 520/520/520 533/533/533 533/533/533 
f 533/533/533 533/533/533 523/523/523 
f 533/533/533 523/523/523 523/523/523 
f 523/523/523 523/523/523 525/525/525 
f 523/523/523 528/528/528 525/525/525 
f 525/525/525 528/528/528 528/528/528 
f 528/528/528 529/529/529 528/528/528 
f 528/528/528 529/529/529 529/529/529 
f 529/529/529 530/530/530 529/529/529 
f 529/529/529 530/530/530 527/527/527 
f 530/530/530 527/527/527 527/527/527 
f 527/527/527 527/527/527 534/534/534 
f 527/527/527 534/534/534 534/534/534 
f 534/534/534 534/534/534 535/535/535 
f 534/534/534 536/536/536 535/535/535 
f 535/535/535 536/536/536 537/537/537 
f 536/536/536 538/538/538 537/537/537 
f 537/537/537 538/538/538 537/537/537 
f 538/538/538 539/539/539 537/537/537 
f 537/537/537 539/539/539 540/540/540 
f 539/539/539 541/541/541 540/540/540 
f 540/540/540 541/541/541 542/542/542 
f 541/541/541 543/543/543 542/542/542 
f 542/542/542 543/543/543 543/543/543 
f 543/543/543 535/535/535 543/543/543 
f 543/543/543 535/535/535 535/535/535 
f 535/535/535 537/537/537 535/535/535 
f 535/535/535 537/537/537 544/544/544 
f 537/537/537 540/540/540 544/544/544 
f 544/544/544 540/540/540 545/545/545 
f 540/540/540 542/542/542 545/545/545 
f 545/545/545 542/542/542 542/542/542 
f 542/542/542 546/546/546 542/542/542 
f 542/542/542 546/546/546 546/546/546 
f 546/546/546 547/547/547 546/546/546 
f 546/546/546 547/547/547 548/548/548 
f 547/547/547 549/549/549 548/548/548 
f 548/548/548 549/549/549 549/549/549 
f 549/549/549 550/550/550 549/549/549 
f 549/549/549 550/550/550 550/550/550 
f 550/550/550 551/551/551 550/550/550 
f 550/550/550 551/551/551 552/552/552 
f 551/551/551 553/553/553 552/552/552 
f 552/552/552 553/553/553 553/553/553 
f 553/553/553 554/554/554 553/553/553 
f 553/553/553 554/554/554 554/554/554 
f 554/554/554 555/555/555 554/554/554 
f 554/554/554 555/555/555 556/556/556 
f 555/555/555 557/557/557 556/556/556 
f 556/556/556 557/557/557 558/558/558 
f 557/557/557 559/559/559 558/558/558 
f 558/558/558 559/559/559 560/560/560 
f 559/559/559 561/561/561 560/560/560 
f 560/560/560 561/561/561 562/562/562 
f 561/561/561 563/563/563 562/562/562 
f 562/562/562 563/563/563 563/563/563 
f 563/563/563 564/564/564 563/563/563 
f 563/563/563 564/564/564 564/564/564 
f 564/564/564 565/565/565 564/564/564 
f 564/564/564 565/565/565 566/566/566 
f 565/565/565 567/567/567 566/566/566 
f 566/566/566 567/567/567 567/567/567 
f 567/567/567 568/568/568 567/567/567 
f 567/567/567 568/568/568 568/568/568 
f 568/568/568 569/569/569 568/568/568 
f 568/568/568 569/569/569 570/570/570 
f 569/569/569 569/569/569 570/570/570 
f 570/570/570 569/569/569 571/571/571 
f 569/569/569 569/569/569 571/571/571 
f 571/571/571 569/569/569 572/572/572 
f 569/569/569 573/573/573 572/572/572 
f 572/572/572 573/573/573 573/573/573 
f 573/573/573 574/574/574 573/573/573 
f 573/573/573 574/574/574 574/574/574 
f 574/574/574 575/575/575 574/574/574 
f 574/574/574 575/575/575 576/576/576 
f 575/575/575 577/577/577 576/576/576 
f 576/576/576 577/577/577 577/577/577 
f 577/577/577 578/578/578 577/577/577 
f 577/577/577 578/578/578 578/578/578 
f 578/578/578 579/579/579 578/578/578 
f 578/578/578 579/579/579 580/580/580 
f 579/579/579 579/579/579 580/580/580 
f 580/580/580 579/579/579 581/581/581 
f 579/579/579 582/582/582 581/581/581 
f 581/581/581 582/582/582 583/583/583 
f 582/582/582 584/584/584 583/583/583 
f 583/583/583 584/584/584 585/585/585 
f 584/584/584 586/586/586 585/585/585 
f 585/585/585 586/586/586 585/585/585 
f 586/586/586 587/587/587 585/585/585 
f 585/585/585 587/587/587 588/588/588 
f 587/587/587 589/589/589 588/588/588 
f 588/588/588 589/589/589 589/589/589 
f 589/589/589 588/588/588 589/589/589 
f 589/589/589 588/588/588 588/588/588 
f 588/588/588 590/590/590 588/588/588 
f 588/588/588 590/590/590 585/585/585 
f 590/590/590 590/590/590 585/585/585 
f 585/585/585 590/590/590 583/583/583 
f 590/590/590 591/591/591 583/583/583 
f 583/583/583 591/591/591 581/581/581 
f 591/591/591 592/592/592 581/581/581 
f 581/581/581 592/592/592 580/580/580 
f 592/592/592 593/593/593 580/580/580 
f 580/580/580 593/593/593 578/578/578 
f 593/593/593 578/578/578 578/578/578 
f 578/578/578 578/578/578 592/592/592 
f 578/578/578 592/592/592 592/592/592 
f 592/592/592 592/592/592 593/593/593 
f 592/592/592 591/591/591 593/593/593 
f 593/593/593 591/591/591 594/594/594 
f 591/591/591 590/590/590 594/594/594 
f 594/594/594 590/590/590 595/595/595 
f 590/590/590 588/588/588 595/595/595 
f 595/595/595 588/588/588 596/596/596 
f 588/588/588 597/597/597 596/596/596 
f 596/596/596 597/597/597 598/598/598 
f 597/597/597 599/599/599 598/598/598 
f 598/598/598 599/599/599 600/600/600 
f 599/599/599 601/601/601 600/600/600 
f 600/600/600 601/601/601 602/602/602 
f 601/601/601 603/603/603 602/602/602 
f 602/602/602 603/603/603 604/604/604 
f 603/603/603 589/589/589 604/604/604 
f 604/604/604 589/589/589 605/605/605 
f 589/589/589 605/605/605 605/605/605 
f 605/605/605 605/605/605 599/599/599 
f 605/605/605 599/599/599 599/599/599 
f 599/599/599 599/599/599 601/601/601 
f 599/599/599 597/597/597 601/601/601 
f 601/601/601 597/597/597 603/603/603 
f 597/597/597 588/588/588 603/603/603 
f 603/603/603 588/588/588 589/589/589 
f 588/588/588 589/589/589 589/589/589 
f 589/589/589 589/589/589 606/606/606 
f 589/589/589 606/606/606 606/606/606 
f 606/606/606 606/606/606 607/607/607 
f 606/606/606 608/608/608 607/607/607 
f 607/607/607 608/608/608 607/607/607 
f 608/608/608 609/609/609 607/607/607 
f 607/607/607 609/609/609 610/610/610 
f 609/609/609 611/611/611 610/610/610 
f 610/610/610 611/611/611 612/612/612 
f 611/611/611 613/613/613 612/612/612 
f 612/612/612 613/613/613 614/614/614 
f 613/613/613 615/615/615 614/614/614 
f 614/614/614 615/615/615 616/616/616 
f 615/615/615 616/616/616 616/616/616 
f 616/616/616 616/616/616 607/607/607 
f 616/616/616 607/607/607 607/607/607 
f 607/607/607 607/607/607 606/606/606 
f 607/607/607 617/617/617 606/606/606 
f 606/606/606 617/617/617 618/618/618 
f 617/617/617 619/619/619 618/618/618 
f 618/618/618 619/619/619 620/620/620 
f 619/619/619 621/621/621 620/620/620 
f 620/620/620 621/621/621 622/622/622 
f 621/621/621 623/623/623 622/622/622 
f 622/622/622 623/623/623 623/623/623 
f 623/623/623 624/624/624 623/623/623 
f 623/623/623 624/624/624 624/624/624 
f 624/624/624 625/625/625 624/624/624 
f 624/624/624 625/625/625 626/626/626 
f 625/625/625 627/627/627 626/626/626 
f 626/626/626 627/627/627 628/628/628 
f 627/627/627 629/629/629 628/628/628 
f 628/628/628 629/629/629 630/630/630 
f 629/629/629 629/629/629 630/630/630 
f 630/630/630 629/629/629 631/631/631 
f 629/629/629 629/629/629 631/631/631 
f 631/631/631 629/629/629 632/632/632 
f 629/629/629 633/633/633 632/632/632 
f 632/632/632 633/633/633 634/634/634 
f 633/633/633 633/633/633 634/634/634 
f 634/634/634 633/633/633 635/635/635 
f 633/633/633 636/636/636 635/635/635 
f 635/635/635 636/636/636 625/625/625 
f 636/636/636 636/636/636 625/625/625 
f 625/625/625 636/636/636 627/627/627 
f 636/636/636 633/633/633 627/627/627 
f 627/627/627 633/633/633 629/629/629 
f 633/633/633 629/629/629 629/629/629 
f 629/629/629 629/629/629 635/635/635 
f 629/629/629 635/635/635 635/635/635 
f 635/635/635 635/635/635 624/624/624 
f 635/635/635 625/625/625 624/624/624 
f 624/624/624 625/625/625 625/625/625 
f 625/625/625 634/634/634 625/625/625 
f 625/625/625 634/634/634 634/634/634 
f 634/634/634 637/637/637 634/634/634 
f 634/634/634 637/637/637 632/632/632 
f 637/637/637 638/638/638 632/632/632 
f 632/632/632 638/638/638 631/631/631 
f 638/638/638 639/639/639 631/631/631 
f 631/631/631 639/639/639 631/631/631 
f 639/639/639 640/640/640 631/631/631 
f 631/631/631 640/640/640 630/630/630 
f 640/640/640 640/640/640 630/630/630 
f 630/630/630 640/640/640 641/641/641 
f 640/640/640 642/642/642 641/641/641 
f 641/641/641 642/642/642 643/643/643 
f 642/642/642 644/644/644 643/643/643 
f 643/643/643 644/644/644 644/644/644 
f 644/644/644 637/637/637 644/644/644 
f 644/644/644 637/637/637 637/637/637 
f 637/637/637 645/645/645 637/637/637 
f 637/637/637 645/645/645 638/638/638 
f 645/645/645 646/646/646 638/638/638 
f 638/638/638 646/646/646 639/639/639 
f 646/646/646 639/639/639 639/639/639 
f 639/639/639 639/639/639 646/646/646 
f 639/639/639 646/646/646 646/646/646 
f 646/646/646 646/646/646 647/647/647 
f 646/646/646 645/645/645 647/647/647 
f 647/647/647 645/645/645 645/645/645 
f 645/645/645 648/648/648 645/645/645 
f 645/645/645 648/648/648 648/648/648 
f 648/648/648 649/649/649 648/648/648 
f 648/648/648 649/649/649 650/650/650 
f 649/649/649 651/651/651 650/650/650 
f 650/650/650 651/651/651 652/652/652 
f 651/651/651 651/651/651 652/652/652 
f 652/652/652 651/651/651 653/653/653 
f 651/651/651 654/654/654 653/653/653 
f 653/653/653 654/654/654 655/655/655 
f 654/654/654 656/656/656 655/655/655 
f 655/655/655 656/656/656 657/657/657 
f 656/656/656 657/657/657 657/657/657 
f 657/657/657 657/657/657 649/649/649 
f 657/657/657 649/649/649 649/649/649 
f 649/649/649 649/649/649 651/651/651 
f 649/649/649 658/658/658 651/651/651 
f 651/651/651 658/658/658 654/654/654 
f 658/658/658 659/659/659 654/654/654 
f 654/654/654 659/659/659 656/656/656 
f 659/659/659 656/656/656 656/656/656 
f 656/656/656 656/656/656 660/660/660 
f 656/656/656 660/660/660 660/660/660 
f 660/660/660 660/660/660 661/661/661 
f 660/660/660 662/662/662 661/661/661 
f 661/661/661 662/662/662 663/663/663 
f 662/662/662 663/663/663 663/663/663 
f 663/663/663 663/663/663 664/664/664 
f 663/663/663 664/664/664 664/664/664 
f 664/664/664 664/664/664 665/665/665 
f 664/664/664 666/666/666 665/665/665 
f 665/665/665 666/666/666 667/667/667 
f 666/666/666 667/667/667 667/667/667 
f 667/667/667 667/667/667 668/668/668 
f 667/667/667 668/668/668 668/668/668 
f 668/668/668 668/668/668 669/669/669 
f 668/668/668 670/670/670 669/669/669 
f 669/669/669 670/670/670 671/671/671 
f 670/670/670 672/672/672 671/671/671 
f 671/671/671 672/672/672 673/673/673 
f 672/672/672 674/674/674 673/673/673 
f 673/673/673 674/674/674 675/675/675 
f 674/674/674 676/676/676 675/675/675 
f 675/675/675 676/676/676 677/677/677 
f 676/676/676 677/677/677 677/677/677 
f 677/677/677 677/677/677 678/678/678 
f 677/677/677 678/678/678 678/678/678 
f 678/678/678 678/678/678 679/679/679 
f 678/678/678 680/680/680 679/679/679 
f 679/679/679 680/680/680 681/681/681 
f 680/680/680 681/681/681 681/681/681 
f 681/681/681 681/681/681 682/682/682 
f 681/681/681 682/682/682 682/682/682 
f 682/682/682 682/682/682 683/683/683 
f 682/682/682 684/684/684 683/683/683 
f 683/683/683 684/684/684 683/683/683 
f 684/684/684 685/685/685 683/683/683 
f 683/683/683 685/685/685 683/683/683 
f 685/685/685 686/686/686 683/683/683 
f 683/683/683 686/686/686 687/687/687 
f 686/686/686 687/687/687 687/687/687 
f 687/687/687 687/687/687 688/688/688 
f 687/687/687 688/688/688 688/688/688 
f 688/688/688 688/688/688 689/689/689 
f 688/688/688 690/690/690 689/689/689 
f 689/689/689 690/690/690 691/691/691 
f 690/690/690 691/691/691 691/691/691 
f 691/691/691 691/691/691 692/692/692 
f 691/691/691 692/692/692 692/692/692 
f 692/692/692 692/692/692 693/693/693 
f 692/692/692 694/694/694 693/693/693 
f 693/693/693 694/694/694 695/695/695 
f 694/694/694 695/695/695 695/695/695 
f 695/695/695 695/695/695 693/693/693 
f 695/695/695 693/693/693 693/693/693 
f 693/693/693 693/693/693 692/692/692 
f 693/693/693 696/696/696 692/692/692 
f 692/692/692 696/696/696 697/697/697 
f 696/696/696 698/698/698 697/697/697 
f 697/697/697 698/698/698 699/699/699 
f 698/698/698 700/700/700 699/699/699 
f 699/699/699 700/700/700 701/701/701 
f 700/700/700 700/700/700 701/701/701 
f 701/701/701 700/700/700 702/702/702 
f 700/700/700 703/703/703 702/702/702 
f 702/702/702 703/703/703 704/704/704 
f 703/703/703 704/704/704 704/704/704 
f 704/704/704 704/704/704 703/703/703 
f 704/704/704 703/703/703 703/703/703 
f 703/703/703 703/703/703 705/705/705 
f 703/703/703 700/700/700 705/705/705 
f 705/705/705 700/700/700 705/705/705 
f 700/700/700 698/698/698 705/705/705 
f 705/705/705 698/698/698 706/706/706 
f 698/698/698 696/696/696 706/706/706 
f 706/706/706 696/696/696 707/707/707 
f 696/696/696 693/693/693 707/707/707 
f 707/707/707 693/693/693 707/707/707 
f 693/693/693 695/695/695 707/707/707 
f 707/707/707 695/695/695 706/706/706 
f 695/695/695 708/708/708 706/706/706 
f 706/706/706 708/708/708 705/705/705 
f 708/708/708 709/709/709 705/705/705 
f 705/705/705 709/709/709 703/703/703 
f 709/709/709 710/710/710 703/703/703 
f 703/703/703 710/710/710 711/711/711 
f 710/710/710 712/712/712 711/711/711 
f 711/711/711 712/712/712 713/713/713 
f 712/712/712 714/714/714 713/713/713 
f 713/713/713 714/714/714 715/715/715 
f 714/714/714 716/716/716 715/715/715 
f 715/715/715 716/716/716 717/717/717 
f 716/716/716 718/718/718 717/717/717 
f 717/717/717 718/718/718 704/704/704 
f 718/718/718 719/719/719 704/704/704 
f 704/704/704 719/719/719 719/719/719 
f 719/719/719 713/713/713 719/719/719 
f 719/719/719 713/713/713 713/713/713 
f 713/713/713 715/715/715 713/713/713 
f 713/713/713 715/715/715 711/711/711 
f 715/715/715 717/717/717 711/711/711 
f 711/711/711 717/717/717 703/703/703 
f 717/717/717 704/704/704 703/703/703 
f 703/703/703 704/704/704 704/704/704 
f 704/704/704 720/720/720 704/704/704 
f 704/704/704 720/720/720 720/720/720 
f 720/720/720 721/721/721 720/720/720 
f 720/720/720 721/721/721 722/722/722 
f 721/721/721 723/723/723 722/722/722 
f 722/722/722 723/723/723 724/724/724 
f 723/723/723 725/725/725 724/724/724 
f 724/724/724 725/725/725 726/726/726 
f 725/725/725 727/727/727 726/726/726 
f 726/726/726 727/727/727 727/727/727 
f 727/727/727 728/728/728 727/727/727 
f 727/727/727 728/728/728 728/728/728 
f 728/728/728 729/729/729 728/728/728 
f 728/728/728 729/729/729 730/730/730 
f 729/729/729 729/729/729 730/730/730 
f 730/730/730 729/729/729 731/731/731 
f 729/729/729 732/732/732 731/731/731 
f 731/731/731 732/732/732 733/733/733 
f 732/732/732 734/734/734 733/733/733 
f 733/733/733 734/734/734 735/735/735 

