mtllib model_19.mtl
o model_19
v 706.899658203125 -275.5162353515625 -14.859992980957031 
v 722.3292846679688 -271.8940124511719 -14.859993934631348 
v 707.034423828125 -275.72930908203125 -11.891432762145996 
v 722.3292846679688 -271.8940124511719 -11.64405345916748 
v 735.501708984375 -278.28619384765625 -3.4805126190185547 
v 733.8509521484375 -259.74884033203125 -4.717415809631348 
v 735.7711791992188 -259.74884033203125 -14.85999584197998 
v 708.2471923828125 -282.5476379394531 -12.386192321777344 
v 729.8756103515625 -296.6104736328125 -1.3777793645858765 
v 715.1535034179688 -298.95428466796875 -10.036079406738281 
v 726.4056396484375 -322.6053771972656 0.9723347425460815 
v 713.502685546875 -323.0315246582031 -6.325375556945801 
v 723.3399047851562 -348.17413330078125 1.2197190523147583 
v 711.1444702148438 -347.74798583984375 -5.5832319259643555 
v 709.5610961914062 -362.6630859375 -4.098949432373047 
v 722.3292846679688 -362.87615966796875 2.70400071144104 
v 726.1697998046875 -362.45001220703125 15.815141677856445 
v 727.2478637695312 -347.74798583984375 15.072999000549316 
v 718.7245483398438 -361.5977478027344 27.441999435424805 
v 730.4146118164062 -320.2615661621094 15.320374488830566 
v 734.2888793945312 -290.2182922363281 14.578229904174805 
v 739.6791381835938 -267.8456115722656 12.72287654876709 
v 736.6471557617188 -247.6036834716797 18.65999412536621 
v 736.6471557617188 -247.6036834716797 -14.859997749328613 
v 733.8509521484375 -259.74884033203125 -24.87888526916504 
v 722.3292846679688 -271.8940124511719 -17.95224380493164 
v 735.501708984375 -278.28619384765625 -26.115781784057617 
v 707.034423828125 -275.72930908203125 -17.704862594604492 
v 708.2471923828125 -282.5476379394531 -17.210102081298828 
v 729.8756103515625 -296.6104736328125 -28.218509674072266 
v 715.1535034179688 -298.95428466796875 -19.560209274291992 
v 726.4056396484375 -322.6053771972656 -30.568614959716797 
v 713.502685546875 -323.0315246582031 -23.270904541015625 
v 723.3399047851562 -348.17413330078125 -30.815990447998047 
v 711.1444702148438 -347.74798583984375 -24.013042449951172 
v 709.5610961914062 -362.6631164550781 -25.4973201751709 
v 722.3292846679688 -362.8761901855469 -32.300270080566406 
v 726.1697998046875 -362.4500427246094 -45.411407470703125 
v 727.2478637695312 -347.74798583984375 -44.669273376464844 
v 718.7245483398438 -361.5977478027344 -57.03826904296875 
v 730.4146118164062 -320.2615661621094 -44.916656494140625 
v 734.2888793945312 -290.2182922363281 -44.174522399902344 
v 739.6791381835938 -267.8456115722656 -42.319175720214844 
v 736.6471557617188 -247.60369873046875 -48.25629806518555 
v 719.9036254882812 -346.8957214355469 -56.790889739990234 
v 722.4976806640625 -317.278564453125 -57.40934753417969 
v 722.4639892578125 -283.613037109375 -58.151493072509766 
v 726.0013427734375 -260.1750183105469 -58.02780532836914 
v 704.3729858398438 -360.5323791503906 -60.501590728759766 
v 706.0237426757812 -345.8303527832031 -60.37790298461914 
v 707.4386596679688 -315.573974609375 -60.99635696411133 
v 706.0911254882812 -280.41693115234375 -61.98588180541992 
v 701.9473266601562 -253.5697479248047 -62.60433578491211 
v 708.7525634765625 -240.57228088378906 -60.00685119628906 
v 714.142822265625 -221.18263244628906 -58.02781295776367 
v 737.2872314453125 -225.8702392578125 -48.13261032104492 
v 737.2872314453125 -225.8702392578125 -14.860001564025879 
v 737.2872314453125 -225.8702392578125 18.536298751831055 
v 714.142822265625 -221.1826171875 28.43149757385254 
v 708.7525634765625 -240.572265625 30.410541534423828 
v 701.9473266601562 -253.56973266601562 33.008033752441406 
v 726.0013427734375 -260.17498779296875 28.431503295898438 
v 706.0911254882812 -280.41693115234375 32.38958740234375 
v 722.4639892578125 -283.6130065917969 28.555198669433594 
v 707.4386596679688 -315.5739440917969 31.400074005126953 
v 722.4976806640625 -317.2785339355469 27.813064575195312 
v 706.0237426757812 -345.830322265625 30.781627655029297 
v 719.9036254882812 -346.89569091796875 27.19462013244629 
v 704.3729858398438 -360.5323791503906 30.90532112121582 
v 716.8379516601562 -146.3939971923828 21.628536224365234 
v 687.5284423828125 -140.21487426757812 25.091854095458984 
v 709.6284790039062 -157.6868896484375 25.58661651611328 
v 688.0000610351562 -153.4254150390625 12.351785659790039 
v 686.6862182617188 -135.7403564453125 7.8989434242248535 
v 688.57275390625 -122.7428970336914 20.391630172729492 
v 690.9984130859375 -122.7428970336914 6.909422397613525 
v 698.1405029296875 -109.10623931884766 18.41259002685547 
v 695.1758422851562 -114.64613342285156 2.580270290374756 
v 703.53076171875 -103.14019775390625 -6.572791576385498 
v 693.2218627929688 -114.43305969238281 -14.86001968383789 
v 699.926025390625 -101.86174774169922 -14.860021591186523 
v 703.53076171875 -103.14019775390625 -23.023561477661133 
v 695.1758422851562 -114.6461410522461 -32.17662048339844 
v 698.1405029296875 -109.10624694824219 -48.00893783569336 
v 688.7412109375 -122.74290466308594 -14.860017776489258 
v 684.5300903320312 -135.7403564453125 -14.860015869140625 
v 690.9984130859375 -122.74290466308594 -36.505767822265625 
v 688.57275390625 -122.74291229248047 -49.98797607421875 
v 686.6862182617188 -135.74037170410156 -37.49528503417969 
v 687.5284423828125 -140.2148895263672 -54.688194274902344 
v 685.641845703125 -153.4254150390625 -14.860013008117676 
v 690.2235717773438 -168.55360412597656 -14.860011100769043 
v 692.480712890625 -168.55360412597656 13.217620849609375 
v 711.0770874023438 -172.388916015625 25.3392391204834 
v 694.1651611328125 -203.0714111328125 16.80463409423828 
v 714.142822265625 -201.79298400878906 24.968175888061523 
v 714.142822265625 -221.1826171875 28.43149757385254 
v 692.615478515625 -216.49502563476562 18.536296844482422 
v 691.9080200195312 -203.0714111328125 -14.860005378723145 
v 690.3582763671875 -216.49502563476562 -14.860002517700195 
v 692.615478515625 -216.49502563476562 -48.13261413574219 
v 694.1651611328125 -203.07142639160156 -46.40095520019531 
v 714.142822265625 -221.18263244628906 -58.02781295776367 
v 714.142822265625 -201.79299926757812 -54.56449508666992 
v 711.0770874023438 -172.38893127441406 -54.935569763183594 
v 692.480712890625 -168.55360412597656 -42.81394958496094 
v 709.6284790039062 -157.6868896484375 -55.182952880859375 
v 688.0000610351562 -153.42543029785156 -41.948123931884766 
v 716.8379516601562 -146.39401245117188 -51.224876403808594 
v 714.142822265625 -221.1826171875 28.43149757385254 
v 714.142822265625 -201.79298400878906 24.968175888061523 
v 737.2872314453125 -225.8702392578125 18.536298751831055 
v 737.3209228515625 -200.7276153564453 15.56773567199707 
v 737.2872314453125 -225.8702392578125 -14.860001564025879 
v 737.3209228515625 -200.7276153564453 -14.860005378723145 
v 737.3209228515625 -200.7276153564453 -45.164058685302734 
v 737.2872314453125 -225.8702392578125 -48.13261032104492 
v 714.142822265625 -201.79299926757812 -54.56449508666992 
v 714.142822265625 -221.18263244628906 -58.02781295776367 
v 716.8379516601562 -146.3939971923828 21.628536224365234 
v 709.6284790039062 -157.6868896484375 25.58661651611328 
v 743.6881713867188 -164.71827697753906 12.599167823791504 
v 711.0770874023438 -172.388916015625 25.3392391204834 
v 739.8812866210938 -175.798095703125 13.0939302444458 
v 739.8812866210938 -175.798095703125 -42.69025802612305 
v 711.0770874023438 -172.38893127441406 -54.935569763183594 
v 743.6881713867188 -164.71829223632812 -42.195499420166016 
v 709.6284790039062 -157.6868896484375 -55.182952880859375 
v 716.8379516601562 -146.39401245117188 -51.224876403808594 
v 742.812255859375 -151.0816192626953 -40.71122360229492 
v 729.4713745117188 -131.6919708251953 -39.969085693359375 
v 722.5650634765625 -131.2658233642578 -50.97749710083008 
v 724.92333984375 -122.74290466308594 -38.85587692260742 
v 715.1871948242188 -112.51541900634766 -48.503700256347656 
v 721.015380859375 -105.91014862060547 -23.023561477661133 
v 712.9299926757812 -104.41862487792969 -27.105331420898438 
v 703.53076171875 -103.14019775390625 -23.023561477661133 
v 698.1405029296875 -109.10624694824219 -48.00893783569336 
v 722.8682861328125 -106.33629608154297 -14.860020637512207 
v 726.5404052734375 -122.74290466308594 -14.860017776489258 
v 731.2232055664062 -131.6919708251953 -14.860016822814941 
v 742.812255859375 -151.0816192626953 -14.860013961791992 
v 743.7555541992188 -164.71827697753906 -14.860011100769043 
v 739.8139038085938 -175.798095703125 -14.86000919342041 
v 742.812255859375 -151.0816192626953 11.114888191223145 
v 729.4713745117188 -131.6919708251953 10.3727445602417 
v 724.92333984375 -122.7428970336914 9.25953197479248 
v 721.015380859375 -105.91014862060547 -6.57279109954834 
v 715.1871948242188 -112.51541137695312 18.907352447509766 
v 712.9299926757812 -104.41862487792969 -2.491021156311035 
v 703.53076171875 -103.14019775390625 -6.572791576385498 
v 698.1405029296875 -109.10623931884766 18.41259002685547 
v 722.5650634765625 -131.26580810546875 21.381153106689453 
v 716.8379516601562 -146.3939971923828 21.628536224365234 
v 687.5284423828125 -140.21487426757812 25.091854095458984 
v 706.495361328125 -180.27259826660156 47.23237228393555 
v 694.3673095703125 -177.92880249023438 50.81937789916992 
v 704.2382202148438 -189.64781188964844 53.664249420166016 
v 693.6598510742188 -186.02557373046875 57.37495040893555 
v 702.85693359375 -118.0552978515625 38.697750091552734 
v 699.218505859375 -122.10366821289062 40.5531005859375 
v 699.218505859375 -111.6631088256836 27.070890426635742 
v 690.9984130859375 -121.03832244873047 30.657901763916016 
v 698.1405029296875 -109.10623931884766 18.41259002685547 
v 688.57275390625 -122.7428970336914 20.391630172729492 
v 692.0427856445312 -134.67498779296875 38.32668685913086 
v 691.7395629882812 -171.7496795654297 60.59089279174805 
v 692.278564453125 -179.2072296142578 66.4043197631836 
v 701.5430908203125 -175.79808044433594 71.8466796875 
v 700.7682495117188 -167.91436767578125 66.775390625 
v 700.027099609375 -128.2827911376953 43.521663665771484 
v 712.1888427734375 -179.42030334472656 68.2596664428711 
v 701.5430908203125 -175.79808044433594 71.8466796875 
v 713.704833984375 -186.87786865234375 75.4336929321289 
v 702.3179321289062 -182.8294677734375 79.51546478271484 
v 699.858642578125 -220.54339599609375 97.45051574707031 
v 706.0237426757812 -220.7564697265625 96.95575714111328 
v 714.7492065429688 -195.40078735351562 65.78587341308594 
v 708.7188720703125 -223.739501953125 93.12136840820312 
v 704.3729858398438 -199.87533569335938 60.21982192993164 
v 705.2152099609375 -226.0832977294922 89.53436279296875 
v 713.536376953125 -186.2386474609375 59.10661315917969 
v 704.2382202148438 -189.64781188964844 53.664249420166016 
v 693.6598510742188 -186.02557373046875 57.37495040893555 
v 704.2382202148438 -189.64781188964844 53.664249420166016 
v 692.918701171875 -195.82693481445312 64.30159759521484 
v 704.3729858398438 -199.87533569335938 60.21982192993164 
v 705.2152099609375 -226.0832977294922 89.53436279296875 
v 699.0838012695312 -225.6571502685547 90.02911376953125 
v 691.8069458007812 -187.30401611328125 74.07310485839844 
v 696.388671875 -222.88720703125 93.98719787597656 
v 702.3179321289062 -182.8294677734375 79.51546478271484 
v 699.858642578125 -220.54339599609375 97.45051574707031 
v 692.278564453125 -179.2072296142578 66.4043197631836 
v 701.5430908203125 -175.79808044433594 71.8466796875 
v 712.1888427734375 -179.42030334472656 68.2596664428711 
v 712.5930786132812 -170.25816345214844 63.435760498046875 
v 701.5430908203125 -175.79808044433594 71.8466796875 
v 700.7682495117188 -167.91436767578125 66.775390625 
v 710.5380859375 -130.4135284423828 42.408451080322266 
v 700.027099609375 -128.2827911376953 43.521663665771484 
v 699.218505859375 -122.10366821289062 40.5531005859375 
v 712.1551513671875 -125.0866928100586 41.66631317138672 
v 702.85693359375 -118.0552978515625 38.697750091552734 
v 718.0844116210938 -140.00180053710938 35.358123779296875 
v 715.4903564453125 -176.22421264648438 53.787940979003906 
v 713.536376953125 -186.2386474609375 59.10661315917969 
v 704.2382202148438 -189.64781188964844 53.664249420166016 
v 706.495361328125 -180.27259826660156 47.23237228393555 
v 716.8379516601562 -146.3939971923828 21.628536224365234 
v 720.2742309570312 -127.85664367675781 33.1317024230957 
v 709.4263305664062 -119.12065124511719 39.19251251220703 
v 714.008056640625 -114.43305206298828 27.93671989440918 
v 699.218505859375 -111.6631088256836 27.070890426635742 
v 715.1871948242188 -112.51541137695312 18.907352447509766 
v 698.1405029296875 -109.10623931884766 18.41259002685547 
v 722.5650634765625 -131.26580810546875 21.381153106689453 
v 711.5824584960938 -248.24288940429688 105.86143493652344 
v 711.9866943359375 -245.0467987060547 105.11930084228516 
v 708.1798095703125 -248.24288940429688 103.38764190673828 
v 708.4493408203125 -245.25985717773438 102.52181243896484 
v 694.4346923828125 -245.25985717773438 102.89288330078125 
v 694.7715454101562 -248.24288940429688 103.63502502441406 
v 692.682861328125 -244.83372497558594 105.86143493652344 
v 693.0870971679688 -248.02981567382812 106.47989654541016 
v 696.5907592773438 -261.4533996582031 107.09834289550781 
v 694.8389282226562 -261.8795471191406 109.44845581054688 
v 709.7969360351562 -261.8795471191406 108.95368957519531 
v 707.101806640625 -261.4533996582031 106.60359191894531 
v 694.0977783203125 -242.27682495117188 102.1507339477539 
v 692.278564453125 -241.63763427734375 105.11930084228516 
v 694.1988525390625 -235.2454376220703 101.53228759765625 
v 697.7698974609375 -236.310791015625 97.82159423828125 
v 696.28759765625 -228.00094604492188 97.57420349121094 
v 698.9827270507812 -229.70553588867188 93.12136840820312 
v 705.9563598632812 -236.310791015625 97.32682800292969 
v 705.1478271484375 -230.13169860839844 92.62660217285156 
v 710.57177734375 -235.45851135253906 100.66645812988281 
v 712.3909912109375 -241.8507080078125 104.37715911865234 
v 708.7188720703125 -242.27682495117188 101.77967071533203 
v 693.0870971679688 -248.02981567382812 106.47989654541016 
v 696.4560546875 -248.02981567382812 108.95368957519531 
v 692.682861328125 -244.83372497558594 105.86143493652344 
v 696.22021484375 -244.6206512451172 108.33524322509766 
v 710.23486328125 -244.6206512451172 108.08786010742188 
v 709.89794921875 -248.02981567382812 108.70630645751953 
v 711.9866943359375 -245.0467987060547 105.11930084228516 
v 711.5824584960938 -248.24288940429688 105.86143493652344 
v 708.0451049804688 -262.3056945800781 111.42749786376953 
v 709.7969360351562 -261.8795471191406 108.95368957519531 
v 694.8389282226562 -261.8795471191406 109.44845581054688 
v 697.5677490234375 -262.3056945800781 111.7985610961914 
v 710.57177734375 -241.42454528808594 107.3457260131836 
v 712.3909912109375 -241.8507080078125 104.37715911865234 
v 710.57177734375 -235.45851135253906 100.66645812988281 
v 707.000732421875 -234.3931427001953 104.37715911865234 
v 708.6177978515625 -228.64016723632812 96.58468627929688 
v 705.9226684570312 -226.9355926513672 101.16121673583984 
v 698.8142700195312 -234.3931427001953 104.74823760986328 
v 699.791259765625 -226.72251892089844 101.6559829711914 
v 694.1988525390625 -235.2454376220703 101.53228759765625 
v 696.28759765625 -228.00094604492188 97.57420349121094 
v 712.9299926757812 -237.1630859375 99.18218994140625 
v 715.2545166015625 -235.03236389160156 95.22410583496094 
v 715.2882080078125 -244.40757751464844 96.70838165283203 
v 716.7031860351562 -243.12913513183594 94.3582763671875 
v 692.278564453125 -241.63763427734375 105.11930084228516 
v 695.95068359375 -241.42454528808594 107.71678161621094 
v 709.5610961914062 -362.6630859375 -4.098949432373047 
v 696.7592163085938 -346.2564697265625 -1.9962215423583984 
v 695.1758422851562 -361.8108215332031 -0.7593198418617249 
v 689.6171264648438 -345.1911315917969 10.001707077026367 
v 687.4947509765625 -360.9585266113281 10.743850708007812 
v 711.1444702148438 -347.74798583984375 -5.5832319259643555 
v 696.9613647460938 -321.1138610839844 -2.367295980453491 
v 713.502685546875 -323.0315246582031 -6.325375556945801 
v 698.8142700195312 -295.7581787109375 -6.325379848480225 
v 715.1535034179688 -298.95428466796875 -10.036079406738281 
v 690.0888061523438 -278.499267578125 -8.922872543334961 
v 708.2471923828125 -282.5476379394531 -12.386192321777344 
v 688.84228515625 -274.0247497558594 -11.64405345916748 
v 707.034423828125 -275.72930908203125 -11.891432762145996 
v 688.84228515625 -274.0247497558594 -14.859993934631348 
v 706.899658203125 -275.5162353515625 -14.859992980957031 
v 707.034423828125 -275.72930908203125 -17.704862594604492 
v 688.84228515625 -274.0247497558594 -17.95224380493164 
v 708.2471923828125 -282.5476379394531 -17.210102081298828 
v 690.0888061523438 -278.499267578125 -20.673423767089844 
v 715.1535034179688 -298.95428466796875 -19.560209274291992 
v 689.6508178710938 -318.34393310546875 9.754324913024902 
v 685.507080078125 -289.1529235839844 7.775278568267822 
v 677.6912231445312 -258.04425048828125 -24.87888526916504 
v 698.8142700195312 -295.7581787109375 -23.270910263061523 
v 680.6895141601562 -268.2717590332031 -34.526702880859375 
v 713.502685546875 -323.0315246582031 -23.270904541015625 
v 696.9613647460938 -321.1138610839844 -27.228984832763672 
v 711.1444702148438 -347.74798583984375 -24.013042449951172 
v 685.507080078125 -289.1529235839844 -37.3715705871582 
v 685.608154296875 -257.8311767578125 -53.57496643066406 
v 683.4857177734375 -233.54086303710938 -48.25629806518555 
v 677.6912231445312 -258.04425048828125 -14.85999584197998 
v 677.6912231445312 -258.04425048828125 -4.717415809631348 
v 680.6895141601562 -268.2717590332031 4.930405139923096 
v 685.608154296875 -257.8311767578125 23.97866439819336 
v 689.9540405273438 -282.7607116699219 23.731287002563477 
v 693.8619384765625 -316.0001220703125 23.978673934936523 
v 693.4913940429688 -344.97802734375 23.854990005493164 
v 691.4026489257812 -360.3193054199219 24.102371215820312 
v 704.3729858398438 -360.5323791503906 30.90532112121582 
v 706.0237426757812 -345.830322265625 30.781627655029297 
v 707.4386596679688 -315.5739440917969 31.400074005126953 
v 706.0911254882812 -280.41693115234375 32.38958740234375 
v 701.9473266601562 -253.56973266601562 33.008033752441406 
v 708.7525634765625 -240.572265625 30.410541534423828 
v 683.4857177734375 -233.5408477783203 18.659990310668945 
v 683.4857177734375 -233.54086303710938 -14.859999656677246 
v 690.3582763671875 -216.49502563476562 -14.860002517700195 
v 692.615478515625 -216.49502563476562 -48.13261413574219 
v 708.7525634765625 -240.57228088378906 -60.00685119628906 
v 714.142822265625 -221.18263244628906 -58.02781295776367 
v 692.615478515625 -216.49502563476562 18.536296844482422 
v 714.142822265625 -221.1826171875 28.43149757385254 
v 701.9473266601562 -253.5697479248047 -62.60433578491211 
v 689.9540405273438 -282.7607421875 -53.32758331298828 
v 706.0911254882812 -280.41693115234375 -61.98588180541992 
v 693.8619384765625 -316.0001220703125 -53.574954986572266 
v 707.4386596679688 -315.573974609375 -60.99635696411133 
v 693.4913940429688 -344.9780578613281 -53.45125961303711 
v 706.0237426757812 -345.8303527832031 -60.37790298461914 
v 704.3729858398438 -360.5323791503906 -60.501590728759766 
v 691.4026489257812 -360.3193054199219 -53.698638916015625 
v 687.4947509765625 -360.9585266113281 -40.340118408203125 
v 689.6171264648438 -345.1911315917969 -39.59798049926758 
v 695.1758422851562 -361.8108215332031 -28.83694839477539 
v 689.6508178710938 -318.34393310546875 -39.35060501098633 
v 696.7592163085938 -346.2564697265625 -27.600051879882812 
v 709.5610961914062 -362.6631164550781 -25.4973201751709 
v 702.890625 -456.84136962890625 13.093976020812988 
v 709.3252563476562 -455.98907470703125 17.17574691772461 
v 701.6441650390625 -401.4423828125 -0.14086304605007172 
v 713.0647583007812 -403.5731201171875 6.414708137512207 
v 704.5077514648438 -379.9220275878906 -1.6251459121704102 
v 715.4566650390625 -380.3481750488281 4.930423259735107 
v 709.5610961914062 -362.6630859375 -4.098949432373047 
v 722.3292846679688 -362.87615966796875 2.70400071144104 
v 711.2118530273438 -455.56292724609375 22.74179458618164 
v 716.4673461914062 -403.78619384765625 18.907398223876953 
v 707.5060424804688 -455.7760009765625 27.93677520751953 
v 710.1337890625 -402.08160400390625 30.16318702697754 
v 700.3976440429688 -456.2021484375 30.039505004882812 
v 697.6351318359375 -399.09857177734375 33.62650680541992 
v 712.3236083984375 -377.5782165527344 29.173662185668945 
v 699.993408203125 -376.0867004394531 32.38960266113281 
v 718.7245483398438 -361.5977478027344 27.441999435424805 
v 704.3729858398438 -360.5323791503906 30.90532112121582 
v 718.7582397460938 -379.2828063964844 17.7941837310791 
v 726.1697998046875 -362.45001220703125 15.815141677856445 
v 700.3976440429688 -456.2021484375 30.039505004882812 
v 693.8619384765625 -456.6282958984375 26.94725799560547 
v 697.6351318359375 -399.09857177734375 33.62650680541992 
v 686.1471557617188 -396.7547912597656 27.318317413330078 
v 699.993408203125 -376.0867004394531 32.38960266113281 
v 689.11181640625 -375.8736267089844 25.710344314575195 
v 704.3729858398438 -360.5323791503906 30.90532112121582 
v 691.4026489257812 -360.3193054199219 24.102371215820312 
v 691.8406372070312 -456.84136962890625 20.391685485839844 
v 682.4750366210938 -396.3286437988281 14.701935768127441 
v 695.7822265625 -457.054443359375 14.701945304870605 
v 688.84228515625 -398.4593811035156 3.3224568367004395 
v 702.890625 -456.84136962890625 13.093976020812988 
v 701.6441650390625 -401.4423828125 -0.14086304605007172 
v 692.177490234375 -378.6435852050781 1.5907942056655884 
v 704.5077514648438 -379.9220275878906 -1.6251459121704102 
v 695.1758422851562 -361.8108215332031 -0.7593198418617249 
v 709.5610961914062 -362.6630859375 -4.098949432373047 
v 719.9373168945312 -74.80149841308594 2.456573724746704 
v 715.6925048828125 -71.39230346679688 3.5697836875915527 
v 732.5370483398438 -58.1817741394043 -0.511989176273346 
v 685.8102416992188 -377.1520690917969 12.970273971557617 
v 687.4947509765625 -360.9585266113281 10.743850708007812 
v 713.906982421875 -68.83541107177734 3.8171634674072266 
v 712.0203857421875 -73.7361068725586 3.446094036102295 
v 723.5420532226562 -52.215728759765625 -0.14091993868350983 
v 737.6577758789062 -54.55952835083008 -14.860029220581055 
v 725.4286499023438 -48.59348678588867 -14.860030174255371 
v 712.1551513671875 -46.24968719482422 -14.860030174255371 
v 712.6267700195312 -52.428829193115234 0.10646022856235504 
v 696.25390625 -53.70722961425781 -14.860029220581055 
v 699.420654296875 -56.47722244262695 -2.1199588775634766 
v 697.5003662109375 -70.11386108398438 0.10646311193704605 
v 701.5093994140625 -83.53746795654297 -3.1094741821289062 
v 712.2562255859375 -80.554443359375 1.3433655500411987 
v 691.3352661132812 -70.54000854492188 -14.860026359558105 
v 698.7805786132812 -86.52049255371094 -14.860024452209473 
v 701.2061767578125 -88.86428833007812 -14.860023498535156 
v 705.0804443359375 -90.14273834228516 -6.201723575592041 
v 713.0647583007812 -89.07736206054688 -0.8830543756484985 
v 712.6941528320312 -93.55191040039062 -3.1094725131988525 
v 725.1254272460938 -93.97805786132812 -2.243642807006836 
v 720.0383911132812 -96.9610824584961 -6.9438629150390625 
v 722.8345947265625 -98.02642822265625 -14.86002254486084 
v 717.4443359375 -84.60284423828125 0.4775356650352478 
v 721.7902221679688 -83.96361541748047 1.343366026878357 
v 740.3865966796875 -82.25904846191406 -11.273015022277832 
v 745.4063110351562 -82.25904846191406 -14.860024452209473 
v 741.5657348632812 -69.47466278076172 -14.860026359558105 
v 740.3865966796875 -82.25904846191406 -18.323345184326172 
v 741.2625122070312 -85.02899169921875 -14.860024452209473 
v 735.9396362304688 -89.71659088134766 -26.115814208984375 
v 741.2288208007812 -88.86428833007812 -14.860023498535156 
v 737.5903930664062 -81.61982727050781 -27.105335235595703 
v 736.6471557617188 -69.90081024169922 -28.713306427001953 
v 722.8345947265625 -98.02642822265625 -14.86002254486084 
v 737.8262329101562 -98.87873077392578 -14.860021591186523 
v 725.1254272460938 -93.97805786132812 -27.352712631225586 
v 735.299560546875 -96.32186126708984 -22.776182174682617 
v 735.9396362304688 -89.71659088134766 -3.480543375015259 
v 721.7902221679688 -83.963623046875 -30.93972396850586 
v 719.9373168945312 -74.80150604248047 -32.05293655395508 
v 725.1254272460938 -93.97805786132812 -2.243642807006836 
v 735.299560546875 -96.32185363769531 -6.8201727867126465 
v 721.7902221679688 -83.96361541748047 1.343366026878357 
v 737.5903930664062 -81.61981964111328 -2.491024971008301 
v 719.9373168945312 -74.80149841308594 2.456573724746704 
v 736.6471557617188 -69.90081024169922 -0.8830574750900269 
v 732.5370483398438 -58.1817741394043 -0.511989176273346 
v 737.6577758789062 -54.55952835083008 -14.860029220581055 
v 732.5370483398438 -58.18177795410156 -29.084379196166992 
v 719.9373168945312 -74.80149841308594 2.456573724746704 
v 715.6925048828125 -71.39230346679688 3.5697836875915527 
v 714.9176635742188 -71.17925262451172 5.425133228302002 
v 711.6161499023438 -73.7361068725586 6.662034511566162 
v 712.0203857421875 -73.7361068725586 3.446094036102295 
v 710.8749389648438 -80.34136962890625 6.043585300445557 
v 712.2562255859375 -80.554443359375 1.3433655500411987 
v 721.7902221679688 -83.96361541748047 1.343366026878357 
v 715.0524291992188 -85.02899169921875 3.4460959434509277 
v 717.4443359375 -84.60284423828125 0.4775356650352478 
v 712.2562255859375 -80.554443359375 1.3433655500411987 
v 710.8749389648438 -80.34136962890625 6.043585300445557 
v 716.8379516601562 -146.39401245117188 -51.224876403808594 
v 687.5284423828125 -140.2148895263672 -54.688194274902344 
v 706.495361328125 -180.2726287841797 -76.82869720458984 
v 694.3673095703125 -177.9288330078125 -80.41571044921875 
v 704.2382202148438 -189.64784240722656 -83.26057434082031 
v 693.6598510742188 -186.0255889892578 -86.97127532958984 
v 702.85693359375 -118.05531311035156 -68.29409790039062 
v 699.218505859375 -122.10369110107422 -70.14945220947266 
v 699.218505859375 -111.66312408447266 -56.667240142822266 
v 690.9984130859375 -121.03833770751953 -60.254249572753906 
v 698.1405029296875 -109.10624694824219 -48.00893783569336 
v 688.57275390625 -122.74291229248047 -49.98797607421875 
v 692.0427856445312 -134.6750030517578 -67.92302703857422 
v 691.7395629882812 -171.7497100830078 -90.18722534179688 
v 692.278564453125 -179.20726013183594 -96.00064849853516 
v 701.5430908203125 -175.79811096191406 -101.44300842285156 
v 700.7682495117188 -167.91439819335938 -96.37171936035156 
v 700.027099609375 -128.28280639648438 -73.11801147460938 
v 712.1888427734375 -179.4203338623047 -97.85599517822266 
v 701.5430908203125 -175.79811096191406 -101.44300842285156 
v 713.704833984375 -186.87789916992188 -105.03001403808594 
v 702.3179321289062 -182.82949829101562 -109.1117935180664 
v 699.858642578125 -220.54344177246094 -127.04682922363281 
v 706.0237426757812 -220.7565155029297 -126.55207061767578 
v 714.7492065429688 -195.40081787109375 -95.3822021484375 
v 708.7188720703125 -223.73953247070312 -122.71768188476562 
v 704.3729858398438 -199.87535095214844 -89.81614685058594 
v 705.2152099609375 -226.0833282470703 -119.13067626953125 
v 713.536376953125 -186.23867797851562 -88.70294189453125 
v 704.2382202148438 -189.64784240722656 -83.26057434082031 
v 693.6598510742188 -186.0255889892578 -86.97127532958984 
v 704.2382202148438 -189.64784240722656 -83.26057434082031 
v 692.918701171875 -195.82696533203125 -93.89791870117188 
v 704.3729858398438 -199.87535095214844 -89.81614685058594 
v 705.2152099609375 -226.0833282470703 -119.13067626953125 
v 699.0838012695312 -225.6571807861328 -119.62542724609375 
v 691.8069458007812 -187.30404663085938 -103.66942596435547 
v 696.388671875 -222.88723754882812 -123.58351135253906 
v 702.3179321289062 -182.82949829101562 -109.1117935180664 
v 699.858642578125 -220.54344177246094 -127.04682922363281 
v 692.278564453125 -179.20726013183594 -96.00064849853516 
v 701.5430908203125 -175.79811096191406 -101.44300842285156 
v 712.1888427734375 -179.4203338623047 -97.85599517822266 
v 712.5930786132812 -170.25819396972656 -93.03209686279297 
v 701.5430908203125 -175.79811096191406 -101.44300842285156 
v 700.7682495117188 -167.91439819335938 -96.37171936035156 
v 710.5380859375 -130.41355895996094 -72.00479888916016 
v 700.027099609375 -128.28280639648438 -73.11801147460938 
v 699.218505859375 -122.10369110107422 -70.14945220947266 
v 712.1551513671875 -125.08670806884766 -71.26265716552734 
v 702.85693359375 -118.05531311035156 -68.29409790039062 
v 718.0844116210938 -140.00181579589844 -64.9544677734375 
v 715.4903564453125 -176.22422790527344 -83.38426971435547 
v 713.536376953125 -186.23867797851562 -88.70294189453125 
v 704.2382202148438 -189.64784240722656 -83.26057434082031 
v 706.495361328125 -180.2726287841797 -76.82869720458984 
v 716.8379516601562 -146.39401245117188 -51.224876403808594 
v 720.2742309570312 -127.85665893554688 -62.72804641723633 
v 709.4263305664062 -119.12066650390625 -68.78885650634766 
v 714.008056640625 -114.43306732177734 -57.5330696105957 
v 699.218505859375 -111.66312408447266 -56.667240142822266 
v 715.1871948242188 -112.51541900634766 -48.503700256347656 
v 698.1405029296875 -109.10624694824219 -48.00893783569336 
v 722.5650634765625 -131.2658233642578 -50.97749710083008 
v 711.5824584960938 -248.24293518066406 -135.45774841308594 
v 711.9866943359375 -245.04684448242188 -134.71560668945312 
v 708.1798095703125 -248.24293518066406 -132.98394775390625 
v 708.4493408203125 -245.2598876953125 -132.1181182861328 
v 694.4346923828125 -245.2598876953125 -132.48919677734375 
v 694.7715454101562 -248.24293518066406 -133.2313232421875 
v 692.682861328125 -244.83377075195312 -135.45774841308594 
v 693.0870971679688 -248.0298614501953 -136.07620239257812 
v 696.5907592773438 -261.4534606933594 -136.69464111328125 
v 694.8389282226562 -261.8796081542969 -139.0447540283203 
v 709.7969360351562 -261.8796081542969 -138.54998779296875 
v 707.101806640625 -261.4534606933594 -136.19989013671875 
v 694.0977783203125 -242.27687072753906 -131.74703979492188 
v 692.278564453125 -241.63766479492188 -134.71560668945312 
v 694.1988525390625 -235.24546813964844 -131.12860107421875 
v 697.7698974609375 -236.31082153320312 -127.41790008544922 
v 696.28759765625 -228.0009765625 -127.17051696777344 
v 698.9827270507812 -229.70558166503906 -122.71768188476562 
v 705.9563598632812 -236.31082153320312 -126.92313385009766 
v 705.1478271484375 -230.13172912597656 -122.22291564941406 
v 710.57177734375 -235.4585418701172 -130.2627716064453 
v 712.3909912109375 -241.85073852539062 -133.9734649658203 
v 708.7188720703125 -242.27687072753906 -131.3759765625 
v 693.0870971679688 -248.0298614501953 -136.07620239257812 
v 696.4560546875 -248.0298614501953 -138.5500030517578 
v 692.682861328125 -244.83377075195312 -135.45774841308594 
v 696.22021484375 -244.6206817626953 -137.93154907226562 
v 710.23486328125 -244.6206817626953 -137.68417358398438 
v 709.89794921875 -248.0298614501953 -138.3026123046875 
v 711.9866943359375 -245.04684448242188 -134.71560668945312 
v 711.5824584960938 -248.24293518066406 -135.45774841308594 
v 708.0451049804688 -262.3057556152344 -141.0238037109375 
v 709.7969360351562 -261.8796081542969 -138.54998779296875 
v 694.8389282226562 -261.8796081542969 -139.0447540283203 
v 697.5677490234375 -262.3057556152344 -141.39486694335938 
v 710.57177734375 -241.42459106445312 -136.94203186035156 
v 712.3909912109375 -241.85073852539062 -133.9734649658203 
v 710.57177734375 -235.4585418701172 -130.2627716064453 
v 707.000732421875 -234.39317321777344 -133.9734649658203 
v 708.6177978515625 -228.64019775390625 -126.18099975585938 
v 705.9226684570312 -226.93563842773438 -130.7575225830078 
v 698.8142700195312 -234.39317321777344 -134.34454345703125 
v 699.791259765625 -226.72256469726562 -131.25228881835938 
v 694.1988525390625 -235.24546813964844 -131.12860107421875 
v 696.28759765625 -228.0009765625 -127.17051696777344 
v 712.9299926757812 -237.16311645507812 -128.7784881591797 
v 715.2545166015625 -235.0323944091797 -124.8204116821289 
v 715.2882080078125 -244.40760803222656 -126.3046875 
v 716.7031860351562 -243.12916564941406 -123.95458221435547 
v 692.278564453125 -241.63766479492188 -134.71560668945312 
v 695.95068359375 -241.42459106445312 -137.31309509277344 
v 702.890625 -456.84136962890625 -42.69021224975586 
v 709.3252563476562 -455.98907470703125 -46.7719841003418 
v 701.6441650390625 -401.4423828125 -29.455392837524414 
v 713.0647583007812 -403.5731201171875 -36.010963439941406 
v 704.5077514648438 -379.9220275878906 -27.971115112304688 
v 715.4566650390625 -380.3481750488281 -34.52668762207031 
v 709.5610961914062 -362.6631164550781 -25.4973201751709 
v 722.3292846679688 -362.8761901855469 -32.300270080566406 
v 711.2118530273438 -455.56292724609375 -52.33803176879883 
v 716.4673461914062 -403.78619384765625 -48.5036506652832 
v 707.5060424804688 -455.7760009765625 -57.53301239013672 
v 710.1337890625 -402.08160400390625 -59.75944137573242 
v 700.3976440429688 -456.2021484375 -59.6357421875 
v 697.6351318359375 -399.0986022949219 -63.22276306152344 
v 712.3236083984375 -377.5782165527344 -58.769927978515625 
v 699.993408203125 -376.0867004394531 -61.98586654663086 
v 718.7245483398438 -361.5977478027344 -57.03826904296875 
v 704.3729858398438 -360.5323791503906 -60.501590728759766 
v 718.7582397460938 -379.2828063964844 -47.390445709228516 
v 726.1697998046875 -362.4500427246094 -45.411407470703125 
v 700.3976440429688 -456.2021484375 -59.6357421875 
v 693.8619384765625 -456.6282958984375 -56.54349136352539 
v 697.6351318359375 -399.0986022949219 -63.22276306152344 
v 686.1471557617188 -396.7547912597656 -56.914573669433594 
v 699.993408203125 -376.0867004394531 -61.98586654663086 
v 689.11181640625 -375.8736267089844 -55.30660629272461 
v 704.3729858398438 -360.5323791503906 -60.501590728759766 
v 691.4026489257812 -360.3193054199219 -53.698638916015625 
v 691.8406372070312 -456.84136962890625 -49.98792266845703 
v 682.4750366210938 -396.3286437988281 -44.298194885253906 
v 695.7822265625 -457.054443359375 -44.29818344116211 
v 688.84228515625 -398.4593811035156 -32.9187126159668 
v 702.890625 -456.84136962890625 -42.69021224975586 
v 701.6441650390625 -401.4423828125 -29.455392837524414 
v 692.177490234375 -378.6435852050781 -31.187055587768555 
v 704.5077514648438 -379.9220275878906 -27.971115112304688 
v 695.1758422851562 -361.8108215332031 -28.83694839477539 
v 709.5610961914062 -362.6631164550781 -25.4973201751709 
v 719.9373168945312 -74.80150604248047 -32.05293655395508 
v 715.6925048828125 -71.3923110961914 -33.16614532470703 
v 732.5370483398438 -58.18177795410156 -29.084379196166992 
v 685.8102416992188 -377.1520690917969 -42.56653594970703 
v 687.4947509765625 -360.9585266113281 -40.340118408203125 
v 713.906982421875 -68.83541870117188 -33.41352462768555 
v 712.0203857421875 -73.7361068725586 -33.042457580566406 
v 723.5420532226562 -52.21573257446289 -29.4554500579834 
v 737.6577758789062 -54.55952835083008 -14.860029220581055 
v 725.4286499023438 -48.59348678588867 -14.860030174255371 
v 712.1551513671875 -46.24968719482422 -14.860030174255371 
v 712.6267700195312 -52.4288330078125 -29.702829360961914 
v 696.25390625 -53.70722961425781 -14.860029220581055 
v 699.420654296875 -56.47722625732422 -27.476409912109375 
v 697.5003662109375 -70.11386108398438 -29.70282745361328 
v 701.5093994140625 -83.5374755859375 -26.48688507080078 
v 691.3352661132812 -70.54000854492188 -14.860026359558105 
v 698.7805786132812 -86.52049255371094 -14.860024452209473 
v 701.2061767578125 -88.86428833007812 -14.860023498535156 
v 705.0804443359375 -90.14273834228516 -23.39463233947754 
v 713.0647583007812 -89.0773696899414 -28.713302612304688 
v 712.6941528320312 -93.55191040039062 -26.48688316345215 
v 712.2562255859375 -80.55445098876953 -30.93972396850586 
v 717.4443359375 -84.60284423828125 -30.073894500732422 
v 721.7902221679688 -83.963623046875 -30.93972396850586 
v 725.1254272460938 -93.97805786132812 -27.352712631225586 
v 720.0383911132812 -96.9610824584961 -22.65249252319336 
v 722.8345947265625 -98.02642822265625 -14.86002254486084 
v 719.9373168945312 -74.80150604248047 -32.05293655395508 
v 714.9176635742188 -71.17926025390625 -35.0214958190918 
v 715.6925048828125 -71.3923110961914 -33.16614532470703 
v 711.6161499023438 -73.73611450195312 -36.25839614868164 
v 712.0203857421875 -73.7361068725586 -33.042457580566406 
v 710.8749389648438 -80.34137725830078 -35.63994598388672 
v 712.2562255859375 -80.55445098876953 -30.93972396850586 
v 721.7902221679688 -83.963623046875 -30.93972396850586 
v 715.0524291992188 -85.02899932861328 -33.04245376586914 
v 717.4443359375 -84.60284423828125 -30.073894500732422 
v 712.2562255859375 -80.55445098876953 -30.93972396850586 
v 710.8749389648438 -80.34137725830078 -35.63994598388672 
v 696.3212890625 -97.81336212158203 -30.197582244873047 
v 697.6688232421875 -106.97550201416016 -40.46384811401367 
v 707.5734252929688 -95.6826400756836 -40.834922790527344 
v 706.933349609375 -95.46955871582031 -38.48481369018555 
v 697.9383544921875 -105.69707489013672 -38.237430572509766 
v 696.6918334960938 -97.3872299194336 -28.713302612304688 
v 691.9417114257812 -115.0722885131836 -31.310789108276367 
v 688.4380493164062 -115.28536224365234 -10.901939392089844 
v 689.4149780273438 -97.3872299194336 -10.901942253112793 
v 691.9417114257812 -107.18856811523438 1.7144399881362915 
v 697.0287475585938 -96.96107482910156 1.4670583009719849 
v 697.9383544921875 -105.69706726074219 9.135839462280273 
v 706.933349609375 -95.46955108642578 8.888457298278809 
v 707.5734252929688 -95.68263244628906 11.11487865447998 
v 697.6688232421875 -106.97549438476562 11.485949516296387 
v 696.6918334960938 -97.3872299194336 3.0750277042388916 
v 691.0994873046875 -108.68009185791016 3.3224096298217773 
v 688.3032836914062 -97.8133544921875 -10.530872344970703 
v 687.2252197265625 -117.62915802001953 -10.530869483947754 
v 691.0657958984375 -117.20301055908203 -33.042449951171875 
v 712.6941528320312 -93.55191040039062 -3.1094725131988525 
v 712.9299926757812 -104.41862487792969 -2.491021156311035 
v 720.0383911132812 -96.9610824584961 -6.9438629150390625 
v 721.015380859375 -105.91014862060547 -6.57279109954834 
v 722.8345947265625 -98.02642822265625 -14.86002254486084 
v 722.8682861328125 -106.33629608154297 -14.860020637512207 
v 721.015380859375 -105.91014862060547 -23.023561477661133 
v 720.0383911132812 -96.9610824584961 -22.65249252319336 
v 712.9299926757812 -104.41862487792969 -27.105331420898438 
v 712.6941528320312 -93.55191040039062 -26.48688316345215 
v 705.1478271484375 -230.13169860839844 92.62660217285156 
v 708.6177978515625 -228.64016723632812 96.58468627929688 
v 705.2152099609375 -226.0832977294922 89.53436279296875 
v 708.7188720703125 -223.739501953125 93.12136840820312 
v 705.9226684570312 -226.9355926513672 101.16121673583984 
v 706.0237426757812 -220.7564697265625 96.95575714111328 
v 699.791259765625 -226.72251892089844 101.6559829711914 
v 699.858642578125 -220.54339599609375 97.45051574707031 
v 705.2152099609375 -226.0832977294922 89.53436279296875 
v 705.1478271484375 -230.13169860839844 92.62660217285156 
v 699.0838012695312 -225.6571502685547 90.02911376953125 
v 698.9827270507812 -229.70553588867188 93.12136840820312 
v 696.388671875 -222.88720703125 93.98719787597656 
v 696.28759765625 -228.00094604492188 97.57420349121094 
v 699.858642578125 -220.54339599609375 97.45051574707031 
v 699.791259765625 -226.72251892089844 101.6559829711914 
v 707.101806640625 -261.4533996582031 106.60359191894531 
v 709.7969360351562 -261.8795471191406 108.95368957519531 
v 696.5907592773438 -261.4533996582031 107.09834289550781 
v 694.8389282226562 -261.8795471191406 109.44845581054688 
v 708.0451049804688 -262.3056945800781 111.42749786376953 
v 697.5677490234375 -262.3056945800781 111.7985610961914 
v 708.6177978515625 -228.64016723632812 96.58468627929688 
v 705.1478271484375 -230.13169860839844 92.62660217285156 
v 715.2545166015625 -235.03236389160156 95.22410583496094 
v 711.3466186523438 -235.88465881347656 92.37923431396484 
v 705.9563598632812 -236.310791015625 97.32682800292969 
v 709.0557250976562 -238.015380859375 96.33731842041016 
v 714.311279296875 -243.55528259277344 92.6266098022461 
v 712.8963012695312 -244.83372497558594 94.97672271728516 
v 715.2882080078125 -244.40757751464844 96.70838165283203 
v 716.7031860351562 -243.12913513183594 94.3582763671875 
v 715.2882080078125 -244.40757751464844 96.70838165283203 
v 712.8963012695312 -244.83372497558594 94.97672271728516 
v 712.9299926757812 -237.1630859375 99.18218994140625 
v 709.0557250976562 -238.015380859375 96.33731842041016 
v 710.57177734375 -235.45851135253906 100.66645812988281 
v 705.9563598632812 -236.310791015625 97.32682800292969 
v 733.0760498046875 -482.1970520019531 33.8739013671875 
v 741.8015747070312 -482.1970520019531 31.771169662475586 
v 717.47802734375 -482.1970520019531 33.75020980834961 
v 725.4286499023438 -482.1970520019531 30.410581588745117 
v 701.7115478515625 -482.1970520019531 33.75020980834961 
v 709.96533203125 -482.1970520019531 30.410581588745117 
v 729.5723876953125 -482.1970520019531 24.102392196655273 
v 714.142822265625 -482.1970520019531 24.102392196655273 
v 727.4837036132812 -482.4101257324219 17.175750732421875 
v 744.1597900390625 -482.4101257324219 14.701949119567871 
v 736.1080932617188 -482.4101257324219 10.620182037353516 
v 746.6527709960938 -482.1970520019531 24.473461151123047 
v 693.7272338867188 -482.1970520019531 29.668439865112305 
v 691.2341918945312 -482.4101257324219 21.381210327148438 
v 702.4190063476562 -482.4101257324219 22.74180030822754 
v 704.7435302734375 -482.4101257324219 10.496490478515625 
v 712.0203857421875 -482.4101257324219 17.175750732421875 
v 720.3079223632812 -482.4101257324219 10.620182037353516 
v 696.08544921875 -482.4101257324219 12.59921932220459 
v 702.890625 -456.84136962890625 13.093976020812988 
v 695.7822265625 -457.054443359375 14.701945304870605 
v 704.7435302734375 -482.4101257324219 10.496490478515625 
v 696.08544921875 -482.4101257324219 12.59921932220459 
v 691.8406372070312 -456.84136962890625 20.391685485839844 
v 691.2341918945312 -482.4101257324219 21.381210327148438 
v 693.8619384765625 -456.6282958984375 26.94725799560547 
v 693.7272338867188 -482.1970520019531 29.668439865112305 
v 700.3976440429688 -456.2021484375 30.039505004882812 
v 701.7115478515625 -482.1970520019531 33.75020980834961 
v 732.6044311523438 -473.67413330078125 31.894859313964844 
v 710.9760131835938 -467.0688781738281 31.029027938842773 
v 733.0760498046875 -482.1970520019531 33.8739013671875 
v 717.47802734375 -482.1970520019531 33.75020980834961 
v 700.3976440429688 -456.2021484375 30.039505004882812 
v 701.7115478515625 -482.1970520019531 33.75020980834961 
v 700.3976440429688 -456.2021484375 30.039505004882812 
v 707.5060424804688 -455.7760009765625 27.93677520751953 
v 710.9760131835938 -467.0688781738281 31.029027938842773 
v 716.3662719726562 -466.0035095214844 28.55522918701172 
v 732.6044311523438 -473.67413330078125 31.894859313964844 
v 740.5550537109375 -473.67413330078125 29.668437957763672 
v 733.0760498046875 -482.1970520019531 33.8739013671875 
v 741.8015747070312 -482.1970520019531 31.771169662475586 
v 745.0020141601562 -474.10028076171875 22.741798400878906 
v 746.6527709960938 -482.1970520019531 24.473461151123047 
v 742.778564453125 -474.52642822265625 15.073019981384277 
v 744.1597900390625 -482.4101257324219 14.701949119567871 
v 735.434326171875 -474.739501953125 11.114940643310547 
v 736.1080932617188 -482.4101257324219 10.620182037353516 
v 711.2118530273438 -455.56292724609375 22.74179458618164 
v 719.1624755859375 -465.5773620605469 22.61810874938965 
v 709.3252563476562 -455.98907470703125 17.17574691772461 
v 717.78125 -466.0035095214844 16.43360710144043 
v 712.8626098632812 -467.4950256347656 12.104456901550293 
v 702.890625 -456.84136962890625 13.093976020812988 
v 736.1080932617188 -482.4101257324219 10.620182037353516 
v 735.434326171875 -474.739501953125 11.114940643310547 
v 720.3079223632812 -482.4101257324219 10.620182037353516 
v 712.8626098632812 -467.4950256347656 12.104456901550293 
v 704.7435302734375 -482.4101257324219 10.496490478515625 
v 702.890625 -456.84136962890625 13.093976020812988 
v 712.9299926757812 -104.41862487792969 -2.491021156311035 
v 703.53076171875 -103.14019775390625 -6.572791576385498 
v 712.6941528320312 -93.55191040039062 -3.1094725131988525 
v 705.0804443359375 -90.14273834228516 -6.201723575592041 
v 699.926025390625 -101.86174774169922 -14.860021591186523 
v 701.2061767578125 -88.86428833007812 -14.860023498535156 
v 705.0804443359375 -90.14273834228516 -23.39463233947754 
v 703.53076171875 -103.14019775390625 -23.023561477661133 
v 712.6941528320312 -93.55191040039062 -26.48688316345215 
v 712.9299926757812 -104.41862487792969 -27.105331420898438 
v 705.1478271484375 -230.13172912597656 -122.22291564941406 
v 705.2152099609375 -226.0833282470703 -119.13067626953125 
v 708.6177978515625 -228.64019775390625 -126.18099975585938 
v 708.7188720703125 -223.73953247070312 -122.71768188476562 
v 705.9226684570312 -226.93563842773438 -130.7575225830078 
v 706.0237426757812 -220.7565155029297 -126.55207061767578 
v 699.791259765625 -226.72256469726562 -131.25228881835938 
v 699.858642578125 -220.54344177246094 -127.04682922363281 
v 699.791259765625 -226.72256469726562 -131.25228881835938 
v 699.858642578125 -220.54344177246094 -127.04682922363281 
v 696.28759765625 -228.0009765625 -127.17051696777344 
v 696.388671875 -222.88723754882812 -123.58351135253906 
v 698.9827270507812 -229.70558166503906 -122.71768188476562 
v 699.0838012695312 -225.6571807861328 -119.62542724609375 
v 705.1478271484375 -230.13172912597656 -122.22291564941406 
v 705.2152099609375 -226.0833282470703 -119.13067626953125 
v 707.101806640625 -261.4534606933594 -136.19989013671875 
v 709.7969360351562 -261.8796081542969 -138.54998779296875 
v 696.5907592773438 -261.4534606933594 -136.69464111328125 
v 694.8389282226562 -261.8796081542969 -139.0447540283203 
v 708.0451049804688 -262.3057556152344 -141.0238037109375 
v 697.5677490234375 -262.3057556152344 -141.39486694335938 
v 708.6177978515625 -228.64019775390625 -126.18099975585938 
v 705.1478271484375 -230.13172912597656 -122.22291564941406 
v 715.2545166015625 -235.0323944091797 -124.8204116821289 
v 711.3466186523438 -235.8846893310547 -121.97554016113281 
v 716.7031860351562 -243.12916564941406 -123.95458221435547 
v 714.311279296875 -243.55531311035156 -122.22291564941406 
v 715.2882080078125 -244.40760803222656 -126.3046875 
v 712.8963012695312 -244.83375549316406 -124.57302856445312 
v 709.0557250976562 -238.0154266357422 -125.9336166381836 
v 705.9563598632812 -236.31082153320312 -126.92313385009766 
v 715.2882080078125 -244.40760803222656 -126.3046875 
v 712.8963012695312 -244.83375549316406 -124.57302856445312 
v 712.9299926757812 -237.16311645507812 -128.7784881591797 
v 709.0557250976562 -238.0154266357422 -125.9336166381836 
v 710.57177734375 -235.4585418701172 -130.2627716064453 
v 705.9563598632812 -236.31082153320312 -126.92313385009766 
v 733.0760498046875 -482.1970520019531 -63.470130920410156 
v 741.8015747070312 -482.1970520019531 -61.367401123046875 
v 717.47802734375 -482.1970520019531 -63.346439361572266 
v 725.4286499023438 -482.1970520019531 -60.00680923461914 
v 701.7115478515625 -482.1970520019531 -63.346439361572266 
v 709.96533203125 -482.1970520019531 -60.00680923461914 
v 702.4190063476562 -482.4101257324219 -52.33802795410156 
v 691.2341918945312 -482.4101257324219 -50.977439880371094 
v 696.08544921875 -482.4101257324219 -42.19544982910156 
v 704.7435302734375 -482.4101257324219 -40.09272003173828 
v 714.142822265625 -482.1970520019531 -53.6986198425293 
v 729.5723876953125 -482.1970520019531 -53.6986198425293 
v 746.6527709960938 -482.1970520019531 -54.0696907043457 
v 744.1597900390625 -482.4101257324219 -44.298179626464844 
v 727.4837036132812 -482.4101257324219 -46.77198028564453 
v 712.0203857421875 -482.4101257324219 -46.77198028564453 
v 720.3079223632812 -482.4101257324219 -40.216407775878906 
v 736.1080932617188 -482.4101257324219 -40.216407775878906 
v 693.7272338867188 -482.1970520019531 -59.264671325683594 
v 701.7115478515625 -482.1970520019531 -63.346439361572266 
v 700.3976440429688 -456.2021484375 -59.6357421875 
v 693.7272338867188 -482.1970520019531 -59.264671325683594 
v 693.8619384765625 -456.6282958984375 -56.54349136352539 
v 691.2341918945312 -482.4101257324219 -50.977439880371094 
v 691.8406372070312 -456.84136962890625 -49.98792266845703 
v 696.08544921875 -482.4101257324219 -42.19544982910156 
v 695.7822265625 -457.054443359375 -44.29818344116211 
v 704.7435302734375 -482.4101257324219 -40.09272003173828 
v 702.890625 -456.84136962890625 -42.69021224975586 
v 732.6044311523438 -473.67413330078125 -61.4910888671875 
v 710.9760131835938 -467.0688781738281 -60.62526321411133 
v 733.0760498046875 -482.1970520019531 -63.470130920410156 
v 717.47802734375 -482.1970520019531 -63.346439361572266 
v 700.3976440429688 -456.2021484375 -59.6357421875 
v 701.7115478515625 -482.1970520019531 -63.346439361572266 
v 733.0760498046875 -482.1970520019531 -63.470130920410156 
v 740.5550537109375 -473.67413330078125 -59.264671325683594 
v 741.8015747070312 -482.1970520019531 -61.367401123046875 
v 745.0020141601562 -474.10028076171875 -52.33803176879883 
v 719.1624755859375 -465.5773620605469 -52.2143440246582 
v 716.3662719726562 -466.0035095214844 -58.15146255493164 
v 711.2118530273438 -455.56292724609375 -52.33803176879883 
v 707.5060424804688 -455.7760009765625 -57.53301239013672 
v 710.9760131835938 -467.0688781738281 -60.62526321411133 
v 700.3976440429688 -456.2021484375 -59.6357421875 
v 732.6044311523438 -473.67413330078125 -61.4910888671875 
v 709.3252563476562 -455.98907470703125 -46.7719841003418 
v 717.78125 -466.0035095214844 -46.029842376708984 
v 742.778564453125 -474.52642822265625 -44.66925048828125 
v 746.6527709960938 -482.1970520019531 -54.0696907043457 
v 744.1597900390625 -482.4101257324219 -44.298179626464844 
v 735.434326171875 -474.739501953125 -40.7111701965332 
v 736.1080932617188 -482.4101257324219 -40.216407775878906 
v 702.890625 -456.84136962890625 -42.69021224975586 
v 712.8626098632812 -467.4950256347656 -41.70069122314453 
v 736.1080932617188 -482.4101257324219 -40.216407775878906 
v 720.3079223632812 -482.4101257324219 -40.216407775878906 
v 735.434326171875 -474.739501953125 -40.7111701965332 
v 712.8626098632812 -467.4950256347656 -41.70069122314453 
v 704.7435302734375 -482.4101257324219 -40.09272003173828 
v 702.890625 -456.84136962890625 -42.69021224975586 
v 696.8939819335938 -84.3897705078125 -30.444963455200195 
v 690.4256591796875 -84.81591796875 -14.860024452209473 
v 697.5003662109375 -70.11386108398438 -29.70282745361328 
v 691.3352661132812 -70.54000854492188 -14.860026359558105 
v 696.8939819335938 -84.3897705078125 0.8486058712005615 
v 697.5003662109375 -70.11386108398438 0.10646311193704605 
v 697.5003662109375 -70.11386108398438 -29.70282745361328 
v 696.8939819335938 -84.3897705078125 -30.444963455200195 
v 713.906982421875 -68.83541870117188 -33.41352462768555 
v 706.394287109375 -82.89825439453125 -37.495296478271484 
v 696.3212890625 -97.81336212158203 -30.197582244873047 
v 707.5734252929688 -95.6826400756836 -40.834922790527344 
v 705.8889770507812 -83.75054931640625 -35.3925666809082 
v 706.933349609375 -95.46955871582031 -38.48481369018555 
v 696.6918334960938 -97.3872299194336 -28.713302612304688 
v 697.2308959960938 -85.02899932861328 -28.960683822631836 
v 712.6941528320312 -70.9661636352539 -31.681865692138672 
v 697.7698974609375 -72.24461364746094 -28.342235565185547 
v 696.6918334960938 -97.3872299194336 3.0750277042388916 
v 696.8939819335938 -84.3897705078125 0.8486058712005615 
v 707.5734252929688 -95.68263244628906 11.11487865447998 
v 706.394287109375 -82.89824676513672 7.898934841156006 
v 706.933349609375 -95.46955108642578 8.888457298278809 
v 705.8889770507812 -83.75054168701172 5.796205520629883 
v 697.2308959960938 -85.02899169921875 -0.6356748938560486 
v 697.7698974609375 -72.2446060180664 -1.2541258335113525 
v 712.6941528320312 -70.96615600585938 2.209192991256714 
v 713.906982421875 -68.83541107177734 3.8171634674072266 
v 697.5003662109375 -70.11386108398438 0.10646311193704605 
v 697.0287475585938 -96.96107482910156 1.4670583009719849 
v 696.3212890625 -97.81336212158203 -30.197582244873047 
v 688.3032836914062 -97.8133544921875 -10.530872344970703 
v 696.8939819335938 -84.3897705078125 -30.444963455200195 
v 690.4256591796875 -84.81591796875 -14.860024452209473 
v 696.6918334960938 -97.3872299194336 3.0750277042388916 
v 696.8939819335938 -84.3897705078125 0.8486058712005615 
v 697.2308959960938 -85.02899932861328 -28.960683822631836 
v 691.3352661132812 -85.45511627197266 -14.736333847045898 
v 697.7698974609375 -72.24461364746094 -28.342235565185547 
v 692.177490234375 -72.67076110839844 -14.736336708068848 
v 697.2308959960938 -85.02899169921875 -0.6356748938560486 
v 697.7698974609375 -72.2446060180664 -1.2541258335113525 
v 696.6918334960938 -97.3872299194336 -28.713302612304688 
v 697.2308959960938 -85.02899932861328 -28.960683822631836 
v 689.4149780273438 -97.3872299194336 -10.901942253112793 
v 691.3352661132812 -85.45511627197266 -14.736333847045898 
v 697.0287475585938 -96.96107482910156 1.4670583009719849 
v 697.2308959960938 -85.02899169921875 -0.6356748938560486 
v 715.0524291992188 -85.02899169921875 3.4460959434509277 
v 721.7902221679688 -83.96361541748047 1.343366026878357 
v 710.8749389648438 -80.34136962890625 6.043585300445557 
v 719.9373168945312 -74.80149841308594 2.456573724746704 
v 711.6161499023438 -73.7361068725586 6.662034511566162 
v 714.9176635742188 -71.17925262451172 5.425133228302002 
v 715.0524291992188 -85.02899932861328 -33.04245376586914 
v 710.8749389648438 -80.34137725830078 -35.63994598388672 
v 721.7902221679688 -83.963623046875 -30.93972396850586 
v 719.9373168945312 -74.80150604248047 -32.05293655395508 
v 711.6161499023438 -73.73611450195312 -36.25839614868164 
v 714.9176635742188 -71.17926025390625 -35.0214958190918 
vn 0.0007421137415803969 -0.009972425177693367 1.6247174716710333e-9 
vn 0.0047776661813259125 -0.008784867823123932 1.4312394602811196e-9 
vn 0.0007919943891465664 -0.007453822530806065 -0.00661915959790349 
vn 0.005247650668025017 -0.006518537178635597 -0.005474562756717205 
vn 0.007972466759383678 -0.0014585258904844522 -0.005857686046510935 
vn 0.009636113420128822 -0.0019750031642615795 -0.0018013013759627938 
vn 0.008836532011628151 -0.004681421909481287 7.627019016354097e-10 
vn 0.00033985290792770684 -0.002273866906762123 -0.009732113219797611 
vn 0.007777922786772251 -0.0017603831365704536 -0.006033652927726507 
vn 0.0016152628231793642 -0.0015880775172263384 -0.009740068577229977 
vn 0.007955942302942276 -0.0012854052474722266 -0.0059203640557825565 
vn 0.0014298658352345228 -0.0009815318044275045 -0.009848455898463726 
vn 0.00770752364769578 -0.0010684585431590676 -0.006281120702624321 
vn 0.0013170368038117886 -0.0007639002287760377 -0.009883414022624493 
vn 0.0014104051515460014 -0.0015017391415312886 -0.009785476140677929 
vn 0.007709053810685873 -0.002401315374299884 -0.005899506621062756 
vn 0.009650574065744877 -0.0021460254210978746 0.0015036632539704442 
vn 0.00986340083181858 -0.0009380378760397434 0.0013540375512093306 
vn 0.006040568463504314 -0.0010250024497509003 0.007903221063315868 
vn 0.009773238562047482 -0.0011118906550109386 0.0018020840361714363 
vn 0.009480861015617847 -0.0015880754217505455 0.0027552309911698103 
vn 0.009786087088286877 -0.0003713125770445913 0.0020235185511410236 
vn 0.0085160406306386 0.00024029426276683807 0.0052363453432917595 
vn 0.009937992319464684 -0.0011118910042569041 1.8115038635801994e-10 
vn 0.009636113420128822 -0.001975002698600292 0.001801301958039403 
vn 0.005247650668025017 -0.006518535315990448 0.005474565085023642 
vn 0.007972466759383678 -0.0014585239114239812 0.005857686512172222 
vn 0.0007919943891465664 -0.007453820202499628 0.006619161926209927 
vn 0.00033985290792770684 -0.002273863647133112 0.009732114151120186 
vn 0.007777922786772251 -0.0017603812739253044 0.0060336533933877945 
vn 0.0016152628231793642 -0.001588074374012649 0.009740069508552551 
vn 0.007955942302942276 -0.0012854032684117556 0.005920364521443844 
vn 0.0014298658352345228 -0.0009815286612138152 0.009848455898463726 
vn 0.00770752364769578 -0.0010684564476832747 0.006281121168285608 
vn 0.0013170368038117886 -0.0007638970273546875 0.009883414022624493 
vn 0.0014104051515460014 -0.0015017359983175993 0.009785476140677929 
vn 0.007709053810685873 -0.0024013135116547346 0.005899507086724043 
vn 0.009650574065744877 -0.002146025886759162 -0.0015036625554785132 
vn 0.00986340083181858 -0.0009380382834933698 -0.001354037201963365 
vn 0.006040568463504314 -0.0010250050108879805 -0.007903221063315868 
vn 0.009773238562047482 -0.0011118912370875478 -0.0018020836869254708 
vn 0.009480861015617847 -0.0015880763530731201 -0.0027552302926778793 
vn 0.009786087088286877 -0.0003713132464326918 -0.0020235185511410236 
vn 0.0085160406306386 0.00024029254564084113 -0.0052363453432917595 
vn 0.0058462368324398994 -0.0005895271897315979 -0.008091598749160767 
vn 0.005663912743330002 -0.0005022699479013681 -0.008226045407354832 
vn 0.004960954654961824 -0.00050227006431669 -0.008668140508234501 
vn 0.004777867347002029 0.0003276442876085639 -0.008778645657002926 
vn -0.001073200604878366 0.0006331364274956286 -0.00992206484079361 
vn -0.0012053638929501176 0.000021845324226887897 -0.00992706511169672 
vn -0.0012050187215209007 -0.00024029501946642995 -0.009924221783876419 
vn -0.0012043284950777888 -0.000414974638260901 -0.00991853792220354 
vn -0.0015967139042913914 0.0011553015792742372 -0.009803866036236286 
vn 0.000056639459216967225 0.0017603805754333735 -0.009843670763075352 
vn 0.0004150111344642937 0.0012420590501278639 -0.009913882240653038 
vn 0.008270114660263062 0.0002402924874331802 -0.005616712383925915 
vn 0.00999883096665144 -0.00015292274474631995 2.4914327545477732e-11 
vn 0.008270114660263062 0.000240294320974499 0.005616712383925915 
vn 0.0004150111344642937 0.001242062309756875 0.009913882240653038 
vn 0.000056639459216967225 0.0017603838350623846 0.009843669831752777 
vn -0.0015967139042913914 0.0011553048389032483 0.009803865104913712 
vn 0.004777867347002029 0.0003276471688877791 0.008778645657002926 
vn -0.0012043284950777888 -0.0004149714077357203 0.00991853792220354 
vn 0.004960954654961824 -0.0005022672121413052 0.008668140508234501 
vn -0.0012050187215209007 -0.00024029178894124925 0.009924222715198994 
vn 0.005663912743330002 -0.0005022672703489661 0.008226045407354832 
vn -0.0012053638929501176 0.0000218485583900474 0.00992706511169672 
vn 0.0058462368324398994 -0.0005895245703868568 0.008091598749160767 
vn -0.001073200604878366 0.0006331396871246397 0.00992206484079361 
vn 0.007841142825782299 -0.0018892610678449273 0.005911613814532757 
vn -0.009724460542201996 -0.0020178169943392277 0.0011675988789647818 
vn -0.0003773965290747583 -0.00024029177438933402 0.009989986196160316 
vn -0.008967421017587185 -0.0026549522299319506 0.00354070495814085 
vn -0.00993702095001936 0.0010250038467347622 0.00045274855801835656 
vn -0.009329837746918201 0.003527185646817088 0.000716293347068131 
vn -0.009103379212319851 0.004132458940148354 -0.0002264255308546126 
vn -0.004384886007755995 0.008826283738017082 0.0016939594643190503 
vn -0.008457943797111511 0.005324284080415964 0.00033939065178856254 
vn -0.006858809385448694 0.005250110756605864 0.0050391536206007 
vn -0.00846466701477766 0.005324283614754677 -0.000037721023545600474 
vn -0.00932603795081377 0.003608821425586939 0.00003770697003346868 
vn -0.006858809385448694 0.005250109359622002 -0.005039155017584562 
vn -0.008457943797111511 0.005324283614754677 -0.00033939239801838994 
vn -0.004384886007755995 0.008826282806694508 -0.0016939622582867742 
vn -0.009177025407552719 0.003972681704908609 -6.472313796024309e-10 
vn -0.00991125963628292 0.0013287232723087072 0.00003774195283767767 
vn -0.009103379212319851 0.004132459405809641 0.00022642417752649635 
vn -0.009329837746918201 0.0035271854139864445 -0.0007162944530136883 
vn -0.00993702095001936 0.0010250036139041185 -0.0004527488781604916 
vn -0.009724460542201996 -0.002017817460000515 -0.0011675981804728508 
vn -0.009851431474089622 -0.0017173540545627475 2.797950759969581e-10 
vn -0.009858841076493263 -0.001674292958341539 2.727795211932005e-10 
vn -0.008355587720870972 -0.0011986924801021814 0.005361649673432112 
vn -0.0006791078485548496 -0.0001092309903469868 0.00997631624341011 
vn -0.008154334500432014 0.0007638995884917676 0.005737881641834974 
vn -0.00005659331145579927 0.0009380396804772317 0.009955746121704578 
vn 0.0004150111344642937 0.001242062309756875 0.009913882240653038 
vn -0.007515845354646444 0.0026549536269158125 0.006038484629243612 
vn -0.009993103332817554 0.00037131289718672633 -6.049260398155454e-11 
vn -0.009605493396520615 0.002781098475679755 -4.5309736518284183e-10 
vn -0.007515845354646444 0.0026549517642706633 -0.006038485560566187 
vn -0.008154334500432014 0.0007638977258466184 -0.005737881641834974 
vn 0.0004150111344642937 0.0012420590501278639 -0.009913882240653038 
vn -0.00005659331145579927 0.0009380364790558815 -0.009955746121704578 
vn -0.0006791078485548496 -0.00010923424270004034 -0.00997631624341011 
vn -0.008355587720870972 -0.0011986942263320088 -0.005361649207770824 
vn -0.0003773965290747583 -0.00024029503401834518 -0.009989986196160316 
vn -0.008967421017587185 -0.002654953394085169 -0.0035407040268182755 
vn 0.007841142825782299 -0.0018892630469053984 -0.0059116133488714695 
vn 0.0004150111344642937 0.001242062309756875 0.009913882240653038 
vn -0.00005659331145579927 0.0009380396804772317 0.009955746121704578 
vn 0.008270114660263062 0.000240294320974499 0.005616712383925915 
vn 0.008313088677823544 0.00019661086844280362 0.005554628558456898 
vn 0.00999883096665144 -0.00015292274474631995 2.4914327545477732e-11 
vn 0.009987378492951393 -0.0005022686091251671 8.183010519191569e-11 
vn 0.008313088677823544 0.0001966090640053153 -0.005554628558456898 
vn 0.008270114660263062 0.0002402924874331802 -0.005616712383925915 
vn -0.00005659331145579927 0.0009380364790558815 -0.009955746121704578 
vn 0.0004150111344642937 0.0012420590501278639 -0.009913882240653038 
vn 0.007841142825782299 -0.0018892610678449273 0.005911613814532757 
vn -0.0003773965290747583 -0.00024029177438933402 0.009989986196160316 
vn 0.00840645283460617 -0.0007638977840542793 0.005361716262996197 
vn -0.0006791078485548496 -0.0001092309903469868 0.00997631624341011 
vn 0.008104524575173855 -0.001458524027839303 0.005673569161444902 
vn 0.008104524575173855 -0.0014585258904844522 -0.005673568695783615 
vn -0.0006791078485548496 -0.00010923424270004034 -0.00997631624341011 
vn 0.00840645283460617 -0.0007638995302841067 -0.0053617157973349094 
vn -0.0003773965290747583 -0.00024029503401834518 -0.009989986196160316 
vn 0.007841142825782299 -0.0018892630469053984 -0.0059116133488714695 
vn 0.008396884426474571 0.0026128010358661413 -0.004760840442031622 
vn 0.008229915983974934 0.004092630930244923 -0.003939398098737001 
vn 0.00881925132125616 0.001760381506755948 -0.004372855648398399 
vn 0.008377483114600182 0.004719986580312252 -0.002745815087109804 
vn 0.005446968600153923 0.007820259779691696 -0.003028872422873974 
vn 0.008775420486927032 0.0029067660216242075 -0.0038134909700602293 
vn 0.0032552392221987247 0.006077497731894255 -0.007243440952152014 
vn -0.006858809385448694 0.005250109359622002 -0.005039155017584562 
vn -0.004384886007755995 0.008826282806694508 -0.0016939622582867742 
vn 0.009851431474089622 0.0017173540545627475 -2.7979304983993813e-10 
vn 0.009294222109019756 0.0036901813000440598 -6.01208027806166e-10 
vn 0.00862361304461956 0.005062933545559645 -8.24858181758259e-10 
vn 0.009502431377768517 0.0031150924041867256 -5.075139752896973e-10 
vn 0.009905431419610977 -0.001372016966342926 2.2353037476552373e-10 
vn 0.009757544845342636 -0.002188680926337838 3.5658209718292255e-10 
vn 0.008396884426474571 0.002612802665680647 0.004760839976370335 
vn 0.008229915983974934 0.004092631861567497 0.003939397167414427 
vn 0.008377483114600182 0.004719987511634827 0.0027458134572952986 
vn 0.008775420486927032 0.0029067671857774258 0.0038134900387376547 
vn 0.005446968600153923 0.00782026071101427 0.0030288698617368937 
vn 0.0032552392221987247 0.006077500060200691 0.0072434390895068645 
vn -0.006858809385448694 0.005250110756605864 0.0050391536206007 
vn -0.004384886007755995 0.008826283738017082 0.0016939594643190503 
vn 0.00881925132125616 0.00176038290373981 0.004372855182737112 
vn 0.007841142825782299 -0.0018892610678449273 0.005911613814532757 
vn -0.009724460542201996 -0.0020178169943392277 0.0011675988789647818 
vn 0.0028651433531194925 -0.0059025706723332405 -0.007546562701463699 
vn -0.007691570557653904 -0.0037712606135755777 -0.005159199237823486 
vn 0.0007169425953179598 -0.005580655299127102 -0.008266938850283623 
vn -0.008084922097623348 -0.0032806883100420237 -0.004885808099061251 
vn -0.001368031487800181 0.007094203028827906 0.0069138105027377605 
vn -0.004050973802804947 0.004565193317830563 0.007921402342617512 
vn -0.0030270793940871954 0.008846738375723362 0.0035457026679068804 
vn -0.00810398068279028 0.004369743634015322 0.003902670694515109 
vn -0.004384886007755995 0.008826283738017082 0.0016939594643190503 
vn -0.009329837746918201 0.003527185646817088 0.000716293347068131 
vn -0.008775311522185802 0.001975003629922867 0.004369585309177637 
vn -0.009194547310471535 0.0018463375745341182 0.00347150512970984 
vn -0.009183434769511223 0.0026970533654093742 0.0028966241516172886 
vn -0.001015851623378694 0.006249528378248215 0.007740247529000044 
vn -0.002091572619974613 0.005025207065045834 0.008388838730752468 
vn -0.0028376386035233736 0.0040127430111169815 0.008708943612873554 
vn 0.008154410868883133 0.003486267291009426 0.0046207718551158905 
vn -0.001015851623378694 0.006249528378248215 0.007740247529000044 
vn 0.00791165605187416 0.00360882212407887 0.004937822464853525 
vn -0.000865606009028852 0.006007871590554714 0.007947087287902832 
vn -0.00290435878559947 0.0047968486323952675 0.008279791101813316 
vn 0.006329534575343132 0.0036088223569095135 0.006849335040897131 
vn 0.009240949526429176 -0.0025706011801958084 -0.0028278736863285303 
vn 0.009752421639859676 -0.002017817460000515 -0.0009048097999766469 
vn 0.0011292689014226198 -0.006385008338838816 -0.007612911518663168 
vn 0.002891103969886899 -0.0064853401854634285 -0.007041440345346928 
vn 0.008953959681093693 -0.0024013149086385965 -0.0037497044540941715 
vn 0.0007169425953179598 -0.005580655299127102 -0.008266938850283623 
vn -0.008084922097623348 -0.0032806883100420237 -0.004885808099061251 
vn 0.0007169425953179598 -0.005580655299127102 -0.008266938850283623 
vn -0.007914022542536259 -0.004052726086229086 -0.004576425068080425 
vn 0.0011292689014226198 -0.006385008338838816 -0.007612911518663168 
vn 0.002891103969886899 -0.0064853401854634285 -0.007041440345346928 
vn -0.006462080404162407 -0.005175536032766104 -0.005608506500720978 
vn -0.009145921096205711 0.0021886813919991255 0.003400263376533985 
vn -0.009751731529831886 0.0005895262584090233 0.0021345256827771664 
vn -0.000865606009028852 0.006007871590554714 0.007947087287902832 
vn -0.00290435878559947 0.0047968486323952675 0.008279791101813316 
vn -0.009183434769511223 0.0026970533654093742 0.0028966241516172886 
vn -0.001015851623378694 0.006249528378248215 0.007740247529000044 
vn 0.008154410868883133 0.003486267291009426 0.0046207718551158905 
vn 0.007110110018402338 0.003156583523377776 0.0062834955751895905 
vn -0.001015851623378694 0.006249528378248215 0.007740247529000044 
vn -0.002091572619974613 0.005025207065045834 0.008388838730752468 
vn 0.0050373380072414875 0.002570602111518383 0.0082472562789917 
vn -0.0028376386035233736 0.0040127430111169815 0.008708943612873554 
vn -0.004050973802804947 0.004565193317830563 0.007921402342617512 
vn 0.004686771426349878 0.003239382291212678 0.008218307979404926 
vn -0.001368031487800181 0.007094203028827906 0.0069138105027377605 
vn 0.009676140733063221 -0.0011553028598427773 0.002244455274194479 
vn 0.009799095802009106 -0.0018463371088728309 -0.0007541672675870359 
vn 0.008953959681093693 -0.0024013149086385965 -0.0037497044540941715 
vn 0.0007169425953179598 -0.005580655299127102 -0.008266938850283623 
vn 0.0028651433531194925 -0.0059025706723332405 -0.007546562701463699 
vn 0.007841142825782299 -0.0018892610678449273 0.005911613814532757 
vn 0.008998297154903412 0.0016742936568334699 0.0040283240377902985 
vn 0.0031292831990867853 0.006418575067073107 0.007000677287578583 
vn 0.00563744967803359 0.00756918964907527 0.0033055299427360296 
vn -0.0030270793940871954 0.008846738375723362 0.0035457026679068804 
vn 0.005446968600153923 0.00782026071101427 0.0030288698617368937 
vn -0.004384886007755995 0.008826283738017082 0.0016939594643190503 
vn 0.00881925132125616 0.00176038290373981 0.004372855182737112 
vn 0.009719093330204487 -0.0016742933075875044 -0.0016540767392143607 
vn 0.009713614359498024 -0.0016312003135681152 -0.0017276803264394403 
vn 0.0029540795367211103 -0.002612803364172578 -0.009189487434923649 
vn 0.0029719569720327854 -0.0025706023443490267 -0.009195622056722641 
vn -0.004978124052286148 -0.002612803131341934 -0.008269917219877243 
vn -0.004864103626459837 -0.0026549540925771 -0.00832416396588087 
vn -0.009731474332511425 -0.0007638983079232275 0.0021713750902563334 
vn -0.009778212755918503 -0.0008510005427524447 0.001913727610372007 
vn -0.003447908442467451 -0.006747397594153881 -0.006525684148073196 
vn -0.007734905928373337 -0.006077498663216829 0.0017986763268709183 
vn 0.00775400223210454 -0.00624952744692564 -0.0009049027576111257 
vn 0.0021417951211333275 -0.0067795817740261555 -0.007032068446278572 
vn -0.005532701034098864 -0.002570602111518383 -0.007923460565507412 
vn -0.009734034538269043 0.0014152846997603774 0.0018015374662354589 
vn -0.009637506678700447 0.002654952695593238 0.00026400061324238777 
vn -0.004460058640688658 -0.004251467529684305 -0.007876097224652767 
vn -0.009890571236610413 0.001328723388724029 0.0006411702488549054 
vn -0.0050866929814219475 -0.004719988442957401 -0.007200504187494516 
vn -0.001332708285190165 -0.007155521307140589 -0.006857288535684347 
vn 0.002113889204338193 -0.004251467529684305 -0.008800937794148922 
vn 0.008951101452112198 0.0008510015322826803 0.0043764798901975155 
vn 0.00991211086511612 0.0005459022941067815 -0.0012050108052790165 
vn 0.0034643253311514854 -0.0034862677566707134 -0.00870886817574501 
vn -0.009778212755918503 -0.0008510005427524447 0.001913727610372007 
vn -0.0030817845836281776 0.0015449229395017028 0.0093870023265481 
vn -0.009731474332511425 -0.0007638983079232275 0.0021713750902563334 
vn -0.0030099430587142706 0.0015449229395017028 0.009410284459590912 
vn 0.0050208838656544685 0.0011553046060726047 0.008570647798478603 
vn 0.005023387260735035 0.001111892401240766 0.008574921637773514 
vn 0.009713614359498024 -0.0016312003135681152 -0.0017276803264394403 
vn 0.009719093330204487 -0.0016742933075875044 -0.0016540767392143607 
vn 0.003663982730358839 -0.0063513172790408134 0.006799706257879734 
vn 0.00775400223210454 -0.00624952744692564 -0.0009049027576111257 
vn -0.007734905928373337 -0.006077498663216829 0.0017986763268709183 
vn -0.002431291388347745 -0.006317507475614548 0.007360565476119518 
vn 0.005144711583852768 0.00307354424148798 0.008005327545106411 
vn 0.00991211086511612 0.0005459022941067815 -0.0012050108052790165 
vn 0.008951101452112198 0.0008510015322826803 0.0043764798901975155 
vn 0.004132209811359644 0.004681423306465149 0.007810833863914013 
vn 0.009341489523649216 0.003568037645891309 0.000075443611422088 
vn 0.004802940413355827 0.004565193317830563 0.007489377167075872 
vn -0.002764701144769788 0.004604024812579155 0.00843560229986906 
vn -0.0033285736571997404 0.004873341880738735 0.008072864264249802 
vn -0.009637506678700447 0.002654952695593238 0.00026400061324238777 
vn -0.009890571236610413 0.001328723388724029 0.0006411702488549054 
vn 0.0037905187346041203 -0.0011986918980255723 0.00917578861117363 
vn 0.00876429583877325 0.004642766900360584 -0.0012774302158504725 
vn 0.003950977232307196 -0.0068116337060928345 0.006163718178868294 
vn 0.009290355257689953 -0.0028230424504727125 -0.0023915960919111967 
vn -0.009734034538269043 0.0014152846997603774 0.0018015374662354589 
vn -0.00323467911221087 0.0031980136409401894 0.008905591443181038 
vn 0.0014104051515460014 -0.0015017391415312886 -0.009785476140677929 
vn -0.0058041722513735294 -0.00006554173160111532 -0.008142929524183273 
vn -0.0057422928512096405 -0.00010923395166173577 -0.008186216466128826 
vn -0.009876755066215992 0.0005459022358991206 -0.001466867164708674 
vn -0.009796207770705223 0.0010250033810734749 -0.0017273357370868325 
vn 0.0013170368038117886 -0.0007639002287760377 -0.009883414022624493 
vn -0.005875213071703911 -0.0006331393378786743 -0.008067280054092407 
vn 0.0014298658352345228 -0.0009815318044275045 -0.009848455898463726 
vn -0.005270340479910374 -0.0021460270509123802 -0.008223021402955055 
vn 0.0016152628231793642 -0.0015880775172263384 -0.009740068577229977 
vn -0.006050114519894123 -0.0036495374515652657 -0.007076509762555361 
vn 0.00033985290792770684 -0.002273866906762123 -0.009732113219797611 
vn -0.006514040753245354 -0.006875353865325451 -0.0032088591251522303 
vn 0.0007919943891465664 -0.007453822530806065 -0.00661915959790349 
vn -0.005006305407732725 -0.008656610734760761 1.4103447298907668e-9 
vn 0.0007421137415803969 -0.009972425177693367 1.6247174716710333e-9 
vn 0.0007919943891465664 -0.007453820202499628 0.006619161926209927 
vn -0.006514040753245354 -0.006875352934002876 0.003208861220628023 
vn 0.00033985290792770684 -0.002273863647133112 0.009732114151120186 
vn -0.006050114519894123 -0.003649535123258829 0.007076510693877935 
vn 0.0016152628231793642 -0.001588074374012649 0.009740069508552551 
vn -0.009874301962554455 -0.0005895261419937015 -0.001466502551920712 
vn -0.00971390400081873 -0.0021460256539285183 -0.0010171771282330155 
vn -0.009913519956171513 -0.001285404316149652 -0.00026431656442582607 
vn -0.005270340479910374 -0.0021460242569446564 0.00822302233427763 
vn -0.009675455279648304 -0.002486052457243204 -0.0004528808640316129 
vn 0.0014298658352345228 -0.0009815286612138152 0.009848455898463726 
vn -0.005875213071703911 -0.0006331367185339332 0.008067280054092407 
vn 0.0013170368038117886 -0.0007638970273546875 0.009883414022624493 
vn -0.00971390400081873 -0.0021460254210978746 0.0010171778267249465 
vn -0.007534810341894627 -0.00006554147694259882 -0.0065743704326450825 
vn -0.00821732822805643 0.002697052201256156 -0.005020102020353079 
vn -0.00981984008103609 -0.001889261999167502 -0.000037759898987133056 
vn -0.009913519956171513 -0.0012854041997343302 0.00026431697187945247 
vn -0.009675455279648304 -0.0024860522244125605 0.00045288167893886566 
vn -0.007534810341894627 -0.00006553933781106025 0.0065743704326450825 
vn -0.0075304280035197735 -0.0011553021613508463 0.00647749425843358 
vn -0.007675358559936285 -0.00041497196070849895 0.0063966140151023865 
vn -0.007735331077128649 0.0005895268986932933 0.006310080178081989 
vn -0.00775304576382041 0.0014152853982523084 0.006155261769890785 
vn -0.001073200604878366 0.0006331396871246397 0.00992206484079361 
vn -0.0012053638929501176 0.0000218485583900474 0.00992706511169672 
vn -0.0012050187215209007 -0.00024029178894124925 0.009924222715198994 
vn -0.0012043284950777888 -0.0004149714077357203 0.00991853792220354 
vn -0.0015967139042913914 0.0011553048389032483 0.009803865104913712 
vn 0.000056639459216967225 0.0017603838350623846 0.009843669831752777 
vn -0.00821732822805643 0.0026970538310706615 0.005020101089030504 
vn -0.009446462616324425 0.0032806876115500927 -0.000037709676689701155 
vn -0.009605493396520615 0.002781098475679755 -4.5309736518284183e-10 
vn -0.007515845354646444 0.0026549517642706633 -0.006038485560566187 
vn 0.000056639459216967225 0.0017603805754333735 -0.009843670763075352 
vn 0.0004150111344642937 0.0012420590501278639 -0.009913882240653038 
vn -0.007515845354646444 0.0026549536269158125 0.006038484629243612 
vn 0.0004150111344642937 0.001242062309756875 0.009913882240653038 
vn -0.0015967139042913914 0.0011553015792742372 -0.009803866036236286 
vn -0.0075304280035197735 -0.0011553042568266392 -0.00647749425843358 
vn -0.0012043284950777888 -0.000414974638260901 -0.00991853792220354 
vn -0.007675358559936285 -0.00041497405618429184 -0.006396613549441099 
vn -0.0012050187215209007 -0.00024029501946642995 -0.009924221783876419 
vn -0.007735331077128649 0.0005895248614251614 -0.006310080178081989 
vn -0.0012053638929501176 0.000021845324226887897 -0.00992706511169672 
vn -0.001073200604878366 0.0006331364274956286 -0.00992206484079361 
vn -0.00775304576382041 0.0014152834191918373 -0.0061552622355520725 
vn -0.009796207770705223 0.001025003963150084 0.001727335387840867 
vn -0.009876755066215992 0.0005459027015604079 0.0014668669318780303 
vn -0.0057422928512096405 -0.00010923128138529137 0.008186216466128826 
vn -0.009874301962554455 -0.0005895256181247532 0.0014665027847513556 
vn -0.0058041722513735294 -0.00006553907587658614 0.008142929524183273 
vn 0.0014104051515460014 -0.0015017359983175993 0.009785476140677929 
vn 0.000829736643936485 0.00006553878483828157 -0.009965301491320133 
vn 0.007429470308125019 0.0022312933579087257 -0.006310649216175079 
vn 0.0010177125222980976 -0.0015449230559170246 -0.009827383793890476 
vn 0.007738048210740089 -0.0015017385594546795 -0.006153648253530264 
vn 0.0011492145713418722 -0.0012854058295488358 -0.009850230999290943 
vn 0.007603083737194538 -0.0024437077809125185 -0.006018422544002533 
vn 0.0014104051515460014 -0.0015017391415312886 -0.009785476140677929 
vn 0.007709053810685873 -0.002401315374299884 -0.005899506621062756 
vn 0.009368937462568283 0.0031565825920552015 0.001502995379269123 
vn 0.00986340083181858 -0.0009380378760397434 0.0013540375512093306 
vn 0.005365310236811638 0.0021460268180817366 0.008161373436450958 
vn 0.005982121918350458 -0.00041497169877402484 0.008002625778317451 
vn -0.0013178682420402765 0.0006767397280782461 0.009889653883874416 
vn -0.0012802970595657825 0.000021848556571057998 0.009917679242789745 
vn 0.005710578989237547 -0.0006767367594875395 0.008181155659258366 
vn -0.0015229422133415937 0.0011118925176560879 0.009820608422160149 
vn 0.006040568463504314 -0.0010250024497509003 0.007903221063315868 
vn -0.001073200604878366 0.0006331396871246397 0.00992206484079361 
vn 0.009586358442902565 -0.0023163924925029278 0.0016541056102141738 
vn 0.009650574065744877 -0.0021460254210978746 0.0015036632539704442 
vn -0.0013178682420402765 0.0006767397280782461 0.009889653883874416 
vn -0.007681077811866999 -0.00015292171156033874 0.006401379592716694 
vn -0.0012802970595657825 0.000021848556571057998 0.009917679242789745 
vn -0.007914991118013859 0.000283973291516304 0.006105103064328432 
vn -0.0015229422133415937 0.0011118925176560879 0.009820608422160149 
vn -0.007776350248605013 0.0016742940060794353 0.00606012437492609 
vn -0.001073200604878366 0.0006331396871246397 0.00992206484079361 
vn -0.00775304576382041 0.0014152853982523084 0.006155261769890785 
vn -0.009909790009260178 -0.0007203254499472678 -0.0011301332851871848 
vn -0.00992706511169672 0.000021846744857612066 -0.0012053638929501176 
vn -0.006089218892157078 -0.0008510021143592894 -0.007886521518230438 
vn -0.006266950163990259 -0.0008510021143592894 -0.0077460394240915775 
vn 0.000829736643936485 0.00006553878483828157 -0.009965301491320133 
vn 0.0010177125222980976 -0.0015449230559170246 -0.009827383793890476 
vn -0.006106385495513678 0.00019660867110360414 -0.007916653528809547 
vn 0.0011492145713418722 -0.0012854058295488358 -0.009850230999290943 
vn -0.0057422928512096405 -0.00010923395166173577 -0.008186216466128826 
vn 0.0014104051515460014 -0.0015017391415312886 -0.009785476140677929 
vn 0.003189260605722666 -0.0002839707303792238 0.00947354082018137 
vn 0.0023673526011407375 0.004604024812579155 0.008555618114769459 
vn 0.005467507988214493 0.004211878404021263 0.007236465811729431 
vn -0.009829092770814896 0.0012854040833190084 -0.00131783087272197 
vn -0.009796207770705223 0.0010250033810734749 -0.0017273357370868325 
vn 0.00020760230836458504 0.0005459040985442698 0.009982929565012455 
vn -0.007362387143075466 0.0018033778760582209 0.006522505544126034 
vn 0.0021746824495494366 0.00671508489176631 0.007083670701831579 
vn 0.0078609399497509 0.006181069649755955 -1.0070260181294088e-9 
vn 0.003011109307408333 0.009535891003906727 -1.5535969177804532e-9 
vn -0.001479667262174189 0.009889853186905384 0.000037194316973909736 
vn -0.0014048638986423612 0.0066173798404634 0.007364553399384022 
vn -0.007583448197692633 0.006518536247313023 -1.062004817420359e-9 
vn -0.005870356690138578 0.0049873823300004005 0.006376906298100948 
vn -0.006905357353389263 0.000327646906953305 0.007225558161735535 
vn -0.006279600318521261 -0.0043697417713701725 0.006439874414354563 
vn -0.007155903615057468 -0.004448177292943001 0.005385792814195156 
vn -0.009995967149734497 -0.00028397227288223803 4.6267115139109194e-11 
vn -0.008487933315336704 -0.005287247244268656 8.614053914612896e-10 
vn -0.009341717697679996 -0.003568037645891309 0.000037771533243358135 
vn -0.006834705360233784 -0.0030735419131815434 0.00662118848413229 
vn -0.0021695075556635857 -0.004369741305708885 0.008729181252419949 
vn -0.001653555897064507 -0.003198010614141822 0.00932944193482399 
vn 0.0008478144300170243 -0.006317507475614548 0.007705213036388159 
vn 0.00500339874997735 -0.004873339552432299 0.007156575098633766 
vn 0.00707878777757287 -0.007063339464366436 1.1507662600607205e-9 
vn -0.001143318833783269 -0.008742781355977058 0.00471768993884325 
vn 0.002116083400323987 -0.002528349170461297 0.009440849535167217 
vn 0.00848357006907463 -0.00115530239418149 0.005166654009371996 
vn 0.009641122072935104 -0.002654952695593238 4.325475533306644e-10 
vn 0.00984383374452591 0.001760382205247879 -2.868032200620263e-10 
vn 0.00848357006907463 -0.0011553040239959955 -0.005166654009371996 
vn 0.009106194600462914 -0.004132458940148354 6.732643886842027e-10 
vn 0.006082570180296898 -0.0028649326413869858 -0.007402330636978149 
vn 0.009728017263114452 -0.0023163927253335714 3.7738903668760315e-10 
vn 0.006953307427465916 -0.0010250048944726586 -0.007113429717719555 
vn 0.006657235790044069 0.0006767368759028614 -0.007431234233081341 
vn 0.00707878777757287 -0.007063339464366436 1.1507662600607205e-9 
vn 0.0057784379459917545 -0.008161474019289017 1.329675480832293e-9 
vn 0.0008478144300170243 -0.006317510269582272 -0.00770521117374301 
vn 0.004480695351958275 -0.007063340395689011 -0.0054802000522613525 
vn 0.006082570180296898 -0.0028649303130805492 0.007402331568300724 
vn 0.002116083400323987 -0.0025283521972596645 -0.009440848603844643 
vn 0.003189260605722666 -0.00028397381538525224 -0.00947354082018137 
vn 0.0008478144300170243 -0.006317507475614548 0.007705213036388159 
vn 0.004480695351958275 -0.007063338533043861 0.005480202380567789 
vn 0.002116083400323987 -0.002528349170461297 0.009440849535167217 
vn 0.006953307427465916 -0.001025002566166222 0.007113430183380842 
vn 0.003189260605722666 -0.0002839707303792238 0.00947354082018137 
vn 0.006657235790044069 0.0006767393206246197 0.007431234233081341 
vn 0.005467507988214493 0.004211878404021263 0.007236465811729431 
vn 0.0078609399497509 0.006181069649755955 -1.0070260181294088e-9 
vn 0.005467507988214493 0.004211876075714827 -0.007236467208713293 
vn 0.003189260605722666 -0.0002839707303792238 0.00947354082018137 
vn 0.0023673526011407375 0.004604024812579155 0.008555618114769459 
vn 0.00015059951692819595 0.007820261642336845 0.006230636965483427 
vn -0.00579582154750824 0.003852051217108965 0.007181236520409584 
vn -0.007362387143075466 0.0018033778760582209 0.006522505544126034 
vn -0.0067650615237653255 -0.0033631115220487118 0.0065515972673892975 
vn -0.007155903615057468 -0.004448177292943001 0.005385792814195156 
vn 0.002116083400323987 -0.002528349170461297 0.009440849535167217 
vn -0.002368335844948888 -0.008499464020133018 0.004706390202045441 
vn -0.001143318833783269 -0.008742781355977058 0.00471768993884325 
vn -0.007155903615057468 -0.004448177292943001 0.005385792814195156 
vn -0.0067650615237653255 -0.0033631115220487118 0.0065515972673892975 
vn 0.007841142825782299 -0.0018892630469053984 -0.0059116133488714695 
vn -0.009724460542201996 -0.002017817460000515 -0.0011675981804728508 
vn 0.0028651433531194925 -0.005902567878365517 0.007546564564108849 
vn -0.007691570557653904 -0.003771258983761072 0.005159200634807348 
vn 0.0007169425953179598 -0.005580652970820665 0.008266940712928772 
vn -0.008084922097623348 -0.0032806869130581617 0.004885809496045113 
vn -0.001368031487800181 0.007094200700521469 -0.006913812831044197 
vn -0.004050973802804947 0.004565190989524126 -0.007921404205262661 
vn -0.0030270793940871954 0.008846737444400787 -0.003545705694705248 
vn -0.00810398068279028 0.00436974223703146 -0.003902672091498971 
vn -0.004384886007755995 0.008826282806694508 -0.0016939622582867742 
vn -0.009329837746918201 0.0035271854139864445 -0.0007162944530136883 
vn -0.008775311522185802 0.001975002232939005 -0.004369586240500212 
vn -0.009194547310471535 0.0018463364103809 -0.003471505595371127 
vn -0.009183434769511223 0.0026970524340867996 -0.0028966248501092196 
vn -0.001015851623378694 0.006249526049941778 -0.007740249391645193 
vn -0.002091572619974613 0.00502520427107811 -0.008388840593397617 
vn -0.0028376386035233736 0.004012740217149258 -0.008708944544196129 
vn 0.008154410868883133 0.0034862656611949205 -0.004620772786438465 
vn -0.001015851623378694 0.006249526049941778 -0.007740249391645193 
vn 0.00791165605187416 0.0036088204942643642 -0.004937823861837387 
vn -0.000865606009028852 0.006007869262248278 -0.007947089150547981 
vn -0.00290435878559947 0.004796845838427544 -0.008279792964458466 
vn 0.006329534575343132 0.0036088202614337206 -0.006849335972219706 
vn 0.009240949526429176 -0.002570600248873234 0.002827874617651105 
vn 0.009752421639859676 -0.0020178169943392277 0.000904810440260917 
vn 0.0011292689014226198 -0.006385005544871092 0.0076129138469696045 
vn 0.002891103969886899 -0.006485337857156992 0.007041442207992077 
vn 0.008953959681093693 -0.0024013137444853783 0.003749705385416746 
vn 0.0007169425953179598 -0.005580652970820665 0.008266940712928772 
vn -0.008084922097623348 -0.0032806869130581617 0.004885809496045113 
vn 0.0007169425953179598 -0.005580652970820665 0.008266940712928772 
vn -0.007914022542536259 -0.004052724223583937 0.004576426465064287 
vn 0.0011292689014226198 -0.006385005544871092 0.0076129138469696045 
vn 0.002891103969886899 -0.006485337857156992 0.007041442207992077 
vn -0.006462080404162407 -0.0051755341701209545 0.005608508363366127 
vn -0.009145921096205711 0.002188680460676551 -0.003400264075025916 
vn -0.009751731529831886 0.0005895255599170923 -0.00213452591560781 
vn -0.000865606009028852 0.006007869262248278 -0.007947089150547981 
vn -0.00290435878559947 0.004796845838427544 -0.008279792964458466 
vn -0.009183434769511223 0.0026970524340867996 -0.0028966248501092196 
vn -0.001015851623378694 0.006249526049941778 -0.007740249391645193 
vn 0.008154410868883133 0.0034862656611949205 -0.004620772786438465 
vn 0.007110110018402338 0.0031565814279019833 -0.006283496506512165 
vn -0.001015851623378694 0.006249526049941778 -0.007740249391645193 
vn -0.002091572619974613 0.00502520427107811 -0.008388840593397617 
vn 0.0050373380072414875 0.002570599550381303 -0.0082472562789917 
vn -0.0028376386035233736 0.004012740217149258 -0.008708944544196129 
vn -0.004050973802804947 0.004565190989524126 -0.007921404205262661 
vn 0.004686771426349878 0.0032393797300755978 -0.008218308910727501 
vn -0.001368031487800181 0.007094200700521469 -0.006913812831044197 
vn 0.009676140733063221 -0.0011553035583347082 -0.0022444548085331917 
vn 0.009799095802009106 -0.0018463368760421872 0.0007541679078713059 
vn 0.008953959681093693 -0.0024013137444853783 0.003749705385416746 
vn 0.0007169425953179598 -0.005580652970820665 0.008266940712928772 
vn 0.0028651433531194925 -0.005902567878365517 0.007546564564108849 
vn 0.007841142825782299 -0.0018892630469053984 -0.0059116133488714695 
vn 0.008998297154903412 0.0016742923762649298 -0.004028324503451586 
vn 0.0031292831990867853 0.00641857273876667 -0.007000679150223732 
vn 0.00563744967803359 0.007569188717752695 -0.003305532271042466 
vn -0.0030270793940871954 0.008846737444400787 -0.003545705694705248 
vn 0.005446968600153923 0.007820259779691696 -0.003028872422873974 
vn -0.004384886007755995 0.008826282806694508 -0.0016939622582867742 
vn 0.00881925132125616 0.001760381506755948 -0.004372855648398399 
vn 0.009719093330204487 -0.0016742927255108953 0.0016540773212909698 
vn 0.009713614359498024 -0.001631199731491506 0.0017276807921007276 
vn 0.0029540795367211103 -0.0026128003373742104 0.009189488366246223 
vn 0.0029719569720327854 -0.002570599317550659 0.009195622988045216 
vn -0.004978124052286148 -0.0026128003373742104 0.008269918151199818 
vn -0.004864103626459837 -0.002654951298609376 0.008324164897203445 
vn -0.009731474332511425 -0.0007638990064151585 -0.0021713748574256897 
vn -0.009778212755918503 -0.0008510011830367148 -0.0019137273775413632 
vn -0.003447908442467451 -0.006747395731508732 0.006525686476379633 
vn -0.007734905928373337 -0.006077499128878117 -0.0017986743478104472 
vn 0.00775400223210454 -0.006249526981264353 0.0009049047948792577 
vn 0.0021417951211333275 -0.006779579445719719 0.007032070774585009 
vn -0.005532701034098864 -0.002570599550381303 0.007923460565507412 
vn -0.009734034538269043 0.0014152841176837683 -0.0018015379318967462 
vn -0.009637506678700447 0.002654952695593238 -0.0002640014863573015 
vn -0.004460058640688658 -0.004251464735716581 0.007876098155975342 
vn -0.009890571236610413 0.0013287231558933854 -0.0006411706563085318 
vn -0.0050866929814219475 -0.004719986114650965 0.007200506050139666 
vn -0.001332708285190165 -0.007155518978834152 0.006857290863990784 
vn 0.002113889204338193 -0.004251464735716581 0.008800938725471497 
vn 0.008951101452112198 0.0008510001352988183 -0.0043764798901975155 
vn 0.00991211086511612 0.000545902643352747 0.0012050105724483728 
vn 0.0034643253311514854 -0.0034862649627029896 0.008708869107067585 
vn -0.009778212755918503 -0.0008510011830367148 -0.0019137273775413632 
vn -0.0030817845836281776 0.0015449199127033353 -0.009387003257870674 
vn -0.009731474332511425 -0.0007638990064151585 -0.0021713748574256897 
vn -0.0030099430587142706 0.0015449199127033353 -0.009410285390913486 
vn 0.0050208838656544685 0.0011553018121048808 -0.008570647798478603 
vn 0.005023387260735035 0.0011118896072730422 -0.008574921637773514 
vn 0.009713614359498024 -0.001631199731491506 0.0017276807921007276 
vn 0.009719093330204487 -0.0016742927255108953 0.0016540773212909698 
vn 0.003663982730358839 -0.00635131960734725 -0.0067997039295732975 
vn 0.00775400223210454 -0.006249526981264353 0.0009049047948792577 
vn -0.007734905928373337 -0.006077499128878117 -0.0017986743478104472 
vn -0.002431291388347745 -0.006317509803920984 -0.007360563613474369 
vn 0.005144711583852768 0.0030735416803508997 -0.008005328476428986 
vn 0.00991211086511612 0.000545902643352747 0.0012050105724483728 
vn 0.008951101452112198 0.0008510001352988183 -0.0043764798901975155 
vn 0.004132209811359644 0.004681420512497425 -0.007810835260897875 
vn 0.009341489523649216 0.003568037645891309 -0.00007544477557530627 
vn 0.004802940413355827 0.004565190989524126 -0.007489378564059734 
vn -0.002764701144769788 0.004604022018611431 -0.008435603231191635 
vn -0.0033285736571997404 0.004873339552432299 -0.00807286612689495 
vn -0.009637506678700447 0.002654952695593238 -0.0002640014863573015 
vn -0.009890571236610413 0.0013287231558933854 -0.0006411706563085318 
vn 0.0037905187346041203 -0.001198694808408618 -0.00917578861117363 
vn 0.00876429583877325 0.004642767366021872 0.0012774287024512887 
vn 0.003950977232307196 -0.006811636034399271 -0.006163715850561857 
vn 0.009290355257689953 -0.002823041519150138 0.0023915970232337713 
vn -0.009734034538269043 0.0014152841176837683 -0.0018015379318967462 
vn -0.00323467911221087 0.003198010614141822 -0.008905592374503613 
vn 0.000829736643936485 0.0000655420299153775 0.009965301491320133 
vn 0.007429470308125019 0.0022312954533845186 0.006310648750513792 
vn 0.0010177125222980976 -0.0015449197962880135 0.00982738472521305 
vn 0.007738048210740089 -0.0015017365803942084 0.006153648719191551 
vn 0.0011492145713418722 -0.0012854026863351464 0.009850230999290943 
vn 0.007603083737194538 -0.0024437056854367256 0.00601842300966382 
vn 0.0014104051515460014 -0.0015017359983175993 0.009785476140677929 
vn 0.007709053810685873 -0.0024013135116547346 0.005899507086724043 
vn 0.009368937462568283 0.0031565821263939142 -0.0015029964270070195 
vn 0.00986340083181858 -0.0009380382834933698 -0.001354037201963365 
vn 0.005365310236811638 0.0021460242569446564 -0.008161374367773533 
vn 0.005982121918350458 -0.00041497431811876595 -0.008002625778317451 
vn -0.0013178682420402765 0.000676736468449235 -0.009889653883874416 
vn -0.0012802970595657825 0.0000218453260458773 -0.009917679242789745 
vn 0.005710578989237547 -0.0006767394370399415 -0.008181155659258366 
vn -0.0015229422133415937 0.0011118893744423985 -0.009820608422160149 
vn 0.006040568463504314 -0.0010250050108879805 -0.007903221063315868 
vn -0.001073200604878366 0.0006331364274956286 -0.00992206484079361 
vn 0.009586358442902565 -0.0023163931909948587 -0.001654104795306921 
vn 0.009650574065744877 -0.002146025886759162 -0.0015036625554785132 
vn -0.0013178682420402765 0.000676736468449235 -0.009889653883874416 
vn -0.007681077811866999 -0.0001529237924842164 -0.006401379592716694 
vn -0.0012802970595657825 0.0000218453260458773 -0.009917679242789745 
vn -0.007914991118013859 0.0002839712833520025 -0.006105103064328432 
vn -0.0015229422133415937 0.0011118893744423985 -0.009820608422160149 
vn -0.007776350248605013 0.0016742920270189643 -0.0060601248405873775 
vn -0.001073200604878366 0.0006331364274956286 -0.00992206484079361 
vn -0.00775304576382041 0.0014152834191918373 -0.0061552622355520725 
vn -0.009909790009260178 -0.0007203251007013023 0.0011301335180178285 
vn -0.00992706511169672 0.000021847137759323232 0.0012053638929501176 
vn -0.006089218892157078 -0.0008509995532222092 0.007886521518230438 
vn -0.006266950163990259 -0.0008509996114298701 0.007746039889752865 
vn 0.000829736643936485 0.0000655420299153775 0.009965301491320133 
vn 0.0010177125222980976 -0.0015449197962880135 0.00982738472521305 
vn -0.006106385495513678 0.00019661124679259956 0.007916653528809547 
vn 0.0011492145713418722 -0.0012854026863351464 0.009850230999290943 
vn -0.0057422928512096405 -0.00010923128138529137 0.008186216466128826 
vn 0.0014104051515460014 -0.0015017359983175993 0.009785476140677929 
vn 0.003189260605722666 -0.00028397381538525224 -0.00947354082018137 
vn 0.0023673526011407375 0.004604022018611431 -0.008555619046092033 
vn 0.005467507988214493 0.004211876075714827 -0.007236467208713293 
vn -0.009829092770814896 0.0012854044325649738 0.0013178305234760046 
vn -0.009796207770705223 0.001025003963150084 0.001727335387840867 
vn 0.00020760230836458504 0.0005459008389152586 -0.009982929565012455 
vn -0.007362387143075466 0.001803375780582428 -0.006522506009787321 
vn 0.0021746824495494366 0.006715082563459873 -0.0070836725644767284 
vn 0.0078609399497509 0.006181069649755955 -1.0070260181294088e-9 
vn 0.003011109307408333 0.009535891003906727 -1.5535969177804532e-9 
vn -0.001479667262174189 0.009889853186905384 0.000037194316973909736 
vn -0.0014048638986423612 0.006617377512156963 -0.007364555262029171 
vn -0.007583448197692633 0.006518536247313023 -1.062004817420359e-9 
vn -0.005870356690138578 0.004987380467355251 -0.0063769081607460976 
vn -0.006905357353389263 0.000327644549543038 -0.007225558161735535 
vn -0.006279600318521261 -0.004369744099676609 -0.006439873017370701 
vn -0.009995967149734497 -0.00028397227288223803 4.6267115139109194e-11 
vn -0.008487933315336704 -0.005287247244268656 8.614053914612896e-10 
vn -0.009341717697679996 -0.003568037645891309 0.000037771533243358135 
vn -0.006834705360233784 -0.0030735440086573362 -0.006621187552809715 
vn -0.0021695075556635857 -0.004369744099676609 -0.0087291793897748 
vn -0.001653555897064507 -0.0031980136409401894 -0.009329441003501415 
vn -0.007155903615057468 -0.00444817915558815 -0.005385791417211294 
vn -0.001143318833783269 -0.008742782287299633 -0.004717687144875526 
vn 0.002116083400323987 -0.0025283521972596645 -0.009440848603844643 
vn 0.0008478144300170243 -0.006317510269582272 -0.00770521117374301 
vn 0.00500339874997735 -0.004873341880738735 -0.007156573235988617 
vn 0.00707878777757287 -0.007063339464366436 1.1507662600607205e-9 
vn 0.003189260605722666 -0.00028397381538525224 -0.00947354082018137 
vn 0.00015059951692819595 0.007820259779691696 -0.006230639293789864 
vn 0.0023673526011407375 0.004604022018611431 -0.008555619046092033 
vn -0.00579582154750824 0.0038520488888025284 -0.007181237917393446 
vn -0.007362387143075466 0.001803375780582428 -0.006522506009787321 
vn -0.0067650615237653255 -0.0033631136175245047 -0.0065515958704054356 
vn -0.007155903615057468 -0.00444817915558815 -0.005385791417211294 
vn 0.002116083400323987 -0.0025283521972596645 -0.009440848603844643 
vn -0.002368335844948888 -0.008499464951455593 -0.004706387408077717 
vn -0.001143318833783269 -0.008742782287299633 -0.004717687144875526 
vn -0.007155903615057468 -0.00444817915558815 -0.005385791417211294 
vn -0.0067650615237653255 -0.0033631136175245047 -0.0065515958704054356 
vn -0.008564145304262638 0.0019750020001083612 -0.004770197905600071 
vn 0.0003020708682015538 -0.004172209650278091 -0.009083029814064503 
vn 0.0056166634894907475 -0.0023163941223174334 -0.00794275850057602 
vn 0.008395214565098286 -0.002948545152321458 0.00456360075622797 
vn 0.008089566603302956 -0.004949461668729782 0.003172024618834257 
vn 0.008564145304262638 -0.0019750020001083612 0.004770197905600071 
vn 0.009054894559085369 -0.003730755764991045 0.0020224617328494787 
vn 0.009301362559199333 -0.003608821192756295 0.0006790118059143424 
vn 0.009829912334680557 -0.0016742930747568607 -0.0007546865963377059 
vn 0.008500185795128345 -0.004448178689926863 -0.002821443136781454 
vn 0.007721878122538328 -0.00278109940700233 -0.0057129752822220325 
vn 0.006750426720827818 -0.006181070115417242 -0.004028164315968752 
vn 0.008164528757333755 -0.0030735437758266926 -0.0048881289549171925 
vn 0.0061375293880701065 -0.001760380924679339 0.007696219254285097 
vn -0.0001509770954726264 -0.006215356290340424 0.007832403294742107 
vn -0.0076813651248812675 0.00278109940700233 0.005767331924289465 
vn -0.003840186633169651 -0.007306413259357214 0.005645289551466703 
vn -0.009832795709371567 0.0016742930747568607 0.0007161489338614047 
vn -0.003337264060974121 -0.009078914299607277 0.002536923624575138 
vn -0.001910719438455999 -0.00818664487451315 -0.005415532272309065 
vn -0.001653555897064507 -0.003198010614141822 0.00932944193482399 
vn 0.0032552392221987247 0.006077500060200691 0.0072434390895068645 
vn 0.00500339874997735 -0.004873339552432299 0.007156575098633766 
vn 0.008775420486927032 0.0029067671857774258 0.0038134900387376547 
vn 0.00707878777757287 -0.007063339464366436 1.1507662600607205e-9 
vn 0.009851431474089622 0.0017173540545627475 -2.7979304983993813e-10 
vn 0.008775420486927032 0.0029067660216242075 -0.0038134909700602293 
vn 0.00500339874997735 -0.004873341880738735 -0.007156573235988617 
vn 0.0032552392221987247 0.006077497731894255 -0.007243440952152014 
vn -0.001653555897064507 -0.0031980136409401894 -0.009329441003501415 
vn 0.002113889204338193 -0.004251467529684305 -0.008800937794148922 
vn 0.009341489523649216 0.003568037645891309 0.000075443611422088 
vn 0.002891103969886899 -0.0064853401854634285 -0.007041440345346928 
vn 0.009752421639859676 -0.002017817460000515 -0.0009048097999766469 
vn 0.004802940413355827 0.004565193317830563 0.007489377167075872 
vn 0.006329534575343132 0.0036088223569095135 0.006849335040897131 
vn -0.0033285736571997404 0.004873341880738735 0.008072864264249802 
vn -0.00290435878559947 0.0047968486323952675 0.008279791101813316 
vn 0.002891103969886899 -0.0064853401854634285 -0.007041440345346928 
vn 0.002113889204338193 -0.004251467529684305 -0.008800937794148922 
vn -0.006462080404162407 -0.005175536032766104 -0.005608506500720978 
vn -0.0050866929814219475 -0.004719988442957401 -0.007200504187494516 
vn -0.009751731529831886 0.0005895262584090233 0.0021345256827771664 
vn -0.009890571236610413 0.001328723388724029 0.0006411702488549054 
vn -0.00290435878559947 0.0047968486323952675 0.008279791101813316 
vn -0.0033285736571997404 0.004873341880738735 0.008072864264249802 
vn 0.0021417951211333275 -0.0067795817740261555 -0.007032068446278572 
vn 0.00775400223210454 -0.00624952744692564 -0.0009049027576111257 
vn -0.003447908442467451 -0.006747397594153881 -0.006525684148073196 
vn -0.007734905928373337 -0.006077498663216829 0.0017986763268709183 
vn 0.003663982730358839 -0.0063513172790408134 0.006799706257879734 
vn -0.002431291388347745 -0.006317507475614548 0.007360565476119518 
vn 0.009341489523649216 0.003568037645891309 0.000075443611422088 
vn 0.002113889204338193 -0.004251467529684305 -0.008800937794148922 
vn 0.00876429583877325 0.004642766900360584 -0.0012774302158504725 
vn -0.0002263426431454718 0.0004149713786318898 -0.009988822042942047 
vn -0.001332708285190165 -0.007155521307140589 -0.006857288535684347 
vn -0.006666374392807484 -0.007453821133822203 1.2143853700408158e-9 
vn 0.0005469543393701315 -0.004911449737846851 -0.008693589828908443 
vn -0.004661952145397663 -0.008846737444400787 0.00003784711589105427 
vn 0.003950977232307196 -0.0068116337060928345 0.006163718178868294 
vn 0.009290355257689953 -0.0028230424504727125 -0.0023915960919111967 
vn 0.003950977232307196 -0.0068116337060928345 0.006163718178868294 
vn -0.004661952145397663 -0.008846737444400787 0.00003784711589105427 
vn 0.0037905187346041203 -0.0011986918980255723 0.00917578861117363 
vn -0.006666374392807484 -0.007453821133822203 1.2143853700408158e-9 
vn 0.008951101452112198 0.0008510015322826803 0.0043764798901975155 
vn -0.001332708285190165 -0.007155521307140589 -0.006857288535684347 
vn 0.0011113660875707865 -0.005902567878365517 0.007995283231139183 
vn 0.0049239639192819595 -0.005212871357798576 0.006969974841922522 
vn 0.00011338741751387715 -0.0063513172790408134 0.00772320618852973 
vn -0.000019445375073701143 -0.00999961793422699 0.00008519738912582397 
vn -0.0015937575371935964 -0.006042740773409605 0.00780674209818244 
vn -0.000019445375073701143 -0.00999961793422699 0.00008519738912582397 
vn -0.000019445375073701143 -0.00999961793422699 0.00008519738912582397 
vn -0.000019445375073701143 -0.00999961793422699 0.00008519738912582397 
vn -0.000019445375073701143 -0.00999961793422699 0.00008519738912582397 
vn 0.00648997537791729 -0.005688943434506655 -0.005051349755376577 
vn 0.001942350878380239 -0.006215359084308147 -0.007589241489768028 
vn 0.008278284221887589 -0.005361218936741352 0.00165146857034415 
vn -0.006026321090757847 -0.005972882732748985 0.005292269866913557 
vn -0.007789884228259325 -0.0062153576873242855 -0.0008288700482808053 
vn -0.000019445375073701143 -0.00999961793422699 0.00008519738912582397 
vn -0.0007726571639068425 -0.0065185376442968845 -0.007543982472270727 
vn -0.000019445375073701143 -0.00999961793422699 0.00008519738912582397 
vn -0.000018898395865107886 -0.0067795817740261555 -0.007350980769842863 
vn -0.004618960432708263 -0.0060427431017160416 -0.0064923386089503765 
vn 0.000829736643936485 0.00006553878483828157 -0.009965301491320133 
vn -0.006089218892157078 -0.0008510021143592894 -0.007886521518230438 
vn -0.0007726571639068425 -0.0065185376442968845 -0.007543982472270727 
vn -0.004618960432708263 -0.0060427431017160416 -0.0064923386089503765 
vn -0.009909790009260178 -0.0007203254499472678 -0.0011301332851871848 
vn -0.007789884228259325 -0.0062153576873242855 -0.0008288700482808053 
vn -0.007681077811866999 -0.00015292171156033874 0.006401379592716694 
vn -0.006026321090757847 -0.005972882732748985 0.005292269866913557 
vn -0.0013178682420402765 0.0006767397280782461 0.009889653883874416 
vn -0.0015937575371935964 -0.006042740773409605 0.00780674209818244 
vn 0.0015585897490382195 0.0044090040028095245 0.008839201182126999 
vn 0.001315960194915533 0.002864933107048273 0.009490015916526318 
vn 0.0011113660875707865 -0.005902567878365517 0.007995283231139183 
vn 0.00011338741751387715 -0.0063513172790408134 0.00772320618852973 
vn -0.0013178682420402765 0.0006767397280782461 0.009889653883874416 
vn -0.0015937575371935964 -0.006042740773409605 0.00780674209818244 
vn -0.0013178682420402765 0.0006767397280782461 0.009889653883874416 
vn 0.005365310236811638 0.0021460268180817366 0.008161373436450958 
vn 0.001315960194915533 0.002864933107048273 0.009490015916526318 
vn 0.003858569310978055 0.00693854782730341 0.00608013104647398 
vn 0.0015585897490382195 0.0044090040028095245 0.008839201182126999 
vn 0.0049011497758328915 0.00621535861864686 0.0061113047413527966 
vn 0.0011113660875707865 -0.005902567878365517 0.007995283231139183 
vn 0.0049239639192819595 -0.005212871357798576 0.006969974841922522 
vn 0.007824799977242947 0.006181069649755955 0.0007529154536314309 
vn 0.008278284221887589 -0.005361218936741352 0.00165146857034415 
vn 0.006412673741579056 0.0056168572045862675 -0.005227669607847929 
vn 0.00648997537791729 -0.005688943434506655 -0.005051349755376577 
vn 0.00238580210134387 0.004487267229706049 -0.00861233938485384 
vn 0.001942350878380239 -0.006215359084308147 -0.007589241489768028 
vn 0.009368937462568283 0.0031565825920552015 0.001502995379269123 
vn 0.005211959592998028 0.008522404357790947 0.0004517815832514316 
vn 0.007429470308125019 0.0022312933579087257 -0.006310649216175079 
vn 0.0045321001671254635 0.0077378940768539906 -0.004425501450896263 
vn 0.001819284399971366 0.003321930533275008 -0.009254997596144676 
vn 0.000829736643936485 0.00006553878483828157 -0.009965301491320133 
vn 0.001942350878380239 -0.006215359084308147 -0.007589241489768028 
vn 0.00238580210134387 0.004487267229706049 -0.00861233938485384 
vn -0.000018898395865107886 -0.0067795817740261555 -0.007350980769842863 
vn 0.001819284399971366 0.003321930533275008 -0.009254997596144676 
vn -0.0007726571639068425 -0.0065185376442968845 -0.007543982472270727 
vn 0.000829736643936485 0.00006553878483828157 -0.009965301491320133 
vn 0.0032552392221987247 0.006077500060200691 0.0072434390895068645 
vn -0.006858809385448694 0.005250110756605864 0.0050391536206007 
vn -0.001653555897064507 -0.003198010614141822 0.00932944193482399 
vn -0.006834705360233784 -0.0030735419131815434 0.00662118848413229 
vn -0.00932603795081377 0.003608821425586939 0.00003770697003346868 
vn -0.009341717697679996 -0.003568037645891309 0.000037771533243358135 
vn -0.006834705360233784 -0.0030735440086573362 -0.006621187552809715 
vn -0.006858809385448694 0.005250109359622002 -0.005039155017584562 
vn -0.001653555897064507 -0.0031980136409401894 -0.009329441003501415 
vn 0.0032552392221987247 0.006077497731894255 -0.007243440952152014 
vn 0.002113889204338193 -0.004251464735716581 0.008800938725471497 
vn 0.002891103969886899 -0.006485337857156992 0.007041442207992077 
vn 0.009341489523649216 0.003568037645891309 -0.00007544477557530627 
vn 0.009752421639859676 -0.0020178169943392277 0.000904810440260917 
vn 0.004802940413355827 0.004565190989524126 -0.007489378564059734 
vn 0.006329534575343132 0.0036088202614337206 -0.006849335972219706 
vn -0.0033285736571997404 0.004873339552432299 -0.00807286612689495 
vn -0.00290435878559947 0.004796845838427544 -0.008279792964458466 
vn -0.0033285736571997404 0.004873339552432299 -0.00807286612689495 
vn -0.00290435878559947 0.004796845838427544 -0.008279792964458466 
vn -0.009890571236610413 0.0013287231558933854 -0.0006411706563085318 
vn -0.009751731529831886 0.0005895255599170923 -0.00213452591560781 
vn -0.0050866929814219475 -0.004719986114650965 0.007200506050139666 
vn -0.006462080404162407 -0.0051755341701209545 0.005608508363366127 
vn 0.002113889204338193 -0.004251464735716581 0.008800938725471497 
vn 0.002891103969886899 -0.006485337857156992 0.007041442207992077 
vn 0.0021417951211333275 -0.006779579445719719 0.007032070774585009 
vn 0.00775400223210454 -0.006249526981264353 0.0009049047948792577 
vn -0.003447908442467451 -0.006747395731508732 0.006525686476379633 
vn -0.007734905928373337 -0.006077499128878117 -0.0017986743478104472 
vn 0.003663982730358839 -0.00635131960734725 -0.0067997039295732975 
vn -0.002431291388347745 -0.006317509803920984 -0.007360563613474369 
vn 0.009341489523649216 0.003568037645891309 -0.00007544477557530627 
vn 0.002113889204338193 -0.004251464735716581 0.008800938725471497 
vn 0.00876429583877325 0.004642767366021872 0.0012774287024512887 
vn -0.0002263426431454718 0.000414974638260901 0.009988822042942047 
vn 0.009290355257689953 -0.002823041519150138 0.0023915970232337713 
vn 0.0005469543393701315 -0.0049114469438791275 0.008693591691553593 
vn 0.003950977232307196 -0.006811636034399271 -0.006163715850561857 
vn -0.004661952145397663 -0.008846737444400787 -0.00003784423097386025 
vn -0.006666374392807484 -0.007453821133822203 1.2143853700408158e-9 
vn -0.001332708285190165 -0.007155518978834152 0.006857290863990784 
vn 0.003950977232307196 -0.006811636034399271 -0.006163715850561857 
vn -0.004661952145397663 -0.008846737444400787 -0.00003784423097386025 
vn 0.0037905187346041203 -0.001198694808408618 -0.00917578861117363 
vn -0.006666374392807484 -0.007453821133822203 1.2143853700408158e-9 
vn 0.008951101452112198 0.0008510001352988183 -0.0043764798901975155 
vn -0.001332708285190165 -0.007155518978834152 0.006857290863990784 
vn 0.0011113660875707865 -0.0059025706723332405 -0.007995281368494034 
vn 0.0049239639192819595 -0.005212873686105013 -0.006969972979277372 
vn 0.00011338741751387715 -0.00635131960734725 -0.007723203860223293 
vn -0.000019445375073701143 -0.00999961793422699 -0.00008519412949681282 
vn -0.0015937575371935964 -0.006042743567377329 -0.007806740235537291 
vn -0.000019445375073701143 -0.00999961793422699 -0.00008519412949681282 
vn -0.000019445375073701143 -0.00999961793422699 -0.00008519412949681282 
vn -0.007789884228259325 -0.0062153576873242855 0.0008288720855489373 
vn -0.004618960432708263 -0.006042741239070892 0.006492340471595526 
vn -0.0007726571639068425 -0.006518534850329161 0.007543984334915876 
vn -0.000019445375073701143 -0.00999961793422699 -0.00008519412949681282 
vn -0.000019445375073701143 -0.00999961793422699 -0.00008519412949681282 
vn 0.008278284221887589 -0.005361219402402639 -0.0016514668241143227 
vn 0.00648997537791729 -0.005688942037522793 0.005051351618021727 
vn -0.000019445375073701143 -0.00999961793422699 -0.00008519412949681282 
vn -0.000019445375073701143 -0.00999961793422699 -0.00008519412949681282 
vn -0.000018898395865107886 -0.006779579445719719 0.0073509830981493 
vn 0.001942350878380239 -0.006215356756001711 0.0075892433524131775 
vn -0.006026321090757847 -0.0059728845953941345 -0.005292268004268408 
vn -0.0015937575371935964 -0.006042743567377329 -0.007806740235537291 
vn -0.0013178682420402765 0.000676736468449235 -0.009889653883874416 
vn -0.006026321090757847 -0.0059728845953941345 -0.005292268004268408 
vn -0.007681077811866999 -0.0001529237924842164 -0.006401379592716694 
vn -0.007789884228259325 -0.0062153576873242855 0.0008288720855489373 
vn -0.009909790009260178 -0.0007203251007013023 0.0011301335180178285 
vn -0.004618960432708263 -0.006042741239070892 0.006492340471595526 
vn -0.006089218892157078 -0.0008509995532222092 0.007886521518230438 
vn -0.0007726571639068425 -0.006518534850329161 0.007543984334915876 
vn 0.000829736643936485 0.0000655420299153775 0.009965301491320133 
vn 0.0015585897490382195 0.004409001208841801 -0.008839203044772148 
vn 0.001315960194915533 0.0028649300802499056 -0.009490016847848892 
vn 0.0011113660875707865 -0.0059025706723332405 -0.007995281368494034 
vn 0.00011338741751387715 -0.00635131960734725 -0.007723203860223293 
vn -0.0013178682420402765 0.000676736468449235 -0.009889653883874416 
vn -0.0015937575371935964 -0.006042743567377329 -0.007806740235537291 
vn 0.0011113660875707865 -0.0059025706723332405 -0.007995281368494034 
vn 0.0049011497758328915 0.006215356756001711 -0.006111307069659233 
vn 0.0049239639192819595 -0.005212873686105013 -0.006969972979277372 
vn 0.007824799977242947 0.006181069649755955 -0.0007529174908995628 
vn 0.005211959592998028 0.008522403426468372 -0.00045178437721915543 
vn 0.003858569310978055 0.00693854596465826 -0.0060801333747804165 
vn 0.009368937462568283 0.0031565821263939142 -0.0015029964270070195 
vn 0.005365310236811638 0.0021460242569446564 -0.008161374367773533 
vn 0.001315960194915533 0.0028649300802499056 -0.009490016847848892 
vn -0.0013178682420402765 0.000676736468449235 -0.009889653883874416 
vn 0.0015585897490382195 0.004409001208841801 -0.008839203044772148 
vn 0.007429470308125019 0.0022312954533845186 0.006310648750513792 
vn 0.0045321001671254635 0.0077378954738378525 0.004425498656928539 
vn 0.006412673741579056 0.005616859067231417 0.00522766774520278 
vn 0.008278284221887589 -0.005361219402402639 -0.0016514668241143227 
vn 0.00648997537791729 -0.005688942037522793 0.005051351618021727 
vn 0.00238580210134387 0.004487270023673773 0.00861233752220869 
vn 0.001942350878380239 -0.006215356756001711 0.0075892433524131775 
vn 0.000829736643936485 0.0000655420299153775 0.009965301491320133 
vn 0.001819284399971366 0.0033219335600733757 0.009254996664822102 
vn 0.001942350878380239 -0.006215356756001711 0.0075892433524131775 
vn -0.000018898395865107886 -0.006779579445719719 0.0073509830981493 
vn 0.00238580210134387 0.004487270023673773 0.00861233752220869 
vn 0.001819284399971366 0.0033219335600733757 0.009254996664822102 
vn -0.0007726571639068425 -0.006518534850329161 0.007543984334915876 
vn 0.000829736643936485 0.0000655420299153775 0.009965301491320133 
vn -0.007664871402084827 0.0010684564476832747 -0.006333099212497473 
vn -0.009960218332707882 0.0008510007755830884 -0.00026428003911860287 
vn -0.006905357353389263 0.000327644549543038 -0.007225558161735535 
vn -0.009995967149734497 -0.00028397227288223803 4.6267115139109194e-11 
vn -0.007454195525497198 0.001717355102300644 0.006440936587750912 
vn -0.006905357353389263 0.000327646906953305 0.007225558161735535 
vn -0.006905357353389263 0.000327644549543038 -0.007225558161735535 
vn -0.007664871402084827 0.0010684564476832747 -0.006333099212497473 
vn 0.00020760230836458504 0.0005459008389152586 -0.009982929565012455 
vn 0.003999239765107632 -0.0007203267305158079 -0.009137134067714214 
vn -0.008564145304262638 0.0019750020001083612 -0.004770197905600071 
vn 0.0056166634894907475 -0.0023163941223174334 -0.00794275850057602 
vn 0.007934271357953548 -0.0020605919416993856 0.005727240815758705 
vn 0.008395214565098286 -0.002948545152321458 0.00456360075622797 
vn 0.008564145304262638 -0.0019750020001083612 0.004770197905600071 
vn 0.007659580558538437 -0.0010684564476832747 0.006339496932923794 
vn 0.00823353510349989 -0.004604022949934006 0.0033184136264026165 
vn 0.007033678237348795 -0.0017603810410946608 0.00688683008775115 
vn -0.0076813651248812675 0.00278109940700233 0.005767331924289465 
vn -0.007454195525497198 0.001717355102300644 0.006440936587750912 
vn 0.0061375293880701065 -0.001760380924679339 0.007696219254285097 
vn 0.004171193111687899 -0.0002839708176907152 0.009084080345928669 
vn 0.008164528757333755 -0.0030735437758266926 -0.0048881289549171925 
vn 0.007788499817252159 -0.002273866208270192 -0.005845409352332354 
vn 0.007454195525497198 -0.001717355102300644 -0.006440936587750912 
vn 0.007033678237348795 -0.0017603833694010973 -0.006886829622089863 
vn 0.00823353510349989 -0.00460402388125658 -0.0033184122294187546 
vn 0.00020760230836458504 0.0005459040985442698 0.009982929565012455 
vn -0.006905357353389263 0.000327646906953305 0.007225558161735535 
vn 0.007721878122538328 -0.00278109940700233 -0.0057129752822220325 
vn -0.008564145304262638 0.0019750020001083612 -0.004770197905600071 
vn -0.009832795709371567 0.0016742930747568607 0.0007161489338614047 
vn -0.007664871402084827 0.0010684564476832747 -0.006333099212497473 
vn -0.009960218332707882 0.0008510007755830884 -0.00026428003911860287 
vn -0.0076813651248812675 0.00278109940700233 0.005767331924289465 
vn -0.007454195525497198 0.001717355102300644 0.006440936587750912 
vn 0.007659580558538437 -0.0010684564476832747 0.006339496932923794 
vn 0.009961148723959923 -0.0008510008337907493 0.00022653282212559134 
vn 0.007033678237348795 -0.0017603810410946608 0.00688683008775115 
vn 0.00997993629425764 -0.0006331380573101342 1.0315148041284417e-10 
vn 0.007454195525497198 -0.001717355102300644 -0.006440936587750912 
vn 0.007033678237348795 -0.0017603833694010973 -0.006886829622089863 
vn 0.008564145304262638 -0.0019750020001083612 0.004770197905600071 
vn 0.007659580558538437 -0.0010684564476832747 0.006339496932923794 
vn 0.009829912334680557 -0.0016742930747568607 -0.0007546865963377059 
vn 0.009961148723959923 -0.0008510008337907493 0.00022653282212559134 
vn 0.007721878122538328 -0.00278109940700233 -0.0057129752822220325 
vn 0.007454195525497198 -0.001717355102300644 -0.006440936587750912 
vn -0.002368335844948888 -0.008499464020133018 0.004706390202045441 
vn 0.002116083400323987 -0.002528349170461297 0.009440849535167217 
vn -0.0067650615237653255 -0.0033631115220487118 0.0065515972673892975 
vn 0.003189260605722666 -0.0002839707303792238 0.00947354082018137 
vn -0.00579582154750824 0.003852051217108965 0.007181236520409584 
vn 0.00015059951692819595 0.007820261642336845 0.006230636965483427 
vn -0.002368335844948888 -0.008499464951455593 -0.004706387408077717 
vn -0.0067650615237653255 -0.0033631136175245047 -0.0065515958704054356 
vn 0.002116083400323987 -0.0025283521972596645 -0.009440848603844643 
vn 0.003189260605722666 -0.00028397381538525224 -0.00947354082018137 
vn -0.00579582154750824 0.0038520488888025284 -0.007181237917393446 
vn 0.00015059951692819595 0.007820259779691696 -0.006230639293789864 
vt 0.11236575990915298 0.23667633533477783 
vt 0.1552537977695465 0.23667633533477783 
vt 0.11236575990915298 0.2439797967672348 
vt 0.15501420199871063 0.24661384522914886 
vt 0.16927029192447662 0.2845679223537445 
vt 0.20868416130542755 0.26289698481559753 
vt 0.2088039517402649 0.23667633533477783 
vt 0.11104797571897507 0.25523433089256287 
vt 0.13321079313755035 0.31426072120666504 
vt 0.10050565749406815 0.29522380232810974 
vt 0.09199993312358856 0.35401076078414917 
vt 0.06887872517108917 0.33617112040519714 
vt 0.04923168942332268 0.390647828578949 
vt 0.03365781903266907 0.375442236661911 
vt 0.011974199675023556 0.39723291993141174 
vt 0.027907466515898705 0.41160041093826294 
vt 0.040725961327552795 0.42596787214279175 
vt 0.06372737139463425 0.40657177567481995 
vt 0.05234646424651146 0.44213131070137024 
vt 0.11344395577907562 0.3716109097003937 
vt 0.16459812223911285 0.33509355783462524 
vt 0.2034129947423935 0.30659806728363037 
vt 0.2453426569700241 0.2974986732006073 
vt 0.23659732937812805 0.23667633533477783 
vt 0.20868416130542755 0.21045568585395813 
vt 0.15501420199871063 0.2267388254404068 
vt 0.16927029192447662 0.18878473341464996 
vt 0.11236575990915298 0.22937285900115967 
vt 0.11104797571897507 0.2181183397769928 
vt 0.13321079313755035 0.159211665391922 
vt 0.10050565749406815 0.17812885344028473 
vt 0.09199993312358856 0.1193419098854065 
vt 0.06887872517108917 0.1373012661933899 
vt 0.04923168942332268 0.08282456547021866 
vt 0.03365781903266907 0.09791041910648346 
vt 0.011974199675023556 0.07623947411775589 
vt 0.027907466515898705 0.06187199428677559 
vt 0.040725961327552795 0.04738478362560272 
vt 0.06372737139463425 0.06678088009357452 
vt 0.05234646424651146 0.03122136928141117 
vt 0.11344395577907562 0.10174175351858139 
vt 0.16459812223911285 0.13825909793376923 
vt 0.2034129947423935 0.1667546033859253 
vt 0.2453426569700241 0.17585399746894836 
vt 0.07702505588531494 0.04930044710636139 
vt 0.13213258981704712 0.08150754868984222 
vt 0.19251129031181335 0.11084115505218506 
vt 0.2301281839609146 0.13897746801376343 
vt 0.06348776817321777 0.012064728885889053 
vt 0.08888515830039978 0.030742453411221504 
vt 0.14734706282615662 0.05684337392449379 
vt 0.21287712454795837 0.08390212804079056 
vt 0.26103630661964417 0.10437578707933426 
vt 0.2799645662307739 0.1283215880393982 
vt 0.31051331758499146 0.15729600191116333 
vt 0.28763169050216675 0.1962079256772995 
vt 0.2849961221218109 0.23667633533477783 
vt 0.28763169050216675 0.27726447582244873 
vt 0.31051331758499146 0.31605666875839233 
vt 0.2799645662307739 0.34515079855918884 
vt 0.26103630661964417 0.368976891040802 
vt 0.2301281839609146 0.33437520265579224 
vt 0.21287712454795837 0.3894505500793457 
vt 0.19251129031181335 0.3625115156173706 
vt 0.14734706282615662 0.4165093004703522 
vt 0.13213258981704712 0.39184510707855225 
vt 0.08888515830039978 0.4426102042198181 
vt 0.07702505588531494 0.4240522086620331 
vt 0.06348776817321777 0.4612879455089569 
vt 0.6852445602416992 0.5646140575408936 
vt 0.6470286846160889 0.6014906167984009 
vt 0.6616441607475281 0.5482112169265747 
vt 0.6131255626678467 0.5698821544647217 
vt 0.6106098294258118 0.6079559326171875 
vt 0.635288417339325 0.6342963576316833 
vt 0.60869300365448 0.6362119913101196 
vt 0.6315746307373047 0.664946973323822 
vt 0.5998278856277466 0.6554883718490601 
vt 0.5818580389022827 0.685300886631012 
vt 0.5634089708328247 0.6544108390808105 
vt 0.5634089708328247 0.6839838624000549 
vt 0.5449599623680115 0.685300886631012 
vt 0.5271099209785461 0.6554883718490601 
vt 0.4952433705329895 0.664946973323822 
vt 0.5634089708328247 0.6346555352210999 
vt 0.5634089708328247 0.6069981455802917 
vt 0.5182448029518127 0.6362119913101196 
vt 0.4916493892669678 0.6342963576316833 
vt 0.5162081718444824 0.6079559326171875 
vt 0.47990909218788147 0.6014906167984009 
vt 0.5634089708328247 0.5694032311439514 
vt 0.5634089708328247 0.5352804660797119 
vt 0.6119275689125061 0.5349212884902954 
vt 0.6573314070701599 0.518997311592102 
vt 0.6029426455497742 0.45434364676475525 
vt 0.6473881006240845 0.4548225700855255 
vt 0.6511018872261047 0.41124120354652405 
vt 0.6064168214797974 0.4228549301624298 
vt 0.5634089708328247 0.45542120933532715 
vt 0.5634089708328247 0.4262073338031769 
vt 0.5204011797904968 0.4228549301624298 
vt 0.5239951014518738 0.45434364676475525 
vt 0.475835919380188 0.41124120354652405 
vt 0.47954970598220825 0.4548225700855255 
vt 0.4696063697338104 0.518997311592102 
vt 0.5148903727531433 0.5349212884902954 
vt 0.46529361605644226 0.5482112169265747 
vt 0.5136924386024475 0.5698821544647217 
vt 0.4416932165622711 0.5646140575408936 
vt 0.12063189595937729 0.6505795121192932 
vt 0.1641189306974411 0.6462692618370056 
vt 0.11164696514606476 0.6010116934776306 
vt 0.17070788145065308 0.596102774143219 
vt 0.11404294520616531 0.5583881735801697 
vt 0.170468270778656 0.5583881735801697 
vt 0.17070788145065308 0.5205537676811218 
vt 0.11164696514606476 0.5157646536827087 
vt 0.1641189306974411 0.47038733959198 
vt 0.12063189595937729 0.4660770893096924 
vt 0.2925434708595276 0.6627918481826782 
vt 0.2624739110469818 0.6747647523880005 
vt 0.25312960147857666 0.5971803665161133 
vt 0.2297687828540802 0.6678204536437988 
vt 0.2297687828540802 0.6010116934776306 
vt 0.2297687828540802 0.515644907951355 
vt 0.2297687828540802 0.44895586371421814 
vt 0.25312960147857666 0.5195959806442261 
vt 0.2624739110469818 0.4418918490409851 
vt 0.2925434708595276 0.45398446917533875 
vt 0.2755320072174072 0.5172013640403748 
vt 0.3202170133590698 0.5022352337837219 
vt 0.32632678747177124 0.4689505994319916 
vt 0.34381744265556335 0.5016366243362427 
vt 0.3716107904911041 0.4720635414123535 
vt 0.38814306259155273 0.5381539463996887 
vt 0.40156054496765137 0.5201945900917053 
vt 0.4269579350948334 0.518398642539978 
vt 0.4064722955226898 0.45721715688705444 
vt 0.38598668575286865 0.5583881735801697 
vt 0.34633320569992065 0.5583881735801697 
vt 0.32440999150276184 0.5583881735801697 
vt 0.27493301033973694 0.5583881735801697 
vt 0.2501346170902252 0.5583881735801697 
vt 0.226294606924057 0.5583881735801697 
vt 0.2755320072174072 0.5994551777839661 
vt 0.3202170133590698 0.6145410537719727 
vt 0.34381744265556335 0.6150199770927429 
vt 0.38814306259155273 0.5786223411560059 
vt 0.3716107904911041 0.6445930600166321 
vt 0.40156054496765137 0.5964619517326355 
vt 0.4269579350948334 0.5982578992843628 
vt 0.4064722955226898 0.6594394445419312 
vt 0.32632678747177124 0.6478257179260254 
vt 0.8957314491271973 0.05145556852221489 
vt 0.839306116104126 0.05684337392449379 
vt 0.893095850944519 0.14771768450737 
vt 0.8711726069450378 0.1531054973602295 
vt 0.8957314491271973 0.1721424013376236 
vt 0.8759645819664001 0.17585399746894836 
vt 0.7794066071510315 0.05648418888449669 
vt 0.7879123091697693 0.06282982230186462 
vt 0.7851569652557373 0.02978462167084217 
vt 0.8031268119812012 0.04487047344446182 
vt 0.7898291349411011 0.011944999918341637 
vt 0.8165442943572998 0.02870705910027027 
vt 0.8148670792579651 0.07348570227622986 
vt 0.851285994052887 0.1606484204530716 
vt 0.8567967414855957 0.18088261783123016 
vt 0.8388268947601318 0.18806636333465576 
vt 0.832237958908081 0.16831107437610626 
vt 0.7935428619384766 0.07564082741737366 
vt 0.6277410387992859 0.9284704923629761 
vt 0.6314548254013062 0.9497822523117065 
vt 0.6050990223884583 0.9301466941833496 
vt 0.6074950098991394 0.9524163007736206 
vt 0.5188437700271606 0.9476271271705627 
vt 0.5196823477745056 0.9339780211448669 
vt 0.6023436784744263 0.9087151885032654 
vt 0.5196823477745056 0.9215261936187744 
vt 0.6003071069717407 0.8864456415176392 
vt 0.5188437700271606 0.9093138575553894 
vt 0.6272618770599365 0.9076376557350159 
vt 0.6285796761512756 0.8869245052337646 
vt 0.9268791675567627 0.6599183678627014 
vt 0.9055549502372742 0.6593196988105774 
vt 0.9261603951454163 0.6339371800422668 
vt 0.9036381840705872 0.6321412324905396 
vt 0.9111855030059814 0.5482112169265747 
vt 0.9247227907180786 0.5491690039634705 
vt 0.9482033848762512 0.6353738903999329 
vt 0.9370620846748352 0.5490493178367615 
vt 0.9703661799430847 0.6344160437583923 
vt 0.9491617679595947 0.5482112169265747 
vt 0.9472450017929077 0.6591999530792236 
vt 0.9672514200210571 0.6578829288482666 
vt 0.818940281867981 0.5185183882713318 
vt 0.8212164640426636 0.4954107105731964 
vt 0.8397852778434753 0.5188775658607483 
vt 0.8433792591094971 0.4979250133037567 
vt 0.8364309072494507 0.39543697237968445 
vt 0.8567967414855957 0.3953172564506531 
vt 0.8599115014076233 0.3801116645336151 
vt 0.8365507125854492 0.3841824531555176 
vt 0.8529632091522217 0.37089255452156067 
vt 0.8098355531692505 0.40286019444465637 
vt 0.8006110191345215 0.49385422468185425 
vt 0.7986942529678345 0.5188775658607483 
vt 0.7789273858070374 0.5194762349128723 
vt 0.7802451848983765 0.4940936863422394 
vt 0.7789273858070374 0.3962751030921936 
vt 0.8173828721046448 0.37927356362342834 
vt 0.8414624929428101 0.3737660348415375 
vt 0.829243004322052 0.3546094000339508 
vt 0.8533225655555725 0.34335488080978394 
vt 0.8198986649513245 0.3384459912776947 
vt 0.8493692278862 0.32539552450180054 
vt 0.7956992387771606 0.3690966069698334 
vt 0.9818668961524963 0.32970577478408813 
vt 0.983544111251831 0.3201274573802948 
vt 0.9694077968597412 0.32779011130332947 
vt 0.9704859852790833 0.31821179389953613 
vt 0.9277177453041077 0.317972332239151 
vt 0.9287959337234497 0.3274309039115906 
vt 0.9177744388580322 0.3197682499885559 
vt 0.9192120432853699 0.3295860290527344 
vt 0.933587908744812 0.36849796772003174 
vt 0.9250822067260742 0.37173065543174744 
vt 0.9755175709724426 0.37173065543174744 
vt 0.9652148485183716 0.3686176836490631 
vt 0.9266395568847656 0.30851373076438904 
vt 0.916217029094696 0.3101899325847626 
vt 0.9220871925354004 0.28804007172584534 
vt 0.9377808570861816 0.2860046923160553 
vt 0.9265197515487671 0.2637350857257843 
vt 0.9426926374435425 0.26217859983444214 
vt 0.9628188610076904 0.28624412417411804 
vt 0.9611417055130005 0.26253780722618103 
vt 0.9795907139778137 0.28839924931526184 
vt 0.9853410720825195 0.31054913997650146 
vt 0.9715641736984253 0.30851373076438904 
vt 0.107334204018116 0.9105111360549927 
vt 0.09475530683994293 0.911588728427887 
vt 0.10841239243745804 0.9005736112594604 
vt 0.09523450583219528 0.9016512036323547 
vt 0.05450284481048584 0.9016512036323547 
vt 0.05510184168815613 0.911588728427887 
vt 0.043960534036159515 0.9005736112594604 
vt 0.045038722455501556 0.9107506275177002 
vt 0.060133397579193115 0.9552897810935974 
vt 0.05114847421646118 0.9531346559524536 
vt 0.10242244601249695 0.9531346559524536 
vt 0.09188013523817062 0.9554095268249512 
vt 0.05414344742894173 0.89195317029953 
vt 0.043960534036159515 0.8899177312850952 
vt 0.046236712485551834 0.8668100833892822 
vt 0.06216998025774956 0.8687257170677185 
vt 0.04839309677481651 0.8415472507476807 
vt 0.06528475135564804 0.8434628844261169 
vt 0.0876871645450592 0.8688454627990723 
vt 0.08445259183645248 0.8431037068367004 
vt 0.10553722083568573 0.867049515247345 
vt 0.10134425759315491 0.8415472507476807 
vt 0.036532994359731674 0.8698033094406128 
vt 0.02539168857038021 0.8590276837348938 
vt 0.019641336053609848 0.8875231742858887 
vt 0.012812793254852295 0.8808183670043945 
vt 0.10901138931512833 0.8905164003372192 
vt 0.09571369737386703 0.8918334245681763 
vt 0.30787771940231323 0.09144505858421326 
vt 0.3446560204029083 0.09743150323629379 
vt 0.32129523158073425 0.07432381063699722 
vt 0.35939130187034607 0.08102863281965256 
vt 0.332915723323822 0.05863931030035019 
vt 0.3293217420578003 0.11287654936313629 
vt 0.38658568263053894 0.1344277709722519 
vt 0.3632248640060425 0.1523871123790741 
vt 0.42408275604248047 0.17872749269008636 
vt 0.39065882563591003 0.1947711855173111 
vt 0.46361643075942993 0.21548430621623993 
vt 0.41929081082344055 0.2181183397769928 
vt 0.4740389287471771 0.22697828710079193 
vt 0.4254005551338196 0.22901368141174316 
vt 0.4740389287471771 0.23595796525478363 
vt 0.42587974667549133 0.23595796525478363 
vt 0.4254005551338196 0.24302196502685547 
vt 0.4740389287471771 0.24493762850761414 
vt 0.41929081082344055 0.25391730666160583 
vt 0.46361643075942993 0.2565513551235199 
vt 0.39065882563591003 0.27726447582244873 
vt 0.40886828303337097 0.1164684146642685 
vt 0.46181944012641907 0.15837356448173523 
vt 0.5265108942985535 0.2570302486419678 
vt 0.42408275604248047 0.2933081388473511 
vt 0.5068638920783997 0.2809760570526123 
vt 0.3632248640060425 0.31964853405952454 
vt 0.38658568263053894 0.33760789036750793 
vt 0.3293217420578003 0.3590393662452698 
vt 0.46181944012641907 0.31354233622550964 
vt 0.5352562069892883 0.30887290835380554 
vt 0.5762274861335754 0.28372982144355774 
vt 0.5256723165512085 0.23595796525478363 
vt 0.5265108942985535 0.2148856520652771 
vt 0.5068638920783997 0.19105958938598633 
vt 0.5352562069892883 0.16304299235343933 
vt 0.49188899993896484 0.12927941977977753 
vt 0.4280361235141754 0.09611448645591736 
vt 0.37268897891044617 0.06366793066263199 
vt 0.3452550172805786 0.04415209963917732 
vt 0.3589121103286743 0.028587330132722855 
vt 0.384549081325531 0.04522966220974922 
vt 0.44277140498161316 0.07085166871547699 
vt 0.5085410475730896 0.10281930863857269 
vt 0.5550230741500854 0.1326318383216858 
vt 0.5873687863349915 0.1365828961133957 
vt 0.5762274861335754 0.18818609416484833 
vt 0.5768265128135681 0.23595796525478363 
vt 0.615162193775177 0.23595796525478363 
vt 0.6164799332618713 0.27726447582244873 
vt 0.5873687863349915 0.33545276522636414 
vt 0.6270222663879395 0.3180920481681824 
vt 0.6164799332618713 0.1947711855173111 
vt 0.6270222663879395 0.15394359827041626 
vt 0.5550230741500854 0.33940380811691284 
vt 0.49188899993896484 0.3427562415599823 
vt 0.5085410475730896 0.36921632289886475 
vt 0.4280361235141754 0.3759211599826813 
vt 0.44277140498161316 0.4010642468929291 
vt 0.37268897891044617 0.40836772322654724 
vt 0.384549081325531 0.42668625712394714 
vt 0.3589121103286743 0.4434483051300049 
vt 0.3452550172805786 0.4278835356235504 
vt 0.332915723323822 0.41339632868766785 
vt 0.35939130187034607 0.3908872902393341 
vt 0.32129523158073425 0.397711843252182 
vt 0.40886828303337097 0.35556721687316895 
vt 0.3446560204029083 0.37460413575172424 
vt 0.30787771940231323 0.3805905878543854 
vt 0.6835674047470093 0.8553161025047302 
vt 0.6818901896476746 0.8393921256065369 
vt 0.5672425627708435 0.8658522367477417 
vt 0.5715553164482117 0.8435826301574707 
vt 0.5199219584465027 0.8633379340171814 
vt 0.5166873931884766 0.8438221216201782 
vt 0.4806278944015503 0.8658522367477417 
vt 0.47415873408317566 0.8452588319778442 
vt 0.6820099949836731 0.8268205523490906 
vt 0.5739513039588928 0.8216722011566162 
vt 0.6838070154190063 0.813530683517456 
vt 0.5729929208755493 0.799522340297699 
vt 0.6866821646690369 0.7979658842086792 
vt 0.569279134273529 0.7768935561180115 
vt 0.5157290101051331 0.8016774654388428 
vt 0.5176457762718201 0.7822813987731934 
vt 0.47631511092185974 0.8059877157211304 
vt 0.48182588815689087 0.7841970324516296 
vt 0.5150101780891418 0.8226300477981567 
vt 0.4723617434501648 0.8257430195808411 
vt 0.23503993451595306 0.7134371995925903 
vt 0.23779530823230743 0.7287625074386597 
vt 0.35483893752098083 0.6891322135925293 
vt 0.3604694902896881 0.7112820744514465 
vt 0.4089880883693695 0.6926043629646301 
vt 0.4067119061946869 0.7124793529510498 
vt 0.44684457778930664 0.6891322135925293 
vt 0.4442089796066284 0.7125990986824036 
vt 0.2395922988653183 0.7437286376953125 
vt 0.36370405554771423 0.731875479221344 
vt 0.240550696849823 0.7589342594146729 
vt 0.36382386088371277 0.7529478073120117 
vt 0.24102988839149475 0.7746187448501587 
vt 0.36082887649536133 0.775816023349762 
vt 0.4074307084083557 0.7537859082221985 
vt 0.40970689058303833 0.7730622291564941 
vt 0.44744357466697693 0.755462110042572 
vt 0.4507979452610016 0.7792881727218628 
vt 0.7806046009063721 0.6715320348739624 
vt 0.7633535265922546 0.6747647523880005 
vt 0.7927042841911316 0.7373830080032349 
vt 0.4061129093170166 0.7333122491836548 
vt 0.44468820095062256 0.7337911128997803 
vt 0.7552071809768677 0.6803920269012451 
vt 0.7540091872215271 0.663629949092865 
vt 0.7585615515708923 0.7385802865028381 
vt 0.7922250628471375 0.7882678508758545 
vt 0.7487380504608154 0.7792881727218628 
vt 0.7060896158218384 0.7616879940032959 
vt 0.7329245805740356 0.7213393449783325 
vt 0.6689519286155701 0.7163106799125671 
vt 0.7044124007225037 0.7011051177978516 
vt 0.7098034024238586 0.6665034294128418 
vt 0.7180694937705994 0.6284295916557312 
vt 0.7542487978935242 0.6396841406822205 
vt 0.6624827980995178 0.6584815979003906 
vt 0.6868019700050354 0.6056811213493347 
vt 0.6931512951850891 0.5969408750534058 
vt 0.7237000465393066 0.6037654280662537 
vt 0.7547280192375183 0.6104702949523926 
vt 0.7514934539794922 0.5941871404647827 
vt 0.7927042841911316 0.5899966359138489 
vt 0.7734166383743286 0.5743120908737183 
vt 0.780364990234375 0.5471336245536804 
vt 0.7705414891242981 0.6243588328361511 
vt 0.7852767705917358 0.6263942122459412 
vt 0.31171131134033203 0.868965208530426 
vt 0.3192586302757263 0.8772264719009399 
vt 0.30380457639694214 0.902130126953125 
vt 0.3300405442714691 0.880459189414978 
vt 0.3246496021747589 0.8686059713363647 
vt 0.35843291878700256 0.870401918888092 
vt 0.32944154739379883 0.8608236312866211 
vt 0.3512449562549591 0.8914742469787598 
vt 0.3423798382282257 0.9224840402603149 
vt 0.3635842502117157 0.8061074614524841 
vt 0.3408224582672119 0.8426247835159302 
vt 0.3916172385215759 0.8525623083114624 
vt 0.3562765121459961 0.8522031307220459 
vt 0.3081173300743103 0.8391526341438293 
vt 0.4045555293560028 0.8939885497093201 
vt 0.402998149394989 0.9291888475418091 
vt 0.3094351291656494 0.80143803358078 
vt 0.3254881799221039 0.8329267501831055 
vt 0.26666685938835144 0.8081428408622742 
vt 0.29242366552352905 0.85483717918396 
vt 0.23563893139362335 0.8250246644020081 
vt 0.2684638500213623 0.8765081167221069 
vt 0.23563893139362335 0.9047641754150391 
vt 0.27684977650642395 0.945472002029419 
vt 0.3314781188964844 0.9643892049789429 
vt 0.012093999423086643 0.3553277850151062 
vt 0.01748495362699032 0.3395235538482666 
vt 0.023594703525304794 0.33832624554634094 
vt 0.028386663645505905 0.3263533413410187 
vt 0.018682943657040596 0.3263533413410187 
vt 0.026709476485848427 0.305879682302475 
vt 0.012093999423086643 0.3057599663734436 
vt 0.8233728408813477 0.7315163016319275 
vt 0.8179818987846375 0.7106834650039673 
vt 0.8263677954673767 0.718346118927002 
vt 0.830081582069397 0.6985908150672913 
vt 0.8179818987846375 0.6902098059654236 
vt 0.9137012958526611 0.8742332458496094 
vt 0.8571561574935913 0.8687257170677185 
vt 0.9109458923339844 0.7779711484909058 
vt 0.889022707939148 0.7724636197090149 
vt 0.9137012958526611 0.7534266710281372 
vt 0.8938146233558655 0.7497150897979736 
vt 0.7972566485404968 0.869084894657135 
vt 0.8058821558952332 0.8627392649650574 
vt 0.8030070066452026 0.8957844972610474 
vt 0.821096658706665 0.8806986212730408 
vt 0.8076791763305664 0.913624107837677 
vt 0.8343943357467651 0.8968620300292969 
vt 0.832836925983429 0.8520833849906921 
vt 0.8692558407783508 0.7649206519126892 
vt 0.874646782875061 0.744686484336853 
vt 0.8566769361495972 0.7375027537345886 
vt 0.8502078056335449 0.7572579979896545 
vt 0.8113929033279419 0.8499282598495483 
vt 0.9105864763259888 0.5187578797340393 
vt 0.9317909479141235 0.5224694609642029 
vt 0.9122636914253235 0.4961290657520294 
vt 0.9345462918281555 0.49852365255355835 
vt 0.9296345114707947 0.4099242091178894 
vt 0.9160972237586975 0.4106425642967224 
vt 0.8908196687698364 0.4932555854320526 
vt 0.9036381840705872 0.4106425642967224 
vt 0.8685370683670044 0.49133992195129395 
vt 0.8914186358451843 0.4099242091178894 
vt 0.8897414803504944 0.518278956413269 
vt 0.8690162301063538 0.5195959806442261 
vt 0.9719235897064209 0.9297875165939331 
vt 0.9713245630264282 0.9084757566452026 
vt 0.9459272027015686 0.9290691614151001 
vt 0.9441302418708801 0.9066798090934753 
vt 0.8602709174156189 0.9141030311584473 
vt 0.8612293004989624 0.9276323914527893 
vt 0.9473648071289062 0.9512190222740173 
vt 0.8611094951629639 0.9400842189788818 
vt 0.9464064240455627 0.9733688831329346 
vt 0.8602709174156189 0.9521768093109131 
vt 0.9712048172950745 0.9502611756324768 
vt 0.9698870182037354 0.9702559113502502 
vt 0.1689108908176422 0.867767870426178 
vt 0.16675451397895813 0.844779908657074 
vt 0.14806586503982544 0.8682467937469482 
vt 0.1444718986749649 0.8472942113876343 
vt 0.1514202356338501 0.7448062300682068 
vt 0.13105440139770508 0.7445667386054993 
vt 0.1279396265745163 0.7293611764907837 
vt 0.1514202356338501 0.7335516810417175 
vt 0.13500776886940002 0.7202617526054382 
vt 0.17813540995121002 0.7522293925285339 
vt 0.1872401386499405 0.8432234525680542 
vt 0.18927672505378723 0.8682467937469482 
vt 0.20904356241226196 0.8688454627990723 
vt 0.2076059728860855 0.8434628844261169 
vt 0.20904356241226196 0.7456443309783936 
vt 0.170468270778656 0.7286428213119507 
vt 0.14650847017765045 0.723135232925415 
vt 0.15860818326473236 0.7039785981178284 
vt 0.1346483826637268 0.6927241086959839 
vt 0.1679524928331375 0.6878151893615723 
vt 0.13860175013542175 0.6747647523880005 
vt 0.19227169454097748 0.7184658050537109 
vt 0.9848618507385254 0.054807983338832855 
vt 0.9865390658378601 0.06450603157281876 
vt 0.972402811050415 0.05672364681959152 
vt 0.9734809994697571 0.06630196422338486 
vt 0.9307127594947815 0.06654142588376999 
vt 0.9317909479141235 0.05708283185958862 
vt 0.9207693934440613 0.06474548578262329 
vt 0.9220871925354004 0.05504744127392769 
vt 0.9365828633308411 0.016015786677598953 
vt 0.9280771613121033 0.012783102691173553 
vt 0.9785125255584717 0.012783102691173553 
vt 0.9682098031044006 0.015896057710051537 
vt 0.9296345114707947 0.07600001245737076 
vt 0.9192120432853699 0.07432381063699722 
vt 0.9250822067260742 0.09647367149591446 
vt 0.9407758712768555 0.09850906580686569 
vt 0.9295147657394409 0.1207786574959755 
vt 0.9456875920295715 0.12245486676692963 
vt 0.9658138155937195 0.09838933497667313 
vt 0.9641366600990295 0.12209568172693253 
vt 0.9825856685638428 0.09611448645591736 
vt 0.9883360266685486 0.07396462559700012 
vt 0.9745591878890991 0.07600001245737076 
vt 0.7717394828796387 0.8834524154663086 
vt 0.759160578250885 0.8823748230934143 
vt 0.7726978659629822 0.893389880657196 
vt 0.7596397399902344 0.8923123478889465 
vt 0.7187883257865906 0.8923123478889465 
vt 0.7193872928619385 0.8823748230934143 
vt 0.708365797996521 0.893389880657196 
vt 0.709443986415863 0.8832129240036011 
vt 0.7244188785552979 0.8386737704277039 
vt 0.7154339551925659 0.8408288955688477 
vt 0.7667078971862793 0.8408288955688477 
vt 0.7562853693962097 0.8385540246963501 
vt 0.718428909778595 0.9020103812217712 
vt 0.708365797996521 0.9040457606315613 
vt 0.7105221748352051 0.9272732138633728 
vt 0.7265752553939819 0.9252378344535828 
vt 0.7126785516738892 0.9524163007736206 
vt 0.7296900153160095 0.9505006074905396 
vt 0.7520924210548401 0.925118088722229 
vt 0.748857855796814 0.9508598446846008 
vt 0.7698226571083069 0.9269140362739563 
vt 0.7657495141029358 0.9524163007736206 
vt 0.7009382247924805 0.9241602420806885 
vt 0.6897969245910645 0.9349358677864075 
vt 0.6839268207550049 0.9064403772354126 
vt 0.677098274230957 0.9131451845169067 
vt 0.7732968330383301 0.903447151184082 
vt 0.75999915599823 0.902130126953125 
vt 0.023115506395697594 0.6054416298866272 
vt 0.03904877230525017 0.6071178317070007 
vt 0.012453395873308182 0.721698522567749 
vt 0.03473601117730141 0.7173882722854614 
vt 0.015088973566889763 0.7689914703369141 
vt 0.03449641168117523 0.7723438739776611 
vt 0.012453395873308182 0.8083823323249817 
vt 0.033178623765707016 0.8148476481437683 
vt 0.05162766948342323 0.6069981455802917 
vt 0.05665922537446022 0.7149937152862549 
vt 0.06480555981397629 0.6050824522972107 
vt 0.07882203906774521 0.7160712480545044 
vt 0.08049922436475754 0.6022089719772339 
vt 0.10146405547857285 0.719663143157959 
vt 0.07666566222906113 0.7733017206192017 
vt 0.09619289636611938 0.7713860273361206 
vt 0.07247269153594971 0.8126925230026245 
vt 0.09415631741285324 0.8071849942207336 
vt 0.05570083484053612 0.7739003300666809 
vt 0.052586060017347336 0.8166435956954956 
vt 0.5157290101051331 0.07875378429889679 
vt 0.518484354019165 0.06330873817205429 
vt 0.6355279684066772 0.10305877029895782 
vt 0.6411585211753845 0.08090890198945999 
vt 0.6896771192550659 0.09958662837743759 
vt 0.6874009370803833 0.07959188520908356 
vt 0.7274138331413269 0.10305877029895782 
vt 0.7248980402946472 0.07959188520908356 
vt 0.5202813744544983 0.048342615365982056 
vt 0.6443931460380554 0.06031551584601402 
vt 0.5212397575378418 0.033256761729717255 
vt 0.6443931460380554 0.03912348300218582 
vt 0.5215991735458374 0.01757226325571537 
vt 0.6413981318473816 0.016374973580241203 
vt 0.6881197690963745 0.038285378366708755 
vt 0.6903959512710571 0.01900901086628437 
vt 0.7280128002166748 0.03672890365123749 
vt 0.731486976146698 0.01290283165872097 
vt 0.7582021951675415 0.24134576320648193 
vt 0.7409511208534241 0.23811307549476624 
vt 0.770301878452301 0.17549481987953186 
vt 0.6868019700050354 0.05875903740525246 
vt 0.7253772616386414 0.05828012153506279 
vt 0.7328047752380371 0.2324858158826828 
vt 0.7316067814826965 0.24924787878990173 
vt 0.7361591458320618 0.1742975264787674 
vt 0.7699424624443054 0.12460999190807343 
vt 0.7263356447219849 0.13358967006206512 
vt 0.6836872100830078 0.15118983387947083 
vt 0.7105221748352051 0.1915384978055954 
vt 0.6465495228767395 0.1965671181678772 
vt 0.6820099949836731 0.21177269518375397 
vt 0.6874009370803833 0.24637438356876373 
vt 0.6956670880317688 0.28444820642471313 
vt 0.6400803327560425 0.2543962299823761 
vt 0.6643995642662048 0.307196706533432 
vt 0.6707488894462585 0.3159369230270386 
vt 0.7012976408004761 0.3091123700141907 
vt 0.7323256134986877 0.30240756273269653 
vt 0.7290909886360168 0.318690687417984 
vt 0.7318463921546936 0.2730739414691925 
vt 0.7481390833854675 0.2885189950466156 
vt 0.7628743052482605 0.2864835858345032 
vt 0.770301878452301 0.32288122177124023 
vt 0.751014232635498 0.3385657072067261 
vt 0.7579625844955444 0.3657442033290863 
vt 0.23108656704425812 0.4120793044567108 
vt 0.24809803068637848 0.40046560764312744 
vt 0.2469000369310379 0.40657177567481995 
vt 0.26007792353630066 0.3956764340400696 
vt 0.26007792353630066 0.4053744971752167 
vt 0.2805635631084442 0.3973526656627655 
vt 0.28068336844444275 0.4120793044567108 
vt 0.4501989483833313 0.6066389679908752 
vt 0.44468820095062256 0.6275914907455444 
vt 0.45319390296936035 0.6198091506958008 
vt 0.4567878842353821 0.6396841406822205 
vt 0.44468820095062256 0.6479454636573792 
vt 0.9516775608062744 0.4961290657520294 
vt 0.9709652066230774 0.5180394649505615 
vt 0.9468855857849121 0.5186381340026855 
vt 0.9468855857849121 0.5186381340026855 
vt 0.9709652066230774 0.5180394649505615 
vt 0.9516775608062744 0.4961290657520294 
vt 0.9926488399505615 0.5021155476570129 
vt 0.9932478070259094 0.4545831084251404 
vt 0.9514379501342773 0.4545831084251404 
vt 0.9744393825531006 0.42524951696395874 
vt 0.9503597617149353 0.4258481562137604 
vt 0.9709652066230774 0.4081282615661621 
vt 0.9468855857849121 0.40872690081596375 
vt 0.9468855857849121 0.40872690081596375 
vt 0.9709652066230774 0.4081282615661621 
vt 0.9503597617149353 0.4258481562137604 
vt 0.9744393825531006 0.42524951696395874 
vt 0.9514379501342773 0.4545831084251404 
vt 0.9932478070259094 0.4545831084251404 
vt 0.9926488399505615 0.5021155476570129 
vt 0.31398749351501465 0.19776441156864166 
vt 0.33746808767318726 0.19560928642749786 
vt 0.322613000869751 0.2148856520652771 
vt 0.342140257358551 0.21476592123508453 
vt 0.3254881799221039 0.23296473920345306 
vt 0.3433382213115692 0.23296473920345306 
vt 0.342140257358551 0.25104382634162903 
vt 0.322613000869751 0.25092408061027527 
vt 0.33746808767318726 0.2702004611492157 
vt 0.31398749351501465 0.2680453360080719 
vt 0.7004590630531311 0.5460560917854309 
vt 0.7169913053512573 0.5478519797325134 
vt 0.6985422968864441 0.5310899615287781 
vt 0.7155537009239197 0.5289348363876343 
vt 0.7335235476493835 0.550725519657135 
vt 0.7330443859100342 0.5279769897460938 
vt 0.7524518370628357 0.550845205783844 
vt 0.7520924210548401 0.5279769897460938 
vt 0.942812442779541 0.20602570474147797 
vt 0.9280771613121033 0.20399031043052673 
vt 0.9454479813575745 0.187228262424469 
vt 0.9297543168067932 0.18567177653312683 
vt 0.9465261697769165 0.16986754536628723 
vt 0.9266395568847656 0.16938863694667816 
vt 0.9465261697769165 0.15286603569984436 
vt 0.923524796962738 0.15286603569984436 
vt 0.4507979452610016 0.46691519021987915 
vt 0.443490207195282 0.4746975898742676 
vt 0.4507979452610016 0.4350672960281372 
vt 0.443490207195282 0.42955973744392395 
vt 0.4361824691295624 0.4691900610923767 
vt 0.4361824691295624 0.43746185302734375 
vt 0.6094118356704712 0.3956764340400696 
vt 0.6120473742485046 0.37771710753440857 
vt 0.5786234736442566 0.3956764340400696 
vt 0.584733247756958 0.38106951117515564 
vt 0.5934785604476929 0.3590393662452698 
vt 0.5831758379936218 0.3650258183479309 
vt 0.5647267699241638 0.3769987225532532 
vt 0.5607734322547913 0.3701741695404053 
vt 0.5537052750587463 0.3752027750015259 
vt 0.5590962171554565 0.3822667896747589 
vt 0.8807565569877625 0.02188250608742237 
vt 0.8787199854850769 0.013142289593815804 
vt 0.8581145405769348 0.029664892703294754 
vt 0.8547601699829102 0.015417140908539295 
vt 0.8482910394668579 0.029904350638389587 
vt 0.8438584804534912 0.013142289593815804 
vt 0.7254970669746399 0.4114806652069092 
vt 0.7210645079612732 0.392683207988739 
vt 0.7254970669746399 0.4448850750923157 
vt 0.7178298830986023 0.4278835356235504 
vt 0.7254970669746399 0.4788880944252014 
vt 0.7179496884346008 0.4610484838485718 
vt 0.7044124007225037 0.4190236032009125 
vt 0.7044124007225037 0.45218852162361145 
vt 0.6893177628517151 0.4235733151435852 
vt 0.6840465664863586 0.38753488659858704 
vt 0.6751814484596252 0.4048955738544464 
vt 0.7051312327384949 0.38214707374572754 
vt 0.7166318893432617 0.4961290657520294 
vt 0.6987818479537964 0.5016366243362427 
vt 0.7016570568084717 0.47733160853385925 
vt 0.6751814484596252 0.4725424647331238 
vt 0.6894375681877136 0.4567382335662842 
vt 0.6751814484596252 0.4390183389186859 
vt 0.6796140074729919 0.4912201762199402 
vt 0.0686391294002533 0.5549160242080688 
vt 0.06684213876724243 0.539231538772583 
vt 0.01365138590335846 0.5643746256828308 
vt 0.012692994438111782 0.5452179908752441 
vt 0.0667223408818245 0.5242654085159302 
vt 0.012812793254852295 0.5235469937324524 
vt 0.06720153987407684 0.5096584558486938 
vt 0.013172189705073833 0.504869282245636 
vt 0.0686391294002533 0.4940936863422394 
vt 0.014010783284902573 0.48559293150901794 
vt 0.4513969421386719 0.8891993761062622 
vt 0.4663718044757843 0.9356542229652405 
vt 0.434265673160553 0.8882415294647217 
vt 0.434265673160553 0.9218853712081909 
vt 0.4896128177642822 0.9584027528762817 
vt 0.43450528383255005 0.9558884501457214 
vt 0.8771625757217407 0.5489295721054077 
vt 0.8647034764289856 0.5583881735801697 
vt 0.8769229650497437 0.5808972120285034 
vt 0.8656618595123291 0.5890387892723083 
vt 0.8653025031089783 0.6322609782218933 
vt 0.8549997806549072 0.6444733142852783 
vt 0.8778813481330872 0.6447127461433411 
vt 0.8630263209342957 0.6581224203109741 
vt 0.8415822982788086 0.6485440731048584 
vt 0.8444574475288391 0.664348304271698 
vt 0.8286439776420593 0.6443535685539246 
vt 0.8218154311180115 0.6591999530792236 
vt 0.8188204765319824 0.6320214867591858 
vt 0.8060019612312317 0.6451916694641113 
vt 0.852364182472229 0.5624589323997498 
vt 0.8494890332221985 0.5920320153236389 
vt 0.840384304523468 0.5589867830276489 
vt 0.833915114402771 0.5883204340934753 
vt 0.8216956257820129 0.5795801877975464 
vt 0.8275657892227173 0.5489295721054077 
vt 0.42144718766212463 0.012663373723626137 
vt 0.42276495695114136 0.029664892703294754 
vt 0.45547008514404297 0.012663373723626137 
vt 0.47128355503082275 0.045469120144844055 
vt 0.48901382088661194 0.01290283165872097 
vt 0.49260780215263367 0.06869654357433319 
vt 0.24186848104000092 0.011944999918341637 
vt 0.2195858657360077 0.013022560626268387 
vt 0.23875370621681213 0.035411883145570755 
vt 0.2205442637205124 0.04127860441803932 
vt 0.20017842948436737 0.015057954005897045 
vt 0.20017842948436737 0.043313998728990555 
vt 0.17981259524822235 0.04127860441803932 
vt 0.18077099323272705 0.013022560626268387 
vt 0.16148334741592407 0.035411883145570755 
vt 0.15848837792873383 0.011944999918341637 
vt 0.4401358366012573 0.8020366430282593 
vt 0.4251609444618225 0.8000012636184692 
vt 0.44181302189826965 0.8184395432472229 
vt 0.4230045676231384 0.8170027732849121 
vt 0.4448079764842987 0.8349621295928955 
vt 0.4219263792037964 0.834602952003479 
vt 0.44492778182029724 0.8539990782737732 
vt 0.4219263792037964 0.8536398410797119 
vt 0.2636719048023224 0.06570331752300262 
vt 0.2865535020828247 0.06570331752300262 
vt 0.26678666472435 0.04918072000145912 
vt 0.28667330741882324 0.048701804131269455 
vt 0.26990145444869995 0.032897576689720154 
vt 0.2855951189994812 0.03134109824895859 
vt 0.2682242691516876 0.014459309168159962 
vt 0.28295955061912537 0.01254364475607872 
vt 0.646429717540741 0.34658756852149963 
vt 0.6386427879333496 0.35401076078414917 
vt 0.6782962083816528 0.34658756852149963 
vt 0.6838070154190063 0.35401076078414917 
vt 0.6441535353660583 0.36131420731544495 
vt 0.6759002804756165 0.36131420731544495 
vt 0.5105776190757751 0.7497150897979736 
vt 0.49260780215263367 0.7524688839912415 
vt 0.5105776190757751 0.7189447283744812 
vt 0.4960819482803345 0.7250509262084961 
vt 0.4971601366996765 0.699428915977478 
vt 0.49188899993896484 0.7050561904907227 
vt 0.4902118146419525 0.6940411329269409 
vt 0.485060453414917 0.7011051177978516 
vt 0.48002889752388 0.7234944701194763 
vt 0.4740389287471771 0.7337911128997803 
vt 0.8251698017120361 0.9733688831329346 
vt 0.8163046836853027 0.9712137579917908 
vt 0.8329567313194275 0.9507400989532471 
vt 0.8185808658599854 0.9472679495811462 
vt 0.833076536655426 0.9408025741577148 
vt 0.8163046836853027 0.9364923238754272 
vt 0.012333597056567669 0.18746770918369293 
vt 0.01676616072654724 0.16867026686668396 
vt 0.012333597056567669 0.2209918349981308 
vt 0.02000073343515396 0.20399031043052673 
vt 0.012453395873308182 0.25499486923217773 
vt 0.019880933687090874 0.2371552437543869 
vt 0.0362933985888958 0.25343838334083557 
vt 0.039168573915958405 0.27762365341186523 
vt 0.05821661278605461 0.2673269510269165 
vt 0.06264917552471161 0.2486492395401001 
vt 0.03341821953654289 0.22829529643058777 
vt 0.03353802114725113 0.19501064717769623 
vt 0.032699428498744965 0.15825383365154266 
vt 0.053784050047397614 0.16364164650440216 
vt 0.04851289466023445 0.19956034421920776 
vt 0.04851289466023445 0.2328450083732605 
vt 0.06264917552471161 0.21500538289546967 
vt 0.06264917552471161 0.18100234866142273 
vt 0.02119872346520424 0.27223584055900574 
vt 0.21347612142562866 0.9600789546966553 
vt 0.20497038960456848 0.9054825305938721 
vt 0.19418847560882568 0.9610368013381958 
vt 0.18939651548862457 0.9069193005561829 
vt 0.1754998415708542 0.9613959789276123 
vt 0.17478103935718536 0.9073981642723083 
vt 0.15381622314453125 0.9613959789276123 
vt 0.15980616211891174 0.9072784781455994 
vt 0.13476817309856415 0.9604381322860718 
vt 0.14423230290412903 0.9054825305938721 
vt 0.8862673044204712 0.7037391662597656 
vt 0.932749330997467 0.7185855507850647 
vt 0.8853089213371277 0.686617910861969 
vt 0.9188526272773743 0.686617910861969 
vt 0.9555111527442932 0.7419326901435852 
vt 0.952875554561615 0.6867376565933228 
vt 0.799892246723175 0.2191959023475647 
vt 0.8002516031265259 0.24206413328647614 
vt 0.7865945100784302 0.2339225709438324 
vt 0.7961784601211548 0.255473792552948 
vt 0.8527235984802246 0.2475716769695282 
vt 0.8557185530662537 0.2314082533121109 
vt 0.8821941614151001 0.2446981817483902 
vt 0.8863871097564697 0.23236608505249023 
vt 0.8638648986816406 0.22015373408794403 
vt 0.8957314491271973 0.2199142724275589 
vt 0.8123513460159302 0.2317674458026886 
vt 0.885788083076477 0.25667107105255127 
vt 0.8563175797462463 0.26325616240501404 
vt 0.8003714084625244 0.2684045135974884 
vt 0.780364990234375 0.2526002824306488 
vt 0.7855163216590881 0.2752290666103363 
vt 0.8125908970832825 0.27822229266166687 
vt 0.7995328307151794 0.2911530137062073 
vt 0.8957314491271973 0.2694820761680603 
vt 0.8651826977729797 0.27546852827072144 
vt 0.5557418465614319 0.7494756579399109 
vt 0.5897647738456726 0.7494756579399109 
vt 0.5571794509887695 0.732474148273468 
vt 0.6056980490684509 0.7166699171066284 
vt 0.6233084797859192 0.7491164803504944 
vt 0.6270222663879395 0.6934424638748169 
vt 0.699979841709137 0.9627130031585693 
vt 0.6670351028442383 0.9618749022483826 
vt 0.6984224915504456 0.992645263671875 
vt 0.6670351028442383 0.9918071627616882 
vt 0.6339706182479858 0.9627130031585693 
vt 0.6355279684066772 0.992645263671875 
vt 0.9901330471038818 0.19572901725769043 
vt 0.9901330471038818 0.2256612628698349 
vt 0.955630898475647 0.19129903614521027 
vt 0.9701266288757324 0.221710205078125 
vt 0.9901330471038818 0.2543962299823761 
vt 0.9665326476097107 0.24852950870990753 
vt 0.9701266288757324 0.221710205078125 
vt 0.9665326476097107 0.24852950870990753 
vt 0.9901330471038818 0.2543962299823761 
vt 0.9901330471038818 0.2256612628698349 
vt 0.955630898475647 0.19129903614521027 
vt 0.9901330471038818 0.19572901725769043 
vt 0.7665880918502808 0.4903820753097534 
vt 0.7671871185302734 0.46296414732933044 
vt 0.743706464767456 0.4858323931694031 
vt 0.7473004460334778 0.45901307463645935 
vt 0.743706464767456 0.4858323931694031 
vt 0.7473004460334778 0.45901307463645935 
vt 0.7671871185302734 0.46296414732933044 
vt 0.7671871185302734 0.4330318868160248 
vt 0.7328047752380371 0.4286019206047058 
vt 0.7328047752380371 0.4286019206047058 
vt 0.7671871185302734 0.4330318868160248 
vt 0.7665880918502808 0.4903820753097534 
vt 0.8978878259658813 0.3772381842136383 
vt 0.8975284099578857 0.33569222688674927 
vt 0.8691360354423523 0.37771710753440857 
vt 0.8699746131896973 0.34479162096977234 
vt 0.8965700268745422 0.3069572448730469 
vt 0.8691360354423523 0.31174641847610474 
vt 0.699979841709137 0.9627130031585693 
vt 0.6670351028442383 0.9618749022483826 
vt 0.6984224915504456 0.992645263671875 
vt 0.6670351028442383 0.9918071627616882 
vt 0.6339706182479858 0.9627130031585693 
vt 0.6355279684066772 0.992645263671875 
vt 0.8978878259658813 0.3772381842136383 
vt 0.8691360354423523 0.37771710753440857 
vt 0.8975284099578857 0.33569222688674927 
vt 0.8699746131896973 0.34479162096977234 
vt 0.8965700268745422 0.3069572448730469 
vt 0.8691360354423523 0.31174641847610474 
vt 0.9488023519515991 0.8362791538238525 
vt 0.9703661799430847 0.8349621295928955 
vt 0.9379006624221802 0.8535201549530029 
vt 0.9703661799430847 0.8632181882858276 
vt 0.9440104365348816 0.8730359673500061 
vt 0.9559903144836426 0.877825140953064 
vt 0.9458073973655701 0.8093401193618774 
vt 0.9349057078361511 0.7920991778373718 
vt 0.9673712253570557 0.8106571435928345 
vt 0.9673712253570557 0.7822813987731934 
vt 0.9410154223442078 0.7725833654403687 
vt 0.9529953598976135 0.7677941918373108 
s on 
f 1/1/1 2/2/2 3/3/3 
f 2/2/2 4/4/4 3/3/3 
f 3/3/3 4/4/4 5/5/5 
f 4/4/4 4/4/4 5/5/5 
f 5/5/5 4/4/4 6/6/6 
f 4/4/4 4/4/4 6/6/6 
f 6/6/6 4/4/4 7/7/7 
f 4/4/4 2/2/2 7/7/7 
f 7/7/7 2/2/2 2/2/2 
f 2/2/2 3/3/3 2/2/2 
f 2/2/2 3/3/3 3/3/3 
f 3/3/3 5/5/5 3/3/3 
f 3/3/3 5/5/5 8/8/8 
f 5/5/5 9/9/9 8/8/8 
f 8/8/8 9/9/9 10/10/10 
f 9/9/9 11/11/11 10/10/10 
f 10/10/10 11/11/11 12/12/12 
f 11/11/11 13/13/13 12/12/12 
f 12/12/12 13/13/13 14/14/14 
f 13/13/13 13/13/13 14/14/14 
f 14/14/14 13/13/13 15/15/15 
f 13/13/13 13/13/13 15/15/15 
f 15/15/15 13/13/13 16/16/16 
f 13/13/13 13/13/13 16/16/16 
f 16/16/16 13/13/13 17/17/17 
f 13/13/13 18/18/18 17/17/17 
f 17/17/17 18/18/18 19/19/19 
f 18/18/18 19/19/19 19/19/19 
f 19/19/19 19/19/19 13/13/13 
f 19/19/19 13/13/13 13/13/13 
f 13/13/13 13/13/13 18/18/18 
f 13/13/13 11/11/11 18/18/18 
f 18/18/18 11/11/11 20/20/20 
f 11/11/11 9/9/9 20/20/20 
f 20/20/20 9/9/9 21/21/21 
f 9/9/9 5/5/5 21/21/21 
f 21/21/21 5/5/5 22/22/22 
f 5/5/5 6/6/6 22/22/22 
f 22/22/22 6/6/6 23/23/23 
f 6/6/6 6/6/6 23/23/23 
f 23/23/23 6/6/6 24/24/24 
f 6/6/6 7/7/7 24/24/24 
f 24/24/24 7/7/7 25/25/25 
f 7/7/7 26/26/26 25/25/25 
f 25/25/25 26/26/26 27/27/27 
f 26/26/26 28/28/28 27/27/27 
f 27/27/27 28/28/28 27/27/27 
f 28/28/28 29/29/29 27/27/27 
f 27/27/27 29/29/29 30/30/30 
f 29/29/29 31/31/31 30/30/30 
f 30/30/30 31/31/31 32/32/32 
f 31/31/31 33/33/33 32/32/32 
f 32/32/32 33/33/33 34/34/34 
f 33/33/33 35/35/35 34/34/34 
f 34/34/34 35/35/35 34/34/34 
f 35/35/35 36/36/36 34/34/34 
f 34/34/34 36/36/36 34/34/34 
f 36/36/36 37/37/37 34/34/34 
f 34/34/34 37/37/37 34/34/34 
f 37/37/37 38/38/38 34/34/34 
f 34/34/34 38/38/38 39/39/39 
f 38/38/38 40/40/40 39/39/39 
f 39/39/39 40/40/40 40/40/40 
f 40/40/40 7/7/7 40/40/40 
f 40/40/40 7/7/7 7/7/7 
f 7/7/7 2/2/2 7/7/7 
f 7/7/7 2/2/2 26/26/26 
f 2/2/2 2/2/2 26/26/26 
f 26/26/26 2/2/2 28/28/28 
f 2/2/2 1/1/1 28/28/28 
f 28/28/28 1/1/1 1/1/1 
f 1/1/1 34/34/34 1/1/1 
f 1/1/1 34/34/34 34/34/34 
f 34/34/34 39/39/39 34/34/34 
f 34/34/34 39/39/39 32/32/32 
f 39/39/39 41/41/41 32/32/32 
f 32/32/32 41/41/41 30/30/30 
f 41/41/41 42/42/42 30/30/30 
f 30/30/30 42/42/42 27/27/27 
f 42/42/42 43/43/43 27/27/27 
f 27/27/27 43/43/43 25/25/25 
f 43/43/43 44/44/44 25/25/25 
f 25/25/25 44/44/44 24/24/24 
f 44/44/44 24/24/24 24/24/24 
f 24/24/24 24/24/24 39/39/39 
f 24/24/24 39/39/39 39/39/39 
f 39/39/39 39/39/39 41/41/41 
f 39/39/39 45/45/45 41/41/41 
f 41/41/41 45/45/45 41/41/41 
f 45/45/45 46/46/46 41/41/41 
f 41/41/41 46/46/46 42/42/42 
f 46/46/46 47/47/47 42/42/42 
f 42/42/42 47/47/47 43/43/43 
f 47/47/47 48/48/48 43/43/43 
f 43/43/43 48/48/48 44/44/44 
f 48/48/48 44/44/44 44/44/44 
f 44/44/44 44/44/44 39/39/39 
f 44/44/44 39/39/39 39/39/39 
f 39/39/39 39/39/39 45/45/45 
f 39/39/39 40/40/40 45/45/45 
f 45/45/45 40/40/40 45/45/45 
f 40/40/40 49/49/49 45/45/45 
f 45/45/45 49/49/49 45/45/45 
f 49/49/49 50/50/50 45/45/45 
f 45/45/45 50/50/50 46/46/46 
f 50/50/50 51/51/51 46/46/46 
f 46/46/46 51/51/51 47/47/47 
f 51/51/51 52/52/52 47/47/47 
f 47/47/47 52/52/52 48/48/48 
f 52/52/52 53/53/53 48/48/48 
f 48/48/48 53/53/53 44/44/44 
f 53/53/53 54/54/54 44/44/44 
f 44/44/44 54/54/54 44/44/44 
f 54/54/54 55/55/55 44/44/44 
f 44/44/44 55/55/55 44/44/44 
f 55/55/55 56/56/56 44/44/44 
f 44/44/44 56/56/56 24/24/24 
f 56/56/56 57/57/57 24/24/24 
f 24/24/24 57/57/57 24/24/24 
f 57/57/57 58/58/58 24/24/24 
f 24/24/24 58/58/58 23/23/23 
f 58/58/58 59/59/59 23/23/23 
f 23/23/23 59/59/59 23/23/23 
f 59/59/59 60/60/60 23/23/23 
f 23/23/23 60/60/60 23/23/23 
f 60/60/60 61/61/61 23/23/23 
f 23/23/23 61/61/61 62/62/62 
f 61/61/61 63/63/63 62/62/62 
f 62/62/62 63/63/63 64/64/64 
f 63/63/63 65/65/65 64/64/64 
f 64/64/64 65/65/65 66/66/66 
f 65/65/65 67/67/67 66/66/66 
f 66/66/66 67/67/67 68/68/68 
f 67/67/67 69/69/69 68/68/68 
f 68/68/68 69/69/69 68/68/68 
f 69/69/69 19/19/19 68/68/68 
f 68/68/68 19/19/19 68/68/68 
f 19/19/19 18/18/18 68/68/68 
f 68/68/68 18/18/18 68/68/68 
f 18/18/18 20/20/20 68/68/68 
f 68/68/68 20/20/20 66/66/66 
f 20/20/20 21/21/21 66/66/66 
f 66/66/66 21/21/21 64/64/64 
f 21/21/21 22/22/22 64/64/64 
f 64/64/64 22/22/22 62/62/62 
f 22/22/22 23/23/23 62/62/62 
f 62/62/62 23/23/23 23/23/23 
f 23/23/23 70/70/70 23/23/23 
f 23/23/23 70/70/70 70/70/70 
f 70/70/70 71/71/71 70/70/70 
f 70/70/70 71/71/71 72/72/72 
f 71/71/71 71/71/71 72/72/72 
f 72/72/72 71/71/71 73/73/73 
f 71/71/71 71/71/71 73/73/73 
f 73/73/73 71/71/71 74/74/74 
f 71/71/71 75/75/75 74/74/74 
f 74/74/74 75/75/75 76/76/76 
f 75/75/75 77/77/77 76/76/76 
f 76/76/76 77/77/77 78/78/78 
f 77/77/77 79/79/79 78/78/78 
f 78/78/78 79/79/79 80/80/80 
f 79/79/79 81/81/81 80/80/80 
f 80/80/80 81/81/81 80/80/80 
f 81/81/81 82/82/82 80/80/80 
f 80/80/80 82/82/82 83/83/83 
f 82/82/82 84/84/84 83/83/83 
f 83/83/83 84/84/84 84/84/84 
f 84/84/84 83/83/83 84/84/84 
f 84/84/84 83/83/83 83/83/83 
f 83/83/83 85/85/85 83/83/83 
f 83/83/83 85/85/85 80/80/80 
f 85/85/85 85/85/85 80/80/80 
f 80/80/80 85/85/85 78/78/78 
f 85/85/85 85/85/85 78/78/78 
f 78/78/78 85/85/85 76/76/76 
f 85/85/85 86/86/86 76/76/76 
f 76/76/76 86/86/86 74/74/74 
f 86/86/86 74/74/74 74/74/74 
f 74/74/74 74/74/74 86/86/86 
f 74/74/74 86/86/86 86/86/86 
f 86/86/86 86/86/86 87/87/87 
f 86/86/86 85/85/85 87/87/87 
f 87/87/87 85/85/85 87/87/87 
f 85/85/85 83/83/83 87/87/87 
f 87/87/87 83/83/83 87/87/87 
f 83/83/83 84/84/84 87/87/87 
f 87/87/87 84/84/84 87/87/87 
f 84/84/84 88/88/88 87/87/87 
f 87/87/87 88/88/88 89/89/89 
f 88/88/88 90/90/90 89/89/89 
f 89/89/89 90/90/90 90/90/90 
f 90/90/90 87/87/87 90/90/90 
f 90/90/90 87/87/87 87/87/87 
f 87/87/87 89/89/89 87/87/87 
f 87/87/87 89/89/89 86/86/86 
f 89/89/89 91/91/91 86/86/86 
f 86/86/86 91/91/91 74/74/74 
f 91/91/91 91/91/91 74/74/74 
f 74/74/74 91/91/91 73/73/73 
f 91/91/91 92/92/92 73/73/73 
f 73/73/73 92/92/92 73/73/73 
f 92/92/92 93/93/93 73/73/73 
f 73/73/73 93/93/93 72/72/72 
f 93/93/93 93/93/93 72/72/72 
f 72/72/72 93/93/93 94/94/94 
f 93/93/93 95/95/95 94/94/94 
f 94/94/94 95/95/95 96/96/96 
f 95/95/95 95/95/95 96/96/96 
f 96/96/96 95/95/95 97/97/97 
f 95/95/95 95/95/95 97/97/97 
f 97/97/97 95/95/95 98/98/98 
f 95/95/95 99/99/99 98/98/98 
f 98/98/98 99/99/99 100/100/100 
f 99/99/99 99/99/99 100/100/100 
f 100/100/100 99/99/99 101/101/101 
f 99/99/99 102/102/102 101/101/101 
f 101/101/101 102/102/102 103/103/103 
f 102/102/102 102/102/102 103/103/103 
f 103/103/103 102/102/102 104/104/104 
f 102/102/102 102/102/102 104/104/104 
f 104/104/104 102/102/102 105/105/105 
f 102/102/102 106/106/106 105/105/105 
f 105/105/105 106/106/106 107/107/107 
f 106/106/106 106/106/106 107/107/107 
f 107/107/107 106/106/106 108/108/108 
f 106/106/106 92/92/92 108/108/108 
f 108/108/108 92/92/92 108/108/108 
f 92/92/92 91/91/91 108/108/108 
f 108/108/108 91/91/91 108/108/108 
f 91/91/91 89/89/89 108/108/108 
f 108/108/108 89/89/89 108/108/108 
f 89/89/89 90/90/90 108/108/108 
f 108/108/108 90/90/90 107/107/107 
f 90/90/90 109/109/109 107/107/107 
f 107/107/107 109/109/109 109/109/109 
f 109/109/109 95/95/95 109/109/109 
f 109/109/109 95/95/95 95/95/95 
f 95/95/95 93/93/93 95/95/95 
f 95/95/95 93/93/93 99/99/99 
f 93/93/93 92/92/92 99/99/99 
f 99/99/99 92/92/92 99/99/99 
f 92/92/92 106/106/106 99/99/99 
f 99/99/99 106/106/106 102/102/102 
f 106/106/106 102/102/102 102/102/102 
f 102/102/102 102/102/102 110/110/110 
f 102/102/102 110/110/110 110/110/110 
f 110/110/110 110/110/110 111/111/111 
f 110/110/110 112/112/112 111/111/111 
f 111/111/111 112/112/112 113/113/113 
f 112/112/112 114/114/114 113/113/113 
f 113/113/113 114/114/114 115/115/115 
f 114/114/114 114/114/114 115/115/115 
f 115/115/115 114/114/114 116/116/116 
f 114/114/114 117/117/117 116/116/116 
f 116/116/116 117/117/117 118/118/118 
f 117/117/117 119/119/119 118/118/118 
f 118/118/118 119/119/119 119/119/119 
f 119/119/119 120/120/120 119/119/119 
f 119/119/119 120/120/120 120/120/120 
f 120/120/120 121/121/121 120/120/120 
f 120/120/120 121/121/121 122/122/122 
f 121/121/121 123/123/123 122/122/122 
f 122/122/122 123/123/123 124/124/124 
f 123/123/123 111/111/111 124/124/124 
f 124/124/124 111/111/111 113/113/113 
f 111/111/111 113/113/113 113/113/113 
f 113/113/113 113/113/113 116/116/116 
f 113/113/113 116/116/116 116/116/116 
f 116/116/116 116/116/116 125/125/125 
f 116/116/116 118/118/118 125/125/125 
f 125/125/125 118/118/118 125/125/125 
f 118/118/118 126/126/126 125/125/125 
f 125/125/125 126/126/126 127/127/127 
f 126/126/126 128/128/128 127/127/127 
f 127/127/127 128/128/128 127/127/127 
f 128/128/128 129/129/129 127/127/127 
f 127/127/127 129/129/129 130/130/130 
f 129/129/129 129/129/129 130/130/130 
f 130/130/130 129/129/129 131/131/131 
f 129/129/129 132/132/132 131/131/131 
f 131/131/131 132/132/132 133/133/133 
f 132/132/132 134/134/134 133/133/133 
f 133/133/133 134/134/134 135/135/135 
f 134/134/134 134/134/134 135/135/135 
f 135/135/135 134/134/134 136/136/136 
f 134/134/134 134/134/134 136/136/136 
f 136/136/136 134/134/134 137/137/137 
f 134/134/134 138/138/138 137/137/137 
f 137/137/137 138/138/138 138/138/138 
f 138/138/138 135/135/135 138/138/138 
f 138/138/138 135/135/135 135/135/135 
f 135/135/135 139/139/139 135/135/135 
f 135/135/135 139/139/139 133/133/133 
f 139/139/139 140/140/140 133/133/133 
f 133/133/133 140/140/140 131/131/131 
f 140/140/140 141/141/141 131/131/131 
f 131/131/131 141/141/141 130/130/130 
f 141/141/141 142/142/142 130/130/130 
f 130/130/130 142/142/142 127/127/127 
f 142/142/142 143/143/143 127/127/127 
f 127/127/127 143/143/143 125/125/125 
f 143/143/143 144/144/144 125/125/125 
f 125/125/125 144/144/144 116/116/116 
f 144/144/144 144/144/144 116/116/116 
f 116/116/116 144/144/144 115/115/115 
f 144/144/144 144/144/144 115/115/115 
f 115/115/115 144/144/144 113/113/113 
f 144/144/144 144/144/144 113/113/113 
f 113/113/113 144/144/144 124/124/124 
f 144/144/144 143/143/143 124/124/124 
f 124/124/124 143/143/143 122/122/122 
f 143/143/143 142/142/142 122/122/122 
f 122/122/122 142/142/142 145/145/145 
f 142/142/142 141/141/141 145/145/145 
f 145/145/145 141/141/141 146/146/146 
f 141/141/141 140/140/140 146/146/146 
f 146/146/146 140/140/140 147/147/147 
f 140/140/140 139/139/139 147/147/147 
f 147/147/147 139/139/139 147/147/147 
f 139/139/139 148/148/148 147/147/147 
f 147/147/147 148/148/148 149/149/149 
f 148/148/148 150/150/150 149/149/149 
f 149/149/149 150/150/150 149/149/149 
f 150/150/150 151/151/151 149/149/149 
f 149/149/149 151/151/151 152/152/152 
f 151/151/151 152/152/152 152/152/152 
f 152/152/152 152/152/152 122/122/122 
f 152/152/152 122/122/122 122/122/122 
f 122/122/122 122/122/122 120/120/120 
f 122/122/122 145/145/145 120/120/120 
f 120/120/120 145/145/145 120/120/120 
f 145/145/145 146/146/146 120/120/120 
f 120/120/120 146/146/146 153/153/153 
f 146/146/146 147/147/147 153/153/153 
f 153/153/153 147/147/147 149/149/149 
f 147/147/147 149/149/149 149/149/149 
f 149/149/149 149/149/149 154/154/154 
f 149/149/149 154/154/154 154/154/154 
f 154/154/154 154/154/154 155/155/155 
f 154/154/154 156/156/156 155/155/155 
f 155/155/155 156/156/156 157/157/157 
f 156/156/156 158/158/158 157/157/157 
f 157/157/157 158/158/158 159/159/159 
f 158/158/158 159/159/159 159/159/159 
f 159/159/159 159/159/159 160/160/160 
f 159/159/159 160/160/160 160/160/160 
f 160/160/160 160/160/160 161/161/161 
f 160/160/160 162/162/162 161/161/161 
f 161/161/161 162/162/162 163/163/163 
f 162/162/162 164/164/164 163/163/163 
f 163/163/163 164/164/164 163/163/163 
f 164/164/164 165/165/165 163/163/163 
f 163/163/163 165/165/165 166/166/166 
f 165/165/165 155/155/155 166/166/166 
f 166/166/166 155/155/155 166/166/166 
f 155/155/155 157/157/157 166/166/166 
f 166/166/166 157/157/157 167/167/167 
f 157/157/157 159/159/159 167/167/167 
f 167/167/167 159/159/159 167/167/167 
f 159/159/159 168/168/168 167/167/167 
f 167/167/167 168/168/168 167/167/167 
f 168/168/168 169/169/169 167/167/167 
f 167/167/167 169/169/169 167/167/167 
f 169/169/169 170/170/170 167/167/167 
f 167/167/167 170/170/170 167/167/167 
f 170/170/170 171/171/171 167/167/167 
f 167/167/167 171/171/171 166/166/166 
f 171/171/171 171/171/171 166/166/166 
f 166/166/166 171/171/171 163/163/163 
f 171/171/171 161/161/161 163/163/163 
f 163/163/163 161/161/161 161/161/161 
f 161/161/161 172/172/172 161/161/161 
f 161/161/161 172/172/172 172/172/172 
f 172/172/172 173/173/173 172/172/172 
f 172/172/172 173/173/173 174/174/174 
f 173/173/173 175/175/175 174/174/174 
f 174/174/174 175/175/175 174/174/174 
f 175/175/175 176/176/176 174/174/174 
f 174/174/174 176/176/176 174/174/174 
f 176/176/176 177/177/177 174/174/174 
f 174/174/174 177/177/177 178/178/178 
f 177/177/177 179/179/179 178/178/178 
f 178/178/178 179/179/179 180/180/180 
f 179/179/179 181/181/181 180/180/180 
f 180/180/180 181/181/181 181/181/181 
f 181/181/181 172/172/172 181/181/181 
f 181/181/181 172/172/172 172/172/172 
f 172/172/172 174/174/174 172/172/172 
f 172/172/172 174/174/174 182/182/182 
f 174/174/174 178/178/178 182/182/182 
f 182/182/182 178/178/178 183/183/183 
f 178/178/178 180/180/180 183/183/183 
f 183/183/183 180/180/180 180/180/180 
f 180/180/180 184/184/184 180/180/180 
f 180/180/180 184/184/184 184/184/184 
f 184/184/184 185/185/185 184/184/184 
f 184/184/184 185/185/185 186/186/186 
f 185/185/185 187/187/187 186/186/186 
f 186/186/186 187/187/187 186/186/186 
f 187/187/187 188/188/188 186/186/186 
f 186/186/186 188/188/188 186/186/186 
f 188/188/188 189/189/189 186/186/186 
f 186/186/186 189/189/189 190/190/190 
f 189/189/189 191/191/191 190/190/190 
f 190/190/190 191/191/191 192/192/192 
f 191/191/191 193/193/193 192/192/192 
f 192/192/192 193/193/193 193/193/193 
f 193/193/193 184/184/184 193/193/193 
f 193/193/193 184/184/184 184/184/184 
f 184/184/184 186/186/186 184/184/184 
f 184/184/184 186/186/186 194/194/194 
f 186/186/186 190/190/190 194/194/194 
f 194/194/194 190/190/190 195/195/195 
f 190/190/190 192/192/192 195/195/195 
f 195/195/195 192/192/192 192/192/192 
f 192/192/192 196/196/196 192/192/192 
f 192/192/192 196/196/196 196/196/196 
f 196/196/196 197/197/197 196/196/196 
f 196/196/196 197/197/197 198/198/198 
f 197/197/197 197/197/197 198/198/198 
f 198/198/198 197/197/197 199/199/199 
f 197/197/197 200/200/200 199/199/199 
f 199/199/199 200/200/200 201/201/201 
f 200/200/200 200/200/200 201/201/201 
f 201/201/201 200/200/200 202/202/202 
f 200/200/200 203/203/203 202/202/202 
f 202/202/202 203/203/203 204/204/204 
f 203/203/203 204/204/204 204/204/204 
f 204/204/204 204/204/204 203/203/203 
f 204/204/204 203/203/203 203/203/203 
f 203/203/203 203/203/203 205/205/205 
f 203/203/203 200/200/200 205/205/205 
f 205/205/205 200/200/200 205/205/205 
f 200/200/200 197/197/197 205/205/205 
f 205/205/205 197/197/197 206/206/206 
f 197/197/197 196/196/196 206/206/206 
f 206/206/206 196/196/196 206/206/206 
f 196/196/196 207/207/207 206/206/206 
f 206/206/206 207/207/207 206/206/206 
f 207/207/207 208/208/208 206/206/206 
f 206/206/206 208/208/208 206/206/206 
f 208/208/208 209/209/209 206/206/206 
f 206/206/206 209/209/209 206/206/206 
f 209/209/209 210/210/210 206/206/206 
f 206/206/206 210/210/210 205/205/205 
f 210/210/210 211/211/211 205/205/205 
f 205/205/205 211/211/211 203/203/203 
f 211/211/211 212/212/212 203/203/203 
f 203/203/203 212/212/212 204/204/204 
f 212/212/212 213/213/213 204/204/204 
f 204/204/204 213/213/213 214/214/214 
f 213/213/213 215/215/215 214/214/214 
f 214/214/214 215/215/215 216/216/216 
f 215/215/215 216/216/216 216/216/216 
f 216/216/216 216/216/216 210/210/210 
f 216/216/216 210/210/210 210/210/210 
f 210/210/210 210/210/210 211/211/211 
f 210/210/210 217/217/217 211/211/211 
f 211/211/211 217/217/217 213/213/213 
f 217/217/217 215/215/215 213/213/213 
f 213/213/213 215/215/215 215/215/215 
f 215/215/215 211/211/211 215/215/215 
f 215/215/215 211/211/211 211/211/211 
f 211/211/211 213/213/213 211/211/211 
f 211/211/211 213/213/213 212/212/212 
f 213/213/213 212/212/212 212/212/212 
f 212/212/212 212/212/212 218/218/218 
f 212/212/212 218/218/218 218/218/218 
f 218/218/218 218/218/218 219/219/219 
f 218/218/218 220/220/220 219/219/219 
f 219/219/219 220/220/220 221/221/221 
f 220/220/220 220/220/220 221/221/221 
f 221/221/221 220/220/220 222/222/222 
f 220/220/220 223/223/223 222/222/222 
f 222/222/222 223/223/223 224/224/224 
f 223/223/223 223/223/223 224/224/224 
f 224/224/224 223/223/223 225/225/225 
f 223/223/223 226/226/226 225/225/225 
f 225/225/225 226/226/226 227/227/227 
f 226/226/226 227/227/227 227/227/227 
f 227/227/227 227/227/227 218/218/218 
f 227/227/227 218/218/218 218/218/218 
f 218/218/218 218/218/218 220/220/220 
f 218/218/218 228/228/228 220/220/220 
f 220/220/220 228/228/228 220/220/220 
f 228/228/228 229/229/229 220/220/220 
f 220/220/220 229/229/229 223/223/223 
f 229/229/229 226/226/226 223/223/223 
f 223/223/223 226/226/226 226/226/226 
f 226/226/226 224/224/224 226/226/226 
f 226/226/226 224/224/224 224/224/224 
f 224/224/224 230/230/230 224/224/224 
f 224/224/224 230/230/230 222/222/222 
f 230/230/230 221/221/221 222/222/222 
f 222/222/222 221/221/221 221/221/221 
f 221/221/221 224/224/224 221/221/221 
f 221/221/221 224/224/224 224/224/224 
f 224/224/224 231/231/231 224/224/224 
f 224/224/224 231/231/231 230/230/230 
f 231/231/231 232/232/232 230/230/230 
f 230/230/230 232/232/232 233/233/233 
f 232/232/232 234/234/234 233/233/233 
f 233/233/233 234/234/234 233/233/233 
f 234/234/234 235/235/235 233/233/233 
f 233/233/233 235/235/235 236/236/236 
f 235/235/235 237/237/237 236/236/236 
f 236/236/236 237/237/237 237/237/237 
f 237/237/237 238/238/238 237/237/237 
f 237/237/237 238/238/238 238/238/238 
f 238/238/238 239/239/239 238/238/238 
f 238/238/238 239/239/239 236/236/236 
f 239/239/239 240/240/240 236/236/236 
f 236/236/236 240/240/240 233/233/233 
f 240/240/240 240/240/240 233/233/233 
f 233/233/233 240/240/240 230/230/230 
f 240/240/240 240/240/240 230/230/230 
f 230/230/230 240/240/240 221/221/221 
f 240/240/240 240/240/240 221/221/221 
f 221/221/221 240/240/240 219/219/219 
f 240/240/240 239/239/239 219/219/219 
f 219/219/219 239/239/239 239/239/239 
f 239/239/239 241/241/241 239/239/239 
f 239/239/239 241/241/241 241/241/241 
f 241/241/241 242/242/242 241/241/241 
f 241/241/241 242/242/242 243/243/243 
f 242/242/242 242/242/242 243/243/243 
f 243/243/243 242/242/242 244/244/244 
f 242/242/242 242/242/242 244/244/244 
f 244/244/244 242/242/242 245/245/245 
f 242/242/242 246/246/246 245/245/245 
f 245/245/245 246/246/246 247/247/247 
f 246/246/246 246/246/246 247/247/247 
f 247/247/247 246/246/246 248/248/248 
f 246/246/246 249/249/249 248/248/248 
f 248/248/248 249/249/249 250/250/250 
f 249/249/249 250/250/250 250/250/250 
f 250/250/250 250/250/250 241/241/241 
f 250/250/250 241/241/241 241/241/241 
f 241/241/241 241/241/241 242/242/242 
f 241/241/241 251/251/251 242/242/242 
f 242/242/242 251/251/251 242/242/242 
f 251/251/251 252/252/252 242/242/242 
f 242/242/242 252/252/252 246/246/246 
f 252/252/252 249/249/249 246/246/246 
f 246/246/246 249/249/249 249/249/249 
f 249/249/249 247/247/247 249/249/249 
f 249/249/249 247/247/247 247/247/247 
f 247/247/247 253/253/253 247/247/247 
f 247/247/247 253/253/253 245/245/245 
f 253/253/253 244/244/244 245/245/245 
f 245/245/245 244/244/244 244/244/244 
f 244/244/244 247/247/247 244/244/244 
f 244/244/244 247/247/247 247/247/247 
f 247/247/247 254/254/254 247/247/247 
f 247/247/247 254/254/254 253/253/253 
f 254/254/254 255/255/255 253/253/253 
f 253/253/253 255/255/255 256/256/256 
f 255/255/255 257/257/257 256/256/256 
f 256/256/256 257/257/257 256/256/256 
f 257/257/257 258/258/258 256/256/256 
f 256/256/256 258/258/258 259/259/259 
f 258/258/258 260/260/260 259/259/259 
f 259/259/259 260/260/260 261/261/261 
f 260/260/260 262/262/262 261/261/261 
f 261/261/261 262/262/262 262/262/262 
f 262/262/262 255/255/255 262/262/262 
f 262/262/262 255/255/255 255/255/255 
f 255/255/255 263/263/263 255/255/255 
f 255/255/255 263/263/263 257/257/257 
f 263/263/263 263/263/263 257/257/257 
f 257/257/257 263/263/263 264/264/264 
f 263/263/263 265/265/265 264/264/264 
f 264/264/264 265/265/265 266/266/266 
f 265/265/265 266/266/266 266/266/266 
f 266/266/266 266/266/266 261/261/261 
f 266/266/266 261/261/261 261/261/261 
f 261/261/261 261/261/261 259/259/259 
f 261/261/261 267/267/267 259/259/259 
f 259/259/259 267/267/267 268/268/268 
f 267/267/267 243/243/243 268/268/268 
f 268/268/268 243/243/243 268/268/268 
f 243/243/243 244/244/244 268/268/268 
f 268/268/268 244/244/244 268/268/268 
f 244/244/244 253/253/253 268/268/268 
f 268/268/268 253/253/253 268/268/268 
f 253/253/253 256/256/256 268/268/268 
f 268/268/268 256/256/256 259/259/259 
f 256/256/256 259/259/259 259/259/259 
f 259/259/259 259/259/259 269/269/269 
f 259/259/259 269/269/269 269/269/269 
f 269/269/269 269/269/269 270/270/270 
f 269/269/269 271/271/271 270/270/270 
f 270/270/270 271/271/271 272/272/272 
f 271/271/271 273/273/273 272/272/272 
f 272/272/272 273/273/273 273/273/273 
f 273/273/273 269/269/269 273/273/273 
f 273/273/273 269/269/269 269/269/269 
f 269/269/269 270/270/270 269/269/269 
f 269/269/269 270/270/270 274/274/274 
f 270/270/270 275/275/275 274/274/274 
f 274/274/274 275/275/275 276/276/276 
f 275/275/275 277/277/277 276/276/276 
f 276/276/276 277/277/277 278/278/278 
f 277/277/277 279/279/279 278/278/278 
f 278/278/278 279/279/279 280/280/280 
f 279/279/279 281/281/281 280/280/280 
f 280/280/280 281/281/281 282/282/282 
f 281/281/281 283/283/283 282/282/282 
f 282/282/282 283/283/283 284/284/284 
f 283/283/283 283/283/283 284/284/284 
f 284/284/284 283/283/283 285/285/285 
f 283/283/283 286/286/286 285/285/285 
f 285/285/285 286/286/286 287/287/287 
f 286/286/286 288/288/288 287/287/287 
f 287/287/287 288/288/288 289/289/289 
f 288/288/288 289/289/289 289/289/289 
f 289/289/289 289/289/289 275/275/275 
f 289/289/289 275/275/275 275/275/275 
f 275/275/275 275/275/275 290/290/290 
f 275/275/275 270/270/270 290/290/290 
f 290/290/290 270/270/270 272/272/272 
f 270/270/270 272/272/272 272/272/272 
f 272/272/272 272/272/272 290/290/290 
f 272/272/272 290/290/290 290/290/290 
f 290/290/290 290/290/290 275/275/275 
f 290/290/290 291/291/291 275/275/275 
f 275/275/275 291/291/291 277/277/277 
f 291/291/291 277/277/277 277/277/277 
f 277/277/277 277/277/277 288/288/288 
f 277/277/277 288/288/288 288/288/288 
f 288/288/288 288/288/288 292/292/292 
f 288/288/288 286/286/286 292/292/292 
f 292/292/292 286/286/286 283/283/283 
f 286/286/286 283/283/283 283/283/283 
f 283/283/283 283/283/283 289/289/289 
f 283/283/283 289/289/289 289/289/289 
f 289/289/289 289/289/289 293/293/293 
f 289/289/289 288/288/288 293/293/293 
f 293/293/293 288/288/288 294/294/294 
f 288/288/288 292/292/292 294/294/294 
f 294/294/294 292/292/292 292/292/292 
f 292/292/292 289/289/289 292/292/292 
f 292/292/292 289/289/289 289/289/289 
f 289/289/289 293/293/293 289/289/289 
f 289/289/289 293/293/293 295/295/295 
f 293/293/293 296/296/296 295/295/295 
f 295/295/295 296/296/296 297/297/297 
f 296/296/296 297/297/297 297/297/297 
f 297/297/297 297/297/297 296/296/296 
f 297/297/297 296/296/296 296/296/296 
f 296/296/296 296/296/296 298/298/298 
f 296/296/296 293/293/293 298/298/298 
f 298/298/298 293/293/293 298/298/298 
f 293/293/293 294/294/294 298/298/298 
f 298/298/298 294/294/294 299/299/299 
f 294/294/294 294/294/294 299/299/299 
f 299/299/299 294/294/294 300/300/300 
f 294/294/294 292/292/292 300/300/300 
f 300/300/300 292/292/292 301/301/301 
f 292/292/292 283/283/283 301/301/301 
f 301/301/301 283/283/283 302/302/302 
f 283/283/283 281/281/281 302/302/302 
f 302/302/302 281/281/281 302/302/302 
f 281/281/281 279/279/279 302/302/302 
f 302/302/302 279/279/279 303/303/303 
f 279/279/279 277/277/277 303/303/303 
f 303/303/303 277/277/277 303/303/303 
f 277/277/277 291/291/291 303/303/303 
f 303/303/303 291/291/291 304/304/304 
f 291/291/291 291/291/291 304/304/304 
f 304/304/304 291/291/291 305/305/305 
f 291/291/291 290/290/290 305/305/305 
f 305/305/305 290/290/290 306/306/306 
f 290/290/290 272/272/272 306/306/306 
f 306/306/306 272/272/272 307/307/307 
f 272/272/272 273/273/273 307/307/307 
f 307/307/307 273/273/273 307/307/307 
f 273/273/273 308/308/308 307/307/307 
f 307/307/307 308/308/308 307/307/307 
f 308/308/308 309/309/309 307/307/307 
f 307/307/307 309/309/309 307/307/307 
f 309/309/309 310/310/310 307/307/307 
f 307/307/307 310/310/310 307/307/307 
f 310/310/310 311/311/311 307/307/307 
f 307/307/307 311/311/311 306/306/306 
f 311/311/311 312/312/312 306/306/306 
f 306/306/306 312/312/312 305/305/305 
f 312/312/312 313/313/313 305/305/305 
f 305/305/305 313/313/313 304/304/304 
f 313/313/313 314/314/314 304/304/304 
f 304/304/304 314/314/314 304/304/304 
f 314/314/314 315/315/315 304/304/304 
f 304/304/304 315/315/315 303/303/303 
f 315/315/315 315/315/315 303/303/303 
f 303/303/303 315/315/315 302/302/302 
f 315/315/315 315/315/315 302/302/302 
f 302/302/302 315/315/315 301/301/301 
f 315/315/315 316/316/316 301/301/301 
f 301/301/301 316/316/316 300/300/300 
f 316/316/316 317/317/317 300/300/300 
f 300/300/300 317/317/317 300/300/300 
f 317/317/317 318/318/318 300/300/300 
f 300/300/300 318/318/318 319/319/319 
f 318/318/318 320/320/320 319/319/319 
f 319/319/319 320/320/320 320/320/320 
f 320/320/320 316/316/316 320/320/320 
f 320/320/320 316/316/316 316/316/316 
f 316/316/316 315/315/315 316/316/316 
f 316/316/316 315/315/315 317/317/317 
f 315/315/315 315/315/315 317/317/317 
f 317/317/317 315/315/315 321/321/321 
f 315/315/315 314/314/314 321/321/321 
f 321/321/321 314/314/314 322/322/322 
f 314/314/314 322/322/322 322/322/322 
f 322/322/322 322/322/322 300/300/300 
f 322/322/322 300/300/300 300/300/300 
f 300/300/300 300/300/300 299/299/299 
f 300/300/300 319/319/319 299/299/299 
f 299/299/299 319/319/319 299/299/299 
f 319/319/319 323/323/323 299/299/299 
f 299/299/299 323/323/323 324/324/324 
f 323/323/323 325/325/325 324/324/324 
f 324/324/324 325/325/325 326/326/326 
f 325/325/325 327/327/327 326/326/326 
f 326/326/326 327/327/327 328/328/328 
f 327/327/327 329/329/329 328/328/328 
f 328/328/328 329/329/329 328/328/328 
f 329/329/329 330/330/330 328/328/328 
f 328/328/328 330/330/330 328/328/328 
f 330/330/330 331/331/331 328/328/328 
f 328/328/328 331/331/331 328/328/328 
f 331/331/331 332/332/332 328/328/328 
f 328/328/328 332/332/332 333/333/333 
f 332/332/332 334/334/334 333/333/333 
f 333/333/333 334/334/334 334/334/334 
f 334/334/334 299/299/299 334/334/334 
f 334/334/334 299/299/299 299/299/299 
f 299/299/299 324/324/324 299/299/299 
f 299/299/299 324/324/324 298/298/298 
f 324/324/324 335/335/335 298/298/298 
f 298/298/298 335/335/335 296/296/296 
f 335/335/335 335/335/335 296/296/296 
f 296/296/296 335/335/335 336/336/336 
f 335/335/335 333/333/333 336/336/336 
f 336/336/336 333/333/333 336/336/336 
f 333/333/333 334/334/334 336/336/336 
f 336/336/336 334/334/334 336/336/336 
f 334/334/334 337/337/337 336/336/336 
f 336/336/336 337/337/337 336/336/336 
f 337/337/337 297/297/297 336/336/336 
f 336/336/336 297/297/297 296/296/296 
f 297/297/297 296/296/296 296/296/296 
f 296/296/296 296/296/296 328/328/328 
f 296/296/296 328/328/328 328/328/328 
f 328/328/328 328/328/328 326/326/326 
f 328/328/328 333/333/333 326/326/326 
f 326/326/326 333/333/333 326/326/326 
f 333/333/333 335/335/335 326/326/326 
f 326/326/326 335/335/335 324/324/324 
f 335/335/335 324/324/324 324/324/324 
f 324/324/324 324/324/324 338/338/338 
f 324/324/324 338/338/338 338/338/338 
f 338/338/338 338/338/338 339/339/339 
f 338/338/338 340/340/340 339/339/339 
f 339/339/339 340/340/340 341/341/341 
f 340/340/340 342/342/342 341/341/341 
f 341/341/341 342/342/342 343/343/343 
f 342/342/342 344/344/344 343/343/343 
f 343/343/343 344/344/344 345/345/345 
f 344/344/344 345/345/345 345/345/345 
f 345/345/345 345/345/345 339/339/339 
f 345/345/345 339/339/339 339/339/339 
f 339/339/339 339/339/339 346/346/346 
f 339/339/339 341/341/341 346/346/346 
f 346/346/346 341/341/341 347/347/347 
f 341/341/341 343/343/343 347/347/347 
f 347/347/347 343/343/343 343/343/343 
f 343/343/343 346/346/346 343/343/343 
f 343/343/343 346/346/346 346/346/346 
f 346/346/346 347/347/347 346/346/346 
f 346/346/346 347/347/347 348/348/348 
f 347/347/347 349/349/349 348/348/348 
f 348/348/348 349/349/349 350/350/350 
f 349/349/349 349/349/349 350/350/350 
f 350/350/350 349/349/349 351/351/351 
f 349/349/349 352/352/352 351/351/351 
f 351/351/351 352/352/352 353/353/353 
f 352/352/352 354/354/354 353/353/353 
f 353/353/353 354/354/354 355/355/355 
f 354/354/354 355/355/355 355/355/355 
f 355/355/355 355/355/355 354/354/354 
f 355/355/355 354/354/354 354/354/354 
f 354/354/354 354/354/354 356/356/356 
f 354/354/354 352/352/352 356/356/356 
f 356/356/356 352/352/352 356/356/356 
f 352/352/352 349/349/349 356/356/356 
f 356/356/356 349/349/349 356/356/356 
f 349/349/349 347/347/347 356/356/356 
f 356/356/356 347/347/347 356/356/356 
f 347/347/347 343/343/343 356/356/356 
f 356/356/356 343/343/343 356/356/356 
f 343/343/343 345/345/345 356/356/356 
f 356/356/356 345/345/345 356/356/356 
f 345/345/345 357/357/357 356/356/356 
f 356/356/356 357/357/357 354/354/354 
f 357/357/357 354/354/354 354/354/354 
f 354/354/354 354/354/354 358/358/358 
f 354/354/354 358/358/358 358/358/358 
f 358/358/358 358/358/358 359/359/359 
f 358/358/358 360/360/360 359/359/359 
f 359/359/359 360/360/360 361/361/361 
f 360/360/360 362/362/362 361/361/361 
f 361/361/361 362/362/362 363/363/363 
f 362/362/362 364/364/364 363/363/363 
f 363/363/363 364/364/364 365/365/365 
f 364/364/364 365/365/365 365/365/365 
f 365/365/365 365/365/365 359/359/359 
f 365/365/365 359/359/359 359/359/359 
f 359/359/359 359/359/359 366/366/366 
f 359/359/359 361/361/361 366/366/366 
f 366/366/366 361/361/361 367/367/367 
f 361/361/361 363/363/363 367/367/367 
f 367/367/367 363/363/363 363/363/363 
f 363/363/363 366/366/366 363/363/363 
f 363/363/363 366/366/366 366/366/366 
f 366/366/366 367/367/367 366/366/366 
f 366/366/366 367/367/367 368/368/368 
f 367/367/367 369/369/369 368/368/368 
f 368/368/368 369/369/369 370/370/370 
f 369/369/369 369/369/369 370/370/370 
f 370/370/370 369/369/369 371/371/371 
f 369/369/369 372/372/372 371/371/371 
f 371/371/371 372/372/372 373/373/373 
f 372/372/372 374/374/374 373/373/373 
f 373/373/373 374/374/374 375/375/375 
f 374/374/374 375/375/375 375/375/375 
f 375/375/375 375/375/375 376/376/376 
f 375/375/375 376/376/376 376/376/376 
f 376/376/376 376/376/376 377/377/377 
f 376/376/376 378/378/378 377/377/377 
f 377/377/377 378/378/378 378/378/378 
f 378/378/378 374/374/374 378/378/378 
f 378/378/378 374/374/374 374/374/374 
f 374/374/374 372/372/372 374/374/374 
f 374/374/374 372/372/372 379/379/379 
f 372/372/372 369/369/369 379/379/379 
f 379/379/379 369/369/369 379/379/379 
f 369/369/369 367/367/367 379/379/379 
f 379/379/379 367/367/367 379/379/379 
f 367/367/367 363/363/363 379/379/379 
f 379/379/379 363/363/363 379/379/379 
f 363/363/363 365/365/365 379/379/379 
f 379/379/379 365/365/365 379/379/379 
f 365/365/365 380/380/380 379/379/379 
f 379/379/379 380/380/380 374/374/374 
f 380/380/380 374/374/374 374/374/374 
f 374/374/374 374/374/374 378/378/378 
f 374/374/374 378/378/378 378/378/378 
f 378/378/378 378/378/378 377/377/377 
f 378/378/378 381/381/381 377/377/377 
f 377/377/377 381/381/381 382/382/382 
f 381/381/381 382/382/382 382/382/382 
f 382/382/382 382/382/382 381/381/381 
f 382/382/382 381/381/381 381/381/381 
f 381/381/381 381/381/381 383/383/383 
f 381/381/381 378/378/378 383/383/383 
f 383/383/383 378/378/378 383/383/383 
f 378/378/378 384/384/384 383/383/383 
f 383/383/383 384/384/384 383/383/383 
f 384/384/384 385/385/385 383/383/383 
f 383/383/383 385/385/385 383/383/383 
f 385/385/385 386/386/386 383/383/383 
f 383/383/383 386/386/386 387/387/387 
f 386/386/386 388/388/388 387/387/387 
f 387/387/387 388/388/388 389/389/389 
f 388/388/388 390/390/390 389/389/389 
f 389/389/389 390/390/390 381/381/381 
f 390/390/390 390/390/390 381/381/381 
f 381/381/381 390/390/390 382/382/382 
f 390/390/390 391/391/391 382/382/382 
f 382/382/382 391/391/391 392/392/392 
f 391/391/391 392/392/392 392/392/392 
f 392/392/392 392/392/392 383/383/383 
f 392/392/392 383/383/383 383/383/383 
f 383/383/383 383/383/383 381/381/381 
f 383/383/383 387/387/387 381/381/381 
f 381/381/381 387/387/387 389/389/389 
f 387/387/387 389/389/389 389/389/389 
f 389/389/389 389/389/389 388/388/388 
f 389/389/389 388/388/388 388/388/388 
f 388/388/388 388/388/388 390/390/390 
f 388/388/388 393/393/393 390/390/390 
f 390/390/390 393/393/393 391/391/391 
f 393/393/393 394/394/394 391/391/391 
f 391/391/391 394/394/394 391/391/391 
f 394/394/394 395/395/395 391/391/391 
f 391/391/391 395/395/395 391/391/391 
f 395/395/395 396/396/396 391/391/391 
f 391/391/391 396/396/396 397/397/397 
f 396/396/396 398/398/398 397/397/397 
f 397/397/397 398/398/398 399/399/399 
f 398/398/398 400/400/400 399/399/399 
f 399/399/399 400/400/400 401/401/401 
f 400/400/400 401/401/401 401/401/401 
f 401/401/401 401/401/401 391/391/391 
f 401/401/401 391/391/391 391/391/391 
f 391/391/391 391/391/391 392/392/392 
f 391/391/391 397/397/397 392/392/392 
f 392/392/392 397/397/397 402/402/402 
f 397/397/397 397/397/397 402/402/402 
f 402/402/402 397/397/397 403/403/403 
f 397/397/397 399/399/399 403/403/403 
f 403/403/403 399/399/399 399/399/399 
f 399/399/399 404/404/404 399/399/399 
f 399/399/399 404/404/404 404/404/404 
f 404/404/404 405/405/405 404/404/404 
f 404/404/404 405/405/405 406/406/406 
f 405/405/405 405/405/405 406/406/406 
f 406/406/406 405/405/405 407/407/407 
f 405/405/405 408/408/408 407/407/407 
f 407/407/407 408/408/408 409/409/409 
f 408/408/408 408/408/408 409/409/409 
f 409/409/409 408/408/408 410/410/410 
f 408/408/408 408/408/408 410/410/410 
f 410/410/410 408/408/408 404/404/404 
f 408/408/408 405/405/405 404/404/404 
f 404/404/404 405/405/405 405/405/405 
f 405/405/405 409/409/409 405/405/405 
f 405/405/405 409/409/409 409/409/409 
f 409/409/409 411/411/411 409/409/409 
f 409/409/409 411/411/411 407/407/407 
f 411/411/411 412/412/412 407/407/407 
f 407/407/407 412/412/412 406/406/406 
f 412/412/412 406/406/406 406/406/406 
f 406/406/406 406/406/406 413/413/413 
f 406/406/406 413/413/413 413/413/413 
f 413/413/413 413/413/413 414/414/414 
f 413/413/413 415/415/415 414/414/414 
f 414/414/414 415/415/415 416/416/416 
f 415/415/415 409/409/409 416/416/416 
f 416/416/416 409/409/409 414/414/414 
f 409/409/409 410/410/410 414/414/414 
f 414/414/414 410/410/410 417/417/417 
f 410/410/410 404/404/404 417/417/417 
f 417/417/417 404/404/404 404/404/404 
f 404/404/404 415/415/415 404/404/404 
f 404/404/404 415/415/415 415/415/415 
f 415/415/415 418/418/418 415/415/415 
f 415/415/415 418/418/418 409/409/409 
f 418/418/418 418/418/418 409/409/409 
f 409/409/409 418/418/418 411/411/411 
f 418/418/418 419/419/419 411/411/411 
f 411/411/411 419/419/419 412/412/412 
f 419/419/419 412/412/412 412/412/412 
f 412/412/412 412/412/412 413/413/413 
f 412/412/412 413/413/413 413/413/413 
f 413/413/413 413/413/413 420/420/420 
f 413/413/413 414/414/414 420/420/420 
f 420/420/420 414/414/414 421/421/421 
f 414/414/414 417/417/417 421/421/421 
f 421/421/421 417/417/417 420/420/420 
f 417/417/417 417/417/417 420/420/420 
f 420/420/420 417/417/417 422/422/422 
f 417/417/417 423/423/423 422/422/422 
f 422/422/422 423/423/423 424/424/424 
f 423/423/423 425/425/425 424/424/424 
f 424/424/424 425/425/425 426/426/426 
f 425/425/425 425/425/425 426/426/426 
f 426/426/426 425/425/425 427/427/427 
f 425/425/425 406/406/406 427/427/427 
f 427/427/427 406/406/406 427/427/427 
f 406/406/406 412/412/412 427/427/427 
f 427/427/427 412/412/412 428/428/428 
f 412/412/412 419/419/419 428/428/428 
f 428/428/428 419/419/419 419/419/419 
f 419/419/419 417/417/417 419/419/419 
f 419/419/419 417/417/417 417/417/417 
f 417/417/417 404/404/404 417/417/417 
f 417/417/417 404/404/404 423/423/423 
f 404/404/404 404/404/404 423/423/423 
f 423/423/423 404/404/404 425/425/425 
f 404/404/404 406/406/406 425/425/425 
f 425/425/425 406/406/406 406/406/406 
f 406/406/406 429/429/429 406/406/406 
f 406/406/406 429/429/429 429/429/429 
f 429/429/429 430/430/430 429/429/429 
f 429/429/429 430/430/430 431/431/431 
f 430/430/430 430/430/430 431/431/431 
f 431/431/431 430/430/430 432/432/432 
f 430/430/430 433/433/433 432/432/432 
f 432/432/432 433/433/433 434/434/434 
f 433/433/433 435/435/435 434/434/434 
f 434/434/434 435/435/435 435/435/435 
f 435/435/435 436/436/436 435/435/435 
f 435/435/435 436/436/436 436/436/436 
f 436/436/436 437/437/437 436/436/436 
f 436/436/436 437/437/437 438/438/438 
f 437/437/437 437/437/437 438/438/438 
f 438/438/438 437/437/437 439/439/439 
f 437/437/437 440/440/440 439/439/439 
f 439/439/439 440/440/440 440/440/440 
f 440/440/440 441/441/441 440/440/440 
f 440/440/440 441/441/441 441/441/441 
f 441/441/441 442/442/442 441/441/441 
f 441/441/441 442/442/442 443/443/443 
f 442/442/442 444/444/444 443/443/443 
f 443/443/443 444/444/444 445/445/445 
f 444/444/444 446/446/446 445/445/445 
f 445/445/445 446/446/446 446/446/446 
f 446/446/446 447/447/447 446/446/446 
f 446/446/446 447/447/447 447/447/447 
f 447/447/447 448/448/448 447/447/447 
f 447/447/447 448/448/448 449/449/449 
f 448/448/448 450/450/450 449/449/449 
f 449/449/449 450/450/450 451/451/451 
f 450/450/450 450/450/450 451/451/451 
f 451/451/451 450/450/450 452/452/452 
f 450/450/450 453/453/453 452/452/452 
f 452/452/452 453/453/453 442/442/442 
f 453/453/453 453/453/453 442/442/442 
f 442/442/442 453/453/453 444/444/444 
f 453/453/453 454/454/454 444/444/444 
f 444/444/444 454/454/454 446/446/446 
f 454/454/454 454/454/454 446/446/446 
f 446/446/446 454/454/454 455/455/455 
f 454/454/454 454/454/454 455/455/455 
f 455/455/455 454/454/454 456/456/456 
f 454/454/454 454/454/454 456/456/456 
f 456/456/456 454/454/454 457/457/457 
f 454/454/454 454/454/454 457/457/457 
f 457/457/457 454/454/454 458/458/458 
f 454/454/454 453/453/453 458/458/458 
f 458/458/458 453/453/453 458/458/458 
f 453/453/453 450/450/450 458/458/458 
f 458/458/458 450/450/450 448/448/448 
f 450/450/450 448/448/448 448/448/448 
f 448/448/448 448/448/448 459/459/459 
f 448/448/448 459/459/459 459/459/459 
f 459/459/459 459/459/459 460/460/460 
f 459/459/459 461/461/461 460/460/460 
f 460/460/460 461/461/461 462/462/462 
f 461/461/461 461/461/461 462/462/462 
f 462/462/462 461/461/461 463/463/463 
f 461/461/461 461/461/461 463/463/463 
f 463/463/463 461/461/461 464/464/464 
f 461/461/461 465/465/465 464/464/464 
f 464/464/464 465/465/465 466/466/466 
f 465/465/465 467/467/467 466/466/466 
f 466/466/466 467/467/467 468/468/468 
f 467/467/467 468/468/468 468/468/468 
f 468/468/468 468/468/468 459/459/459 
f 468/468/468 459/459/459 459/459/459 
f 459/459/459 459/459/459 461/461/461 
f 459/459/459 469/469/469 461/461/461 
f 461/461/461 469/469/469 465/465/465 
f 469/469/469 470/470/470 465/465/465 
f 465/465/465 470/470/470 467/467/467 
f 470/470/470 467/467/467 467/467/467 
f 467/467/467 467/467/467 471/471/471 
f 467/467/467 471/471/471 471/471/471 
f 471/471/471 471/471/471 472/472/472 
f 471/471/471 473/473/473 472/472/472 
f 472/472/472 473/473/473 474/474/474 
f 473/473/473 473/473/473 474/474/474 
f 474/474/474 473/473/473 475/475/475 
f 473/473/473 473/473/473 475/475/475 
f 475/475/475 473/473/473 476/476/476 
f 473/473/473 477/477/477 476/476/476 
f 476/476/476 477/477/477 478/478/478 
f 477/477/477 479/479/479 478/478/478 
f 478/478/478 479/479/479 480/480/480 
f 479/479/479 480/480/480 480/480/480 
f 480/480/480 480/480/480 471/471/471 
f 480/480/480 471/471/471 471/471/471 
f 471/471/471 471/471/471 473/473/473 
f 471/471/471 481/481/481 473/473/473 
f 473/473/473 481/481/481 477/477/477 
f 481/481/481 482/482/482 477/477/477 
f 477/477/477 482/482/482 479/479/479 
f 482/482/482 479/479/479 479/479/479 
f 479/479/479 479/479/479 483/483/483 
f 479/479/479 483/483/483 483/483/483 
f 483/483/483 483/483/483 484/484/484 
f 483/483/483 485/485/485 484/484/484 
f 484/484/484 485/485/485 484/484/484 
f 485/485/485 486/486/486 484/484/484 
f 484/484/484 486/486/486 487/487/487 
f 486/486/486 488/488/488 487/487/487 
f 487/487/487 488/488/488 487/487/487 
f 488/488/488 489/489/489 487/487/487 
f 487/487/487 489/489/489 490/490/490 
f 489/489/489 491/491/491 490/490/490 
f 490/490/490 491/491/491 491/491/491 
f 491/491/491 490/490/490 491/491/491 
f 491/491/491 490/490/490 490/490/490 
f 490/490/490 492/492/492 490/490/490 
f 490/490/490 492/492/492 487/487/487 
f 492/492/492 492/492/492 487/487/487 
f 487/487/487 492/492/492 484/484/484 
f 492/492/492 493/493/493 484/484/484 
f 484/484/484 493/493/493 483/483/483 
f 493/493/493 493/493/493 483/483/483 
f 483/483/483 493/493/493 494/494/494 
f 493/493/493 493/493/493 494/494/494 
f 494/494/494 493/493/493 495/495/495 
f 493/493/493 493/493/493 495/495/495 
f 495/495/495 493/493/493 496/496/496 
f 493/493/493 493/493/493 496/496/496 
f 496/496/496 493/493/493 497/497/497 
f 493/493/493 492/492/492 497/497/497 
f 497/497/497 492/492/492 498/498/498 
f 492/492/492 490/490/490 498/498/498 
f 498/498/498 490/490/490 499/499/499 
f 490/490/490 491/491/491 499/499/499 
f 499/499/499 491/491/491 500/500/500 
f 491/491/491 501/501/501 500/500/500 
f 500/500/500 501/501/501 502/502/502 
f 501/501/501 503/503/503 502/502/502 
f 502/502/502 503/503/503 503/503/503 
f 503/503/503 497/497/497 503/503/503 
f 503/503/503 497/497/497 497/497/497 
f 497/497/497 498/498/498 497/497/497 
f 497/497/497 498/498/498 504/504/504 
f 498/498/498 500/500/500 504/504/504 
f 504/504/504 500/500/500 502/502/502 
f 500/500/500 502/502/502 502/502/502 
f 502/502/502 502/502/502 498/498/498 
f 502/502/502 498/498/498 498/498/498 
f 498/498/498 498/498/498 500/500/500 
f 498/498/498 499/499/499 500/500/500 
f 500/500/500 499/499/499 499/499/499 
f 499/499/499 505/505/505 499/499/499 
f 499/499/499 505/505/505 505/505/505 
f 505/505/505 506/506/506 505/505/505 
f 505/505/505 506/506/506 507/507/507 
f 506/506/506 508/508/508 507/507/507 
f 507/507/507 508/508/508 507/507/507 
f 508/508/508 509/509/509 507/507/507 
f 507/507/507 509/509/509 510/510/510 
f 509/509/509 511/511/511 510/510/510 
f 510/510/510 511/511/511 510/510/510 
f 511/511/511 512/512/512 510/510/510 
f 510/510/510 512/512/512 513/513/513 
f 512/512/512 514/514/514 513/513/513 
f 513/513/513 514/514/514 514/514/514 
f 514/514/514 505/505/505 514/514/514 
f 514/514/514 505/505/505 505/505/505 
f 505/505/505 507/507/507 505/505/505 
f 505/505/505 507/507/507 515/515/515 
f 507/507/507 507/507/507 515/515/515 
f 515/515/515 507/507/507 516/516/516 
f 507/507/507 510/510/510 516/516/516 
f 516/516/516 510/510/510 513/513/513 
f 510/510/510 513/513/513 513/513/513 
f 513/513/513 513/513/513 511/511/511 
f 513/513/513 511/511/511 511/511/511 
f 511/511/511 511/511/511 517/517/517 
f 511/511/511 509/509/509 517/517/517 
f 517/517/517 509/509/509 508/508/508 
f 509/509/509 508/508/508 508/508/508 
f 508/508/508 508/508/508 511/511/511 
f 508/508/508 511/511/511 511/511/511 
f 511/511/511 511/511/511 518/518/518 
f 511/511/511 517/517/517 518/518/518 
f 518/518/518 517/517/517 519/519/519 
f 517/517/517 520/520/520 519/519/519 
f 519/519/519 520/520/520 521/521/521 
f 520/520/520 520/520/520 521/521/521 
f 521/521/521 520/520/520 522/522/522 
f 520/520/520 523/523/523 522/522/522 
f 522/522/522 523/523/523 524/524/524 
f 523/523/523 524/524/524 524/524/524 
f 524/524/524 524/524/524 525/525/525 
f 524/524/524 525/525/525 525/525/525 
f 525/525/525 525/525/525 526/526/526 
f 525/525/525 523/523/523 526/526/526 
f 526/526/526 523/523/523 527/527/527 
f 523/523/523 520/520/520 527/527/527 
f 527/527/527 520/520/520 527/527/527 
f 520/520/520 517/517/517 527/527/527 
f 527/527/527 517/517/517 527/527/527 
f 517/517/517 508/508/508 527/527/527 
f 527/527/527 508/508/508 527/527/527 
f 508/508/508 506/506/506 527/527/527 
f 527/527/527 506/506/506 526/526/526 
f 506/506/506 526/526/526 526/526/526 
f 526/526/526 526/526/526 528/528/528 
f 526/526/526 528/528/528 528/528/528 
f 528/528/528 528/528/528 529/529/529 
f 528/528/528 530/530/530 529/529/529 
f 529/529/529 530/530/530 529/529/529 
f 530/530/530 531/531/531 529/529/529 
f 529/529/529 531/531/531 529/529/529 
f 531/531/531 532/532/532 529/529/529 
f 529/529/529 532/532/532 533/533/533 
f 532/532/532 534/534/534 533/533/533 
f 533/533/533 534/534/534 533/533/533 
f 534/534/534 535/535/535 533/533/533 
f 533/533/533 535/535/535 536/536/536 
f 535/535/535 537/537/537 536/536/536 
f 536/536/536 537/537/537 537/537/537 
f 537/537/537 528/528/528 537/537/537 
f 537/537/537 528/528/528 528/528/528 
f 528/528/528 529/529/529 528/528/528 
f 528/528/528 529/529/529 538/538/538 
f 529/529/529 529/529/529 538/538/538 
f 538/538/538 529/529/529 539/539/539 
f 529/529/529 533/533/533 539/539/539 
f 539/539/539 533/533/533 536/536/536 
f 533/533/533 536/536/536 536/536/536 
f 536/536/536 536/536/536 534/534/534 
f 536/536/536 534/534/534 534/534/534 
f 534/534/534 534/534/534 540/540/540 
f 534/534/534 532/532/532 540/540/540 
f 540/540/540 532/532/532 531/531/531 
f 532/532/532 531/531/531 531/531/531 
f 531/531/531 531/531/531 534/534/534 
f 531/531/531 534/534/534 534/534/534 
f 534/534/534 534/534/534 541/541/541 
f 534/534/534 540/540/540 541/541/541 
f 541/541/541 540/540/540 542/542/542 
f 540/540/540 543/543/543 542/542/542 
f 542/542/542 543/543/543 544/544/544 
f 543/543/543 543/543/543 544/544/544 
f 544/544/544 543/543/543 545/545/545 
f 543/543/543 546/546/546 545/545/545 
f 545/545/545 546/546/546 547/547/547 
f 546/546/546 548/548/548 547/547/547 
f 547/547/547 548/548/548 549/549/549 
f 548/548/548 549/549/549 549/549/549 
f 549/549/549 549/549/549 542/542/542 
f 549/549/549 542/542/542 542/542/542 
f 542/542/542 542/542/542 550/550/550 
f 542/542/542 544/544/544 550/550/550 
f 550/550/550 544/544/544 550/550/550 
f 544/544/544 551/551/551 550/550/550 
f 550/550/550 551/551/551 552/552/552 
f 551/551/551 553/553/553 552/552/552 
f 552/552/552 553/553/553 553/553/553 
f 553/553/553 548/548/548 553/553/553 
f 553/553/553 548/548/548 548/548/548 
f 548/548/548 546/546/546 548/548/548 
f 548/548/548 546/546/546 554/554/554 
f 546/546/546 555/555/555 554/554/554 
f 554/554/554 555/555/555 530/530/530 
f 555/555/555 555/555/555 530/530/530 
f 530/530/530 555/555/555 531/531/531 
f 555/555/555 555/555/555 531/531/531 
f 531/531/531 555/555/555 540/540/540 
f 555/555/555 555/555/555 540/540/540 
f 540/540/540 555/555/555 543/543/543 
f 555/555/555 546/546/546 543/543/543 
f 543/543/543 546/546/546 546/546/546 
f 546/546/546 556/556/556 546/546/546 
f 546/546/546 556/556/556 556/556/556 
f 556/556/556 557/557/557 556/556/556 
f 556/556/556 557/557/557 558/558/558 
f 557/557/557 559/559/559 558/558/558 
f 558/558/558 559/559/559 560/560/560 
f 559/559/559 561/561/561 560/560/560 
f 560/560/560 561/561/561 562/562/562 
f 561/561/561 563/563/563 562/562/562 
f 562/562/562 563/563/563 563/563/563 
f 563/563/563 557/557/557 563/563/563 
f 563/563/563 557/557/557 557/557/557 
f 557/557/557 564/564/564 557/557/557 
f 557/557/557 564/564/564 559/559/559 
f 564/564/564 565/565/565 559/559/559 
f 559/559/559 565/565/565 561/561/561 
f 565/565/565 561/561/561 561/561/561 
f 561/561/561 561/561/561 564/564/564 
f 561/561/561 564/564/564 564/564/564 
f 564/564/564 564/564/564 565/565/565 
f 564/564/564 566/566/566 565/565/565 
f 565/565/565 566/566/566 567/567/567 
f 566/566/566 568/568/568 567/567/567 
f 567/567/567 568/568/568 567/567/567 
f 568/568/568 569/569/569 567/567/567 
f 567/567/567 569/569/569 570/570/570 
f 569/569/569 571/571/571 570/570/570 
f 570/570/570 571/571/571 572/572/572 
f 571/571/571 573/573/573 572/572/572 
f 572/572/572 573/573/573 573/573/573 
f 573/573/573 572/572/572 573/573/573 
f 573/573/573 572/572/572 572/572/572 
f 572/572/572 574/574/574 572/572/572 
f 572/572/572 574/574/574 570/570/570 
f 574/574/574 574/574/574 570/570/570 
f 570/570/570 574/574/574 567/567/567 
f 574/574/574 574/574/574 567/567/567 
f 567/567/567 574/574/574 565/565/565 
f 574/574/574 574/574/574 565/565/565 
f 565/565/565 574/574/574 561/561/561 
f 574/574/574 574/574/574 561/561/561 
f 561/561/561 574/574/574 563/563/563 
f 574/574/574 574/574/574 563/563/563 
f 563/563/563 574/574/574 575/575/575 
f 574/574/574 572/572/572 575/575/575 
f 575/575/575 572/572/572 572/572/572 
f 572/572/572 576/576/576 572/572/572 
f 572/572/572 576/576/576 576/576/576 
f 576/576/576 577/577/577 576/576/576 
f 576/576/576 577/577/577 578/578/578 
f 577/577/577 579/579/579 578/578/578 
f 578/578/578 579/579/579 580/580/580 
f 579/579/579 581/581/581 580/580/580 
f 580/580/580 581/581/581 582/582/582 
f 581/581/581 583/583/583 582/582/582 
f 582/582/582 583/583/583 583/583/583 
f 583/583/583 577/577/577 583/583/583 
f 583/583/583 577/577/577 577/577/577 
f 577/577/577 584/584/584 577/577/577 
f 577/577/577 584/584/584 579/579/579 
f 584/584/584 585/585/585 579/579/579 
f 579/579/579 585/585/585 581/581/581 
f 585/585/585 581/581/581 581/581/581 
f 581/581/581 581/581/581 584/584/584 
f 581/581/581 584/584/584 584/584/584 
f 584/584/584 584/584/584 585/585/585 
f 584/584/584 586/586/586 585/585/585 
f 585/585/585 586/586/586 587/587/587 
f 586/586/586 588/588/588 587/587/587 
f 587/587/587 588/588/588 587/587/587 
f 588/588/588 589/589/589 587/587/587 
f 587/587/587 589/589/589 590/590/590 
f 589/589/589 591/591/591 590/590/590 
f 590/590/590 591/591/591 592/592/592 
f 591/591/591 593/593/593 592/592/592 
f 592/592/592 593/593/593 593/593/593 
f 593/593/593 594/594/594 593/593/593 
f 593/593/593 594/594/594 594/594/594 
f 594/594/594 595/595/595 594/594/594 
f 594/594/594 595/595/595 596/596/596 
f 595/595/595 596/596/596 596/596/596 
f 596/596/596 596/596/596 592/592/592 
f 596/596/596 592/592/592 592/592/592 
f 592/592/592 592/592/592 590/590/590 
f 592/592/592 597/597/597 590/590/590 
f 590/590/590 597/597/597 587/587/587 
f 597/597/597 597/597/597 587/587/587 
f 587/587/587 597/597/597 585/585/585 
f 597/597/597 597/597/597 585/585/585 
f 585/585/585 597/597/597 581/581/581 
f 597/597/597 597/597/597 581/581/581 
f 581/581/581 597/597/597 583/583/583 
f 597/597/597 597/597/597 583/583/583 
f 583/583/583 597/597/597 598/598/598 
f 597/597/597 592/592/592 598/598/598 
f 598/598/598 592/592/592 592/592/592 
f 592/592/592 596/596/596 592/592/592 
f 592/592/592 596/596/596 596/596/596 
f 596/596/596 595/595/595 596/596/596 
f 596/596/596 595/595/595 599/599/599 
f 595/595/595 600/600/600 599/599/599 
f 599/599/599 600/600/600 600/600/600 
f 600/600/600 599/599/599 600/600/600 
f 600/600/600 599/599/599 599/599/599 
f 599/599/599 601/601/601 599/599/599 
f 599/599/599 601/601/601 596/596/596 
f 601/601/601 601/601/601 596/596/596 
f 596/596/596 601/601/601 602/602/602 
f 601/601/601 601/601/601 602/602/602 
f 602/602/602 601/601/601 603/603/603 
f 601/601/601 601/601/601 603/603/603 
f 603/603/603 601/601/601 604/604/604 
f 601/601/601 605/605/605 604/604/604 
f 604/604/604 605/605/605 606/606/606 
f 605/605/605 607/607/607 606/606/606 
f 606/606/606 607/607/607 608/608/608 
f 607/607/607 599/599/599 608/608/608 
f 608/608/608 599/599/599 608/608/608 
f 599/599/599 600/600/600 608/608/608 
f 608/608/608 600/600/600 608/608/608 
f 600/600/600 609/609/609 608/608/608 
f 608/608/608 609/609/609 610/610/610 
f 609/609/609 609/609/609 610/610/610 
f 610/610/610 609/609/609 611/611/611 
f 609/609/609 609/609/609 611/611/611 
f 611/611/611 609/609/609 612/612/612 
f 609/609/609 609/609/609 612/612/612 
f 612/612/612 609/609/609 613/613/613 
f 609/609/609 614/614/614 613/613/613 
f 613/613/613 614/614/614 615/615/615 
f 614/614/614 615/615/615 615/615/615 
f 615/615/615 615/615/615 601/601/601 
f 615/615/615 601/601/601 601/601/601 
f 601/601/601 601/601/601 605/605/605 
f 601/601/601 599/599/599 605/605/605 
f 605/605/605 599/599/599 607/607/607 
f 599/599/599 607/607/607 607/607/607 
f 607/607/607 607/607/607 608/608/608 
f 607/607/607 608/608/608 608/608/608 
f 608/608/608 608/608/608 606/606/606 
f 608/608/608 610/610/610 606/606/606 
f 606/606/606 610/610/610 610/610/610 
f 610/610/610 600/600/600 610/610/610 
f 610/610/610 600/600/600 600/600/600 
f 600/600/600 616/616/616 600/600/600 
f 600/600/600 616/616/616 609/609/609 
f 616/616/616 616/616/616 609/609/609 
f 609/609/609 616/616/616 614/614/614 
f 616/616/616 617/617/617 614/614/614 
f 614/614/614 617/617/617 614/614/614 
f 617/617/617 618/618/618 614/614/614 
f 614/614/614 618/618/618 614/614/614 
f 618/618/618 619/619/619 614/614/614 
f 614/614/614 619/619/619 615/615/615 
f 619/619/619 619/619/619 615/615/615 
f 615/615/615 619/619/619 620/620/620 
f 619/619/619 621/621/621 620/620/620 
f 620/620/620 621/621/621 621/621/621 
f 621/621/621 622/622/622 621/621/621 
f 621/621/621 622/622/622 622/622/622 
f 622/622/622 623/623/623 622/622/622 
f 622/622/622 623/623/623 624/624/624 
f 623/623/623 625/625/625 624/624/624 
f 624/624/624 625/625/625 626/626/626 
f 625/625/625 627/627/627 626/626/626 
f 626/626/626 627/627/627 628/628/628 
f 627/627/627 628/628/628 628/628/628 
f 628/628/628 628/628/628 629/629/629 
f 628/628/628 629/629/629 629/629/629 
f 629/629/629 629/629/629 630/630/630 
f 629/629/629 631/631/631 630/630/630 
f 630/630/630 631/631/631 630/630/630 
f 631/631/631 632/632/632 630/630/630 
f 630/630/630 632/632/632 633/633/633 
f 632/632/632 633/633/633 633/633/633 
f 633/633/633 633/633/633 634/634/634 
f 633/633/633 634/634/634 634/634/634 
f 634/634/634 634/634/634 635/635/635 
f 634/634/634 636/636/636 635/635/635 
f 635/635/635 636/636/636 635/635/635 
f 636/636/636 637/637/637 635/635/635 
f 635/635/635 637/637/637 638/638/638 
f 637/637/637 639/639/639 638/638/638 
f 638/638/638 639/639/639 640/640/640 
f 639/639/639 639/639/639 640/640/640 
f 640/640/640 639/639/639 641/641/641 
f 639/639/639 642/642/642 641/641/641 
f 641/641/641 642/642/642 643/643/643 
f 642/642/642 644/644/644 643/643/643 
f 643/643/643 644/644/644 645/645/645 
f 644/644/644 646/646/646 645/645/645 
f 645/645/645 646/646/646 645/645/645 
f 646/646/646 647/647/647 645/645/645 
f 645/645/645 647/647/647 648/648/648 
f 647/647/647 649/649/649 648/648/648 
f 648/648/648 649/649/649 650/650/650 
f 649/649/649 651/651/651 650/650/650 
f 650/650/650 651/651/651 652/652/652 
f 651/651/651 634/634/634 652/652/652 
f 652/652/652 634/634/634 653/653/653 
f 634/634/634 635/635/635 653/653/653 
f 653/653/653 635/635/635 653/653/653 
f 635/635/635 638/638/638 653/653/653 
f 653/653/653 638/638/638 653/653/653 
f 638/638/638 640/640/640 653/653/653 
f 653/653/653 640/640/640 652/652/652 
f 640/640/640 641/641/641 652/652/652 
f 652/652/652 641/641/641 650/650/650 
f 641/641/641 643/643/643 650/650/650 
f 650/650/650 643/643/643 648/648/648 
f 643/643/643 645/645/645 648/648/648 
f 648/648/648 645/645/645 645/645/645 
f 645/645/645 654/654/654 645/645/645 
f 645/645/645 654/654/654 654/654/654 
f 654/654/654 655/655/655 654/654/654 
f 654/654/654 655/655/655 656/656/656 
f 655/655/655 657/657/657 656/656/656 
f 656/656/656 657/657/657 658/658/658 
f 657/657/657 659/659/659 658/658/658 
f 658/658/658 659/659/659 658/658/658 
f 659/659/659 660/660/660 658/658/658 
f 658/658/658 660/660/660 661/661/661 
f 660/660/660 662/662/662 661/661/661 
f 661/661/661 662/662/662 663/663/663 
f 662/662/662 663/663/663 663/663/663 
f 663/663/663 663/663/663 664/664/664 
f 663/663/663 664/664/664 664/664/664 
f 664/664/664 664/664/664 665/665/665 
f 664/664/664 666/666/666 665/665/665 
f 665/665/665 666/666/666 665/665/665 
f 666/666/666 667/667/667 665/665/665 
f 665/665/665 667/667/667 668/668/668 
f 667/667/667 669/669/669 668/668/668 
f 668/668/668 669/669/669 670/670/670 
f 669/669/669 671/671/671 670/670/670 
f 670/670/670 671/671/671 671/671/671 
f 671/671/671 672/672/672 671/671/671 
f 671/671/671 672/672/672 672/672/672 
f 672/672/672 673/673/673 672/672/672 
f 672/672/672 673/673/673 674/674/674 
f 673/673/673 675/675/675 674/674/674 
f 674/674/674 675/675/675 676/676/676 
f 675/675/675 677/677/677 676/676/676 
f 676/676/676 677/677/677 678/678/678 
f 677/677/677 679/679/679 678/678/678 
f 678/678/678 679/679/679 679/679/679 
f 679/679/679 680/680/680 679/679/679 
f 679/679/679 680/680/680 680/680/680 
f 680/680/680 681/681/681 680/680/680 
f 680/680/680 681/681/681 682/682/682 
f 681/681/681 681/681/681 682/682/682 
f 682/682/682 681/681/681 683/683/683 
f 681/681/681 684/684/684 683/683/683 
f 683/683/683 684/684/684 685/685/685 
f 684/684/684 685/685/685 685/685/685 
f 685/685/685 685/685/685 686/686/686 
f 685/685/685 686/686/686 686/686/686 
f 686/686/686 686/686/686 687/687/687 
f 686/686/686 688/688/688 687/687/687 
f 687/687/687 688/688/688 687/687/687 
f 688/688/688 689/689/689 687/687/687 
f 687/687/687 689/689/689 690/690/690 
f 689/689/689 689/689/689 690/690/690 
f 690/690/690 689/689/689 691/691/691 
f 689/689/689 692/692/692 691/691/691 
f 691/691/691 692/692/692 693/693/693 
f 692/692/692 692/692/692 693/693/693 
f 693/693/693 692/692/692 694/694/694 
f 692/692/692 692/692/692 694/694/694 
f 694/694/694 692/692/692 695/695/695 
f 692/692/692 689/689/689 695/695/695 
f 695/695/695 689/689/689 688/688/688 
f 689/689/689 688/688/688 688/688/688 
f 688/688/688 688/688/688 696/696/696 
f 688/688/688 696/696/696 696/696/696 
f 696/696/696 696/696/696 697/697/697 
f 696/696/696 698/698/698 697/697/697 
f 697/697/697 698/698/698 699/699/699 
f 698/698/698 700/700/700 699/699/699 
f 699/699/699 700/700/700 701/701/701 
f 700/700/700 701/701/701 701/701/701 
f 701/701/701 701/701/701 702/702/702 
f 701/701/701 702/702/702 702/702/702 
f 702/702/702 702/702/702 703/703/703 
f 702/702/702 704/704/704 703/703/703 
f 703/703/703 704/704/704 705/705/705 
f 704/704/704 706/706/706 705/705/705 
f 705/705/705 706/706/706 705/705/705 
f 706/706/706 707/707/707 705/705/705 
f 705/705/705 707/707/707 708/708/708 
f 707/707/707 709/709/709 708/708/708 
f 708/708/708 709/709/709 708/708/708 
f 709/709/709 710/710/710 708/708/708 
f 708/708/708 710/710/710 711/711/711 
f 710/710/710 712/712/712 711/711/711 
f 711/711/711 712/712/712 712/712/712 
f 712/712/712 711/711/711 712/712/712 
f 712/712/712 711/711/711 711/711/711 
f 711/711/711 713/713/713 711/711/711 
f 711/711/711 713/713/713 708/708/708 
f 713/713/713 713/713/713 708/708/708 
f 708/708/708 713/713/713 705/705/705 
f 713/713/713 703/703/703 705/705/705 
f 705/705/705 703/703/703 703/703/703 
f 703/703/703 714/714/714 703/703/703 
f 703/703/703 714/714/714 714/714/714 
f 714/714/714 715/715/715 714/714/714 
f 714/714/714 715/715/715 706/706/706 
f 715/715/715 716/716/716 706/706/706 
f 706/706/706 716/716/716 707/707/707 
f 716/716/716 716/716/716 707/707/707 
f 707/707/707 716/716/716 709/709/709 
f 716/716/716 717/717/717 709/709/709 
f 709/709/709 717/717/717 718/718/718 
f 717/717/717 719/719/719 718/718/718 
f 718/718/718 719/719/719 710/710/710 
f 719/719/719 712/712/712 710/710/710 
f 710/710/710 712/712/712 712/712/712 
f 712/712/712 715/715/715 712/712/712 
f 712/712/712 715/715/715 715/715/715 
f 715/715/715 720/720/720 715/715/715 
f 715/715/715 720/720/720 716/716/716 
f 720/720/720 717/717/717 716/716/716 
f 716/716/716 717/717/717 717/717/717 
f 717/717/717 709/709/709 717/717/717 
f 717/717/717 709/709/709 709/709/709 
f 709/709/709 718/718/718 709/709/709 
f 709/709/709 718/718/718 710/710/710 
f 718/718/718 710/710/710 710/710/710 
f 710/710/710 710/710/710 721/721/721 
f 710/710/710 721/721/721 721/721/721 
f 721/721/721 721/721/721 722/722/722 
f 721/721/721 723/723/723 722/722/722 
f 722/722/722 723/723/723 722/722/722 
f 723/723/723 724/724/724 722/722/722 
f 722/722/722 724/724/724 725/725/725 
f 724/724/724 726/726/726 725/725/725 
f 725/725/725 726/726/726 727/727/727 
f 726/726/726 728/728/728 727/727/727 
f 727/727/727 728/728/728 729/729/729 
f 728/728/728 730/730/730 729/729/729 
f 729/729/729 730/730/730 730/730/730 
f 730/730/730 731/731/731 730/730/730 
f 730/730/730 731/731/731 731/731/731 
f 731/731/731 732/732/732 731/731/731 
f 731/731/731 732/732/732 733/733/733 
f 732/732/732 732/732/732 733/733/733 
f 733/733/733 732/732/732 734/734/734 
f 732/732/732 735/735/735 734/734/734 
f 734/734/734 735/735/735 736/736/736 
f 735/735/735 736/736/736 736/736/736 
f 736/736/736 736/736/736 737/737/737 
f 736/736/736 737/737/737 737/737/737 
f 737/737/737 737/737/737 738/738/738 
f 737/737/737 739/739/739 738/738/738 
f 738/738/738 739/739/739 740/740/740 
f 739/739/739 741/741/741 740/740/740 
f 740/740/740 741/741/741 742/742/742 
f 741/741/741 743/743/743 742/742/742 
f 742/742/742 743/743/743 742/742/742 
f 743/743/743 744/744/744 742/742/742 
f 742/742/742 744/744/744 745/745/745 
f 744/744/744 746/746/746 745/745/745 
f 745/745/745 746/746/746 747/747/747 
f 746/746/746 748/748/748 747/747/747 
f 747/747/747 748/748/748 749/749/749 
f 748/748/748 750/750/750 749/749/749 
f 749/749/749 750/750/750 750/750/750 
f 750/750/750 738/738/738 750/750/750 
f 750/750/750 738/738/738 738/738/738 
f 738/738/738 740/740/740 738/738/738 
f 738/738/738 740/740/740 751/751/751 
f 740/740/740 752/752/752 751/751/751 
f 751/751/751 752/752/752 753/753/753 
f 752/752/752 753/753/753 753/753/753 
f 753/753/753 753/753/753 740/740/740 
f 753/753/753 740/740/740 740/740/740 
f 740/740/740 740/740/740 752/752/752 
f 740/740/740 742/742/742 752/752/752 
f 752/752/752 742/742/742 752/752/752 
f 742/742/742 745/745/745 752/752/752 
f 752/752/752 745/745/745 754/754/754 
f 745/745/745 747/747/747 754/754/754 
f 754/754/754 747/747/747 755/755/755 
f 747/747/747 749/749/749 755/755/755 
f 755/755/755 749/749/749 749/749/749 
f 749/749/749 755/755/755 749/749/749 
f 749/749/749 755/755/755 755/755/755 
f 755/755/755 756/756/756 755/755/755 
f 755/755/755 756/756/756 754/754/754 
f 756/756/756 753/753/753 754/754/754 
f 754/754/754 753/753/753 752/752/752 
f 753/753/753 752/752/752 752/752/752 
f 752/752/752 752/752/752 757/757/757 
f 752/752/752 757/757/757 757/757/757 
f 757/757/757 757/757/757 758/758/758 
f 757/757/757 759/759/759 758/758/758 
f 758/758/758 759/759/759 760/760/760 
f 759/759/759 761/761/761 760/760/760 
f 760/760/760 761/761/761 762/762/762 
f 761/761/761 762/762/762 762/762/762 
f 762/762/762 762/762/762 763/763/763 
f 762/762/762 763/763/763 763/763/763 
f 763/763/763 763/763/763 764/764/764 
f 763/763/763 765/765/765 764/764/764 
f 764/764/764 765/765/765 764/764/764 
f 765/765/765 766/766/766 764/764/764 
f 764/764/764 766/766/766 767/767/767 
f 766/766/766 768/768/768 767/767/767 
f 767/767/767 768/768/768 767/767/767 
f 768/768/768 769/769/769 767/767/767 
f 767/767/767 769/769/769 770/770/770 
f 769/769/769 771/771/771 770/770/770 
f 770/770/770 771/771/771 772/772/772 
f 771/771/771 772/772/772 772/772/772 
f 772/772/772 772/772/772 773/773/773 
f 772/772/772 773/773/773 773/773/773 
f 773/773/773 773/773/773 774/774/774 
f 773/773/773 775/775/775 774/774/774 
f 774/774/774 775/775/775 776/776/776 
f 775/775/775 777/777/777 776/776/776 
f 776/776/776 777/777/777 778/778/778 
f 777/777/777 779/779/779 778/778/778 
f 778/778/778 779/779/779 780/780/780 
f 779/779/779 780/780/780 780/780/780 
f 780/780/780 780/780/780 781/781/781 
f 780/780/780 781/781/781 781/781/781 
f 781/781/781 781/781/781 782/782/782 
f 781/781/781 783/783/783 782/782/782 
f 782/782/782 783/783/783 784/784/784 
f 783/783/783 785/785/785 784/784/784 
f 784/784/784 785/785/785 786/786/786 
f 785/785/785 787/787/787 786/786/786 
f 786/786/786 787/787/787 788/788/788 
f 787/787/787 788/788/788 788/788/788 
f 788/788/788 788/788/788 789/789/789 
f 788/788/788 789/789/789 789/789/789 
f 789/789/789 789/789/789 790/790/790 
f 789/789/789 791/791/791 790/790/790 
f 790/790/790 791/791/791 790/790/790 
f 791/791/791 792/792/792 790/790/790 
f 790/790/790 792/792/792 793/793/793 
f 792/792/792 794/794/794 793/793/793 
f 793/793/793 794/794/794 794/794/794 
f 794/794/794 795/795/795 794/794/794 
f 794/794/794 795/795/795 795/795/795 
f 795/795/795 796/796/796 795/795/795 
f 795/795/795 796/796/796 797/797/797 
f 796/796/796 798/798/798 797/797/797 
f 797/797/797 798/798/798 799/799/799 
f 798/798/798 800/800/800 799/799/799 
f 799/799/799 800/800/800 801/801/801 
f 800/800/800 800/800/800 801/801/801 
f 801/801/801 800/800/800 802/802/802 
f 800/800/800 800/800/800 802/802/802 
f 802/802/802 800/800/800 803/803/803 
f 800/800/800 798/798/798 803/803/803 
f 803/803/803 798/798/798 804/804/804 
f 798/798/798 796/796/796 804/804/804 
f 804/804/804 796/796/796 796/796/796 
f 796/796/796 805/805/805 796/796/796 
f 796/796/796 805/805/805 805/805/805 
f 805/805/805 806/806/806 805/805/805 
f 805/805/805 806/806/806 807/807/807 
f 806/806/806 808/808/808 807/807/807 
f 807/807/807 808/808/808 809/809/809 
f 808/808/808 810/810/810 809/809/809 
f 809/809/809 810/810/810 810/810/810 
f 810/810/810 811/811/811 810/810/810 
f 810/810/810 811/811/811 811/811/811 
f 811/811/811 812/812/812 811/811/811 
f 811/811/811 812/812/812 813/813/813 
f 812/812/812 814/814/814 813/813/813 
f 813/813/813 814/814/814 815/815/815 
f 814/814/814 816/816/816 815/815/815 
f 815/815/815 816/816/816 815/815/815 
f 816/816/816 817/817/817 815/815/815 
f 815/815/815 817/817/817 818/818/818 
f 817/817/817 817/817/817 818/818/818 
f 818/818/818 817/817/817 819/819/819 
f 817/817/817 817/817/817 819/819/819 
f 819/819/819 817/817/817 820/820/820 
f 817/817/817 817/817/817 820/820/820 
f 820/820/820 817/817/817 821/821/821 
f 817/817/817 816/816/816 821/821/821 
f 821/821/821 816/816/816 822/822/822 
f 816/816/816 814/814/814 822/822/822 
f 822/822/822 814/814/814 823/823/823 
f 814/814/814 812/812/812 823/823/823 
f 823/823/823 812/812/812 812/812/812 
f 812/812/812 823/823/823 812/812/812 
f 812/812/812 823/823/823 823/823/823 
f 823/823/823 824/824/824 823/823/823 
f 823/823/823 824/824/824 822/822/822 
f 824/824/824 825/825/825 822/822/822 
f 822/822/822 825/825/825 821/821/821 
f 825/825/825 826/826/826 821/821/821 
f 821/821/821 826/826/826 820/820/820 
f 826/826/826 826/826/826 820/820/820 
f 820/820/820 826/826/826 827/827/827 
f 826/826/826 825/825/825 827/827/827 
f 827/827/827 825/825/825 828/828/828 
f 825/825/825 824/824/824 828/828/828 
f 828/828/828 824/824/824 824/824/824 
f 824/824/824 815/815/815 824/824/824 
f 824/824/824 815/815/815 815/815/815 
f 815/815/815 818/818/818 815/815/815 
f 815/815/815 818/818/818 829/829/829 
f 818/818/818 829/829/829 829/829/829 
f 829/829/829 829/829/829 830/830/830 
f 829/829/829 830/830/830 830/830/830 
f 830/830/830 830/830/830 831/831/831 
f 830/830/830 832/832/832 831/831/831 
f 831/831/831 832/832/832 833/833/833 
f 832/832/832 834/834/834 833/833/833 
f 833/833/833 834/834/834 835/835/835 
f 834/834/834 836/836/836 835/835/835 
f 835/835/835 836/836/836 837/837/837 
f 836/836/836 838/838/838 837/837/837 
f 837/837/837 838/838/838 839/839/839 
f 838/838/838 839/839/839 839/839/839 
f 839/839/839 839/839/839 840/840/840 
f 839/839/839 840/840/840 840/840/840 
f 840/840/840 840/840/840 841/841/841 
f 840/840/840 842/842/842 841/841/841 
f 841/841/841 842/842/842 841/841/841 
f 842/842/842 843/843/843 841/841/841 
f 841/841/841 843/843/843 844/844/844 
f 843/843/843 845/845/845 844/844/844 
f 844/844/844 845/845/845 845/845/845 
f 845/845/845 846/846/846 845/845/845 
f 845/845/845 846/846/846 846/846/846 
f 846/846/846 847/847/847 846/846/846 
f 846/846/846 847/847/847 848/848/848 
f 847/847/847 847/847/847 848/848/848 
f 848/848/848 847/847/847 849/849/849 
f 847/847/847 847/847/847 849/849/849 
f 849/849/849 847/847/847 850/850/850 
f 847/847/847 851/851/851 850/850/850 
f 850/850/850 851/851/851 852/852/852 
f 851/851/851 851/851/851 852/852/852 
f 852/852/852 851/851/851 853/853/853 
f 851/851/851 854/854/854 853/853/853 
f 853/853/853 854/854/854 855/855/855 
f 854/854/854 855/855/855 855/855/855 
f 855/855/855 855/855/855 846/846/846 
f 855/855/855 846/846/846 846/846/846 
f 846/846/846 846/846/846 847/847/847 
f 846/846/846 856/856/856 847/847/847 
f 847/847/847 856/856/856 851/851/851 
f 856/856/856 854/854/854 851/851/851 
f 851/851/851 854/854/854 854/854/854 
f 854/854/854 852/852/852 854/854/854 
f 854/854/854 852/852/852 852/852/852 
f 852/852/852 857/857/857 852/852/852 
f 852/852/852 857/857/857 850/850/850 
f 857/857/857 858/858/858 850/850/850 
f 850/850/850 858/858/858 849/849/849 
f 858/858/858 859/859/859 849/849/849 
f 849/849/849 859/859/859 860/860/860 
f 859/859/859 859/859/859 860/860/860 
f 860/860/860 859/859/859 861/861/861 
f 859/859/859 862/862/862 861/861/861 
f 861/861/861 862/862/862 863/863/863 
f 862/862/862 863/863/863 863/863/863 
f 863/863/863 863/863/863 857/857/857 
f 863/863/863 857/857/857 857/857/857 
f 857/857/857 857/857/857 858/858/858 
f 857/857/857 864/864/864 858/858/858 
f 858/858/858 864/864/864 858/858/858 
f 864/864/864 865/865/865 858/858/858 
f 858/858/858 865/865/865 859/859/859 
f 865/865/865 862/862/862 859/859/859 
f 859/859/859 862/862/862 862/862/862 
f 862/862/862 849/849/849 862/862/862 
f 862/862/862 849/849/849 849/849/849 
f 849/849/849 860/860/860 849/849/849 
f 849/849/849 860/860/860 848/848/848 
f 860/860/860 848/848/848 848/848/848 
f 848/848/848 848/848/848 866/866/866 
f 848/848/848 866/866/866 866/866/866 
f 866/866/866 866/866/866 867/867/867 
f 866/866/866 868/868/868 867/867/867 
f 867/867/867 868/868/868 867/867/867 
f 868/868/868 869/869/869 867/867/867 
f 867/867/867 869/869/869 870/870/870 
f 869/869/869 871/871/871 870/870/870 
f 870/870/870 871/871/871 871/871/871 
f 871/871/871 872/872/872 871/871/871 
f 871/871/871 872/872/872 872/872/872 
f 872/872/872 873/873/873 872/872/872 
f 872/872/872 873/873/873 874/874/874 
f 873/873/873 873/873/873 874/874/874 
f 874/874/874 873/873/873 875/875/875 
f 873/873/873 876/876/876 875/875/875 
f 875/875/875 876/876/876 877/877/877 
f 876/876/876 877/877/877 877/877/877 
f 877/877/877 877/877/877 878/878/878 
f 877/877/877 878/878/878 878/878/878 
f 878/878/878 878/878/878 879/879/879 
f 878/878/878 880/880/880 879/879/879 
f 879/879/879 880/880/880 879/879/879 
f 880/880/880 881/881/881 879/879/879 
f 879/879/879 881/881/881 882/882/882 
f 881/881/881 881/881/881 882/882/882 
f 882/882/882 881/881/881 883/883/883 
f 881/881/881 884/884/884 883/883/883 
f 883/883/883 884/884/884 885/885/885 
f 884/884/884 884/884/884 885/885/885 
f 885/885/885 884/884/884 886/886/886 
f 884/884/884 884/884/884 886/886/886 
f 886/886/886 884/884/884 887/887/887 
f 884/884/884 888/888/888 887/887/887 
f 887/887/887 888/888/888 889/889/889 
f 888/888/888 889/889/889 889/889/889 
f 889/889/889 889/889/889 884/884/884 
f 889/889/889 884/884/884 884/884/884 
f 884/884/884 884/884/884 888/888/888 
f 884/884/884 881/881/881 888/888/888 
f 888/888/888 881/881/881 880/880/880 
f 881/881/881 880/880/880 880/880/880 
f 880/880/880 880/880/880 890/890/890 
f 880/880/880 890/890/890 890/890/890 
f 890/890/890 890/890/890 891/891/891 
f 890/890/890 892/892/892 891/891/891 
f 891/891/891 892/892/892 893/893/893 
f 892/892/892 894/894/894 893/893/893 
f 893/893/893 894/894/894 895/895/895 
f 894/894/894 896/896/896 895/895/895 
f 895/895/895 896/896/896 895/895/895 
f 896/896/896 897/897/897 895/895/895 
f 895/895/895 897/897/897 895/895/895 
f 897/897/897 898/898/898 895/895/895 
f 895/895/895 898/898/898 895/895/895 
f 898/898/898 899/899/899 895/895/895 
f 895/895/895 899/899/899 893/893/893 
f 899/899/899 900/900/900 893/893/893 
f 893/893/893 900/900/900 891/891/891 
f 900/900/900 891/891/891 891/891/891 
f 891/891/891 891/891/891 896/896/896 
f 891/891/891 896/896/896 896/896/896 
f 896/896/896 896/896/896 901/901/901 
f 896/896/896 894/894/894 901/901/901 
f 901/901/901 894/894/894 894/894/894 
f 894/894/894 902/902/902 894/894/894 
f 894/894/894 902/902/902 902/902/902 
f 902/902/902 903/903/903 902/902/902 
f 902/902/902 903/903/903 904/904/904 
f 903/903/903 903/903/903 904/904/904 
f 904/904/904 903/903/903 905/905/905 
f 903/903/903 906/906/906 905/905/905 
f 905/905/905 906/906/906 907/907/907 
f 906/906/906 907/907/907 907/907/907 
f 907/907/907 907/907/907 908/908/908 
f 907/907/907 908/908/908 908/908/908 
f 908/908/908 908/908/908 909/909/909 
f 908/908/908 910/910/910 909/909/909 
f 909/909/909 910/910/910 909/909/909 
f 910/910/910 911/911/911 909/909/909 
f 909/909/909 911/911/911 912/912/912 
f 911/911/911 913/913/913 912/912/912 
f 912/912/912 913/913/913 913/913/913 
f 913/913/913 914/914/914 913/913/913 
f 913/913/913 914/914/914 914/914/914 
f 914/914/914 915/915/915 914/914/914 
f 914/914/914 915/915/915 916/916/916 
f 915/915/915 917/917/917 916/916/916 
f 916/916/916 917/917/917 918/918/918 
f 917/917/917 919/919/919 918/918/918 
f 918/918/918 919/919/919 919/919/919 
f 919/919/919 920/920/920 919/919/919 
f 919/919/919 920/920/920 920/920/920 
f 920/920/920 921/921/921 920/920/920 
f 920/920/920 921/921/921 922/922/922 
f 921/921/921 923/923/923 922/922/922 
f 922/922/922 923/923/923 924/924/924 
f 923/923/923 925/925/925 924/924/924 
f 924/924/924 925/925/925 925/925/925 
f 925/925/925 926/926/926 925/925/925 
f 925/925/925 926/926/926 926/926/926 
f 926/926/926 927/927/927 926/926/926 
f 926/926/926 927/927/927 928/928/928 
f 927/927/927 927/927/927 928/928/928 
f 928/928/928 927/927/927 929/929/929 
f 927/927/927 930/930/930 929/929/929 
f 929/929/929 930/930/930 931/931/931 

