mtllib model_41.mtl
o model_41
v 1348.0638427734375 -259.2707824707031 -219.6952362060547 
v 1369.64013671875 -259.47418212890625 -222.6519012451172 
v 1357.5177001953125 -240.76202392578125 -219.37844848632812 
v 1379.8182373046875 -249.50790405273438 -233.31698608398438 
v 1384.0496826171875 -242.18576049804688 -235.53448486328125 
v 1353.01953125 -303.20367431640625 -222.75747680664062 
v 1368.7252197265625 -302.796875 -224.02462768554688 
v 1355.2685546875 -341.0347595214844 -226.55889892578125 
v 1368.115234375 -341.0347595214844 -227.50924682617188 
v 1354.5062255859375 -349.1705017089844 -226.3477020263672 
v 1366.781005859375 -345.5094299316406 -226.9812774658203 
v 1365.7899169921875 -351.4078063964844 -227.29806518554688 
v 1377.9503173828125 -340.62799072265625 -235.11209106445312 
v 1377.22607421875 -353.6451416015625 -235.11209106445312 
v 1381.1143798828125 -339.4076232910156 -246.93873596191406 
v 1379.665771484375 -355.06890869140625 -246.7275390625 
v 1380.923828125 -303.20367431640625 -233.52816772460938 
v 1380.123291015625 -268.2200622558594 -231.31068420410156 
v 1382.867919921875 -262.5250549316406 -241.55340576171875 
v 1386.9849853515625 -254.79612731933594 -252.95765686035156 
v 1388.0523681640625 -243.20274353027344 -252.218505859375 
v 1391.445068359375 -229.98219299316406 -239.0191192626953 
v 1364.9893798828125 -224.49057006835938 -222.86309814453125 
v 1391.8262939453125 -230.1855926513672 -268.6913146972656 
v 1390.07275390625 -243.20274353027344 -268.6913146972656 
v 1388.0523681640625 -243.20274353027344 -285.05853271484375 
v 1391.445068359375 -229.98220825195312 -298.2579345703125 
v 1384.0496826171875 -242.18577575683594 -301.7425537109375 
v 1357.5177001953125 -240.7620391845703 -317.8985900878906 
v 1364.9893798828125 -224.49058532714844 -314.4139709472656 
v 1384.5452880859375 -304.0172424316406 -247.7834930419922 
v 1381.3812255859375 -273.3049011230469 -245.88279724121094 
v 1348.0638427734375 -259.27081298828125 -317.581787109375 
v 1369.64013671875 -259.4742126464844 -314.6251525878906 
v 1379.8182373046875 -249.50791931152344 -303.9600524902344 
v 1380.123291015625 -268.2200927734375 -305.9663391113281 
v 1368.7252197265625 -302.7969055175781 -313.2524108886719 
v 1380.923828125 -303.20367431640625 -303.74884033203125 
v 1368.115234375 -341.0347900390625 -309.76776123046875 
v 1355.2685546875 -341.0347900390625 -310.7181091308594 
v 1354.5062255859375 -349.1705017089844 -310.9292907714844 
v 1366.781005859375 -345.5094299316406 -310.29571533203125 
v 1365.7899169921875 -351.4078063964844 -309.97894287109375 
v 1377.9503173828125 -340.62799072265625 -302.1649169921875 
v 1377.22607421875 -353.6451416015625 -302.1649169921875 
v 1381.1143798828125 -339.4076232910156 -290.3382873535156 
v 1379.665771484375 -355.06890869140625 -290.5494689941406 
v 1353.01953125 -303.20367431640625 -314.51953125 
v 1384.5452880859375 -304.0172424316406 -289.4935302734375 
v 1381.3812255859375 -273.3049011230469 -291.39422607421875 
v 1382.867919921875 -262.52508544921875 -295.7236328125 
v 1386.9849853515625 -254.796142578125 -284.3193664550781 
v 1387.0230712890625 -254.796142578125 -268.6913146972656 
v 1385.1932373046875 -261.9149169921875 -258.0262145996094 
v 1383.7447509765625 -266.3895568847656 -253.5912322998047 
v 1378.4078369140625 -271.0675964355469 -266.36822509765625 
v 1385.0789794921875 -262.1183166503906 -268.6913146972656 
v 1385.1932373046875 -261.9149169921875 -279.2508239746094 
v 1383.7447509765625 -266.3895568847656 -283.685791015625 
v 1378.4078369140625 -271.0675964355469 -270.9088134765625 
v 1377.9122314453125 -271.474365234375 -268.6913146972656 
v 1359.804931640625 -275.542236328125 -267.0018005371094 
v 1359.6905517578125 -276.3558044433594 -268.6913146972656 
v 1359.804931640625 -275.542236328125 -270.2752380371094 
v 1374.6719970703125 -281.0338439941406 -277.138916015625 
v 1378.1790771484375 -305.23760986328125 -276.2941589355469 
v 1376.0443115234375 -337.98388671875 -279.25079345703125 
v 1360.1480712890625 -285.3050842285156 -269.64166259765625 
v 1364.5318603515625 -306.45794677734375 -269.0080871582031 
v 1365.103759765625 -336.9669189453125 -273.12628173828125 
v 1363.27392578125 -346.5263977050781 -273.12628173828125 
v 1375.09130859375 -355.06890869140625 -279.6731872558594 
v 1362.3209228515625 -353.4417419433594 -273.4430847167969 
v 1365.5230712890625 -160.8285675048828 -228.4596405029297 
v 1362.3209228515625 -177.71017456054688 -228.35403442382812 
v 1335.865234375 -163.06588745117188 -230.3603515625 
v 1330.833251953125 -173.84573364257812 -242.50376892089844 
v 1331.595703125 -201.50717163085938 -239.01913452148438 
v 1330.98583984375 -201.50717163085938 -268.6913146972656 
v 1328.3935546875 -219.40574645996094 -238.9135284423828 
v 1327.85986328125 -219.60914611816406 -268.6913146972656 
v 1328.3935546875 -219.40576171875 -298.363525390625 
v 1331.595703125 -201.50718688964844 -298.2579345703125 
v 1364.9893798828125 -224.49058532714844 -314.4139709472656 
v 1365.675537109375 -200.89700317382812 -310.82373046875 
v 1362.3209228515625 -177.71018981933594 -308.92303466796875 
v 1330.833251953125 -173.84573364257812 -294.7732849121094 
v 1330.4521484375 -173.642333984375 -268.6913146972656 
v 1329.156005859375 -156.76072692871094 -250.63458251953125 
v 1332.396240234375 -146.59107971191406 -232.04986572265625 
v 1330.98583984375 -146.59107971191406 -252.64089965820312 
v 1329.194091796875 -156.76072692871094 -268.69134521484375 
v 1329.156005859375 -156.76072692871094 -286.6424865722656 
v 1335.865234375 -163.06590270996094 -306.9167175292969 
v 1365.5230712890625 -160.82858276367188 -308.81744384765625 
v 1365.675537109375 -200.89698791503906 -226.4533233642578 
v 1364.9893798828125 -224.49057006835938 -222.86309814453125 
v 1332.396240234375 -146.59107971191406 -305.2272033691406 
v 1330.98583984375 -146.59107971191406 -284.63616943359375 
v 1336.0177001953125 -134.59088134765625 -282.418701171875 
v 1342.650634765625 -132.5569610595703 -304.27685546875 
v 1350.884765625 -122.7940902709961 -278.08929443359375 
v 1334.6453857421875 -134.59088134765625 -268.69134521484375 
v 1346.9583740234375 -122.38729858398438 -268.69134521484375 
v 1350.884765625 -122.7940902709961 -259.1877746582031 
v 1336.0177001953125 -134.59088134765625 -254.8583984375 
v 1342.650634765625 -132.55694580078125 -233.00022888183594 
v 1330.3377685546875 -146.9978485107422 -268.69134521484375 
v 1321.41748046875 -253.7791748046875 -253.06326293945312 
v 1322.3704833984375 -270.05059814453125 -257.9206237792969 
v 1327.2880859375 -272.8981018066406 -240.1806640625 
v 1330.9095458984375 -281.23724365234375 -255.38633728027344 
v 1322.675537109375 -270.6607971191406 -268.6913146972656 
v 1321.37939453125 -253.57579040527344 -268.6913146972656 
v 1325.61083984375 -241.1688232421875 -236.16806030273438 
v 1333.8448486328125 -264.3556213378906 -226.8756866455078 
v 1332.929931640625 -305.8477783203125 -243.3485107421875 
v 1336.627685546875 -306.6613464355469 -257.60382080078125 
v 1348.7880859375 -307.0681457519531 -267.0018005371094 
v 1343.718017578125 -285.50848388671875 -265.9458312988281 
v 1340.935302734375 -280.0168762207031 -267.3185729980469 
v 1341.545166015625 -280.6270751953125 -268.6913146972656 
v 1359.804931640625 -275.542236328125 -267.0018005371094 
v 1359.6905517578125 -276.3558044433594 -268.6913146972656 
v 1360.1480712890625 -285.3050842285156 -267.6353759765625 
v 1364.5318603515625 -306.45794677734375 -268.2689208984375 
v 1365.103759765625 -336.9669189453125 -264.1507263183594 
v 1352.4095458984375 -336.7635192871094 -263.20037841796875 
v 1363.27392578125 -346.5263977050781 -264.1507263183594 
v 1350.9609375 -351.2044372558594 -262.7779846191406 
v 1362.3209228515625 -353.4417419433594 -263.83392333984375 
v 1342.4981689453125 -337.57708740234375 -255.59751892089844 
v 1339.2960205078125 -338.7974548339844 -243.77088928222656 
v 1342.1932373046875 -349.5772705078125 -254.96395874023438 
v 1339.67724609375 -348.35693359375 -243.34849548339844 
v 1344.2899169921875 -340.22119140625 -232.68341064453125 
v 1344.4423828125 -348.1535339355469 -232.3666229248047 
v 1354.5062255859375 -349.1705017089844 -226.3477020263672 
v 1355.2685546875 -341.0347595214844 -226.55889892578125 
v 1353.01953125 -303.20367431640625 -222.75747680664062 
v 1339.334228515625 -304.4240417480469 -230.0435333251953 
v 1348.0638427734375 -259.2707824707031 -219.6952362060547 
v 1357.5177001953125 -240.76202392578125 -219.37844848632812 
v 1364.9893798828125 -224.49057006835938 -222.86309814453125 
v 1328.3935546875 -219.40574645996094 -238.9135284423828 
v 1325.2296142578125 -240.96542358398438 -268.6913146972656 
v 1327.85986328125 -219.60914611816406 -268.6913146972656 
v 1328.3935546875 -219.40576171875 -298.363525390625 
v 1325.61083984375 -241.1688232421875 -301.1089782714844 
v 1364.9893798828125 -224.49058532714844 -314.4139709472656 
v 1357.5177001953125 -240.7620391845703 -317.8985900878906 
v 1348.0638427734375 -259.27081298828125 -317.581787109375 
v 1333.8448486328125 -264.3556213378906 -310.4013366699219 
v 1339.334228515625 -304.4240417480469 -307.2334899902344 
v 1353.01953125 -303.20367431640625 -314.51953125 
v 1344.2899169921875 -340.2212219238281 -304.5935974121094 
v 1355.2685546875 -341.0347900390625 -310.7181091308594 
v 1354.5062255859375 -349.1705017089844 -310.9292907714844 
v 1344.4423828125 -348.1535339355469 -304.910400390625 
v 1339.67724609375 -348.35693359375 -293.9284973144531 
v 1339.2960205078125 -338.7974548339844 -293.5061340332031 
v 1342.1932373046875 -349.5773010253906 -282.31304931640625 
v 1332.929931640625 -305.8477783203125 -293.92852783203125 
v 1327.2880859375 -272.89813232421875 -297.09637451171875 
v 1321.41748046875 -253.77919006347656 -284.2137756347656 
v 1322.3704833984375 -270.05059814453125 -279.3564147949219 
v 1340.935302734375 -280.0168762207031 -269.9584655761719 
v 1359.804931640625 -275.542236328125 -270.2752380371094 
v 1360.1480712890625 -285.3050842285156 -269.64166259765625 
v 1343.718017578125 -285.50848388671875 -271.3311767578125 
v 1364.5318603515625 -306.45794677734375 -269.0080871582031 
v 1330.9095458984375 -281.23724365234375 -281.89068603515625 
v 1348.7880859375 -307.0681457519531 -270.2752380371094 
v 1365.103759765625 -336.9669189453125 -273.12628173828125 
v 1352.4095458984375 -336.7635192871094 -274.07666015625 
v 1363.27392578125 -346.5263977050781 -273.12628173828125 
v 1350.9609375 -351.2044372558594 -274.4990234375 
v 1362.3209228515625 -353.4417419433594 -273.4430847167969 
v 1342.4981689453125 -337.57708740234375 -281.6794738769531 
v 1336.627685546875 -306.6613464355469 -279.6731872558594 
v 1362.3209228515625 -353.4417419433594 -263.83392333984375 
v 1363.27392578125 -346.5263977050781 -264.1507263183594 
v 1375.09130859375 -355.06890869140625 -257.60382080078125 
v 1376.0443115234375 -337.98388671875 -258.0262145996094 
v 1378.1790771484375 -305.23760986328125 -260.9828796386719 
v 1364.5318603515625 -306.45794677734375 -268.2689208984375 
v 1360.1480712890625 -285.3050842285156 -267.6353759765625 
v 1374.6719970703125 -281.0338439941406 -260.13812255859375 
v 1365.103759765625 -336.9669189453125 -264.1507263183594 
v 1362.3209228515625 -353.4417419433594 -263.83392333984375 
v 1360.7579345703125 -356.8994140625 -263.2003479003906 
v 1350.9609375 -351.2044372558594 -262.7779846191406 
v 1348.3306884765625 -359.34014892578125 -262.9891662597656 
v 1358.5469970703125 -363.2046203613281 -264.04510498046875 
v 1352.6383056640625 -389.2389221191406 -264.8898620605469 
v 1341.3546142578125 -384.35748291015625 -263.83392333984375 
v 1342.9937744140625 -453.3077087402344 -263.3059387207031 
v 1334.8359375 -451.6805725097656 -255.59750366210938 
v 1345.6622314453125 -455.13824462890625 -257.1814270019531 
v 1340.3253173828125 -454.3246765136719 -252.32406616210938 
v 1332.434326171875 -450.86700439453125 -244.40443420410156 
v 1338.762451171875 -453.9178771972656 -245.0380096435547 
v 1353.7818603515625 -454.7314758300781 -264.36187744140625 
v 1352.6383056640625 -455.5450439453125 -257.92059326171875 
v 1333.0823974609375 -380.4930114746094 -255.80870056152344 
v 1340.70654296875 -356.696044921875 -254.9639434814453 
v 1342.1932373046875 -349.5772705078125 -254.96395874023438 
v 1339.67724609375 -348.35693359375 -243.34849548339844 
v 1338.49560546875 -355.6790771484375 -243.13731384277344 
v 1344.4423828125 -348.1535339355469 -232.3666229248047 
v 1342.536376953125 -356.8994140625 -232.04983520507812 
v 1354.5062255859375 -349.1705017089844 -226.3477020263672 
v 1351.3040771484375 -359.7469177246094 -225.71414184570312 
v 1335.1790771484375 -381.1031799316406 -233.1057891845703 
v 1344.785400390625 -385.1710510253906 -226.77008056640625 
v 1346.04345703125 -452.6975402832031 -227.72042846679688 
v 1336.665771484375 -451.2737731933594 -233.84494018554688 
v 1341.507080078125 -453.9178771972656 -238.17433166503906 
v 1330.795166015625 -379.2726745605469 -244.08766174316406 
v 1347.5682373046875 -454.528076171875 -234.26731872558594 
v 1354.5062255859375 -349.1705017089844 -226.3477020263672 
v 1365.7899169921875 -351.4078063964844 -227.29806518554688 
v 1363.007080078125 -358.933349609375 -227.40365600585938 
v 1377.22607421875 -353.6451416015625 -235.11209106445312 
v 1368.839599609375 -367.0690612792969 -234.5841064453125 
v 1379.665771484375 -355.06890869140625 -246.7275390625 
v 1371.012451171875 -368.2894287109375 -246.51634216308594 
v 1375.09130859375 -355.06890869140625 -257.60382080078125 
v 1367.0478515625 -366.66229248046875 -257.81500244140625 
v 1362.3209228515625 -353.4417419433594 -263.83392333984375 
v 1360.7579345703125 -356.8994140625 -263.2003479003906 
v 1358.5469970703125 -363.2046203613281 -264.04510498046875 
v 1362.435302734375 -393.1033935546875 -258.6597595214844 
v 1352.6383056640625 -389.2389221191406 -264.8898620605469 
v 1353.7818603515625 -454.7314758300781 -264.36187744140625 
v 1363.27392578125 -455.13824462890625 -258.23736572265625 
v 1358.7757568359375 -455.3416442871094 -254.01358032226562 
v 1361.406005859375 -454.9348449707031 -247.14990234375 
v 1367.3909912109375 -454.9348449707031 -247.67787170410156 
v 1359.9573974609375 -454.7314453125 -240.07504272460938 
v 1351.3040771484375 -359.7469177246094 -225.71414184570312 
v 1361.5584716796875 -363.61138916015625 -226.77008056640625 
v 1344.785400390625 -385.1710510253906 -226.77008056640625 
v 1352.6383056640625 -455.5450439453125 -257.92059326171875 
v 1366.9334716796875 -394.73052978515625 -247.46670532226562 
v 1364.608154296875 -393.5101623535156 -235.7456512451172 
v 1365.141845703125 -454.528076171875 -236.6959991455078 
v 1354.5443115234375 -454.9348449707031 -234.7952880859375 
v 1356.83154296875 -453.9178771972656 -228.6707763671875 
v 1347.5682373046875 -454.528076171875 -234.26731872558594 
v 1346.04345703125 -452.6975402832031 -227.72042846679688 
v 1356.1453857421875 -389.8490905761719 -227.72042846679688 
v 1364.1888427734375 -194.79519653320312 -199.8433837890625 
v 1363.8839111328125 -188.6934051513672 -202.27206420898438 
v 1353.286376953125 -191.7443084716797 -193.402099609375 
v 1353.4388427734375 -186.04930114746094 -195.3028106689453 
v 1364.34130859375 -177.1000213623047 -208.29098510742188 
v 1353.2100830078125 -173.64231872558594 -200.47695922851562 
v 1363.27392578125 -158.3878631591797 -220.32882690429688 
v 1357.593994140625 -155.3369598388672 -210.50848388671875 
v 1359.00439453125 -150.25213623046875 -211.8812255859375 
v 1364.2650146484375 -149.4385528564453 -221.173583984375 
v 1355.2685546875 -142.1164093017578 -213.35955810546875 
v 1365.5230712890625 -160.8285675048828 -228.4596405029297 
v 1362.8165283203125 -181.77806091308594 -218.74488830566406 
v 1362.435302734375 -194.18502807617188 -214.0987091064453 
v 1362.6258544921875 -199.88003540039062 -210.8252716064453 
v 1350.2747802734375 -201.91395568847656 -215.04905700683594 
v 1350.7703857421875 -196.625732421875 -218.53370666503906 
v 1349.512451171875 -184.21876525878906 -223.1798858642578 
v 1335.865234375 -163.06588745117188 -230.3603515625 
v 1337.1231689453125 -159.8115997314453 -221.384765625 
v 1332.396240234375 -146.59107971191406 -232.04986572265625 
v 1335.102783203125 -147.20123291015625 -221.91275024414062 
v 1342.650634765625 -132.55694580078125 -233.00022888183594 
v 1343.8323974609375 -135.40444946289062 -222.8631134033203 
v 1340.1728515625 -148.625 -212.51480102539062 
v 1345.814697265625 -141.3028564453125 -213.6763458251953 
v 1355.2685546875 -142.1164093017578 -213.35955810546875 
v 1349.28369140625 -150.04873657226562 -211.35325622558594 
v 1359.00439453125 -150.25213623046875 -211.8812255859375 
v 1357.593994140625 -155.3369598388672 -210.50848388671875 
v 1341.3165283203125 -156.15052795410156 -211.14205932617188 
v 1338.343017578125 -181.3712615966797 -215.78823852539062 
v 1340.2491455078125 -193.98162841796875 -211.56443786621094 
v 1340.70654296875 -198.86305236816406 -208.18539428710938 
v 1341.5833740234375 -188.6934051513672 -199.8433837890625 
v 1342.040771484375 -193.98162841796875 -198.25946044921875 
v 1353.286376953125 -191.7443084716797 -193.402099609375 
v 1353.4388427734375 -186.04930114746094 -195.3028106689453 
v 1353.2100830078125 -173.64231872558594 -200.47695922851562 
v 1340.1728515625 -176.08303833007812 -204.7007598876953 
v 1353.9344482421875 -197.6427001953125 -188.7559051513672 
v 1341.77392578125 -200.2868194580078 -193.402099609375 
v 1353.286376953125 -191.7443084716797 -193.402099609375 
v 1342.040771484375 -193.98162841796875 -198.25946044921875 
v 1340.8590087890625 -205.9818115234375 -205.33432006835938 
v 1340.70654296875 -198.86305236816406 -208.18539428710938 
v 1350.2747802734375 -201.91395568847656 -215.04905700683594 
v 1351.3040771484375 -208.82931518554688 -212.62037658691406 
v 1362.930908203125 -206.3885955810547 -207.8686065673828 
v 1362.6258544921875 -199.88003540039062 -210.8252716064453 
v 1364.6844482421875 -200.69358825683594 -195.83078002929688 
v 1364.1888427734375 -194.79519653320312 -199.8433837890625 
v 1353.286376953125 -191.7443084716797 -193.402099609375 
v 1353.9344482421875 -197.6427001953125 -188.7559051513672 
v 1363.3502197265625 -237.9145050048828 -180.73068237304688 
v 1354.8492431640625 -236.083984375 -175.02854919433594 
v 1354.65869140625 -242.38914489746094 -176.08450317382812 
v 1360.2242431640625 -243.20272827148438 -179.7803192138672 
v 1361.06298828125 -242.59254455566406 -189.91744995117188 
v 1358.203857421875 -246.86380004882812 -185.90484619140625 
v 1352.790771484375 -243.20272827148438 -193.50767517089844 
v 1353.2481689453125 -246.66041564941406 -188.12232971191406 
v 1344.3280029296875 -241.37220764160156 -187.91114807128906 
v 1345.3953857421875 -237.71112060546875 -178.72438049316406 
v 1354.8492431640625 -236.083984375 -175.02854919433594 
v 1354.65869140625 -242.38914489746094 -176.08450317382812 
v 1348.3687744140625 -243.20272827148438 -178.4075927734375 
v 1347.6826171875 -245.64344787597656 -184.5321044921875 
v 1368.8013916015625 -258.2538146972656 -171.43832397460938 
v 1368.64892578125 -260.8979187011719 -173.97259521484375 
v 1363.3883056640625 -252.35540771484375 -172.91665649414062 
v 1362.20654296875 -255.40631103515625 -177.1404571533203 
v 1362.3590087890625 -251.3384552001953 -171.96629333496094 
v 1360.1480712890625 -254.3893585205078 -178.6187744140625 
v 1362.968994140625 -255.6096954345703 -169.53761291503906 
v 1361.901611328125 -256.42327880859375 -174.92295837402344 
v 1362.13037109375 -260.2877197265625 -172.4942626953125 
v 1363.27392578125 -259.67755126953125 -167.74249267578125 
v 1363.4263916015625 -263.1352233886719 -166.47535705566406 
v 1362.24462890625 -263.1352233886719 -171.01593017578125 
v 1362.8927001953125 -278.38970947265625 -162.35714721679688 
v 1362.0159912109375 -277.5761413574219 -165.84178161621094 
v 1347.6826171875 -245.64344787597656 -184.5321044921875 
v 1348.3687744140625 -243.20272827148438 -178.4075927734375 
v 1345.204833984375 -252.35540771484375 -177.87962341308594 
v 1346.1578369140625 -250.728271484375 -171.43832397460938 
v 1343.90869140625 -256.6266784667969 -173.86700439453125 
v 1345.05224609375 -255.81309509277344 -168.48165893554688 
v 1343.679931640625 -260.4911193847656 -171.3327178955078 
v 1344.8616943359375 -260.0843505859375 -166.68653869628906 
v 1345.242919921875 -263.5420227050781 -165.52500915527344 
v 1344.137451171875 -263.5420227050781 -169.95999145507812 
v 1348.5594482421875 -277.98291015625 -165.31381225585938 
v 1349.4361572265625 -278.7965087890625 -161.9347686767578 
v 1347.6826171875 -245.64344787597656 -184.5321044921875 
v 1345.204833984375 -252.35540771484375 -177.87962341308594 
v 1352.6763916015625 -253.1689910888672 -181.4698486328125 
v 1352.257080078125 -257.033447265625 -177.56283569335938 
v 1361.901611328125 -256.42327880859375 -174.92295837402344 
v 1362.13037109375 -260.2877197265625 -172.4942626953125 
v 1360.1480712890625 -254.3893585205078 -178.6187744140625 
v 1353.2481689453125 -246.66041564941406 -188.12232971191406 
v 1358.203857421875 -246.86380004882812 -185.90484619140625 
v 1365.637451171875 -252.35540771484375 -182.5258026123047 
v 1362.20654296875 -255.40631103515625 -177.1404571533203 
v 1370.5931396484375 -258.8639831542969 -176.2957000732422 
v 1368.64892578125 -260.8979187011719 -173.97259521484375 
v 1343.90869140625 -256.6266784667969 -173.86700439453125 
v 1343.679931640625 -260.4911193847656 -171.3327178955078 
v 1352.4095458984375 -260.4911193847656 -175.23974609375 
v 1352.7144775390625 -263.338623046875 -173.4446258544922 
v 1362.24462890625 -263.1352233886719 -171.01593017578125 
v 1362.0159912109375 -277.5761413574219 -165.84178161621094 
v 1354.963623046875 -277.3727722167969 -167.2145233154297 
v 1344.137451171875 -263.5420227050781 -169.95999145507812 
v 1348.5594482421875 -277.98291015625 -165.31381225585938 
v 1387.633056640625 -121.98050689697266 -257.920654296875 
v 1388.8529052734375 -116.08210754394531 -257.2870788574219 
v 1383.3253173828125 -108.75996398925781 -251.58494567871094 
v 1389.9202880859375 -107.13282775878906 -256.8647155761719 
v 1387.5186767578125 -99.60728454589844 -253.38006591796875 
v 1391.3687744140625 -95.94620513916016 -259.82135009765625 
v 1393.31298828125 -105.70906066894531 -264.25634765625 
v 1394.990234375 -94.5224609375 -268.69134521484375 
v 1393.008056640625 -91.06477355957031 -260.8773193359375 
v 1388.0904541015625 -91.2681655883789 -255.069580078125 
v 1386.90869140625 -94.5224609375 -253.5912628173828 
v 1378.6365966796875 -91.06477355957031 -249.15626525878906 
v 1389.6534423828125 -124.82801818847656 -268.69134521484375 
v 1392.1693115234375 -118.7262191772461 -268.69134521484375 
v 1388.3953857421875 -83.1324462890625 -254.7528076171875 
v 1394.2279052734375 -82.11549377441406 -268.69134521484375 
v 1374.328857421875 -73.77635192871094 -252.32412719726562 
v 1375.9681396484375 -68.6915512084961 -268.69134521484375 
v 1374.328857421875 -73.77635192871094 -284.9529724121094 
v 1388.3953857421875 -83.1324462890625 -282.5242919921875 
v 1378.6365966796875 -91.06478118896484 -288.1208190917969 
v 1388.0904541015625 -91.26817321777344 -282.2074890136719 
v 1393.008056640625 -91.06477355957031 -276.3997802734375 
v 1394.5328369140625 -91.26817321777344 -268.69134521484375 
v 1391.3687744140625 -95.94620513916016 -277.4557189941406 
v 1386.90869140625 -94.52246856689453 -283.6858215332031 
v 1387.5186767578125 -99.60729217529297 -283.89703369140625 
v 1383.3253173828125 -108.75996398925781 -285.692138671875 
v 1389.9202880859375 -107.13282775878906 -280.4123840332031 
v 1393.31298828125 -105.70906829833984 -273.0207214355469 
v 1399.4122314453125 -105.30229949951172 -268.69134521484375 
v 1394.2659912109375 -109.98033142089844 -268.69134521484375 
v 1388.8529052734375 -116.08210754394531 -279.989990234375 
v 1387.633056640625 -121.98051452636719 -279.3564453125 
v 1383.3253173828125 -108.75996398925781 -251.58494567871094 
v 1375.625 -110.79388427734375 -249.36746215820312 
v 1387.633056640625 -121.98050689697266 -257.920654296875 
v 1376.2730712890625 -121.37032318115234 -256.54791259765625 
v 1367.886474609375 -111.60746765136719 -249.7898406982422 
v 1368.877685546875 -104.08192443847656 -247.5723419189453 
v 1362.2828369140625 -103.26834869384766 -249.26185607910156 
v 1354.3155517578125 -109.37014770507812 -253.1688690185547 
v 1359.3475341796875 -98.18352508544922 -249.05067443847656 
v 1348.6356201171875 -103.67513275146484 -250.7401885986328 
v 1346.920166015625 -85.97994995117188 -253.8024444580078 
v 1359.5380859375 -92.28514099121094 -249.8954315185547 
v 1365.0655517578125 -88.62405395507812 -249.05067443847656 
v 1358.203857421875 -76.6238784790039 -250.7401885986328 
v 1368.915771484375 -93.50548553466797 -246.41079711914062 
v 1374.328857421875 -73.77635192871094 -252.32412719726562 
v 1378.6365966796875 -91.06477355957031 -249.15626525878906 
v 1375.9681396484375 -68.6915512084961 -268.69134521484375 
v 1355.9166259765625 -70.31871032714844 -268.69134521484375 
v 1342.4219970703125 -84.75960540771484 -268.69134521484375 
v 1341.73583984375 -103.87853240966797 -268.69134521484375 
v 1349.588623046875 -111.20067596435547 -268.69134521484375 
v 1354.0869140625 -110.99728393554688 -257.920654296875 
v 1364.1888427734375 -114.65836334228516 -253.1688690185547 
v 1374.06201171875 -121.57372283935547 -257.920654296875 
v 1377.492919921875 -126.04838562011719 -268.69134521484375 
v 1389.6534423828125 -124.82801818847656 -268.69134521484375 
v 1377.1497802734375 -126.04838562011719 -268.69134521484375 
v 1368.915771484375 -93.50548553466797 -246.41079711914062 
v 1365.179931640625 -88.62405395507812 -246.6219940185547 
v 1365.0655517578125 -88.62405395507812 -249.05067443847656 
v 1359.6143798828125 -92.28514099121094 -245.7772216796875 
v 1359.5380859375 -92.28514099121094 -249.8954315185547 
v 1359.1568603515625 -98.38691711425781 -246.09400939941406 
v 1359.3475341796875 -98.18352508544922 -249.05067443847656 
v 1361.863525390625 -103.47174072265625 -247.25555419921875 
v 1362.2828369140625 -103.26834869384766 -249.26185607910156 
v 1368.877685546875 -104.08192443847656 -247.5723419189453 
v 1362.3209228515625 -353.4417419433594 -273.4430847167969 
v 1360.7579345703125 -356.8994445800781 -274.0766296386719 
v 1350.9609375 -351.2044372558594 -274.4990234375 
v 1348.3306884765625 -359.34014892578125 -274.287841796875 
v 1358.5469970703125 -363.2046203613281 -273.23187255859375 
v 1352.6383056640625 -389.2389221191406 -272.3871154785156 
v 1341.3546142578125 -384.35748291015625 -273.4430847167969 
v 1353.7818603515625 -454.7314758300781 -272.9150695800781 
v 1342.9937744140625 -453.3077087402344 -273.9710388183594 
v 1352.6383056640625 -455.5450439453125 -279.35638427734375 
v 1345.6622314453125 -455.13824462890625 -280.0955505371094 
v 1334.8359375 -451.6805725097656 -281.6794738769531 
v 1340.3253173828125 -454.3246765136719 -284.9529113769531 
v 1333.0823974609375 -380.4930114746094 -281.4682922363281 
v 1340.70654296875 -356.696044921875 -282.31304931640625 
v 1342.1932373046875 -349.5773010253906 -282.31304931640625 
v 1339.67724609375 -348.35693359375 -293.9284973144531 
v 1338.49560546875 -355.6790771484375 -294.13970947265625 
v 1344.4423828125 -348.1535339355469 -304.910400390625 
v 1342.536376953125 -356.8994445800781 -305.2271728515625 
v 1354.5062255859375 -349.1705017089844 -310.9292907714844 
v 1351.3040771484375 -359.7469482421875 -311.5628662109375 
v 1335.1790771484375 -381.10321044921875 -304.17120361328125 
v 1344.785400390625 -385.1710510253906 -310.5069274902344 
v 1330.795166015625 -379.2726745605469 -293.1893310546875 
v 1332.434326171875 -450.86700439453125 -292.8725280761719 
v 1338.762451171875 -453.91790771484375 -292.2389831542969 
v 1336.665771484375 -451.2737731933594 -303.4320373535156 
v 1346.04345703125 -452.6975402832031 -309.5565490722656 
v 1341.507080078125 -453.91790771484375 -299.1026306152344 
v 1347.5682373046875 -454.528076171875 -303.0096740722656 
v 1354.5062255859375 -349.1705017089844 -310.9292907714844 
v 1365.7899169921875 -351.4078063964844 -309.97894287109375 
v 1363.007080078125 -358.9333801269531 -309.87335205078125 
v 1377.22607421875 -353.6451416015625 -302.1649169921875 
v 1351.3040771484375 -359.7469482421875 -311.5628662109375 
v 1361.5584716796875 -363.6114196777344 -310.5069274902344 
v 1344.785400390625 -385.1710510253906 -310.5069274902344 
v 1356.1453857421875 -389.8490905761719 -309.5565490722656 
v 1346.04345703125 -452.6975402832031 -309.5565490722656 
v 1356.83154296875 -453.91790771484375 -308.606201171875 
v 1347.5682373046875 -454.528076171875 -303.0096740722656 
v 1354.5443115234375 -454.93487548828125 -302.481689453125 
v 1365.141845703125 -454.528076171875 -300.5809631347656 
v 1359.9573974609375 -454.7314758300781 -297.2019348144531 
v 1364.608154296875 -393.5101623535156 -301.5313415527344 
v 1368.839599609375 -367.069091796875 -302.6929016113281 
v 1379.665771484375 -355.06890869140625 -290.5494689941406 
v 1371.012451171875 -368.2894287109375 -290.7606506347656 
v 1375.09130859375 -355.06890869140625 -279.6731872558594 
v 1366.9334716796875 -394.73052978515625 -289.810302734375 
v 1367.3909912109375 -454.9348449707031 -289.5990905761719 
v 1361.406005859375 -454.9348449707031 -290.1270751953125 
v 1363.27392578125 -455.13824462890625 -279.0395812988281 
v 1358.7757568359375 -455.3416442871094 -283.2633972167969 
v 1353.7818603515625 -454.7314758300781 -272.9150695800781 
v 1352.6383056640625 -455.5450439453125 -279.35638427734375 
v 1352.6383056640625 -389.2389221191406 -272.3871154785156 
v 1362.435302734375 -393.1033935546875 -278.6172180175781 
v 1367.0478515625 -366.66229248046875 -279.46197509765625 
v 1362.3209228515625 -353.4417419433594 -273.4430847167969 
v 1360.7579345703125 -356.8994445800781 -274.0766296386719 
v 1358.5469970703125 -363.2046203613281 -273.23187255859375 
v 1364.1888427734375 -194.79522705078125 -337.4336853027344 
v 1353.286376953125 -191.74432373046875 -343.8749694824219 
v 1363.8839111328125 -188.69342041015625 -335.0049743652344 
v 1353.4388427734375 -186.04931640625 -341.9742736816406 
v 1364.34130859375 -177.10003662109375 -328.986083984375 
v 1353.2100830078125 -173.64234924316406 -336.80010986328125 
v 1363.27392578125 -158.38787841796875 -316.9482421875 
v 1357.593994140625 -155.33697509765625 -326.7685852050781 
v 1359.00439453125 -150.2521514892578 -325.3958435058594 
v 1364.2650146484375 -149.43856811523438 -316.1034851074219 
v 1355.2685546875 -142.11642456054688 -323.9175109863281 
v 1365.5230712890625 -160.82858276367188 -308.81744384765625 
v 1362.8165283203125 -181.778076171875 -318.53216552734375 
v 1362.435302734375 -194.18504333496094 -323.1783447265625 
v 1362.6258544921875 -199.8800506591797 -326.4517822265625 
v 1350.2747802734375 -201.91397094726562 -322.2279968261719 
v 1350.7703857421875 -196.62574768066406 -318.74334716796875 
v 1340.2491455078125 -193.9816436767578 -325.7126159667969 
v 1340.70654296875 -198.86306762695312 -329.0916748046875 
v 1341.5833740234375 -188.69342041015625 -337.4336853027344 
v 1342.040771484375 -193.9816436767578 -339.0176086425781 
v 1353.286376953125 -191.74432373046875 -343.8749694824219 
v 1353.4388427734375 -186.04931640625 -341.9742736816406 
v 1353.2100830078125 -173.64234924316406 -336.80010986328125 
v 1340.1728515625 -176.08306884765625 -332.5762939453125 
v 1357.593994140625 -155.33697509765625 -326.7685852050781 
v 1341.3165283203125 -156.1505584716797 -326.135009765625 
v 1340.1728515625 -148.62501525878906 -324.76226806640625 
v 1349.28369140625 -150.0487518310547 -325.923828125 
v 1359.00439453125 -150.2521514892578 -325.3958435058594 
v 1355.2685546875 -142.11642456054688 -323.9175109863281 
v 1345.814697265625 -141.30287170410156 -323.6007385253906 
v 1343.8323974609375 -135.4044647216797 -314.4139709472656 
v 1335.102783203125 -147.2012481689453 -315.36431884765625 
v 1342.650634765625 -132.5569610595703 -304.27685546875 
v 1332.396240234375 -146.59107971191406 -305.2272033691406 
v 1337.1231689453125 -159.81161499023438 -315.8923034667969 
v 1338.343017578125 -181.37127685546875 -321.48883056640625 
v 1349.512451171875 -184.21878051757812 -314.09716796875 
v 1335.865234375 -163.06590270996094 -306.9167175292969 
v 1354.65869140625 -242.38917541503906 -361.1925354003906 
v 1348.3687744140625 -243.2027587890625 -358.86944580078125 
v 1354.8492431640625 -236.08401489257812 -362.2485046386719 
v 1345.3953857421875 -237.71115112304688 -358.55267333984375 
v 1353.9344482421875 -197.64273071289062 -348.5211486816406 
v 1341.77392578125 -200.28683471679688 -343.8749694824219 
v 1353.286376953125 -191.74432373046875 -343.8749694824219 
v 1342.040771484375 -193.9816436767578 -339.0176086425781 
v 1347.6826171875 -245.6434783935547 -352.74493408203125 
v 1344.3280029296875 -241.37222290039062 -349.36590576171875 
v 1353.2481689453125 -246.6604461669922 -349.1546936035156 
v 1352.790771484375 -243.2027587890625 -343.7693786621094 
v 1358.203857421875 -246.8638153076172 -351.3721923828125 
v 1361.06298828125 -242.5925750732422 -347.3595886230469 
v 1360.2242431640625 -243.2027587890625 -357.4967041015625 
v 1363.3502197265625 -237.91453552246094 -356.5463562011719 
v 1354.65869140625 -242.38917541503906 -361.1925354003906 
v 1354.8492431640625 -236.08401489257812 -362.2485046386719 
v 1364.6844482421875 -200.693603515625 -341.4462890625 
v 1353.9344482421875 -197.64273071289062 -348.5211486816406 
v 1353.286376953125 -191.74432373046875 -343.8749694824219 
v 1364.1888427734375 -194.79522705078125 -337.4336853027344 
v 1362.6258544921875 -199.8800506591797 -326.4517822265625 
v 1362.930908203125 -206.38861083984375 -329.408447265625 
v 1350.2747802734375 -201.91397094726562 -322.2279968261719 
v 1351.3040771484375 -208.82933044433594 -324.65667724609375 
v 1340.8590087890625 -205.98182678222656 -331.9427185058594 
v 1340.70654296875 -198.86306762695312 -329.0916748046875 
v 1368.8013916015625 -258.25384521484375 -365.8387145996094 
v 1363.3883056640625 -252.35543823242188 -364.3603820800781 
v 1368.64892578125 -260.89794921875 -363.304443359375 
v 1362.20654296875 -255.40634155273438 -360.1365966796875 
v 1362.3590087890625 -251.33848571777344 -365.31072998046875 
v 1360.1480712890625 -254.38938903808594 -358.65826416015625 
v 1362.968994140625 -255.60972595214844 -367.7394104003906 
v 1361.901611328125 -256.4233093261719 -362.3540954589844 
v 1362.13037109375 -260.28778076171875 -364.78277587890625 
v 1363.27392578125 -259.6775817871094 -369.5345458984375 
v 1363.4263916015625 -263.1352844238281 -370.80169677734375 
v 1362.24462890625 -263.1352844238281 -366.2611083984375 
v 1362.8927001953125 -278.3897399902344 -374.9198913574219 
v 1362.0159912109375 -277.576171875 -371.43524169921875 
v 1347.6826171875 -245.6434783935547 -352.74493408203125 
v 1348.3687744140625 -243.2027587890625 -358.86944580078125 
v 1345.204833984375 -252.35543823242188 -359.3974304199219 
v 1346.1578369140625 -250.72830200195312 -365.8387145996094 
v 1343.90869140625 -256.626708984375 -363.4100341796875 
v 1345.05224609375 -255.81312561035156 -368.7953796386719 
v 1343.679931640625 -260.49114990234375 -365.9443054199219 
v 1344.8616943359375 -260.0843811035156 -370.5904846191406 
v 1345.242919921875 -263.54205322265625 -371.7520446777344 
v 1344.137451171875 -263.54205322265625 -367.3170471191406 
v 1348.5594482421875 -277.9829406738281 -371.9632263183594 
v 1349.4361572265625 -278.7965393066406 -375.3422546386719 
v 1347.6826171875 -245.6434783935547 -352.74493408203125 
v 1345.204833984375 -252.35543823242188 -359.3974304199219 
v 1352.6763916015625 -253.1690216064453 -355.80718994140625 
v 1352.257080078125 -257.0334777832031 -359.7142028808594 
v 1361.901611328125 -256.4233093261719 -362.3540954589844 
v 1362.13037109375 -260.28778076171875 -364.78277587890625 
v 1360.1480712890625 -254.38938903808594 -358.65826416015625 
v 1353.2481689453125 -246.6604461669922 -349.1546936035156 
v 1358.203857421875 -246.8638153076172 -351.3721923828125 
v 1365.637451171875 -252.35543823242188 -354.7512512207031 
v 1362.20654296875 -255.40634155273438 -360.1365966796875 
v 1370.5931396484375 -258.864013671875 -360.9813537597656 
v 1368.64892578125 -260.89794921875 -363.304443359375 
v 1343.90869140625 -256.626708984375 -363.4100341796875 
v 1343.679931640625 -260.49114990234375 -365.9443054199219 
v 1352.4095458984375 -260.49114990234375 -362.03729248046875 
v 1352.7144775390625 -263.3386535644531 -363.8323974609375 
v 1362.24462890625 -263.1352844238281 -366.2611083984375 
v 1362.0159912109375 -277.576171875 -371.43524169921875 
v 1354.963623046875 -277.372802734375 -370.0625 
v 1344.137451171875 -263.54205322265625 -367.3170471191406 
v 1348.5594482421875 -277.9829406738281 -371.9632263183594 
v 1383.3253173828125 -108.75996398925781 -285.692138671875 
v 1375.625 -110.79389190673828 -287.9096374511719 
v 1387.633056640625 -121.98051452636719 -279.3564453125 
v 1376.2730712890625 -121.37033081054688 -280.7291564941406 
v 1367.886474609375 -111.60746765136719 -287.48724365234375 
v 1368.877685546875 -104.0819320678711 -289.7047424316406 
v 1362.2828369140625 -103.26834869384766 -288.0152282714844 
v 1354.3155517578125 -109.37014770507812 -284.10821533203125 
v 1359.3475341796875 -98.18352508544922 -288.2264099121094 
v 1348.6356201171875 -103.67514038085938 -286.5368957519531 
v 1346.920166015625 -85.97994995117188 -283.4746398925781 
v 1359.5380859375 -92.28514862060547 -287.38165283203125 
v 1365.0655517578125 -88.62406158447266 -288.2264099121094 
v 1358.203857421875 -76.62388610839844 -286.5368957519531 
v 1368.915771484375 -93.5054931640625 -290.8663024902344 
v 1374.328857421875 -73.77635192871094 -284.9529724121094 
v 1378.6365966796875 -91.06478118896484 -288.1208190917969 
v 1375.9681396484375 -68.6915512084961 -268.69134521484375 
v 1355.9166259765625 -70.31871032714844 -268.69134521484375 
v 1342.4219970703125 -84.75960540771484 -268.69134521484375 
v 1341.73583984375 -103.87853240966797 -268.69134521484375 
v 1349.588623046875 -111.20067596435547 -268.69134521484375 
v 1354.0869140625 -110.99728393554688 -279.3564453125 
v 1364.1888427734375 -114.65837097167969 -284.10821533203125 
v 1374.06201171875 -121.57372283935547 -279.3564453125 
v 1377.492919921875 -126.04838562011719 -268.69134521484375 
v 1389.6534423828125 -124.82801818847656 -268.69134521484375 
v 1377.1497802734375 -126.04838562011719 -268.69134521484375 
v 1368.915771484375 -93.5054931640625 -290.8663024902344 
v 1365.179931640625 -88.62406158447266 -290.65509033203125 
v 1365.0655517578125 -88.62406158447266 -288.2264099121094 
v 1359.6143798828125 -92.28514862060547 -291.4998779296875 
v 1359.5380859375 -92.28514862060547 -287.38165283203125 
v 1359.1568603515625 -98.38692474365234 -291.1830749511719 
v 1359.3475341796875 -98.18352508544922 -288.2264099121094 
v 1361.863525390625 -103.47174835205078 -290.02154541015625 
v 1362.2828369140625 -103.26834869384766 -288.0152282714844 
v 1368.877685546875 -104.0819320678711 -289.7047424316406 
v 1364.9893798828125 -224.49058532714844 -314.4139709472656 
v 1365.675537109375 -200.89700317382812 -310.82373046875 
v 1391.445068359375 -229.98220825195312 -298.2579345703125 
v 1393.7703857421875 -200.693603515625 -298.15234375 
v 1391.8262939453125 -230.1855926513672 -268.6913146972656 
v 1394.34228515625 -200.89698791503906 -268.6913146972656 
v 1393.7703857421875 -200.69358825683594 -239.12472534179688 
v 1391.445068359375 -229.98219299316406 -239.0191192626953 
v 1395.44775390625 -181.77806091308594 -295.30126953125 
v 1362.3209228515625 -177.71018981933594 -308.92303466796875 
v 1395.2952880859375 -165.09982299804688 -291.1830749511719 
v 1365.5230712890625 -160.82858276367188 -308.81744384765625 
v 1385.87939453125 -149.43856811523438 -290.1271057128906 
v 1366.704833984375 -148.82839965820312 -307.0223083496094 
v 1376.463623046875 -133.5739288330078 -280.0956115722656 
v 1359.99560546875 -134.18409729003906 -304.9104309082031 
v 1371.584228515625 -127.26873016357422 -278.08929443359375 
v 1361.7872314453125 -124.42122650146484 -282.9466552734375 
v 1342.650634765625 -132.5569610595703 -304.27685546875 
v 1350.884765625 -122.7940902709961 -278.08929443359375 
v 1375.4344482421875 -128.69248962402344 -268.69134521484375 
v 1376.7686767578125 -133.77731323242188 -268.69134521484375 
v 1386.146240234375 -149.03179931640625 -268.69134521484375 
v 1395.714599609375 -164.6930389404297 -268.69134521484375 
v 1396.0576171875 -181.77806091308594 -268.6913146972656 
v 1395.44775390625 -181.77806091308594 -241.97579956054688 
v 1365.675537109375 -200.89698791503906 -226.4533233642578 
v 1362.3209228515625 -177.71017456054688 -228.35403442382812 
v 1395.2952880859375 -165.09982299804688 -246.093994140625 
v 1385.87939453125 -149.4385528564453 -247.1499481201172 
v 1364.9893798828125 -224.49057006835938 -222.86309814453125 
v 1365.5230712890625 -160.8285675048828 -228.4596405029297 
v 1366.704833984375 -148.82839965820312 -230.2547607421875 
v 1376.463623046875 -133.5739288330078 -257.1814880371094 
v 1359.99560546875 -134.18408203125 -232.3666534423828 
v 1371.584228515625 -127.26873016357422 -259.1877746582031 
v 1361.7872314453125 -124.42122650146484 -254.33041381835938 
v 1342.650634765625 -132.55694580078125 -233.00022888183594 
v 1350.884765625 -122.7940902709961 -259.1877746582031 
v 1342.650634765625 -132.55694580078125 -233.00022888183594 
v 1359.99560546875 -134.18408203125 -232.3666534423828 
v 1343.8323974609375 -135.40444946289062 -222.8631134033203 
v 1358.3182373046875 -136.82818603515625 -222.4407196044922 
v 1345.814697265625 -141.3028564453125 -213.6763458251953 
v 1366.704833984375 -148.82839965820312 -230.2547607421875 
v 1375.4344482421875 -128.69248962402344 -268.69134521484375 
v 1371.584228515625 -127.26873016357422 -259.1877746582031 
v 1377.1497802734375 -126.04838562011719 -268.69134521484375 
v 1374.06201171875 -121.57372283935547 -257.920654296875 
v 1361.7872314453125 -124.42122650146484 -254.33041381835938 
v 1364.1888427734375 -114.65836334228516 -253.1688690185547 
v 1350.884765625 -122.7940902709961 -259.1877746582031 
v 1354.0869140625 -110.99728393554688 -257.920654296875 
v 1346.9583740234375 -122.38729858398438 -268.69134521484375 
v 1349.588623046875 -111.20067596435547 -268.69134521484375 
v 1354.0869140625 -110.99728393554688 -279.3564453125 
v 1350.884765625 -122.7940902709961 -278.08929443359375 
v 1364.1888427734375 -114.65837097167969 -284.10821533203125 
v 1361.7872314453125 -124.42122650146484 -282.9466552734375 
v 1374.06201171875 -121.57372283935547 -279.3564453125 
v 1371.584228515625 -127.26873016357422 -278.08929443359375 
v 1377.1497802734375 -126.04838562011719 -268.69134521484375 
v 1375.4344482421875 -128.69248962402344 -268.69134521484375 
v 1353.0576171875 -483.4098815917969 -257.70941162109375 
v 1343.2225341796875 -468.9689636230469 -257.4981994628906 
v 1345.204833984375 -483.20648193359375 -256.8646545410156 
v 1336.43701171875 -468.76556396484375 -251.79608154296875 
v 1338.7242431640625 -483.4098815917969 -250.84571838378906 
v 1334.4166259765625 -468.3587951660156 -243.45407104492188 
v 1336.741943359375 -483.6132507324219 -241.87014770507812 
v 1337.9237060546875 -467.9519958496094 -235.53445434570312 
v 1340.0203857421875 -483.4098815917969 -233.31695556640625 
v 1345.6241455078125 -467.74859619140625 -231.20506286621094 
v 1347.453857421875 -483.4098815917969 -228.45957946777344 
v 1347.5682373046875 -454.528076171875 -234.26731872558594 
v 1341.507080078125 -453.9178771972656 -238.17433166503906 
v 1338.762451171875 -453.9178771972656 -245.0380096435547 
v 1340.3253173828125 -454.3246765136719 -252.32406616210938 
v 1345.6622314453125 -455.13824462890625 -257.1814270019531 
v 1351.45654296875 -468.76556396484375 -258.34295654296875 
v 1352.6383056640625 -455.5450439453125 -257.92059326171875 
v 1366.1329345703125 -465.1044921875 -233.8449249267578 
v 1389.2340087890625 -474.4605712890625 -230.88827514648438 
v 1354.5443115234375 -454.9348449707031 -234.7952880859375 
v 1353.4769287109375 -467.54522705078125 -231.31065368652344 
v 1345.6241455078125 -467.74859619140625 -231.20506286621094 
v 1347.453857421875 -483.4098815917969 -228.45957946777344 
v 1355.0399169921875 -483.6132507324219 -229.30435180664062 
v 1389.615234375 -483.6132507324219 -229.19874572753906 
v 1347.5682373046875 -454.528076171875 -234.26731872558594 
v 1387.48046875 -483.20648193359375 -257.92059326171875 
v 1394.9521484375 -483.20648193359375 -253.2744140625 
v 1358.96630859375 -484.8336181640625 -251.16250610351562 
v 1361.6728515625 -485.0370178222656 -244.298828125 
v 1353.0576171875 -483.4098815917969 -257.70941162109375 
v 1349.4361572265625 -484.8336181640625 -245.67156982421875 
v 1345.204833984375 -483.20648193359375 -256.8646545410156 
v 1338.7242431640625 -483.4098815917969 -250.84571838378906 
v 1349.588623046875 -484.8336181640625 -239.9694366455078 
v 1336.741943359375 -483.6132507324219 -241.87014770507812 
v 1347.453857421875 -483.4098815917969 -228.45957946777344 
v 1340.0203857421875 -483.4098815917969 -233.31695556640625 
v 1355.0399169921875 -483.6132507324219 -229.30435180664062 
v 1360.1099853515625 -485.0370178222656 -237.11837768554688 
v 1396.3626708984375 -483.6132507324219 -235.42884826660156 
v 1398.3448486328125 -483.6132507324219 -244.61561584472656 
v 1389.615234375 -483.6132507324219 -229.19874572753906 
v 1352.6383056640625 -455.5450439453125 -257.92059326171875 
v 1364.8369140625 -466.3248596191406 -255.80868530273438 
v 1351.45654296875 -468.76556396484375 -258.34295654296875 
v 1387.2518310546875 -475.2741394042969 -255.91429138183594 
v 1353.0576171875 -483.4098815917969 -257.70941162109375 
v 1387.48046875 -483.20648193359375 -257.92059326171875 
v 1362.8927001953125 -278.38970947265625 -162.35714721679688 
v 1363.4263916015625 -263.1352233886719 -166.47535705566406 
v 1356.526611328125 -279.2032775878906 -160.56202697753906 
v 1354.8111572265625 -263.1352233886719 -162.99072265625 
v 1349.4361572265625 -278.7965087890625 -161.9347686767578 
v 1345.242919921875 -263.5420227050781 -165.52500915527344 
v 1354.5443115234375 -259.67755126953125 -163.83547973632812 
v 1344.8616943359375 -260.0843505859375 -166.68653869628906 
v 1354.353759765625 -255.4062957763672 -165.73619079589844 
v 1345.05224609375 -255.81309509277344 -168.48165893554688 
v 1354.429931640625 -250.1180877685547 -168.79844665527344 
v 1346.1578369140625 -250.728271484375 -171.43832397460938 
v 1354.65869140625 -242.38914489746094 -176.08450317382812 
v 1348.3687744140625 -243.20272827148438 -178.4075927734375 
v 1363.27392578125 -259.67755126953125 -167.74249267578125 
v 1362.968994140625 -255.6096954345703 -169.53761291503906 
v 1362.3590087890625 -251.3384552001953 -171.96629333496094 
v 1360.2242431640625 -243.20272827148438 -179.7803192138672 
v 1363.3883056640625 -252.35540771484375 -172.91665649414062 
v 1366.8953857421875 -248.89773559570312 -178.72438049316406 
v 1368.8013916015625 -258.2538146972656 -171.43832397460938 
v 1370.78369140625 -256.2198791503906 -173.65582275390625 
v 1362.0159912109375 -277.5761413574219 -165.84178161621094 
v 1354.963623046875 -277.3727722167969 -167.2145233154297 
v 1362.8927001953125 -278.38970947265625 -162.35714721679688 
v 1348.5594482421875 -277.98291015625 -165.31381225585938 
v 1356.526611328125 -279.2032775878906 -160.56202697753906 
v 1349.4361572265625 -278.7965087890625 -161.9347686767578 
v 1360.2242431640625 -243.20272827148438 -179.7803192138672 
v 1358.203857421875 -246.86380004882812 -185.90484619140625 
v 1366.8953857421875 -248.89773559570312 -178.72438049316406 
v 1365.637451171875 -252.35540771484375 -182.5258026123047 
v 1370.78369140625 -256.2198791503906 -173.65582275390625 
v 1370.5931396484375 -258.8639831542969 -176.2957000732422 
v 1368.8013916015625 -258.2538146972656 -171.43832397460938 
v 1368.64892578125 -260.8979187011719 -173.97259521484375 
v 1354.5443115234375 -454.9348449707031 -234.7952880859375 
v 1359.9573974609375 -454.7314453125 -240.07504272460938 
v 1366.1329345703125 -465.1044921875 -233.8449249267578 
v 1370.2880859375 -464.901123046875 -239.2302703857422 
v 1389.2340087890625 -474.4605712890625 -230.88827514648438 
v 1395.6383056640625 -474.4605712890625 -236.37921142578125 
v 1389.615234375 -483.6132507324219 -229.19874572753906 
v 1396.3626708984375 -483.6132507324219 -235.42884826660156 
v 1397.5062255859375 -474.6639709472656 -244.1932373046875 
v 1398.3448486328125 -483.6132507324219 -244.61561584472656 
v 1361.406005859375 -454.9348449707031 -247.14990234375 
v 1371.4317626953125 -465.1044921875 -245.2491912841797 
v 1358.7757568359375 -455.3416442871094 -254.01358032226562 
v 1369.487548828125 -465.3078918457031 -251.3737030029297 
v 1352.6383056640625 -455.5450439453125 -257.92059326171875 
v 1364.8369140625 -466.3248596191406 -255.80868530273438 
v 1394.189697265625 -474.6639709472656 -251.4792938232422 
v 1394.9521484375 -483.20648193359375 -253.2744140625 
v 1387.2518310546875 -475.2741394042969 -255.91429138183594 
v 1387.48046875 -483.20648193359375 -257.92059326171875 
v 1361.863525390625 -103.47174072265625 -247.25555419921875 
v 1368.877685546875 -104.08192443847656 -247.5723419189453 
v 1359.1568603515625 -98.38691711425781 -246.09400939941406 
v 1368.915771484375 -93.50548553466797 -246.41079711914062 
v 1365.179931640625 -88.62405395507812 -246.6219940185547 
v 1359.6143798828125 -92.28514099121094 -245.7772216796875 
v 1342.650634765625 -132.5569610595703 -304.27685546875 
v 1343.8323974609375 -135.4044647216797 -314.4139709472656 
v 1359.99560546875 -134.18409729003906 -304.9104309082031 
v 1358.3182373046875 -136.8282012939453 -314.83636474609375 
v 1366.704833984375 -148.82839965820312 -307.0223083496094 
v 1345.814697265625 -141.30287170410156 -323.6007385253906 
v 1347.453857421875 -483.4098815917969 -308.8173828125 
v 1340.0203857421875 -483.4098815917969 -303.96002197265625 
v 1345.6241455078125 -467.7486267089844 -306.0718994140625 
v 1337.9237060546875 -467.9520263671875 -301.7425231933594 
v 1347.5682373046875 -454.528076171875 -303.0096740722656 
v 1341.507080078125 -453.91790771484375 -299.1026306152344 
v 1334.4166259765625 -468.3587951660156 -293.8228759765625 
v 1338.762451171875 -453.91790771484375 -292.2389831542969 
v 1336.43701171875 -468.7655944824219 -285.48089599609375 
v 1340.3253173828125 -454.3246765136719 -284.9529113769531 
v 1343.2225341796875 -468.9689636230469 -279.77874755859375 
v 1345.204833984375 -483.20648193359375 -280.4123229980469 
v 1353.0576171875 -483.4098815917969 -279.56756591796875 
v 1351.45654296875 -468.7655944824219 -278.9339904785156 
v 1345.6622314453125 -455.13824462890625 -280.0955505371094 
v 1352.6383056640625 -455.5450439453125 -279.35638427734375 
v 1338.7242431640625 -483.4098815917969 -286.4312438964844 
v 1336.741943359375 -483.61328125 -295.40679931640625 
v 1347.5682373046875 -454.528076171875 -303.0096740722656 
v 1354.5443115234375 -454.93487548828125 -302.481689453125 
v 1345.6241455078125 -467.7486267089844 -306.0718994140625 
v 1353.4769287109375 -467.54522705078125 -305.96630859375 
v 1347.453857421875 -483.4098815917969 -308.8173828125 
v 1355.0399169921875 -483.61328125 -307.9726257324219 
v 1389.615234375 -483.61328125 -308.0782165527344 
v 1389.2340087890625 -474.4606018066406 -306.3887023925781 
v 1366.1329345703125 -465.1045227050781 -303.4320373535156 
v 1387.48046875 -483.20648193359375 -279.35638427734375 
v 1394.9521484375 -483.20648193359375 -284.0025634765625 
v 1358.96630859375 -484.8336181640625 -286.11444091796875 
v 1361.6728515625 -485.0370178222656 -292.9781188964844 
v 1353.0576171875 -483.4098815917969 -279.56756591796875 
v 1349.4361572265625 -484.8336181640625 -291.60540771484375 
v 1345.204833984375 -483.20648193359375 -280.4123229980469 
v 1338.7242431640625 -483.4098815917969 -286.4312438964844 
v 1349.588623046875 -484.8336181640625 -297.3075256347656 
v 1336.741943359375 -483.61328125 -295.40679931640625 
v 1347.453857421875 -483.4098815917969 -308.8173828125 
v 1340.0203857421875 -483.4098815917969 -303.96002197265625 
v 1398.3448486328125 -483.61328125 -292.6613464355469 
v 1360.1099853515625 -485.0370178222656 -300.1585998535156 
v 1396.3626708984375 -483.61328125 -301.8481140136719 
v 1355.0399169921875 -483.61328125 -307.9726257324219 
v 1389.615234375 -483.61328125 -308.0782165527344 
v 1352.6383056640625 -455.5450439453125 -279.35638427734375 
v 1351.45654296875 -468.7655944824219 -278.9339904785156 
v 1364.8369140625 -466.3248596191406 -281.4682922363281 
v 1387.2518310546875 -475.274169921875 -281.3626708984375 
v 1353.0576171875 -483.4098815917969 -279.56756591796875 
v 1387.48046875 -483.20648193359375 -279.35638427734375 
v 1362.8927001953125 -278.3897399902344 -374.9198913574219 
v 1363.4263916015625 -263.1352844238281 -370.80169677734375 
v 1356.526611328125 -279.2033386230469 -376.7149963378906 
v 1354.8111572265625 -263.1352844238281 -374.28631591796875 
v 1349.4361572265625 -278.7965393066406 -375.3422546386719 
v 1345.242919921875 -263.54205322265625 -371.7520446777344 
v 1354.5443115234375 -259.6775817871094 -373.4415588378906 
v 1344.8616943359375 -260.0843811035156 -370.5904846191406 
v 1354.353759765625 -255.40634155273438 -371.54083251953125 
v 1345.05224609375 -255.81312561035156 -368.7953796386719 
v 1354.429931640625 -250.1181182861328 -368.4786071777344 
v 1346.1578369140625 -250.72830200195312 -365.8387145996094 
v 1354.65869140625 -242.38917541503906 -361.1925354003906 
v 1348.3687744140625 -243.2027587890625 -358.86944580078125 
v 1363.27392578125 -259.6775817871094 -369.5345458984375 
v 1362.968994140625 -255.60972595214844 -367.7394104003906 
v 1362.3590087890625 -251.33848571777344 -365.31072998046875 
v 1360.2242431640625 -243.2027587890625 -357.4967041015625 
v 1363.3883056640625 -252.35543823242188 -364.3603820800781 
v 1366.8953857421875 -248.89776611328125 -358.55267333984375 
v 1368.8013916015625 -258.25384521484375 -365.8387145996094 
v 1370.78369140625 -256.21990966796875 -363.6212158203125 
v 1362.0159912109375 -277.576171875 -371.43524169921875 
v 1354.963623046875 -277.372802734375 -370.0625 
v 1362.8927001953125 -278.3897399902344 -374.9198913574219 
v 1348.5594482421875 -277.9829406738281 -371.9632263183594 
v 1356.526611328125 -279.2033386230469 -376.7149963378906 
v 1349.4361572265625 -278.7965393066406 -375.3422546386719 
v 1360.2242431640625 -243.2027587890625 -357.4967041015625 
v 1358.203857421875 -246.8638153076172 -351.3721923828125 
v 1366.8953857421875 -248.89776611328125 -358.55267333984375 
v 1365.637451171875 -252.35543823242188 -354.7512512207031 
v 1370.78369140625 -256.21990966796875 -363.6212158203125 
v 1370.5931396484375 -258.864013671875 -360.9813537597656 
v 1368.8013916015625 -258.25384521484375 -365.8387145996094 
v 1368.64892578125 -260.89794921875 -363.304443359375 
v 1354.5443115234375 -454.93487548828125 -302.481689453125 
v 1359.9573974609375 -454.7314758300781 -297.2019348144531 
v 1366.1329345703125 -465.1045227050781 -303.4320373535156 
v 1370.2880859375 -464.901123046875 -298.04669189453125 
v 1389.2340087890625 -474.4606018066406 -306.3887023925781 
v 1395.6383056640625 -474.4606018066406 -300.89776611328125 
v 1389.615234375 -483.61328125 -308.0782165527344 
v 1396.3626708984375 -483.61328125 -301.8481140136719 
v 1397.5062255859375 -474.6639709472656 -293.083740234375 
v 1398.3448486328125 -483.61328125 -292.6613464355469 
v 1361.406005859375 -454.9348449707031 -290.1270751953125 
v 1371.4317626953125 -465.1045227050781 -292.02777099609375 
v 1358.7757568359375 -455.3416442871094 -283.2633972167969 
v 1369.487548828125 -465.3078918457031 -285.90325927734375 
v 1352.6383056640625 -455.5450439453125 -279.35638427734375 
v 1364.8369140625 -466.3248596191406 -281.4682922363281 
v 1394.189697265625 -474.6639709472656 -285.79766845703125 
v 1394.9521484375 -483.20648193359375 -284.0025634765625 
v 1387.2518310546875 -475.274169921875 -281.3626708984375 
v 1387.48046875 -483.20648193359375 -279.35638427734375 
v 1361.863525390625 -103.47174835205078 -290.02154541015625 
v 1368.877685546875 -104.0819320678711 -289.7047424316406 
v 1359.1568603515625 -98.38692474365234 -291.1830749511719 
v 1368.915771484375 -93.5054931640625 -290.8663024902344 
v 1365.179931640625 -88.62406158447266 -290.65509033203125 
v 1359.6143798828125 -92.28514862060547 -291.4998779296875 
v 1329.0035400390625 -88.01387786865234 -271.1200256347656 
v 1333.8067626953125 -85.77655792236328 -271.85919189453125 
v 1329.0035400390625 -95.53941345214844 -276.6109619140625 
v 1333.8067626953125 -95.53941345214844 -279.1452331542969 
v 1329.0035400390625 -103.26834869384766 -271.1200256347656 
v 1333.8067626953125 -105.50569152832031 -271.85919189453125 
v 1348.6356201171875 -103.47174835205078 -271.2256164550781 
v 1348.6356201171875 -95.53941345214844 -276.9277648925781 
v 1348.6356201171875 -87.81047821044922 -271.2256164550781 
v 1348.6356201171875 -103.47174835205078 -271.2256164550781 
v 1333.8067626953125 -105.50569152832031 -271.85919189453125 
v 1348.6356201171875 -100.62423706054688 -261.9332580566406 
v 1333.8067626953125 -101.8446044921875 -260.1381530761719 
v 1329.0035400390625 -100.21747589111328 -262.25006103515625 
v 1329.0035400390625 -103.26834869384766 -271.1200256347656 
v 1348.6356201171875 -100.62423706054688 -261.9332580566406 
v 1333.8067626953125 -101.8446044921875 -260.1381530761719 
v 1348.6356201171875 -90.6579818725586 -261.9332580566406 
v 1333.8067626953125 -89.43763732910156 -260.1381530761719 
v 1329.0035400390625 -91.06477355957031 -262.25006103515625 
v 1329.0035400390625 -100.21747589111328 -262.25006103515625 
v 1348.6356201171875 -90.6579818725586 -261.9332580566406 
v 1333.8067626953125 -89.43763732910156 -260.1381530761719 
v 1348.6356201171875 -87.81047821044922 -271.2256164550781 
v 1333.8067626953125 -85.77655792236328 -271.85919189453125 
v 1329.0035400390625 -88.01387786865234 -271.1200256347656 
v 1329.0035400390625 -91.06477355957031 -262.25006103515625 
v 1374.06201171875 -121.57372283935547 -279.3564453125 
v 1377.1497802734375 -126.04838562011719 -268.69134521484375 
v 1364.1888427734375 -114.65837097167969 -284.10821533203125 
v 1354.0869140625 -110.99728393554688 -279.3564453125 
v 1349.588623046875 -111.20067596435547 -268.69134521484375 
v 1354.0869140625 -110.99728393554688 -257.920654296875 
v 1364.1888427734375 -114.65836334228516 -253.1688690185547 
v 1374.06201171875 -121.57372283935547 -257.920654296875 
v 1329.0035400390625 -91.06477355957031 -262.25006103515625 
v 1329.0035400390625 -100.21747589111328 -262.25006103515625 
v 1329.0035400390625 -88.01387786865234 -271.1200256347656 
v 1329.0035400390625 -103.26834869384766 -271.1200256347656 
v 1329.0035400390625 -95.53941345214844 -276.6109619140625 
vn -0.0023190947249531746 0.0002402949903625995 0.009724405594170094 
vn 0.0043609868735075 0.0004586266877595335 0.008987294510006905 
vn 0.000018871120119001716 0.0013287249021232128 0.009911313652992249 
vn 0.007632953580468893 -0.00010923156514763832 0.006459573749452829 
vn 0.007637008558958769 -0.0017603811575099826 0.0062110512517392635 
vn -0.0018024166347458959 -0.0009815286612138152 0.009787129238247871 
vn 0.0036517297849059105 -0.0006767365848645568 0.00928476732224226 
vn -0.0020245234481990337 -0.00019660836551338434 0.009790947660803795 
vn 0.0038757268339395523 -0.0006331365439109504 0.009196623228490353 
vn -0.002041719388216734 0.0006331396289169788 0.009768853895366192 
vn 0.003260276513174176 -0.00032764420029707253 0.009447922930121422 
vn 0.003438871121034026 -0.0011986918980255723 0.009313286282122135 
vn 0.00831758975982666 -0.000807456613983959 0.005492332857102156 
vn 0.00810563750565052 -0.002528349868953228 0.005282621830701828 
vn 0.009918744675815105 -0.0008945281733758748 -0.0009046134655363858 
vn 0.009458658285439014 -0.0031565825920552015 -0.0007548340945504606 
vn 0.008512625470757484 -0.0003713120531756431 0.005234245676547289 
vn 0.008478519506752491 -0.00006553954153787345 0.005301924888044596 
vn 0.009624057449400425 -0.0014152840012684464 0.0023182949516922235 
vn 0.009666225872933865 -0.0020178169943392277 0.0015787610318511724 
vn 0.00969204306602478 -0.0021033291704952717 0.0012807450257241726 
vn 0.008583973161876202 -0.0015017366968095303 0.004905119072645903 
vn 0.001166852773167193 0.0008074591169133782 0.00989881157875061 
vn 0.009886596351861954 -0.001501737511716783 2.44664594140076e-10 
vn 0.009803027845919132 -0.001975002931430936 3.2176944442241506e-10 
vn 0.00969204306602478 -0.0021033294033259153 -0.0012807443272322416 
vn 0.008583973161876202 -0.0015017383266240358 -0.004905118606984615 
vn 0.007637008558958769 -0.0017603832529857755 -0.006211050320416689 
vn 0.000018871120119001716 0.0013287216424942017 -0.009911313652992249 
vn 0.001166852773167193 0.0008074558572843671 -0.00989881157875061 
vn 0.009907728061079979 0.00002184672121074982 -0.001355157233774662 
vn 0.00991998054087162 -0.0012420606799423695 -0.0002264158974867314 
vn -0.0023190947249531746 0.0002402918180450797 -0.009724405594170094 
vn 0.0043609868735075 0.0004586237482726574 -0.008987294510006905 
vn 0.007632953580468893 -0.00010923366789938882 -0.006459573283791542 
vn 0.008478519506752491 -0.00006554127321578562 -0.005301924888044596 
vn 0.0036517297849059105 -0.0006767396116629243 -0.009284766390919685 
vn 0.008512625470757484 -0.00037131377030164003 -0.005234245676547289 
vn 0.0038757268339395523 -0.0006331395707093179 -0.009196623228490353 
vn -0.0020245234481990337 -0.00019661155238281935 -0.009790947660803795 
vn -0.002041719388216734 0.0006331364274956286 -0.009768854826688766 
vn 0.003260276513174176 -0.0003276472561992705 -0.009447922930121422 
vn 0.003438871121034026 -0.0011986949248239398 -0.00931328535079956 
vn 0.00831758975982666 -0.0008074583602137864 -0.005492332391440868 
vn 0.00810563750565052 -0.0025283514987677336 -0.005282620899379253 
vn 0.009918744675815105 -0.0008945278823375702 0.0009046137565746903 
vn 0.009458658285439014 -0.003156582359224558 0.000754835142288357 
vn -0.0018024166347458959 -0.0009815318044275045 -0.009787129238247871 
vn 0.009907728061079979 0.00002184716322517488 0.001355157233774662 
vn 0.00991998054087162 -0.0012420606799423695 0.0002264163049403578 
vn 0.009624057449400425 -0.0014152848161756992 -0.0023182944860309362 
vn 0.009666225872933865 -0.002017817460000515 -0.0015787604497745633 
vn 0.009767014533281326 -0.0021460256539285183 3.4963262840470577e-10 
vn 0.009325808845460415 -0.003608821425586939 -0.00007551109592895955 
vn 0.009321223944425583 -0.003608821425586939 -0.0003019966243300587 
vn 0.007284110877662897 -0.006650074385106564 -0.0016487091779708862 
vn 0.008994740433990955 -0.004369742702692747 7.119228540020117e-10 
vn 0.009325808845460415 -0.003608821425586939 0.00007551226735813543 
vn 0.009321223944425583 -0.003608821192756295 0.00030199778848327696 
vn 0.007284110877662897 -0.006650073919445276 0.0016487112734466791 
vn 0.005044081714004278 -0.008634653873741627 1.4067663700600974e-9 
vn 0.002915682503953576 -0.008429673500359058 -0.0045209950767457485 
vn 0.0023376401513814926 -0.009722934104502201 1.5840700973157595e-9 
vn 0.002915682503953576 -0.00842967163771391 0.004520997870713472 
vn 0.00711019616574049 -0.0013720158021897078 0.006896570324897766 
vn 0.007176903076469898 0.00006554154242621735 0.006963315419852734 
vn 0.0072822896763682365 -0.0009380370029248297 0.006788839120417833 
vn 0.001577900373376906 -0.0004149714077357203 0.009866003878414631 
vn 0.002097964519634843 -0.00028397070127539337 0.009773326106369495 
vn 0.00226266379468143 -0.0009380364790558815 0.009695381857454777 
vn 0.0018584850477054715 -0.00045862363185733557 0.009815074503421783 
vn 0.0071428073570132256 -0.0026549517642706633 0.006475456058979034 
vn 0.0018211599672213197 -0.0012854026863351464 0.00974839087575674 
vn 0.00831419974565506 -0.0001092317106667906 0.005555371288210154 
vn 0.00045287172542884946 0.00019661159603856504 0.009987805038690567 
vn -0.008965653367340565 -0.00401274161413312 0.0018748235888779163 
vn -0.00887699518352747 -0.0010684567969292402 0.004478544928133488 
vn -0.007948831655085087 0.001025004661642015 0.005980422254651785 
vn -0.009970780462026596 0.000763898657169193 -1.244530728472526e-10 
vn -0.00825424399226904 0.0019750038627535105 0.005288366228342056 
vn -0.009886523708701134 0.001501737511716783 0.000037739224353572354 
vn -0.00825424399226904 0.0019750020001083612 -0.005288367159664631 
vn -0.007948831655085087 0.0010250027989968657 -0.005980422720313072 
vn 0.001166852773167193 0.0008074558572843671 -0.00989881157875061 
vn 0.0005467963637784123 0.0009380364790558815 -0.009940880350768566 
vn 0.00045287172542884946 0.00019660833640955389 -0.009987805038690567 
vn -0.00887699518352747 -0.0010684581939131021 -0.0044785444624722 
vn -0.009985017590224743 -0.0005459024687297642 -0.00003774841388803907 
vn -0.009946504607796669 0.000327645888319239 0.0009796451777219772 
vn -0.00946161337196827 0.002401314675807953 0.0021706123370677233 
vn -0.009605053812265396 0.002739102113991976 0.000490158679895103 
vn -0.009994630701839924 0.0003276457136962563 -5.337830177865044e-11 
vn -0.009946504607796669 0.000327645568177104 -0.0009796451777219772 
vn -0.008965653367340565 -0.004012742079794407 -0.0018748223083093762 
vn 0.00831419974565506 -0.00010923352238023654 -0.005555370822548866 
vn 0.0005467963637784123 0.0009380396804772317 0.009940879419445992 
vn 0.001166852773167193 0.0008074591169133782 0.00989881157875061 
vn -0.00946161337196827 0.002401313977316022 -0.0021706130355596542 
vn -0.009605053812265396 0.002739101881161332 -0.0004901595530100167 
vn -0.007887636311352253 0.006042742170393467 -0.001127147232182324 
vn -0.004341900814324617 0.008567795157432556 -0.0027822288684546947 
vn -0.0062396712601184845 0.006112138275057077 -0.004869114141911268 
vn -0.008199084550142288 0.005724823102355003 -0.00003771449701162055 
vn -0.008322188630700111 0.005544343963265419 0.000037726524169556797 
vn -0.0062396712601184845 0.006112140137702227 0.004869111813604832 
vn -0.007887636311352253 0.006042742170393467 0.0011271452531218529 
vn -0.004341900814324617 0.008567795157432556 0.002782226074486971 
vn -0.009675020352005959 0.002528350567445159 0.0000377575088350568 
vn -0.00991147942841053 0.0006331382319331169 0.0011669269297271967 
vn -0.009103379212319851 -0.004132458940148354 0.0002264255308546126 
vn -0.009299436584115028 -0.002060592407360673 0.0030453961808234453 
vn -0.008405733853578568 -0.003852050518617034 -0.003808588022366166 
vn -0.008273506537079811 -0.005616858135908842 9.15105824450535e-10 
vn -0.009927896782755852 0.001198693411424756 -1.9529027006637278e-10 
vn -0.008335321210324764 0.0015880768187344074 0.005291543435305357 
vn -0.0066996789537370205 -0.0005022674449719489 0.007406890857964754 
vn -0.009762912057340145 -0.0018463368760421872 0.0011298611061647534 
vn -0.008253456093370914 -0.0015880768187344074 -0.005418346729129553 
vn -0.003524985397234559 -0.0009380396222695708 -0.009310991503298283 
vn -0.003632748732343316 -0.0014585263561457396 -0.00920194759964943 
vn -0.004169207997620106 -0.008382340893149376 -0.0035148353781551123 
vn -0.0003931438841391355 -0.009992268867790699 1.6279504411187418e-9 
vn 0.002915682503953576 -0.008429673500359058 -0.0045209950767457485 
vn 0.0023376401513814926 -0.009722934104502201 1.5840700973157595e-9 
vn 0.001577900373376906 -0.0004149746091570705 -0.009866002947092056 
vn 0.002097964519634843 -0.00028397387359291315 -0.009773326106369495 
vn 0.00226266379468143 -0.0009380396804772317 -0.009695381857454777 
vn -0.0034377758856862783 -0.0007639001705683768 -0.00935938861221075 
vn 0.0018584850477054715 -0.0004586268332786858 -0.009815074503421783 
vn -0.003631995525211096 0.000589524395763874 -0.009298444725573063 
vn 0.0018211599672213197 -0.0012854058295488358 -0.009748389944434166 
vn -0.008300676010549068 -0.0009815311059355736 -0.0054895696230232716 
vn -0.009912695735692978 -0.0010250036139041185 0.0008293624268844724 
vn -0.008528814651072025 0.0007203244022093713 -0.005171118304133415 
vn -0.00992590095847845 0.000851001008413732 0.0008673507836647332 
vn -0.007355162408202887 -0.0006767369923181832 0.006741187535226345 
vn -0.007412590552121401 0.0008945291046984494 0.006652317009866238 
vn -0.002041719388216734 0.0006331396289169788 0.009768853895366192 
vn -0.0020245234481990337 -0.00019660836551338434 0.009790947660803795 
vn -0.0018024166347458959 -0.0009815286612138152 0.009787129238247871 
vn -0.006972810253500938 -0.0015449202619493008 0.00699951034039259 
vn -0.0023190947249531746 0.0002402949903625995 0.009724405594170094 
vn 0.000018871120119001716 0.0013287249021232128 0.009911313652992249 
vn 0.001166852773167193 0.0008074591169133782 0.00989881157875061 
vn -0.00825424399226904 0.0019750038627535105 0.005288366228342056 
vn -0.009766941890120506 0.0021460256539285183 0.00003774122887989506 
vn -0.009886523708701134 0.001501737511716783 0.000037739224353572354 
vn -0.00825424399226904 0.0019750020001083612 -0.005288367159664631 
vn -0.008335321210324764 0.00158807507250458 -0.005291543900966644 
vn 0.001166852773167193 0.0008074558572843671 -0.00989881157875061 
vn 0.000018871120119001716 0.0013287216424942017 -0.009911313652992249 
vn -0.0023190947249531746 0.0002402918180450797 -0.009724405594170094 
vn -0.0066996789537370205 -0.0005022698314860463 -0.007406890857964754 
vn -0.006972810253500938 -0.0015449225902557373 -0.006999509874731302 
vn -0.0018024166347458959 -0.0009815318044275045 -0.009787129238247871 
vn -0.007355162408202887 -0.0006767392042092979 -0.006741187535226345 
vn -0.0020245234481990337 -0.00019661155238281935 -0.009790947660803795 
vn -0.002041719388216734 0.0006331364274956286 -0.009768854826688766 
vn -0.007412590552121401 0.0008945269510149956 -0.006652317009866238 
vn -0.00992590095847845 0.0008510007173754275 -0.0008673510747030377 
vn -0.009912695735692978 -0.0010250038467347622 -0.0008293620776385069 
vn -0.008528814651072025 0.0007203260902315378 0.005171118304133415 
vn -0.009762912057340145 -0.0018463372252881527 -0.0011298605240881443 
vn -0.009299436584115028 -0.0020605933386832476 -0.0030453954823315144 
vn -0.00991147942841053 0.0006331378826871514 -0.0011669271625578403 
vn -0.009103379212319851 -0.004132459405809641 -0.00022642417752649635 
vn -0.004169207997620106 -0.008382339961826801 0.003514838172122836 
vn 0.002915682503953576 -0.00842967163771391 0.004520997870713472 
vn 0.001577900373376906 -0.0004149714077357203 0.009866003878414631 
vn -0.003632748732343316 -0.0014585234457626939 0.009201948530972004 
vn 0.002097964519634843 -0.00028397070127539337 0.009773326106369495 
vn -0.008405733853578568 -0.0038520493544638157 0.003808589419350028 
vn -0.003524985397234559 -0.0009380365372635424 0.009310991503298283 
vn 0.00226266379468143 -0.0009380364790558815 0.009695381857454777 
vn -0.0034377758856862783 -0.0007638971437700093 0.00935938861221075 
vn 0.0018584850477054715 -0.00045862363185733557 0.009815074503421783 
vn -0.003631995525211096 0.0005895274225622416 0.009298444725573063 
vn 0.0018211599672213197 -0.0012854026863351464 0.00974839087575674 
vn -0.008300676010549068 -0.0009815293597057462 0.005489570088684559 
vn -0.008253456093370914 -0.00158807507250458 0.00541834719479084 
vn 0.0018211599672213197 -0.0012854058295488358 -0.009748389944434166 
vn 0.0018584850477054715 -0.0004586268332786858 -0.009815074503421783 
vn 0.0071428073570132256 -0.002654953859746456 -0.00647545512765646 
vn 0.0072822896763682365 -0.0009380392148159444 -0.006788839120417833 
vn 0.007176903076469898 0.00006553927232744172 -0.006963315419852734 
vn 0.002097964519634843 -0.00028397387359291315 -0.009773326106369495 
vn 0.001577900373376906 -0.0004149746091570705 -0.009866002947092056 
vn 0.00711019616574049 -0.0013720181304961443 -0.006896570324897766 
vn 0.00226266379468143 -0.0009380396804772317 -0.009695381857454777 
vn 0.0018211599672213197 -0.0012854058295488358 -0.009748389944434166 
vn 0.0019318631384521723 -0.0011118925176560879 -0.00974841509014368 
vn -0.003631995525211096 0.000589524395763874 -0.009298444725573063 
vn -0.003786983899772167 0.001588074374012649 -0.009117936715483665 
vn 0.0024663591757416725 -0.00006554198625963181 -0.009690860286355019 
vn 0.0020985654555261135 -0.00015292434545699507 -0.00977612566202879 
vn -0.004255850799381733 0.000589524395763874 -0.009029961191117764 
vn -0.003951145801693201 -0.005580655299127102 -0.007296898867934942 
vn -0.007702141534537077 -0.005100565496832132 -0.003829000983387232 
vn -0.003911410458385944 -0.006283579394221306 -0.006724395789206028 
vn -0.0075693936087191105 -0.0053242845460772514 -0.003788967151194811 
vn -0.008674738928675652 -0.004911448340862989 0.000791569531429559 
vn -0.0087629035115242 -0.004758462309837341 0.0007540249498561025 
vn 0.0015017807018011808 -0.006146664265543222 -0.007743588648736477 
vn 0.0005660203751176596 -0.006584557704627514 -0.007504879962652922 
vn -0.008667120710015297 0.0013287224574014544 -0.004807859659194946 
vn -0.008367545902729034 0.0023163920268416405 -0.004961703438311815 
vn -0.008528814651072025 0.0007203244022093713 -0.005171118304133415 
vn -0.00992590095847845 0.000851001008413732 0.0008673507836647332 
vn -0.00965093169361353 0.002443706849589944 0.0009422358707524836 
vn -0.007412590552121401 0.0008945291046984494 0.006652317009866238 
vn -0.007382422685623169 0.001932151964865625 0.006462710909545422 
vn -0.002041719388216734 0.0006331396289169788 0.009768853895366192 
vn -0.002280949614942074 0.0008074590587057173 0.009702849201858044 
vn -0.007798940408974886 0.0009380390984006226 0.006188425235450268 
vn -0.002757980255410075 0.000021848507458344102 0.0096121309325099 
vn -0.0024922445882111788 -0.005580652970820665 0.007914860732853413 
vn -0.006868758704513311 -0.00510056409984827 0.005177296232432127 
vn -0.006976095959544182 -0.004949461203068495 0.00518043665215373 
vn -0.009854847565293312 0.0015017376281321049 0.0007916819886304438 
vn -0.0027788206934928894 -0.005580652970820665 0.007818853482604027 
vn -0.002041719388216734 0.0006331396289169788 0.009768853895366192 
vn 0.003438871121034026 -0.0011986918980255723 0.009313286282122135 
vn 0.003737612161785364 -0.0011118894908577204 0.009208363480865955 
vn 0.00810563750565052 -0.002528349868953228 0.005282621830701828 
vn 0.007968618534505367 -0.0028230410534888506 0.005341494455933571 
vn 0.009458658285439014 -0.0031565825920552015 -0.0007548340945504606 
vn 0.009311266243457794 -0.0035680378787219524 -0.0007545974804088473 
vn 0.0071428073570132256 -0.002654953859746456 -0.00647545512765646 
vn 0.007060402072966099 -0.0024437077809125185 -0.006646729540079832 
vn 0.0018211599672213197 -0.0012854058295488358 -0.009748389944434166 
vn 0.0019318631384521723 -0.0011118925176560879 -0.00974841509014368 
vn 0.0024663591757416725 -0.00006554198625963181 -0.009690860286355019 
vn 0.007616571616381407 -0.0005459035164676607 -0.006456765346229076 
vn 0.0020985654555261135 -0.00015292434545699507 -0.00977612566202879 
vn 0.0015017807018011808 -0.006146664265543222 -0.007743588648736477 
vn 0.006002189125865698 -0.0062835789285600185 -0.004948773887008429 
vn 0.005911392159759998 -0.005544345360249281 -0.005857958924025297 
vn 0.008878341875970364 -0.004526273813098669 -0.0008293898426927626 
vn 0.007650026120245457 -0.006418574135750532 -0.0005282117635942996 
vn 0.00745802465826273 -0.004487267695367336 0.004923646803945303 
vn -0.002280949614942074 0.0008074590587057173 0.009702849201858044 
vn 0.0039979396387934685 -0.0007638971437700093 0.009134163148701191 
vn -0.002757980255410075 0.000021848507458344102 0.0096121309325099 
vn 0.0005660203751176596 -0.006584557704627514 -0.007504879962652922 
vn 0.009935937821865082 -0.0006767382728867233 -0.0009050836670212448 
vn 0.00867864117026329 -0.0007638978422619402 0.004908934701234102 
vn 0.006763883400708437 -0.0062495265156030655 0.0038978580851107836 
vn 0.0017624103929847479 -0.005507926922291517 0.008158226497471333 
vn 0.0030011057388037443 -0.006042740773409605 0.007380965165793896 
vn -0.0027788206934928894 -0.005580652970820665 0.007818853482604027 
vn -0.0024922445882111788 -0.005580652970820665 0.007914860732853413 
vn 0.003806081134825945 -0.0006331365439109504 0.009225664660334587 
vn 0.00920264795422554 0.0022738659754395485 0.003184462431818247 
vn 0.009058898314833641 0.0016742936568334699 0.0038901278749108315 
vn 0.000809600343927741 0.0047968486323952675 0.00873697828501463 
vn 0.0012046560877934098 0.003486267989501357 0.009294876828789711 
vn 0.009202844463288784 0.0015017380937933922 0.0036128154024481773 
vn 0.0018735460471361876 0.003972683101892471 0.008983741514384747 
vn 0.00937289372086525 0.00028397285495884717 0.003473935415968299 
vn 0.004144893027842045 0.0022738666739314795 0.008811889216303825 
vn 0.005554480478167534 0.0019321521976962686 0.008087924681603909 
vn 0.0090248491615057 0.00184633769094944 0.0038914172910153866 
vn 0.0032500349916517735 0.005544345360249281 0.007661430165171623 
vn 0.00831419974565506 -0.0001092317106667906 0.005555371288210154 
vn 0.007820994593203068 -0.002316393656656146 -0.005785011686384678 
vn 0.007764160633087158 -0.0026549536269158125 -0.00571568263694644 
vn 0.007919642142951488 -0.002443707548081875 -0.0055953157134354115 
vn -0.0015228884294629097 -0.004487270023673773 -0.008805976249277592 
vn -0.0007545298431068659 -0.00456519378349185 -0.008865082636475563 
vn -0.0018204498337581754 -0.003972683101892471 -0.008994651027023792 
vn -0.008965653367340565 -0.00401274161413312 0.0018748235888779163 
vn -0.009775928221642971 -0.0015449211932718754 0.0014298426685854793 
vn -0.00946161337196827 0.002401314675807953 0.0021706123370677233 
vn -0.009011192247271538 0.0024013149086385965 0.0036100007127970457 
vn -0.004341900814324617 0.008567795157432556 0.002782226074486971 
vn -0.0036391946487128735 0.008406086824834347 0.004011727403849363 
vn -0.005748466122895479 0.0023163941223174334 0.007847894914448261 
vn -0.002375970594584942 0.006042743567377329 0.007605262100696564 
vn 0.0032500349916517735 0.005544345360249281 0.007661430165171623 
vn -0.00020766617672052234 0.0018892636289820075 0.009817716665565968 
vn 0.005554480478167534 0.0019321521976962686 0.008087924681603909 
vn 0.004144893027842045 0.0022738666739314795 0.008811889216303825 
vn -0.006121999584138393 0.001588077167980373 0.007745910435914993 
vn -0.009577960707247257 -0.002146025886759162 -0.0019123897654935718 
vn -0.008915303274989128 -0.002781099174171686 -0.003575312439352274 
vn -0.009322666563093662 -0.0020605933386832476 -0.0029735243879258633 
vn -0.00789181049913168 0.0014152853982523084 0.005976310931146145 
vn -0.008399497717618942 0.002188681624829769 0.004965694155544043 
vn 0.000809600343927741 0.0047968486323952675 0.00873697828501463 
vn 0.0012046560877934098 0.003486267989501357 0.009294876828789711 
vn 0.0018735460471361876 0.003972683101892471 0.008983741514384747 
vn -0.007558676414191723 0.00210333033464849 0.006200194824486971 
vn 0.0010723829036578536 0.004835141357034445 0.008687428198754787 
vn -0.007999580353498459 0.002612802665680647 0.005401850678026676 
vn 0.000809600343927741 0.0047968486323952675 0.00873697828501463 
vn -0.008399497717618942 0.002188681624829769 0.004965694155544043 
vn -0.009069605730473995 -0.0021033298689872026 -0.003649418707937002 
vn -0.009322666563093662 -0.0020605933386832476 -0.0029735243879258633 
vn -0.0015228884294629097 -0.004487270023673773 -0.008805976249277592 
vn -0.000866737391334027 -0.004132460802793503 -0.009064852260053158 
vn 0.007906578481197357 -0.0024860533885657787 -0.005595136433839798 
vn 0.007919642142951488 -0.002443707548081875 -0.0055953157134354115 
vn 0.009092206135392189 0.0021886813919991255 0.003541391110047698 
vn 0.00920264795422554 0.0022738659754395485 0.003184462431818247 
vn 0.000809600343927741 0.0047968486323952675 0.00873697828501463 
vn 0.0010723829036578536 0.004835141357034445 0.008687428198754787 
vn 0.008923179470002651 -0.0011118903057649732 0.0043749939650297165 
vn 0.0011293001007288694 0.0010684591252356768 0.009878414683043957 
vn 0.0011108005419373512 0.003115094034001231 0.00943728256970644 
vn 0.008942189626395702 0.0018033775268122554 0.004096958786249161 
vn 0.0074484688229858875 -0.005138099659234285 -0.004256787709891796 
vn 0.005247602239251137 -0.005796255078166723 -0.0062342677265405655 
vn -0.0009976367000490427 -0.0065185376442968845 -0.007517538964748383 
vn -0.0009790535550564528 -0.0076822456903755665 -0.006326496135443449 
vn -0.008549687452614307 -0.00460402388125658 -0.0023886840790510178 
vn -0.007651318795979023 -0.0007203242275863886 0.006398316007107496 
vn 0.0011293001007288694 0.0010684591252356768 0.009878414683043957 
vn 0.0011108005419373512 0.003115094034001231 0.00943728256970644 
vn -0.007909986190497875 0.0011553041404113173 0.00600811094045639 
vn -0.007955762557685375 -0.005287247709929943 -0.0029581834096461535 
vn 0.002042688662186265 -0.002697051502764225 0.00941027794033289 
vn 0.0002835960767697543 -0.00983208417892456 0.001802691724151373 
vn -0.0010543890530243516 0.000414974638260901 0.009935595095157623 
vn -0.005373138934373856 -0.008429672569036484 -0.00026455550687387586 
vn 0.006211564410477877 0.0044872695580124855 0.006425019353628159 
vn 0.0007916255271993577 -0.008110667578876019 -0.005795722361654043 
vn 0.008745083585381508 0.0029067671857774258 0.003882552497088909 
vn 0.007811257150024176 -0.0029067674186080694 -0.005525845568627119 
vn 0.007289641536772251 -0.0030735440086573362 -0.006116735283285379 
vn 0.008873898535966873 0.001975003629922867 0.004165728576481342 
vn 0.008816756308078766 0.0011553039075806737 0.004574941471219063 
vn 0.0070257531479001045 -0.002697054063901305 -0.006585186813026667 
vn 0.007094386965036392 -0.005724822171032429 0.004110484384000301 
vn 0.005577568430453539 -0.006146663799881935 -0.005577567499130964 
vn -0.007955762557685375 -0.005287247709929943 -0.0029581834096461535 
vn -0.007909986190497875 0.0011553041404113173 0.00600811094045639 
vn -0.00892665609717369 -0.0017173547530546784 -0.004167194478213787 
vn -0.00693571986630559 0.0053242845460772514 0.004852605052292347 
vn -0.00910898856818676 -0.0014585255412384868 -0.0038599262479692698 
vn -0.007133580278605223 0.0038520509842783213 0.005854377523064613 
vn -0.00903649628162384 -0.002358876634389162 -0.0035745545756071806 
vn -0.007257497403770685 0.002017818158492446 0.006577015854418278 
vn -0.0071732038632035255 0.0003276468487456441 0.006959726568311453 
vn -0.008611539378762245 -0.003321932628750801 -0.0038478770293295383 
vn -0.006349863950163126 -0.006811635568737984 -0.0036442894488573074 
vn -0.004987006075680256 -0.006747395731508732 0.0054408106952905655 
vn -0.007955762557685375 -0.005287247709929943 -0.0029581834096461535 
vn -0.00892665609717369 -0.0017173547530546784 -0.004167194478213787 
vn -0.0012030474608764052 -0.0068753547966480255 -0.007161157205700874 
vn -0.0009416022221557796 -0.006418575067073107 -0.007610209286212921 
vn 0.007811257150024176 -0.0029067674186080694 -0.005525845568627119 
vn 0.007289641536772251 -0.0030735440086573362 -0.006116735283285379 
vn 0.0007916255271993577 -0.008110667578876019 -0.005795722361654043 
vn -0.0009790535550564528 -0.0076822456903755665 -0.006326496135443449 
vn 0.005247602239251137 -0.005796255078166723 -0.0062342677265405655 
vn 0.00445261737331748 -0.0021460270509123802 -0.0086930301040411 
vn -0.005373138934373856 -0.008429672569036484 -0.00026455550687387586 
vn 0.006956232711672783 -0.005544344894587994 -0.004568486008793116 
vn 0.0002835960767697543 -0.00983208417892456 0.001802691724151373 
vn -0.00910898856818676 -0.0014585255412384868 -0.0038599262479692698 
vn -0.00903649628162384 -0.002358876634389162 -0.0035745545756071806 
vn -0.0005285987863317132 -0.005471407901495695 -0.008353698998689651 
vn -0.0004910056013613939 -0.004604024812579155 -0.008863513357937336 
vn 0.0070257531479001045 -0.002697054063901305 -0.006585186813026667 
vn 0.005577568430453539 -0.006146663799881935 -0.005577567499130964 
vn -0.000056658311223145574 -0.007155521307140589 -0.006985364016145468 
vn -0.008611539378762245 -0.003321932628750801 -0.0038478770293295383 
vn -0.006349863950163126 -0.006811635568737984 -0.0036442894488573074 
vn 0.005134794861078262 -0.00641857273876667 0.0056952438317239285 
vn 0.007913031615316868 -0.0019750020001083612 0.005786475259810686 
vn 0.004097277298569679 -0.001975001534447074 0.008905710652470589 
vn 0.008114779368042946 -0.0011118900729343295 0.005737077910453081 
vn 0.006630830932408571 0.00010923383524641395 0.00748466094955802 
vn 0.0087808258831501 -0.0002402926329523325 0.0047790538519620895 
vn 0.008408276364207268 -0.0011118900729343295 0.005297602154314518 
vn 0.009999976493418217 -0.00002184694130846765 3.5593255773291865e-12 
vn 0.009055951610207558 -0.0000218462500924943 0.004241376183927059 
vn 0.006853865459561348 -0.00010923143418040127 0.007280975114554167 
vn 0.006505934987217188 0.0010684587759897113 0.0075187236070632935 
vn 0.0034036862198263407 0.0009815318044275045 0.009351551532745361 
vn 0.00602532085031271 -0.007980946451425552 1.3002638965531332e-9 
vn 0.009663954377174377 -0.002570600714534521 4.188048519093712e-10 
vn 0.006593787577003241 0.003730757161974907 0.006527129560709 
vn 0.008753366768360138 0.004835139960050583 -7.877458685356942e-10 
vn 0.0022065865341573954 0.007094203028827906 0.0066935233771800995 
vn 0.002633883384987712 0.009646899066865444 -1.571682450851597e-9 
vn 0.0022065865341573954 0.007094201166182756 -0.006693525705486536 
vn 0.006593787577003241 0.003730755066499114 -0.006527130492031574 
vn 0.0034036862198263407 0.000981528777629137 -0.009351551532745361 
vn 0.006853865459561348 -0.00010923380614258349 -0.007280975114554167 
vn 0.009055951610207558 -0.000021847632524440996 -0.004241376183927059 
vn 0.009994630701839924 -0.0003276457136962563 5.33803695690338e-11 
vn 0.0087808258831501 -0.00024029419000726193 -0.0047790538519620895 
vn 0.006505934987217188 0.001068456331267953 -0.0075187236070632935 
vn 0.006630830932408571 0.0001092313978006132 -0.00748466094955802 
vn 0.004097277298569679 -0.0019750043284147978 -0.008905710652470589 
vn 0.008114779368042946 -0.0011118919355794787 -0.005737077444791794 
vn 0.008408276364207268 -0.001111891819164157 -0.005297601688653231 
vn 0.009851431474089622 -0.0017173540545627475 2.7979304983993813e-10 
vn 0.00927800964564085 -0.0037307559978216887 6.078185177393891e-10 
vn 0.007913031615316868 -0.0019750038627535105 -0.005786474794149399 
vn 0.005134794861078262 -0.0064185746014118195 -0.005695241969078779 
vn 0.004097277298569679 -0.001975001534447074 0.008905710652470589 
vn 0.0014475388452410698 -0.003321930533275008 0.009320375509560108 
vn 0.005134794861078262 -0.00641857273876667 0.0056952438317239285 
vn -0.00022677809465676546 -0.007682243827730417 0.006397789344191551 
vn -0.0016510381828993559 -0.004758461378514767 0.008638930507004261 
vn -0.000018880316929426044 -0.0022312926594167948 0.00974787026643753 
vn -0.004324264358729124 -0.006317507941275835 0.006433493457734585 
vn -0.004217857029289007 -0.0059377821162343025 0.006852183490991592 
vn -0.0075538563542068005 -0.0020178162958472967 0.006234393920749426 
vn -0.006046014372259378 -0.0031565811950713396 0.007313118316233158 
vn -0.007175195962190628 0.0028649326413869858 0.0063489158637821674 
vn -0.0074794054962694645 0.003811691887676716 0.005434105172753334 
vn -0.0018142665503546596 0.008161474950611591 0.005486233625560999 
vn -0.00318936537951231 0.006007871590554714 0.007330308668315411 
vn 0.0018392701167613268 0.0007203268469311297 0.009802969172596931 
vn 0.0022065865341573954 0.007094203028827906 0.0066935233771800995 
vn 0.0034036862198263407 0.0009815318044275045 0.009351551532745361 
vn 0.002633883384987712 0.009646899066865444 -1.571682450851597e-9 
vn -0.004310696851462126 0.009023185819387436 -1.4700656247867983e-9 
vn -0.009294222109019756 0.0036901813000440598 -6.012061404270241e-10 
vn -0.009261542931199074 -0.003771259682253003 -0.00003773759090108797 
vn -0.009991385973989964 0.0004149730084463954 -6.760575432807059e-11 
vn -0.007212918251752853 -0.0008074563811533153 0.006879085209220648 
vn -0.0005095351370982826 -0.0018892604857683182 0.009806685149669647 
vn 0.004139849450439215 -0.004565190989524126 0.007875321432948112 
vn -0.0002592056698631495 -0.009996564127504826 -0.00003906733763869852 
vn 0.00602532085031271 -0.007980946451425552 1.3002638965531332e-9 
vn 0.007668240461498499 -0.006418573670089245 1.045720510184367e-9 
vn 0.0018392701167613268 0.0007203268469311297 0.009802969172596931 
vn 0.0017587461043149233 0.008285759016871452 0.0053153568878769875 
vn -0.0018142665503546596 0.008161474950611591 0.005486233625560999 
vn -0.006488003768026829 0.00393254728987813 0.006514666602015495 
vn -0.0074794054962694645 0.003811691887676716 0.005434105172753334 
vn -0.007288200780749321 -0.00218867976218462 0.006487819831818342 
vn -0.0075538563542068005 -0.0020178162958472967 0.006234393920749426 
vn -0.004541380330920219 -0.0073952809907495975 0.004968469031155109 
vn -0.004324264358729124 -0.006317507941275835 0.006433493457734585 
vn -0.000018880316929426044 -0.0022312926594167948 0.00974787026643753 
vn 0.0018211599672213197 -0.0012854026863351464 0.00974839087575674 
vn 0.0019318631384521723 -0.0011118893744423985 0.00974841509014368 
vn -0.003631995525211096 0.0005895274225622416 0.009298444725573063 
vn -0.003786983899772167 0.0015880774008110166 0.00911793578416109 
vn 0.0024663591757416725 -0.00006553882849402726 0.009690860286355019 
vn 0.0020985654555261135 -0.00015292115858756006 0.009776126593351364 
vn -0.004255850799381733 0.0005895273643545806 0.009029961191117764 
vn 0.0015017807018011808 -0.006146661471575499 0.0077435909770429134 
vn -0.003951145801693201 -0.005580652970820665 0.007296900264918804 
vn 0.0005660203751176596 -0.006584555376321077 0.007504882290959358 
vn -0.003911410458385944 -0.006283577065914869 0.0067243981175124645 
vn -0.007702141534537077 -0.005100564565509558 0.0038290026132017374 
vn -0.0075693936087191105 -0.0053242831490933895 0.0037889687810093164 
vn -0.008667120710015297 0.00132872408721596 0.004807859659194946 
vn -0.008367545902729034 0.002316393656656146 0.004961702972650528 
vn -0.008528814651072025 0.0007203260902315378 0.005171118304133415 
vn -0.00992590095847845 0.0008510007173754275 -0.0008673510747030377 
vn -0.00965093169361353 0.0024437066167593002 -0.0009422366856597364 
vn -0.007412590552121401 0.0008945269510149956 -0.006652317009866238 
vn -0.007382422685623169 0.001932149869389832 -0.006462711375206709 
vn -0.002041719388216734 0.0006331364274956286 -0.009768854826688766 
vn -0.002280949614942074 0.000807455915492028 -0.009702849201858044 
vn -0.007798940408974886 0.0009380370611324906 -0.006188425701111555 
vn -0.002757980255410075 0.000021845375158591196 -0.0096121309325099 
vn -0.009854847565293312 0.0015017373953014612 -0.0007916824542917311 
vn -0.008674738928675652 -0.004911448340862989 -0.0007915679598227143 
vn -0.0087629035115242 -0.004758462775498629 -0.0007540233782492578 
vn -0.006868758704513311 -0.00510056596249342 -0.005177294369786978 
vn -0.0024922445882111788 -0.005580655299127102 -0.007914859801530838 
vn -0.006976095959544182 -0.004949463065713644 -0.005180434789508581 
vn -0.0027788206934928894 -0.005580655299127102 -0.007818851619958878 
vn -0.002041719388216734 0.0006331364274956286 -0.009768854826688766 
vn 0.003438871121034026 -0.0011986949248239398 -0.00931328535079956 
vn 0.003737612161785364 -0.0011118925176560879 -0.009208363480865955 
vn 0.00810563750565052 -0.0025283514987677336 -0.005282620899379253 
vn -0.002280949614942074 0.000807455915492028 -0.009702849201858044 
vn 0.0039979396387934685 -0.0007639001123607159 -0.009134163148701191 
vn -0.002757980255410075 0.000021845375158591196 -0.0096121309325099 
vn 0.003806081134825945 -0.0006331395707093179 -0.009225663729012012 
vn -0.0024922445882111788 -0.005580655299127102 -0.007914859801530838 
vn 0.0030011057388037443 -0.006042743567377329 -0.0073809633031487465 
vn -0.0027788206934928894 -0.005580655299127102 -0.007818851619958878 
vn 0.0017624103929847479 -0.005507929250597954 -0.008158224634826183 
vn 0.006763883400708437 -0.006249527912586927 -0.0038978559896349907 
vn 0.00745802465826273 -0.0044872695580124855 -0.004923644941300154 
vn 0.00867864117026329 -0.0007638994138687849 -0.004908934235572815 
vn 0.007968618534505367 -0.002823042916134 -0.005341493524610996 
vn 0.009458658285439014 -0.003156582359224558 0.000754835142288357 
vn 0.009311266243457794 -0.003568037645891309 0.0007545986445620656 
vn 0.0071428073570132256 -0.0026549517642706633 0.006475456058979034 
vn 0.009935937821865082 -0.0006767379236407578 0.0009050838998518884 
vn 0.007650026120245457 -0.006418573670089245 0.0005282138590700924 
vn 0.008878341875970364 -0.004526273347437382 0.0008293912978842854 
vn 0.006002189125865698 -0.006283577531576157 0.004948775749653578 
vn 0.005911392159759998 -0.005544343031942844 0.005857960786670446 
vn 0.0015017807018011808 -0.006146661471575499 0.0077435909770429134 
vn 0.0005660203751176596 -0.006584555376321077 0.007504882290959358 
vn 0.0020985654555261135 -0.00015292115858756006 0.009776126593351364 
vn 0.007616571616381407 -0.0005459014209918678 0.006456765811890364 
vn 0.007060402072966099 -0.0024437056854367256 0.006646730005741119 
vn 0.0018211599672213197 -0.0012854026863351464 0.00974839087575674 
vn 0.0019318631384521723 -0.0011118893744423985 0.00974841509014368 
vn 0.0024663591757416725 -0.00006553882849402726 0.009690860286355019 
vn 0.00920264795422554 0.0022738648112863302 -0.003184463130310178 
vn 0.000809600343927741 0.004796845838427544 -0.008736980147659779 
vn 0.009058898314833641 0.0016742923762649298 -0.0038901283405721188 
vn 0.0012046560877934098 0.0034862649627029896 -0.009294877760112286 
vn 0.009202844463288784 0.001501736929640174 -0.0036128158681094646 
vn 0.0018735460471361876 0.0039726803079247475 -0.008983742445707321 
vn 0.00937289372086525 0.00028397171990945935 -0.003473935415968299 
vn 0.004144893027842045 0.0022738638799637556 -0.0088118901476264 
vn 0.005554480478167534 0.0019321495201438665 -0.008087925612926483 
vn 0.0090248491615057 0.0018463364103809 -0.0038914179895073175 
vn 0.0032500349916517735 0.005544343031942844 -0.007661431562155485 
vn 0.00831419974565506 -0.00010923352238023654 -0.005555370822548866 
vn 0.007820994593203068 -0.002316391794010997 0.0057850126177072525 
vn 0.007764160633087158 -0.0026549517642706633 0.005715683568269014 
vn 0.007919642142951488 -0.0024437056854367256 0.005595316644757986 
vn -0.0015228884294629097 -0.004487267229706049 0.008805978111922741 
vn -0.0007545298431068659 -0.004565190523862839 0.008865084499120712 
vn -0.008915303274989128 -0.002781098010018468 0.003575313137844205 
vn -0.009322666563093662 -0.002060592407360673 0.0029735248535871506 
vn -0.00789181049913168 0.0014152834191918373 -0.005976311396807432 
vn -0.008399497717618942 0.0021886799950152636 -0.004965695086866617 
vn 0.000809600343927741 0.004796845838427544 -0.008736980147659779 
vn 0.0012046560877934098 0.0034862649627029896 -0.009294877760112286 
vn 0.0018735460471361876 0.0039726803079247475 -0.008983742445707321 
vn -0.007558676414191723 0.002103328239172697 -0.006200195290148258 
vn 0.004144893027842045 0.0022738638799637556 -0.0088118901476264 
vn -0.006121999584138393 0.0015880746068432927 -0.007745911367237568 
vn -0.005748466122895479 0.002316391561180353 -0.007847895845770836 
vn -0.00020766617672052234 0.0018892604857683182 -0.009817717596888542 
vn 0.005554480478167534 0.0019321495201438665 -0.008087925612926483 
vn 0.0032500349916517735 0.005544343031942844 -0.007661431562155485 
vn -0.002375970594584942 0.006042740773409605 -0.007605263963341713 
vn -0.0036391946487128735 0.008406085893511772 -0.004011730197817087 
vn -0.009011192247271538 0.0024013137444853783 -0.0036100016441196203 
vn -0.004341900814324617 0.008567795157432556 -0.0027822288684546947 
vn -0.00946161337196827 0.002401313977316022 -0.0021706130355596542 
vn -0.009775928221642971 -0.0015449216589331627 -0.001429842202924192 
vn -0.009577960707247257 -0.002146025188267231 0.0019123904639855027 
vn -0.0018204498337581754 -0.0039726803079247475 0.008994652889668941 
vn -0.008965653367340565 -0.004012742079794407 -0.0018748223083093762 
vn 0.0011108005419373512 0.0031150910072028637 -0.009437283501029015 
vn -0.007909986190497875 0.0011553021613508463 -0.006008111406117678 
vn 0.0011293001007288694 0.0010684558656066656 -0.009878414683043957 
vn -0.007651318795979023 -0.0007203263230621815 -0.006398316007107496 
vn 0.0010723829036578536 0.004835138563066721 -0.008687430061399937 
vn -0.007999580353498459 0.0026128008030354977 -0.0054018511436879635 
vn 0.000809600343927741 0.004796845838427544 -0.008736980147659779 
vn -0.008399497717618942 0.0021886799950152636 -0.004965695086866617 
vn -0.007955762557685375 -0.0052872467786073685 0.002958185039460659 
vn -0.008549687452614307 -0.004604022949934006 0.0023886857088655233 
vn -0.0009790535550564528 -0.007682243827730417 0.0063264984637498856 
vn -0.0009976367000490427 -0.006518534850329161 0.007517540827393532 
vn 0.005247602239251137 -0.005796253215521574 0.006234269589185715 
vn 0.0074484688229858875 -0.005138098727911711 0.004256789106875658 
vn 0.008942189626395702 0.0018033761298283935 -0.004096959251910448 
vn 0.008923179470002651 -0.001111891702748835 -0.004374993499368429 
vn 0.0011108005419373512 0.0031150910072028637 -0.009437283501029015 
vn 0.0011293001007288694 0.0010684558656066656 -0.009878414683043957 
vn 0.009092206135392189 0.002188680227845907 -0.003541391808539629 
vn 0.0010723829036578536 0.004835138563066721 -0.008687430061399937 
vn 0.000809600343927741 0.004796845838427544 -0.008736980147659779 
vn 0.00920264795422554 0.0022738648112863302 -0.003184463130310178 
vn 0.007919642142951488 -0.0024437056854367256 0.005595316644757986 
vn 0.007906578481197357 -0.0024860515259206295 0.005595137365162373 
vn -0.0015228884294629097 -0.004487267229706049 0.008805978111922741 
vn -0.000866737391334027 -0.004132457543164492 0.009064853191375732 
vn -0.009069605730473995 -0.0021033287048339844 0.003649419406428933 
vn -0.009322666563093662 -0.002060592407360673 0.0029735248535871506 
vn 0.002042688662186265 -0.0026970545295625925 -0.009410277009010315 
vn -0.0010543890530243516 0.0004149714077357203 -0.009935595095157623 
vn 0.0002835960767697543 -0.00983208417892456 -0.0018026885809376836 
vn -0.005373138934373856 -0.008429672569036484 0.0002645582426339388 
vn 0.006211564410477877 0.004487267695367336 -0.0064250207506120205 
vn 0.0007916255271993577 -0.00811066571623087 0.005795725155621767 
vn 0.008745083585381508 0.002906765788793564 -0.0038825534284114838 
vn 0.007811257150024176 -0.00290676555596292 0.005525846499949694 
vn 0.007289641536772251 -0.0030735419131815434 0.006116736214607954 
vn 0.008873898535966873 0.001975002232939005 -0.00416572904214263 
vn 0.008816756308078766 0.00115530239418149 -0.00457494193688035 
vn 0.0070257531479001045 -0.0026970519684255123 0.006585187744349241 
vn 0.007094386965036392 -0.005724823568016291 -0.004110482521355152 
vn 0.005577568430453539 -0.006146661937236786 0.0055775693617761135 
vn -0.007955762557685375 -0.0052872467786073685 0.002958185039460659 
vn -0.007909986190497875 0.0011553021613508463 -0.006008111406117678 
vn -0.00892665609717369 -0.0017173533560708165 0.004167195409536362 
vn -0.00693571986630559 0.0053242831490933895 -0.004852606914937496 
vn -0.00910898856818676 -0.0014585242606699467 0.003859926713630557 
vn -0.007133580278605223 0.003852049121633172 -0.005854378920048475 
vn -0.00903649628162384 -0.002358875470235944 0.0035745552740991116 
vn -0.007257497403770685 0.002017816063016653 -0.006577016320079565 
vn -0.0071732038632035255 0.00032764457864686847 -0.00695972703397274 
vn -0.008611539378762245 -0.003321931231766939 0.0038478781934827566 
vn -0.006349863950163126 -0.006811634171754122 0.003644291777163744 
vn -0.004987006075680256 -0.006747397594153881 -0.005440808832645416 
vn -0.007955762557685375 -0.0052872467786073685 0.002958185039460659 
vn -0.00892665609717369 -0.0017173533560708165 0.004167195409536362 
vn -0.0012030474608764052 -0.006875352468341589 0.007161159534007311 
vn -0.0009416022221557796 -0.00641857273876667 0.00761021114885807 
vn 0.007811257150024176 -0.00290676555596292 0.005525846499949694 
vn 0.007289641536772251 -0.0030735419131815434 0.006116736214607954 
vn 0.0007916255271993577 -0.00811066571623087 0.005795725155621767 
vn -0.0009790535550564528 -0.007682243827730417 0.0063264984637498856 
vn 0.005247602239251137 -0.005796253215521574 0.006234269589185715 
vn 0.00445261737331748 -0.0021460242569446564 0.008693031035363674 
vn -0.005373138934373856 -0.008429672569036484 0.0002645582426339388 
vn 0.006956232711672783 -0.005544343497604132 0.004568487871438265 
vn 0.0002835960767697543 -0.00983208417892456 -0.0018026885809376836 
vn -0.00910898856818676 -0.0014585242606699467 0.003859926713630557 
vn -0.00903649628162384 -0.002358875470235944 0.0035745552740991116 
vn -0.0005285987863317132 -0.005471405107527971 0.008353699930012226 
vn -0.0004910056013613939 -0.004604022018611431 0.008863515220582485 
vn 0.0070257531479001045 -0.0026970519684255123 0.006585187744349241 
vn 0.005577568430453539 -0.006146661937236786 0.0055775693617761135 
vn -0.000056658311223145574 -0.007155518978834152 0.006985366344451904 
vn -0.008611539378762245 -0.003321931231766939 0.0038478781934827566 
vn -0.006349863950163126 -0.006811634171754122 0.003644291777163744 
vn 0.004097277298569679 -0.0019750043284147978 -0.008905710652470589 
vn 0.0014475388452410698 -0.0033219335600733757 -0.009320374578237534 
vn 0.005134794861078262 -0.0064185746014118195 -0.005695241969078779 
vn -0.00022677809465676546 -0.0076822456903755665 -0.006397786550223827 
vn -0.0016510381828993559 -0.0047584641724824905 -0.008638928644359112 
vn -0.000018880316929426044 -0.002231295919045806 -0.009747869335114956 
vn -0.004324264358729124 -0.006317509803920984 -0.006433491129428148 
vn -0.004217857029289007 -0.005937784444540739 -0.006852181628346443 
vn -0.0075538563542068005 -0.002017818158492446 -0.006234393455088139 
vn -0.006046014372259378 -0.003156583523377776 -0.0073131173849105835 
vn -0.007175195962190628 0.002864930545911193 -0.006348916795104742 
vn -0.0074794054962694645 0.0038116902578622103 -0.005434106569737196 
vn -0.0018142665503546596 0.008161473087966442 -0.005486236419528723 
vn -0.00318936537951231 0.006007869262248278 -0.00733031053096056 
vn 0.0018392701167613268 0.0007203236455097795 -0.009802970103919506 
vn 0.0022065865341573954 0.007094201166182756 -0.006693525705486536 
vn 0.0034036862198263407 0.000981528777629137 -0.009351551532745361 
vn 0.002633883384987712 0.009646899066865444 -1.571682450851597e-9 
vn -0.004310696851462126 0.009023185819387436 -1.4700656247867983e-9 
vn -0.009294222109019756 0.0036901813000440598 -6.012061404270241e-10 
vn -0.009261542931199074 -0.003771259682253003 -0.00003773759090108797 
vn -0.009991385973989964 0.0004149730084463954 -6.760575432807059e-11 
vn -0.007212918251752853 -0.00080745859304443 -0.006879085209220648 
vn -0.0005095351370982826 -0.0018892636289820075 -0.009806684218347073 
vn 0.004139849450439215 -0.004565193317830563 -0.007875319570302963 
vn -0.0002592056698631495 -0.009996564127504826 -0.00003906733763869852 
vn 0.00602532085031271 -0.007980946451425552 1.3002638965531332e-9 
vn 0.007668240461498499 -0.006418573670089245 1.045720510184367e-9 
vn 0.0018392701167613268 0.0007203236455097795 -0.009802970103919506 
vn 0.0017587461043149233 0.008285757154226303 -0.005315359216183424 
vn -0.0018142665503546596 0.008161473087966442 -0.005486236419528723 
vn -0.006488003768026829 0.003932544961571693 -0.006514667998999357 
vn -0.0074794054962694645 0.0038116902578622103 -0.005434106569737196 
vn -0.007288200780749321 -0.002188681857660413 -0.006487819366157055 
vn -0.0075538563542068005 -0.002017818158492446 -0.006234393455088139 
vn -0.004541380330920219 -0.0073952823877334595 -0.004968466702848673 
vn -0.004324264358729124 -0.006317509803920984 -0.006433491129428148 
vn -0.000018880316929426044 -0.002231295919045806 -0.009747869335114956 
vn 0.001166852773167193 0.0008074558572843671 -0.00989881157875061 
vn 0.0005467963637784123 0.0009380364790558815 -0.009940880350768566 
vn 0.008583973161876202 -0.0015017383266240358 -0.004905118606984615 
vn 0.008314676582813263 -0.000021847847165190615 -0.005555689334869385 
vn 0.009886596351861954 -0.001501737511716783 2.44664594140076e-10 
vn 0.009963723830878735 -0.0008510008337907493 1.3864591419388006e-10 
vn 0.008314676582813263 -0.000021846037270734087 0.005555689334869385 
vn 0.008583973161876202 -0.0015017366968095303 0.004905119072645903 
vn 0.008351927623152733 0.0003276448405813426 -0.0054898033849895 
vn 0.00045287172542884946 0.00019660833640955389 -0.009987805038690567 
vn 0.00865914672613144 0.0023163920268416405 -0.004433228634297848 
vn 0.00831419974565506 -0.00010923352238023654 -0.005555370822548866 
vn 0.007706447970122099 0.004796846304088831 -0.004195345565676689 
vn 0.007933622226119041 0.0033631117548793554 -0.005074162036180496 
vn 0.007616741117089987 0.00593778258189559 -0.00259383674710989 
vn 0.004322662949562073 0.00803329423069954 -0.00409643305465579 
vn 0.007837620563805103 0.002103328239172697 -0.0058436039835214615 
vn 0.0017242952017113566 0.005100563634186983 -0.008426805958151817 
vn -0.004341900814324617 0.008567795157432556 -0.0027822288684546947 
vn -0.0062396712601184845 0.006112138275057077 -0.004869114141911268 
vn 0.009991385973989964 0.0004149730084463954 -6.760781517956005e-11 
vn 0.008601409383118153 0.005100565031170845 -8.309891663671465e-10 
vn 0.008533813059329987 0.005212872754782438 -8.492864189690863e-10 
vn 0.009593249298632145 0.002823041984811425 -4.599328140564296e-10 
vn 0.009994630701839924 -0.0003276457136962563 5.33803695690338e-11 
vn 0.008351927623152733 0.00032764661591500044 0.0054898033849895 
vn 0.0005467963637784123 0.0009380396804772317 0.009940879419445992 
vn 0.00045287172542884946 0.00019661159603856504 0.009987805038690567 
vn 0.00865914672613144 0.0023163934238255024 0.004433227702975273 
vn 0.007706447970122099 0.004796847701072693 0.004195344168692827 
vn 0.001166852773167193 0.0008074591169133782 0.00989881157875061 
vn 0.00831419974565506 -0.0001092317106667906 0.005555371288210154 
vn 0.007933622226119041 0.003363113384693861 0.005074160639196634 
vn 0.007616741117089987 0.0059377835132181644 0.0025938348844647408 
vn 0.004322662949562073 0.008033296093344688 0.0040964302606880665 
vn 0.007837620563805103 0.00210333033464849 0.005843603052198887 
vn 0.0017242952017113566 0.005100566428154707 0.008426804095506668 
vn -0.004341900814324617 0.008567795157432556 0.002782226074486971 
vn -0.0062396712601184845 0.006112140137702227 0.004869111813604832 
vn -0.004341900814324617 0.008567795157432556 0.002782226074486971 
vn 0.004322662949562073 0.008033296093344688 0.0040964302606880665 
vn -0.0036391946487128735 0.008406086824834347 0.004011727403849363 
vn 0.005080692004412413 0.00756918964907527 0.004110222682356834 
vn -0.002375970594584942 0.006042743567377329 0.007605262100696564 
vn 0.007933622226119041 0.003363113384693861 0.005074160639196634 
vn 0.009991385973989964 0.0004149730084463954 -6.760781517956005e-11 
vn 0.007837620563805103 0.00210333033464849 0.005843603052198887 
vn 0.007668240461498499 -0.006418573670089245 1.045720510184367e-9 
vn 0.004139849450439215 -0.004565190989524126 0.007875321432948112 
vn 0.0017242952017113566 0.005100566428154707 0.008426804095506668 
vn -0.0005095351370982826 -0.0018892604857683182 0.009806685149669647 
vn -0.0062396712601184845 0.006112140137702227 0.004869111813604832 
vn -0.007212918251752853 -0.0008074563811533153 0.006879085209220648 
vn -0.008322188630700111 0.005544343963265419 0.000037726524169556797 
vn -0.009991385973989964 0.0004149730084463954 -6.760575432807059e-11 
vn -0.007212918251752853 -0.00080745859304443 -0.006879085209220648 
vn -0.0062396712601184845 0.006112138275057077 -0.004869114141911268 
vn -0.0005095351370982826 -0.0018892636289820075 -0.009806684218347073 
vn 0.0017242952017113566 0.005100563634186983 -0.008426805958151817 
vn 0.004139849450439215 -0.004565193317830563 -0.007875319570302963 
vn 0.007837620563805103 0.002103328239172697 -0.0058436039835214615 
vn 0.007668240461498499 -0.006418573670089245 1.045720510184367e-9 
vn 0.009991385973989964 0.0004149730084463954 -6.760781517956005e-11 
vn -0.0003777786623686552 -0.006551610305905342 -0.007545441389083862 
vn -0.004241295158863068 -0.00006554188439622521 -0.00905577838420868 
vn -0.002982031088322401 -0.00635131960734725 -0.007125183008611202 
vn -0.008632478304207325 0.0002402925892965868 -0.005042080767452717 
vn -0.006282083224505186 -0.006747397128492594 -0.003874023910611868 
vn -0.009942224249243736 0.0007638987735845149 0.0007540774531662464 
vn -0.007417869754135609 -0.006650073919445276 0.0008670256938785315 
vn -0.007644273806363344 0.0013720180140808225 0.006299416068941355 
vn -0.005894216243177652 -0.006007869727909565 0.005400343798100948 
vn -0.0025932136923074722 0.0018892636289820075 0.009471321478486061 
vn -0.0020201781298965216 -0.005398050416260958 0.008171899244189262 
vn -0.0027788206934928894 -0.005580652970820665 0.007818853482604027 
vn -0.006976095959544182 -0.004949461203068495 0.00518043665215373 
vn -0.0087629035115242 -0.004758462309837341 0.0007540249498561025 
vn -0.0075693936087191105 -0.0053242845460772514 -0.003788967151194811 
vn -0.003911410458385944 -0.006283579394221306 -0.006724395789206028 
vn -0.00009437007975066081 0.0005459008389152586 -0.009984642267227173 
vn 0.0005660203751176596 -0.006584557704627514 -0.007504879962652922 
vn 0.003186344401910901 0.006077500060200691 0.007274008821696043 
vn 0.0035856333561241627 0.005100566428154707 0.007818404585123062 
vn 0.0017624103929847479 -0.005507926922291517 0.008158226497471333 
vn 0.0006035057594999671 0.002401315839961171 0.009688625112175941 
vn -0.0025932136923074722 0.0018892636289820075 0.009471321478486061 
vn -0.0020201781298965216 -0.005398050416260958 0.008171899244189262 
vn 0.000037761124985991046 -0.006181068252772093 0.007860850542783737 
vn 0.0028160945512354374 -0.005324282683432102 0.007982582785189152 
vn -0.0027788206934928894 -0.005580652970820665 0.007818853482604027 
vn 0.0022027597296983004 -0.005507929250597954 -0.008050501346588135 
vn 0.006187860853970051 -0.005398052744567394 -0.005707136821001768 
vn -0.00009526245412416756 -0.009953834116458893 -0.0009550455142743886 
vn 0.00009349584433948621 -0.00999389123171568 -0.00033673999132588506 
vn -0.0003777786623686552 -0.006551610305905342 -0.007545441389083862 
vn -0.0005929910694248974 -0.009965559467673302 -0.0005796412588097155 
vn -0.002982031088322401 -0.00635131960734725 -0.007125183008611202 
vn -0.006282083224505186 -0.006747397128492594 -0.003874023910611868 
vn -0.0005819060606881976 -0.009972425177693367 0.0004605644498951733 
vn -0.007417869754135609 -0.006650073919445276 0.0008670256938785315 
vn -0.0020201781298965216 -0.005398050416260958 0.008171899244189262 
vn -0.005894216243177652 -0.006007869727909565 0.005400343798100948 
vn 0.000037761124985991046 -0.006181068252772093 0.007860850542783737 
vn 0.00003808135079452768 -0.009978529997169971 0.0006538332090713084 
vn 0.006932270713150501 -0.005831803660839796 0.004234818741679192 
vn 0.008003384806215763 -0.005937783047556877 -0.0008297907770611346 
vn 0.0028160945512354374 -0.005324282683432102 0.007982582785189152 
vn 0.0005660203751176596 -0.006584557704627514 -0.007504879962652922 
vn 0.003303207689896226 0.003771258285269141 -0.008652538992464542 
vn -0.00009437007975066081 0.0005459008389152586 -0.009984642267227173 
vn 0.0030875515658408403 0.004409001208841801 -0.008427795022726059 
vn -0.0003777786623686552 -0.006551610305905342 -0.007545441389083862 
vn 0.0022027597296983004 -0.005507929250597954 -0.008050501346588135 
vn 0.007094386965036392 -0.005724822171032429 0.004110484384000301 
vn 0.008816756308078766 0.0011553039075806737 0.004574941471219063 
vn 0.000735961482860148 -0.007124927826225758 0.006978091783821583 
vn 0.0004902848741039634 0.002316394355148077 0.009715654887259007 
vn -0.004987006075680256 -0.006747395731508732 0.0054408106952905655 
vn -0.0071732038632035255 0.0003276468487456441 0.006959726568311453 
vn 0.00050905323587358 0.003404230810701847 0.009388933889567852 
vn -0.007257497403770685 0.002017818158492446 0.006577015854418278 
vn 0.0005091808270663023 0.004604024812579155 0.008862487971782684 
vn -0.007133580278605223 0.0038520509842783213 0.005854377523064613 
vn 0.0005464675487019122 0.006146664265543222 0.007868919521570206 
vn -0.00693571986630559 0.0053242845460772514 0.004852605052292347 
vn 0.0011108005419373512 0.003115094034001231 0.00943728256970644 
vn -0.007909986190497875 0.0011553041404113173 0.00600811094045639 
vn 0.008873898535966873 0.001975003629922867 0.004165728576481342 
vn 0.008745083585381508 0.0029067671857774258 0.003882552497088909 
vn 0.006211564410477877 0.0044872695580124855 0.006425019353628159 
vn 0.008942189626395702 0.0018033775268122554 0.004096958786249161 
vn -0.0010543890530243516 0.000414974638260901 0.009935595095157623 
vn 0.007833494804799557 0.0062153576873242855 -0.00007537745841545984 
vn 0.002042688662186265 -0.002697051502764225 0.00941027794033289 
vn 0.009075354784727097 0.002654953161254525 0.003254098817706108 
vn 0.005577568430453539 -0.006146663799881935 -0.005577567499130964 
vn -0.000056658311223145574 -0.007155521307140589 -0.006985364016145468 
vn 0.007094386965036392 -0.005724822171032429 0.004110484384000301 
vn -0.006349863950163126 -0.006811635568737984 -0.0036442894488573074 
vn 0.000735961482860148 -0.007124927826225758 0.006978091783821583 
vn -0.004987006075680256 -0.006747395731508732 0.0054408106952905655 
vn 0.008942189626395702 0.0018033775268122554 0.004096958786249161 
vn 0.005247602239251137 -0.005796255078166723 -0.0062342677265405655 
vn 0.007833494804799557 0.0062153576873242855 -0.00007537745841545984 
vn 0.00445261737331748 -0.0021460270509123802 -0.0086930301040411 
vn 0.009075354784727097 0.002654953161254525 0.003254098817706108 
vn 0.006956232711672783 -0.005544344894587994 -0.004568486008793116 
vn 0.002042688662186265 -0.002697051502764225 0.00941027794033289 
vn 0.0002835960767697543 -0.00983208417892456 0.001802691724151373 
vn 0.0017624103929847479 -0.005507926922291517 0.008158226497471333 
vn 0.00745802465826273 -0.004487267695367336 0.004923646803945303 
vn 0.003186344401910901 0.006077500060200691 0.007274008821696043 
vn 0.004828486125916243 0.008382340893149376 0.0025341836735606194 
vn 0.0035856333561241627 0.005100566428154707 0.007818404585123062 
vn 0.007208119612187147 0.005724823568016291 0.003907609265297651 
vn 0.0028160945512354374 -0.005324282683432102 0.007982582785189152 
vn 0.006932270713150501 -0.005831803660839796 0.004234818741679192 
vn 0.008220956660807133 0.005652954336255789 -0.0006782205891795456 
vn 0.008003384806215763 -0.005937783047556877 -0.0008297907770611346 
vn 0.008878341875970364 -0.004526273813098669 -0.0008293898426927626 
vn 0.005159256514161825 0.008545180782675743 -0.0006016266997903585 
vn 0.005911392159759998 -0.005544345360249281 -0.005857958924025297 
vn 0.004885814618319273 0.007569188252091408 -0.004340069368481636 
vn 0.0005660203751176596 -0.006584557704627514 -0.007504879962652922 
vn 0.003303207689896226 0.003771258285269141 -0.008652538992464542 
vn 0.00643584132194519 0.00576059240847826 -0.005039396695792675 
vn 0.006187860853970051 -0.005398052744567394 -0.005707136821001768 
vn 0.0030875515658408403 0.004409001208841801 -0.008427795022726059 
vn 0.0022027597296983004 -0.005507929250597954 -0.008050501346588135 
vn -0.004541380330920219 -0.0073952809907495975 0.004968469031155109 
vn -0.000018880316929426044 -0.0022312926594167948 0.00974787026643753 
vn -0.007288200780749321 -0.00218867976218462 0.006487819831818342 
vn 0.0018392701167613268 0.0007203268469311297 0.009802969172596931 
vn 0.0017587461043149233 0.008285759016871452 0.0053153568878769875 
vn -0.006488003768026829 0.00393254728987813 0.006514666602015495 
vn -0.004341900814324617 0.008567795157432556 -0.0027822288684546947 
vn -0.0036391946487128735 0.008406085893511772 -0.004011730197817087 
vn 0.004322662949562073 0.00803329423069954 -0.00409643305465579 
vn 0.005080692004412413 0.007569188252091408 -0.004110225010663271 
vn 0.007933622226119041 0.0033631117548793554 -0.005074162036180496 
vn -0.002375970594584942 0.006042740773409605 -0.007605263963341713 
vn -0.0020201781298965216 -0.0053980532102286816 -0.008171897381544113 
vn -0.005894216243177652 -0.006007871124893427 -0.005400341935455799 
vn -0.0025932136923074722 0.0018892604857683182 -0.009471322409808636 
vn -0.007644273806363344 0.0013720159186050296 -0.006299416534602642 
vn -0.0027788206934928894 -0.005580655299127102 -0.007818851619958878 
vn -0.006976095959544182 -0.004949463065713644 -0.005180434789508581 
vn -0.009942224249243736 0.0007638985407538712 -0.0007540776859968901 
vn -0.0087629035115242 -0.004758462775498629 -0.0007540233782492578 
vn -0.008632478304207325 0.00024029423366300762 0.005042080767452717 
vn -0.0075693936087191105 -0.0053242831490933895 0.0037889687810093164 
vn -0.004241295158863068 -0.00006553893035743386 0.00905577838420868 
vn -0.002982031088322401 -0.0063513172790408134 0.0071251848712563515 
vn -0.0003777786623686552 -0.0065516079775989056 0.007545443717390299 
vn -0.00009437007975066081 0.0005459040985442698 0.009984642267227173 
vn -0.003911410458385944 -0.006283577065914869 0.0067243981175124645 
vn 0.0005660203751176596 -0.006584555376321077 0.007504882290959358 
vn -0.006282083224505186 -0.006747395731508732 0.0038740262389183044 
vn -0.007417869754135609 -0.006650074385106564 -0.0008670234819874167 
vn -0.0027788206934928894 -0.005580655299127102 -0.007818851619958878 
vn 0.0017624103929847479 -0.005507929250597954 -0.008158224634826183 
vn -0.0025932136923074722 0.0018892604857683182 -0.009471322409808636 
vn 0.0006035057594999671 0.0024013128131628036 -0.009688626043498516 
vn -0.0020201781298965216 -0.0053980532102286816 -0.008171897381544113 
vn 0.000037761124985991046 -0.006181071046739817 -0.007860848680138588 
vn 0.0028160945512354374 -0.005324285011738539 -0.007982580922544003 
vn 0.0035856333561241627 0.005100563634186983 -0.007818406447768211 
vn 0.003186344401910901 0.006077497731894255 -0.007274010684341192 
vn 0.0022027597296983004 -0.005507926922291517 0.008050503209233284 
vn 0.006187860853970051 -0.005398050881922245 0.005707138683646917 
vn -0.00009526245412416756 -0.009953834116458893 0.0009550487739033997 
vn 0.00009349584433948621 -0.00999389123171568 0.0003367432509548962 
vn -0.0003777786623686552 -0.0065516079775989056 0.007545443717390299 
vn -0.0005929910694248974 -0.009965559467673302 0.0005796445184387267 
vn -0.002982031088322401 -0.0063513172790408134 0.0071251848712563515 
vn -0.006282083224505186 -0.006747395731508732 0.0038740262389183044 
vn -0.0005819060606881976 -0.009972425177693367 -0.00046056119026616216 
vn -0.007417869754135609 -0.006650074385106564 -0.0008670234819874167 
vn -0.0020201781298965216 -0.0053980532102286816 -0.008171897381544113 
vn -0.005894216243177652 -0.006007871124893427 -0.005400341935455799 
vn 0.008003384806215763 -0.005937783047556877 0.0008297926979139447 
vn 0.00003808135079452768 -0.009978529997169971 -0.0006538299494422972 
vn 0.006932270713150501 -0.005831805057823658 -0.004234816879034042 
vn 0.000037761124985991046 -0.006181071046739817 -0.007860848680138588 
vn 0.0028160945512354374 -0.005324285011738539 -0.007982580922544003 
vn 0.0005660203751176596 -0.006584555376321077 0.007504882290959358 
vn -0.00009437007975066081 0.0005459040985442698 0.009984642267227173 
vn 0.003303207689896226 0.003771261079236865 0.008652537129819393 
vn 0.0030875515658408403 0.0044090040028095245 0.008427794091403484 
vn -0.0003777786623686552 -0.0065516079775989056 0.007545443717390299 
vn 0.0022027597296983004 -0.005507926922291517 0.008050503209233284 
vn 0.007094386965036392 -0.005724823568016291 -0.004110482521355152 
vn 0.008816756308078766 0.00115530239418149 -0.00457494193688035 
vn 0.000735961482860148 -0.007124930154532194 -0.006978089455515146 
vn 0.0004902848741039634 0.0023163913283497095 -0.009715654887259007 
vn -0.004987006075680256 -0.006747397594153881 -0.005440808832645416 
vn -0.0071732038632035255 0.00032764457864686847 -0.00695972703397274 
vn 0.00050905323587358 0.0034042277839034796 -0.009388934820890427 
vn -0.007257497403770685 0.002017816063016653 -0.006577016320079565 
vn 0.0005091808270663023 0.004604022018611431 -0.008862488903105259 
vn -0.007133580278605223 0.003852049121633172 -0.005854378920048475 
vn 0.0005464675487019122 0.006146661471575499 -0.007868921384215355 
vn -0.00693571986630559 0.0053242831490933895 -0.004852606914937496 
vn 0.0011108005419373512 0.0031150910072028637 -0.009437283501029015 
vn -0.007909986190497875 0.0011553021613508463 -0.006008111406117678 
vn 0.008873898535966873 0.001975002232939005 -0.00416572904214263 
vn 0.008745083585381508 0.002906765788793564 -0.0038825534284114838 
vn 0.006211564410477877 0.004487267695367336 -0.0064250207506120205 
vn 0.008942189626395702 0.0018033761298283935 -0.004096959251910448 
vn -0.0010543890530243516 0.0004149714077357203 -0.009935595095157623 
vn 0.007833494804799557 0.0062153576873242855 0.0000753754356992431 
vn 0.002042688662186265 -0.0026970545295625925 -0.009410277009010315 
vn 0.009075354784727097 0.0026549522299319506 -0.003254099516198039 
vn 0.005577568430453539 -0.006146661937236786 0.0055775693617761135 
vn -0.000056658311223145574 -0.007155518978834152 0.006985366344451904 
vn 0.007094386965036392 -0.005724823568016291 -0.004110482521355152 
vn -0.006349863950163126 -0.006811634171754122 0.003644291777163744 
vn 0.000735961482860148 -0.007124930154532194 -0.006978089455515146 
vn -0.004987006075680256 -0.006747397594153881 -0.005440808832645416 
vn 0.008942189626395702 0.0018033761298283935 -0.004096959251910448 
vn 0.005247602239251137 -0.005796253215521574 0.006234269589185715 
vn 0.007833494804799557 0.0062153576873242855 0.0000753754356992431 
vn 0.00445261737331748 -0.0021460242569446564 0.008693031035363674 
vn 0.009075354784727097 0.0026549522299319506 -0.003254099516198039 
vn 0.006956232711672783 -0.005544343497604132 0.004568487871438265 
vn 0.002042688662186265 -0.0026970545295625925 -0.009410277009010315 
vn 0.0002835960767697543 -0.00983208417892456 -0.0018026885809376836 
vn 0.0017624103929847479 -0.005507929250597954 -0.008158224634826183 
vn 0.00745802465826273 -0.0044872695580124855 -0.004923644941300154 
vn 0.003186344401910901 0.006077497731894255 -0.007274010684341192 
vn 0.004828486125916243 0.008382339961826801 -0.002534186467528343 
vn 0.0035856333561241627 0.005100563634186983 -0.007818406447768211 
vn 0.007208119612187147 0.005724822171032429 -0.0039076111279428005 
vn 0.0028160945512354374 -0.005324285011738539 -0.007982580922544003 
vn 0.006932270713150501 -0.005831805057823658 -0.004234816879034042 
vn 0.008220956660807133 0.005652954801917076 0.0006782187265343964 
vn 0.008003384806215763 -0.005937783047556877 0.0008297926979139447 
vn 0.008878341875970364 -0.004526273347437382 0.0008293912978842854 
vn 0.005159256514161825 0.008545181713998318 0.0006016239640302956 
vn 0.005911392159759998 -0.005544343031942844 0.005857960786670446 
vn 0.004885814618319273 0.00756918964907527 0.0043400670401751995 
vn 0.0005660203751176596 -0.006584555376321077 0.007504882290959358 
vn 0.003303207689896226 0.003771261079236865 0.008652537129819393 
vn 0.00643584132194519 0.005760594271123409 0.005039394833147526 
vn 0.006187860853970051 -0.005398050881922245 0.005707138683646917 
vn 0.0030875515658408403 0.0044090040028095245 0.008427794091403484 
vn 0.0022027597296983004 -0.005507926922291517 0.008050503209233284 
vn -0.004541380330920219 -0.0073952823877334595 -0.004968466702848673 
vn -0.000018880316929426044 -0.002231295919045806 -0.009747869335114956 
vn -0.007288200780749321 -0.002188681857660413 -0.006487819366157055 
vn 0.0018392701167613268 0.0007203236455097795 -0.009802970103919506 
vn 0.0017587461043149233 0.008285757154226303 -0.005315359216183424 
vn -0.006488003768026829 0.003932544961571693 -0.006514667998999357 
vn -0.007700712885707617 0.006077498663216829 -0.0019398557487875223 
vn -0.001558160874992609 0.009395264089107513 -0.003049778053537011 
vn -0.007681957446038723 0.000021845899027539417 -0.006402113009244204 
vn -0.001504641491919756 -0.00002184855293307919 -0.009886130690574646 
vn -0.007699259556829929 -0.006077499128878117 -0.0019456117879599333 
vn -0.0015126174548640847 -0.009395265020430088 -0.003072617808356881 
vn 0.0014118846738711 -0.009410140104591846 -0.003075037617236376 
vn 0.0014299401082098484 -0.000021848554752068594 -0.009897211566567421 
vn 0.001436620601452887 0.009410139173269272 -0.003063562326133251 
vn 0.0014118846738711 -0.009410140104591846 -0.003075037617236376 
vn -0.0015126174548640847 -0.009395265020430088 -0.003072617808356881 
vn 0.0014271390391513705 -0.005831803195178509 0.00799708440899849 
vn -0.0015388056635856628 -0.005796252749860287 0.008002219721674919 
vn -0.007688062731176615 -0.0037307552993297577 0.005193761084228754 
vn -0.007699259556829929 -0.006077499128878117 -0.0019456117879599333 
vn 0.0014271390391513705 -0.005831803195178509 0.00799708440899849 
vn -0.0015388056635856628 -0.005796252749860287 0.008002219721674919 
vn 0.001443604938685894 0.005831805523484945 0.007994125597178936 
vn -0.0015180492773652077 0.0057962555438280106 0.008006181567907333 
vn -0.0077130733989179134 0.0037307569291442633 0.005156544502824545 
vn -0.007688062731176615 -0.0037307552993297577 0.005193761084228754 
vn 0.001443604938685894 0.005831805523484945 0.007994125597178936 
vn -0.0015180492773652077 0.0057962555438280106 0.008006181567907333 
vn 0.001436620601452887 0.009410139173269272 -0.003063562326133251 
vn -0.001558160874992609 0.009395264089107513 -0.003049778053537011 
vn -0.007700712885707617 0.006077498663216829 -0.0019398557487875223 
vn -0.0077130733989179134 0.0037307569291442633 0.005156544502824545 
vn 0.004139849450439215 -0.004565193317830563 -0.007875319570302963 
vn 0.007668240461498499 -0.006418573670089245 1.045720510184367e-9 
vn -0.0005095351370982826 -0.0018892636289820075 -0.009806684218347073 
vn -0.007212918251752853 -0.00080745859304443 -0.006879085209220648 
vn -0.009991385973989964 0.0004149730084463954 -6.760575432807059e-11 
vn -0.007212918251752853 -0.0008074563811533153 0.006879085209220648 
vn -0.0005095351370982826 -0.0018892604857683182 0.009806685149669647 
vn 0.004139849450439215 -0.004565190989524126 0.007875321432948112 
vn -0.0077130733989179134 0.0037307569291442633 0.005156544502824545 
vn -0.007688062731176615 -0.0037307552993297577 0.005193761084228754 
vn -0.007700712885707617 0.006077498663216829 -0.0019398557487875223 
vn -0.007699259556829929 -0.006077499128878117 -0.0019456117879599333 
vn -0.007681957446038723 0.000021845899027539417 -0.006402113009244204 
vt 0.5334336757659912 0.5062577128410339 
vt 0.516729474067688 0.4673623740673065 
vt 0.560757040977478 0.4711686372756958 
vt 0.5293769836425781 0.43489012122154236 
vt 0.5452460050582886 0.4109819531440735 
vt 0.44084447622299194 0.5332584381103516 
vt 0.4302253723144531 0.5048303604125977 
vt 0.35839712619781494 0.555025577545166 
vt 0.35135748982429504 0.5339721441268921 
vt 0.3393065631389618 0.5622812509536743 
vt 0.34264740347862244 0.5387299656867981 
vt 0.3307158052921295 0.5452719926834106 
vt 0.3434826135635376 0.5143460631370544 
vt 0.31806832551956177 0.5255269408226013 
vt 0.33560776710510254 0.49567151069641113 
vt 0.3066139817237854 0.5111345052719116 
vt 0.41686198115348816 0.4796138107776642 
vt 0.49155378341674805 0.44940152764320374 
vt 0.4997865855693817 0.423828125 
vt 0.5151783227920532 0.39135587215423584 
vt 0.5432175993919373 0.38980957865715027 
vt 0.5716148018836975 0.38754960894584656 
vt 0.5911826491355896 0.4413132071495056 
vt 0.5687512159347534 0.35329315066337585 
vt 0.541308581829071 0.35329315066337585 
vt 0.5432175993919373 0.31677672266960144 
vt 0.5716148018836975 0.31903672218322754 
vt 0.5452460050582886 0.2956043481826782 
vt 0.560757040977478 0.2354176789522171 
vt 0.5911826491355896 0.2652731239795685 
vt 0.4015895128250122 0.45844143629074097 
vt 0.46971896290779114 0.4235902428627014 
vt 0.5335530042648315 0.20032860338687897 
vt 0.516729474067688 0.23922394216060638 
vt 0.5293769836425781 0.27169620990753174 
vt 0.49155378341674805 0.25718480348587036 
vt 0.4302253723144531 0.20175595581531525 
vt 0.4169812798500061 0.22697250545024872 
vt 0.35135748982429504 0.172614187002182 
vt 0.3585164546966553 0.1514417976140976 
vt 0.3393065631389618 0.1443050354719162 
vt 0.34276673197746277 0.1678563505411148 
vt 0.33083513379096985 0.16131430864334106 
vt 0.3434826135635376 0.19224026799201965 
vt 0.31806832551956177 0.1810593456029892 
vt 0.33572709560394287 0.21091479063034058 
vt 0.30673331022262573 0.19545181095600128 
vt 0.44084447622299194 0.17332786321640015 
vt 0.4015895128250122 0.24802595376968384 
vt 0.4698382616043091 0.2829960584640503 
vt 0.4997865855693817 0.2827581763267517 
vt 0.5151783227920532 0.3151114881038666 
vt 0.5123147964477539 0.35329315066337585 
vt 0.496565043926239 0.38267281651496887 
vt 0.48582661151885986 0.3968273997306824 
vt 0.4647076725959778 0.3630467355251312 
vt 0.4946559965610504 0.35329315066337585 
vt 0.496565043926239 0.32391348481178284 
vt 0.48582661151885986 0.3097589313983917 
vt 0.4647076725959778 0.34353959560394287 
vt 0.4647076725959778 0.35329315066337585 
vt 0.4154301881790161 0.36292779445648193 
vt 0.4153108596801758 0.35329315066337585 
vt 0.4154301881790161 0.34365853667259216 
vt 0.4342820942401886 0.306190550327301 
vt 0.38500460982322693 0.26788991689682007 
vt 0.32665908336639404 0.22923247516155243 
vt 0.4008736312389374 0.32272404432296753 
vt 0.3666299283504486 0.2898949384689331 
vt 0.31544336676597595 0.24778805673122406 
vt 0.29683005809783936 0.2377965897321701 
vt 0.2957562208175659 0.21020111441612244 
vt 0.2828701138496399 0.23042194545269012 
vt 0.5954779982566833 0.3454427123069763 
vt 0.6118243336677551 0.3779149651527405 
vt 0.6427271366119385 0.3254598081111908 
vt 0.6741072535514832 0.35115212202072144 
vt 0.6739879250526428 0.42763441801071167 
vt 0.716225802898407 0.4271586239337921 
vt 0.6806696653366089 0.4772348999977112 
vt 0.716225802898407 0.4744991362094879 
vt 0.7517820000648499 0.4772348999977112 
vt 0.7584636807441711 0.42763441801071167 
vt 0.813468337059021 0.491508424282074 
vt 0.8137069940567017 0.43167856335639954 
vt 0.8206273317337036 0.3779149651527405 
vt 0.7583443522453308 0.35115212202072144 
vt 0.716225802898407 0.35222265124320984 
vt 0.6780446767807007 0.3160630464553833 
vt 0.6492895483970642 0.2947717308998108 
vt 0.681624174118042 0.2959611713886261 
vt 0.716225802898407 0.31665778160095215 
vt 0.7544069290161133 0.3160630464553833 
vt 0.7897244691848755 0.3254598081111908 
vt 0.8369736075401306 0.3454427123069763 
vt 0.6187446117401123 0.43167856335639954 
vt 0.618983268737793 0.491508424282074 
vt 0.7831621170043945 0.2947717308998108 
vt 0.750827431678772 0.2959611713886261 
vt 0.7453389167785645 0.26896044611930847 
vt 0.7817302942276001 0.26336997747421265 
vt 0.7337652444839478 0.23969972133636475 
vt 0.716225802898407 0.2688415050506592 
vt 0.716225802898407 0.24005655944347382 
vt 0.6986863613128662 0.23969972133636475 
vt 0.6871126890182495 0.26896044611930847 
vt 0.6506019830703735 0.26336997747421265 
vt 0.716225802898407 0.2967938184738159 
vt 0.10699831694364548 0.2593258321285248 
vt 0.14219653606414795 0.25480586290359497 
vt 0.13909432291984558 0.2983401119709015 
vt 0.1744118630886078 0.2795466482639313 
vt 0.14386695623397827 0.22744828462600708 
vt 0.10902668535709381 0.22744828462600708 
vt 0.08146469295024872 0.2734803855419159 
vt 0.11117437481880188 0.3184419870376587 
vt 0.20722375810146332 0.3454427123069763 
vt 0.23013243079185486 0.32867133617401123 
vt 0.25638195872306824 0.31427887082099915 
vt 0.21855877339839935 0.26693835854530334 
vt 0.2045987993478775 0.23827236890792847 
vt 0.2045987993478775 0.22744828462600708 
vt 0.2575750946998596 0.2367260754108429 
vt 0.2568592131137848 0.22744828462600708 
vt 0.25805237889289856 0.2627752423286438 
vt 0.2832280397415161 0.3006000816822052 
vt 0.3166365325450897 0.3574562668800354 
vt 0.2975459694862366 0.3691129684448242 
vt 0.32498863339424133 0.3761307895183563 
vt 0.3152047395706177 0.3977789580821991 
vt 0.331670343875885 0.38980957865715027 
vt 0.2802451550960541 0.3831486105918884 
vt 0.2659272253513336 0.3988494873046875 
vt 0.2989777624607086 0.4057483375072479 
vt 0.2835859954357147 0.41490718722343445 
vt 0.2539956271648407 0.41609665751457214 
vt 0.27081918716430664 0.4272775650024414 
vt 0.26151254773139954 0.44309738278388977 
vt 0.24337650835514069 0.43512800335884094 
vt 0.17035511136054993 0.39088010787963867 
vt 0.18741729855537415 0.36625826358795166 
vt 0.08898159861564636 0.3406848907470703 
vt 0.04817552864551544 0.3279576599597931 
vt 0.011426200158894062 0.30963999032974243 
vt 0.03170992061495781 0.25992053747177124 
vt 0.08361238241195679 0.22744828462600708 
vt 0.03182923421263695 0.22744828462600708 
vt 0.03170992061495781 0.19497603178024292 
vt 0.08146469295024872 0.18129724264144897 
vt 0.011426200158894062 0.14513765275478363 
vt 0.04817552864551544 0.12681996822357178 
vt 0.08898159861564636 0.11409275233745575 
vt 0.11117437481880188 0.13645459711551666 
vt 0.18741729855537415 0.0886383056640625 
vt 0.17035511136054993 0.06389754265546799 
vt 0.2539956271648407 0.03868098929524422 
vt 0.24349582195281982 0.019649628549814224 
vt 0.26151254773139954 0.011680246330797672 
vt 0.2709384858608246 0.027500063180923462 
vt 0.28370532393455505 0.03987044841051102 
vt 0.2659272253513336 0.05592815950512886 
vt 0.2989777624607086 0.049148235470056534 
vt 0.20734307169914246 0.10933490842580795 
vt 0.13909432291984558 0.15655647218227386 
vt 0.10699831694364548 0.19545181095600128 
vt 0.14219653606414795 0.1999717652797699 
vt 0.2045987993478775 0.2166242003440857 
vt 0.2575750946998596 0.21817050874233246 
vt 0.25805237889289856 0.19212132692337036 
vt 0.21855877339839935 0.18795821070671082 
vt 0.28334736824035645 0.15429650247097015 
vt 0.1744118630886078 0.17534993588924408 
vt 0.25638195872306824 0.1406177133321762 
vt 0.31675583124160767 0.09744030982255936 
vt 0.2976652979850769 0.08566465973854065 
vt 0.32510796189308167 0.07876578718423843 
vt 0.3153240382671356 0.05699867382645607 
vt 0.33178967237472534 0.0649680569767952 
vt 0.280364453792572 0.07174797356128693 
vt 0.23013243079185486 0.12622524797916412 
vt 0.2828701138496399 0.4760454297065735 
vt 0.2967107594013214 0.4687897264957428 
vt 0.2957562208175659 0.4963851869106293 
vt 0.32665908336639404 0.4773538410663605 
vt 0.38500460982322693 0.43869638442993164 
vt 0.3666299283504486 0.4165724217891693 
vt 0.4008736312389374 0.38386228680610657 
vt 0.4342820942401886 0.40039578080177307 
vt 0.31544336676597595 0.45879825949668884 
vt 0.7993890643119812 0.5126807689666748 
vt 0.7989118099212646 0.5238617062568665 
vt 0.7780315279960632 0.515654444694519 
vt 0.7785087823867798 0.5392057299613953 
vt 0.7979573011398315 0.5411089062690735 
vt 0.7993890643119812 0.6053397059440613 
vt 0.7786280512809753 0.597013533115387 
vt 0.7774349451065063 0.7391539812088013 
vt 0.7646681070327759 0.7367750406265259 
vt 0.7771962881088257 0.7594937682151794 
vt 0.765622615814209 0.7577095627784729 
vt 0.7514240145683289 0.7360613942146301 
vt 0.7533330917358398 0.757114827632904 
vt 0.7896051406860352 0.7422465682029724 
vt 0.788292646408081 0.7617537379264832 
vt 0.7587023377418518 0.5910662412643433 
vt 0.7577477693557739 0.5363510251045227 
vt 0.7566739320755005 0.5155354738235474 
vt 0.7359129786491394 0.513513445854187 
vt 0.7349584102630615 0.5346857905387878 
vt 0.7152712941169739 0.510896623134613 
vt 0.7125270366668701 0.5351616144180298 
vt 0.6942716836929321 0.5074471831321716 
vt 0.6921240091323853 0.5369457602500916 
vt 0.7172996401786804 0.5911851525306702 
vt 0.6963000297546387 0.5989166498184204 
vt 0.7258903980255127 0.7408192157745361 
vt 0.7382992506027222 0.7373697757720947 
vt 0.7412821650505066 0.7581853270530701 
vt 0.7382992506027222 0.5888062119483948 
vt 0.7301858067512512 0.7610400319099426 
vt 0.8314850926399231 0.2142452895641327 
vt 0.8341100215911865 0.19557076692581177 
vt 0.8146615028381348 0.19604654610157013 
vt 0.8384053707122803 0.172614187002182 
vt 0.8023719787597656 0.17653940618038177 
vt 0.8382861018180847 0.15441544353961945 
vt 0.8016560673713684 0.1538207232952118 
vt 0.8347066044807434 0.13669249415397644 
vt 0.8018947243690491 0.1313399225473404 
vt 0.8281441926956177 0.11385486274957657 
vt 0.818479597568512 0.1134980246424675 
vt 0.8034458160400391 0.11171383410692215 
vt 0.7368674874305725 0.12681996822357178 
vt 0.7434298396110535 0.10552863776683807 
vt 0.6107504963874817 0.11647167056798935 
vt 0.6094380021095276 0.1289609968662262 
vt 0.5913019776344299 0.12919889390468597 
vt 0.5913019776344299 0.1407366544008255 
vt 0.6091993451118469 0.1418071687221527 
vt 0.5916599035263062 0.1523933708667755 
vt 0.8054741621017456 0.21472106873989105 
vt 0.8034458160400391 0.19687916338443756 
vt 0.7476059198379517 0.2154347449541092 
vt 0.5917792320251465 0.11801797151565552 
vt 0.7342424988746643 0.14918182790279388 
vt 0.7365095615386963 0.1715436726808548 
vt 0.6097959280014038 0.15477228164672852 
vt 0.5918985605239868 0.16369323432445526 
vt 0.6107504963874817 0.16738055646419525 
vt 0.5913019776344299 0.17463625967502594 
vt 0.6108697652816772 0.1797509491443634 
vt 0.7419980764389038 0.19331078231334686 
vt 0.8310077786445618 0.7824503183364868 
vt 0.8279055953025818 0.797556459903717 
vt 0.8108434081077576 0.779238760471344 
vt 0.8075025677680969 0.7932744026184082 
vt 0.8238488435745239 0.8280066251754761 
vt 0.8003435730934143 0.8224161863327026 
vt 0.8144229054450989 0.8808186650276184 
vt 0.795570969581604 0.8721356391906738 
vt 0.790559709072113 0.8835543990135193 
vt 0.8045196533203125 0.8969953060150146 
vt 0.7798212170600891 0.8967574238777161 
vt 0.8339906930923462 0.8924753665924072 
vt 0.8423428535461426 0.8324076533317566 
vt 0.8479506969451904 0.8007680177688599 
vt 0.8490245342254639 0.7856618762016296 
vt 0.8695468902587891 0.7883976101875305 
vt 0.8679957389831543 0.802314281463623 
vt 0.8679957389831543 0.83431077003479 
vt 0.8863704204559326 0.8966385126113892 
vt 0.906057596206665 0.8851007223129272 
vt 0.9040291905403137 0.9244718551635742 
vt 0.919182300567627 0.908295214176178 
vt 0.9282503724098206 0.9454063177108765 
vt 0.9382728934288025 0.9245907664299011 
vt 0.9311138987541199 0.8943784832954407 
vt 0.9436420798301697 0.9044889211654663 
vt 0.958556592464447 0.8977090120315552 
vt 0.9440000653266907 0.8867659568786621 
vt 0.9598690867424011 0.881056547164917 
vt 0.9539032578468323 0.8702324628829956 
vt 0.9264606237411499 0.878439724445343 
vt 0.8920975923538208 0.832169771194458 
vt 0.887802243232727 0.8021953701972961 
vt 0.8883988261222839 0.7888734340667725 
vt 0.9077280163764954 0.8000543117523193 
vt 0.9051030278205872 0.7868513464927673 
vt 0.9237163066864014 0.781855583190918 
vt 0.9276537895202637 0.7957722544670105 
vt 0.933977484703064 0.8249140381813049 
vt 0.9120233654975891 0.829552948474884 
vt 0.9518749117851257 0.21983574330806732 
vt 0.953545331954956 0.24184074997901917 
vt 0.9708461761474609 0.22150099277496338 
vt 0.9722779393196106 0.24279232323169708 
vt 0.9558123350143433 0.2627752423286438 
vt 0.9740676879882812 0.2612289488315582 
vt 0.9743063449859619 0.281806617975235 
vt 0.9565282464027405 0.28323397040367126 
vt 0.9565282464027405 0.30369266867637634 
vt 0.9727551937103271 0.3044063448905945 
vt 0.9543805718421936 0.32498401403427124 
vt 0.9708461761474609 0.3242703378200531 
vt 0.9704881906509399 0.3465132415294647 
vt 0.9517555832862854 0.3468700647354126 
vt 0.8635810613632202 0.3115431070327759 
vt 0.8603595495223999 0.3262924253940582 
vt 0.8473541140556335 0.3233187794685364 
vt 0.8506949543952942 0.30963999032974243 
vt 0.8642969727516174 0.2958422303199768 
vt 0.8511722087860107 0.2947717308998108 
vt 0.8672798871994019 0.28359079360961914 
vt 0.8545130491256714 0.28359079360961914 
vt 0.8659673929214478 0.2687225639820099 
vt 0.863223135471344 0.2543300986289978 
vt 0.8603595495223999 0.23946183919906616 
vt 0.8473541140556335 0.24219758808612823 
vt 0.8503369688987732 0.25611427426338196 
vt 0.8532005548477173 0.2695551812648773 
vt 0.016556788235902786 0.3750602900981903 
vt 0.012619360350072384 0.38160231709480286 
vt 0.03719845414161682 0.37815287709236145 
vt 0.03385760635137558 0.38897696137428284 
vt 0.04220972955226898 0.3766065835952759 
vt 0.04030067101120949 0.3931400775909424 
vt 0.05497654154896736 0.3750602900981903 
vt 0.050681162625551224 0.3867169916629791 
vt 0.06237413361668587 0.3850517272949219 
vt 0.0666695088148117 0.3755360543727875 
vt 0.07585684210062027 0.3763686716556549 
vt 0.07120351493358612 0.3850517272949219 
vt 0.11558906733989716 0.38421911001205444 
vt 0.11010053008794785 0.38992851972579956 
vt 0.8146615028381348 0.7101311683654785 
vt 0.8183603286743164 0.7246425747871399 
vt 0.8401951193809509 0.7141753435134888 
vt 0.8459222912788391 0.7285677790641785 
vt 0.8558255434036255 0.7164353132247925 
vt 0.8609561324119568 0.7276161909103394 
vt 0.8677571415901184 0.7166731953620911 
vt 0.8727684020996094 0.7259509563446045 
vt 0.8817170858383179 0.7244046926498413 
vt 0.8765864968299866 0.7159594893455505 
vt 0.9164380431175232 0.7101311683654785 
vt 0.9222845435142517 0.7154837250709534 
vt 0.7238620519638062 0.9013963341712952 
vt 0.69832843542099 0.9013963341712952 
vt 0.7078737020492554 0.9192382097244263 
vt 0.692959189414978 0.9216171503067017 
vt 0.6954648494720459 0.9462389945983887 
vt 0.6842491030693054 0.9494504928588867 
vt 0.7056066989898682 0.939815878868103 
vt 0.7314982414245605 0.915194034576416 
vt 0.7298278212547302 0.9279212951660156 
vt 0.718134880065918 0.9512346982955933 
vt 0.7028624415397644 0.9469526410102844 
vt 0.6992829442024231 0.9684818983078003 
vt 0.6920046806335449 0.9665787220001221 
vt 0.6826980113983154 0.9015152454376221 
vt 0.6711243391036987 0.9038941860198975 
vt 0.6817435026168823 0.9245907664299011 
vt 0.6730334162712097 0.9274454712867737 
vt 0.6757776737213135 0.9517104625701904 
vt 0.6378352046012878 0.9596798419952393 
vt 0.6359261274337769 0.9421948194503784 
vt 0.6631301641464233 0.9072246551513672 
vt 0.6292444467544556 0.9279212951660156 
vt 0.21235434710979462 0.7926796674728394 
vt 0.19553078711032867 0.7882786989212036 
vt 0.16856537759304047 0.7567579746246338 
vt 0.16009393334388733 0.7836397886276245 
vt 0.13444100320339203 0.7687715291976929 
vt 0.11940717697143555 0.7908955216407776 
vt 0.15985530614852905 0.8073100447654724 
vt 0.13086152076721191 0.8195614814758301 
vt 0.10234498977661133 0.7951775193214417 
vt 0.10234498977661133 0.7741240859031677 
vt 0.11654359847307205 0.7675820589065552 
vt 0.10115183144807816 0.7365371584892273 
vt 0.21533724665641785 0.8319318890571594 
vt 0.19839437305927277 0.8294339776039124 
vt 0.08051016181707382 0.7754325270652771 
vt 0.08015221357345581 0.8120678663253784 
vt 0.03540871664881706 0.7443876266479492 
vt 0.011664832010865211 0.8019574880599976 
vt 0.017869263887405396 0.8639283180236816 
vt 0.07001035660505295 0.8472759127616882 
vt 0.07860110700130463 0.8904532790184021 
vt 0.09053270518779755 0.8547694683074951 
vt 0.096498504281044 0.8346676230430603 
vt 0.10150977969169617 0.8151604533195496 
vt 0.11165163666009903 0.8435885906219482 
vt 0.10222567617893219 0.8651177883148193 
vt 0.11976512521505356 0.8691619634628296 
vt 0.14887823164463043 0.8904532790184021 
vt 0.14852029085159302 0.8623820543289185 
vt 0.15508265793323517 0.839544415473938 
vt 0.1532929241657257 0.8227730393409729 
vt 0.1673722118139267 0.8249140381813049 
vt 0.18383781611919403 0.8680914640426636 
vt 0.20113864541053772 0.8686861991882324 
vt 0.5953587293624878 0.6797999143600464 
vt 0.5877224802970886 0.653156042098999 
vt 0.6482157111167908 0.6748042106628418 
vt 0.6279319524765015 0.6400719881057739 
vt 0.5792510509490967 0.6299615502357483 
vt 0.5569389462471008 0.6414993405342102 
vt 0.5427403450012207 0.63008052110672 
vt 0.5525242686271667 0.5914230346679688 
vt 0.5300928354263306 0.6284152269363403 
vt 0.5287804007530212 0.5905904173851013 
vt 0.4842755198478699 0.5984408855438232 
vt 0.5191158056259155 0.6330541372299194 
vt 0.5162522196769714 0.6445919275283813 
vt 0.4707928001880646 0.636979341506958 
vt 0.5252009034156799 0.6512528657913208 
vt 0.4631565809249878 0.6895534992218018 
vt 0.5278258323669434 0.6895534992218018 
vt 0.40373721718788147 0.6882451176643372 
vt 0.41423702239990234 0.6171153783798218 
vt 0.4574294090270996 0.5603781342506409 
vt 0.5203089118003845 0.5342100262641907 
vt 0.5697057843208313 0.5424172878265381 
vt 0.5707796216011047 0.5758411288261414 
vt 0.5924951434135437 0.6047450304031372 
vt 0.6291251182556152 0.6197322010993958 
vt 0.6677834987640381 0.628534197807312 
vt 0.6837718486785889 0.6674295663833618 
vt 0.6634881496429443 0.6169964671134949 
vt 0.08241921663284302 0.08958987891674042 
vt 0.07191941142082214 0.08114471286535263 
vt 0.07084556668996811 0.08875725418329239 
vt 0.05939123034477234 0.0755542516708374 
vt 0.057840123772621155 0.08768673986196518 
vt 0.04566989094018936 0.07543530315160751 
vt 0.04519262909889221 0.08495098352432251 
vt 0.0313519723713398 0.07888473570346832 
vt 0.0313519723713398 0.08602149784564972 
vt 0.012619360350072384 0.08958987891674042 
vt 0.24958093464374542 0.8167067766189575 
vt 0.2607966363430023 0.8162310123443604 
vt 0.25256383419036865 0.7952964901924133 
vt 0.2760690748691559 0.7958912253379822 
vt 0.27797815203666687 0.8152794241905212 
vt 0.3422894775867462 0.8167067766189575 
vt 0.3339373469352722 0.7960101962089539 
vt 0.4791449308395386 0.8069531917572021 
vt 0.4760427176952362 0.7948207259178162 
vt 0.4987127482891083 0.8056448101997375 
vt 0.49632641673088074 0.7945828437805176 
vt 0.473775714635849 0.7820934653282166 
vt 0.49453669786453247 0.782926082611084 
vt 0.32797154784202576 0.776027262210846 
vt 0.2733248174190521 0.7750756740570068 
vt 0.2524445056915283 0.7741240859031677 
vt 0.2504161596298218 0.7531896233558655 
vt 0.2716543972492218 0.752357006072998 
vt 0.24779120087623596 0.7326119542121887 
vt 0.2720123529434204 0.7298762202262878 
vt 0.24433103203773499 0.7115585207939148 
vt 0.2738020718097687 0.709417462348938 
vt 0.3280908763408661 0.7346340417861938 
vt 0.3358463943004608 0.7136995196342468 
vt 0.32570454478263855 0.7556874752044678 
vt 0.4730598032474518 0.7687715291976929 
vt 0.49405941367149353 0.7706746459007263 
vt 0.47425296902656555 0.7555685043334961 
vt 0.47771313786506653 0.7433170676231384 
vt 0.49513325095176697 0.7585421800613403 
vt 0.49799683690071106 0.7474802136421204 
vt 0.5302121639251709 0.8936648368835449 
vt 0.527706503868103 0.8748713731765747 
vt 0.5470357537269592 0.8754661083221436 
vt 0.523291826248169 0.8520337343215942 
vt 0.5562230348587036 0.8941406011581421 
vt 0.5582514405250549 0.876298725605011 
vt 0.6140913367271423 0.8947353363037109 
vt 0.6196991801261902 0.8727303147315979 
vt 0.7509467601776123 0.8591704964637756 
vt 0.7510660886764526 0.8468000888824463 
vt 0.7705146074295044 0.8540558218955994 
vt 0.7697986960411072 0.8431127667427063 
vt 0.7520205974578857 0.8341918587684631 
vt 0.7700373530387878 0.8318129181861877 
vt 0.6251876950263977 0.8509632349014282 
vt 0.5594446063041687 0.8559589385986328 
vt 0.5235304832458496 0.8338350057601929 
vt 0.5601604580879211 0.833240270614624 
vt 0.5271099805831909 0.815993070602417 
vt 0.6274546980857849 0.8286013603210449 
vt 0.7526171803474426 0.8212267160415649 
vt 0.7705146074295044 0.8201562166213989 
vt 0.7522592544555664 0.8082616329193115 
vt 0.7703952789306641 0.808618426322937 
vt 0.7509467601776123 0.7958912253379822 
vt 0.7699180245399475 0.7974375486373901 
vt 0.6183866858482361 0.7848292589187622 
vt 0.6249490976333618 0.8062395453453064 
vt 0.5598025321960449 0.8107594847679138 
vt 0.5336723327636719 0.7932744026184082 
vt 0.5433369278907776 0.7929175496101379 
vt 0.5582514405250549 0.7911334037780762 
vt 0.8257579207420349 0.5549066066741943 
vt 0.8225363492965698 0.5346857905387878 
vt 0.8410303592681885 0.5516951084136963 
vt 0.8366156816482544 0.5314742922782898 
vt 0.8713366389274597 0.5477698445320129 
vt 0.8657287359237671 0.5242185592651367 
vt 0.9241936206817627 0.5383731126785278 
vt 0.9156028628349304 0.5194607377052307 
vt 0.9269378781318665 0.5144649744033813 
vt 0.9404205679893494 0.5285006165504456 
vt 0.9400626420974731 0.5037598609924316 
vt 0.935886561870575 0.5578802824020386 
vt 0.8757513165473938 0.5663254261016846 
vt 0.8441325426101685 0.5717969536781311 
vt 0.8289794325828552 0.5729864239692688 
vt 0.831723690032959 0.5934451222419739 
vt 0.8456836938858032 0.5918988585472107 
vt 0.8455643653869629 0.6117628216743469 
vt 0.8322009444236755 0.6122385859489441 
vt 0.843416690826416 0.6316267848014832 
vt 0.830172598361969 0.6290099620819092 
vt 0.8252806067466736 0.6476845145225525 
vt 0.8392406105995178 0.6516097187995911 
vt 0.868234395980835 0.657913863658905 
vt 0.87300705909729 0.635908842086792 
vt 0.9135744571685791 0.6777778267860413 
vt 0.9218072891235352 0.6504202485084534 
vt 0.9376763105392456 0.6550591588020325 
vt 0.9301593899726868 0.667905330657959 
vt 0.9244322180747986 0.683725118637085 
vt 0.9411364793777466 0.682535707950592 
vt 0.9478181600570679 0.6675484776496887 
vt 0.9679825901985168 0.6621959209442139 
vt 0.9516362547874451 0.6431645750999451 
vt 0.9887435436248779 0.6520854830741882 
vt 0.9678632616996765 0.6279394626617432 
vt 0.9284889698028564 0.6298425793647766 
vt 0.8755126595497131 0.6159259080886841 
vt 0.87766033411026 0.5918988585472107 
vt 0.9399433135986328 0.610216498374939 
vt 0.3717605173587799 0.9345822334289551 
vt 0.37474343180656433 0.9206655621528625 
vt 0.3848852813243866 0.9373180270195007 
vt 0.3877488672733307 0.9224497675895691 
vt 0.4762813448905945 0.9569441080093384 
vt 0.4779517650604248 0.9349390864372253 
vt 0.4952525794506073 0.9552788734436035 
vt 0.49668437242507935 0.933987557888031 
vt 0.3776070177555084 0.9072246551513672 
vt 0.3903738260269165 0.9080572724342346 
vt 0.37891948223114014 0.8931890726089478 
vt 0.3916862905025482 0.8931890726089478 
vt 0.3755786418914795 0.8820081353187561 
vt 0.3887034058570862 0.8809376358985901 
vt 0.37510135769844055 0.8671398758888245 
vt 0.3881068229675293 0.865236759185791 
vt 0.3717605173587799 0.8534610867500305 
vt 0.38476595282554626 0.8504874110221863 
vt 0.47878697514533997 0.8517958521842957 
vt 0.47616201639175415 0.8297908306121826 
vt 0.4948946237564087 0.8301476836204529 
vt 0.4952525794506073 0.8525094985961914 
vt 0.4971616268157959 0.8723735213279724 
vt 0.48093464970588684 0.8730871677398682 
vt 0.4987127482891083 0.8949732184410095 
vt 0.48093464970588684 0.8935458660125732 
vt 0.480218768119812 0.9140046238899231 
vt 0.49847412109375 0.9155508875846863 
vt 0.3729536831378937 0.1218242421746254 
vt 0.3698514699935913 0.10124658048152924 
vt 0.36639130115509033 0.12574945390224457 
vt 0.3589937090873718 0.10445812344551086 
vt 0.3714025616645813 0.09613190591335297 
vt 0.354817658662796 0.0980350449681282 
vt 0.3729536831378937 0.08340468257665634 
vt 0.36138004064559937 0.08780568838119507 
vt 0.36293113231658936 0.07603003084659576 
vt 0.3724764287471771 0.07174797356128693 
vt 0.37164121866226196 0.062589131295681 
vt 0.36293113231658936 0.06710908561944962 
vt 0.3637663424015045 0.022742224857211113 
vt 0.35815849900245667 0.0282137393951416 
vt 0.3483745753765106 0.6667158603668213 
vt 0.34467577934265137 0.6812272667884827 
vt 0.3229602873325348 0.6707600355148315 
vt 0.3172331154346466 0.6851524710655212 
vt 0.3072105646133423 0.6730200052261353 
vt 0.302079975605011 0.6843198537826538 
vt 0.29527896642684937 0.6732578873634338 
vt 0.29038700461387634 0.682535707950592 
vt 0.2813189923763275 0.6809893846511841 
vt 0.28656890988349915 0.672663152217865 
vt 0.2465980350971222 0.6667158603668213 
vt 0.240870863199234 0.6721873879432678 
vt 0.20638854801654816 0.9743102192878723 
vt 0.18073560297489166 0.9743102192878723 
vt 0.19040019810199738 0.9564683437347412 
vt 0.17548570036888123 0.9540894031524658 
vt 0.17787201702594757 0.9294675588607788 
vt 0.1667756289243698 0.9262560606002808 
vt 0.18801388144493103 0.9358906745910645 
vt 0.2139054536819458 0.9605124592781067 
vt 0.21223503351211548 0.9477852582931519 
vt 0.20066137611865997 0.9244718551635742 
vt 0.18538892269134521 0.9287539124488831 
vt 0.1818094551563263 0.9072246551513672 
vt 0.17453117668628693 0.9092467427253723 
vt 0.1651052087545395 0.9741912484169006 
vt 0.15365086495876312 0.97181236743927 
vt 0.16426999866962433 0.9511157274246216 
vt 0.15544061362743378 0.948261022567749 
vt 0.15830419957637787 0.923996090888977 
vt 0.12036170810461044 0.9161456227302551 
vt 0.11845265328884125 0.9335117340087891 
vt 0.14565670490264893 0.9684818983078003 
vt 0.11165163666009903 0.9477852582931519 
vt 0.580921471118927 0.022147493436932564 
vt 0.5732852220535278 0.048791397362947464 
vt 0.63377845287323 0.027143225073814392 
vt 0.6134947538375854 0.06187545880675316 
vt 0.5648137927055359 0.07186692208051682 
vt 0.54250168800354 0.06044810637831688 
vt 0.5283030867576599 0.07186692208051682 
vt 0.538087010383606 0.11040542274713516 
vt 0.5156556367874146 0.07353216409683228 
vt 0.5143431425094604 0.11135699599981308 
vt 0.4698382616043091 0.10350655764341354 
vt 0.5046785473823547 0.06877432763576508 
vt 0.5018149614334106 0.05735550820827484 
vt 0.45623624324798584 0.0649680569767952 
vt 0.5106443166732788 0.050694532692432404 
vt 0.4487193524837494 0.012393921613693237 
vt 0.5133886337280273 0.012393921613693237 
vt 0.3892999589443207 0.013702328316867352 
vt 0.39979979395866394 0.08483203500509262 
vt 0.4429921805858612 0.14156927168369293 
vt 0.5058717131614685 0.16773739457130432 
vt 0.5552685260772705 0.15953011810779572 
vt 0.556342363357544 0.12610629200935364 
vt 0.5780578851699829 0.09720242023468018 
vt 0.6146879196166992 0.08221522718667984 
vt 0.6533463001251221 0.07341322302818298 
vt 0.6693346500396729 0.03451787680387497 
vt 0.6490508913993835 0.08495098352432251 
vt 0.35302790999412537 0.3089263141155243 
vt 0.3614993393421173 0.3193935453891754 
vt 0.3538631200790405 0.3204640746116638 
vt 0.36710718274116516 0.33200183510780334 
vt 0.35493695735931396 0.3334291875362396 
vt 0.36710718274116516 0.3456806242465973 
vt 0.3576812446117401 0.34627532958984375 
vt 0.3636470437049866 0.3599541485309601 
vt 0.35648807883262634 0.3599541485309601 
vt 0.35302790999412537 0.3787476122379303 
vt 0.01297730766236782 0.6977607607841492 
vt 0.02061353251338005 0.6365035772323608 
vt 0.07716931402683258 0.7097743153572083 
vt 0.07645341753959656 0.6356709599494934 
vt 0.11654359847307205 0.7096553444862366 
vt 0.11654359847307205 0.6368604302406311 
vt 0.15663377940654755 0.6356709599494934 
vt 0.15591788291931152 0.7097743153572083 
vt 0.07955563813447952 0.5903525352478027 
vt 0.011903463862836361 0.5731053948402405 
vt 0.08051016181707382 0.5626381039619446 
vt 0.022164639085531235 0.5295711159706116 
vt 0.07358983904123306 0.5236238241195679 
vt 0.03469282016158104 0.5063766837120056 
vt 0.0913679227232933 0.48020854592323303 
vt 0.04018135741353035 0.4710496962070465 
vt 0.0974530354142189 0.45499199628829956 
vt 0.08420895785093307 0.43833956122398376 
vt 0.029323600232601166 0.4379827082157135 
vt 0.08707254379987717 0.4169292747974396 
vt 0.11654359847307205 0.46105822920799255 
vt 0.11654359847307205 0.4796138107776642 
vt 0.11654359847307205 0.5212448835372925 
vt 0.11654359847307205 0.5625191926956177 
vt 0.11654359847307205 0.5926125049591064 
vt 0.15353155136108398 0.5903525352478027 
vt 0.21247366070747375 0.6365035772323608 
vt 0.22118373215198517 0.5731053948402405 
vt 0.15257702767848969 0.5626381039619446 
vt 0.15949735045433044 0.5236238241195679 
vt 0.22010987997055054 0.6977607607841492 
vt 0.21092255413532257 0.5295711159706116 
vt 0.19839437305927277 0.5063766837120056 
vt 0.1417192667722702 0.48020854592323303 
vt 0.19290584325790405 0.4710496962070465 
vt 0.1356341540813446 0.45499199628829956 
vt 0.14887823164463043 0.43833956122398376 
vt 0.20376358926296234 0.4379827082157135 
vt 0.14601464569568634 0.4169292747974396 
vt 0.7689634561538696 0.9454063177108765 
vt 0.7983152270317078 0.9354149103164673 
vt 0.7646681070327759 0.9225687384605408 
vt 0.7880540490150452 0.915194034576416 
vt 0.7638328671455383 0.9010394811630249 
vt 0.8209852576255798 0.9123393297195435 
vt 0.16808810830116272 0.012631813995540142 
vt 0.14959412813186646 0.015248625539243221 
vt 0.1705937385559082 0.03083055280148983 
vt 0.15162250399589539 0.03606417775154114 
vt 0.12966835498809814 0.017032815143465996 
vt 0.13121946156024933 0.045698802918195724 
vt 0.10974258184432983 0.018222276121377945 
vt 0.1109357476234436 0.049148235470056534 
vt 0.09112928807735443 0.018460167571902275 
vt 0.09112928807735443 0.047126155346632004 
vt 0.07120351493358612 0.049148235470056534 
vt 0.0723966732621193 0.018222276121377945 
vt 0.0509197972714901 0.045698802918195724 
vt 0.05247090384364128 0.017032815143465996 
vt 0.030516760423779488 0.03606417775154114 
vt 0.03254513069987297 0.015248625539243221 
vt 0.01154551561921835 0.03083055280148983 
vt 0.014051152393221855 0.012631813995540142 
vt 0.6631301641464233 0.5064955949783325 
vt 0.6374772787094116 0.5283816456794739 
vt 0.6644426584243774 0.5229101777076721 
vt 0.6386703848838806 0.5425362586975098 
vt 0.6657551527023315 0.5400384068489075 
vt 0.6395056247711182 0.5557392239570618 
vt 0.6670676469802856 0.5581181645393372 
vt 0.6393862962722778 0.5692991018295288 
vt 0.6677834987640381 0.5758411288261414 
vt 0.6373579502105713 0.584405243396759 
vt 0.6675449013710022 0.5926125049591064 
vt 0.6039494276046753 0.5777442455291748 
vt 0.6049039959907532 0.566087543964386 
vt 0.6052619218826294 0.5538361072540283 
vt 0.6050233244895935 0.5414657592773438 
vt 0.6045460104942322 0.5296900868415833 
vt 0.6354488730430603 0.5129187107086182 
vt 0.6039494276046753 0.518271267414093 
vt 0.8335134387016296 0.9518294334411621 
vt 0.780417799949646 0.9741912484169006 
vt 0.8609561324119568 0.9244718551635742 
vt 0.8605981469154358 0.9558736085891724 
vt 0.8759899139404297 0.9559925198554993 
vt 0.8721718192100525 0.9858480095863342 
vt 0.856302797794342 0.985491156578064 
vt 0.7789860367774963 0.9858480095863342 
vt 0.8719331622123718 0.9232823848724365 
vt 0.3506415784358978 0.5895199179649353 
vt 0.3641242980957031 0.5985597968101501 
vt 0.2866882085800171 0.5973703265190125 
vt 0.29265400767326355 0.6130712032318115 
vt 0.2732055187225342 0.5883304476737976 
vt 0.26437613368034363 0.6096217632293701 
vt 0.2574557960033417 0.5895199179649353 
vt 0.24528555572032928 0.6005818843841553 
vt 0.2646147608757019 0.62270587682724 
vt 0.2414674460887909 0.6171153783798218 
vt 0.2607966363430023 0.6418561339378357 
vt 0.24731393158435822 0.6328162550926208 
vt 0.27666565775871277 0.6405477523803711 
vt 0.28883591294288635 0.629604697227478 
vt 0.36627197265625 0.6307941675186157 
vt 0.3700900971889496 0.6143796443939209 
vt 0.3541017472743988 0.6418561339378357 
vt 0.9830163717269897 0.3791044354438782 
vt 0.9565282464027405 0.4074136018753052 
vt 0.9519942402839661 0.37922337651252747 
vt 0.9351706504821777 0.45974981784820557 
vt 0.9250288009643555 0.3837433457374573 
vt 0.9250288009643555 0.46117717027664185 
vt 0.24230265617370605 0.8508442640304565 
vt 0.2828701138496399 0.857862114906311 
vt 0.23645617067813873 0.8660693764686584 
vt 0.2752338647842407 0.878915548324585 
vt 0.23418916761875153 0.8839112520217896 
vt 0.2718930244445801 0.9028236865997314 
vt 0.283824622631073 0.8814134001731873 
vt 0.28072240948677063 0.905678391456604 
vt 0.29527896642684937 0.8842681050300598 
vt 0.29265400767326355 0.9074625968933105 
vt 0.30995482206344604 0.8870038390159607 
vt 0.30804577469825745 0.907819390296936 
vt 0.33727818727493286 0.8916427493095398 
vt 0.3362043499946594 0.907819390296936 
vt 0.29205742478370667 0.8600031137466431 
vt 0.30363109707832336 0.8632146716117859 
vt 0.3162785768508911 0.8669019937515259 
vt 0.3440791964530945 0.8771313428878784 
vt 0.3178296983242035 0.8616683483123779 
vt 0.33441460132598877 0.8557210564613342 
vt 0.3068526089191437 0.8437075018882751 
vt 0.3142502009868622 0.8413286209106445 
vt 0.6132560968399048 0.27871400117874146 
vt 0.605739176273346 0.2947717308998108 
vt 0.6211309432983398 0.27871400117874146 
vt 0.6062164306640625 0.31082943081855774 
vt 0.6216081976890564 0.2947717308998108 
vt 0.6140913367271423 0.31082943081855774 
vt 0.592256486415863 0.20651379227638245 
vt 0.5881997346878052 0.2225715070962906 
vt 0.6150458455085754 0.21127162873744965 
vt 0.6143299341201782 0.2225715070962906 
vt 0.6393862962722778 0.21365055441856384 
vt 0.6399828791618347 0.2212630957365036 
vt 0.6469032168388367 0.2129368782043457 
vt 0.6476191282272339 0.22054941952228546 
vt 0.8082184195518494 0.06044810637831688 
vt 0.8010594844818115 0.05152715742588043 
vt 0.7699180245399475 0.06544383615255356 
vt 0.7618045210838318 0.05687972530722618 
vt 0.7113338708877563 0.07293743640184402 
vt 0.7027431130409241 0.062589131295681 
vt 0.7023851275444031 0.08090681582689285 
vt 0.6928398609161377 0.0673469752073288 
vt 0.6994022727012634 0.05057558789849281 
vt 0.6896183490753174 0.04938612878322601 
vt 0.7987924814224243 0.04022728651762009 
vt 0.7589409351348877 0.044271450489759445 
vt 0.802133321762085 0.02952214516699314 
vt 0.762520432472229 0.0317821204662323 
vt 0.8095309138298035 0.021076979115605354 
vt 0.7711111903190613 0.023574845865368843 
vt 0.7022658586502075 0.03844309598207474 
vt 0.6946296095848083 0.03285263478755951 
vt 0.7118111252784729 0.02857057750225067 
vt 0.7052487134933472 0.021076979115605354 
vt 0.9512783288955688 0.045698802918195724 
vt 0.9325457215309143 0.05640394240617752 
vt 0.9568861722946167 0.03202001377940178 
vt 0.9325457215309143 0.021790655329823494 
vt 0.9423296451568604 0.012512868270277977 
vt 0.9547384977340698 0.018579114228487015 
vt 0.9887435436248779 0.4928168058395386 
vt 0.9659541845321655 0.48853474855422974 
vt 0.978721022605896 0.5221964716911316 
vt 0.958556592464447 0.511967122554779 
vt 0.9556930065155029 0.5449151396751404 
vt 0.9444773197174072 0.4877021312713623 
vt 0.6071709990501404 0.9856100678443909 
vt 0.590347409248352 0.9858480095863342 
vt 0.5989381670951843 0.9553977847099304 
vt 0.5837850570678711 0.9574198722839355 
vt 0.592256486415863 0.9219740033149719 
vt 0.5805635452270508 0.9229255318641663 
vt 0.5701830387115479 0.9575388431549072 
vt 0.5682739615440369 0.9232823848724365 
vt 0.5570582747459412 0.9567062258720398 
vt 0.5559844374656677 0.9230445027351379 
vt 0.542859673500061 0.9555167555809021 
vt 0.5373710989952087 0.9823985695838928 
vt 0.5209054946899414 0.9810901284217834 
vt 0.5273485779762268 0.953494668006897 
vt 0.5441721677780151 0.9225687384605408 
vt 0.5327178239822388 0.9219740033149719 
vt 0.5545526146888733 0.9838259220123291 
vt 0.5725693702697754 0.9850153923034668 
vt 0.8915010094642639 0.1881961077451706 
vt 0.8926941752433777 0.17725308239459991 
vt 0.9241936206817627 0.19224026799201965 
vt 0.9240742921829224 0.17677728831768036 
vt 0.9540225863456726 0.18843400478363037 
vt 0.9536646604537964 0.172614187002182 
vt 0.9540225863456726 0.09529928117990494 
vt 0.9424489736557007 0.09672663360834122 
vt 0.9200175404548645 0.14977654814720154 
vt 0.5773419737815857 0.7052543759346008 
vt 0.5639786124229431 0.7141753435134888 
vt 0.6414147019386292 0.7129858732223511 
vt 0.6354488730430603 0.7286867499351501 
vt 0.6547780632972717 0.7039459943771362 
vt 0.6636074781417847 0.7252373099327087 
vt 0.6706470847129822 0.7052543759346008 
vt 0.6828173398971558 0.7161974310874939 
vt 0.663368821144104 0.7383213639259338 
vt 0.686635434627533 0.7327309250831604 
vt 0.6671869158744812 0.7574716806411743 
vt 0.6806696653366089 0.7484317421913147 
vt 0.5580127835273743 0.7299951314926147 
vt 0.6392669677734375 0.7452202439308167 
vt 0.5618308782577515 0.7465286254882812 
vt 0.6514372229576111 0.7562822103500366 
vt 0.574001133441925 0.7574716806411743 
vt 0.06941377371549606 0.9713366031646729 
vt 0.03839161619544029 0.9712176322937012 
vt 0.042925622314214706 0.9431463479995728 
vt 0.021687375381588936 0.8906911611557007 
vt 0.011426200158894062 0.9668166041374207 
vt 0.011426200158894062 0.8893827795982361 
vt 0.8981826901435852 0.11337907612323761 
vt 0.891262412071228 0.07269954681396484 
vt 0.883029580116272 0.11908848583698273 
vt 0.8702627420425415 0.0803120881319046 
vt 0.8651321530342102 0.12146740406751633 
vt 0.8462802767753601 0.08376152068376541 
vt 0.8677571415901184 0.07174797356128693 
vt 0.843416690826416 0.07484057545661926 
vt 0.864774227142334 0.06032916158437729 
vt 0.8416269421577454 0.06294596940279007 
vt 0.8621492981910706 0.045579854398965836 
vt 0.8412689566612244 0.047601938247680664 
vt 0.8573766350746155 0.018341222777962685 
vt 0.8412689566612244 0.019411735236644745 
vt 0.8891146779060364 0.06354070454835892 
vt 0.8858931660652161 0.05200294032692909 
vt 0.8821943402290344 0.03927571699023247 
vt 0.8719331622123718 0.011561299674212933 
vt 0.8873249292373657 0.0377294197678566 
vt 0.8934100866317749 0.021195925772190094 
vt 0.9054610133171082 0.048672452569007874 
vt 0.9078472852706909 0.04141674563288689 
vt 0.21975193917751312 0.7283298969268799 
vt 0.21975193917751312 0.7460528612136841 
vt 0.2125929743051529 0.7249994277954102 
vt 0.2125929743051529 0.7603263854980469 
vt 0.20543400943279266 0.739272952079773 
vt 0.20543400943279266 0.7569958567619324 
vt 0.2559046745300293 0.5249322652816772 
vt 0.23967771232128143 0.5290953516960144 
vt 0.2511320412158966 0.5022135376930237 
vt 0.23967771232128143 0.5028082728385925 
vt 0.24874572455883026 0.47782960534095764 
vt 0.24110950529575348 0.4772348999977112 
vt 0.24934230744838715 0.4702170789241791 
vt 0.24170607328414917 0.46962234377861023 
vt 0.859762966632843 0.3598351776599884 
vt 0.8685923218727112 0.3669719398021698 
vt 0.854751706123352 0.39813581109046936 
vt 0.8633424639701843 0.4063430726528168 
vt 0.8472347855567932 0.4566572308540344 
vt 0.8576152920722961 0.4653402864933014 
vt 0.8392406105995178 0.4655781686306 
vt 0.8528426289558411 0.47521281242370605 
vt 0.8695468902587891 0.4686707854270935 
vt 0.8707400560379028 0.4784243404865265 
vt 0.8799273371696472 0.3693508803844452 
vt 0.8758706450462341 0.40919777750968933 
vt 0.8906658291816711 0.3660203814506531 
vt 0.8883988261222839 0.40551045536994934 
vt 0.8991372585296631 0.3585267961025238 
vt 0.8966315984725952 0.39694634079933167 
vt 0.8817170858383179 0.46581608057022095 
vt 0.8873249292373657 0.4734286069869995 
vt 0.8915010094642639 0.45618143677711487 
vt 0.8991372585296631 0.4628424346446991 
vt 0.952590823173523 0.7395108342170715 
vt 0.9714427590370178 0.7502159476280212 
vt 0.9469829797744751 0.7259509563446045 
vt 0.9714427590370178 0.715721607208252 
vt 0.9615395069122314 0.7064438462257385 
vt 0.9492499828338623 0.7123911380767822 
vt 0.5045592188835144 0.6586275696754456 
vt 0.5112408995628357 0.6435213685035706 
vt 0.4834403097629547 0.6586275696754456 
vt 0.4834403097629547 0.6435213685035706 
vt 0.4622020423412323 0.6586275696754456 
vt 0.455520361661911 0.6435213685035706 
vt 0.46112820506095886 0.5967755913734436 
vt 0.4834403097629547 0.5967755913734436 
vt 0.5056330561637878 0.5967755913734436 
vt 0.47616201639175415 0.5967755913734436 
vt 0.4743722677230835 0.6435213685035706 
vt 0.5022922158241272 0.5967755913734436 
vt 0.5070648789405823 0.6435213685035706 
vt 0.5014570355415344 0.6586275696754456 
vt 0.47651997208595276 0.6586275696754456 
vt 0.46971896290779114 0.5967755913734436 
vt 0.46613946557044983 0.6435213685035706 
vt 0.4971616268157959 0.5967755913734436 
vt 0.5006217956542969 0.6435213685035706 
vt 0.49644574522972107 0.6586275696754456 
vt 0.470315545797348 0.6586275696754456 
vt 0.5022922158241272 0.5967755913734436 
vt 0.5070648789405823 0.6435213685035706 
vt 0.47616201639175415 0.5967755913734436 
vt 0.4743722677230835 0.6435213685035706 
vt 0.47651997208595276 0.6586275696754456 
vt 0.5014570355415344 0.6586275696754456 
vt 0.24445034563541412 0.96812504529953 
vt 0.25864896178245544 0.981803834438324 
vt 0.24445034563541412 0.9455252885818481 
vt 0.25996142625808716 0.9319654703140259 
vt 0.27988719940185547 0.9335117340087891 
vt 0.2944437563419342 0.947190523147583 
vt 0.29492101073265076 0.9677681922912598 
vt 0.2783360779285431 0.9829933047294617 
vt 0.49644574522972107 0.6381688117980957 
vt 0.470315545797348 0.6381688117980957 
vt 0.5045592188835144 0.6133090853691101 
vt 0.4622020423412323 0.6133090853691101 
vt 0.4834403097629547 0.5978461503982544 
s on 
f 1/1/1 2/2/2 3/3/3 
f 2/2/2 4/4/4 3/3/3 
f 3/3/3 4/4/4 5/5/5 
f 4/4/4 5/5/5 5/5/5 
f 5/5/5 5/5/5 1/1/1 
f 5/5/5 1/1/1 1/1/1 
f 1/1/1 1/1/1 2/2/2 
f 1/1/1 6/6/6 2/2/2 
f 2/2/2 6/6/6 7/7/7 
f 6/6/6 8/8/8 7/7/7 
f 7/7/7 8/8/8 9/9/9 
f 8/8/8 10/10/10 9/9/9 
f 9/9/9 10/10/10 11/11/11 
f 10/10/10 12/12/12 11/11/11 
f 11/11/11 12/12/12 13/13/13 
f 12/12/12 14/14/14 13/13/13 
f 13/13/13 14/14/14 15/15/15 
f 14/14/14 16/16/16 15/15/15 
f 15/15/15 16/16/16 16/16/16 
f 16/16/16 11/11/11 16/16/16 
f 16/16/16 11/11/11 11/11/11 
f 11/11/11 13/13/13 11/11/11 
f 11/11/11 13/13/13 9/9/9 
f 13/13/13 17/17/17 9/9/9 
f 9/9/9 17/17/17 7/7/7 
f 17/17/17 18/18/18 7/7/7 
f 7/7/7 18/18/18 2/2/2 
f 18/18/18 18/18/18 2/2/2 
f 2/2/2 18/18/18 4/4/4 
f 18/18/18 19/19/19 4/4/4 
f 4/4/4 19/19/19 4/4/4 
f 19/19/19 20/20/20 4/4/4 
f 4/4/4 20/20/20 5/5/5 
f 20/20/20 21/21/21 5/5/5 
f 5/5/5 21/21/21 5/5/5 
f 21/21/21 22/22/22 5/5/5 
f 5/5/5 22/22/22 3/3/3 
f 22/22/22 23/23/23 3/3/3 
f 3/3/3 23/23/23 23/23/23 
f 23/23/23 22/22/22 23/23/23 
f 23/23/23 22/22/22 22/22/22 
f 22/22/22 21/21/21 22/22/22 
f 22/22/22 21/21/21 24/24/24 
f 21/21/21 25/25/25 24/24/24 
f 24/24/24 25/25/25 24/24/24 
f 25/25/25 26/26/26 24/24/24 
f 24/24/24 26/26/26 27/27/27 
f 26/26/26 28/28/28 27/27/27 
f 27/27/27 28/28/28 27/27/27 
f 28/28/28 29/29/29 27/27/27 
f 27/27/27 29/29/29 30/30/30 
f 29/29/29 30/30/30 30/30/30 
f 30/30/30 30/30/30 25/25/25 
f 30/30/30 25/25/25 25/25/25 
f 25/25/25 25/25/25 20/20/20 
f 25/25/25 21/21/21 20/20/20 
f 20/20/20 21/21/21 21/21/21 
f 21/21/21 15/15/15 21/21/21 
f 21/21/21 15/15/15 15/15/15 
f 15/15/15 31/31/31 15/15/15 
f 15/15/15 31/31/31 13/13/13 
f 31/31/31 31/31/31 13/13/13 
f 13/13/13 31/31/31 17/17/17 
f 31/31/31 32/32/32 17/17/17 
f 17/17/17 32/32/32 18/18/18 
f 32/32/32 19/19/19 18/18/18 
f 18/18/18 19/19/19 19/19/19 
f 19/19/19 33/33/33 19/19/19 
f 19/19/19 33/33/33 33/33/33 
f 33/33/33 29/29/29 33/33/33 
f 33/33/33 29/29/29 34/34/34 
f 29/29/29 35/35/35 34/34/34 
f 34/34/34 35/35/35 34/34/34 
f 35/35/35 36/36/36 34/34/34 
f 34/34/34 36/36/36 37/37/37 
f 36/36/36 38/38/38 37/37/37 
f 37/37/37 38/38/38 37/37/37 
f 38/38/38 39/39/39 37/37/37 
f 37/37/37 39/39/39 40/40/40 
f 39/39/39 39/39/39 40/40/40 
f 40/40/40 39/39/39 41/41/41 
f 39/39/39 42/42/42 41/41/41 
f 41/41/41 42/42/42 43/43/43 
f 42/42/42 44/44/44 43/43/43 
f 43/43/43 44/44/44 45/45/45 
f 44/44/44 46/46/46 45/45/45 
f 45/45/45 46/46/46 47/47/47 
f 46/46/46 47/47/47 47/47/47 
f 47/47/47 47/47/47 28/28/28 
f 47/47/47 28/28/28 28/28/28 
f 28/28/28 28/28/28 29/29/29 
f 28/28/28 35/35/35 29/29/29 
f 29/29/29 35/35/35 35/35/35 
f 35/35/35 33/33/33 35/35/35 
f 35/35/35 33/33/33 33/33/33 
f 33/33/33 34/34/34 33/33/33 
f 33/33/33 34/34/34 48/48/48 
f 34/34/34 37/37/37 48/48/48 
f 48/48/48 37/37/37 40/40/40 
f 37/37/37 40/40/40 40/40/40 
f 40/40/40 40/40/40 42/42/42 
f 40/40/40 42/42/42 42/42/42 
f 42/42/42 42/42/42 44/44/44 
f 42/42/42 39/39/39 44/44/44 
f 44/44/44 39/39/39 44/44/44 
f 39/39/39 38/38/38 44/44/44 
f 44/44/44 38/38/38 49/49/49 
f 38/38/38 38/38/38 49/49/49 
f 49/49/49 38/38/38 50/50/50 
f 38/38/38 36/36/36 50/50/50 
f 50/50/50 36/36/36 51/51/51 
f 36/36/36 35/35/35 51/51/51 
f 51/51/51 35/35/35 52/52/52 
f 35/35/35 28/28/28 52/52/52 
f 52/52/52 28/28/28 52/52/52 
f 28/28/28 26/26/26 52/52/52 
f 52/52/52 26/26/26 52/52/52 
f 26/26/26 25/25/25 52/52/52 
f 52/52/52 25/25/25 53/53/53 
f 25/25/25 20/20/20 53/53/53 
f 53/53/53 20/20/20 54/54/54 
f 20/20/20 19/19/19 54/54/54 
f 54/54/54 19/19/19 55/55/55 
f 19/19/19 32/32/32 55/55/55 
f 55/55/55 32/32/32 55/55/55 
f 32/32/32 56/56/56 55/55/55 
f 55/55/55 56/56/56 54/54/54 
f 56/56/56 57/57/57 54/54/54 
f 54/54/54 57/57/57 53/53/53 
f 57/57/57 58/58/58 53/53/53 
f 53/53/53 58/58/58 52/52/52 
f 58/58/58 58/58/58 52/52/52 
f 52/52/52 58/58/58 51/51/51 
f 58/58/58 59/59/59 51/51/51 
f 51/51/51 59/59/59 50/50/50 
f 59/59/59 59/59/59 50/50/50 
f 50/50/50 59/59/59 60/60/60 
f 59/59/59 58/58/58 60/60/60 
f 60/60/60 58/58/58 60/60/60 
f 58/58/58 57/57/57 60/60/60 
f 60/60/60 57/57/57 61/61/61 
f 57/57/57 56/56/56 61/61/61 
f 61/61/61 56/56/56 61/61/61 
f 56/56/56 62/62/62 61/61/61 
f 61/61/61 62/62/62 61/61/61 
f 62/62/62 63/63/63 61/61/61 
f 61/61/61 63/63/63 61/61/61 
f 63/63/63 64/64/64 61/61/61 
f 61/61/61 64/64/64 60/60/60 
f 64/64/64 65/65/65 60/60/60 
f 60/60/60 65/65/65 50/50/50 
f 65/65/65 65/65/65 50/50/50 
f 50/50/50 65/65/65 49/49/49 
f 65/65/65 66/66/66 49/49/49 
f 49/49/49 66/66/66 46/46/46 
f 66/66/66 67/67/67 46/46/46 
f 46/46/46 67/67/67 47/47/47 
f 67/67/67 47/47/47 47/47/47 
f 47/47/47 47/47/47 49/49/49 
f 47/47/47 49/49/49 49/49/49 
f 49/49/49 49/49/49 44/44/44 
f 49/49/49 46/46/46 44/44/44 
f 44/44/44 46/46/46 46/46/46 
f 46/46/46 64/64/64 46/46/46 
f 46/46/46 64/64/64 64/64/64 
f 64/64/64 68/68/68 64/64/64 
f 64/64/64 68/68/68 65/65/65 
f 68/68/68 68/68/68 65/65/65 
f 65/65/65 68/68/68 66/66/66 
f 68/68/68 69/69/69 66/66/66 
f 66/66/66 69/69/69 67/67/67 
f 69/69/69 70/70/70 67/67/67 
f 67/67/67 70/70/70 67/67/67 
f 70/70/70 71/71/71 67/67/67 
f 67/67/67 71/71/71 72/72/72 
f 71/71/71 73/73/73 72/72/72 
f 72/72/72 73/73/73 73/73/73 
f 73/73/73 67/67/67 73/73/73 
f 73/73/73 67/67/67 67/67/67 
f 67/67/67 72/72/72 67/67/67 
f 67/67/67 72/72/72 47/47/47 
f 72/72/72 47/47/47 47/47/47 
f 47/47/47 47/47/47 74/74/74 
f 47/47/47 74/74/74 74/74/74 
f 74/74/74 74/74/74 75/75/75 
f 74/74/74 76/76/76 75/75/75 
f 75/75/75 76/76/76 75/75/75 
f 76/76/76 77/77/77 75/75/75 
f 75/75/75 77/77/77 78/78/78 
f 77/77/77 79/79/79 78/78/78 
f 78/78/78 79/79/79 80/80/80 
f 79/79/79 79/79/79 80/80/80 
f 80/80/80 79/79/79 81/81/81 
f 79/79/79 79/79/79 81/81/81 
f 81/81/81 79/79/79 82/82/82 
f 79/79/79 83/83/83 82/82/82 
f 82/82/82 83/83/83 84/84/84 
f 83/83/83 83/83/83 84/84/84 
f 84/84/84 83/83/83 85/85/85 
f 83/83/83 83/83/83 85/85/85 
f 85/85/85 83/83/83 86/86/86 
f 83/83/83 83/83/83 86/86/86 
f 86/86/86 83/83/83 87/87/87 
f 83/83/83 79/79/79 87/87/87 
f 87/87/87 79/79/79 88/88/88 
f 79/79/79 77/77/77 88/88/88 
f 88/88/88 77/77/77 89/89/89 
f 77/77/77 76/76/76 89/89/89 
f 89/89/89 76/76/76 89/89/89 
f 76/76/76 90/90/90 89/89/89 
f 89/89/89 90/90/90 89/89/89 
f 90/90/90 91/91/91 89/89/89 
f 89/89/89 91/91/91 89/89/89 
f 91/91/91 92/92/92 89/89/89 
f 89/89/89 92/92/92 88/88/88 
f 92/92/92 93/93/93 88/88/88 
f 88/88/88 93/93/93 87/87/87 
f 93/93/93 94/94/94 87/87/87 
f 87/87/87 94/94/94 86/86/86 
f 94/94/94 95/95/95 86/86/86 
f 86/86/86 95/95/95 95/95/95 
f 95/95/95 75/75/75 95/95/95 
f 95/95/95 75/75/75 75/75/75 
f 75/75/75 78/78/78 75/75/75 
f 75/75/75 78/78/78 96/96/96 
f 78/78/78 78/78/78 96/96/96 
f 96/96/96 78/78/78 97/97/97 
f 78/78/78 80/80/80 97/97/97 
f 97/97/97 80/80/80 80/80/80 
f 80/80/80 94/94/94 80/80/80 
f 80/80/80 94/94/94 94/94/94 
f 94/94/94 93/93/93 94/94/94 
f 94/94/94 93/93/93 98/98/98 
f 93/93/93 99/99/99 98/98/98 
f 98/98/98 99/99/99 98/98/98 
f 99/99/99 100/100/100 98/98/98 
f 98/98/98 100/100/100 101/101/101 
f 100/100/100 100/100/100 101/101/101 
f 101/101/101 100/100/100 102/102/102 
f 100/100/100 103/103/103 102/102/102 
f 102/102/102 103/103/103 104/104/104 
f 103/103/103 103/103/103 104/104/104 
f 104/104/104 103/103/103 105/105/105 
f 103/103/103 106/106/106 105/105/105 
f 105/105/105 106/106/106 107/107/107 
f 106/106/106 106/106/106 107/107/107 
f 107/107/107 106/106/106 90/90/90 
f 106/106/106 106/106/106 90/90/90 
f 90/90/90 106/106/106 91/91/91 
f 106/106/106 108/108/108 91/91/91 
f 91/91/91 108/108/108 92/92/92 
f 108/108/108 99/99/99 92/92/92 
f 92/92/92 99/99/99 93/93/93 
f 99/99/99 93/93/93 93/93/93 
f 93/93/93 93/93/93 99/99/99 
f 93/93/93 99/99/99 99/99/99 
f 99/99/99 99/99/99 100/100/100 
f 99/99/99 108/108/108 100/100/100 
f 100/100/100 108/108/108 103/103/103 
f 108/108/108 106/106/106 103/103/103 
f 103/103/103 106/106/106 106/106/106 
f 106/106/106 109/109/109 106/106/106 
f 106/106/106 109/109/109 109/109/109 
f 109/109/109 110/110/110 109/109/109 
f 109/109/109 110/110/110 111/111/111 
f 110/110/110 112/112/112 111/111/111 
f 111/111/111 112/112/112 112/112/112 
f 112/112/112 110/110/110 112/112/112 
f 112/112/112 110/110/110 110/110/110 
f 110/110/110 109/109/109 110/110/110 
f 110/110/110 109/109/109 113/113/113 
f 109/109/109 109/109/109 113/113/113 
f 113/113/113 109/109/109 114/114/114 
f 109/109/109 109/109/109 114/114/114 
f 114/114/114 109/109/109 115/115/115 
f 109/109/109 111/111/111 115/115/115 
f 115/115/115 111/111/111 116/116/116 
f 111/111/111 111/111/111 116/116/116 
f 116/116/116 111/111/111 117/117/117 
f 111/111/111 111/111/111 117/117/117 
f 117/117/117 111/111/111 118/118/118 
f 111/111/111 112/112/112 118/118/118 
f 118/118/118 112/112/112 119/119/119 
f 112/112/112 112/112/112 119/119/119 
f 119/119/119 112/112/112 120/120/120 
f 112/112/112 110/110/110 120/120/120 
f 120/120/120 110/110/110 121/121/121 
f 110/110/110 122/122/122 121/121/121 
f 121/121/121 122/122/122 123/123/123 
f 122/122/122 124/124/124 123/123/123 
f 123/123/123 124/124/124 124/124/124 
f 124/124/124 110/110/110 124/124/124 
f 124/124/124 110/110/110 110/110/110 
f 110/110/110 113/113/113 110/110/110 
f 110/110/110 113/113/113 122/122/122 
f 113/113/113 122/122/122 122/122/122 
f 122/122/122 122/122/122 123/123/123 
f 122/122/122 123/123/123 123/123/123 
f 123/123/123 123/123/123 121/121/121 
f 123/123/123 125/125/125 121/121/121 
f 121/121/121 125/125/125 120/120/120 
f 125/125/125 126/126/126 120/120/120 
f 120/120/120 126/126/126 119/119/119 
f 126/126/126 127/127/127 119/119/119 
f 119/119/119 127/127/127 128/128/128 
f 127/127/127 129/129/129 128/128/128 
f 128/128/128 129/129/129 130/130/130 
f 129/129/129 131/131/131 130/130/130 
f 130/130/130 131/131/131 131/131/131 
f 131/131/131 119/119/119 131/131/131 
f 131/131/131 119/119/119 119/119/119 
f 119/119/119 128/128/128 119/119/119 
f 119/119/119 128/128/128 118/118/118 
f 128/128/128 132/132/132 118/118/118 
f 118/118/118 132/132/132 117/117/117 
f 132/132/132 132/132/132 117/117/117 
f 117/117/117 132/132/132 133/133/133 
f 132/132/132 134/134/134 133/133/133 
f 133/133/133 134/134/134 133/133/133 
f 134/134/134 135/135/135 133/133/133 
f 133/133/133 135/135/135 136/136/136 
f 135/135/135 137/137/137 136/136/136 
f 136/136/136 137/137/137 136/136/136 
f 137/137/137 138/138/138 136/136/136 
f 136/136/136 138/138/138 136/136/136 
f 138/138/138 139/139/139 136/136/136 
f 136/136/136 139/139/139 136/136/136 
f 139/139/139 140/140/140 136/136/136 
f 136/136/136 140/140/140 141/141/141 
f 140/140/140 142/142/142 141/141/141 
f 141/141/141 142/142/142 116/116/116 
f 142/142/142 142/142/142 116/116/116 
f 116/116/116 142/142/142 115/115/115 
f 142/142/142 143/143/143 115/115/115 
f 115/115/115 143/143/143 115/115/115 
f 143/143/143 144/144/144 115/115/115 
f 115/115/115 144/144/144 115/115/115 
f 144/144/144 145/145/145 115/115/115 
f 115/115/115 145/145/145 146/146/146 
f 145/145/145 147/147/147 146/146/146 
f 146/146/146 147/147/147 146/146/146 
f 147/147/147 148/148/148 146/146/146 
f 146/146/146 148/148/148 149/149/149 
f 148/148/148 150/150/150 149/149/149 
f 149/149/149 150/150/150 149/149/149 
f 150/150/150 151/151/151 149/149/149 
f 149/149/149 151/151/151 149/149/149 
f 151/151/151 152/152/152 149/149/149 
f 149/149/149 152/152/152 153/153/153 
f 152/152/152 152/152/152 153/153/153 
f 153/153/153 152/152/152 154/154/154 
f 152/152/152 155/155/155 154/154/154 
f 154/154/154 155/155/155 156/156/156 
f 155/155/155 157/157/157 156/156/156 
f 156/156/156 157/157/157 156/156/156 
f 157/157/157 158/158/158 156/156/156 
f 156/156/156 158/158/158 156/156/156 
f 158/158/158 159/159/159 156/156/156 
f 156/156/156 159/159/159 156/156/156 
f 159/159/159 160/160/160 156/156/156 
f 156/156/156 160/160/160 161/161/161 
f 160/160/160 162/162/162 161/161/161 
f 161/161/161 162/162/162 162/162/162 
f 162/162/162 128/128/128 162/162/162 
f 162/162/162 128/128/128 128/128/128 
f 128/128/128 130/130/130 128/128/128 
f 128/128/128 130/130/130 132/132/132 
f 130/130/130 134/134/134 132/132/132 
f 132/132/132 134/134/134 134/134/134 
f 134/134/134 136/136/136 134/134/134 
f 134/134/134 136/136/136 136/136/136 
f 136/136/136 141/141/141 136/136/136 
f 136/136/136 141/141/141 133/133/133 
f 141/141/141 141/141/141 133/133/133 
f 133/133/133 141/141/141 117/117/117 
f 141/141/141 116/116/116 117/117/117 
f 117/117/117 116/116/116 116/116/116 
f 116/116/116 156/156/156 116/116/116 
f 116/116/116 156/156/156 156/156/156 
f 156/156/156 161/161/161 156/156/156 
f 156/156/156 161/161/161 154/154/154 
f 161/161/161 163/163/163 154/154/154 
f 154/154/154 163/163/163 153/153/153 
f 163/163/163 164/164/164 153/153/153 
f 153/153/153 164/164/164 149/149/149 
f 164/164/164 165/165/165 149/149/149 
f 149/149/149 165/165/165 114/114/114 
f 165/165/165 165/165/165 114/114/114 
f 114/114/114 165/165/165 113/113/113 
f 165/165/165 166/166/166 113/113/113 
f 113/113/113 166/166/166 122/122/122 
f 166/166/166 167/167/167 122/122/122 
f 122/122/122 167/167/167 168/168/168 
f 167/167/167 167/167/167 168/168/168 
f 168/168/168 167/167/167 169/169/169 
f 167/167/167 170/170/170 169/169/169 
f 169/169/169 170/170/170 171/171/171 
f 170/170/170 171/171/171 171/171/171 
f 171/171/171 171/171/171 149/149/149 
f 171/171/171 149/149/149 149/149/149 
f 149/149/149 149/149/149 146/146/146 
f 149/149/149 114/114/114 146/146/146 
f 146/146/146 114/114/114 115/115/115 
f 114/114/114 115/115/115 115/115/115 
f 115/115/115 115/115/115 165/165/165 
f 115/115/115 165/165/165 165/165/165 
f 165/165/165 165/165/165 166/166/166 
f 165/165/165 164/164/164 166/166/166 
f 166/166/166 164/164/164 166/166/166 
f 164/164/164 172/172/172 166/166/166 
f 166/166/166 172/172/172 170/170/170 
f 172/172/172 173/173/173 170/170/170 
f 170/170/170 173/173/173 171/171/171 
f 173/173/173 173/173/173 171/171/171 
f 171/171/171 173/173/173 174/174/174 
f 173/173/173 175/175/175 174/174/174 
f 174/174/174 175/175/175 176/176/176 
f 175/175/175 177/177/177 176/176/176 
f 176/176/176 177/177/177 178/178/178 
f 177/177/177 178/178/178 178/178/178 
f 178/178/178 178/178/178 122/122/122 
f 178/178/178 122/122/122 122/122/122 
f 122/122/122 122/122/122 124/124/124 
f 122/122/122 168/168/168 124/124/124 
f 124/124/124 168/168/168 168/168/168 
f 168/168/168 166/166/166 168/168/168 
f 168/168/168 166/166/166 166/166/166 
f 166/166/166 170/170/170 166/166/166 
f 166/166/166 170/170/170 167/167/167 
f 170/170/170 167/167/167 167/167/167 
f 167/167/167 167/167/167 175/175/175 
f 167/167/167 175/175/175 175/175/175 
f 175/175/175 175/175/175 177/177/177 
f 175/175/175 179/179/179 177/177/177 
f 177/177/177 179/179/179 162/162/162 
f 179/179/179 179/179/179 162/162/162 
f 162/162/162 179/179/179 161/161/161 
f 179/179/179 179/179/179 161/161/161 
f 161/161/161 179/179/179 163/163/163 
f 179/179/179 180/180/180 163/163/163 
f 163/163/163 180/180/180 164/164/164 
f 180/180/180 180/180/180 164/164/164 
f 164/164/164 180/180/180 172/172/172 
f 180/180/180 180/180/180 172/172/172 
f 172/172/172 180/180/180 173/173/173 
f 180/180/180 180/180/180 173/173/173 
f 173/173/173 180/180/180 175/175/175 
f 180/180/180 179/179/179 175/175/175 
f 175/175/175 179/179/179 179/179/179 
f 179/179/179 181/181/181 179/179/179 
f 179/179/179 181/181/181 181/181/181 
f 181/181/181 182/182/182 181/181/181 
f 181/181/181 182/182/182 183/183/183 
f 182/182/182 184/184/184 183/183/183 
f 183/183/183 184/184/184 16/16/16 
f 184/184/184 184/184/184 16/16/16 
f 16/16/16 184/184/184 15/15/15 
f 184/184/184 184/184/184 15/15/15 
f 15/15/15 184/184/184 185/185/185 
f 184/184/184 186/186/186 185/185/185 
f 185/185/185 186/186/186 185/185/185 
f 186/186/186 187/187/187 185/185/185 
f 185/185/185 187/187/187 188/188/188 
f 187/187/187 62/62/62 188/188/188 
f 188/188/188 62/62/62 188/188/188 
f 62/62/62 56/56/56 188/188/188 
f 188/188/188 56/56/56 188/188/188 
f 56/56/56 32/32/32 188/188/188 
f 188/188/188 32/32/32 188/188/188 
f 32/32/32 31/31/31 188/188/188 
f 188/188/188 31/31/31 185/185/185 
f 31/31/31 15/15/15 185/185/185 
f 185/185/185 15/15/15 15/15/15 
f 15/15/15 182/182/182 15/15/15 
f 15/15/15 182/182/182 182/182/182 
f 182/182/182 189/189/189 182/182/182 
f 182/182/182 189/189/189 184/184/184 
f 189/189/189 186/186/186 184/184/184 
f 184/184/184 186/186/186 186/186/186 
f 186/186/186 190/190/190 186/186/186 
f 186/186/186 190/190/190 190/190/190 
f 190/190/190 191/191/191 190/190/190 
f 190/190/190 191/191/191 192/192/192 
f 191/191/191 191/191/191 192/192/192 
f 192/192/192 191/191/191 193/193/193 
f 191/191/191 194/194/194 193/193/193 
f 193/193/193 194/194/194 193/193/193 
f 194/194/194 195/195/195 193/193/193 
f 193/193/193 195/195/195 196/196/196 
f 195/195/195 197/197/197 196/196/196 
f 196/196/196 197/197/197 198/198/198 
f 197/197/197 199/199/199 198/198/198 
f 198/198/198 199/199/199 198/198/198 
f 199/199/199 200/200/200 198/198/198 
f 198/198/198 200/200/200 201/201/201 
f 200/200/200 202/202/202 201/201/201 
f 201/201/201 202/202/202 202/202/202 
f 202/202/202 195/195/195 202/202/202 
f 202/202/202 195/195/195 195/195/195 
f 195/195/195 203/203/203 195/195/195 
f 195/195/195 203/203/203 197/197/197 
f 203/203/203 204/204/204 197/197/197 
f 197/197/197 204/204/204 199/199/199 
f 204/204/204 199/199/199 199/199/199 
f 199/199/199 199/199/199 201/201/201 
f 199/199/199 201/201/201 201/201/201 
f 201/201/201 201/201/201 198/198/198 
f 201/201/201 205/205/205 198/198/198 
f 198/198/198 205/205/205 196/196/196 
f 205/205/205 206/206/206 196/196/196 
f 196/196/196 206/206/206 193/193/193 
f 206/206/206 206/206/206 193/193/193 
f 193/193/193 206/206/206 192/192/192 
f 206/206/206 206/206/206 192/192/192 
f 192/192/192 206/206/206 207/207/207 
f 206/206/206 206/206/206 207/207/207 
f 207/207/207 206/206/206 208/208/208 
f 206/206/206 209/209/209 208/208/208 
f 208/208/208 209/209/209 210/210/210 
f 209/209/209 211/211/211 210/210/210 
f 210/210/210 211/211/211 212/212/212 
f 211/211/211 211/211/211 212/212/212 
f 212/212/212 211/211/211 213/213/213 
f 211/211/211 214/214/214 213/213/213 
f 213/213/213 214/214/214 215/215/215 
f 214/214/214 214/214/214 215/215/215 
f 215/215/215 214/214/214 216/216/216 
f 214/214/214 217/217/217 216/216/216 
f 216/216/216 217/217/217 218/218/218 
f 217/217/217 217/217/217 218/218/218 
f 218/218/218 217/217/217 202/202/202 
f 217/217/217 217/217/217 202/202/202 
f 202/202/202 217/217/217 201/201/201 
f 217/217/217 219/219/219 201/201/201 
f 201/201/201 219/219/219 205/205/205 
f 219/219/219 209/209/209 205/205/205 
f 205/205/205 209/209/209 206/206/206 
f 209/209/209 206/206/206 206/206/206 
f 206/206/206 206/206/206 216/216/216 
f 206/206/206 216/216/216 216/216/216 
f 216/216/216 216/216/216 220/220/220 
f 216/216/216 218/218/218 220/220/220 
f 220/220/220 218/218/218 218/218/218 
f 218/218/218 217/217/217 218/218/218 
f 218/218/218 217/217/217 217/217/217 
f 217/217/217 214/214/214 217/217/217 
f 217/217/217 214/214/214 219/219/219 
f 214/214/214 211/211/211 219/219/219 
f 219/219/219 211/211/211 209/209/209 
f 211/211/211 209/209/209 209/209/209 
f 209/209/209 209/209/209 221/221/221 
f 209/209/209 221/221/221 221/221/221 
f 221/221/221 221/221/221 222/222/222 
f 221/221/221 223/223/223 222/222/222 
f 222/222/222 223/223/223 224/224/224 
f 223/223/223 225/225/225 224/224/224 
f 224/224/224 225/225/225 226/226/226 
f 225/225/225 227/227/227 226/226/226 
f 226/226/226 227/227/227 228/228/228 
f 227/227/227 229/229/229 228/228/228 
f 228/228/228 229/229/229 230/230/230 
f 229/229/229 229/229/229 230/230/230 
f 230/230/230 229/229/229 231/231/231 
f 229/229/229 229/229/229 231/231/231 
f 231/231/231 229/229/229 232/232/232 
f 229/229/229 233/233/233 232/232/232 
f 232/232/232 233/233/233 234/234/234 
f 233/233/233 233/233/233 234/234/234 
f 234/234/234 233/233/233 235/235/235 
f 233/233/233 236/236/236 235/235/235 
f 235/235/235 236/236/236 237/237/237 
f 236/236/236 236/236/236 237/237/237 
f 237/237/237 236/236/236 238/238/238 
f 236/236/236 239/239/239 238/238/238 
f 238/238/238 239/239/239 240/240/240 
f 239/239/239 240/240/240 240/240/240 
f 240/240/240 240/240/240 221/221/221 
f 240/240/240 221/221/221 221/221/221 
f 221/221/221 221/221/221 223/223/223 
f 221/221/221 241/241/241 223/223/223 
f 223/223/223 241/241/241 242/242/242 
f 241/241/241 243/243/243 242/242/242 
f 242/242/242 243/243/243 243/243/243 
f 243/243/243 225/225/225 243/243/243 
f 243/243/243 225/225/225 225/225/225 
f 225/225/225 223/223/223 225/225/225 
f 225/225/225 223/223/223 242/242/242 
f 223/223/223 242/242/242 242/242/242 
f 242/242/242 242/242/242 235/235/235 
f 242/242/242 235/235/235 235/235/235 
f 235/235/235 235/235/235 244/244/244 
f 235/235/235 237/237/237 244/244/244 
f 244/244/244 237/237/237 237/237/237 
f 237/237/237 239/239/239 237/237/237 
f 237/237/237 239/239/239 239/239/239 
f 239/239/239 236/236/236 239/239/239 
f 239/239/239 236/236/236 245/245/245 
f 236/236/236 233/233/233 245/245/245 
f 245/245/245 233/233/233 245/245/245 
f 233/233/233 229/229/229 245/245/245 
f 245/245/245 229/229/229 245/245/245 
f 229/229/229 227/227/227 245/245/245 
f 245/245/245 227/227/227 246/246/246 
f 227/227/227 225/225/225 246/246/246 
f 246/246/246 225/225/225 225/225/225 
f 225/225/225 245/245/245 225/225/225 
f 225/225/225 245/245/245 245/245/245 
f 245/245/245 246/246/246 245/245/245 
f 245/245/245 246/246/246 239/239/239 
f 246/246/246 247/247/247 239/239/239 
f 239/239/239 247/247/247 240/240/240 
f 247/247/247 247/247/247 240/240/240 
f 240/240/240 247/247/247 248/248/248 
f 247/247/247 249/249/249 248/248/248 
f 248/248/248 249/249/249 250/250/250 
f 249/249/249 249/249/249 250/250/250 
f 250/250/250 249/249/249 251/251/251 
f 249/249/249 249/249/249 251/251/251 
f 251/251/251 249/249/249 243/243/243 
f 249/249/249 252/252/252 243/243/243 
f 243/243/243 252/252/252 242/242/242 
f 252/252/252 252/252/252 242/242/242 
f 242/242/242 252/252/252 225/225/225 
f 252/252/252 252/252/252 225/225/225 
f 225/225/225 252/252/252 246/246/246 
f 252/252/252 252/252/252 246/246/246 
f 246/246/246 252/252/252 247/247/247 
f 252/252/252 249/249/249 247/247/247 
f 247/247/247 249/249/249 249/249/249 
f 249/249/249 253/253/253 249/249/249 
f 249/249/249 253/253/253 253/253/253 
f 253/253/253 254/254/254 253/253/253 
f 253/253/253 254/254/254 255/255/255 
f 254/254/254 254/254/254 255/255/255 
f 255/255/255 254/254/254 256/256/256 
f 254/254/254 257/257/257 256/256/256 
f 256/256/256 257/257/257 258/258/258 
f 257/257/257 259/259/259 258/258/258 
f 258/258/258 259/259/259 260/260/260 
f 259/259/259 259/259/259 260/260/260 
f 260/260/260 259/259/259 261/261/261 
f 259/259/259 262/262/262 261/261/261 
f 261/261/261 262/262/262 263/263/263 
f 262/262/262 263/263/263 263/263/263 
f 263/263/263 263/263/263 262/262/262 
f 263/263/263 262/262/262 262/262/262 
f 262/262/262 262/262/262 264/264/264 
f 262/262/262 259/259/259 264/264/264 
f 264/264/264 259/259/259 264/264/264 
f 259/259/259 257/257/257 264/264/264 
f 264/264/264 257/257/257 265/265/265 
f 257/257/257 254/254/254 265/265/265 
f 265/265/265 254/254/254 266/266/266 
f 254/254/254 253/253/253 266/266/266 
f 266/266/266 253/253/253 266/266/266 
f 253/253/253 267/267/267 266/266/266 
f 266/266/266 267/267/267 266/266/266 
f 267/267/267 268/268/268 266/266/266 
f 266/266/266 268/268/268 266/266/266 
f 268/268/268 269/269/269 266/266/266 
f 266/266/266 269/269/269 266/266/266 
f 269/269/269 270/270/270 266/266/266 
f 266/266/266 270/270/270 265/265/265 
f 270/270/270 271/271/271 265/265/265 
f 265/265/265 271/271/271 264/264/264 
f 271/271/271 264/264/264 264/264/264 
f 264/264/264 264/264/264 270/270/270 
f 264/264/264 270/270/270 270/270/270 
f 270/270/270 270/270/270 271/271/271 
f 270/270/270 272/272/272 271/271/271 
f 271/271/271 272/272/272 273/273/273 
f 272/272/272 274/274/274 273/273/273 
f 273/273/273 274/274/274 275/275/275 
f 274/274/274 274/274/274 275/275/275 
f 275/275/275 274/274/274 276/276/276 
f 274/274/274 277/277/277 276/276/276 
f 276/276/276 277/277/277 278/278/278 
f 277/277/277 277/277/277 278/278/278 
f 278/278/278 277/277/277 279/279/279 
f 277/277/277 280/280/280 279/279/279 
f 279/279/279 280/280/280 281/281/281 
f 280/280/280 280/280/280 281/281/281 
f 281/281/281 280/280/280 282/282/282 
f 280/280/280 277/277/277 282/282/282 
f 282/282/282 277/277/277 283/283/283 
f 277/277/277 274/274/274 283/283/283 
f 283/283/283 274/274/274 283/283/283 
f 274/274/274 272/272/272 283/283/283 
f 283/283/283 272/272/272 284/284/284 
f 272/272/272 270/270/270 284/284/284 
f 284/284/284 270/270/270 284/284/284 
f 270/270/270 269/269/269 284/284/284 
f 284/284/284 269/269/269 285/285/285 
f 269/269/269 268/268/268 285/285/285 
f 285/285/285 268/268/268 285/285/285 
f 268/268/268 286/286/286 285/285/285 
f 285/285/285 286/286/286 287/287/287 
f 286/286/286 288/288/288 287/287/287 
f 287/287/287 288/288/288 287/287/287 
f 288/288/288 289/289/289 287/287/287 
f 287/287/287 289/289/289 287/287/287 
f 289/289/289 290/290/290 287/287/287 
f 287/287/287 290/290/290 287/287/287 
f 290/290/290 291/291/291 287/287/287 
f 287/287/287 291/291/291 292/292/292 
f 291/291/291 282/282/282 292/292/292 
f 292/292/292 282/282/282 292/292/292 
f 282/282/282 283/283/283 292/292/292 
f 292/292/292 283/283/283 292/292/292 
f 283/283/283 284/284/284 292/292/292 
f 292/292/292 284/284/284 292/292/292 
f 284/284/284 285/285/285 292/292/292 
f 292/292/292 285/285/285 287/287/287 
f 285/285/285 287/287/287 287/287/287 
f 287/287/287 287/287/287 293/293/293 
f 287/287/287 293/293/293 293/293/293 
f 293/293/293 293/293/293 294/294/294 
f 293/293/293 295/295/295 294/294/294 
f 294/294/294 295/295/295 294/294/294 
f 295/295/295 296/296/296 294/294/294 
f 294/294/294 296/296/296 297/297/297 
f 296/296/296 298/298/298 297/297/297 
f 297/297/297 298/298/298 297/297/297 
f 298/298/298 299/299/299 297/297/297 
f 297/297/297 299/299/299 300/300/300 
f 299/299/299 299/299/299 300/300/300 
f 300/300/300 299/299/299 301/301/301 
f 299/299/299 302/302/302 301/301/301 
f 301/301/301 302/302/302 303/303/303 
f 302/302/302 304/304/304 303/303/303 
f 303/303/303 304/304/304 303/303/303 
f 304/304/304 305/305/305 303/303/303 
f 303/303/303 305/305/305 303/303/303 
f 305/305/305 306/306/306 303/303/303 
f 303/303/303 306/306/306 307/307/307 
f 306/306/306 308/308/308 307/307/307 
f 307/307/307 308/308/308 307/307/307 
f 308/308/308 309/309/309 307/307/307 
f 307/307/307 309/309/309 307/307/307 
f 309/309/309 310/310/310 307/307/307 
f 307/307/307 310/310/310 311/311/311 
f 310/310/310 312/312/312 311/311/311 
f 311/311/311 312/312/312 313/313/313 
f 312/312/312 314/314/314 313/313/313 
f 313/313/313 314/314/314 313/313/313 
f 314/314/314 315/315/315 313/313/313 
f 313/313/313 315/315/315 300/300/300 
f 315/315/315 315/315/315 300/300/300 
f 300/300/300 315/315/315 297/297/297 
f 315/315/315 316/316/316 297/297/297 
f 297/297/297 316/316/316 294/294/294 
f 316/316/316 317/317/317 294/294/294 
f 294/294/294 317/317/317 293/293/293 
f 317/317/317 293/293/293 293/293/293 
f 293/293/293 293/293/293 307/307/307 
f 293/293/293 307/307/307 307/307/307 
f 307/307/307 307/307/307 303/303/303 
f 307/307/307 311/311/311 303/303/303 
f 303/303/303 311/311/311 301/301/301 
f 311/311/311 313/313/313 301/301/301 
f 301/301/301 313/313/313 300/300/300 
f 313/313/313 300/300/300 300/300/300 
f 300/300/300 300/300/300 318/318/318 
f 300/300/300 318/318/318 318/318/318 
f 318/318/318 318/318/318 319/319/319 
f 318/318/318 317/317/317 319/319/319 
f 319/319/319 317/317/317 319/319/319 
f 317/317/317 316/316/316 319/319/319 
f 319/319/319 316/316/316 320/320/320 
f 316/316/316 315/315/315 320/320/320 
f 320/320/320 315/315/315 314/314/314 
f 315/315/315 314/314/314 314/314/314 
f 314/314/314 314/314/314 321/321/321 
f 314/314/314 321/321/321 321/321/321 
f 321/321/321 321/321/321 322/322/322 
f 321/321/321 323/323/323 322/322/322 
f 322/322/322 323/323/323 324/324/324 
f 323/323/323 325/325/325 324/324/324 
f 324/324/324 325/325/325 326/326/326 
f 325/325/325 327/327/327 326/326/326 
f 326/326/326 327/327/327 328/328/328 
f 327/327/327 327/327/327 328/328/328 
f 328/328/328 327/327/327 329/329/329 
f 327/327/327 330/330/330 329/329/329 
f 329/329/329 330/330/330 329/329/329 
f 330/330/330 331/331/331 329/329/329 
f 329/329/329 331/331/331 332/332/332 
f 331/331/331 333/333/333 332/332/332 
f 332/332/332 333/333/333 334/334/334 
f 333/333/333 334/334/334 334/334/334 
f 334/334/334 334/334/334 335/335/335 
f 334/334/334 335/335/335 335/335/335 
f 335/335/335 335/335/335 336/336/336 
f 335/335/335 337/337/337 336/336/336 
f 336/336/336 337/337/337 338/338/338 
f 337/337/337 339/339/339 338/338/338 
f 338/338/338 339/339/339 340/340/340 
f 339/339/339 341/341/341 340/340/340 
f 340/340/340 341/341/341 342/342/342 
f 341/341/341 341/341/341 342/342/342 
f 342/342/342 341/341/341 343/343/343 
f 341/341/341 344/344/344 343/343/343 
f 343/343/343 344/344/344 343/343/343 
f 344/344/344 345/345/345 343/343/343 
f 343/343/343 345/345/345 346/346/346 
f 345/345/345 346/346/346 346/346/346 
f 346/346/346 346/346/346 347/347/347 
f 346/346/346 347/347/347 347/347/347 
f 347/347/347 347/347/347 348/348/348 
f 347/347/347 349/349/349 348/348/348 
f 348/348/348 349/349/349 350/350/350 
f 349/349/349 351/351/351 350/350/350 
f 350/350/350 351/351/351 352/352/352 
f 351/351/351 352/352/352 352/352/352 
f 352/352/352 352/352/352 351/351/351 
f 352/352/352 351/351/351 351/351/351 
f 351/351/351 351/351/351 353/353/353 
f 351/351/351 349/349/349 353/353/353 
f 353/353/353 349/349/349 354/354/354 
f 349/349/349 347/347/347 354/354/354 
f 354/354/354 347/347/347 347/347/347 
f 347/347/347 354/354/354 347/347/347 
f 347/347/347 354/354/354 354/354/354 
f 354/354/354 355/355/355 354/354/354 
f 354/354/354 355/355/355 353/353/353 
f 355/355/355 356/356/356 353/353/353 
f 353/353/353 356/356/356 357/357/357 
f 356/356/356 358/358/358 357/357/357 
f 357/357/357 358/358/358 359/359/359 
f 358/358/358 359/359/359 359/359/359 
f 359/359/359 359/359/359 348/348/348 
f 359/359/359 348/348/348 348/348/348 
f 348/348/348 348/348/348 360/360/360 
f 348/348/348 350/350/350 360/360/360 
f 360/360/360 350/350/350 361/361/361 
f 350/350/350 362/362/362 361/361/361 
f 361/361/361 362/362/362 363/363/363 
f 362/362/362 352/352/352 363/363/363 
f 363/363/363 352/352/352 363/363/363 
f 352/352/352 364/364/364 363/363/363 
f 363/363/363 364/364/364 363/363/363 
f 364/364/364 365/365/365 363/363/363 
f 363/363/363 365/365/365 363/363/363 
f 365/365/365 366/366/366 363/363/363 
f 363/363/363 366/366/366 367/367/367 
f 366/366/366 368/368/368 367/367/367 
f 367/367/367 368/368/368 368/368/368 
f 368/368/368 352/352/352 368/368/368 
f 368/368/368 352/352/352 352/352/352 
f 352/352/352 362/362/362 352/352/352 
f 352/352/352 362/362/362 350/350/350 
f 362/362/362 350/350/350 350/350/350 
f 350/350/350 350/350/350 361/361/361 
f 350/350/350 361/361/361 361/361/361 
f 361/361/361 361/361/361 367/367/367 
f 361/361/361 363/363/363 367/367/367 
f 367/367/367 363/363/363 363/363/363 
f 363/363/363 369/369/369 363/363/363 
f 363/363/363 369/369/369 369/369/369 
f 369/369/369 370/370/370 369/369/369 
f 369/369/369 370/370/370 371/371/371 
f 370/370/370 372/372/372 371/371/371 
f 371/371/371 372/372/372 373/373/373 
f 372/372/372 372/372/372 373/373/373 
f 373/373/373 372/372/372 374/374/374 
f 372/372/372 375/375/375 374/374/374 
f 374/374/374 375/375/375 374/374/374 
f 375/375/375 376/376/376 374/374/374 
f 374/374/374 376/376/376 374/374/374 
f 376/376/376 377/377/377 374/374/374 
f 374/374/374 377/377/377 374/374/374 
f 377/377/377 378/378/378 374/374/374 
f 374/374/374 378/378/378 374/374/374 
f 378/378/378 379/379/379 374/374/374 
f 374/374/374 379/379/379 373/373/373 
f 379/379/379 380/380/380 373/373/373 
f 373/373/373 380/380/380 371/371/371 
f 380/380/380 371/371/371 371/371/371 
f 371/371/371 371/371/371 369/369/369 
f 371/371/371 369/369/369 369/369/369 
f 369/369/369 369/369/369 370/370/370 
f 369/369/369 381/381/381 370/370/370 
f 370/370/370 381/381/381 370/370/370 
f 381/381/381 382/382/382 370/370/370 
f 370/370/370 382/382/382 370/370/370 
f 382/382/382 375/375/375 370/370/370 
f 370/370/370 375/375/375 372/372/372 
f 375/375/375 372/372/372 372/372/372 
f 372/372/372 372/372/372 379/379/379 
f 372/372/372 379/379/379 379/379/379 
f 379/379/379 379/379/379 380/380/380 
f 379/379/379 378/378/378 380/380/380 
f 380/380/380 378/378/378 383/383/383 
f 378/378/378 377/377/377 383/383/383 
f 383/383/383 377/377/377 383/383/383 
f 377/377/377 384/384/384 383/383/383 
f 383/383/383 384/384/384 385/385/385 
f 384/384/384 384/384/384 385/385/385 
f 385/385/385 384/384/384 386/386/386 
f 384/384/384 384/384/384 386/386/386 
f 386/386/386 384/384/384 387/387/387 
f 384/384/384 388/388/388 387/387/387 
f 387/387/387 388/388/388 389/389/389 
f 388/388/388 388/388/388 389/389/389 
f 389/389/389 388/388/388 390/390/390 
f 388/388/388 388/388/388 390/390/390 
f 390/390/390 388/388/388 391/391/391 
f 388/388/388 384/384/384 391/391/391 
f 391/391/391 384/384/384 392/392/392 
f 384/384/384 377/377/377 392/392/392 
f 392/392/392 377/377/377 392/392/392 
f 377/377/377 376/376/376 392/392/392 
f 392/392/392 376/376/376 391/391/391 
f 376/376/376 393/393/393 391/391/391 
f 391/391/391 393/393/393 390/390/390 
f 393/393/393 394/394/394 390/390/390 
f 390/390/390 394/394/394 389/389/389 
f 394/394/394 395/395/395 389/389/389 
f 389/389/389 395/395/395 396/396/396 
f 395/395/395 395/395/395 396/396/396 
f 396/396/396 395/395/395 397/397/397 
f 395/395/395 393/393/393 397/397/397 
f 397/397/397 393/393/393 398/398/398 
f 393/393/393 376/376/376 398/398/398 
f 398/398/398 376/376/376 399/399/399 
f 376/376/376 375/375/375 399/399/399 
f 399/399/399 375/375/375 400/400/400 
f 375/375/375 382/382/382 400/400/400 
f 400/400/400 382/382/382 401/401/401 
f 382/382/382 381/381/381 401/401/401 
f 401/401/401 381/381/381 401/401/401 
f 381/381/381 402/402/402 401/401/401 
f 401/401/401 402/402/402 401/401/401 
f 402/402/402 396/396/396 401/401/401 
f 401/401/401 396/396/396 401/401/401 
f 396/396/396 397/397/397 401/401/401 
f 401/401/401 397/397/397 401/401/401 
f 397/397/397 398/398/398 401/401/401 
f 401/401/401 398/398/398 400/400/400 
f 398/398/398 399/399/399 400/400/400 
f 400/400/400 399/399/399 399/399/399 
f 399/399/399 380/380/380 399/399/399 
f 399/399/399 380/380/380 380/380/380 
f 380/380/380 383/383/383 380/380/380 
f 380/380/380 383/383/383 385/385/385 
f 383/383/383 385/385/385 385/385/385 
f 385/385/385 385/385/385 394/394/394 
f 385/385/385 394/394/394 394/394/394 
f 394/394/394 394/394/394 395/395/395 
f 394/394/394 393/393/393 395/395/395 
f 395/395/395 393/393/393 393/393/393 
f 393/393/393 403/403/403 393/393/393 
f 393/393/393 403/403/403 403/403/403 
f 403/403/403 404/404/404 403/403/403 
f 403/403/403 404/404/404 405/405/405 
f 404/404/404 404/404/404 405/405/405 
f 405/405/405 404/404/404 406/406/406 
f 404/404/404 404/404/404 406/406/406 
f 406/406/406 404/404/404 407/407/407 
f 404/404/404 408/408/408 407/407/407 
f 407/407/407 408/408/408 407/407/407 
f 408/408/408 409/409/409 407/407/407 
f 407/407/407 409/409/409 410/410/410 
f 409/409/409 411/411/411 410/410/410 
f 410/410/410 411/411/411 412/412/412 
f 411/411/411 411/411/411 412/412/412 
f 412/412/412 411/411/411 413/413/413 
f 411/411/411 414/414/414 413/413/413 
f 413/413/413 414/414/414 413/413/413 
f 414/414/414 415/415/415 413/413/413 
f 413/413/413 415/415/415 416/416/416 
f 415/415/415 417/417/417 416/416/416 
f 416/416/416 417/417/417 418/418/418 
f 417/417/417 417/417/417 418/418/418 
f 418/418/418 417/417/417 419/419/419 
f 417/417/417 404/404/404 419/419/419 
f 419/419/419 404/404/404 403/403/403 
f 404/404/404 403/403/403 403/403/403 
f 403/403/403 403/403/403 404/404/404 
f 403/403/403 404/404/404 404/404/404 
f 404/404/404 404/404/404 408/408/408 
f 404/404/404 417/417/417 408/408/408 
f 408/408/408 417/417/417 417/417/417 
f 417/417/417 418/418/418 417/417/417 
f 417/417/417 418/418/418 418/418/418 
f 418/418/418 420/420/420 418/418/418 
f 418/418/418 420/420/420 416/416/416 
f 420/420/420 421/421/421 416/416/416 
f 416/416/416 421/421/421 413/413/413 
f 421/421/421 422/422/422 413/413/413 
f 413/413/413 422/422/422 412/412/412 
f 422/422/422 423/423/423 412/412/412 
f 412/412/412 423/423/423 410/410/410 
f 423/423/423 424/424/424 410/410/410 
f 410/410/410 424/424/424 410/410/410 
f 424/424/424 425/425/425 410/410/410 
f 410/410/410 425/425/425 407/407/407 
f 425/425/425 426/426/426 407/407/407 
f 407/407/407 426/426/426 407/407/407 
f 426/426/426 427/427/427 407/407/407 
f 407/407/407 427/427/427 406/406/406 
f 427/427/427 428/428/428 406/406/406 
f 406/406/406 428/428/428 405/405/405 
f 428/428/428 429/429/429 405/405/405 
f 405/405/405 429/429/429 429/429/429 
f 429/429/429 428/428/428 429/429/429 
f 429/429/429 428/428/428 428/428/428 
f 428/428/428 427/427/427 428/428/428 
f 428/428/428 427/427/427 430/430/430 
f 427/427/427 430/430/430 430/430/430 
f 430/430/430 430/430/430 431/431/431 
f 430/430/430 431/431/431 431/431/431 
f 431/431/431 431/431/431 432/432/432 
f 431/431/431 433/433/433 432/432/432 
f 432/432/432 433/433/433 434/434/434 
f 433/433/433 435/435/435 434/434/434 
f 434/434/434 435/435/435 436/436/436 
f 435/435/435 437/437/437 436/436/436 
f 436/436/436 437/437/437 438/438/438 
f 437/437/437 439/439/439 438/438/438 
f 438/438/438 439/439/439 440/440/440 
f 439/439/439 440/440/440 440/440/440 
f 440/440/440 440/440/440 441/441/441 
f 440/440/440 441/441/441 441/441/441 
f 441/441/441 441/441/441 442/442/442 
f 441/441/441 443/443/443 442/442/442 
f 442/442/442 443/443/443 442/442/442 
f 443/443/443 444/444/444 442/442/442 
f 442/442/442 444/444/444 445/445/445 
f 444/444/444 444/444/444 445/445/445 
f 445/445/445 444/444/444 446/446/446 
f 444/444/444 447/447/447 446/446/446 
f 446/446/446 447/447/447 448/448/448 
f 447/447/447 449/449/449 448/448/448 
f 448/448/448 449/449/449 450/450/450 
f 449/449/449 449/449/449 450/450/450 
f 450/450/450 449/449/449 451/451/451 
f 449/449/449 452/452/452 451/451/451 
f 451/451/451 452/452/452 453/453/453 
f 452/452/452 453/453/453 453/453/453 
f 453/453/453 453/453/453 452/452/452 
f 453/453/453 452/452/452 452/452/452 
f 452/452/452 452/452/452 454/454/454 
f 452/452/452 449/449/449 454/454/454 
f 454/454/454 449/449/449 454/454/454 
f 449/449/449 447/447/447 454/454/454 
f 454/454/454 447/447/447 455/455/455 
f 447/447/447 444/444/444 455/455/455 
f 455/455/455 444/444/444 455/455/455 
f 444/444/444 443/443/443 455/455/455 
f 455/455/455 443/443/443 455/455/455 
f 443/443/443 456/456/456 455/455/455 
f 455/455/455 456/456/456 455/455/455 
f 456/456/456 457/457/457 455/455/455 
f 455/455/455 457/457/457 458/458/458 
f 457/457/457 459/459/459 458/458/458 
f 458/458/458 459/459/459 460/460/460 
f 459/459/459 461/461/461 460/460/460 
f 460/460/460 461/461/461 460/460/460 
f 461/461/461 462/462/462 460/460/460 
f 460/460/460 462/462/462 463/463/463 
f 462/462/462 464/464/464 463/463/463 
f 463/463/463 464/464/464 464/464/464 
f 464/464/464 455/455/455 464/464/464 
f 464/464/464 455/455/455 455/455/455 
f 455/455/455 458/458/458 455/455/455 
f 455/455/455 458/458/458 454/454/454 
f 458/458/458 465/465/465 454/454/454 
f 454/454/454 465/465/465 452/452/452 
f 465/465/465 466/466/466 452/452/452 
f 452/452/452 466/466/466 453/453/453 
f 466/466/466 466/466/466 453/453/453 
f 453/453/453 466/466/466 467/467/467 
f 466/466/466 466/466/466 467/467/467 
f 467/467/467 466/466/466 468/468/468 
f 466/466/466 463/463/463 468/468/468 
f 468/468/468 463/463/463 468/468/468 
f 463/463/463 464/464/464 468/468/468 
f 468/468/468 464/464/464 468/468/468 
f 464/464/464 469/469/469 468/468/468 
f 468/468/468 469/469/469 470/470/470 
f 469/469/469 471/471/471 470/470/470 
f 470/470/470 471/471/471 471/471/471 
f 471/471/471 458/458/458 471/471/471 
f 471/471/471 458/458/458 458/458/458 
f 458/458/458 460/460/460 458/458/458 
f 458/458/458 460/460/460 465/465/465 
f 460/460/460 463/463/463 465/465/465 
f 465/465/465 463/463/463 466/466/466 
f 463/463/463 466/466/466 466/466/466 
f 466/466/466 466/466/466 468/468/468 
f 466/466/466 468/468/468 468/468/468 
f 468/468/468 468/468/468 467/467/467 
f 468/468/468 470/470/470 467/467/467 
f 467/467/467 470/470/470 470/470/470 
f 470/470/470 472/472/472 470/470/470 
f 470/470/470 472/472/472 472/472/472 
f 472/472/472 473/473/473 472/472/472 
f 472/472/472 473/473/473 474/474/474 
f 473/473/473 475/475/475 474/474/474 
f 474/474/474 475/475/475 475/475/475 
f 475/475/475 472/472/472 475/475/475 
f 475/475/475 472/472/472 472/472/472 
f 472/472/472 474/474/474 472/472/472 
f 472/472/472 474/474/474 476/476/476 
f 474/474/474 477/477/477 476/476/476 
f 476/476/476 477/477/477 478/478/478 
f 477/477/477 479/479/479 478/478/478 
f 478/478/478 479/479/479 480/480/480 
f 479/479/479 481/481/481 480/480/480 
f 480/480/480 481/481/481 482/482/482 
f 481/481/481 481/481/481 482/482/482 
f 482/482/482 481/481/481 483/483/483 
f 481/481/481 484/484/484 483/483/483 
f 483/483/483 484/484/484 485/485/485 
f 484/484/484 485/485/485 485/485/485 
f 485/485/485 485/485/485 484/484/484 
f 485/485/485 484/484/484 484/484/484 
f 484/484/484 484/484/484 486/486/486 
f 484/484/484 481/481/481 486/486/486 
f 486/486/486 481/481/481 486/486/486 
f 481/481/481 479/479/479 486/486/486 
f 486/486/486 479/479/479 487/487/487 
f 479/479/479 477/477/477 487/487/487 
f 487/487/487 477/477/477 487/487/487 
f 477/477/477 474/474/474 487/487/487 
f 487/487/487 474/474/474 487/487/487 
f 474/474/474 475/475/475 487/487/487 
f 487/487/487 475/475/475 487/487/487 
f 475/475/475 488/488/488 487/487/487 
f 487/487/487 488/488/488 489/489/489 
f 488/488/488 490/490/490 489/489/489 
f 489/489/489 490/490/490 490/490/490 
f 490/490/490 487/487/487 490/490/490 
f 490/490/490 487/487/487 487/487/487 
f 487/487/487 489/489/489 487/487/487 
f 487/487/487 489/489/489 486/486/486 
f 489/489/489 491/491/491 486/486/486 
f 486/486/486 491/491/491 484/484/484 
f 491/491/491 492/492/492 484/484/484 
f 484/484/484 492/492/492 485/485/485 
f 492/492/492 492/492/492 485/485/485 
f 485/485/485 492/492/492 493/493/493 
f 492/492/492 494/494/494 493/493/493 
f 493/493/493 494/494/494 495/495/495 
f 494/494/494 496/496/496 495/495/495 
f 495/495/495 496/496/496 497/497/497 
f 496/496/496 497/497/497 497/497/497 
f 497/497/497 497/497/497 496/496/496 
f 497/497/497 496/496/496 496/496/496 
f 496/496/496 496/496/496 498/498/498 
f 496/496/496 494/494/494 498/498/498 
f 498/498/498 494/494/494 499/499/499 
f 494/494/494 492/492/492 499/499/499 
f 499/499/499 492/492/492 499/499/499 
f 492/492/492 491/491/491 499/499/499 
f 499/499/499 491/491/491 500/500/500 
f 491/491/491 489/489/489 500/500/500 
f 500/500/500 489/489/489 500/500/500 
f 489/489/489 490/490/490 500/500/500 
f 500/500/500 490/490/490 500/500/500 
f 490/490/490 501/501/501 500/500/500 
f 500/500/500 501/501/501 500/500/500 
f 501/501/501 502/502/502 500/500/500 
f 500/500/500 502/502/502 500/500/500 
f 502/502/502 503/503/503 500/500/500 
f 500/500/500 503/503/503 499/499/499 
f 503/503/503 498/498/498 499/499/499 
f 499/499/499 498/498/498 498/498/498 
f 498/498/498 504/504/504 498/498/498 
f 498/498/498 504/504/504 504/504/504 
f 504/504/504 505/505/505 504/504/504 
f 504/504/504 505/505/505 506/506/506 
f 505/505/505 507/507/507 506/506/506 
f 506/506/506 507/507/507 508/508/508 
f 507/507/507 509/509/509 508/508/508 
f 508/508/508 509/509/509 510/510/510 
f 509/509/509 511/511/511 510/510/510 
f 510/510/510 511/511/511 510/510/510 
f 511/511/511 512/512/512 510/510/510 
f 510/510/510 512/512/512 513/513/513 
f 512/512/512 514/514/514 513/513/513 
f 513/513/513 514/514/514 514/514/514 
f 514/514/514 513/513/513 514/514/514 
f 514/514/514 513/513/513 513/513/513 
f 513/513/513 515/515/515 513/513/513 
f 513/513/513 515/515/515 510/510/510 
f 515/515/515 515/515/515 510/510/510 
f 510/510/510 515/515/515 508/508/508 
f 515/515/515 516/516/516 508/508/508 
f 508/508/508 516/516/516 506/506/506 
f 516/516/516 517/517/517 506/506/506 
f 506/506/506 517/517/517 504/504/504 
f 517/517/517 517/517/517 504/504/504 
f 504/504/504 517/517/517 518/518/518 
f 517/517/517 517/517/517 518/518/518 
f 518/518/518 517/517/517 519/519/519 
f 517/517/517 520/520/520 519/519/519 
f 519/519/519 520/520/520 519/519/519 
f 520/520/520 521/521/521 519/519/519 
f 519/519/519 521/521/521 522/522/522 
f 521/521/521 523/523/523 522/522/522 
f 522/522/522 523/523/523 524/524/524 
f 523/523/523 523/523/523 524/524/524 
f 524/524/524 523/523/523 525/525/525 
f 523/523/523 523/523/523 525/525/525 
f 525/525/525 523/523/523 526/526/526 
f 523/523/523 523/523/523 526/526/526 
f 526/526/526 523/523/523 527/527/527 
f 523/523/523 528/528/528 527/527/527 
f 527/527/527 528/528/528 529/529/529 
f 528/528/528 530/530/530 529/529/529 
f 529/529/529 530/530/530 529/529/529 
f 530/530/530 531/531/531 529/529/529 
f 529/529/529 531/531/531 529/529/529 
f 531/531/531 532/532/532 529/529/529 
f 529/529/529 532/532/532 533/533/533 
f 532/532/532 532/532/532 533/533/533 
f 533/533/533 532/532/532 534/534/534 
f 532/532/532 531/531/531 534/534/534 
f 534/534/534 531/531/531 535/535/535 
f 531/531/531 531/531/531 535/535/535 
f 535/535/535 531/531/531 536/536/536 
f 531/531/531 537/537/537 536/536/536 
f 536/536/536 537/537/537 538/538/538 
f 537/537/537 537/537/537 538/538/538 
f 538/538/538 537/537/537 539/539/539 
f 537/537/537 537/537/537 539/539/539 
f 539/539/539 537/537/537 540/540/540 
f 537/537/537 530/530/530 540/540/540 
f 540/540/540 530/530/530 541/541/541 
f 530/530/530 528/528/528 541/541/541 
f 541/541/541 528/528/528 521/521/521 
f 528/528/528 523/523/523 521/521/521 
f 521/521/521 523/523/523 523/523/523 
f 523/523/523 521/521/521 523/523/523 
f 523/523/523 521/521/521 521/521/521 
f 521/521/521 520/520/520 521/521/521 
f 521/521/521 520/520/520 541/541/541 
f 520/520/520 542/542/542 541/541/541 
f 541/541/541 542/542/542 540/540/540 
f 542/542/542 543/543/543 540/540/540 
f 540/540/540 543/543/543 539/539/539 
f 543/543/543 539/539/539 539/539/539 
f 539/539/539 539/539/539 537/537/537 
f 539/539/539 537/537/537 537/537/537 
f 537/537/537 537/537/537 530/530/530 
f 537/537/537 531/531/531 530/530/530 
f 530/530/530 531/531/531 531/531/531 
f 531/531/531 520/520/520 531/531/531 
f 531/531/531 520/520/520 520/520/520 
f 520/520/520 517/517/517 520/520/520 
f 520/520/520 517/517/517 542/542/542 
f 517/517/517 516/516/516 542/542/542 
f 542/542/542 516/516/516 543/543/543 
f 516/516/516 515/515/515 543/543/543 
f 543/543/543 515/515/515 515/515/515 
f 515/515/515 544/544/544 515/515/515 
f 515/515/515 544/544/544 544/544/544 
f 544/544/544 545/545/545 544/544/544 
f 544/544/544 545/545/545 546/546/546 
f 545/545/545 547/547/547 546/546/546 
f 546/546/546 547/547/547 548/548/548 
f 547/547/547 549/549/549 548/548/548 
f 548/548/548 549/549/549 550/550/550 
f 549/549/549 551/551/551 550/550/550 
f 550/550/550 551/551/551 551/551/551 
f 551/551/551 545/545/545 551/551/551 
f 551/551/551 545/545/545 545/545/545 
f 545/545/545 552/552/552 545/545/545 
f 545/545/545 552/552/552 547/547/547 
f 552/552/552 553/553/553 547/547/547 
f 547/547/547 553/553/553 549/549/549 
f 553/553/553 549/549/549 549/549/549 
f 549/549/549 549/549/549 552/552/552 
f 549/549/549 552/552/552 552/552/552 
f 552/552/552 552/552/552 553/553/553 
f 552/552/552 554/554/554 553/553/553 
f 553/553/553 554/554/554 555/555/555 
f 554/554/554 556/556/556 555/555/555 
f 555/555/555 556/556/556 557/557/557 
f 556/556/556 558/558/558 557/557/557 
f 557/557/557 558/558/558 559/559/559 
f 558/558/558 560/560/560 559/559/559 
f 559/559/559 560/560/560 559/559/559 
f 560/560/560 561/561/561 559/559/559 
f 559/559/559 561/561/561 562/562/562 
f 561/561/561 563/563/563 562/562/562 
f 562/562/562 563/563/563 562/562/562 
f 563/563/563 564/564/564 562/562/562 
f 562/562/562 564/564/564 562/562/562 
f 564/564/564 565/565/565 562/562/562 
f 562/562/562 565/565/565 562/562/562 
f 565/565/565 566/566/566 562/562/562 
f 562/562/562 566/566/566 567/567/567 
f 566/566/566 568/568/568 567/567/567 
f 567/567/567 568/568/568 569/569/569 
f 568/568/568 570/570/570 569/569/569 
f 569/569/569 570/570/570 569/569/569 
f 570/570/570 555/555/555 569/569/569 
f 569/569/569 555/555/555 569/569/569 
f 555/555/555 557/557/557 569/569/569 
f 569/569/569 557/557/557 567/567/567 
f 557/557/557 559/559/559 567/567/567 
f 567/567/567 559/559/559 562/562/562 
f 559/559/559 562/562/562 562/562/562 
f 562/562/562 562/562/562 568/568/568 
f 562/562/562 568/568/568 568/568/568 
f 568/568/568 568/568/568 570/570/570 
f 568/568/568 571/571/571 570/570/570 
f 570/570/570 571/571/571 570/570/570 
f 571/571/571 551/551/551 570/570/570 
f 570/570/570 551/551/551 570/570/570 
f 551/551/551 549/549/549 570/570/570 
f 570/570/570 549/549/549 570/570/570 
f 549/549/549 553/553/553 570/570/570 
f 570/570/570 553/553/553 555/555/555 
f 553/553/553 555/555/555 555/555/555 
f 555/555/555 555/555/555 572/572/572 
f 555/555/555 572/572/572 572/572/572 
f 572/572/572 572/572/572 573/573/573 
f 572/572/572 574/574/574 573/573/573 
f 573/573/573 574/574/574 573/573/573 
f 574/574/574 575/575/575 573/573/573 
f 573/573/573 575/575/575 576/576/576 
f 575/575/575 577/577/577 576/576/576 
f 576/576/576 577/577/577 578/578/578 
f 577/577/577 579/579/579 578/578/578 
f 578/578/578 579/579/579 578/578/578 
f 579/579/579 580/580/580 578/578/578 
f 578/578/578 580/580/580 581/581/581 
f 580/580/580 580/580/580 581/581/581 
f 581/581/581 580/580/580 582/582/582 
f 580/580/580 583/583/583 582/582/582 
f 582/582/582 583/583/583 584/584/584 
f 583/583/583 585/585/585 584/584/584 
f 584/584/584 585/585/585 585/585/585 
f 585/585/585 586/586/586 585/585/585 
f 585/585/585 586/586/586 586/586/586 
f 586/586/586 587/587/587 586/586/586 
f 586/586/586 587/587/587 588/588/588 
f 587/587/587 589/589/589 588/588/588 
f 588/588/588 589/589/589 590/590/590 
f 589/589/589 591/591/591 590/590/590 
f 590/590/590 591/591/591 592/592/592 
f 591/591/591 593/593/593 592/592/592 
f 592/592/592 593/593/593 592/592/592 
f 593/593/593 594/594/594 592/592/592 
f 592/592/592 594/594/594 595/595/595 
f 594/594/594 594/594/594 595/595/595 
f 595/595/595 594/594/594 596/596/596 
f 594/594/594 597/597/597 596/596/596 
f 596/596/596 597/597/597 597/597/597 
f 597/597/597 598/598/598 597/597/597 
f 597/597/597 598/598/598 598/598/598 
f 598/598/598 599/599/599 598/598/598 
f 598/598/598 599/599/599 600/600/600 
f 599/599/599 601/601/601 600/600/600 
f 600/600/600 601/601/601 602/602/602 
f 601/601/601 603/603/603 602/602/602 
f 602/602/602 603/603/603 603/603/603 
f 603/603/603 602/602/602 603/603/603 
f 603/603/603 602/602/602 602/602/602 
f 602/602/602 604/604/604 602/602/602 
f 602/602/602 604/604/604 600/600/600 
f 604/604/604 605/605/605 600/600/600 
f 600/600/600 605/605/605 598/598/598 
f 605/605/605 598/598/598 598/598/598 
f 598/598/598 598/598/598 605/605/605 
f 598/598/598 605/605/605 605/605/605 
f 605/605/605 605/605/605 606/606/606 
f 605/605/605 604/604/604 606/606/606 
f 606/606/606 604/604/604 607/607/607 
f 604/604/604 608/608/608 607/607/607 
f 607/607/607 608/608/608 609/609/609 
f 608/608/608 610/610/610 609/609/609 
f 609/609/609 610/610/610 610/610/610 
f 610/610/610 599/599/599 610/610/610 
f 610/610/610 599/599/599 599/599/599 
f 599/599/599 611/611/611 599/599/599 
f 599/599/599 611/611/611 601/601/601 
f 611/611/611 612/612/612 601/601/601 
f 601/601/601 612/612/612 613/613/613 
f 612/612/612 614/614/614 613/613/613 
f 613/613/613 614/614/614 603/603/603 
f 614/614/614 614/614/614 603/603/603 
f 603/603/603 614/614/614 615/615/615 
f 614/614/614 614/614/614 615/615/615 
f 615/615/615 614/614/614 616/616/616 
f 614/614/614 614/614/614 616/616/616 
f 616/616/616 614/614/614 617/617/617 
f 614/614/614 618/618/618 617/617/617 
f 617/617/617 618/618/618 619/619/619 
f 618/618/618 619/619/619 619/619/619 
f 619/619/619 619/619/619 603/603/603 
f 619/619/619 603/603/603 603/603/603 
f 603/603/603 603/603/603 613/613/613 
f 603/603/603 601/601/601 613/613/613 
f 613/613/613 601/601/601 601/601/601 
f 601/601/601 612/612/612 601/601/601 
f 601/601/601 612/612/612 612/612/612 
f 612/612/612 618/618/618 612/612/612 
f 612/612/612 618/618/618 614/614/614 
f 618/618/618 614/614/614 614/614/614 
f 614/614/614 614/614/614 620/620/620 
f 614/614/614 620/620/620 620/620/620 
f 620/620/620 620/620/620 621/621/621 
f 620/620/620 622/622/622 621/621/621 
f 621/621/621 622/622/622 621/621/621 
f 622/622/622 623/623/623 621/621/621 
f 621/621/621 623/623/623 621/621/621 
f 623/623/623 624/624/624 621/621/621 
f 621/621/621 624/624/624 625/625/625 
f 624/624/624 624/624/624 625/625/625 
f 625/625/625 624/624/624 626/626/626 
f 624/624/624 627/627/627 626/626/626 
f 626/626/626 627/627/627 628/628/628 
f 627/627/627 629/629/629 628/628/628 
f 628/628/628 629/629/629 628/628/628 
f 629/629/629 630/630/630 628/628/628 
f 628/628/628 630/630/630 631/631/631 
f 630/630/630 630/630/630 631/631/631 
f 631/631/631 630/630/630 632/632/632 
f 630/630/630 633/633/633 632/632/632 
f 632/632/632 633/633/633 634/634/634 
f 633/633/633 635/635/635 634/634/634 
f 634/634/634 635/635/635 634/634/634 
f 635/635/635 636/636/636 634/634/634 
f 634/634/634 636/636/636 621/621/621 
f 636/636/636 620/620/620 621/621/621 
f 621/621/621 620/620/620 620/620/620 
f 620/620/620 621/621/621 620/620/620 
f 620/620/620 621/621/621 621/621/621 
f 621/621/621 625/625/625 621/621/621 
f 621/621/621 625/625/625 634/634/634 
f 625/625/625 634/634/634 634/634/634 
f 634/634/634 634/634/634 635/635/635 
f 634/634/634 635/635/635 635/635/635 
f 635/635/635 635/635/635 637/637/637 
f 635/635/635 633/633/633 637/637/637 
f 637/637/637 633/633/633 638/638/638 
f 633/633/633 630/630/630 638/638/638 
f 638/638/638 630/630/630 639/639/639 
f 630/630/630 629/629/629 639/639/639 
f 639/639/639 629/629/629 640/640/640 
f 629/629/629 627/627/627 640/640/640 
f 640/640/640 627/627/627 641/641/641 
f 627/627/627 627/627/627 641/641/641 
f 641/641/641 627/627/627 642/642/642 
f 627/627/627 624/624/624 642/642/642 
f 642/642/642 624/624/624 643/643/643 
f 624/624/624 624/624/624 643/643/643 
f 643/643/643 624/624/624 644/644/644 
f 624/624/624 623/623/623 644/644/644 
f 644/644/644 623/623/623 645/645/645 
f 623/623/623 622/622/622 645/645/645 
f 645/645/645 622/622/622 646/646/646 
f 622/622/622 646/646/646 646/646/646 
f 646/646/646 646/646/646 645/645/645 
f 646/646/646 645/645/645 645/645/645 
f 645/645/645 645/645/645 644/644/644 
f 645/645/645 647/647/647 644/644/644 
f 644/644/644 647/647/647 647/647/647 
f 647/647/647 648/648/648 647/647/647 
f 647/647/647 648/648/648 648/648/648 
f 648/648/648 649/649/649 648/648/648 
f 648/648/648 649/649/649 650/650/650 
f 649/649/649 651/651/651 650/650/650 
f 650/650/650 651/651/651 652/652/652 
f 651/651/651 653/653/653 652/652/652 
f 652/652/652 653/653/653 654/654/654 
f 653/653/653 655/655/655 654/654/654 
f 654/654/654 655/655/655 656/656/656 
f 655/655/655 657/657/657 656/656/656 
f 656/656/656 657/657/657 657/657/657 
f 657/657/657 658/658/658 657/657/657 
f 657/657/657 658/658/658 658/658/658 
f 658/658/658 659/659/659 658/658/658 
f 658/658/658 659/659/659 660/660/660 
f 659/659/659 661/661/661 660/660/660 
f 660/660/660 661/661/661 662/662/662 
f 661/661/661 663/663/663 662/662/662 
f 662/662/662 663/663/663 662/662/662 
f 663/663/663 664/664/664 662/662/662 
f 662/662/662 664/664/664 665/665/665 
f 664/664/664 665/665/665 665/665/665 
f 665/665/665 665/665/665 661/661/661 
f 665/665/665 661/661/661 661/661/661 
f 661/661/661 661/661/661 666/666/666 
f 661/661/661 659/659/659 666/666/666 
f 666/666/666 659/659/659 666/666/666 
f 659/659/659 667/667/667 666/666/666 
f 666/666/666 667/667/667 668/668/668 
f 667/667/667 669/669/669 668/668/668 
f 668/668/668 669/669/669 670/670/670 
f 669/669/669 671/671/671 670/670/670 
f 670/670/670 671/671/671 672/672/672 
f 671/671/671 673/673/673 672/672/672 
f 672/672/672 673/673/673 674/674/674 
f 673/673/673 673/673/673 674/674/674 
f 674/674/674 673/673/673 675/675/675 
f 673/673/673 676/676/676 675/675/675 
f 675/675/675 676/676/676 677/677/677 
f 676/676/676 677/677/677 677/677/677 
f 677/677/677 677/677/677 674/674/674 
f 677/677/677 674/674/674 674/674/674 
f 674/674/674 674/674/674 672/672/672 
f 674/674/674 678/678/678 672/672/672 
f 672/672/672 678/678/678 672/672/672 
f 678/678/678 679/679/679 672/672/672 
f 672/672/672 679/679/679 670/670/670 
f 679/679/679 680/680/680 670/670/670 
f 670/670/670 680/680/680 668/668/668 
f 680/680/680 681/681/681 668/668/668 
f 668/668/668 681/681/681 666/666/666 
f 681/681/681 682/682/682 666/666/666 
f 666/666/666 682/682/682 661/661/661 
f 682/682/682 682/682/682 661/661/661 
f 661/661/661 682/682/682 663/663/663 
f 682/682/682 682/682/682 663/663/663 
f 663/663/663 682/682/682 664/664/664 
f 682/682/682 683/683/683 664/664/664 
f 664/664/664 683/683/683 684/684/684 
f 683/683/683 683/683/683 684/684/684 
f 684/684/684 683/683/683 685/685/685 
f 683/683/683 683/683/683 685/685/685 
f 685/685/685 683/683/683 686/686/686 
f 683/683/683 681/681/681 686/686/686 
f 686/686/686 681/681/681 686/686/686 
f 681/681/681 680/680/680 686/686/686 
f 686/686/686 680/680/680 687/687/687 
f 680/680/680 679/679/679 687/687/687 
f 687/687/687 679/679/679 679/679/679 
f 679/679/679 683/683/683 679/679/679 
f 679/679/679 683/683/683 683/683/683 
f 683/683/683 682/682/682 683/683/683 
f 683/683/683 682/682/682 681/681/681 
f 682/682/682 681/681/681 681/681/681 
f 681/681/681 681/681/681 664/664/664 
f 681/681/681 664/664/664 664/664/664 
f 664/664/664 664/664/664 665/665/665 
f 664/664/664 684/684/684 665/665/665 
f 665/665/665 684/684/684 688/688/688 
f 684/684/684 688/688/688 688/688/688 
f 688/688/688 688/688/688 685/685/685 
f 688/688/688 685/685/685 685/685/685 
f 685/685/685 685/685/685 689/689/689 
f 685/685/685 686/686/686 689/689/689 
f 689/689/689 686/686/686 689/689/689 
f 686/686/686 687/687/687 689/689/689 
f 689/689/689 687/687/687 690/690/690 
f 687/687/687 691/691/691 690/690/690 
f 690/690/690 691/691/691 692/692/692 
f 691/691/691 693/693/693 692/692/692 
f 692/692/692 693/693/693 692/692/692 
f 693/693/693 694/694/694 692/692/692 
f 692/692/692 694/694/694 695/695/695 
f 694/694/694 696/696/696 695/695/695 
f 695/695/695 696/696/696 696/696/696 
f 696/696/696 687/687/687 696/696/696 
f 696/696/696 687/687/687 687/687/687 
f 687/687/687 679/679/679 687/687/687 
f 687/687/687 679/679/679 691/691/691 
f 679/679/679 678/678/678 691/691/691 
f 691/691/691 678/678/678 693/693/693 
f 678/678/678 693/693/693 693/693/693 
f 693/693/693 693/693/693 697/697/697 
f 693/693/693 697/697/697 697/697/697 
f 697/697/697 697/697/697 698/698/698 
f 697/697/697 699/699/699 698/698/698 
f 698/698/698 699/699/699 700/700/700 
f 699/699/699 701/701/701 700/700/700 
f 700/700/700 701/701/701 700/700/700 
f 701/701/701 263/263/263 700/700/700 
f 700/700/700 263/263/263 700/700/700 
f 263/263/263 262/262/262 700/700/700 
f 700/700/700 262/262/262 702/702/702 
f 262/262/262 264/264/264 702/702/702 
f 702/702/702 264/264/264 264/264/264 
f 264/264/264 702/702/702 264/264/264 
f 264/264/264 702/702/702 702/702/702 
f 702/702/702 698/698/698 702/702/702 
f 702/702/702 698/698/698 700/700/700 
f 698/698/698 700/700/700 700/700/700 
f 700/700/700 700/700/700 703/703/703 
f 700/700/700 703/703/703 703/703/703 
f 703/703/703 703/703/703 704/704/704 
f 703/703/703 705/705/705 704/704/704 
f 704/704/704 705/705/705 704/704/704 
f 705/705/705 706/706/706 704/704/704 
f 704/704/704 706/706/706 707/707/707 
f 706/706/706 708/708/708 707/707/707 
f 707/707/707 708/708/708 709/709/709 
f 708/708/708 710/710/710 709/709/709 
f 709/709/709 710/710/710 711/711/711 
f 710/710/710 712/712/712 711/711/711 
f 711/711/711 712/712/712 711/711/711 
f 712/712/712 713/713/713 711/711/711 
f 711/711/711 713/713/713 714/714/714 
f 713/713/713 715/715/715 714/714/714 
f 714/714/714 715/715/715 716/716/716 
f 715/715/715 717/717/717 716/716/716 
f 716/716/716 717/717/717 718/718/718 
f 717/717/717 719/719/719 718/718/718 
f 718/718/718 719/719/719 720/720/720 
f 719/719/719 720/720/720 720/720/720 
f 720/720/720 720/720/720 721/721/721 
f 720/720/720 721/721/721 721/721/721 
f 721/721/721 721/721/721 722/722/722 
f 721/721/721 723/723/723 722/722/722 
f 722/722/722 723/723/723 724/724/724 
f 723/723/723 725/725/725 724/724/724 
f 724/724/724 725/725/725 726/726/726 
f 725/725/725 727/727/727 726/726/726 
f 726/726/726 727/727/727 728/728/728 
f 727/727/727 729/729/729 728/728/728 
f 728/728/728 729/729/729 730/730/730 
f 729/729/729 731/731/731 730/730/730 
f 730/730/730 731/731/731 731/731/731 
f 731/731/731 730/730/730 731/731/731 
f 731/731/731 730/730/730 730/730/730 
f 730/730/730 732/732/732 730/730/730 
f 730/730/730 732/732/732 728/728/728 
f 732/732/732 733/733/733 728/728/728 
f 728/728/728 733/733/733 726/726/726 
f 733/733/733 734/734/734 726/726/726 
f 726/726/726 734/734/734 724/724/724 
f 734/734/734 735/735/735 724/724/724 
f 724/724/724 735/735/735 722/722/722 
f 735/735/735 736/736/736 722/722/722 
f 722/722/722 736/736/736 737/737/737 
f 736/736/736 738/738/738 737/737/737 
f 737/737/737 738/738/738 738/738/738 
f 738/738/738 722/722/722 738/738/738 
f 738/738/738 722/722/722 722/722/722 
f 722/722/722 737/737/737 722/722/722 
f 722/722/722 737/737/737 721/721/721 
f 737/737/737 721/721/721 721/721/721 
f 721/721/721 721/721/721 739/739/739 
f 721/721/721 739/739/739 739/739/739 
f 739/739/739 739/739/739 740/740/740 
f 739/739/739 741/741/741 740/740/740 
f 740/740/740 741/741/741 742/742/742 
f 741/741/741 743/743/743 742/742/742 
f 742/742/742 743/743/743 742/742/742 
f 743/743/743 744/744/744 742/742/742 
f 742/742/742 744/744/744 742/742/742 
f 744/744/744 745/745/745 742/742/742 
f 742/742/742 745/745/745 742/742/742 
f 745/745/745 746/746/746 742/742/742 
f 742/742/742 746/746/746 740/740/740 
f 746/746/746 740/740/740 740/740/740 
f 740/740/740 740/740/740 741/741/741 
f 740/740/740 741/741/741 741/741/741 
f 741/741/741 741/741/741 743/743/743 
f 741/741/741 747/747/747 743/743/743 
f 743/743/743 747/747/747 747/747/747 
f 747/747/747 748/748/748 747/747/747 
f 747/747/747 748/748/748 748/748/748 
f 748/748/748 749/749/749 748/748/748 
f 748/748/748 749/749/749 750/750/750 
f 749/749/749 751/751/751 750/750/750 
f 750/750/750 751/751/751 752/752/752 
f 751/751/751 753/753/753 752/752/752 
f 752/752/752 753/753/753 754/754/754 
f 753/753/753 753/753/753 754/754/754 
f 754/754/754 753/753/753 755/755/755 
f 753/753/753 756/756/756 755/755/755 
f 755/755/755 756/756/756 757/757/757 
f 756/756/756 758/758/758 757/757/757 
f 757/757/757 758/758/758 759/759/759 
f 758/758/758 759/759/759 759/759/759 
f 759/759/759 759/759/759 750/750/750 
f 759/759/759 750/750/750 750/750/750 
f 750/750/750 750/750/750 748/748/748 
f 750/750/750 752/752/752 748/748/748 
f 748/748/748 752/752/752 752/752/752 
f 752/752/752 758/758/758 752/752/752 
f 752/752/752 758/758/758 758/758/758 
f 758/758/758 756/756/756 758/758/758 
f 758/758/758 756/756/756 760/760/760 
f 756/756/756 761/761/761 760/760/760 
f 760/760/760 761/761/761 762/762/762 
f 761/761/761 761/761/761 762/762/762 
f 762/762/762 761/761/761 763/763/763 
f 761/761/761 751/751/751 763/763/763 
f 763/763/763 751/751/751 749/749/749 
f 751/751/751 749/749/749 749/749/749 
f 749/749/749 749/749/749 756/756/756 
f 749/749/749 756/756/756 756/756/756 
f 756/756/756 756/756/756 761/761/761 
f 756/756/756 753/753/753 761/761/761 
f 761/761/761 753/753/753 751/751/751 
f 753/753/753 751/751/751 751/751/751 
f 751/751/751 751/751/751 760/760/760 
f 751/751/751 760/760/760 760/760/760 
f 760/760/760 760/760/760 764/764/764 
f 760/760/760 762/762/762 764/764/764 
f 764/764/764 762/762/762 762/762/762 
f 762/762/762 765/765/765 762/762/762 
f 762/762/762 765/765/765 765/765/765 
f 765/765/765 766/766/766 765/765/765 
f 765/765/765 766/766/766 767/767/767 
f 766/766/766 768/768/768 767/767/767 
f 767/767/767 768/768/768 769/769/769 
f 768/768/768 770/770/770 769/769/769 
f 769/769/769 770/770/770 770/770/770 
f 770/770/770 771/771/771 770/770/770 
f 770/770/770 771/771/771 771/771/771 
f 771/771/771 772/772/772 771/771/771 
f 771/771/771 772/772/772 773/773/773 
f 772/772/772 774/774/774 773/773/773 
f 773/773/773 774/774/774 775/775/775 
f 774/774/774 774/774/774 775/775/775 
f 775/775/775 774/774/774 776/776/776 
f 774/774/774 777/777/777 776/776/776 
f 776/776/776 777/777/777 778/778/778 
f 777/777/777 779/779/779 778/778/778 
f 778/778/778 779/779/779 780/780/780 
f 779/779/779 781/781/781 780/780/780 
f 780/780/780 781/781/781 782/782/782 
f 781/781/781 783/783/783 782/782/782 
f 782/782/782 783/783/783 784/784/784 
f 783/783/783 784/784/784 784/784/784 
f 784/784/784 784/784/784 772/772/772 
f 784/784/784 772/772/772 772/772/772 
f 772/772/772 772/772/772 774/774/774 
f 772/772/772 785/785/785 774/774/774 
f 774/774/774 785/785/785 777/777/777 
f 785/785/785 786/786/786 777/777/777 
f 777/777/777 786/786/786 779/779/779 
f 786/786/786 787/787/787 779/779/779 
f 779/779/779 787/787/787 781/781/781 
f 787/787/787 788/788/788 781/781/781 
f 781/781/781 788/788/788 783/783/783 
f 788/788/788 783/783/783 783/783/783 
f 783/783/783 783/783/783 787/787/787 
f 783/783/783 787/787/787 787/787/787 
f 787/787/787 787/787/787 788/788/788 
f 787/787/787 789/789/789 788/788/788 
f 788/788/788 789/789/789 790/790/790 
f 789/789/789 791/791/791 790/790/790 
f 790/790/790 791/791/791 792/792/792 
f 791/791/791 792/792/792 792/792/792 
f 792/792/792 792/792/792 793/793/793 
f 792/792/792 793/793/793 793/793/793 
f 793/793/793 793/793/793 794/794/794 
f 793/793/793 795/795/795 794/794/794 
f 794/794/794 795/795/795 796/796/796 
f 795/795/795 797/797/797 796/796/796 
f 796/796/796 797/797/797 798/798/798 
f 797/797/797 798/798/798 798/798/798 
f 798/798/798 798/798/798 799/799/799 
f 798/798/798 799/799/799 799/799/799 
f 799/799/799 799/799/799 800/800/800 
f 799/799/799 801/801/801 800/800/800 
f 800/800/800 801/801/801 802/802/802 
f 801/801/801 803/803/803 802/802/802 
f 802/802/802 803/803/803 804/804/804 
f 803/803/803 805/805/805 804/804/804 
f 804/804/804 805/805/805 806/806/806 
f 805/805/805 806/806/806 806/806/806 
f 806/806/806 806/806/806 807/807/807 
f 806/806/806 807/807/807 807/807/807 
f 807/807/807 807/807/807 808/808/808 
f 807/807/807 809/809/809 808/808/808 
f 808/808/808 809/809/809 810/810/810 
f 809/809/809 811/811/811 810/810/810 
f 810/810/810 811/811/811 812/812/812 
f 811/811/811 813/813/813 812/812/812 
f 812/812/812 813/813/813 812/812/812 
f 813/813/813 814/814/814 812/812/812 
f 812/812/812 814/814/814 815/815/815 
f 814/814/814 816/816/816 815/815/815 
f 815/815/815 816/816/816 816/816/816 
f 816/816/816 808/808/808 816/816/816 
f 816/816/816 808/808/808 808/808/808 
f 808/808/808 810/810/810 808/808/808 
f 808/808/808 810/810/810 817/817/817 
f 810/810/810 818/818/818 817/817/817 
f 817/817/817 818/818/818 819/819/819 
f 818/818/818 820/820/820 819/819/819 
f 819/819/819 820/820/820 821/821/821 
f 820/820/820 820/820/820 821/821/821 
f 821/821/821 820/820/820 822/822/822 
f 820/820/820 820/820/820 822/822/822 
f 822/822/822 820/820/820 823/823/823 
f 820/820/820 815/815/815 823/823/823 
f 823/823/823 815/815/815 823/823/823 
f 815/815/815 816/816/816 823/823/823 
f 823/823/823 816/816/816 823/823/823 
f 816/816/816 824/824/824 823/823/823 
f 823/823/823 824/824/824 825/825/825 
f 824/824/824 826/826/826 825/825/825 
f 825/825/825 826/826/826 826/826/826 
f 826/826/826 810/810/810 826/826/826 
f 826/826/826 810/810/810 810/810/810 
f 810/810/810 812/812/812 810/810/810 
f 810/810/810 812/812/812 818/818/818 
f 812/812/812 815/815/815 818/818/818 
f 818/818/818 815/815/815 820/820/820 
f 815/815/815 820/820/820 820/820/820 
f 820/820/820 820/820/820 822/822/822 
f 820/820/820 822/822/822 822/822/822 
f 822/822/822 822/822/822 825/825/825 
f 822/822/822 823/823/823 825/825/825 
f 825/825/825 823/823/823 823/823/823 
f 823/823/823 827/827/827 823/823/823 
f 823/823/823 827/827/827 827/827/827 
f 827/827/827 828/828/828 827/827/827 
f 827/827/827 828/828/828 829/829/829 
f 828/828/828 830/830/830 829/829/829 
f 829/829/829 830/830/830 829/829/829 
f 830/830/830 831/831/831 829/829/829 
f 829/829/829 831/831/831 832/832/832 
f 831/831/831 832/832/832 832/832/832 
f 832/832/832 832/832/832 833/833/833 
f 832/832/832 833/833/833 833/833/833 
f 833/833/833 833/833/833 834/834/834 
f 833/833/833 835/835/835 834/834/834 
f 834/834/834 835/835/835 836/836/836 
f 835/835/835 837/837/837 836/836/836 
f 836/836/836 837/837/837 513/513/513 
f 837/837/837 515/515/515 513/513/513 
f 513/513/513 515/515/515 515/515/515 
f 515/515/515 834/834/834 515/515/515 
f 515/515/515 834/834/834 834/834/834 
f 834/834/834 836/836/836 834/834/834 
f 834/834/834 836/836/836 838/838/838 
f 836/836/836 836/836/836 838/838/838 
f 838/838/838 836/836/836 514/514/514 
f 836/836/836 513/513/513 514/514/514 
f 514/514/514 513/513/513 513/513/513 
f 513/513/513 839/839/839 513/513/513 
f 513/513/513 839/839/839 839/839/839 
f 839/839/839 840/840/840 839/839/839 
f 839/839/839 840/840/840 841/841/841 
f 840/840/840 842/842/842 841/841/841 
f 841/841/841 842/842/842 843/843/843 
f 842/842/842 842/842/842 843/843/843 
f 843/843/843 842/842/842 844/844/844 
f 842/842/842 845/845/845 844/844/844 
f 844/844/844 845/845/845 846/846/846 
f 845/845/845 847/847/847 846/846/846 
f 846/846/846 847/847/847 848/848/848 
f 847/847/847 847/847/847 848/848/848 
f 848/848/848 847/847/847 849/849/849 
f 847/847/847 850/850/850 849/849/849 
f 849/849/849 850/850/850 849/849/849 
f 850/850/850 851/851/851 849/849/849 
f 849/849/849 851/851/851 849/849/849 
f 851/851/851 852/852/852 849/849/849 
f 849/849/849 852/852/852 853/853/853 
f 852/852/852 854/854/854 853/853/853 
f 853/853/853 854/854/854 854/854/854 
f 854/854/854 850/850/850 854/854/854 
f 854/854/854 850/850/850 850/850/850 
f 850/850/850 847/847/847 850/850/850 
f 850/850/850 847/847/847 855/855/855 
f 847/847/847 845/845/845 855/855/855 
f 855/855/855 845/845/845 856/856/856 
f 845/845/845 842/842/842 856/856/856 
f 856/856/856 842/842/842 840/840/840 
f 842/842/842 840/840/840 840/840/840 
f 840/840/840 840/840/840 848/848/848 
f 840/840/840 848/848/848 848/848/848 
f 848/848/848 848/848/848 853/853/853 
f 848/848/848 849/849/849 853/853/853 
f 853/853/853 849/849/849 849/849/849 
f 849/849/849 857/857/857 849/849/849 
f 849/849/849 857/857/857 857/857/857 
f 857/857/857 858/858/858 857/857/857 
f 857/857/857 858/858/858 859/859/859 
f 858/858/858 860/860/860 859/859/859 
f 859/859/859 860/860/860 861/861/861 
f 860/860/860 860/860/860 861/861/861 
f 861/861/861 860/860/860 862/862/862 
f 860/860/860 860/860/860 862/862/862 
f 862/862/862 860/860/860 863/863/863 
f 860/860/860 860/860/860 863/863/863 
f 863/863/863 860/860/860 864/864/864 
f 860/860/860 858/858/858 864/864/864 
f 864/864/864 858/858/858 865/865/865 
f 858/858/858 865/865/865 865/865/865 
f 865/865/865 865/865/865 866/866/866 
f 865/865/865 866/866/866 866/866/866 
f 866/866/866 866/866/866 867/867/867 
f 866/866/866 868/868/868 867/867/867 
f 867/867/867 868/868/868 869/869/869 
f 868/868/868 870/870/870 869/869/869 
f 869/869/869 870/870/870 871/871/871 
f 870/870/870 872/872/872 871/871/871 
f 871/871/871 872/872/872 871/871/871 
f 872/872/872 873/873/873 871/871/871 
f 871/871/871 873/873/873 874/874/874 
f 873/873/873 875/875/875 874/874/874 
f 874/874/874 875/875/875 876/876/876 
f 875/875/875 877/877/877 876/876/876 
f 876/876/876 877/877/877 877/877/877 
f 877/877/877 867/867/867 877/877/877 
f 877/877/877 867/867/867 867/867/867 
f 867/867/867 869/869/869 867/867/867 
f 867/867/867 869/869/869 878/878/878 
f 869/869/869 879/879/879 878/878/878 
f 878/878/878 879/879/879 880/880/880 
f 879/879/879 881/881/881 880/880/880 
f 880/880/880 881/881/881 882/882/882 
f 881/881/881 882/882/882 882/882/882 
f 882/882/882 882/882/882 868/868/868 
f 882/882/882 868/868/868 868/868/868 
f 868/868/868 868/868/868 870/870/870 
f 868/868/868 866/866/866 870/870/870 
f 870/870/870 866/866/866 866/866/866 
f 866/866/866 876/876/876 866/866/866 
f 866/866/866 876/876/876 876/876/876 
f 876/876/876 881/881/881 876/876/876 
f 876/876/876 881/881/881 874/874/874 
f 881/881/881 879/879/879 874/874/874 
f 874/874/874 879/879/879 871/871/871 
f 879/879/879 869/869/869 871/871/871 
f 871/871/871 869/869/869 869/869/869 
f 869/869/869 883/883/883 869/869/869 
f 869/869/869 883/883/883 883/883/883 
f 883/883/883 884/884/884 883/883/883 
f 883/883/883 884/884/884 885/885/885 
f 884/884/884 884/884/884 885/885/885 
f 885/885/885 884/884/884 886/886/886 
f 884/884/884 887/887/887 886/886/886 
f 886/886/886 887/887/887 888/888/888 
f 887/887/887 888/888/888 888/888/888 
f 888/888/888 888/888/888 889/889/889 
f 888/888/888 889/889/889 889/889/889 
f 889/889/889 889/889/889 890/890/890 
f 889/889/889 891/891/891 890/890/890 
f 890/890/890 891/891/891 892/892/892 
f 891/891/891 893/893/893 892/892/892 
f 892/892/892 893/893/893 892/892/892 
f 893/893/893 894/894/894 892/892/892 
f 892/892/892 894/894/894 895/895/895 
f 894/894/894 896/896/896 895/895/895 
f 895/895/895 896/896/896 897/897/897 
f 896/896/896 898/898/898 897/897/897 
f 897/897/897 898/898/898 899/899/899 
f 898/898/898 900/900/900 899/899/899 
f 899/899/899 900/900/900 901/901/901 
f 900/900/900 902/902/902 901/901/901 
f 901/901/901 902/902/902 902/902/902 
f 902/902/902 890/890/890 902/902/902 
f 902/902/902 890/890/890 890/890/890 
f 890/890/890 892/892/892 890/890/890 
f 890/890/890 892/892/892 903/903/903 
f 892/892/892 895/895/895 903/903/903 
f 903/903/903 895/895/895 904/904/904 
f 895/895/895 897/897/897 904/904/904 
f 904/904/904 897/897/897 905/905/905 
f 897/897/897 899/899/899 905/905/905 
f 905/905/905 899/899/899 906/906/906 
f 899/899/899 901/901/901 906/906/906 
f 906/906/906 901/901/901 901/901/901 
f 901/901/901 905/905/905 901/901/901 
f 901/901/901 905/905/905 905/905/905 
f 905/905/905 906/906/906 905/905/905 
f 905/905/905 906/906/906 907/907/907 
f 906/906/906 908/908/908 907/907/907 
f 907/907/907 908/908/908 909/909/909 
f 908/908/908 910/910/910 909/909/909 
f 909/909/909 910/910/910 910/910/910 
f 910/910/910 911/911/911 910/910/910 
f 910/910/910 911/911/911 911/911/911 
f 911/911/911 912/912/912 911/911/911 
f 911/911/911 912/912/912 913/913/913 
f 912/912/912 914/914/914 913/913/913 
f 913/913/913 914/914/914 915/915/915 
f 914/914/914 916/916/916 915/915/915 
f 915/915/915 916/916/916 916/916/916 
f 916/916/916 917/917/917 916/916/916 
f 916/916/916 917/917/917 917/917/917 
f 917/917/917 918/918/918 917/917/917 
f 917/917/917 918/918/918 919/919/919 
f 918/918/918 920/920/920 919/919/919 
f 919/919/919 920/920/920 921/921/921 
f 920/920/920 922/922/922 921/921/921 
f 921/921/921 922/922/922 923/923/923 
f 922/922/922 924/924/924 923/923/923 
f 923/923/923 924/924/924 924/924/924 
f 924/924/924 925/925/925 924/924/924 
f 924/924/924 925/925/925 925/925/925 
f 925/925/925 926/926/926 925/925/925 
f 925/925/925 926/926/926 927/927/927 
f 926/926/926 928/928/928 927/927/927 
f 927/927/927 928/928/928 929/929/929 
f 928/928/928 930/930/930 929/929/929 
f 929/929/929 930/930/930 931/931/931 
f 930/930/930 930/930/930 931/931/931 
f 931/931/931 930/930/930 932/932/932 
f 930/930/930 933/933/933 932/932/932 
f 932/932/932 933/933/933 934/934/934 
f 933/933/933 934/934/934 934/934/934 
f 934/934/934 934/934/934 926/926/926 
f 934/934/934 926/926/926 926/926/926 
f 926/926/926 926/926/926 928/928/928 
f 926/926/926 935/935/935 928/928/928 
f 928/928/928 935/935/935 936/936/936 
f 935/935/935 937/937/937 936/936/936 
f 936/936/936 937/937/937 938/938/938 
f 937/937/937 939/939/939 938/938/938 
f 938/938/938 939/939/939 938/938/938 
f 939/939/939 940/940/940 938/938/938 
f 938/938/938 940/940/940 938/938/938 
f 940/940/940 941/941/941 938/938/938 
f 938/938/938 941/941/941 933/933/933 
f 941/941/941 941/941/941 933/933/933 
f 933/933/933 941/941/941 934/934/934 
f 941/941/941 941/941/941 934/934/934 
f 934/934/934 941/941/941 942/942/942 
f 941/941/941 943/943/943 942/942/942 
f 942/942/942 943/943/943 944/944/944 
f 943/943/943 944/944/944 944/944/944 
f 944/944/944 944/944/944 928/928/928 
f 944/944/944 928/928/928 928/928/928 
f 928/928/928 928/928/928 930/930/930 
f 928/928/928 936/936/936 930/930/930 
f 930/930/930 936/936/936 933/933/933 
f 936/936/936 938/938/938 933/933/933 
f 933/933/933 938/938/938 938/938/938 
f 938/938/938 940/940/940 938/938/938 
f 938/938/938 940/940/940 940/940/940 
f 940/940/940 943/943/943 940/940/940 
f 940/940/940 943/943/943 941/941/941 
f 943/943/943 941/941/941 941/941/941 
f 941/941/941 941/941/941 945/945/945 
f 941/941/941 945/945/945 945/945/945 
f 945/945/945 945/945/945 946/946/946 
f 945/945/945 947/947/947 946/946/946 
f 946/946/946 947/947/947 948/948/948 
f 947/947/947 947/947/947 948/948/948 
f 948/948/948 947/947/947 949/949/949 
f 947/947/947 950/950/950 949/949/949 
f 949/949/949 950/950/950 950/950/950 
f 950/950/950 951/951/951 950/950/950 
f 950/950/950 951/951/951 951/951/951 
f 951/951/951 952/952/952 951/951/951 
f 951/951/951 952/952/952 953/953/953 
f 952/952/952 954/954/954 953/953/953 
f 953/953/953 954/954/954 955/955/955 
f 954/954/954 954/954/954 955/955/955 
f 955/955/955 954/954/954 956/956/956 
f 954/954/954 954/954/954 956/956/956 
f 956/956/956 954/954/954 957/957/957 
f 954/954/954 954/954/954 957/957/957 
f 957/957/957 954/954/954 958/958/958 
f 954/954/954 952/952/952 958/958/958 
f 958/958/958 952/952/952 959/959/959 
f 952/952/952 959/959/959 959/959/959 
f 959/959/959 959/959/959 960/960/960 
f 959/959/959 960/960/960 960/960/960 
f 960/960/960 960/960/960 961/961/961 
f 960/960/960 962/962/962 961/961/961 
f 961/961/961 962/962/962 961/961/961 
f 962/962/962 963/963/963 961/961/961 
f 961/961/961 963/963/963 961/961/961 
f 963/963/963 964/964/964 961/961/961 
f 961/961/961 964/964/964 965/965/965 
f 964/964/964 965/965/965 965/965/965 
f 965/965/965 965/965/965 966/966/966 
f 965/965/965 966/966/966 966/966/966 
f 966/966/966 966/966/966 967/967/967 
f 966/966/966 968/968/968 967/967/967 
f 967/967/967 968/968/968 967/967/967 
f 968/968/968 969/969/969 967/967/967 
f 967/967/967 969/969/969 967/967/967 
f 969/969/969 970/970/970 967/967/967 
f 967/967/967 970/970/970 971/971/971 
f 970/970/970 971/971/971 971/971/971 
f 971/971/971 971/971/971 972/972/972 
f 971/971/971 972/972/972 972/972/972 
f 972/972/972 972/972/972 973/973/973 
f 972/972/972 974/974/974 973/973/973 
f 973/973/973 974/974/974 973/973/973 
f 974/974/974 975/975/975 973/973/973 
f 973/973/973 975/975/975 973/973/973 
f 975/975/975 976/976/976 973/973/973 
f 973/973/973 976/976/976 977/977/977 
f 976/976/976 977/977/977 977/977/977 
f 977/977/977 977/977/977 978/978/978 
f 977/977/977 978/978/978 978/978/978 
f 978/978/978 978/978/978 979/979/979 
f 978/978/978 980/980/980 979/979/979 
f 979/979/979 980/980/980 979/979/979 
f 980/980/980 981/981/981 979/979/979 
f 979/979/979 981/981/981 979/979/979 
f 981/981/981 982/982/982 979/979/979 
f 979/979/979 982/982/982 979/979/979 
f 982/982/982 983/983/983 979/979/979 
f 979/979/979 983/983/983 979/979/979 
f 983/983/983 984/984/984 979/979/979 
f 979/979/979 984/984/984 985/985/985 
f 984/984/984 985/985/985 985/985/985 
f 985/985/985 985/985/985 986/986/986 
f 985/985/985 986/986/986 986/986/986 
f 986/986/986 986/986/986 987/987/987 
f 986/986/986 988/988/988 987/987/987 
f 987/987/987 988/988/988 989/989/989 
f 988/988/988 990/990/990 989/989/989 

