mtllib model_111.mtl
o model_111
v 1131.001708984375 -121.03469848632812 1268.5616455078125 
v 1110.4315185546875 -121.03469848632812 1267.5137939453125 
v 1134.769287109375 -147.5455322265625 1266.7882080078125 
v 1105.148193359375 -147.5455322265625 1254.29345703125 
v 1097.309814453125 -113.62066650390625 1252.923095703125 
v 1101.9869384765625 -147.5455322265625 1223.016357421875 
v 1093.0225830078125 -111.82333374023438 1223.016357421875 
v 1097.309814453125 -113.62068176269531 1193.109619140625 
v 1098.65234375 -92.72655487060547 1191.336181640625 
v 1094.4083251953125 -92.50186920166016 1223.016357421875 
v 1098.65234375 -92.72654724121094 1254.696533203125 
v 1111.0810546875 -60.37434005737305 1233.0927734375 
v 1106.6639404296875 -73.62976837158203 1259.533203125 
v 1127.493896484375 -64.86772155761719 1238.010009765625 
v 1107.3134765625 -64.64303588867188 1223.016357421875 
v 1111.0810546875 -60.37434387207031 1213.0205078125 
v 1106.6639404296875 -73.62977600097656 1186.49951171875 
v 1127.493896484375 -64.86772155761719 1208.022705078125 
v 1110.4315185546875 -121.03471374511719 1178.5189208984375 
v 1105.148193359375 -147.54554748535156 1191.7392578125 
v 1131.001708984375 -121.03471374511719 1177.4710693359375 
v 1134.769287109375 -147.54554748535156 1179.2445068359375 
v 1113.2030029296875 -170.6863555908203 1194.7218017578125 
v 1105.7545166015625 -170.9110107421875 1223.016357421875 
v 1115.6715087890625 -205.95921325683594 1192.222900390625 
v 1109.0889892578125 -206.40855407714844 1223.016357421875 
v 1115.6715087890625 -205.95921325683594 1253.809814453125 
v 1113.2030029296875 -170.68634033203125 1251.3109130859375 
v 1146.02880859375 -206.40855407714844 1266.868896484375 
v 1143.3870849609375 -170.68634033203125 1263.080078125 
v 1143.3870849609375 -170.6863555908203 1182.95263671875 
v 1146.02880859375 -206.4085693359375 1179.1639404296875 
v 1131.001708984375 -121.03469848632812 1268.5616455078125 
v 1149.66650390625 -102.38726806640625 1267.6749267578125 
v 1162.2684326171875 -111.82332611083984 1257.67919921875 
v 1155.94580078125 -91.15386199951172 1254.615966796875 
v 1134.2496337890625 -75.42710876464844 1262.4351806640625 
v 1134.769287109375 -147.5455322265625 1266.7882080078125 
v 1161.2723388671875 -147.3208770751953 1253.0843505859375 
v 1143.3870849609375 -170.68634033203125 1263.080078125 
v 1161.878662109375 -170.46165466308594 1249.69873046875 
v 1162.4849853515625 -206.18386840820312 1252.761962890625 
v 1168.1146240234375 -206.18386840820312 1223.016357421875 
v 1167.465087890625 -170.6863555908203 1223.016357421875 
v 1161.878662109375 -170.461669921875 1196.3341064453125 
v 1162.4849853515625 -206.1838836669922 1193.2708740234375 
v 1143.3870849609375 -170.6863555908203 1182.95263671875 
v 1146.02880859375 -206.4085693359375 1179.1639404296875 
v 1146.02880859375 -206.40855407714844 1266.868896484375 
v 1161.2723388671875 -147.3208770751953 1192.9483642578125 
v 1134.769287109375 -147.54554748535156 1179.2445068359375 
v 1162.2684326171875 -111.82333374023438 1188.353515625 
v 1131.001708984375 -121.03471374511719 1177.4710693359375 
v 1149.66650390625 -102.38728332519531 1178.3577880859375 
v 1155.94580078125 -91.15387725830078 1191.4974365234375 
v 1134.2496337890625 -75.4271240234375 1183.5975341796875 
v 1138.0172119140625 -69.58573913574219 1212.6175537109375 
v 1127.493896484375 -64.86772155761719 1208.022705078125 
v 1106.6639404296875 -73.62977600097656 1186.49951171875 
v 1138.1904296875 -69.8104019165039 1223.016357421875 
v 1158.1976318359375 -89.13186645507812 1223.016357421875 
v 1167.94140625 -111.59864807128906 1223.016357421875 
v 1166.98876953125 -147.3208770751953 1223.016357421875 
v 1138.0172119140625 -69.58573913574219 1233.4151611328125 
v 1127.493896484375 -64.86772155761719 1238.010009765625 
v 1106.6639404296875 -73.62976837158203 1259.533203125 
v 1142.4344482421875 -160.57626342773438 1300.0001220703125 
v 1125.1553955078125 -161.0255889892578 1301.0479736328125 
v 1141.6549072265625 -152.03887939453125 1299.03271484375 
v 1123.3365478515625 -152.4882354736328 1300.241943359375 
v 1137.5408935546875 -141.03013610839844 1298.14599609375 
v 1119.0926513671875 -140.1314697265625 1298.549072265625 
v 1131.564697265625 -110.47530364990234 1292.9869384765625 
v 1113.679443359375 -110.92465209960938 1292.10009765625 
v 1131.3914794921875 -100.14057159423828 1291.3746337890625 
v 1110.25830078125 -103.9599380493164 1290.0042724609375 
v 1126.9742431640625 -87.7838363647461 1287.8277587890625 
v 1111.6007080078125 -91.82787322998047 1287.3441162109375 
v 1129.3560791015625 -81.04379272460938 1277.509521484375 
v 1108.6126708984375 -79.92046356201172 1272.6728515625 
v 1134.2496337890625 -75.42710876464844 1262.4351806640625 
v 1106.6639404296875 -73.62976837158203 1259.533203125 
v 1149.36328125 -163.7216339111328 1286.1348876953125 
v 1149.66650390625 -102.38726806640625 1267.6749267578125 
v 1141.3084716796875 -101.26393127441406 1276.13916015625 
v 1131.001708984375 -121.03469848632812 1268.5616455078125 
v 1140.0526123046875 -115.8673324584961 1278.9605712890625 
v 1144.816162109375 -144.6248321533203 1284.11962890625 
v 1133.5567626953125 -147.3208770751953 1271.383056640625 
v 1110.4315185546875 -121.03469848632812 1267.5137939453125 
v 1148.54052734375 -154.73489379882812 1284.92578125 
v 1138.1470947265625 -167.76564025878906 1274.2044677734375 
v 1137.281005859375 -157.6555938720703 1272.59228515625 
v 1118.4429931640625 -158.32958984375 1274.1239013671875 
v 1114.7620849609375 -146.64686584472656 1271.86669921875 
v 1103.5458984375 -116.31668090820312 1277.7513427734375 
v 1098.65234375 -92.72654724121094 1254.696533203125 
v 1120.781494140625 -167.9903106689453 1275.3330078125 
v 1111.9039306640625 -155.63357543945312 1287.7471923828125 
v 1107.7032470703125 -142.82748413085938 1285.409423828125 
v 1119.0926513671875 -140.1314697265625 1298.549072265625 
v 1113.679443359375 -110.92465209960938 1292.10009765625 
v 1101.1640625 -99.01724243164062 1272.8341064453125 
v 1114.02587890625 -164.62030029296875 1289.1175537109375 
v 1125.1553955078125 -161.0255889892578 1301.0479736328125 
v 1123.3365478515625 -152.4882354736328 1300.241943359375 
v 1110.25830078125 -103.9599380493164 1290.0042724609375 
v 1111.6007080078125 -91.82787322998047 1287.3441162109375 
v 1108.6126708984375 -79.92046356201172 1272.6728515625 
v 1106.6639404296875 -73.62976837158203 1259.533203125 
v 1142.4344482421875 -160.57626342773438 1300.0001220703125 
v 1145.9854736328125 -167.99029541015625 1300.6448974609375 
v 1149.36328125 -163.7216339111328 1286.1348876953125 
v 1152.6978759765625 -173.1576690673828 1287.66650390625 
v 1138.1470947265625 -167.76564025878906 1274.2044677734375 
v 1125.1553955078125 -161.0255889892578 1301.0479736328125 
v 1128.0135498046875 -169.33831787109375 1301.9346923828125 
v 1134.2496337890625 -187.5364227294922 1303.9500732421875 
v 1149.6231689453125 -183.49240112304688 1304.4337158203125 
v 1154.3001708984375 -229.99868774414062 1304.5142822265625 
v 1164.4337158203125 -226.17930603027344 1303.1439208984375 
v 1157.7646484375 -235.84005737304688 1303.46630859375 
v 1165.646240234375 -232.47003173828125 1302.015380859375 
v 1168.2879638671875 -225.2806396484375 1295.1634521484375 
v 1168.3311767578125 -231.3466796875 1296.2113037109375 
v 1156.7685546875 -185.7390899658203 1291.535888671875 
v 1141.481689453125 -179.44839477539062 1276.4615478515625 
v 1148.453857421875 -191.8051300048828 1279.121826171875 
v 1161.7054443359375 -228.87535095214844 1288.55322265625 
v 1162.8314208984375 -234.04270935058594 1291.455322265625 
v 1151.9183349609375 -232.9193572998047 1289.9237060546875 
v 1155.2529296875 -237.6374053955078 1292.9869384765625 
v 1123.466552734375 -180.5717315673828 1277.83203125 
v 1120.781494140625 -167.9903106689453 1275.3330078125 
v 1114.02587890625 -164.62030029296875 1289.1175537109375 
v 1116.754150390625 -175.40435791015625 1290.8104248046875 
v 1125.1553955078125 -161.0255889892578 1301.0479736328125 
v 1128.0135498046875 -169.33831787109375 1301.9346923828125 
v 1126.238037109375 -193.82713317871094 1291.1328125 
v 1133.72998046875 -195.6244659423828 1278.5574951171875 
v 1157.7646484375 -235.84005737304688 1303.46630859375 
v 1154.3001708984375 -229.99868774414062 1304.5142822265625 
v 1152.394775390625 -238.31138610839844 1299.03271484375 
v 1147.8043212890625 -233.3686981201172 1298.0654296875 
v 1134.2496337890625 -187.5364227294922 1303.9500732421875 
v 1146.02880859375 -206.40855407714844 1266.868896484375 
v 1115.6715087890625 -205.95921325683594 1253.809814453125 
v 1122.9468994140625 -229.32467651367188 1264.8536376953125 
v 1112.120361328125 -227.07801818847656 1250.8272705078125 
v 1145.7255859375 -225.72999572753906 1268.561767578125 
v 1123.466552734375 -268.8662414550781 1266.868896484375 
v 1143.77685546875 -267.51824951171875 1270.81884765625 
v 1118.9627685546875 -320.3152160644531 1262.9189453125 
v 1131.47802734375 -323.01123046875 1268.9647216796875 
v 1129.312744140625 -338.5133361816406 1267.836181640625 
v 1116.40771484375 -334.24462890625 1261.4678955078125 
v 1111.3409423828125 -332.8966369628906 1247.8446044921875 
v 1113.89599609375 -319.8658752441406 1249.0538330078125 
v 1117.1871337890625 -335.143310546875 1234.8662109375 
v 1111.9039306640625 -275.8309631347656 1252.036376953125 
v 1110.9945068359375 -242.80477905273438 1250.74658203125 
v 1106.837158203125 -225.72999572753906 1236.55908203125 
v 1106.837158203125 -225.0559844970703 1223.016357421875 
v 1109.0889892578125 -206.40855407714844 1223.016357421875 
v 1115.6715087890625 -205.95921325683594 1192.222900390625 
v 1106.837158203125 -225.72999572753906 1209.4737548828125 
v 1112.77001953125 -250.66815185546875 1223.016357421875 
v 1112.64013671875 -251.56683349609375 1219.469482421875 
v 1112.64013671875 -251.5668182373047 1226.563232421875 
v 1116.191162109375 -258.306884765625 1234.463134765625 
v 1116.4942626953125 -284.36834716796875 1234.78564453125 
v 1119.9154052734375 -321.8879089355469 1235.7529296875 
v 1130.4820556640625 -339.861328125 1230.1907958984375 
v 1133.2103271484375 -325.03326416015625 1230.9969482421875 
v 1134.2496337890625 -289.7603759765625 1225.7572021484375 
v 1135.9818115234375 -266.1702575683594 1225.9183349609375 
v 1136.8046875 -252.01614379882812 1225.9990234375 
v 1136.155029296875 -251.79148864746094 1223.016357421875 
v 1136.8046875 -252.01614379882812 1220.0338134765625 
v 1135.9818115234375 -266.1702575683594 1220.1949462890625 
v 1116.191162109375 -258.306884765625 1211.569580078125 
v 1134.2496337890625 -289.7603759765625 1220.275634765625 
v 1116.4942626953125 -284.36834716796875 1211.2471923828125 
v 1133.2103271484375 -325.03326416015625 1215.116455078125 
v 1110.9945068359375 -242.80477905273438 1195.2861328125 
v 1112.120361328125 -227.07801818847656 1195.20556640625 
v 1122.9468994140625 -229.32469177246094 1181.17919921875 
v 1146.02880859375 -206.4085693359375 1179.1639404296875 
v 1145.7255859375 -225.73001098632812 1177.5516357421875 
v 1123.466552734375 -268.86627197265625 1179.1639404296875 
v 1143.77685546875 -267.51824951171875 1175.2139892578125 
v 1118.9627685546875 -320.31524658203125 1183.1138916015625 
v 1131.47802734375 -323.0112609863281 1177.0679931640625 
v 1129.312744140625 -338.5133361816406 1178.196533203125 
v 1116.40771484375 -334.2446594238281 1184.5648193359375 
v 1111.3409423828125 -332.8966369628906 1198.1881103515625 
v 1113.89599609375 -319.86590576171875 1196.97900390625 
v 1117.1871337890625 -335.143310546875 1211.16650390625 
v 1111.9039306640625 -275.8309631347656 1193.996337890625 
v 1119.9154052734375 -321.8879089355469 1210.27978515625 
v 1130.4820556640625 -339.8613586425781 1215.842041015625 
v 1117.1871337890625 -335.143310546875 1234.8662109375 
v 1130.4820556640625 -339.861328125 1230.1907958984375 
v 1115.8447265625 -351.76873779296875 1234.1407470703125 
v 1129.1395263671875 -355.8127746582031 1229.5458984375 
v 1123.2933349609375 -377.1562194824219 1229.5458984375 
v 1109.26220703125 -374.23553466796875 1236.55908203125 
v 1124.5924072265625 -450.8473205566406 1237.1234130859375 
v 1115.54150390625 -450.6226501464844 1241.395751953125 
v 1105.018310546875 -373.5615234375 1250.666015625 
v 1112.8565673828125 -450.6226501464844 1250.0211181640625 
v 1111.3409423828125 -332.8966369628906 1247.8446044921875 
v 1109.955078125 -349.5220642089844 1247.119140625 
v 1114.9786376953125 -350.6454162597656 1260.742431640625 
v 1113.1597900390625 -375.8082275390625 1263.0802001953125 
v 1118.486328125 -450.6226501464844 1257.4373779296875 
v 1128.5333251953125 -379.17822265625 1266.6270751953125 
v 1127.84033203125 -354.0154113769531 1266.949462890625 
v 1129.312744140625 -338.5133361816406 1267.836181640625 
v 1116.40771484375 -334.24462890625 1261.4678955078125 
v 1127.4073486328125 -450.17333984375 1259.5333251953125 
v 1124.5924072265625 -450.8473205566406 1237.1234130859375 
v 1123.2933349609375 -377.1562194824219 1229.5458984375 
v 1133.4700927734375 -450.17333984375 1239.05810546875 
v 1138.666748046875 -380.5262451171875 1233.495849609375 
v 1137.62744140625 -447.70196533203125 1247.119140625 
v 1146.4185791015625 -382.5482482910156 1245.9100341796875 
v 1135.462158203125 -447.70196533203125 1254.212890625 
v 1129.1395263671875 -355.8127746582031 1229.5458984375 
v 1141.9580078125 -359.18280029296875 1235.7529296875 
v 1130.4820556640625 -339.861328125 1230.1907958984375 
v 1143.430419921875 -343.9053649902344 1236.478515625 
v 1147.0247802734375 -360.0814514160156 1249.295654296875 
v 1148.54052734375 -345.47802734375 1250.101806640625 
v 1141.13525390625 -358.0594482421875 1262.2740478515625 
v 1142.65087890625 -343.2313537597656 1263.1607666015625 
v 1129.312744140625 -338.5133361816406 1267.836181640625 
v 1127.84033203125 -354.0154113769531 1266.949462890625 
v 1128.5333251953125 -379.17822265625 1266.6270751953125 
v 1142.2178955078125 -382.09893798828125 1259.5333251953125 
v 1127.4073486328125 -450.17333984375 1259.5333251953125 
v 1148.54052734375 -345.47802734375 1250.101806640625 
v 1150.8790283203125 -328.6279296875 1251.069091796875 
v 1143.430419921875 -343.9053649902344 1236.478515625 
v 1145.9854736328125 -327.9539489746094 1237.2039794921875 
v 1130.4820556640625 -339.861328125 1230.1907958984375 
v 1143.6903076171875 -327.5046081542969 1235.9947509765625 
v 1133.2103271484375 -325.03326416015625 1230.9969482421875 
v 1142.65087890625 -343.2313537597656 1263.1607666015625 
v 1144.816162109375 -326.3812561035156 1264.208740234375 
v 1129.312744140625 -338.5133361816406 1267.836181640625 
v 1131.47802734375 -323.01123046875 1268.9647216796875 
v 1161.445556640625 -272.9102783203125 1261.8709716796875 
v 1143.77685546875 -267.51824951171875 1270.81884765625 
v 1166.1226806640625 -281.8970031738281 1244.862060546875 
v 1154.7332763671875 -288.6370544433594 1229.7877197265625 
v 1134.2496337890625 -289.7603759765625 1225.7572021484375 
v 1135.9818115234375 -266.1702575683594 1225.9183349609375 
v 1158.240966796875 -262.80023193359375 1229.5458984375 
v 1136.8046875 -252.01614379882812 1225.9990234375 
v 1161.055908203125 -251.5668182373047 1226.1602783203125 
v 1160.96923828125 -252.01614379882812 1223.016357421875 
v 1136.155029296875 -251.79148864746094 1223.016357421875 
v 1136.8046875 -252.01614379882812 1220.0338134765625 
v 1161.055908203125 -251.56683349609375 1219.87255859375 
v 1158.240966796875 -262.80023193359375 1216.4869384765625 
v 1135.9818115234375 -266.1702575683594 1220.1949462890625 
v 1154.7332763671875 -288.6370544433594 1216.2449951171875 
v 1134.2496337890625 -289.7603759765625 1220.275634765625 
v 1145.9854736328125 -327.9539489746094 1208.828857421875 
v 1133.2103271484375 -325.03326416015625 1215.116455078125 
v 1130.4820556640625 -339.8613586425781 1215.842041015625 
v 1143.430419921875 -343.9053649902344 1209.5543212890625 
v 1148.54052734375 -345.4780578613281 1195.9310302734375 
v 1150.8790283203125 -328.6279602050781 1195.0443115234375 
v 1142.65087890625 -343.23138427734375 1182.8720703125 
v 1170.4964599609375 -249.32012939453125 1243.7335205078125 
v 1166.1226806640625 -281.8970031738281 1201.2513427734375 
v 1170.4964599609375 -249.3201446533203 1202.29931640625 
v 1169.717041015625 -225.28065490722656 1209.6348876953125 
v 1169.76025390625 -225.50534057617188 1223.016357421875 
v 1168.1146240234375 -206.18386840820312 1223.016357421875 
v 1169.717041015625 -225.28065490722656 1236.3978271484375 
v 1162.4849853515625 -206.18386840820312 1252.761962890625 
v 1162.4849853515625 -206.1838836669922 1193.2708740234375 
v 1164.953369140625 -233.81805419921875 1185.693359375 
v 1161.445556640625 -272.9102783203125 1184.1617431640625 
v 1144.816162109375 -326.38128662109375 1181.8240966796875 
v 1129.312744140625 -338.5133361816406 1178.196533203125 
v 1131.47802734375 -323.0112609863281 1177.0679931640625 
v 1143.77685546875 -267.51824951171875 1175.2139892578125 
v 1145.7255859375 -225.73001098632812 1177.5516357421875 
v 1146.02880859375 -206.4085693359375 1179.1639404296875 
v 1146.02880859375 -206.40855407714844 1266.868896484375 
v 1145.7255859375 -225.72999572753906 1268.561767578125 
v 1164.953369140625 -233.8180389404297 1260.33935546875 
v 1125.1553955078125 -161.02561950683594 1144.9847412109375 
v 1141.6549072265625 -152.03890991210938 1147 
v 1142.4344482421875 -160.5762939453125 1146.03271484375 
v 1149.36328125 -163.72164916992188 1159.8978271484375 
v 1123.3365478515625 -152.48825073242188 1145.7908935546875 
v 1137.5408935546875 -141.03016662597656 1147.88671875 
v 1119.0926513671875 -140.13150024414062 1147.483642578125 
v 1131.564697265625 -110.47532653808594 1153.12646484375 
v 1113.679443359375 -110.92467498779297 1153.9326171875 
v 1110.25830078125 -103.9599609375 1156.0284423828125 
v 1131.3914794921875 -100.14059448242188 1154.6580810546875 
v 1111.6007080078125 -91.82788848876953 1158.6885986328125 
v 1140.0526123046875 -115.86734771728516 1167.15283203125 
v 1144.816162109375 -144.62484741210938 1161.9130859375 
v 1148.54052734375 -154.73492431640625 1161.10693359375 
v 1138.1470947265625 -167.76565551757812 1171.8282470703125 
v 1137.281005859375 -157.65560913085938 1173.4404296875 
v 1118.4429931640625 -158.32960510253906 1171.9088134765625 
v 1120.781494140625 -167.99032592773438 1170.69970703125 
v 1111.9039306640625 -155.6335906982422 1158.2855224609375 
v 1114.02587890625 -164.62033081054688 1156.995849609375 
v 1125.1553955078125 -161.02561950683594 1144.9847412109375 
v 1123.3365478515625 -152.48825073242188 1145.7908935546875 
v 1119.0926513671875 -140.13150024414062 1147.483642578125 
v 1107.7032470703125 -142.8275146484375 1160.623291015625 
v 1113.679443359375 -110.92467498779297 1153.9326171875 
v 1103.5458984375 -116.31669616699219 1168.2813720703125 
v 1101.1640625 -99.01725769042969 1173.279296875 
v 1110.25830078125 -103.9599609375 1156.0284423828125 
v 1111.6007080078125 -91.82788848876953 1158.6885986328125 
v 1108.6126708984375 -79.92047882080078 1173.35986328125 
v 1098.65234375 -92.72655487060547 1191.336181640625 
v 1106.6639404296875 -73.62977600097656 1186.49951171875 
v 1114.7620849609375 -146.64688110351562 1174.166015625 
v 1133.5567626953125 -147.32089233398438 1174.649658203125 
v 1131.001708984375 -121.03471374511719 1177.4710693359375 
v 1141.3084716796875 -101.26394653320312 1169.8935546875 
v 1110.4315185546875 -121.03471374511719 1178.5189208984375 
v 1149.66650390625 -102.38728332519531 1178.3577880859375 
v 1129.3560791015625 -81.04380798339844 1168.523193359375 
v 1126.9742431640625 -87.78385925292969 1158.2049560546875 
v 1134.2496337890625 -75.4271240234375 1183.5975341796875 
v 1108.6126708984375 -79.92047882080078 1173.35986328125 
v 1106.6639404296875 -73.62977600097656 1186.49951171875 
v 1128.0135498046875 -169.33834838867188 1144.0980224609375 
v 1116.754150390625 -175.4043731689453 1155.302978515625 
v 1125.1553955078125 -161.02561950683594 1144.9847412109375 
v 1114.02587890625 -164.62033081054688 1156.995849609375 
v 1120.781494140625 -167.99032592773438 1170.69970703125 
v 1123.466552734375 -180.57174682617188 1168.2008056640625 
v 1138.1470947265625 -167.76565551757812 1171.8282470703125 
v 1141.481689453125 -179.4484100341797 1169.5711669921875 
v 1152.6978759765625 -173.15768432617188 1158.44677734375 
v 1149.36328125 -163.72164916992188 1159.8978271484375 
v 1145.9854736328125 -167.99032592773438 1145.3878173828125 
v 1142.4344482421875 -160.5762939453125 1146.03271484375 
v 1125.1553955078125 -161.02561950683594 1144.9847412109375 
v 1128.0135498046875 -169.33834838867188 1144.0980224609375 
v 1134.2496337890625 -187.5364532470703 1142.082763671875 
v 1149.6231689453125 -183.49241638183594 1141.59912109375 
v 1154.3001708984375 -229.9987030029297 1141.5184326171875 
v 1156.7685546875 -185.73910522460938 1154.496826171875 
v 1148.453857421875 -191.80514526367188 1166.9110107421875 
v 1133.72998046875 -195.62449645996094 1167.4752197265625 
v 1126.238037109375 -193.8271484375 1154.89990234375 
v 1134.2496337890625 -187.5364532470703 1142.082763671875 
v 1147.8043212890625 -233.3687286376953 1147.9674072265625 
v 1154.3001708984375 -229.9987030029297 1141.5184326171875 
v 1152.394775390625 -238.31141662597656 1147 
v 1157.7646484375 -235.840087890625 1142.56640625 
v 1155.2529296875 -237.63742065429688 1153.0458984375 
v 1151.9183349609375 -232.9193878173828 1156.109130859375 
v 1161.7054443359375 -228.8753662109375 1157.4794921875 
v 1168.2879638671875 -225.28067016601562 1150.869384765625 
v 1164.4337158203125 -226.17933654785156 1142.8887939453125 
v 1157.7646484375 -235.840087890625 1142.56640625 
v 1165.646240234375 -232.47006225585938 1144.0174560546875 
v 1168.3311767578125 -231.34669494628906 1149.8214111328125 
v 1162.8314208984375 -234.04273986816406 1154.5775146484375 
v 1142.65087890625 -343.23138427734375 1182.8720703125 
v 1129.312744140625 -338.5133361816406 1178.196533203125 
v 1141.13525390625 -358.0594482421875 1183.7587890625 
v 1127.84033203125 -354.01544189453125 1179.083251953125 
v 1128.5333251953125 -379.1782531738281 1179.40576171875 
v 1148.54052734375 -345.4780578613281 1195.9310302734375 
v 1147.0247802734375 -360.08148193359375 1196.7371826171875 
v 1143.430419921875 -343.9053649902344 1209.5543212890625 
v 1141.9580078125 -359.18280029296875 1210.27978515625 
v 1130.4820556640625 -339.8613586425781 1215.842041015625 
v 1129.1395263671875 -355.8127746582031 1216.4869384765625 
v 1138.666748046875 -380.5262451171875 1212.5369873046875 
v 1123.2933349609375 -377.1562194824219 1216.4869384765625 
v 1133.4700927734375 -450.17333984375 1206.9747314453125 
v 1124.5924072265625 -450.84735107421875 1208.909423828125 
v 1137.62744140625 -447.7019958496094 1198.9136962890625 
v 1146.4185791015625 -382.54827880859375 1200.122802734375 
v 1142.2178955078125 -382.09893798828125 1186.49951171875 
v 1127.4073486328125 -450.17333984375 1186.49951171875 
v 1135.462158203125 -447.7019958496094 1191.81982421875 
v 1117.1871337890625 -335.143310546875 1211.16650390625 
v 1130.4820556640625 -339.8613586425781 1215.842041015625 
v 1115.8447265625 -351.76873779296875 1211.89208984375 
v 1129.1395263671875 -355.8127746582031 1216.4869384765625 
v 1123.2933349609375 -377.1562194824219 1216.4869384765625 
v 1111.3409423828125 -332.8966369628906 1198.1881103515625 
v 1109.955078125 -349.5220642089844 1198.9136962890625 
v 1116.40771484375 -334.2446594238281 1184.5648193359375 
v 1114.9786376953125 -350.6454162597656 1185.2904052734375 
v 1129.312744140625 -338.5133361816406 1178.196533203125 
v 1127.84033203125 -354.01544189453125 1179.083251953125 
v 1113.1597900390625 -375.8082275390625 1182.95263671875 
v 1128.5333251953125 -379.1782531738281 1179.40576171875 
v 1118.486328125 -450.6226806640625 1188.595458984375 
v 1127.4073486328125 -450.17333984375 1186.49951171875 
v 1112.8565673828125 -450.6226806640625 1196.01171875 
v 1105.018310546875 -373.5615539550781 1195.3668212890625 
v 1109.26220703125 -374.23553466796875 1209.4737548828125 
v 1124.5924072265625 -450.84735107421875 1208.909423828125 
v 1115.54150390625 -450.6226806640625 1204.6370849609375 
v 1141.6549072265625 -63.070377349853516 1233.0927734375 
v 1128.6632080078125 -57.22897720336914 1238.010009765625 
v 1141.048583984375 -52.51095962524414 1239.5416259765625 
v 1129.3560791015625 -38.35690689086914 1244.3782958984375 
v 1125.8482666015625 -46.66960906982422 1242.443603515625 
v 1114.7620849609375 -47.79294204711914 1238.2518310546875 
v 1119.958740234375 -40.603572845458984 1243.65283203125 
v 1110.734619140625 -36.11019515991211 1241.2344970703125 
v 1119.04931640625 -30.718168258666992 1242.76611328125 
v 1115.3250732421875 -53.4096565246582 1233.4151611328125 
v 1113.116455078125 -53.184974670410156 1223.016357421875 
v 1108.69921875 -41.50222396850586 1234.7049560546875 
v 1104.931640625 -45.32159423828125 1223.016357421875 
v 1101.2939453125 -25.55082893371582 1223.016357421875 
v 1108.222900390625 -25.550827026367188 1238.2518310546875 
v 1127.364013671875 -30.268842697143555 1244.942626953125 
v 1109.7818603515625 -19.035419464111328 1237.44580078125 
v 1128.4466552734375 -19.48478889465332 1243.0079345703125 
v 1110.9945068359375 -14.092763900756836 1236.8814697265625 
v 1129.2694091796875 -10.947402000427246 1241.556884765625 
v 1129.2694091796875 -4.656683444976807 1223.016357421875 
v 1108.093017578125 -10.947404861450195 1223.016357421875 
v 1105.148193359375 -17.238079071044922 1223.016357421875 
v 1156.422119140625 -44.87227249145508 1223.016357421875 
v 1155.6427001953125 -63.96902847290039 1223.016357421875 
v 1155.166259765625 -62.8456916809082 1230.110107421875 
v 1142.4344482421875 -64.86772155761719 1223.016357421875 
v 1141.6549072265625 -63.070377349853516 1233.0927734375 
v 1141.048583984375 -52.51095962524414 1239.5416259765625 
v 1152.5679931640625 -51.387630462646484 1235.1885986328125 
v 1150.3160400390625 -39.9295654296875 1237.123291015625 
v 1155.9024658203125 -33.63884735107422 1223.016357421875 
v 1156.6820068359375 -42.62555694580078 1227.369384765625 
v 1162.008544921875 -41.50222396850586 1223.016357421875 
v 1129.3560791015625 -38.35690689086914 1244.3782958984375 
v 1151.615234375 -32.066184997558594 1238.2518310546875 
v 1157.8079833984375 -33.63884735107422 1223.016357421875 
v 1148.80029296875 -21.95614242553711 1237.44580078125 
v 1153.650634765625 -20.832763671875 1223.016357421875 
v 1146.6783447265625 -14.092763900756836 1236.8814697265625 
v 1150.4892578125 -10.947404861450195 1223.016357421875 
v 1129.2694091796875 -10.947402000427246 1241.556884765625 
v 1129.2694091796875 -4.656683444976807 1223.016357421875 
v 1127.364013671875 -30.268842697143555 1244.942626953125 
v 1128.4466552734375 -19.48478889465332 1243.0079345703125 
v 1125.8482666015625 -46.66960906982422 1242.443603515625 
v 1119.958740234375 -40.603572845458984 1243.65283203125 
v 1119.265869140625 -40.82821273803711 1245.829345703125 
v 1119.04931640625 -30.718168258666992 1242.76611328125 
v 1118.3564453125 -30.942852020263672 1246.0711669921875 
v 1127.364013671875 -30.268842697143555 1244.942626953125 
v 1126.7144775390625 -30.942852020263672 1247.5220947265625 
v 1129.3560791015625 -38.35690689086914 1244.3782958984375 
v 1141.6549072265625 -63.07038116455078 1212.93994140625 
v 1128.6632080078125 -57.22898483276367 1208.022705078125 
v 1141.048583984375 -52.51096725463867 1206.4910888671875 
v 1129.3560791015625 -38.35691452026367 1201.6544189453125 
v 1125.8482666015625 -46.66961669921875 1203.589111328125 
v 1114.7620849609375 -47.79294967651367 1207.8614501953125 
v 1119.958740234375 -40.603580474853516 1202.3798828125 
v 1110.734619140625 -36.110198974609375 1204.7982177734375 
v 1119.04931640625 -30.71817398071289 1203.2666015625 
v 1115.3250732421875 -53.40966033935547 1212.6175537109375 
v 1113.116455078125 -53.184974670410156 1223.016357421875 
v 1108.69921875 -41.502227783203125 1211.3277587890625 
v 1104.931640625 -45.32159423828125 1223.016357421875 
v 1101.2939453125 -25.55082893371582 1223.016357421875 
v 1108.222900390625 -25.550830841064453 1207.8614501953125 
v 1127.364013671875 -30.268850326538086 1201.090087890625 
v 1109.7818603515625 -19.035423278808594 1208.5869140625 
v 1128.4466552734375 -19.48479652404785 1203.0247802734375 
v 1110.9945068359375 -14.092768669128418 1209.1512451171875 
v 1129.2694091796875 -10.947408676147461 1204.4757080078125 
v 1129.2694091796875 -4.656683444976807 1223.016357421875 
v 1108.093017578125 -10.947404861450195 1223.016357421875 
v 1105.148193359375 -17.238079071044922 1223.016357421875 
v 1156.422119140625 -44.87227249145508 1223.016357421875 
v 1155.6427001953125 -63.96902847290039 1223.016357421875 
v 1155.166259765625 -62.84569549560547 1215.922607421875 
v 1142.4344482421875 -64.86772155761719 1223.016357421875 
v 1141.6549072265625 -63.07038116455078 1212.93994140625 
v 1141.048583984375 -52.51096725463867 1206.4910888671875 
v 1152.5679931640625 -51.38763427734375 1210.8441162109375 
v 1150.3160400390625 -39.929569244384766 1208.989990234375 
v 1155.9024658203125 -33.63884735107422 1223.016357421875 
v 1156.6820068359375 -42.62555694580078 1218.663330078125 
v 1162.008544921875 -41.50222396850586 1223.016357421875 
v 1129.3560791015625 -38.35691452026367 1201.6544189453125 
v 1151.615234375 -32.066192626953125 1207.8614501953125 
v 1157.8079833984375 -33.63884735107422 1223.016357421875 
v 1148.80029296875 -21.956146240234375 1208.5869140625 
v 1153.650634765625 -20.832763671875 1223.016357421875 
v 1146.6783447265625 -14.092768669128418 1209.1512451171875 
v 1150.4892578125 -10.947404861450195 1223.016357421875 
v 1129.2694091796875 -10.947408676147461 1204.4757080078125 
v 1129.2694091796875 -4.656683444976807 1223.016357421875 
v 1127.364013671875 -30.268850326538086 1201.090087890625 
v 1128.4466552734375 -19.48479652404785 1203.0247802734375 
v 1125.8482666015625 -46.66961669921875 1203.589111328125 
v 1119.958740234375 -40.603580474853516 1202.3798828125 
v 1119.265869140625 -40.82822036743164 1200.203369140625 
v 1119.04931640625 -30.71817398071289 1203.2666015625 
v 1118.3564453125 -30.942859649658203 1199.9615478515625 
v 1127.364013671875 -30.268850326538086 1201.090087890625 
v 1126.7144775390625 -30.942859649658203 1198.510498046875 
v 1129.3560791015625 -38.35691452026367 1201.6544189453125 
v 1179.3741455078125 -248.8708038330078 1291.2940673828125 
v 1174.6971435546875 -241.90609741210938 1294.59912109375 
v 1175.433349609375 -236.96339416503906 1291.6971435546875 
v 1168.3311767578125 -231.3466796875 1296.2113037109375 
v 1173.8743896484375 -241.68141174316406 1297.3399658203125 
v 1171.3193359375 -243.47874450683594 1304.1112060546875 
v 1176.689208984375 -255.3861541748047 1304.35302734375 
v 1166.7288818359375 -258.9808349609375 1306.368408203125 
v 1162.8314208984375 -247.07345581054688 1305.642822265625 
v 1165.646240234375 -232.47003173828125 1302.015380859375 
v 1157.7646484375 -235.84005737304688 1303.46630859375 
v 1181.49609375 -246.17478942871094 1288.875732421875 
v 1180.240234375 -253.36415100097656 1297.9041748046875 
v 1178.5513916015625 -261.45220947265625 1304.5142822265625 
v 1182.5787353515625 -259.2055358886719 1299.75830078125 
v 1183.531494140625 -278.07763671875 1302.982666015625 
v 1187.039306640625 -275.8309326171875 1299.91943359375 
v 1171.665771484375 -280.9983215332031 1302.57958984375 
v 1176.9923095703125 -280.3243103027344 1304.2724609375 
v 1169.1107177734375 -264.37286376953125 1306.1265869140625 
v 1160.492919921875 -265.72088623046875 1303.1439208984375 
v 1156.9417724609375 -261.00286865234375 1302.095947265625 
v 1153.9537353515625 -248.42144775390625 1300.0806884765625 
v 1152.394775390625 -238.31138610839844 1299.03271484375 
v 1171.2760009765625 -470.3934631347656 1244.37841796875 
v 1176.689208984375 -470.3934326171875 1252.439453125 
v 1171.0594482421875 -464.5520935058594 1244.37841796875 
v 1176.256103515625 -464.5520935058594 1252.439453125 
v 1133.4700927734375 -450.17333984375 1239.05810546875 
v 1137.62744140625 -447.70196533203125 1247.119140625 
v 1171.01611328125 -464.55206298828125 1263.8056640625 
v 1135.462158203125 -447.70196533203125 1254.212890625 
v 1162.6148681640625 -464.3274230957031 1269.3677978515625 
v 1127.4073486328125 -450.17333984375 1259.5333251953125 
v 1171.3626708984375 -470.3934326171875 1263.9669189453125 
v 1162.701416015625 -470.3934326171875 1269.367919921875 
v 1132.60400390625 -470.61810302734375 1237.44580078125 
v 1171.2760009765625 -470.3934631347656 1244.37841796875 
v 1135.6787109375 -470.61810302734375 1247.1998291015625 
v 1176.689208984375 -470.3934326171875 1252.439453125 
v 1135.6787109375 -470.61810302734375 1247.1998291015625 
v 1176.689208984375 -470.3934326171875 1252.439453125 
v 1133.85986328125 -470.61810302734375 1253.8905029296875 
v 1171.3626708984375 -470.3934326171875 1263.9669189453125 
v 1124.5924072265625 -450.8473205566406 1237.1234130859375 
v 1124.1160888671875 -470.3934631347656 1235.188720703125 
v 1115.54150390625 -450.6226501464844 1241.395751953125 
v 1114.9786376953125 -470.3934631347656 1240.10595703125 
v 1112.8565673828125 -450.6226501464844 1250.0211181640625 
v 1112.20703125 -470.3934326171875 1250.2630615234375 
v 1118.486328125 -450.6226501464844 1257.4373779296875 
v 1117.92333984375 -470.3934326171875 1258.8077392578125 
v 1127.4073486328125 -450.17333984375 1259.5333251953125 
v 1126.58447265625 -470.61810302734375 1261.06494140625 
v 1126.58447265625 -470.61810302734375 1261.06494140625 
v 1162.701416015625 -470.3934326171875 1269.367919921875 
v 1127.4073486328125 -450.17333984375 1259.5333251953125 
v 1162.6148681640625 -464.3274230957031 1269.3677978515625 
v 1171.2760009765625 -470.3934631347656 1244.37841796875 
v 1132.60400390625 -470.61810302734375 1237.44580078125 
v 1171.0594482421875 -464.5520935058594 1244.37841796875 
v 1133.4700927734375 -450.17333984375 1239.05810546875 
v 1124.5924072265625 -450.8473205566406 1237.1234130859375 
v 1124.1160888671875 -470.3934631347656 1235.188720703125 
v 1133.85986328125 -470.61810302734375 1253.8905029296875 
v 1171.3626708984375 -470.3934326171875 1263.9669189453125 
v 1126.58447265625 -470.61810302734375 1261.06494140625 
v 1162.701416015625 -470.3934326171875 1269.367919921875 
v 1171.665771484375 -280.9983215332031 1302.57958984375 
v 1160.492919921875 -265.72088623046875 1303.1439208984375 
v 1174.2208251953125 -278.75164794921875 1300.80615234375 
v 1164.73681640625 -263.9235534667969 1301.209228515625 
v 1156.9417724609375 -261.00286865234375 1302.095947265625 
v 1161.878662109375 -259.65484619140625 1299.91943359375 
v 1153.9537353515625 -248.42144775390625 1300.0806884765625 
v 1158.5008544921875 -247.29812622070312 1297.1787109375 
v 1152.394775390625 -238.31138610839844 1299.03271484375 
v 1155.2529296875 -237.6374053955078 1292.9869384765625 
v 1167.681640625 -244.1527557373047 1295.808349609375 
v 1162.8314208984375 -234.04270935058594 1291.455322265625 
v 1172.8782958984375 -256.2848205566406 1297.9847412109375 
v 1175.0869140625 -261.00286865234375 1299.6776123046875 
v 1181.3228759765625 -276.50494384765625 1299.6776123046875 
v 1187.039306640625 -275.8309326171875 1299.91943359375 
v 1182.5787353515625 -259.2055358886719 1299.75830078125 
v 1180.240234375 -253.36415100097656 1297.9041748046875 
v 1173.8743896484375 -241.68141174316406 1297.3399658203125 
v 1170.409912109375 -242.580078125 1290.0042724609375 
v 1174.6971435546875 -241.90609741210938 1294.59912109375 
v 1176.8624267578125 -249.76947021484375 1287.50537109375 
v 1179.3741455078125 -248.8708038330078 1291.2940673828125 
v 1179.5040283203125 -247.29812622070312 1285.409423828125 
v 1181.49609375 -246.17478942871094 1288.875732421875 
v 1172.488525390625 -237.862060546875 1287.50537109375 
v 1175.433349609375 -236.96339416503906 1291.6971435546875 
v 1168.3311767578125 -231.3466796875 1296.2113037109375 
v 1138.0172119140625 -69.58573913574219 1233.4151611328125 
v 1142.4344482421875 -64.86772155761719 1223.016357421875 
v 1138.1904296875 -69.8104019165039 1223.016357421875 
v 1138.0172119140625 -69.58573913574219 1212.6175537109375 
v 1141.6549072265625 -63.07038116455078 1212.93994140625 
v 1127.493896484375 -64.86772155761719 1208.022705078125 
v 1128.6632080078125 -57.22898483276367 1208.022705078125 
v 1111.0810546875 -60.37434387207031 1213.0205078125 
v 1115.3250732421875 -53.40966033935547 1212.6175537109375 
v 1107.3134765625 -64.64303588867188 1223.016357421875 
v 1113.116455078125 -53.184974670410156 1223.016357421875 
v 1141.6549072265625 -63.070377349853516 1233.0927734375 
v 1127.493896484375 -64.86772155761719 1238.010009765625 
v 1128.6632080078125 -57.22897720336914 1238.010009765625 
v 1111.0810546875 -60.37434005737305 1233.0927734375 
v 1115.3250732421875 -53.4096565246582 1233.4151611328125 
v 1107.3134765625 -64.64303588867188 1223.016357421875 
v 1113.116455078125 -53.184974670410156 1223.016357421875 
v 1187.039306640625 -275.8309631347656 1146.11328125 
v 1183.531494140625 -278.0776672363281 1143.050048828125 
v 1182.5787353515625 -259.20556640625 1146.2745361328125 
v 1178.5513916015625 -261.45220947265625 1141.5184326171875 
v 1180.240234375 -253.3641815185547 1148.1285400390625 
v 1176.689208984375 -255.3861846923828 1141.6796875 
v 1173.8743896484375 -241.68142700195312 1148.69287109375 
v 1171.3193359375 -243.47877502441406 1142.0020751953125 
v 1166.7288818359375 -258.9808654785156 1139.6644287109375 
v 1169.1107177734375 -264.3728942871094 1139.90625 
v 1160.492919921875 -265.7209167480469 1142.8887939453125 
v 1171.665771484375 -280.99835205078125 1143.453125 
v 1176.9923095703125 -280.3243408203125 1141.8409423828125 
v 1156.9417724609375 -261.0028991699219 1143.936767578125 
v 1162.8314208984375 -247.073486328125 1140.389892578125 
v 1165.646240234375 -232.47006225585938 1144.0174560546875 
v 1168.3311767578125 -231.34669494628906 1149.8214111328125 
v 1174.6971435546875 -241.90611267089844 1151.43359375 
v 1175.433349609375 -236.96340942382812 1154.335693359375 
v 1179.3741455078125 -248.87081909179688 1154.7386474609375 
v 1181.49609375 -246.1748046875 1157.2376708984375 
v 1153.9537353515625 -248.42147827148438 1145.9520263671875 
v 1157.7646484375 -235.840087890625 1142.56640625 
v 1152.394775390625 -238.31141662597656 1147 
v 1171.2760009765625 -470.3934631347656 1201.6544189453125 
v 1176.689208984375 -470.3934631347656 1193.5933837890625 
v 1171.0594482421875 -464.5520935058594 1201.6544189453125 
v 1176.256103515625 -464.5520935058594 1193.5933837890625 
v 1133.4700927734375 -450.17333984375 1206.9747314453125 
v 1137.62744140625 -447.7019958496094 1198.9136962890625 
v 1171.01611328125 -464.5520935058594 1182.2271728515625 
v 1135.462158203125 -447.7019958496094 1191.81982421875 
v 1162.6148681640625 -464.3274230957031 1176.6650390625 
v 1127.4073486328125 -450.17333984375 1186.49951171875 
v 1171.3626708984375 -470.3934631347656 1182.06591796875 
v 1162.701416015625 -470.3934631347656 1176.6650390625 
v 1176.689208984375 -470.3934631347656 1193.5933837890625 
v 1135.6787109375 -470.6181335449219 1198.8330078125 
v 1171.2760009765625 -470.3934631347656 1201.6544189453125 
v 1132.60400390625 -470.6181335449219 1208.5870361328125 
v 1171.3626708984375 -470.3934631347656 1182.06591796875 
v 1133.85986328125 -470.6181335449219 1192.142333984375 
v 1176.689208984375 -470.3934631347656 1193.5933837890625 
v 1135.6787109375 -470.6181335449219 1198.8330078125 
v 1126.58447265625 -470.6181335449219 1184.9678955078125 
v 1127.4073486328125 -450.17333984375 1186.49951171875 
v 1117.92333984375 -470.3934631347656 1187.22509765625 
v 1118.486328125 -450.6226806640625 1188.595458984375 
v 1112.20703125 -470.3934631347656 1195.769775390625 
v 1112.8565673828125 -450.6226806640625 1196.01171875 
v 1114.9786376953125 -470.3934631347656 1205.9268798828125 
v 1115.54150390625 -450.6226806640625 1204.6370849609375 
v 1124.1160888671875 -470.3934631347656 1210.8441162109375 
v 1124.5924072265625 -450.84735107421875 1208.909423828125 
v 1162.6148681640625 -464.3274230957031 1176.6650390625 
v 1127.4073486328125 -450.17333984375 1186.49951171875 
v 1162.701416015625 -470.3934631347656 1176.6650390625 
v 1126.58447265625 -470.6181335449219 1184.9678955078125 
v 1171.2760009765625 -470.3934631347656 1201.6544189453125 
v 1132.60400390625 -470.6181335449219 1208.5870361328125 
v 1171.0594482421875 -464.5520935058594 1201.6544189453125 
v 1133.4700927734375 -450.17333984375 1206.9747314453125 
v 1124.5924072265625 -450.84735107421875 1208.909423828125 
v 1124.1160888671875 -470.3934631347656 1210.8441162109375 
v 1162.701416015625 -470.3934631347656 1176.6650390625 
v 1126.58447265625 -470.6181335449219 1184.9678955078125 
v 1171.3626708984375 -470.3934631347656 1182.06591796875 
v 1133.85986328125 -470.6181335449219 1192.142333984375 
v 1160.492919921875 -265.7209167480469 1142.8887939453125 
v 1174.2208251953125 -278.75164794921875 1145.2265625 
v 1171.665771484375 -280.99835205078125 1143.453125 
v 1187.039306640625 -275.8309631347656 1146.11328125 
v 1164.73681640625 -263.923583984375 1144.823486328125 
v 1156.9417724609375 -261.0028991699219 1143.936767578125 
v 1161.878662109375 -259.6548767089844 1146.11328125 
v 1153.9537353515625 -248.42147827148438 1145.9520263671875 
v 1158.5008544921875 -247.2981414794922 1148.8541259765625 
v 1152.394775390625 -238.31141662597656 1147 
v 1155.2529296875 -237.63742065429688 1153.0458984375 
v 1167.681640625 -244.1527862548828 1150.2244873046875 
v 1162.8314208984375 -234.04273986816406 1154.5775146484375 
v 1172.8782958984375 -256.28485107421875 1148.0479736328125 
v 1175.0869140625 -261.0028991699219 1146.3551025390625 
v 1181.3228759765625 -276.5049743652344 1146.435791015625 
v 1182.5787353515625 -259.20556640625 1146.2745361328125 
v 1180.240234375 -253.3641815185547 1148.1285400390625 
v 1173.8743896484375 -241.68142700195312 1148.69287109375 
v 1170.409912109375 -242.58010864257812 1156.0284423828125 
v 1174.6971435546875 -241.90611267089844 1151.43359375 
v 1176.8624267578125 -249.76950073242188 1158.5274658203125 
v 1179.3741455078125 -248.87081909179688 1154.7386474609375 
v 1179.5040283203125 -247.2981414794922 1160.623291015625 
v 1181.49609375 -246.1748046875 1157.2376708984375 
v 1172.488525390625 -237.86209106445312 1158.5274658203125 
v 1175.433349609375 -236.96340942382812 1154.335693359375 
v 1168.3311767578125 -231.34669494628906 1149.8214111328125 
v 1112.20703125 -470.3934326171875 1250.2630615234375 
v 1114.9786376953125 -470.3934631347656 1240.10595703125 
v 1117.92333984375 -470.3934326171875 1258.8077392578125 
v 1124.1160888671875 -470.3934631347656 1235.188720703125 
v 1126.58447265625 -470.61810302734375 1261.06494140625 
v 1132.60400390625 -470.61810302734375 1237.44580078125 
v 1133.85986328125 -470.61810302734375 1253.8905029296875 
v 1135.6787109375 -470.61810302734375 1247.1998291015625 
v 1112.20703125 -470.3934631347656 1195.769775390625 
v 1117.92333984375 -470.3934631347656 1187.22509765625 
v 1114.9786376953125 -470.3934631347656 1205.9268798828125 
v 1124.1160888671875 -470.3934631347656 1210.8441162109375 
v 1126.58447265625 -470.6181335449219 1184.9678955078125 
v 1132.60400390625 -470.6181335449219 1208.5870361328125 
v 1133.85986328125 -470.6181335449219 1192.142333984375 
v 1135.6787109375 -470.6181335449219 1198.8330078125 
vn 0.008913671597838402 -0.003363111987709999 0.0030390683095902205 
vn -0.009340191259980202 -0.0033631122205406427 0.0012042848393321037 
vn 0.000509530131239444 -0.0017603805754333735 0.009830637834966183 
vn -0.007811257150024176 -0.00290676555596292 0.005525846499949694 
vn -0.009188627824187279 -0.0008074568468146026 0.0038622706197202206 
vn -0.009696745313704014 -0.0024437066167593002 0.00003774931974476203 
vn -0.009967275895178318 -0.0008074574870988727 -0.000037772209907416254 
vn -0.009188627824187279 -0.0008074581273831427 -0.003862270386889577 
vn -0.009662812575697899 0.001803376479074359 -0.0018379029352217913 
vn -0.009686049073934555 0.002486052457243204 -4.0502812215237327e-10 
vn -0.009662812575697899 0.00180337717756629 0.0018379023531451821 
vn -0.007112856023013592 0.005580654833465815 0.004273589700460434 
vn -0.00578448548913002 0.007511792704463005 0.0031800465658307076 
vn 0.002216835506260395 0.005652955733239651 0.00794542208313942 
vn -0.008956210687756538 0.004448178224265575 -7.246998001697591e-10 
vn -0.007112856023013592 0.005580653436481953 -0.004273591563105583 
vn -0.00578448548913002 0.0075117917731404305 -0.0031800491269677877 
vn 0.002216835506260395 0.005652953404933214 -0.007945423945784569 
vn -0.009340191259980202 -0.00336311268620193 -0.0012042836751788855 
vn -0.007811257150024176 -0.0029067674186080694 -0.005525845568627119 
vn 0.008913671597838402 -0.0033631129190325737 -0.003039067145437002 
vn 0.000509530131239444 -0.0017603838350623846 -0.009830636903643608 
vn -0.007579375524073839 -0.0015880769351497293 -0.006327012088149786 
vn -0.009858841076493263 -0.001674292958341539 2.727795211932005e-10 
vn -0.007561919745057821 0.0008945269510149956 -0.006482067052274942 
vn -0.009970780462026596 0.000763898657169193 -1.244530728472526e-10 
vn -0.007561919745057821 0.0008945291046984494 0.006482067052274942 
vn -0.007579375524073839 -0.0015880748396739364 0.006327012553811073 
vn 0.0015228803968057036 0.0016312015941366553 0.00974782183766365 
vn 0.0015042105223983526 -0.00024029178894124925 0.009883299469947815 
vn 0.0015042105223983526 -0.00024029501946642995 -0.009883299469947815 
vn 0.0015228803968057036 0.001631198450922966 -0.00974782183766365 
vn 0.008913671597838402 -0.003363111987709999 0.0030390683095902205 
vn 0.007365260273218155 0.0005895269569009542 0.006738353054970503 
vn 0.008287758566439152 0.0006767390295863152 0.005554734729230404 
vn 0.00768901826813817 0.005250110756605864 0.003649018704891205 
vn 0.004019163083285093 0.008085031062364578 0.0042986744083464146 
vn 0.000509530131239444 -0.0017603805754333735 0.009830637834966183 
vn 0.008004001341760159 -0.00037131193676032126 0.005983150564134121 
vn 0.0015042105223983526 -0.00024029178894124925 0.009883299469947815 
vn 0.008475283160805702 0.00028397314599715173 0.005299900658428669 
vn 0.008471203967928886 0.0012420614948496222 0.005166816525161266 
vn 0.009947329759597778 0.0010250037303194404 -1.6699462646041496e-10 
vn 0.00999883096665144 0.00015292274474631995 -2.4914327545477732e-11 
vn 0.008475283160805702 0.0002839714288711548 -0.005299900658428669 
vn 0.008471203967928886 0.0012420598650351167 -0.005166816990822554 
vn 0.0015042105223983526 -0.00024029501946642995 -0.009883299469947815 
vn 0.0015228803968057036 0.001631198450922966 -0.00974782183766365 
vn 0.0015228803968057036 0.0016312015941366553 0.00974782183766365 
vn 0.008004001341760159 -0.00037131388671696186 -0.005983150564134121 
vn 0.000509530131239444 -0.0017603838350623846 -0.009830636903643608 
vn 0.008287758566439152 0.0006767371669411659 -0.005554735194891691 
vn 0.008913671597838402 -0.0033631129190325737 -0.003039067145437002 
vn 0.007365260273218155 0.0005895248032175004 -0.00673835352063179 
vn 0.00768901826813817 0.005250109359622002 -0.003649020567536354 
vn 0.004019163083285093 0.008085029199719429 -0.004298677202314138 
vn 0.008265910670161247 0.0037307552993297577 -0.004213808570057154 
vn 0.002216835506260395 0.005652953404933214 -0.007945423945784569 
vn -0.00578448548913002 0.0075117917731404305 -0.0031800491269677877 
vn 0.009955907240509987 0.0009380381088703871 -1.528260989980268e-10 
vn 0.008417900651693344 0.00539805181324482 -8.794560080183089e-10 
vn 0.009873095899820328 0.0015880758874118328 -2.5873092557304744e-10 
vn 0.00999883096665144 -0.00015292274474631995 2.4914327545477732e-11 
vn 0.008265910670161247 0.0037307566963136196 0.004213807173073292 
vn 0.002216835506260395 0.005652955733239651 0.00794542208313942 
vn -0.00578448548913002 0.007511792704463005 0.0031800465658307076 
vn 0.005145648028701544 0.0020178186241537333 0.008333709090948105 
vn -0.003686853451654315 0.000021848456526640803 0.009295517578721046 
vn 0.005824119318276644 0.0022738666739314795 0.007804431952536106 
vn -0.003545837476849556 0.00010923414083663374 0.009349605068564415 
vn 0.004978545941412449 0.002528351964429021 0.008295873180031776 
vn -0.004257884342223406 0.0005022701225243509 0.009034276008605957 
vn 0.004590524360537529 0.0018892635125666857 0.008680884726345539 
vn -0.004574314225465059 0.001068459008820355 0.008828026242554188 
vn 0.0046122195199131966 0.0026549540925771 0.008466324768960476 
vn -0.005915961228311062 0.0014152857474982738 0.00793715100735426 
vn 0.0026831957511603832 0.005760594736784697 0.007721140515059233 
vn -0.004738426301628351 0.004526274744421244 0.007553816772997379 
vn 0.0035369836259633303 0.007511793170124292 0.00557339284569025 
vn -0.005352233070880175 0.007001211401075125 0.004726165905594826 
vn 0.004019163083285093 0.008085031062364578 0.0042986744083464146 
vn -0.00578448548913002 0.007511792704463005 0.0031800465658307076 
vn 0.009576071053743362 0.0019750024657696486 -0.0020971924532204866 
vn 0.007365260273218155 0.0005895269569009542 0.006738353054970503 
vn 0.008878160268068314 0.001198694109916687 0.004443129524588585 
vn 0.008913671597838402 -0.003363111987709999 0.0030390683095902205 
vn 0.009871031157672405 -0.0007203250424936414 0.0014296420849859715 
vn 0.009567493572831154 0.0024437063839286566 -0.0015784044517204165 
vn 0.003669645870104432 -0.00045862674596719444 -0.009291036985814571 
vn -0.009340191259980202 -0.0033631122205406427 0.0012042848393321037 
vn 0.009675099514424801 0.0018463367596268654 -0.0017272746190428734 
vn 0.0034036862198263407 -0.0009815318044275045 -0.009351551532745361 
vn 0.003962517250329256 -0.00041497452184557915 -0.009172036312520504 
vn -0.005453390534967184 -0.002697054296731949 -0.007936399430036545 
vn -0.005390969105064869 -0.002697054296731949 -0.007978932000696659 
vn -0.00969594158232212 -0.0018033765954896808 0.0016542496159672737 
vn -0.009662812575697899 0.00180337717756629 0.0018379023531451821 
vn -0.005470611620694399 -0.002570602111518383 -0.007966455072164536 
vn -0.009491153061389923 -0.0024437063839286566 0.0019865334033966064 
vn -0.009675148874521255 -0.001975002698600292 0.0015782475238665938 
vn -0.004257884342223406 0.0005022701225243509 0.009034276008605957 
vn -0.004574314225465059 0.001068459008820355 0.008828026242554188 
vn -0.009726633317768574 0.00010923299851128832 0.0023196260444819927 
vn -0.00960564985871315 -0.0020178169943392277 0.0019130887230858207 
vn -0.003686853451654315 0.000021848456526640803 0.009295517578721046 
vn -0.003545837476849556 0.00010923414083663374 0.009349605068564415 
vn -0.005915961228311062 0.0014152857474982738 0.00793715100735426 
vn -0.004738426301628351 0.004526274744421244 0.007553816772997379 
vn -0.005352233070880175 0.007001211401075125 0.004726165905594826 
vn -0.00578448548913002 0.007511792704463005 0.0031800465658307076 
vn 0.005145648028701544 0.0020178186241537333 0.008333709090948105 
vn 0.005668518133461475 0.00315658375620842 0.007609460037201643 
vn 0.009576071053743362 0.0019750024657696486 -0.0020971924532204866 
vn 0.009327526204288006 0.002823041519150138 -0.002242250833660364 
vn 0.0034036862198263407 -0.0009815318044275045 -0.009351551532745361 
vn -0.003686853451654315 0.000021848456526640803 0.009295517578721046 
vn -0.003473935415968299 -0.0002839707594830543 0.00937289372086525 
vn -0.0038257911801338196 -0.000981528777629137 0.0091869430616498 
vn 0.004879908170551062 0.0022738666739314795 0.008427100256085396 
vn -0.0028119152411818504 -0.0021033277735114098 0.00936318002641201 
vn 0.00569127919152379 0.000894529337529093 0.00817368645220995 
vn -0.0021539845038205385 -0.0008509992621839046 0.009728111326694489 
vn 0.005554480478167534 0.0019321521976962686 0.008087924681603909 
vn 0.009824387729167938 0.0011986931785941124 -0.0014298738678917289 
vn 0.009186564944684505 0.003932545892894268 -0.00037698022788390517 
vn 0.009541904553771019 0.0027391016483306885 -0.001203902531415224 
vn 0.0034723433200269938 -0.0004149745509494096 -0.009368597529828548 
vn 0.004308410454541445 -0.00024029487394727767 -0.009021079167723656 
vn 0.004405421670526266 -0.002060594270005822 -0.00873763207346201 
vn 0.0016909503610804677 -0.002060594502836466 -0.009638186544179916 
vn -0.003753563854843378 -0.005434781778603792 -0.0075082555413246155 
vn -0.003238089382648468 -0.005471407901495695 -0.007718709297478199 
vn -0.005747017450630665 -0.003608822589740157 -0.007344943471252918 
vn -0.005470611620694399 -0.002570602111518383 -0.007966455072164536 
vn -0.00960564985871315 -0.0020178169943392277 0.0019130887230858207 
vn -0.00924273394048214 -0.003115092171356082 0.0022063704673200846 
vn -0.003686853451654315 0.000021848456526640803 0.009295517578721046 
vn -0.003473935415968299 -0.0002839707594830543 0.00937289372086525 
vn -0.008762710727751255 -0.004526273347437382 0.001651591039262712 
vn -0.004283466376364231 -0.0038520514499396086 -0.008173960261046886 
vn -0.0021539845038205385 -0.0008509992621839046 0.009728111326694489 
vn -0.0028119152411818504 -0.0021033277735114098 0.00936318002641201 
vn -0.008297143504023552 -0.005062933079898357 0.0023503429256379604 
vn -0.008058805018663406 -0.005616857670247555 0.0018725852714851499 
vn -0.0038257911801338196 -0.000981528777629137 0.0091869430616498 
vn 0.0015228803968057036 0.0016312015941366553 0.00974782183766365 
vn -0.007561919745057821 0.0008945291046984494 0.006482067052274942 
vn -0.005103829316794872 0.0010250051273033023 0.008538166992366314 
vn -0.008721056394279003 0.0006767389131709933 0.0048461537808179855 
vn 0.0014282908523455262 0.0014585264725610614 0.009789417497813702 
vn -0.005492110271006823 0.00015292411262635142 0.008355437777936459 
vn 0.001130340388044715 -0.00006553878483828157 0.009935694746673107 
vn -0.006684866733849049 0.0002839734952431172 0.007431817706674337 
vn -0.00016981827502604574 -0.0005895242793485522 0.00998116284608841 
vn -0.0007730717188678682 -0.0005459008389152586 0.009955116547644138 
vn -0.007443056907504797 0.0005459035746753216 0.0066560423001646996 
vn -0.009888983331620693 0.001415284350514412 -0.0004527504788711667 
vn -0.009966879151761532 0.0007203253335319459 0.0003774316282942891 
vn -0.006547400262206793 0.001328722108155489 -0.007440836168825626 
vn -0.009860395453870296 -0.00019660968973767012 0.0016534667229279876 
vn -0.009395158849656582 -0.000633137475233525 0.003366024699062109 
vn -0.00988556444644928 0.00010923286026809365 0.0015045552281662822 
vn -0.00999978557229042 0.00006554040737682953 -1.0675840420026894e-11 
vn -0.009970780462026596 0.000763898657169193 -1.244530728472526e-10 
vn -0.007561919745057821 0.0008945269510149956 -0.006482067052274942 
vn -0.00988556444644928 0.0001092323727789335 -0.0015045552281662822 
vn -0.006763504818081856 -0.007365799508988857 1.2000448412763376e-9 
vn -0.007776598911732435 -0.005724822636693716 0.002598252845928073 
vn -0.007776598911732435 -0.005724823102355003 -0.0025982509832829237 
vn -0.008087473921477795 -0.0019750038627535105 -0.005540048237890005 
vn -0.007577873300760984 -0.0004149740852881223 -0.0065118069760501385 
vn -0.0068673943169415 0.00045862403931096196 -0.007254553958773613 
vn 0.000603368622250855 0.0003713112964760512 -0.009974871762096882 
vn 0.00005660851820721291 -0.0005895275389775634 -0.009982447139918804 
vn -0.001036485773511231 -0.0008510024636052549 -0.009909667074680328 
vn -0.001073838910087943 -0.0011118926340714097 -0.009879806078970432 
vn -0.0005468740127980709 -0.007927989587187767 -0.0060702478513121605 
vn -0.00013107800623402 -0.009999141097068787 1.6290701010390762e-9 
vn -0.0005468740127980709 -0.007927987724542618 0.006070250179618597 
vn -0.001073838910087943 -0.0011118893744423985 0.009879806078970432 
vn -0.008087473921477795 -0.0019750020001083612 0.005540048703551292 
vn -0.001036485773511231 -0.0008509992039762437 0.009909667074680328 
vn -0.007577873300760984 -0.00041497196070849895 0.0065118069760501385 
vn 0.00013208339805714786 -0.0005895242793485522 0.009981734678149223 
vn -0.009395158849656582 -0.0006331385811790824 -0.0033660244662314653 
vn -0.008721056394279003 0.0006767372833564878 -0.0048461537808179855 
vn -0.005103829316794872 0.0010250023333355784 -0.008538166992366314 
vn 0.0015228803968057036 0.001631198450922966 -0.00974782183766365 
vn 0.0014282908523455262 0.001458523329347372 -0.009789417497813702 
vn -0.005492110271006823 0.0001529213914182037 -0.008355437777936459 
vn 0.001130340388044715 -0.00006554202263941988 -0.009935694746673107 
vn -0.006684866733849049 0.0002839710796251893 -0.007431817706674337 
vn -0.00016981827502604574 -0.0005895275389775634 -0.00998116284608841 
vn -0.0007730717188678682 -0.0005459040985442698 -0.009955116547644138 
vn -0.007443056907504797 0.0005459013627842069 -0.0066560423001646996 
vn -0.009888983331620693 0.0014152844669297338 0.0004527500132098794 
vn -0.009966879151761532 0.0007203252171166241 -0.00037743186112493277 
vn -0.006547400262206793 0.0013287244364619255 0.007440835703164339 
vn -0.009860395453870296 -0.00019661022815853357 -0.0016534666065126657 
vn -0.0068673943169415 0.00045862639672122896 0.007254553958773613 
vn 0.0006032648961991072 0.000414974638260901 0.009973157197237015 
vn -0.006547400262206793 0.001328722108155489 -0.007440836168825626 
vn 0.000603368622250855 0.0003713112964760512 -0.009974871762096882 
vn -0.0066192918457090855 0.001068456331267953 -0.007419122848659754 
vn 0.0003773965290747583 0.00024029177438933402 -0.009989986196160316 
vn -0.000979327131062746 -0.000414974638260901 -0.009943274781107903 
vn -0.007582940626889467 0.0001966089039342478 -0.006516160909086466 
vn -0.001130340388044715 -0.00006554202263941988 -0.009935694746673107 
vn -0.007680490612983704 -0.00019661099941004068 -0.006400891114026308 
vn -0.009916595183312893 0.000545902643352747 0.001167529379017651 
vn -0.009870527312159538 -0.0002839720400515944 0.0015786238946020603 
vn -0.009888983331620693 0.001415284350514412 -0.0004527504788711667 
vn -0.009903635829687119 0.001372016966342926 -0.00018858778639696538 
vn -0.007037050556391478 0.0007638997631147504 0.0070637366734445095 
vn -0.006107434630393982 0.00006554169522132725 0.00791801419109106 
vn -0.0056799836456775665 -0.00015292140597011894 0.008228876627981663 
vn 0.0008859254303388298 -0.0005459008389152586 0.009945709258317947 
vn -0.0003019430732820183 -0.00024029177438933402 0.009992551989853382 
vn -0.0007730717188678682 -0.0005459008389152586 0.009955116547644138 
vn -0.007443056907504797 0.0005459035746753216 0.0066560423001646996 
vn -0.00028319156263023615 0.0012854058295488358 0.009912998415529728 
vn -0.001130340388044715 -0.00006554202263941988 -0.009935694746673107 
vn -0.000979327131062746 -0.000414974638260901 -0.009943274781107903 
vn 0.004183367360383272 0.0013720154529437423 -0.008978697471320629 
vn 0.00613588560372591 -0.0006767393788322806 -0.007867205888032913 
vn 0.008404404856264591 0.005138098727911711 -0.0017221843590959907 
vn 0.009919003583490849 -0.0008074576617218554 -0.0009804947767406702 
vn 0.0063018836081027985 0.0048351408913731575 0.006075169425457716 
vn 0.0003773965290747583 0.00024029177438933402 -0.009989986196160316 
vn 0.0070672715082764626 -0.00032764687784947455 -0.0070672715082764626 
vn 0.000603368622250855 0.0003713112964760512 -0.009974871762096882 
vn 0.007365260273218155 -0.0005895269569009542 -0.006738353054970503 
vn 0.009976789355278015 -0.0006767380982637405 0.00007552687748102471 
vn 0.00991223193705082 -0.0012420605635270476 0.0004527145065367222 
vn 0.006764708086848259 -0.0007638974348083138 0.007324969861656427 
vn 0.006477130111306906 -0.0012420593993738294 0.007516919169574976 
vn -0.0007730717188678682 -0.0005459008389152586 0.009955116547644138 
vn -0.0003019430732820183 -0.00024029177438933402 0.009992551989853382 
vn 0.0008859254303388298 -0.0005459008389152586 0.009945709258317947 
vn 0.0075893341563642025 -0.0008509997860528529 0.006455834489315748 
vn -0.00028319156263023615 0.0012854058295488358 0.009912998415529728 
vn 0.00991223193705082 -0.0012420605635270476 0.0004527145065367222 
vn 0.009737358428537846 -0.0022312942892313004 0.00045296509051695466 
vn 0.007365260273218155 -0.0005895269569009542 -0.006738353054970503 
vn 0.006914952769875526 -0.0018033779924735427 -0.006995087489485741 
vn 0.000603368622250855 0.0003713112964760512 -0.009974871762096882 
vn 0.0035954706836491823 -0.0011553047224879265 -0.009259474463760853 
vn 0.00005660851820721291 -0.0005895275389775634 -0.009982447139918804 
vn 0.006477130111306906 -0.0012420593993738294 0.007516919169574976 
vn 0.006470686290413141 -0.0015880747232586145 0.007457093335688114 
vn -0.0007730717188678682 -0.0005459008389152586 0.009955116547644138 
vn -0.00016981827502604574 -0.0005895242793485522 0.00998116284608841 
vn 0.007208536379039288 -0.0010684564476832747 0.006848021876066923 
vn 0.001130340388044715 -0.00006553878483828157 0.009935694746673107 
vn 0.009740992449223995 -0.0021033294033259153 -0.0008301049820147455 
vn 0.005824186373502016 -0.0018033781088888645 -0.007926328107714653 
vn -0.001036485773511231 -0.0008510024636052549 -0.009909667074680328 
vn -0.001073838910087943 -0.0011118926340714097 -0.009879806078970432 
vn 0.005374336149543524 -0.0013287246692925692 -0.008327724412083626 
vn -0.0005468740127980709 -0.007927989587187767 -0.0060702478513121605 
vn 0.007641226053237915 -0.005062934011220932 -0.003997293766587973 
vn 0.0054896799847483635 -0.008358432911336422 1.361764256913034e-9 
vn -0.00013107800623402 -0.009999141097068787 1.6290701010390762e-9 
vn -0.0005468740127980709 -0.007927987724542618 0.006070250179618597 
vn 0.007641226053237915 -0.005062933079898357 0.003997295629233122 
vn 0.005374336149543524 -0.0013287218753248453 0.0083277253434062 
vn -0.001073838910087943 -0.0011118893744423985 0.009879806078970432 
vn 0.005824186373502016 -0.0018033755477517843 0.007926329039037228 
vn -0.001036485773511231 -0.0008509992039762437 0.009909667074680328 
vn 0.006914952769875526 -0.0018033756641671062 0.006995087955147028 
vn 0.00013208339805714786 -0.0005895242793485522 0.009981734678149223 
vn 0.0006032648961991072 0.000414974638260901 0.009973157197237015 
vn 0.007314101327210665 -0.0005895248032175004 0.006793849170207977 
vn 0.00991223193705082 -0.0012420606799423695 -0.0004527140990830958 
vn 0.009737358428537846 -0.002231294522061944 -0.00045296436292119324 
vn 0.006477130111306906 -0.0012420618440955877 -0.007516918703913689 
vn 0.009937611408531666 -0.000938038167078048 -0.000603295280598104 
vn 0.009740992449223995 -0.0021033291704952717 0.0008301056805066764 
vn 0.009937611408531666 -0.0009380379924550653 0.0006032955716364086 
vn 0.009968618862330914 0.00024029328778851777 -0.0007542551029473543 
vn 0.009970780462026596 -0.000763898657169193 1.2445512675984816e-10 
vn 0.009947329759597778 0.0010250037303194404 -1.6699462646041496e-10 
vn 0.009968618862330914 0.00024029353517107666 0.0007542550447396934 
vn 0.008471203967928886 0.0012420614948496222 0.005166816525161266 
vn 0.008471203967928886 0.0012420598650351167 -0.005166816990822554 
vn 0.007742125540971756 0.0008074564975686371 -0.006277540232986212 
vn 0.007208536379039288 -0.0010684586595743895 -0.006848021410405636 
vn 0.006470686290413141 -0.001588077167980373 -0.007457092870026827 
vn -0.0007730717188678682 -0.0005459040985442698 -0.009955116547644138 
vn -0.00016981827502604574 -0.0005895275389775634 -0.00998116284608841 
vn 0.001130340388044715 -0.00006554202263941988 -0.009935694746673107 
vn 0.0014282908523455262 0.001458523329347372 -0.009789417497813702 
vn 0.0015228803968057036 0.001631198450922966 -0.00974782183766365 
vn 0.0015228803968057036 0.0016312015941366553 0.00974782183766365 
vn 0.0014282908523455262 0.0014585264725610614 0.009789417497813702 
vn 0.007742125540971756 0.0008074585348367691 0.006277540232986212 
vn -0.003686853451654315 0.0000218454279092839 -0.009295517578721046 
vn 0.005824119318276644 0.0022738641127943993 -0.007804432883858681 
vn 0.005145648028701544 0.0020178158301860094 -0.00833371002227068 
vn 0.009576071053743362 0.0019750031642615795 0.0020971917547285557 
vn -0.003545837476849556 0.0001092310922103934 -0.009349605068564415 
vn 0.004978545941412449 0.0025283494032919407 -0.008295874111354351 
vn -0.004257884342223406 0.0005022671539336443 -0.009034276008605957 
vn 0.004571111407130957 0.001975001534447074 -0.008672041818499565 
vn -0.0045916796661913395 0.0011553018121048808 -0.00880805030465126 
vn -0.005912208929657936 0.0014585235621780157 -0.007932118140161037 
vn 0.0045953188091516495 0.002697051502764225 -0.008462207391858101 
vn -0.004727187100797892 0.004487267229706049 -0.007584070786833763 
vn 0.009871031157672405 -0.0007203255081549287 -0.0014296418521553278 
vn 0.009567493572831154 0.002443706849589944 0.0015784036368131638 
vn 0.009675099514424801 0.0018463373417034745 0.0017272740369662642 
vn 0.0034036862198263407 -0.000981528777629137 0.009351551532745361 
vn 0.003962517250329256 -0.0004149715241510421 0.009172036312520504 
vn -0.005453390534967184 -0.0026970517355948687 0.00793640036135912 
vn -0.005470611620694399 -0.002570599550381303 0.00796645600348711 
vn -0.009491153061389923 -0.0024437070824205875 -0.001986532472074032 
vn -0.00960564985871315 -0.002017817460000515 -0.0019130880245938897 
vn -0.003686853451654315 0.0000218454279092839 -0.009295517578721046 
vn -0.003545837476849556 0.0001092310922103934 -0.009349605068564415 
vn -0.004257884342223406 0.0005022671539336443 -0.009034276008605957 
vn -0.009675148874521255 -0.0019750031642615795 -0.0015782469417899847 
vn -0.0045916796661913395 0.0011553018121048808 -0.00880805030465126 
vn -0.00969594158232212 -0.001803377061150968 -0.0016542490338906646 
vn -0.009726633317768574 0.00010923224181169644 -0.0023196260444819927 
vn -0.005912208929657936 0.0014585235621780157 -0.007932118140161037 
vn -0.004727187100797892 0.004487267229706049 -0.007584070786833763 
vn -0.005352233070880175 0.0070012095384299755 -0.004726168233901262 
vn -0.009662812575697899 0.001803376479074359 -0.0018379029352217913 
vn -0.00578448548913002 0.0075117917731404305 -0.0031800491269677877 
vn -0.005390969105064869 -0.0026970517355948687 0.007978932932019234 
vn 0.003669645870104432 -0.00045862371916882694 0.009291036985814571 
vn 0.008913671597838402 -0.0033631129190325737 -0.003039067145437002 
vn 0.008878160268068314 0.0011986925965175033 -0.004443129990249872 
vn -0.009340191259980202 -0.00336311268620193 -0.0012042836751788855 
vn 0.007365260273218155 0.0005895248032175004 -0.00673835352063179 
vn 0.0035369836259633303 0.007511791307479143 -0.005573395639657974 
vn 0.0027194535359740257 0.0057248217053711414 -0.007735049352049828 
vn 0.004019163083285093 0.008085029199719429 -0.004298677202314138 
vn -0.005352233070880175 0.0070012095384299755 -0.004726168233901262 
vn -0.00578448548913002 0.0075117917731404305 -0.0031800491269677877 
vn -0.003473935415968299 -0.00028397381538525224 -0.00937289372086525 
vn -0.00924273394048214 -0.003115092869848013 -0.00220636953599751 
vn -0.003686853451654315 0.0000218454279092839 -0.009295517578721046 
vn -0.00960564985871315 -0.002017817460000515 -0.0019130880245938897 
vn -0.005470611620694399 -0.002570599550381303 0.00796645600348711 
vn -0.005747017450630665 -0.003608820028603077 0.007344944402575493 
vn 0.0034036862198263407 -0.000981528777629137 0.009351551532745361 
vn 0.0034723433200269938 -0.00041497149504721165 0.009368597529828548 
vn 0.009327526204288006 0.0028230424504727125 0.0022422499023377895 
vn 0.009576071053743362 0.0019750031642615795 0.0020971917547285557 
vn 0.005668518133461475 0.0031565811950713396 -0.007609460968524218 
vn 0.005145648028701544 0.0020178158301860094 -0.00833371002227068 
vn -0.003686853451654315 0.0000218454279092839 -0.009295517578721046 
vn -0.003473935415968299 -0.00028397381538525224 -0.00937289372086525 
vn -0.0038257911801338196 -0.0009815316880121827 -0.0091869430616498 
vn 0.004879908170551062 0.0022738638799637556 -0.00842710118740797 
vn -0.0028119152411818504 -0.0021033308003097773 -0.009363179095089436 
vn 0.009541904553771019 0.002739102113991976 0.0012039016000926495 
vn 0.004308410454541445 -0.00024029193446040154 0.009021079167723656 
vn -0.004283466376364231 -0.0038520486559718847 0.008173961192369461 
vn -0.008762710727751255 -0.004526273813098669 -0.0016515895258635283 
vn -0.0038257911801338196 -0.0009815316880121827 -0.0091869430616498 
vn -0.008058805018663406 -0.005616858135908842 -0.0018725834088400006 
vn -0.0028119152411818504 -0.0021033308003097773 -0.009363179095089436 
vn -0.008297143504023552 -0.005062934011220932 -0.002350341295823455 
vn -0.0021539845038205385 -0.000851002405397594 -0.009728111326694489 
vn -0.003238089382648468 -0.005471405107527971 0.007718711160123348 
vn -0.003753563854843378 -0.005434779450297356 0.007508257403969765 
vn 0.004405421670526266 -0.0020605914760380983 0.00873763207346201 
vn 0.009824387729167938 0.0011986936442553997 0.0014298735186457634 
vn 0.00569127919152379 0.0008945267181843519 -0.008173687383532524 
vn -0.0021539845038205385 -0.000851002405397594 -0.009728111326694489 
vn 0.005554480478167534 0.0019321495201438665 -0.008087925612926483 
vn 0.009186564944684505 0.003932546358555555 0.0003769789473153651 
vn 0.0016909503610804677 -0.0020605912432074547 0.009638187475502491 
vn 0.006477130111306906 -0.0012420618440955877 -0.007516918703913689 
vn -0.0007730717188678682 -0.0005459040985442698 -0.009955116547644138 
vn 0.006764708086848259 -0.0007638998213224113 -0.007324969861656427 
vn -0.0003019430732820183 -0.00024029503401834518 -0.009992551989853382 
vn 0.0008859254303388298 -0.0005459040985442698 -0.009945709258317947 
vn 0.00991223193705082 -0.0012420606799423695 -0.0004527140990830958 
vn 0.009976789355278015 -0.0006767380982637405 -0.00007552665192633867 
vn 0.007314101327210665 -0.0005895248032175004 0.006793849170207977 
vn 0.0070672715082764626 -0.00032764457864686847 0.0070672715082764626 
vn 0.0006032648961991072 0.000414974638260901 0.009973157197237015 
vn 0.0003773965290747583 0.00024029503401834518 0.009989986196160316 
vn 0.00613588560372591 -0.0006767368176952004 0.007867206819355488 
vn -0.000979327131062746 -0.0004149713786318898 0.009943274781107903 
vn 0.004183367360383272 0.0013720184797421098 0.008978697471320629 
vn -0.001130340388044715 -0.00006553878483828157 0.009935694746673107 
vn 0.008404404856264591 0.005138099659234285 0.001722182729281485 
vn 0.009919003583490849 -0.0008074573124758899 0.0009804950095713139 
vn 0.0075893341563642025 -0.0008510018815286458 -0.006455834489315748 
vn -0.00028319156263023615 0.0012854026863351464 -0.009912999346852303 
vn 0.0063018836081027985 0.004835139028728008 -0.006075170822441578 
vn -0.006547400262206793 0.0013287244364619255 0.007440835703164339 
vn 0.0006032648961991072 0.000414974638260901 0.009973157197237015 
vn -0.0066192918457090855 0.0010684587759897113 0.0074191223829984665 
vn 0.0003773965290747583 0.00024029503401834518 0.009989986196160316 
vn -0.000979327131062746 -0.0004149713786318898 0.009943274781107903 
vn -0.009888983331620693 0.0014152844669297338 0.0004527500132098794 
vn -0.009903635829687119 0.001372016966342926 0.00018858734983950853 
vn -0.007443056907504797 0.0005459013627842069 -0.0066560423001646996 
vn -0.007037050556391478 0.0007638974930159748 -0.007063737139105797 
vn -0.0007730717188678682 -0.0005459040985442698 -0.009955116547644138 
vn -0.0003019430732820183 -0.00024029503401834518 -0.009992551989853382 
vn -0.006107434630393982 0.00006553911953233182 -0.00791801419109106 
vn 0.0008859254303388298 -0.0005459040985442698 -0.009945709258317947 
vn -0.0056799836456775665 -0.00015292408352252096 -0.008228876627981663 
vn -0.00028319156263023615 0.0012854026863351464 -0.009912999346852303 
vn -0.009870527312159538 -0.00028397253481671214 -0.0015786237781867385 
vn -0.009916595183312893 0.0005459022941067815 -0.001167529495432973 
vn -0.007582940626889467 0.00019661102851387113 0.006516160909086466 
vn -0.001130340388044715 -0.00006553878483828157 0.009935694746673107 
vn -0.007680490612983704 -0.00019660891848616302 0.006400891114026308 
vn 0.004025162197649479 -0.005902568344026804 0.0069969817996025085 
vn -0.0004340714658610523 -0.002528349170461297 0.009665352292358875 
vn 0.0022260788828134537 -0.0029485442209988832 0.00929250568151474 
vn 0.0026827261317521334 -0.0019750013016164303 0.00942880380898714 
vn -0.0007920398493297398 -0.004012740217149258 0.009125271812081337 
vn -0.005466158967465162 -0.005138098262250423 0.006612189579755068 
vn -0.007792374584823847 -0.004487267695367336 0.0043753087520599365 
vn -0.006218905560672283 -0.0010250024497509003 0.0077636707574129105 
vn -0.004713402595371008 0.004369744099676609 0.0076608858071267605 
vn -0.0070862239226698875 -0.0024437056854367256 0.006619194522500038 
vn -0.009970780462026596 -0.000763898657169193 1.2445719455023152e-10 
vn -0.008418301120400429 -0.0033631117548793554 0.0042215739376842976 
vn -0.00914188101887703 -0.004052725154906511 0.00003774078140850179 
vn -0.009951713494956493 0.0009815302910283208 -1.5990983537328418e-10 
vn -0.007101318333297968 0.001458526006899774 0.006887958850711584 
vn 0.0029285794589668512 0.0041324603371322155 0.008622423745691776 
vn -0.006445243954658508 0.002906767651438713 0.007071741856634617 
vn 0.00001886263271444477 0.0016742945881560445 0.009858822450041771 
vn -0.005486318841576576 0.005760594271123409 0.0060593606904149055 
vn 0.00016954602324403822 0.006452019326388836 0.007638239301741123 
vn 0.00004369377711554989 0.009999904781579971 -1.6291944460178343e-9 
vn -0.006731150671839714 0.007395281922072172 0.00003769354589167051 
vn -0.00932603795081377 0.003608821425586939 -0.00003770814510062337 
vn 0.009245053865015507 -0.003811691189184785 6.210045255805596e-10 
vn 0.006985594518482685 -0.007155520375818014 1.1657845799817323e-9 
vn 0.006589346099644899 -0.006042741239070892 0.004479485563933849 
vn 0.005044081714004278 -0.008634653873741627 1.4067663700600974e-9 
vn 0.004025162197649479 -0.005902568344026804 0.0069969817996025085 
vn 0.0022260788828134537 -0.0029485442209988832 0.00929250568151474 
vn 0.006687878165394068 -0.001328722108155489 0.007314832881093025 
vn 0.006250342819839716 -0.0007638973766006529 0.007768505252897739 
vn 0.009927896782755852 -0.001198693411424756 1.9529232397896834e-10 
vn 0.008518317714333534 0.0000655412586638704 0.0052377451211214066 
vn 0.009967347607016563 -0.0008074574870988727 1.3155178335555462e-10 
vn 0.0026827261317521334 -0.0019750013016164303 0.00942880380898714 
vn 0.007017316296696663 -0.00006553924322361127 0.007124112918972969 
vn 0.009991385973989964 -0.0004149730084463954 6.760781517956005e-11 
vn 0.006606491282582283 0.0023588771000504494 0.00712670898064971 
vn 0.009542446583509445 0.0029902691021561623 -4.871776315695797e-10 
vn 0.005540824495255947 0.005471407435834408 0.006273990962654352 
vn 0.007047857623547316 0.007094202097505331 -1.1557944601392478e-9 
vn 0.00016954602324403822 0.006452019326388836 0.007638239301741123 
vn 0.00004369377711554989 0.009999904781579971 -1.6291944460178343e-9 
vn 0.0029285794589668512 0.0041324603371322155 0.008622423745691776 
vn 0.00001886263271444477 0.0016742945881560445 0.009858822450041771 
vn -0.0007920398493297398 -0.004012740217149258 0.009125271812081337 
vn -0.007792374584823847 -0.004487267695367336 0.0043753087520599365 
vn -0.006846951320767403 -0.004719986114650965 0.005553466267883778 
vn -0.004713402595371008 0.004369744099676609 0.0076608858071267605 
vn -0.007141318172216415 0.005062934476882219 0.004834073130041361 
vn 0.0029285794589668512 0.0041324603371322155 0.008622423745691776 
vn 0.00392504408955574 0.005025207065045834 0.007703332230448723 
vn 0.0026827261317521334 -0.0019750013016164303 0.00942880380898714 
vn 0.004025162197649479 -0.005902570206671953 -0.006996979936957359 
vn -0.0004340714658610523 -0.0025283521972596645 -0.0096653513610363 
vn 0.0022260788828134537 -0.0029485472477972507 -0.009292504750192165 
vn 0.0026827261317521334 -0.0019750043284147978 -0.00942880380898714 
vn -0.0007920398493297398 -0.0040127430111169815 -0.009125270880758762 
vn -0.005466158967465162 -0.005138100124895573 -0.006612188182771206 
vn -0.007792374584823847 -0.0044872695580124855 -0.004375307355076075 
vn -0.006218905560672283 -0.0010250050108879805 -0.007763670291751623 
vn -0.004713402595371008 0.0043697417713701725 -0.007660887204110622 
vn -0.0070862239226698875 -0.0024437077809125185 -0.0066191935911774635 
vn -0.009970780462026596 -0.000763898657169193 1.2445719455023152e-10 
vn -0.008418301120400429 -0.0033631131518632174 -0.004221573006361723 
vn -0.00914188101887703 -0.004052725154906511 0.00003774078140850179 
vn -0.009951713494956493 0.0009815302910283208 -1.5990983537328418e-10 
vn -0.007101318333297968 0.0014585237950086594 -0.006887959316372871 
vn 0.0029285794589668512 0.004132457543164492 -0.008622425608336926 
vn -0.006445243954658508 0.0029067653231322765 -0.0070717427879571915 
vn 0.00001886263271444477 0.0016742913285270333 -0.009858823381364346 
vn -0.005486318841576576 0.00576059240847826 -0.006059362553060055 
vn 0.00016954602324403822 0.006452016998082399 -0.00763824163004756 
vn 0.00004369377711554989 0.009999904781579971 -1.6291944460178343e-9 
vn -0.006731150671839714 0.007395281922072172 0.00003769354589167051 
vn -0.00932603795081377 0.003608821425586939 -0.00003770814510062337 
vn 0.009245053865015507 -0.003811691189184785 6.210045255805596e-10 
vn 0.006985594518482685 -0.007155520375818014 1.1657845799817323e-9 
vn 0.006589346099644899 -0.006042742636054754 -0.0044794837012887 
vn 0.005044081714004278 -0.008634653873741627 1.4067663700600974e-9 
vn 0.004025162197649479 -0.005902570206671953 -0.006996979936957359 
vn 0.0022260788828134537 -0.0029485472477972507 -0.009292504750192165 
vn 0.006687878165394068 -0.0013287244364619255 -0.007314832415431738 
vn 0.006250342819839716 -0.0007638998795300722 -0.007768505252897739 
vn 0.009927896782755852 -0.001198693411424756 1.9529232397896834e-10 
vn 0.008518317714333534 0.00006553955608978868 -0.0052377451211214066 
vn 0.009967347607016563 -0.0008074574870988727 1.3155178335555462e-10 
vn 0.0026827261317521334 -0.0019750043284147978 -0.00942880380898714 
vn 0.007017316296696663 -0.00006554156425409019 -0.007124112918972969 
vn 0.009991385973989964 -0.0004149730084463954 6.760781517956005e-11 
vn 0.006606491282582283 0.002358874771744013 -0.007126709446310997 
vn 0.009542446583509445 0.0029902691021561623 -4.871776315695797e-10 
vn 0.005540824495255947 0.005471405573189259 -0.006273992825299501 
vn 0.007047857623547316 0.007094202097505331 -1.1557944601392478e-9 
vn 0.00016954602324403822 0.006452016998082399 -0.00763824163004756 
vn 0.00004369377711554989 0.009999904781579971 -1.6291944460178343e-9 
vn 0.0029285794589668512 0.004132457543164492 -0.008622425608336926 
vn 0.00001886263271444477 0.0016742913285270333 -0.009858823381364346 
vn -0.0007920398493297398 -0.0040127430111169815 -0.009125270880758762 
vn -0.007792374584823847 -0.0044872695580124855 -0.004375307355076075 
vn -0.006846951320767403 -0.004719987977296114 -0.005553464870899916 
vn -0.004713402595371008 0.0043697417713701725 -0.007660887204110622 
vn -0.007141318172216415 0.00506293261423707 -0.00483407499268651 
vn 0.0029285794589668512 0.004132457543164492 -0.008622425608336926 
vn 0.00392504408955574 0.00502520427107811 -0.007703333627432585 
vn 0.0026827261317521334 -0.0019750043284147978 -0.00942880380898714 
vn 0.003968054428696632 -0.0068435585126280785 0.006117209326475859 
vn 0.005981977563351393 -0.003932544961571693 0.006982194259762764 
vn 0.007320925127714872 0.006811635103076696 -0.00007541152444900945 
vn 0.009186564944684505 0.003932545892894268 -0.00037698022788390517 
vn 0.009837321937084198 0.0009815305238589644 0.0015045576728880405 
vn 0.004928566515445709 0.0032806890085339546 0.008058927953243256 
vn 0.004978545941412449 0.002528351964429021 0.008295873180031776 
vn -0.0013551313895732164 -0.00006553879211423919 0.009907539002597332 
vn -0.0019140117801725864 0.0006767396698705852 0.009791760705411434 
vn 0.005554480478167534 0.0019321521976962686 0.008087924681603909 
vn -0.0021539845038205385 -0.0008509992621839046 0.009728111326694489 
vn 0.009988841600716114 0.0002839722146745771 -0.00037735336809419096 
vn 0.008527160622179508 0.0019750020001083612 -0.004835999570786953 
vn 0.004522159695625305 0.001372018363326788 0.008812924847006798 
vn 0.009312089532613754 0.0018892615335062146 -0.00311699858866632 
vn 0.005674153100699186 -0.006779579911381006 0.004673466086387634 
vn 0.00916975736618042 -0.0024013149086385965 -0.0031857865396887064 
vn -0.005006305407732725 -0.008656610734760761 1.4103447298907668e-9 
vn 0.0017135469242930412 -0.008161473087966442 0.0055185239762067795 
vn -0.0006597749888896942 -0.0009380364790558815 0.009934021160006523 
vn -0.007806605193763971 -0.0061466628685593605 0.0011293601710349321 
vn -0.008792368695139885 -0.004758462775498629 0.00022646100842393935 
vn -0.009480779990553856 -0.0031150924041867256 0.0006411023205146194 
vn -0.008297143504023552 -0.005062933079898357 0.0023503429256379604 
vn 0.005537605844438076 0.0005459011299535632 -0.008308845572173595 
vn 0.009951423853635788 0.0006331379408948123 -0.0007538636564277112 
vn 0.005141693167388439 0.004251464735716581 -0.007449029013514519 
vn 0.00860584992915392 0.005025205668061972 -0.0008286499069072306 
vn 0.004183367360383272 0.0013720154529437423 -0.008978697471320629 
vn 0.008404404856264591 0.005138098727911711 -0.0017221843590959907 
vn 0.006468954496085644 0.00510056596249342 0.005668937228620052 
vn 0.0063018836081027985 0.0048351408913731575 0.006075169425457716 
vn 0.0017626471817493439 0.004132460802793503 0.008933971635997295 
vn -0.00028319156263023615 0.0012854058295488358 0.009912998415529728 
vn 0.007519789971411228 0.0005022697150707245 0.006572708021849394 
vn 0.0017091035842895508 0.0005459040985442698 0.009837730787694454 
vn -0.000021846888557774946 -0.009999904781579971 -0.000037838293792447075 
vn -0.000021846888557774946 -0.009999904781579971 -0.000037838293792447075 
vn -0.000021846888557774946 -0.009999904781579971 -0.000037838293792447075 
vn -0.000021846888557774946 -0.009999904781579971 -0.000037838293792447075 
vn 0.00004369377711554989 -0.009999904781579971 1.6291944460178343e-9 
vn 0.00004369377711554989 -0.009999904781579971 1.6291944460178343e-9 
vn 0.00004369377711554989 -0.009999904781579971 1.6291944460178343e-9 
vn 0.00004369377711554989 -0.009999904781579971 1.6291944460178343e-9 
vn -0.001130340388044715 -0.00006554202263941988 -0.009935694746673107 
vn -0.0011865762062370777 0.0008509992621839046 -0.009892817586660385 
vn -0.007680490612983704 -0.00019661099941004068 -0.006400891114026308 
vn -0.007604991085827351 0.0006767370505258441 -0.00645802915096283 
vn -0.009870527312159538 -0.0002839720400515944 0.0015786238946020603 
vn -0.009845269843935966 0.0004586254945024848 0.0016912478022277355 
vn -0.0056799836456775665 -0.00015292140597011894 0.008228876627981663 
vn -0.005586064886301756 0.0006767394370399415 0.008266674354672432 
vn -0.00028319156263023615 0.0012854058295488358 0.009912998415529728 
vn -0.0023559117689728737 0.0007203268469311297 0.00969179067760706 
vn -0.0023559117689728737 0.0007203268469311297 0.00969179067760706 
vn 0.0017091035842895508 0.0005459040985442698 0.009837730787694454 
vn -0.00028319156263023615 0.0012854058295488358 0.009912998415529728 
vn 0.0017626471817493439 0.004132460802793503 0.008933971635997295 
vn 0.005537605844438076 0.0005459011299535632 -0.008308845572173595 
vn 0.00198808079585433 0.0006767365266568959 -0.009776991792023182 
vn 0.005141693167388439 0.004251464735716581 -0.007449029013514519 
vn 0.004183367360383272 0.0013720154529437423 -0.008978697471320629 
vn -0.001130340388044715 -0.00006554202263941988 -0.009935694746673107 
vn -0.0011865762062370777 0.0008509992621839046 -0.009892817586660385 
vn -0.000021846888557774946 -0.009999904781579971 0.00003784155342145823 
vn -0.000021846888557774946 -0.009999904781579971 0.00003784155342145823 
vn -0.000021846888557774946 -0.009999904781579971 0.00003784155342145823 
vn -0.000021846888557774946 -0.009999904781579971 0.00003784155342145823 
vn -0.005006305407732725 -0.008656610734760761 1.4103447298907668e-9 
vn -0.007806605193763971 -0.0061466628685593605 0.0011293601710349321 
vn -0.0009987938683480024 -0.004092632792890072 -0.009069330990314484 
vn -0.0020795806776732206 -0.0026970545295625925 -0.009402193129062653 
vn -0.008792368695139885 -0.004758462775498629 0.00022646100842393935 
vn -0.002153515350073576 -0.0031565839890390635 -0.009241122752428055 
vn -0.009480779990553856 -0.0031150924041867256 0.0006411023205146194 
vn -0.003131063189357519 -0.0032393825240433216 -0.008927645161747932 
vn -0.008297143504023552 -0.005062933079898357 0.0023503429256379604 
vn -0.003238089382648468 -0.005471407901495695 -0.007718709297478199 
vn -0.0005093992222100496 -0.004642768297344446 -0.00884224008768797 
vn 0.0016909503610804677 -0.002060594502836466 -0.009638186544179916 
vn 0.00020766790839843452 -0.002231295919045806 -0.009745675139129162 
vn -0.0001509657158749178 -0.001717355684377253 -0.009850273840129375 
vn 0.0003584479563869536 -0.003649537917226553 -0.009303353726863861 
vn 0.00916975736618042 -0.0024013149086385965 -0.0031857865396887064 
vn 0.009312089532613754 0.0018892615335062146 -0.00311699858866632 
vn 0.008527160622179508 0.0019750020001083612 -0.004835999570786953 
vn 0.009837321937084198 0.0009815305238589644 0.0015045576728880405 
vn -0.005503776483237743 -0.006843560375273228 -0.004782689735293388 
vn 0.005981977563351393 -0.003932544961571693 0.006982194259762764 
vn -0.0027293029706925154 -0.00911520142108202 -0.0030763624235987663 
vn 0.003968054428696632 -0.0068435585126280785 0.006117209326475859 
vn 0.004047411493957043 -0.002316394355148077 -0.008846060372889042 
vn 0.009988841600716114 0.0002839722146745771 -0.00037735336809419096 
vn -0.00047152492334134877 0.003771258285269141 -0.009249609895050526 
vn 0.007320925127714872 0.006811635103076696 -0.00007541152444900945 
vn 0.009186564944684505 0.003932545892894268 -0.00037698022788390517 
vn 0.008265910670161247 0.0037307566963136196 0.004213807173073292 
vn 0.005044081714004278 -0.008634653873741627 1.4067663700600974e-9 
vn 0.009955907240509987 0.0009380381088703871 -1.528260989980268e-10 
vn 0.008265910670161247 0.0037307552993297577 -0.004213808570057154 
vn 0.004025162197649479 -0.005902570206671953 -0.006996979936957359 
vn 0.002216835506260395 0.005652953404933214 -0.007945423945784569 
vn -0.0004340714658610523 -0.0025283521972596645 -0.0096653513610363 
vn -0.007112856023013592 0.005580653436481953 -0.004273591563105583 
vn -0.0070862239226698875 -0.0024437077809125185 -0.0066191935911774635 
vn -0.008956210687756538 0.004448178224265575 -7.246998001697591e-10 
vn -0.009970780462026596 -0.000763898657169193 1.2445719455023152e-10 
vn 0.004025162197649479 -0.005902568344026804 0.0069969817996025085 
vn 0.002216835506260395 0.005652955733239651 0.00794542208313942 
vn -0.0004340714658610523 -0.002528349170461297 0.009665352292358875 
vn -0.007112856023013592 0.005580654833465815 0.004273589700460434 
vn -0.0070862239226698875 -0.0024437056854367256 0.006619194522500038 
vn -0.008956210687756538 0.004448178224265575 -7.246998001697591e-10 
vn -0.009970780462026596 -0.000763898657169193 1.2445719455023152e-10 
vn 0.00916975736618042 -0.0024013137444853783 0.0031857872381806374 
vn 0.005674153100699186 -0.006779581308364868 -0.004673463758081198 
vn 0.009312089532613754 0.001889262581244111 0.0031169981230050325 
vn 0.004522159695625305 0.001372015569359064 -0.008812924847006798 
vn 0.008527160622179508 0.001975003629922867 0.004835999105125666 
vn 0.004978545941412449 0.0025283494032919407 -0.008295874111354351 
vn 0.009837321937084198 0.0009815300581976771 -0.001504558022134006 
vn 0.004928566515445709 0.0032806862145662308 -0.00805892888456583 
vn -0.0013551313895732164 -0.00006554202263941988 -0.009907539002597332 
vn -0.0006597749888896942 -0.0009380396804772317 -0.009934021160006523 
vn -0.007806605193763971 -0.0061466628685593605 -0.001129358191974461 
vn -0.005006305407732725 -0.008656610734760761 1.4103447298907668e-9 
vn 0.0017135469242930412 -0.008161474950611591 -0.005518521647900343 
vn -0.008792368695139885 -0.004758462775498629 -0.0002264594513690099 
vn -0.0019140117801725864 0.0006767365266568959 -0.009791760705411434 
vn 0.005554480478167534 0.0019321495201438665 -0.008087925612926483 
vn 0.009186564944684505 0.003932546358555555 0.0003769789473153651 
vn 0.005981977563351393 -0.00393254728987813 -0.006982192862778902 
vn 0.007320925127714872 0.006811635103076696 0.00007540930528193712 
vn 0.003968054428696632 -0.006843560840934515 -0.006117206998169422 
vn 0.009988841600716114 0.0002839723601937294 0.0003773532807826996 
vn -0.009480779990553856 -0.0031150926370173693 -0.0006411013309843838 
vn -0.0021539845038205385 -0.000851002405397594 -0.009728111326694489 
vn -0.008297143504023552 -0.005062934011220932 -0.002350341295823455 
vn 0.005537605844438076 0.0005459038075059652 0.008308845572173595 
vn 0.009951423853635788 0.000633138173725456 0.0007538634235970676 
vn 0.005141693167388439 0.004251467529684305 0.007449027616530657 
vn 0.00860584992915392 0.005025205668061972 0.000828648277092725 
vn 0.004183367360383272 0.0013720184797421098 0.008978697471320629 
vn 0.008404404856264591 0.005138099659234285 0.001722182729281485 
vn 0.006468954496085644 0.00510056409984827 -0.005668939091265202 
vn 0.0063018836081027985 0.004835139028728008 -0.006075170822441578 
vn 0.0017626471817493439 0.004132457543164492 -0.00893397256731987 
vn -0.00028319156263023615 0.0012854026863351464 -0.009912999346852303 
vn 0.007519789971411228 0.0005022675613872707 -0.006572708021849394 
vn 0.0017091035842895508 0.0005459008971229196 -0.009837730787694454 
vn -0.000021846888557774946 -0.009999904781579971 0.00003784155342145823 
vn -0.000021846888557774946 -0.009999904781579971 0.00003784155342145823 
vn -0.000021846888557774946 -0.009999904781579971 0.00003784155342145823 
vn -0.000021846888557774946 -0.009999904781579971 0.00003784155342145823 
vn 0.00004369377711554989 -0.009999904781579971 1.6291944460178343e-9 
vn 0.00004369377711554989 -0.009999904781579971 1.6291944460178343e-9 
vn 0.00004369377711554989 -0.009999904781579971 1.6291944460178343e-9 
vn 0.00004369377711554989 -0.009999904781579971 1.6291944460178343e-9 
vn -0.0023559117689728737 0.0007203237037174404 -0.00969179067760706 
vn -0.00028319156263023615 0.0012854026863351464 -0.009912999346852303 
vn -0.005586064886301756 0.0006767367594875395 -0.008266674354672432 
vn -0.0056799836456775665 -0.00015292408352252096 -0.008228876627981663 
vn -0.009845269843935966 0.0004586249415297061 -0.0016912479186430573 
vn -0.009870527312159538 -0.00028397253481671214 -0.0015786237781867385 
vn -0.007604991085827351 0.000676739146001637 0.00645802915096283 
vn -0.007680490612983704 -0.00019660891848616302 0.006400891114026308 
vn -0.0011865762062370777 0.0008510024636052549 0.00989281665533781 
vn -0.001130340388044715 -0.00006553878483828157 0.009935694746673107 
vn 0.0017626471817493439 0.004132457543164492 -0.00893397256731987 
vn -0.00028319156263023615 0.0012854026863351464 -0.009912999346852303 
vn 0.0017091035842895508 0.0005459008971229196 -0.009837730787694454 
vn -0.0023559117689728737 0.0007203237037174404 -0.00969179067760706 
vn 0.005537605844438076 0.0005459038075059652 0.008308845572173595 
vn 0.00198808079585433 0.0006767396698705852 0.009776991792023182 
vn 0.005141693167388439 0.004251467529684305 0.007449027616530657 
vn 0.004183367360383272 0.0013720184797421098 0.008978697471320629 
vn -0.001130340388044715 -0.00006553878483828157 0.009935694746673107 
vn -0.0011865762062370777 0.0008510024636052549 0.00989281665533781 
vn -0.000021846888557774946 -0.009999904781579971 -0.000037838293792447075 
vn -0.000021846888557774946 -0.009999904781579971 -0.000037838293792447075 
vn -0.000021846888557774946 -0.009999904781579971 -0.000037838293792447075 
vn -0.000021846888557774946 -0.009999904781579971 -0.000037838293792447075 
vn -0.007806605193763971 -0.0061466628685593605 -0.001129358191974461 
vn -0.0009987938683480024 -0.004092629998922348 0.009069332852959633 
vn -0.005006305407732725 -0.008656610734760761 1.4103447298907668e-9 
vn 0.00916975736618042 -0.0024013137444853783 0.0031857872381806374 
vn -0.0020795806776732206 -0.002697051502764225 0.009402194060385227 
vn -0.008792368695139885 -0.004758462775498629 -0.0002264594513690099 
vn -0.002153515350073576 -0.003156580962240696 0.00924112368375063 
vn -0.009480779990553856 -0.0031150926370173693 -0.0006411013309843838 
vn -0.003131063189357519 -0.003239379497244954 0.008927646093070507 
vn -0.008297143504023552 -0.005062934011220932 -0.002350341295823455 
vn -0.003238089382648468 -0.005471405107527971 0.007718711160123348 
vn -0.0005093992222100496 -0.004642765503376722 0.008842241950333118 
vn 0.0016909503610804677 -0.0020605912432074547 0.009638187475502491 
vn 0.00020766790839843452 -0.0022312928922474384 0.009745676070451736 
vn -0.0001509657158749178 -0.001717352424748242 0.00985027477145195 
vn 0.0003584479563869536 -0.0036495348904281855 0.009303354658186436 
vn 0.009312089532613754 0.001889262581244111 0.0031169981230050325 
vn 0.008527160622179508 0.001975003629922867 0.004835999105125666 
vn 0.009837321937084198 0.0009815300581976771 -0.001504558022134006 
vn -0.005503776483237743 -0.006843558978289366 0.004782691597938538 
vn 0.005981977563351393 -0.00393254728987813 -0.006982192862778902 
vn -0.0027293029706925154 -0.009115200489759445 0.00307636521756649 
vn 0.003968054428696632 -0.006843560840934515 -0.006117206998169422 
vn 0.004047411493957043 -0.0023163913283497095 0.008846061304211617 
vn 0.009988841600716114 0.0002839723601937294 0.0003773532807826996 
vn -0.00047152492334134877 0.0037712613120675087 0.009249608963727951 
vn 0.007320925127714872 0.006811635103076696 0.00007540930528193712 
vn 0.009186564944684505 0.003932546358555555 0.0003769789473153651 
vn -0.000021846888557774946 -0.009999904781579971 -0.000037838293792447075 
vn -0.000021846888557774946 -0.009999904781579971 -0.000037838293792447075 
vn -0.000021846888557774946 -0.009999904781579971 -0.000037838293792447075 
vn -0.000021846888557774946 -0.009999904781579971 -0.000037838293792447075 
vn -0.000021846888557774946 -0.009999904781579971 -0.000037838293792447075 
vn -0.000021846888557774946 -0.009999904781579971 -0.000037838293792447075 
vn -0.000021846888557774946 -0.009999904781579971 -0.000037838293792447075 
vn -0.000021846888557774946 -0.009999904781579971 -0.000037838293792447075 
vn -0.000021846888557774946 -0.009999904781579971 0.00003784155342145823 
vn -0.000021846888557774946 -0.009999904781579971 0.00003784155342145823 
vn -0.000021846888557774946 -0.009999904781579971 0.00003784155342145823 
vn -0.000021846888557774946 -0.009999904781579971 0.00003784155342145823 
vn -0.000021846888557774946 -0.009999904781579971 0.00003784155342145823 
vn -0.000021846888557774946 -0.009999904781579971 0.00003784155342145823 
vn -0.000021846888557774946 -0.009999904781579971 0.00003784155342145823 
vn -0.000021846888557774946 -0.009999904781579971 0.00003784155342145823 
vt 0.1886010617017746 0.4954979121685028 
vt 0.19887754321098328 0.5227407217025757 
vt 0.13375331461429596 0.5019501447677612 
vt 0.14892905950546265 0.5552409291267395 
vt 0.21345581114292145 0.5604982972145081 
vt 0.14665867388248444 0.6136695742607117 
vt 0.21704064309597015 0.6136695742607117 
vt 0.21345581114292145 0.6668408513069153 
vt 0.25133541226387024 0.6730540990829468 
vt 0.2508574426174164 0.6136695742607117 
vt 0.25133541226387024 0.5542849898338318 
vt 0.3096484839916229 0.5958661437034607 
vt 0.27535369992256165 0.5435312986373901 
vt 0.328887015581131 0.5734027624130249 
vt 0.3077365756034851 0.6136695742607117 
vt 0.3096484839916229 0.6314729452133179 
vt 0.27535369992256165 0.6836883425712585 
vt 0.328887015581131 0.6538168787956238 
vt 0.19887754321098328 0.704478919506073 
vt 0.14892905950546265 0.6719787120819092 
vt 0.1886010617017746 0.7318412065505981 
vt 0.13375331461429596 0.7252694964408875 
vt 0.09396182000637054 0.670186460018158 
vt 0.09611271321773529 0.6136695742607117 
vt 0.01820262148976326 0.6639731526374817 
vt 0.02047300711274147 0.6136695742607117 
vt 0.01820262148976326 0.563246488571167 
vt 0.09396182000637054 0.5571526885032654 
vt 0.010674499906599522 0.5050567984580994 
vt 0.08428280055522919 0.5002773404121399 
vt 0.08428280055522919 0.7270617485046387 
vt 0.010674499906599522 0.7221628427505493 
vt 0.5803024172782898 0.7208485007286072 
vt 0.6136412024497986 0.6798648238182068 
vt 0.5895034074783325 0.6546532511711121 
vt 0.62535160779953 0.6498737931251526 
vt 0.670400857925415 0.6725761294364929 
vt 0.5228257775306702 0.7059127688407898 
vt 0.5213918685913086 0.6510686874389648 
vt 0.4733552634716034 0.6859585642814636 
vt 0.4726383090019226 0.6450943946838379 
vt 0.39771556854248047 0.6468866467475891 
vt 0.39783504605293274 0.5950297117233276 
vt 0.47216033935546875 0.5950297117233276 
vt 0.4726383090019226 0.5449650883674622 
vt 0.39771556854248047 0.5431728363037109 
vt 0.4733552634716034 0.5041009187698364 
vt 0.3979545533657074 0.5035034418106079 
vt 0.3979545533657074 0.6865560412406921 
vt 0.5213918685913086 0.5389907956123352 
vt 0.5228257775306702 0.4842662215232849 
vt 0.5895034074783325 0.535406231880188 
vt 0.5803024172782898 0.46921098232269287 
vt 0.6136412024497986 0.5103141665458679 
vt 0.62535160779953 0.5403051376342773 
vt 0.670400857925415 0.5174833536148071 
vt 0.6766145825386047 0.5753145217895508 
vt 0.6959725618362427 0.5643218159675598 
vt 0.7195128798484802 0.5037424564361572 
vt 0.6770925521850586 0.5950297117233276 
vt 0.6278610229492188 0.5950297117233276 
vt 0.5859186053276062 0.5950297117233276 
vt 0.5197189450263977 0.5950297117233276 
vt 0.6766145825386047 0.6147449016571045 
vt 0.6959725618362427 0.6257376670837402 
vt 0.7195128798484802 0.6863170266151428 
vt 0.20533022284507751 0.8028159141540527 
vt 0.20353782176971436 0.7764095067977905 
vt 0.19230538606643677 0.8017405271530151 
vt 0.19075195491313934 0.7735418081283569 
vt 0.16541923582553864 0.7974390387535095 
vt 0.161595419049263 0.7662531733512878 
vt 0.1013704463839531 0.7877606749534607 
vt 0.1026848778128624 0.7568137645721436 
vt 0.08189292252063751 0.7836981415748596 
vt 0.0888235792517662 0.7503615617752075 
vt 0.06396882236003876 0.7770069241523743 
vt 0.06671718508005142 0.7528707385063171 
vt 0.04604472219944 0.7821448445320129 
vt 0.038038626313209534 0.7486887574195862 
vt 0.0185611043125391 0.7969610691070557 
vt 0.011391463689506054 0.7486887574195862 
vt 0.2083175778388977 0.8252792358398438 
vt 0.059786535799503326 0.8343601822853088 
vt 0.07089947909116745 0.8120163083076477 
vt 0.11128845065832138 0.8486984968185425 
vt 0.10244589298963547 0.820499837398529 
vt 0.16960151493549347 0.8224115967750549 
vt 0.16625568270683289 0.8504908084869385 
vt 0.10650868713855743 0.8791674375534058 
vt 0.19457577168941498 0.8248013257980347 
vt 0.20688365399837494 0.8503713011741638 
vt 0.19146892428398132 0.8495349287986755 
vt 0.18489675223827362 0.8776141405105591 
vt 0.15693515539169312 0.8790479898452759 
vt 0.09814410656690598 0.9010334014892578 
vt 0.04413282126188278 0.8665019273757935 
vt 0.2007894515991211 0.8768972158432007 
vt 0.18107295036315918 0.8997190594673157 
vt 0.15048247575759888 0.9011528491973877 
vt 0.15418680012226105 0.9293515682220459 
vt 0.09491776674985886 0.9318607449531555 
vt 0.06432730704545975 0.8985241651535034 
vt 0.1961291879415512 0.8997190594673157 
vt 0.19863855838775635 0.9255279898643494 
vt 0.18489675223827362 0.9260059595108032 
vt 0.08010051399469376 0.9287541508674622 
vt 0.05799412354826927 0.9311438798904419 
vt 0.04054800048470497 0.9068881869316101 
vt 0.02405782788991928 0.8849027752876282 
vt 0.9262375235557556 0.019107220694422722 
vt 0.9240866303443909 0.037747036665678024 
vt 0.9020997285842896 0.024484090507030487 
vt 0.9016217589378357 0.04682797193527222 
vt 0.8749746084213257 0.021018996834754944 
vt 0.9538406133651733 0.010982171632349491 
vt 0.952765166759491 0.030099932104349136 
vt 0.949419379234314 0.07036671042442322 
vt 0.9234891533851624 0.07072517275810242 
vt 0.9220552444458008 0.1612955629825592 
vt 0.9059235453605652 0.1577109843492508 
vt 0.9181119203567505 0.17420004308223724 
vt 0.9034141898155212 0.17013752460479736 
vt 0.892898678779602 0.15544074773788452 
vt 0.8917037844657898 0.16691140830516815 
vt 0.9019802212715149 0.07454872131347656 
vt 0.8746161460876465 0.047664374113082886 
vt 0.8774839639663696 0.07574358582496643 
vt 0.878559410572052 0.1544848531484604 
vt 0.8786789178848267 0.16571654379367828 
vt 0.8625472187995911 0.15579921007156372 
vt 0.8637421727180481 0.16762831807136536 
vt 0.847012996673584 0.0403757281601429 
vt 0.8467740416526794 0.013969321735203266 
vt 0.8227556943893433 0.010982171632349491 
vt 0.8257430791854858 0.03272862359881401 
vt 0.7971839904785156 0.017075957730412483 
vt 0.7999323606491089 0.035357315093278885 
vt 0.8331516981124878 0.07048620283603668 
vt 0.8547801375389099 0.07275643199682236 
vt 0.8405603170394897 0.17682874202728271 
vt 0.8362585306167603 0.16404373943805695 
vt 0.8523902297019958 0.1718103289604187 
vt 0.8500003814697266 0.1591448187828064 
vt 0.8065045475959778 0.07454872131347656 
vt 0.5248571634292603 0.23035846650600433 
vt 0.5045431852340698 0.27875030040740967 
vt 0.4697704613208771 0.24445781111717224 
vt 0.4658271372318268 0.2721785604953766 
vt 0.4933107793331146 0.21291351318359375 
vt 0.4035707712173462 0.20849253237247467 
vt 0.42376527190208435 0.17897948622703552 
vt 0.3175351023674011 0.1566356122493744 
vt 0.32697510719299316 0.1363229900598526 
vt 0.30200088024139404 0.12234312295913696 
vt 0.29411426186561584 0.14408957958221436 
vt 0.28216487169265747 0.16225144267082214 
vt 0.3035542964935303 0.17658977210521698 
vt 0.2662721574306488 0.17706771194934845 
vt 0.3745337426662445 0.22844669222831726 
vt 0.4351171851158142 0.2668016850948334 
vt 0.46331778168678284 0.2988239526748657 
vt 0.46331778168678284 0.3239160180091858 
vt 0.49821001291275024 0.3239160180091858 
vt 0.5045431852340698 0.3692012131214142 
vt 0.46331778168678284 0.34900805354118347 
vt 0.40309280157089233 0.3239160180091858 
vt 0.40177837014198303 0.3362230658531189 
vt 0.40177837014198303 0.3116089403629303 
vt 0.38791707158088684 0.2834102511405945 
vt 0.3433457911014557 0.24015632271766663 
vt 0.28658613562583923 0.1939152330160141 
vt 0.24822856485843658 0.1914060264825821 
vt 0.269259512424469 0.20932893455028534 
vt 0.3139502704143524 0.2572428286075592 
vt 0.3403584361076355 0.2883091866970062 
vt 0.3499179780483246 0.31328174471855164 
vt 0.35206887125968933 0.3239160180091858 
vt 0.3499179780483246 0.33455026149749756 
vt 0.3403584361076355 0.3596423268318176 
vt 0.38791707158088684 0.364541232585907 
vt 0.3139502704143524 0.39070868492126465 
vt 0.3433457911014557 0.40767568349838257 
vt 0.269259512424469 0.4386225640773773 
vt 0.4351171851158142 0.3811497986316681 
vt 0.4658271372318268 0.3756534457206726 
vt 0.4697704613208771 0.40337419509887695 
vt 0.5248571634292603 0.4175930321216583 
vt 0.4933107793331146 0.43491849303245544 
vt 0.4035707712173462 0.4393394887447357 
vt 0.42376527190208435 0.46897199749946594 
vt 0.3175351023674011 0.4911963939666748 
vt 0.32697510719299316 0.5115090012550354 
vt 0.30200088024139404 0.5256083607673645 
vt 0.29411426186561584 0.5038619041442871 
vt 0.28216487169265747 0.48558056354522705 
vt 0.3035542964935303 0.4713617265224457 
vt 0.2662721574306488 0.47076430916786194 
vt 0.3745337426662445 0.41938531398773193 
vt 0.28658613562583923 0.45403626561164856 
vt 0.24822856485843658 0.45654547214508057 
vt 0.6476970314979553 0.48044267296791077 
vt 0.6226032972335815 0.4731540083885193 
vt 0.6475775241851807 0.44579172134399414 
vt 0.6224837899208069 0.4396979510784149 
vt 0.6248736381530762 0.39465171098709106 
vt 0.6504454016685486 0.40050652623176575 
vt 0.6449486613273621 0.2500736713409424 
vt 0.6627532839775085 0.2529413104057312 
vt 0.6729102730751038 0.40229880809783936 
vt 0.6799603700637817 0.2542556822299957 
vt 0.6723127961158752 0.4851026237010956 
vt 0.6724322438240051 0.4498542547225952 
vt 0.6978845000267029 0.45045167207717896 
vt 0.6963310837745667 0.4000285863876343 
vt 0.6972870230674744 0.25413617491722107 
vt 0.7230977416038513 0.394890695810318 
vt 0.7235757112503052 0.44686710834503174 
vt 0.7235757112503052 0.47936728596687317 
vt 0.6977649927139282 0.4846246838569641 
vt 0.7140161991119385 0.2540166974067688 
vt 0.8462960124015808 0.2080145925283432 
vt 0.8661320209503174 0.3525926470756531 
vt 0.8299253582954407 0.21040430665016174 
vt 0.8388873934745789 0.34805217385292053 
vt 0.8131961822509766 0.21506425738334656 
vt 0.8146301507949829 0.34506502747535706 
vt 0.7995738983154297 0.2145863175392151 
vt 0.8635031580924988 0.3963245153427124 
vt 0.8388873934745789 0.3911866247653961 
vt 0.8624277114868164 0.428466260433197 
vt 0.8375729918479919 0.4220139980316162 
vt 0.8142716288566589 0.3902307450771332 
vt 0.812957227230072 0.4203411936759949 
vt 0.790014386177063 0.39357635378837585 
vt 0.7890583872795105 0.4241647720336914 
vt 0.7645621299743652 0.43025854229927063 
vt 0.765518069267273 0.3988337218761444 
vt 0.7645621299743652 0.34841063618659973 
vt 0.7910898327827454 0.3455429673194885 
vt 0.7827252149581909 0.20849253237247467 
vt 0.24990148842334747 0.03786652162671089 
vt 0.226122185587883 0.061285778880119324 
vt 0.2662721574306488 0.05387764424085617 
vt 0.24428527057170868 0.07681895792484283 
vt 0.28096991777420044 0.07239797711372375 
vt 0.24691413342952728 0.07920867949724197 
vt 0.26149240136146545 0.09271059930324554 
vt 0.23221637308597565 0.024484090507030487 
vt 0.2077201008796692 0.04575259983539581 
vt 0.21333631873130798 0.011101658456027508 
vt 0.19063246250152588 0.029621988534927368 
vt 0.1283760964870453 0.11397910118103027 
vt 0.1036408320069313 0.08972344547510147 
vt 0.15872757136821747 0.12664462625980377 
vt 0.1908714473247528 0.13369429111480713 
vt 0.2227763533592224 0.1471962183713913 
vt 0.2007894515991211 0.184117391705513 
vt 0.15609869360923767 0.17766514420509338 
vt 0.1929028481245041 0.21207711100578308 
vt 0.1362626999616623 0.21004584431648254 
vt 0.1349482536315918 0.22378674149513245 
vt 0.1944562792778015 0.22378674149513245 
vt 0.1929028481245041 0.23537687957286835 
vt 0.1362626999616623 0.23752762377262115 
vt 0.15609869360923767 0.2699083387851715 
vt 0.2007894515991211 0.2634560763835907 
vt 0.1908714473247528 0.3137596845626831 
vt 0.2227763533592224 0.30025777220726013 
vt 0.24428527057170868 0.37075451016426086 
vt 0.26149240136146545 0.3547433912754059 
vt 0.28096991777420044 0.37517550587654114 
vt 0.2662721574306488 0.3936958312988281 
vt 0.24990148842334747 0.4097069501876831 
vt 0.226122185587883 0.3862876892089844 
vt 0.23221637308597565 0.42296990752220154 
vt 0.10770362615585327 0.1703764945268631 
vt 0.15872757136821747 0.3209288418292999 
vt 0.10770362615585327 0.2771969735622406 
vt 0.06468578428030014 0.249715194106102 
vt 0.06588073074817657 0.22378674149513245 
vt 0.03051050379872322 0.22378674149513245 
vt 0.06468578428030014 0.1978582739830017 
vt 0.0246552973985672 0.18113023042678833 
vt 0.0246552973985672 0.26644325256347656 
vt 0.0687485858798027 0.2930886149406433 
vt 0.1283760964870453 0.3335943818092346 
vt 0.2077201008796692 0.4018208682537079 
vt 0.21333631873130798 0.4364718198776245 
vt 0.19063246250152588 0.4179514944553375 
vt 0.1036408320069313 0.35773053765296936 
vt 0.03995053097605705 0.3159104585647583 
vt 0.010793994180858135 0.2971511483192444 
vt 0.010793994180858135 0.1504223346710205 
vt 0.03995053097605705 0.13166303932666779 
vt 0.0687485858798027 0.1544848531484604 
vt 0.3834957778453827 0.8257572054862976 
vt 0.394608736038208 0.8510882258415222 
vt 0.38170337677001953 0.8521636128425598 
vt 0.37871602177619934 0.874507486820221 
vt 0.3962816298007965 0.8228895664215088 
vt 0.4216143786907196 0.8467867374420166 
vt 0.4253186881542206 0.8156008720397949 
vt 0.4855436682701111 0.8369888663291931 
vt 0.48434871435165405 0.8061615228652954 
vt 0.498090535402298 0.7997092604637146 
vt 0.5051406621932983 0.8330458402633667 
vt 0.5201969146728516 0.8022184371948242 
vt 0.484587699174881 0.8698475360870361 
vt 0.4173125922679901 0.871759295463562 
vt 0.39245784282684326 0.8740295767784119 
vt 0.3801499605178833 0.8997190594673157 
vt 0.3955646753311157 0.8988826274871826 
vt 0.40201735496520996 0.9269618391990662 
vt 0.3861246407032013 0.9262449145317078 
vt 0.40596064925193787 0.9490667581558228 
vt 0.39090439677238464 0.9490667581558228 
vt 0.3883950412273407 0.9748757481575012 
vt 0.40201735496520996 0.9753536581993103 
vt 0.4328468143939972 0.978699266910553 
vt 0.4364316165447235 0.9505006074905396 
vt 0.49199631810188293 0.9812085032463074 
vt 0.4887700080871582 0.9503811001777649 
vt 0.5225868225097656 0.9478719234466553 
vt 0.5069330930709839 0.9781018495559692 
vt 0.5290394425392151 0.980491578578949 
vt 0.5463660955429077 0.956235945224762 
vt 0.5427812933921814 0.9158496260643005 
vt 0.5629757642745972 0.9342504739761353 
vt 0.43009844422340393 0.928395688533783 
vt 0.42077791690826416 0.8998385071754456 
vt 0.47574514150619507 0.8980462551116943 
vt 0.5161341428756714 0.8613640069961548 
vt 0.48040542006492615 0.9285151362419128 
vt 0.5272470712661743 0.8837079405784607 
vt 0.5409888625144958 0.83149254322052 
vt 0.5229452848434448 0.8263546228408813 
vt 0.568352997303009 0.8463088274002075 
vt 0.5488754510879517 0.7980364561080933 
vt 0.5755226612091064 0.7980364561080933 
vt 0.9432056546211243 0.9456016421318054 
vt 0.9458345174789429 0.9197927117347717 
vt 0.9614882469177246 0.9483498334884644 
vt 0.9675824642181396 0.9227798581123352 
vt 0.9645950794219971 0.8987631797790527 
vt 0.9381869435310364 0.8985241651535034 
vt 0.9575449824333191 0.8705644607543945 
vt 0.9308977723121643 0.8709229230880737 
vt 0.9317342638969421 0.8439190983772278 
vt 0.9540796279907227 0.8434411287307739 
vt 0.940815806388855 0.821455717086792 
vt 0.9594568610191345 0.8193049430847168 
vt 0.9675824642181396 0.7917037010192871 
vt 0.9484634399414062 0.7927790880203247 
vt 0.9081939458847046 0.7961246967315674 
vt 0.9078354239463806 0.8220531344413757 
vt 0.8173785209655762 0.8234869837760925 
vt 0.9040116667747498 0.8435606360435486 
vt 0.9028167128562927 0.8680552244186401 
vt 0.9058040380477905 0.8907575607299805 
vt 0.9080744385719299 0.912384569644928 
vt 0.9040116667747498 0.9390299320220947 
vt 0.8194099068641663 0.8955370187759399 
vt 0.8145106434822083 0.9092779159545898 
vt 0.8067435026168823 0.8931472897529602 
vt 0.8017247915267944 0.9049764275550842 
vt 0.8109258413314819 0.88179612159729 
vt 0.8227556943893433 0.8829910159111023 
vt 0.824070155620575 0.8669798970222473 
vt 0.8232337236404419 0.852522075176239 
vt 0.8208438158035278 0.8396176099777222 
vt 0.804353654384613 0.827430009841919 
vt 0.8084164261817932 0.8421267867088318 
vt 0.8116427659988403 0.8538364171981812 
vt 0.8128377199172974 0.8668603897094727 
vt 0.8170199990272522 0.6707838773727417 
vt 0.8413968086242676 0.6769971251487732 
vt 0.8160640597343445 0.6403149366378784 
vt 0.8404408097267151 0.6454528570175171 
vt 0.8413968086242676 0.5950297117233276 
vt 0.7931212186813354 0.6670798063278198 
vt 0.7918067574501038 0.6369693279266357 
vt 0.7685054540634155 0.6686331033706665 
vt 0.767071545124054 0.637805700302124 
vt 0.7436506748199463 0.6750853657722473 
vt 0.7425752282142639 0.6429436206817627 
vt 0.767071545124054 0.5947907567024231 
vt 0.7399463653564453 0.599331259727478 
vt 0.7761530876159668 0.45702341198921204 
vt 0.7596628665924072 0.45475319027900696 
vt 0.7928822040557861 0.46168336272239685 
vt 0.7913287878036499 0.5918036103248596 
vt 0.8148691058158875 0.5921620726585388 
vt 0.8233531713485718 0.4552311301231384 
vt 0.8063850402832031 0.4612054228782654 
vt 0.23556220531463623 0.7833396792411804 
vt 0.24297083914279938 0.8084317445755005 
vt 0.27033495903015137 0.7834591865539551 
vt 0.27630966901779175 0.8085511922836304 
vt 0.32135888934135437 0.8062809705734253 
vt 0.23090194165706635 0.7587255835533142 
vt 0.26615267992019653 0.7586060762405396 
vt 0.2313799113035202 0.7332750558853149 
vt 0.265555202960968 0.7331555485725403 
vt 0.23675714433193207 0.7074660658836365 
vt 0.269259512424469 0.7074660658836365 
vt 0.31610116362571716 0.734708845615387 
vt 0.32111990451812744 0.7079440355300903 
vt 0.46200335025787354 0.733752965927124 
vt 0.4621228277683258 0.7170249223709106 
vt 0.4617643356323242 0.7510784268379211 
vt 0.3137112855911255 0.7581281065940857 
vt 0.3156231939792633 0.7807109951972961 
vt 0.46594664454460144 0.7860878705978394 
vt 0.4630787968635559 0.7682844400405884 
vt 0.2833597958087921 0.03559628874063492 
vt 0.32243433594703674 0.05148792639374733 
vt 0.31323331594467163 0.011579602025449276 
vt 0.37047094106674194 0.012654975987970829 
vt 0.356729120016098 0.03667166084051132 
vt 0.36820054054260254 0.06917185336351395 
vt 0.3818228542804718 0.04264596104621887 
vt 0.40141987800598145 0.06403395533561707 
vt 0.4118158519268036 0.03870292380452156 
vt 0.34967896342277527 0.08458554744720459 
vt 0.3501569628715515 0.11230629682540894 
vt 0.38982895016670227 0.08374914526939392 
vt 0.3828983008861542 0.11923649162054062 
vt 0.44085291028022766 0.11338167637586594 
vt 0.42902299761772156 0.06905236840248108 
vt 0.41133788228034973 0.014447266235947609 
vt 0.4452741742134094 0.064631387591362 
vt 0.444437712430954 0.012893947772681713 
vt 0.45770156383514404 0.06116629019379616 
vt 0.4697704613208771 0.011579602025449276 
vt 0.5207943916320801 0.03941984102129936 
vt 0.48231732845306396 0.09079881757497787 
vt 0.4643932282924652 0.10059667378664017 
vt 0.765518069267273 0.06630419194698334 
vt 0.7376760244369507 0.023408716544508934 
vt 0.7279970049858093 0.03846395015716553 
vt 0.6966895461082458 0.011101658456027508 
vt 0.6892809271812439 0.03846395015716553 
vt 0.6899979114532471 0.07395129650831223 
vt 0.7239341735839844 0.06857442110776901 
vt 0.7253681421279907 0.10214999318122864 
vt 0.7730461955070496 0.10943863540887833 
vt 0.7573925256729126 0.08135942369699478 
vt 0.7786624431610107 0.0780138149857521 
vt 0.6639481782913208 0.1222236379981041 
vt 0.7309843301773071 0.12353798747062683 
vt 0.7730461955070496 0.10943863540887833 
vt 0.7325377464294434 0.15054182708263397 
vt 0.7737631797790527 0.14922747015953064 
vt 0.7336131930351257 0.17121289670467377 
vt 0.7742411494255066 0.17969641089439392 
vt 0.6931047439575195 0.20060645043849945 
vt 0.7407828569412231 0.2384835183620453 
vt 0.6641871929168701 0.14779363572597504 
vt 0.6805578470230103 0.17778462171554565 
vt 0.9559915065765381 0.12210415303707123 
vt 0.9521677494049072 0.1532900035381317 
vt 0.9596958756446838 0.15305101871490479 
vt 0.9638781547546387 0.18363943696022034 
vt 0.9667459726333618 0.17121289670467377 
vt 0.9894498586654663 0.17061546444892883 
vt 0.9820412397384644 0.16595551371574402 
vt 0.9894498586654663 0.14074397087097168 
vt 0.5899814367294312 0.26178327202796936 
vt 0.5740886926651001 0.22271136939525604 
vt 0.6139997243881226 0.2319117933511734 
vt 0.6129242777824402 0.1746779978275299 
vt 0.5887864828109741 0.18841888010501862 
vt 0.5564035773277283 0.17694821953773499 
vt 0.5829312801361084 0.16332681477069855 
vt 0.5615418553352356 0.14373111724853516 
vt 0.5868745446205139 0.13333582878112793 
vt 0.5409888625144958 0.19558803737163544 
vt 0.5132662653923035 0.1949906051158905 
vt 0.5418253540992737 0.15544074773788452 
vt 0.5063356161117554 0.16225144267082214 
vt 0.5121908187866211 0.10430073738098145 
vt 0.5565230846405029 0.11612985283136368 
vt 0.6111318469047546 0.13393326103687286 
vt 0.5609443783760071 0.09987975656986237 
vt 0.6126852631568909 0.10071615874767303 
vt 0.5644096732139587 0.0874532088637352 
vt 0.6139997243881226 0.07538512349128723 
vt 0.5861576199531555 0.02436460368335247 
vt 0.5347751975059509 0.0628390982747078 
vt 0.5249766707420349 0.08088148385286331 
vt 0.6514013409614563 0.8148840069770813 
vt 0.6086224913597107 0.7870437502861023 
vt 0.6236787438392639 0.7772458791732788 
vt 0.5961951017379761 0.7460600733757019 
vt 0.6236787438392639 0.7386519312858582 
vt 0.6590489149093628 0.7393688559532166 
vt 0.6536717414855957 0.7731833457946777 
vt 0.6873690485954285 0.7747367024421692 
vt 0.6946581602096558 0.8224115967750549 
vt 0.6665770411491394 0.8067589402198792 
vt 0.6632312536239624 0.8280274271965027 
vt 0.7074440121650696 0.7132014036178589 
vt 0.7087584733963013 0.7803525328636169 
vt 0.6946581602096558 0.8224115967750549 
vt 0.7357640862464905 0.7817863821983337 
vt 0.7344496846199036 0.8231285214424133 
vt 0.7563170790672302 0.7829812169075012 
vt 0.7648011445999146 0.8236064314842224 
vt 0.7858321070671082 0.7424754500389099 
vt 0.8235921859741211 0.7900308966636658 
vt 0.7330157160758972 0.7134403586387634 
vt 0.7628892064094543 0.7299294471740723 
vt 0.575761616230011 0.9532487392425537 
vt 0.6068300604820251 0.949425220489502 
vt 0.6065911054611206 0.9569528102874756 
vt 0.6373010277748108 0.9611348509788513 
vt 0.6247541904449463 0.9640024900436401 
vt 0.6242761611938477 0.9867048263549805 
vt 0.619615912437439 0.9792967438697815 
vt 0.5942832231521606 0.9867048263549805 
vt 0.24332931637763977 0.8825130462646484 
vt 0.2626873552799225 0.8622004389762878 
vt 0.25563719868659973 0.850729763507843 
vt 0.2814479172229767 0.8308951258659363 
vt 0.2751147150993347 0.8645901679992676 
vt 0.2951897084712982 0.872715175151825 
vt 0.2902904748916626 0.9089194536209106 
vt 0.3192079961299896 0.910592257976532 
vt 0.3193275034427643 0.8749854564666748 
vt 0.2994914948940277 0.8354355692863464 
vt 0.32243433594703674 0.8379448056221008 
vt 0.2362791746854782 0.8771361708641052 
vt 0.27069345116615295 0.9058127999305725 
vt 0.29112690687179565 0.9372376203536987 
vt 0.27571219205856323 0.9378350973129272 
vt 0.29208287596702576 0.9654363393783569 
vt 0.28061145544052124 0.9698573350906372 
vt 0.31777408719062805 0.9702157974243164 
vt 0.30630266666412354 0.9647194147109985 
vt 0.3127553462982178 0.9375960826873779 
vt 0.33223286271095276 0.9391494393348694 
vt 0.34669163823127747 0.9079635739326477 
vt 0.34669163823127747 0.8688916563987732 
vt 0.34215086698532104 0.837466835975647 
vt 0.8803518414497375 0.2855609953403473 
vt 0.8960055708885193 0.29332759976387024 
vt 0.8848925828933716 0.27695801854133606 
vt 0.898156464099884 0.28424665331840515 
vt 0.8860875368118286 0.19845570623874664 
vt 0.9023387432098389 0.2062222957611084 
vt 0.917514443397522 0.2844856381416321 
vt 0.9179924130439758 0.20598332583904266 
vt 0.9300613403320312 0.27695801854133606 
vt 0.9346020817756653 0.19761930406093597 
vt 0.9200238585472107 0.29249119758605957 
vt 0.9346020817756653 0.2848440706729889 
vt 0.5302343964576721 0.3462598919868469 
vt 0.5288004875183105 0.2764800786972046 
vt 0.5443347096443176 0.33682048320770264 
vt 0.5397939085960388 0.264411985874176 
vt 0.5443347096443176 0.33682048320770264 
vt 0.5397939085960388 0.264411985874176 
vt 0.5568815469741821 0.33789587020874023 
vt 0.5628562569618225 0.264411985874176 
vt 0.8588429093360901 0.9490667581558228 
vt 0.8592013716697693 0.9863463640213013 
vt 0.8406798243522644 0.9487082958221436 
vt 0.8410382866859436 0.9865853786468506 
vt 0.8237116932868958 0.9487082958221436 
vt 0.8238311409950256 0.9867048263549805 
vt 0.8065045475959778 0.9490667581558228 
vt 0.8066240549087524 0.9867048263549805 
vt 0.7897753715515137 0.9485887885093689 
vt 0.790014386177063 0.9865853786468506 
vt 0.26316532492637634 0.23537687957286835 
vt 0.2626873552799225 0.306471049785614 
vt 0.2251662313938141 0.23537687957286835 
vt 0.253486305475235 0.3069489896297455 
vt 0.5764786005020142 0.7729443907737732 
vt 0.5065745711326599 0.7727054357528687 
vt 0.576956570148468 0.7638634443283081 
vt 0.5069330930709839 0.7348283529281616 
vt 0.4904429018497467 0.7356647849082947 
vt 0.4904429018497467 0.7729443907737732 
vt 0.5568815469741821 0.33789587020874023 
vt 0.5628562569618225 0.264411985874176 
vt 0.5705038905143738 0.34912756085395813 
vt 0.5728937983512878 0.27803337574005127 
vt 0.9048480987548828 0.6070978045463562 
vt 0.8865655064582825 0.5793770551681519 
vt 0.9110617637634277 0.5995702147483826 
vt 0.8962445259094238 0.5740001797676086 
vt 0.8681634664535522 0.5517758131027222 
vt 0.8814272880554199 0.5485497117042542 
vt 0.860515832901001 0.5155715346336365 
vt 0.8741381168365479 0.5089998245239258 
vt 0.8509563207626343 0.48880669474601746 
vt 0.8643396496772766 0.47948676347732544 
vt 0.9029362201690674 0.4976486563682556 
vt 0.8805907964706421 0.46861356496810913 
vt 0.9139296412467957 0.5407831072807312 
vt 0.9213382601737976 0.5687428116798401 
vt 0.9287468791007996 0.5965830683708191 
vt 0.9428471922874451 0.6001676321029663 
vt 0.9386649131774902 0.5683843493461609 
vt 0.9346020817756653 0.5367205739021301 
vt 0.9225332140922546 0.4981265962123871 
vt 0.915005087852478 0.4767386019229889 
vt 0.9231306910514832 0.4872533679008484 
vt 0.9332876801490784 0.4687330424785614 
vt 0.9428471922874451 0.47255659103393555 
vt 0.9318537712097168 0.465506911277771 
vt 0.9403378367424011 0.45917415618896484 
vt 0.9128541946411133 0.4637146294116974 
vt 0.9130932092666626 0.4531998634338379 
vt 0.8831002116203308 0.449495792388916 
vt 0.7078024744987488 0.8797648549079895 
vt 0.6884444952011108 0.8550312519073486 
vt 0.6884444952011108 0.8796454071998596 
vt 0.6692059636116028 0.8797648549079895 
vt 0.670400857925415 0.8524025678634644 
vt 0.6478164792060852 0.8772556781768799 
vt 0.6433952450752258 0.8490569591522217 
vt 0.6175845265388489 0.8764192461967468 
vt 0.6156726479530334 0.8500128388404846 
vt 0.5993019342422485 0.8788089752197266 
vt 0.5971510410308838 0.8521636128425598 
vt 0.7066075801849365 0.8524025678634644 
vt 0.7291918992996216 0.8772556781768799 
vt 0.7336131930351257 0.8490569591522217 
vt 0.7594239115715027 0.8764192461967468 
vt 0.7613357901573181 0.8500128388404846 
vt 0.7775869965553284 0.8788089752197266 
vt 0.7797378897666931 0.8521636128425598 
vt 0.874018669128418 0.6311144828796387 
vt 0.8854900598526001 0.6356549859046936 
vt 0.8689998984336853 0.6632562279701233 
vt 0.8845341205596924 0.6638537049293518 
vt 0.8641006350517273 0.6952784657478333 
vt 0.8836976885795593 0.6921718716621399 
vt 0.8685219287872314 0.736501157283783 
vt 0.8885968923568726 0.7283760905265808 
vt 0.9126152396202087 0.6904990673065186 
vt 0.9061625599861145 0.6634952425956726 
vt 0.9256400465965271 0.6619418859481812 
vt 0.9111812710762024 0.6308755278587341 
vt 0.8997098803520203 0.636371910572052 
vt 0.9400988221168518 0.6931277513504028 
vt 0.9127346873283386 0.7261058688163757 
vt 0.892898678779602 0.7656557559967041 
vt 0.874855101108551 0.7701961994171143 
vt 0.8560945391654968 0.7388908863067627 
vt 0.8490443825721741 0.7503615617752075 
vt 0.8367365002632141 0.7185782790184021 
vt 0.8296864032745361 0.7239551544189453 
vt 0.9400988221168518 0.7321996688842773 
vt 0.9158415794372559 0.7631465196609497 
vt 0.9355580806732178 0.7636244893074036 
vt 0.8885968923568726 0.3246329128742218 
vt 0.9042506217956543 0.31686633825302124 
vt 0.8931376934051514 0.33311644196510315 
vt 0.9062820076942444 0.32582777738571167 
vt 0.8942131400108337 0.41173821687698364 
vt 0.910464346408844 0.4038521349430084 
vt 0.9257595539093018 0.32558882236480713 
vt 0.9262375235557556 0.4042105972766876 
vt 0.938306450843811 0.3332359194755554 
vt 0.9428471922874451 0.41245514154434204 
vt 0.9282689094543457 0.31758323311805725 
vt 0.9428471922874451 0.32523036003112793 
vt 0.12610571086406708 0.043721336871385574 
vt 0.05369234085083008 0.03918086737394333 
vt 0.11403681337833405 0.054833535104990005 
vt 0.044252313673496246 0.053280215710401535 
vt 0.12610571086406708 0.020660538226366043 
vt 0.052616894245147705 0.026634838432073593 
vt 0.12610571086406708 0.043721336871385574 
vt 0.05369234085083008 0.03918086737394333 
vt 0.17748811841011047 0.9515759348869324 
vt 0.17724913358688354 0.9894530177116394 
vt 0.19397829473018646 0.9513369798660278 
vt 0.19397829473018646 0.9889751076698303 
vt 0.2113049328327179 0.9513369798660278 
vt 0.21118542551994324 0.9893335103988647 
vt 0.22851206362247467 0.9514564871788025 
vt 0.22815358638763428 0.9893335103988647 
vt 0.24667514860630035 0.951695442199707 
vt 0.24631667137145996 0.9889751076698303 
vt 0.5711013674736023 0.9119065999984741 
vt 0.6426782608032227 0.9401053190231323 
vt 0.5715793371200562 0.9025866985321045 
vt 0.6426782608032227 0.9022282361984253 
vt 0.6813943386077881 0.9401053190231323 
vt 0.7511788010597229 0.9399858117103577 
vt 0.6809163689613342 0.9311438798904419 
vt 0.7508203387260437 0.9021087884902954 
vt 0.7674300074577332 0.902825653553009 
vt 0.7674300074577332 0.9401053190231323 
vt 0.11248338967561722 0.010743199847638607 
vt 0.04138445854187012 0.013132919557392597 
vt 0.12610571086406708 0.020660538226366043 
vt 0.052616894245147705 0.026634838432073593 
vt 0.14092296361923218 0.4123356342315674 
vt 0.16099795699119568 0.436949759721756 
vt 0.1685260683298111 0.4307364821434021 
vt 0.161595419049263 0.4687330424785614 
vt 0.1355457305908203 0.42213350534439087 
vt 0.1132003515958786 0.3940542936325073 
vt 0.10997401177883148 0.4071977436542511 
vt 0.07711316645145416 0.38640719652175903 
vt 0.07054099440574646 0.4000285863876343 
vt 0.05022701248526573 0.3767288327217102 
vt 0.04090648144483566 0.3902307450771332 
vt 0.059069570153951645 0.42870521545410156 
vt 0.030032528564333916 0.4064808189868927 
vt 0.10220690071582794 0.4396979510784149 
vt 0.13016849756240845 0.4471060633659363 
vt 0.15813009440898895 0.4546336829662323 
vt 0.12992951273918152 0.46455103158950806 
vt 0.09814410656690598 0.4603690207004547 
vt 0.0595475472509861 0.44830092787742615 
vt 0.038158118724823 0.4408927857875824 
vt 0.0486735925078392 0.44901785254478455 
vt 0.03015202283859253 0.4590546786785126 
vt 0.03409532457590103 0.4687330424785614 
vt 0.02692568488419056 0.4576208293437958 
vt 0.020592501387000084 0.4661043584346771 
vt 0.025252768769860268 0.4387420415878296 
vt 0.014617801643908024 0.43886154890060425 
vt 0.011032981798052788 0.4089900255203247 
vt 0.5579569935798645 0.3782821297645569 
vt 0.5408693552017212 0.3768483102321625 
vt 0.5697869062423706 0.3656166195869446 
vt 0.5296369194984436 0.3623904883861542 
vt 0.5705038905143738 0.34912756085395813 
vt 0.5302343964576721 0.3462598919868469 
vt 0.5568815469741821 0.33789587020874023 
vt 0.5443347096443176 0.33682048320770264 
vt 0.0122279217466712 0.025678949430584908 
vt 0.024894285947084427 0.013849835842847824 
vt 0.013661850243806839 0.04276544973254204 
vt 0.028120623901486397 0.05387764424085617 
vt 0.04138445854187012 0.013132919557392597 
vt 0.044252313673496246 0.053280215710401535 
vt 0.052616894245147705 0.026634838432073593 
vt 0.05369234085083008 0.03918086737394333 
s on 
f 1/1/1 2/2/2 3/3/3 
f 2/2/2 2/2/2 3/3/3 
f 3/3/3 2/2/2 4/4/4 
f 2/2/2 5/5/5 4/4/4 
f 4/4/4 5/5/5 6/6/6 
f 5/5/5 7/7/7 6/6/6 
f 6/6/6 7/7/7 8/8/8 
f 7/7/7 7/7/7 8/8/8 
f 8/8/8 7/7/7 9/9/9 
f 7/7/7 7/7/7 9/9/9 
f 9/9/9 7/7/7 10/10/10 
f 7/7/7 11/11/11 10/10/10 
f 10/10/10 11/11/11 12/12/12 
f 11/11/11 13/13/13 12/12/12 
f 12/12/12 13/13/13 14/14/14 
f 13/13/13 14/14/14 14/14/14 
f 14/14/14 14/14/14 2/2/2 
f 14/14/14 2/2/2 2/2/2 
f 2/2/2 2/2/2 5/5/5 
f 2/2/2 11/11/11 5/5/5 
f 5/5/5 11/11/11 7/7/7 
f 11/11/11 7/7/7 7/7/7 
f 7/7/7 7/7/7 12/12/12 
f 7/7/7 12/12/12 12/12/12 
f 12/12/12 12/12/12 10/10/10 
f 12/12/12 15/15/15 10/10/10 
f 10/10/10 15/15/15 10/10/10 
f 15/15/15 16/16/16 10/10/10 
f 10/10/10 16/16/16 9/9/9 
f 16/16/16 16/16/16 9/9/9 
f 9/9/9 16/16/16 17/17/17 
f 16/16/16 18/18/18 17/17/17 
f 17/17/17 18/18/18 18/18/18 
f 18/18/18 9/9/9 18/18/18 
f 18/18/18 9/9/9 9/9/9 
f 9/9/9 19/19/19 9/9/9 
f 9/9/9 19/19/19 8/8/8 
f 19/19/19 20/20/20 8/8/8 
f 8/8/8 20/20/20 6/6/6 
f 20/20/20 6/6/6 6/6/6 
f 6/6/6 6/6/6 21/21/21 
f 6/6/6 21/21/21 21/21/21 
f 21/21/21 21/21/21 19/19/19 
f 21/21/21 22/22/22 19/19/19 
f 19/19/19 22/22/22 20/20/20 
f 22/22/22 23/23/23 20/20/20 
f 20/20/20 23/23/23 24/24/24 
f 23/23/23 25/25/25 24/24/24 
f 24/24/24 25/25/25 24/24/24 
f 25/25/25 26/26/26 24/24/24 
f 24/24/24 26/26/26 24/24/24 
f 26/26/26 27/27/27 24/24/24 
f 24/24/24 27/27/27 28/28/28 
f 27/27/27 29/29/29 28/28/28 
f 28/28/28 29/29/29 28/28/28 
f 29/29/29 30/30/30 28/28/28 
f 28/28/28 30/30/30 28/28/28 
f 30/30/30 3/3/3 28/28/28 
f 28/28/28 3/3/3 28/28/28 
f 3/3/3 4/4/4 28/28/28 
f 28/28/28 4/4/4 24/24/24 
f 4/4/4 6/6/6 24/24/24 
f 24/24/24 6/6/6 20/20/20 
f 6/6/6 20/20/20 20/20/20 
f 20/20/20 20/20/20 22/22/22 
f 20/20/20 22/22/22 22/22/22 
f 22/22/22 22/22/22 23/23/23 
f 22/22/22 31/31/31 23/23/23 
f 23/23/23 31/31/31 23/23/23 
f 31/31/31 32/32/32 23/23/23 
f 23/23/23 32/32/32 25/25/25 
f 32/32/32 25/25/25 25/25/25 
f 25/25/25 25/25/25 33/33/33 
f 25/25/25 33/33/33 33/33/33 
f 33/33/33 33/33/33 34/34/34 
f 33/33/33 35/35/35 34/34/34 
f 34/34/34 35/35/35 34/34/34 
f 35/35/35 36/36/36 34/34/34 
f 34/34/34 36/36/36 37/37/37 
f 36/36/36 37/37/37 37/37/37 
f 37/37/37 37/37/37 33/33/33 
f 37/37/37 33/33/33 33/33/33 
f 33/33/33 33/33/33 35/35/35 
f 33/33/33 38/38/38 35/35/35 
f 35/35/35 38/38/38 39/39/39 
f 38/38/38 40/40/40 39/39/39 
f 39/39/39 40/40/40 41/41/41 
f 40/40/40 42/42/42 41/41/41 
f 41/41/41 42/42/42 41/41/41 
f 42/42/42 43/43/43 41/41/41 
f 41/41/41 43/43/43 44/44/44 
f 43/43/43 43/43/43 44/44/44 
f 44/44/44 43/43/43 45/45/45 
f 43/43/43 46/46/46 45/45/45 
f 45/45/45 46/46/46 47/47/47 
f 46/46/46 48/48/48 47/47/47 
f 47/47/47 48/48/48 48/48/48 
f 48/48/48 42/42/42 48/48/48 
f 48/48/48 42/42/42 42/42/42 
f 42/42/42 40/40/40 42/42/42 
f 42/42/42 40/40/40 49/49/49 
f 40/40/40 49/49/49 49/49/49 
f 49/49/49 49/49/49 45/45/45 
f 49/49/49 45/45/45 45/45/45 
f 45/45/45 45/45/45 50/50/50 
f 45/45/45 47/47/47 50/50/50 
f 50/50/50 47/47/47 50/50/50 
f 47/47/47 51/51/51 50/50/50 
f 50/50/50 51/51/51 52/52/52 
f 51/51/51 53/53/53 52/52/52 
f 52/52/52 53/53/53 52/52/52 
f 53/53/53 54/54/54 52/52/52 
f 52/52/52 54/54/54 55/55/55 
f 54/54/54 56/56/56 55/55/55 
f 55/55/55 56/56/56 57/57/57 
f 56/56/56 56/56/56 57/57/57 
f 57/57/57 56/56/56 58/58/58 
f 56/56/56 59/59/59 58/58/58 
f 58/58/58 59/59/59 59/59/59 
f 59/59/59 57/57/57 59/59/59 
f 59/59/59 57/57/57 57/57/57 
f 57/57/57 60/60/60 57/57/57 
f 57/57/57 60/60/60 55/55/55 
f 60/60/60 61/61/61 55/55/55 
f 55/55/55 61/61/61 52/52/52 
f 61/61/61 62/62/62 52/52/52 
f 52/52/52 62/62/62 50/50/50 
f 62/62/62 63/63/63 50/50/50 
f 50/50/50 63/63/63 45/45/45 
f 63/63/63 63/63/63 45/45/45 
f 45/45/45 63/63/63 44/44/44 
f 63/63/63 63/63/63 44/44/44 
f 44/44/44 63/63/63 41/41/41 
f 63/63/63 63/63/63 41/41/41 
f 41/41/41 63/63/63 39/39/39 
f 63/63/63 62/62/62 39/39/39 
f 39/39/39 62/62/62 35/35/35 
f 62/62/62 61/61/61 35/35/35 
f 35/35/35 61/61/61 36/36/36 
f 61/61/61 60/60/60 36/36/36 
f 36/36/36 60/60/60 36/36/36 
f 60/60/60 64/64/64 36/36/36 
f 36/36/36 64/64/64 37/37/37 
f 64/64/64 65/65/65 37/37/37 
f 37/37/37 65/65/65 66/66/66 
f 65/65/65 66/66/66 66/66/66 
f 66/66/66 66/66/66 67/67/67 
f 66/66/66 67/67/67 67/67/67 
f 67/67/67 67/67/67 68/68/68 
f 67/67/67 69/69/69 68/68/68 
f 68/68/68 69/69/69 70/70/70 
f 69/69/69 71/71/71 70/70/70 
f 70/70/70 71/71/71 72/72/72 
f 71/71/71 73/73/73 72/72/72 
f 72/72/72 73/73/73 74/74/74 
f 73/73/73 75/75/75 74/74/74 
f 74/74/74 75/75/75 76/76/76 
f 75/75/75 77/77/77 76/76/76 
f 76/76/76 77/77/77 78/78/78 
f 77/77/77 79/79/79 78/78/78 
f 78/78/78 79/79/79 80/80/80 
f 79/79/79 81/81/81 80/80/80 
f 80/80/80 81/81/81 82/82/82 
f 81/81/81 82/82/82 82/82/82 
f 82/82/82 82/82/82 69/69/69 
f 82/82/82 69/69/69 69/69/69 
f 69/69/69 69/69/69 83/83/83 
f 69/69/69 67/67/67 83/83/83 
f 83/83/83 67/67/67 67/67/67 
f 67/67/67 81/81/81 67/67/67 
f 67/67/67 81/81/81 81/81/81 
f 81/81/81 79/79/79 81/81/81 
f 81/81/81 79/79/79 84/84/84 
f 79/79/79 85/85/85 84/84/84 
f 84/84/84 85/85/85 86/86/86 
f 85/85/85 87/87/87 86/86/86 
f 86/86/86 87/87/87 88/88/88 
f 87/87/87 71/71/71 88/88/88 
f 88/88/88 71/71/71 69/69/69 
f 71/71/71 69/69/69 69/69/69 
f 69/69/69 69/69/69 79/79/79 
f 69/69/69 79/79/79 79/79/79 
f 79/79/79 79/79/79 85/85/85 
f 79/79/79 77/77/77 85/85/85 
f 85/85/85 77/77/77 85/85/85 
f 77/77/77 75/75/75 85/85/85 
f 85/85/85 75/75/75 87/87/87 
f 75/75/75 73/73/73 87/87/87 
f 87/87/87 73/73/73 71/71/71 
f 73/73/73 71/71/71 71/71/71 
f 71/71/71 71/71/71 88/88/88 
f 71/71/71 88/88/88 88/88/88 
f 88/88/88 88/88/88 86/86/86 
f 88/88/88 89/89/89 86/86/86 
f 86/86/86 89/89/89 90/90/90 
f 89/89/89 90/90/90 90/90/90 
f 90/90/90 90/90/90 89/89/89 
f 90/90/90 89/89/89 89/89/89 
f 89/89/89 89/89/89 91/91/91 
f 89/89/89 88/88/88 91/91/91 
f 91/91/91 88/88/88 91/91/91 
f 88/88/88 69/69/69 91/91/91 
f 91/91/91 69/69/69 91/91/91 
f 69/69/69 83/83/83 91/91/91 
f 91/91/91 83/83/83 91/91/91 
f 83/83/83 92/92/92 91/91/91 
f 91/91/91 92/92/92 93/93/93 
f 92/92/92 94/94/94 93/93/93 
f 93/93/93 94/94/94 93/93/93 
f 94/94/94 95/95/95 93/93/93 
f 93/93/93 95/95/95 89/89/89 
f 95/95/95 95/95/95 89/89/89 
f 89/89/89 95/95/95 90/90/90 
f 95/95/95 96/96/96 90/90/90 
f 90/90/90 96/96/96 97/97/97 
f 96/96/96 97/97/97 97/97/97 
f 97/97/97 97/97/97 89/89/89 
f 97/97/97 89/89/89 89/89/89 
f 89/89/89 89/89/89 93/93/93 
f 89/89/89 91/91/91 93/93/93 
f 93/93/93 91/91/91 91/91/91 
f 91/91/91 92/92/92 91/91/91 
f 91/91/91 92/92/92 92/92/92 
f 92/92/92 98/98/98 92/92/92 
f 92/92/92 98/98/98 94/94/94 
f 98/98/98 99/99/99 94/94/94 
f 94/94/94 99/99/99 100/100/100 
f 99/99/99 101/101/101 100/100/100 
f 100/100/100 101/101/101 100/100/100 
f 101/101/101 102/102/102 100/100/100 
f 100/100/100 102/102/102 96/96/96 
f 102/102/102 103/103/103 96/96/96 
f 96/96/96 103/103/103 97/97/97 
f 103/103/103 97/97/97 97/97/97 
f 97/97/97 97/97/97 96/96/96 
f 97/97/97 96/96/96 96/96/96 
f 96/96/96 96/96/96 100/100/100 
f 96/96/96 95/95/95 100/100/100 
f 100/100/100 95/95/95 94/94/94 
f 95/95/95 94/94/94 94/94/94 
f 94/94/94 94/94/94 98/98/98 
f 94/94/94 98/98/98 98/98/98 
f 98/98/98 98/98/98 99/99/99 
f 98/98/98 104/104/104 99/99/99 
f 99/99/99 104/104/104 99/99/99 
f 104/104/104 105/105/105 99/99/99 
f 99/99/99 105/105/105 99/99/99 
f 105/105/105 106/106/106 99/99/99 
f 99/99/99 106/106/106 101/101/101 
f 106/106/106 101/101/101 101/101/101 
f 101/101/101 101/101/101 102/102/102 
f 101/101/101 102/102/102 102/102/102 
f 102/102/102 102/102/102 103/103/103 
f 102/102/102 107/107/107 103/103/103 
f 103/103/103 107/107/107 103/103/103 
f 107/107/107 108/108/108 103/103/103 
f 103/103/103 108/108/108 103/103/103 
f 108/108/108 109/109/109 103/103/103 
f 103/103/103 109/109/109 97/97/97 
f 109/109/109 110/110/110 97/97/97 
f 97/97/97 110/110/110 110/110/110 
f 110/110/110 111/111/111 110/110/110 
f 110/110/110 111/111/111 111/111/111 
f 111/111/111 112/112/112 111/111/111 
f 111/111/111 112/112/112 113/113/113 
f 112/112/112 114/114/114 113/113/113 
f 113/113/113 114/114/114 115/115/115 
f 114/114/114 115/115/115 115/115/115 
f 115/115/115 115/115/115 111/111/111 
f 115/115/115 111/111/111 111/111/111 
f 111/111/111 111/111/111 112/112/112 
f 111/111/111 116/116/116 112/112/112 
f 112/112/112 116/116/116 112/112/112 
f 116/116/116 117/117/117 112/112/112 
f 112/112/112 117/117/117 112/112/112 
f 117/117/117 118/118/118 112/112/112 
f 112/112/112 118/118/118 119/119/119 
f 118/118/118 120/120/120 119/119/119 
f 119/119/119 120/120/120 121/121/121 
f 120/120/120 122/122/122 121/121/121 
f 121/121/121 122/122/122 121/121/121 
f 122/122/122 123/123/123 121/121/121 
f 121/121/121 123/123/123 124/124/124 
f 123/123/123 125/125/125 124/124/124 
f 124/124/124 125/125/125 125/125/125 
f 125/125/125 112/112/112 125/125/125 
f 125/125/125 112/112/112 112/112/112 
f 112/112/112 119/119/119 112/112/112 
f 112/112/112 119/119/119 114/114/114 
f 119/119/119 126/126/126 114/114/114 
f 114/114/114 126/126/126 127/127/127 
f 126/126/126 126/126/126 127/127/127 
f 127/127/127 126/126/126 128/128/128 
f 126/126/126 124/124/124 128/128/128 
f 128/128/128 124/124/124 129/129/129 
f 124/124/124 125/125/125 129/129/129 
f 129/129/129 125/125/125 129/129/129 
f 125/125/125 130/130/130 129/129/129 
f 129/129/129 130/130/130 131/131/131 
f 130/130/130 132/132/132 131/131/131 
f 131/131/131 132/132/132 132/132/132 
f 132/132/132 124/124/124 132/132/132 
f 132/132/132 124/124/124 124/124/124 
f 124/124/124 126/126/126 124/124/124 
f 124/124/124 126/126/126 121/121/121 
f 126/126/126 119/119/119 121/121/121 
f 121/121/121 119/119/119 119/119/119 
f 119/119/119 114/114/114 119/119/119 
f 119/119/119 114/114/114 114/114/114 
f 114/114/114 127/127/127 114/114/114 
f 114/114/114 127/127/127 115/115/115 
f 127/127/127 133/133/133 115/115/115 
f 115/115/115 133/133/133 134/134/134 
f 133/133/133 133/133/133 134/134/134 
f 134/134/134 133/133/133 135/135/135 
f 133/133/133 136/136/136 135/135/135 
f 135/135/135 136/136/136 137/137/137 
f 136/136/136 136/136/136 137/137/137 
f 137/137/137 136/136/136 138/138/138 
f 136/136/136 136/136/136 138/138/138 
f 138/138/138 136/136/136 139/139/139 
f 136/136/136 140/140/140 139/139/139 
f 139/139/139 140/140/140 131/131/131 
f 140/140/140 140/140/140 131/131/131 
f 131/131/131 140/140/140 129/129/129 
f 140/140/140 140/140/140 129/129/129 
f 129/129/129 140/140/140 128/128/128 
f 140/140/140 133/133/133 128/128/128 
f 128/128/128 133/133/133 127/127/127 
f 133/133/133 127/127/127 127/127/127 
f 127/127/127 127/127/127 136/136/136 
f 127/127/127 136/136/136 136/136/136 
f 136/136/136 136/136/136 140/140/140 
f 136/136/136 133/133/133 140/140/140 
f 140/140/140 133/133/133 133/133/133 
f 133/133/133 141/141/141 133/133/133 
f 133/133/133 141/141/141 141/141/141 
f 141/141/141 142/142/142 141/141/141 
f 141/141/141 142/142/142 143/143/143 
f 142/142/142 144/144/144 143/143/143 
f 143/143/143 144/144/144 132/132/132 
f 144/144/144 144/144/144 132/132/132 
f 132/132/132 144/144/144 131/131/131 
f 144/144/144 144/144/144 131/131/131 
f 131/131/131 144/144/144 139/139/139 
f 144/144/144 145/145/145 139/139/139 
f 139/139/139 145/145/145 138/138/138 
f 145/145/145 138/138/138 138/138/138 
f 138/138/138 138/138/138 145/145/145 
f 138/138/138 145/145/145 145/145/145 
f 145/145/145 145/145/145 142/142/142 
f 145/145/145 144/144/144 142/142/142 
f 142/142/142 144/144/144 144/144/144 
f 144/144/144 146/146/146 144/144/144 
f 144/144/144 146/146/146 146/146/146 
f 146/146/146 147/147/147 146/146/146 
f 146/146/146 147/147/147 148/148/148 
f 147/147/147 149/149/149 148/148/148 
f 148/148/148 149/149/149 149/149/149 
f 149/149/149 146/146/146 149/149/149 
f 149/149/149 146/146/146 146/146/146 
f 146/146/146 148/148/148 146/146/146 
f 146/146/146 148/148/148 150/150/150 
f 148/148/148 151/151/151 150/150/150 
f 150/150/150 151/151/151 152/152/152 
f 151/151/151 153/153/153 152/152/152 
f 152/152/152 153/153/153 154/154/154 
f 153/153/153 153/153/153 154/154/154 
f 154/154/154 153/153/153 155/155/155 
f 153/153/153 153/153/153 155/155/155 
f 155/155/155 153/153/153 156/156/156 
f 153/153/153 153/153/153 156/156/156 
f 156/156/156 153/153/153 157/157/157 
f 153/153/153 158/158/158 157/157/157 
f 157/157/157 158/158/158 159/159/159 
f 158/158/158 159/159/159 159/159/159 
f 159/159/159 159/159/159 153/153/153 
f 159/159/159 153/153/153 153/153/153 
f 153/153/153 153/153/153 158/158/158 
f 153/153/153 151/151/151 158/158/158 
f 158/158/158 151/151/151 160/160/160 
f 151/151/151 148/148/148 160/160/160 
f 160/160/160 148/148/148 161/161/161 
f 148/148/148 149/149/149 161/161/161 
f 161/161/161 149/149/149 162/162/162 
f 149/149/149 147/147/147 162/162/162 
f 162/162/162 147/147/147 163/163/163 
f 147/147/147 164/164/164 163/163/163 
f 163/163/163 164/164/164 163/163/163 
f 164/164/164 165/165/165 163/163/163 
f 163/163/163 165/165/165 163/163/163 
f 165/165/165 166/166/166 163/163/163 
f 163/163/163 166/166/166 167/167/167 
f 166/166/166 168/168/168 167/167/167 
f 167/167/167 168/168/168 168/168/168 
f 168/168/168 163/163/163 168/168/168 
f 168/168/168 163/163/163 163/163/163 
f 163/163/163 167/167/167 163/163/163 
f 163/163/163 167/167/167 162/162/162 
f 167/167/167 169/169/169 162/162/162 
f 162/162/162 169/169/169 162/162/162 
f 169/169/169 170/170/170 162/162/162 
f 162/162/162 170/170/170 161/161/161 
f 170/170/170 171/171/171 161/161/161 
f 161/161/161 171/171/171 160/160/160 
f 171/171/171 172/172/172 160/160/160 
f 160/160/160 172/172/172 158/158/158 
f 172/172/172 172/172/172 158/158/158 
f 158/158/158 172/172/172 159/159/159 
f 172/172/172 172/172/172 159/159/159 
f 159/159/159 172/172/172 173/173/173 
f 172/172/172 172/172/172 173/173/173 
f 173/173/173 172/172/172 174/174/174 
f 172/172/172 171/171/171 174/174/174 
f 174/174/174 171/171/171 175/175/175 
f 171/171/171 170/170/170 175/175/175 
f 175/175/175 170/170/170 176/176/176 
f 170/170/170 169/169/169 176/176/176 
f 176/176/176 169/169/169 177/177/177 
f 169/169/169 167/167/167 177/177/177 
f 177/177/177 167/167/167 178/178/178 
f 167/167/167 167/167/167 178/178/178 
f 178/178/178 167/167/167 179/179/179 
f 167/167/167 168/168/168 179/179/179 
f 179/179/179 168/168/168 180/180/180 
f 168/168/168 181/181/181 180/180/180 
f 180/180/180 181/181/181 182/182/182 
f 181/181/181 183/183/183 182/182/182 
f 182/182/182 183/183/183 184/184/184 
f 183/183/183 184/184/184 184/184/184 
f 184/184/184 184/184/184 168/168/168 
f 184/184/184 168/168/168 168/168/168 
f 168/168/168 168/168/168 181/181/181 
f 168/168/168 166/166/166 181/181/181 
f 181/181/181 166/166/166 185/185/185 
f 166/166/166 186/186/186 185/185/185 
f 185/185/185 186/186/186 187/187/187 
f 186/186/186 165/165/165 187/187/187 
f 187/187/187 165/165/165 187/187/187 
f 165/165/165 188/188/188 187/187/187 
f 187/187/187 188/188/188 187/187/187 
f 188/188/188 189/189/189 187/187/187 
f 187/187/187 189/189/189 190/190/190 
f 189/189/189 191/191/191 190/190/190 
f 190/190/190 191/191/191 192/192/192 
f 191/191/191 193/193/193 192/192/192 
f 192/192/192 193/193/193 192/192/192 
f 193/193/193 194/194/194 192/192/192 
f 192/192/192 194/194/194 192/192/192 
f 194/194/194 195/195/195 192/192/192 
f 192/192/192 195/195/195 192/192/192 
f 195/195/195 196/196/196 192/192/192 
f 192/192/192 196/196/196 197/197/197 
f 196/196/196 198/198/198 197/197/197 
f 197/197/197 198/198/198 198/198/198 
f 198/198/198 181/181/181 198/198/198 
f 198/198/198 181/181/181 181/181/181 
f 181/181/181 185/185/185 181/181/181 
f 181/181/181 185/185/185 183/183/183 
f 185/185/185 199/199/199 183/183/183 
f 183/183/183 199/199/199 200/200/200 
f 199/199/199 197/197/197 200/200/200 
f 200/200/200 197/197/197 200/200/200 
f 197/197/197 198/198/198 200/200/200 
f 200/200/200 198/198/198 200/200/200 
f 198/198/198 201/201/201 200/200/200 
f 200/200/200 201/201/201 200/200/200 
f 201/201/201 184/184/184 200/200/200 
f 200/200/200 184/184/184 183/183/183 
f 184/184/184 183/183/183 183/183/183 
f 183/183/183 183/183/183 166/166/166 
f 183/183/183 166/166/166 166/166/166 
f 166/166/166 166/166/166 186/186/186 
f 166/166/166 165/165/165 186/186/186 
f 186/186/186 165/165/165 165/165/165 
f 165/165/165 192/192/192 165/165/165 
f 165/165/165 192/192/192 192/192/192 
f 192/192/192 197/197/197 192/192/192 
f 192/192/192 197/197/197 190/190/190 
f 197/197/197 199/199/199 190/190/190 
f 190/190/190 199/199/199 187/187/187 
f 199/199/199 185/185/185 187/187/187 
f 187/187/187 185/185/185 185/185/185 
f 185/185/185 202/202/202 185/185/185 
f 185/185/185 202/202/202 202/202/202 
f 202/202/202 203/203/203 202/202/202 
f 202/202/202 203/203/203 204/204/204 
f 203/203/203 205/205/205 204/204/204 
f 204/204/204 205/205/205 204/204/204 
f 205/205/205 206/206/206 204/204/204 
f 204/204/204 206/206/206 207/207/207 
f 206/206/206 208/208/208 207/207/207 
f 207/207/207 208/208/208 207/207/207 
f 208/208/208 209/209/209 207/207/207 
f 207/207/207 209/209/209 210/210/210 
f 209/209/209 211/211/211 210/210/210 
f 210/210/210 211/211/211 211/211/211 
f 211/211/211 202/202/202 211/211/211 
f 211/211/211 202/202/202 202/202/202 
f 202/202/202 204/204/204 202/202/202 
f 202/202/202 204/204/204 212/212/212 
f 204/204/204 213/213/213 212/212/212 
f 212/212/212 213/213/213 214/214/214 
f 213/213/213 210/210/210 214/214/214 
f 214/214/214 210/210/210 215/215/215 
f 210/210/210 211/211/211 215/215/215 
f 215/215/215 211/211/211 215/215/215 
f 211/211/211 216/216/216 215/215/215 
f 215/215/215 216/216/216 215/215/215 
f 216/216/216 217/217/217 215/215/215 
f 215/215/215 217/217/217 215/215/215 
f 217/217/217 218/218/218 215/215/215 
f 215/215/215 218/218/218 214/214/214 
f 218/218/218 219/219/219 214/214/214 
f 214/214/214 219/219/219 214/214/214 
f 219/219/219 220/220/220 214/214/214 
f 214/214/214 220/220/220 212/212/212 
f 220/220/220 212/212/212 212/212/212 
f 212/212/212 212/212/212 210/210/210 
f 212/212/212 210/210/210 210/210/210 
f 210/210/210 210/210/210 207/207/207 
f 210/210/210 213/213/213 207/207/207 
f 207/207/207 213/213/213 204/204/204 
f 213/213/213 204/204/204 204/204/204 
f 204/204/204 204/204/204 217/217/217 
f 204/204/204 217/217/217 217/217/217 
f 217/217/217 217/217/217 221/221/221 
f 217/217/217 216/216/216 221/221/221 
f 221/221/221 216/216/216 216/216/216 
f 216/216/216 222/222/222 216/216/216 
f 216/216/216 222/222/222 222/222/222 
f 222/222/222 223/223/223 222/222/222 
f 222/222/222 223/223/223 224/224/224 
f 223/223/223 225/225/225 224/224/224 
f 224/224/224 225/225/225 226/226/226 
f 225/225/225 227/227/227 226/226/226 
f 226/226/226 227/227/227 228/228/228 
f 227/227/227 228/228/228 228/228/228 
f 228/228/228 228/228/228 223/223/223 
f 228/228/228 223/223/223 223/223/223 
f 223/223/223 223/223/223 225/225/225 
f 223/223/223 229/229/229 225/225/225 
f 225/225/225 229/229/229 230/230/230 
f 229/229/229 231/231/231 230/230/230 
f 230/230/230 231/231/231 230/230/230 
f 231/231/231 232/232/232 230/230/230 
f 230/230/230 232/232/232 233/233/233 
f 232/232/232 234/234/234 233/233/233 
f 233/233/233 234/234/234 235/235/235 
f 234/234/234 236/236/236 235/235/235 
f 235/235/235 236/236/236 235/235/235 
f 236/236/236 237/237/237 235/235/235 
f 235/235/235 237/237/237 235/235/235 
f 237/237/237 238/238/238 235/235/235 
f 235/235/235 238/238/238 235/235/235 
f 238/238/238 239/239/239 235/235/235 
f 235/235/235 239/239/239 240/240/240 
f 239/239/239 241/241/241 240/240/240 
f 240/240/240 241/241/241 240/240/240 
f 241/241/241 228/228/228 240/240/240 
f 240/240/240 228/228/228 240/240/240 
f 228/228/228 227/227/227 240/240/240 
f 240/240/240 227/227/227 233/233/233 
f 227/227/227 227/227/227 233/233/233 
f 233/233/233 227/227/227 230/230/230 
f 227/227/227 225/225/225 230/230/230 
f 230/230/230 225/225/225 225/225/225 
f 225/225/225 233/233/233 225/225/225 
f 225/225/225 233/233/233 233/233/233 
f 233/233/233 235/235/235 233/233/233 
f 233/233/233 235/235/235 240/240/240 
f 235/235/235 240/240/240 240/240/240 
f 240/240/240 240/240/240 242/242/242 
f 240/240/240 242/242/242 242/242/242 
f 242/242/242 242/242/242 243/243/243 
f 242/242/242 244/244/244 243/243/243 
f 243/243/243 244/244/244 245/245/245 
f 244/244/244 246/246/246 245/245/245 
f 245/245/245 246/246/246 247/247/247 
f 246/246/246 248/248/248 247/247/247 
f 247/247/247 248/248/248 248/248/248 
f 248/248/248 242/242/242 248/248/248 
f 248/248/248 242/242/242 242/242/242 
f 242/242/242 243/243/243 242/242/242 
f 242/242/242 243/243/243 249/249/249 
f 243/243/243 250/250/250 249/249/249 
f 249/249/249 250/250/250 251/251/251 
f 250/250/250 250/250/250 251/251/251 
f 251/251/251 250/250/250 252/252/252 
f 250/250/250 253/253/253 252/252/252 
f 252/252/252 253/253/253 254/254/254 
f 253/253/253 254/254/254 254/254/254 
f 254/254/254 254/254/254 253/253/253 
f 254/254/254 253/253/253 253/253/253 
f 253/253/253 253/253/253 255/255/255 
f 253/253/253 250/250/250 255/255/255 
f 255/255/255 250/250/250 255/255/255 
f 250/250/250 243/243/243 255/255/255 
f 255/255/255 243/243/243 256/256/256 
f 243/243/243 245/245/245 256/256/256 
f 256/256/256 245/245/245 256/256/256 
f 245/245/245 247/247/247 256/256/256 
f 256/256/256 247/247/247 256/256/256 
f 247/247/247 248/248/248 256/256/256 
f 256/256/256 248/248/248 256/256/256 
f 248/248/248 257/257/257 256/256/256 
f 256/256/256 257/257/257 256/256/256 
f 257/257/257 258/258/258 256/256/256 
f 256/256/256 258/258/258 259/259/259 
f 258/258/258 260/260/260 259/259/259 
f 259/259/259 260/260/260 261/261/261 
f 260/260/260 260/260/260 261/261/261 
f 261/261/261 260/260/260 262/262/262 
f 260/260/260 263/263/263 262/262/262 
f 262/262/262 263/263/263 262/262/262 
f 263/263/263 264/264/264 262/262/262 
f 262/262/262 264/264/264 265/265/265 
f 264/264/264 264/264/264 265/265/265 
f 265/265/265 264/264/264 266/266/266 
f 264/264/264 267/267/267 266/266/266 
f 266/266/266 267/267/267 268/268/268 
f 267/267/267 269/269/269 268/268/268 
f 268/268/268 269/269/269 270/270/270 
f 269/269/269 271/271/271 270/270/270 
f 270/270/270 271/271/271 270/270/270 
f 271/271/271 272/272/272 270/270/270 
f 270/270/270 272/272/272 270/270/270 
f 272/272/272 273/273/273 270/270/270 
f 270/270/270 273/273/273 270/270/270 
f 273/273/273 274/274/274 270/270/270 
f 270/270/270 274/274/274 275/275/275 
f 274/274/274 276/276/276 275/275/275 
f 275/275/275 276/276/276 276/276/276 
f 276/276/276 256/256/256 276/276/276 
f 276/276/276 256/256/256 256/256/256 
f 256/256/256 259/259/259 256/256/256 
f 256/256/256 259/259/259 255/255/255 
f 259/259/259 277/277/277 255/255/255 
f 255/255/255 277/277/277 253/253/253 
f 277/277/277 253/253/253 253/253/253 
f 253/253/253 253/253/253 261/261/261 
f 253/253/253 261/261/261 261/261/261 
f 261/261/261 261/261/261 259/259/259 
f 261/261/261 277/277/277 259/259/259 
f 259/259/259 277/277/277 277/277/277 
f 277/277/277 270/270/270 277/277/277 
f 277/277/277 270/270/270 270/270/270 
f 270/270/270 275/275/275 270/270/270 
f 270/270/270 275/275/275 268/268/268 
f 275/275/275 278/278/278 268/268/268 
f 268/268/268 278/278/278 266/266/266 
f 278/278/278 279/279/279 266/266/266 
f 266/266/266 279/279/279 265/265/265 
f 279/279/279 280/280/280 265/265/265 
f 265/265/265 280/280/280 281/281/281 
f 280/280/280 282/282/282 281/281/281 
f 281/281/281 282/282/282 283/283/283 
f 282/282/282 284/284/284 283/283/283 
f 283/283/283 284/284/284 284/284/284 
f 284/284/284 265/265/265 284/284/284 
f 284/284/284 265/265/265 265/265/265 
f 265/265/265 281/281/281 265/265/265 
f 265/265/265 281/281/281 262/262/262 
f 281/281/281 281/281/281 262/262/262 
f 262/262/262 281/281/281 261/261/261 
f 281/281/281 283/283/283 261/261/261 
f 261/261/261 283/283/283 277/277/277 
f 283/283/283 277/277/277 277/277/277 
f 277/277/277 277/277/277 282/282/282 
f 277/277/277 282/282/282 282/282/282 
f 282/282/282 282/282/282 285/285/285 
f 282/282/282 280/280/280 285/285/285 
f 285/285/285 280/280/280 286/286/286 
f 280/280/280 279/279/279 286/286/286 
f 286/286/286 279/279/279 287/287/287 
f 279/279/279 278/278/278 287/287/287 
f 287/287/287 278/278/278 288/288/288 
f 278/278/278 275/275/275 288/288/288 
f 288/288/288 275/275/275 288/288/288 
f 275/275/275 276/276/276 288/288/288 
f 288/288/288 276/276/276 288/288/288 
f 276/276/276 289/289/289 288/288/288 
f 288/288/288 289/289/289 288/288/288 
f 289/289/289 290/290/290 288/288/288 
f 288/288/288 290/290/290 287/287/287 
f 290/290/290 291/291/291 287/287/287 
f 287/287/287 291/291/291 286/286/286 
f 291/291/291 292/292/292 286/286/286 
f 286/286/286 292/292/292 285/285/285 
f 292/292/292 293/293/293 285/285/285 
f 285/285/285 293/293/293 293/293/293 
f 293/293/293 294/294/294 293/293/293 
f 293/293/293 294/294/294 294/294/294 
f 294/294/294 295/295/295 294/294/294 
f 294/294/294 295/295/295 284/284/284 
f 295/295/295 296/296/296 284/284/284 
f 284/284/284 296/296/296 283/283/283 
f 296/296/296 296/296/296 283/283/283 
f 283/283/283 296/296/296 277/277/277 
f 296/296/296 296/296/296 277/277/277 
f 277/277/277 296/296/296 253/253/253 
f 296/296/296 296/296/296 253/253/253 
f 253/253/253 296/296/296 254/254/254 
f 296/296/296 295/295/295 254/254/254 
f 254/254/254 295/295/295 295/295/295 
f 295/295/295 297/297/297 295/295/295 
f 295/295/295 297/297/297 297/297/297 
f 297/297/297 298/298/298 297/297/297 
f 297/297/297 298/298/298 299/299/299 
f 298/298/298 300/300/300 299/299/299 
f 299/299/299 300/300/300 300/300/300 
f 300/300/300 297/297/297 300/300/300 
f 300/300/300 297/297/297 297/297/297 
f 297/297/297 301/301/301 297/297/297 
f 297/297/297 301/301/301 298/298/298 
f 301/301/301 301/301/301 298/298/298 
f 298/298/298 301/301/301 302/302/302 
f 301/301/301 303/303/303 302/302/302 
f 302/302/302 303/303/303 304/304/304 
f 303/303/303 305/305/305 304/304/304 
f 304/304/304 305/305/305 304/304/304 
f 305/305/305 306/306/306 304/304/304 
f 304/304/304 306/306/306 307/307/307 
f 306/306/306 308/308/308 307/307/307 
f 307/307/307 308/308/308 308/308/308 
f 308/308/308 307/307/307 308/308/308 
f 308/308/308 307/307/307 307/307/307 
f 307/307/307 309/309/309 307/307/307 
f 307/307/307 309/309/309 304/304/304 
f 309/309/309 309/309/309 304/304/304 
f 304/304/304 309/309/309 302/302/302 
f 309/309/309 310/310/310 302/302/302 
f 302/302/302 310/310/310 298/298/298 
f 310/310/310 311/311/311 298/298/298 
f 298/298/298 311/311/311 300/300/300 
f 311/311/311 311/311/311 300/300/300 
f 300/300/300 311/311/311 312/312/312 
f 311/311/311 313/313/313 312/312/312 
f 312/312/312 313/313/313 312/312/312 
f 313/313/313 314/314/314 312/312/312 
f 312/312/312 314/314/314 315/315/315 
f 314/314/314 316/316/316 315/315/315 
f 315/315/315 316/316/316 317/317/317 
f 316/316/316 316/316/316 317/317/317 
f 317/317/317 316/316/316 318/318/318 
f 316/316/316 316/316/316 318/318/318 
f 318/318/318 316/316/316 319/319/319 
f 316/316/316 316/316/316 319/319/319 
f 319/319/319 316/316/316 320/320/320 
f 316/316/316 321/321/321 320/320/320 
f 320/320/320 321/321/321 322/322/322 
f 321/321/321 323/323/323 322/322/322 
f 322/322/322 323/323/323 322/322/322 
f 323/323/323 324/324/324 322/322/322 
f 322/322/322 324/324/324 325/325/325 
f 324/324/324 324/324/324 325/325/325 
f 325/325/325 324/324/324 326/326/326 
f 324/324/324 324/324/324 326/326/326 
f 326/326/326 324/324/324 327/327/327 
f 324/324/324 328/328/328 327/327/327 
f 327/327/327 328/328/328 329/329/329 
f 328/328/328 329/329/329 329/329/329 
f 329/329/329 329/329/329 316/316/316 
f 329/329/329 316/316/316 316/316/316 
f 316/316/316 316/316/316 321/321/321 
f 316/316/316 314/314/314 321/321/321 
f 321/321/321 314/314/314 330/330/330 
f 314/314/314 313/313/313 330/330/330 
f 330/330/330 313/313/313 331/331/331 
f 313/313/313 311/311/311 331/331/331 
f 331/331/331 311/311/311 331/331/331 
f 311/311/311 310/310/310 331/331/331 
f 331/331/331 310/310/310 332/332/332 
f 310/310/310 309/309/309 332/332/332 
f 332/332/332 309/309/309 333/333/333 
f 309/309/309 307/307/307 333/333/333 
f 333/333/333 307/307/307 307/307/307 
f 307/307/307 321/321/321 307/307/307 
f 307/307/307 321/321/321 321/321/321 
f 321/321/321 330/330/330 321/321/321 
f 321/321/321 330/330/330 323/323/323 
f 330/330/330 334/334/334 323/323/323 
f 323/323/323 334/334/334 323/323/323 
f 334/334/334 328/328/328 323/323/323 
f 323/323/323 328/328/328 324/324/324 
f 328/328/328 324/324/324 324/324/324 
f 324/324/324 324/324/324 330/330/330 
f 324/324/324 330/330/330 330/330/330 
f 330/330/330 330/330/330 334/334/334 
f 330/330/330 331/331/331 334/334/334 
f 334/334/334 331/331/331 332/332/332 
f 331/331/331 332/332/332 332/332/332 
f 332/332/332 332/332/332 332/332/332 
f 332/332/332 332/332/332 332/332/332 
f 332/332/332 332/332/332 335/335/335 
f 332/332/332 333/333/333 335/335/335 
f 335/335/335 333/333/333 336/336/336 
f 333/333/333 337/337/337 336/336/336 
f 336/336/336 337/337/337 308/308/308 
f 337/337/337 337/337/337 308/308/308 
f 308/308/308 337/337/337 307/307/307 
f 337/337/337 333/333/333 307/307/307 
f 307/307/307 333/333/333 333/333/333 
f 333/333/333 335/335/335 333/333/333 
f 333/333/333 335/335/335 335/335/335 
f 335/335/335 336/336/336 335/335/335 
f 335/335/335 336/336/336 338/338/338 
f 336/336/336 339/339/339 338/338/338 
f 338/338/338 339/339/339 340/340/340 
f 339/339/339 340/340/340 340/340/340 
f 340/340/340 340/340/340 336/336/336 
f 340/340/340 336/336/336 336/336/336 
f 336/336/336 336/336/336 339/339/339 
f 336/336/336 308/308/308 339/339/339 
f 339/339/339 308/308/308 308/308/308 
f 308/308/308 341/341/341 308/308/308 
f 308/308/308 341/341/341 341/341/341 
f 341/341/341 342/342/342 341/341/341 
f 341/341/341 342/342/342 343/343/343 
f 342/342/342 342/342/342 343/343/343 
f 343/343/343 342/342/342 344/344/344 
f 342/342/342 342/342/342 344/344/344 
f 344/344/344 342/342/342 345/345/345 
f 342/342/342 346/346/346 345/345/345 
f 345/345/345 346/346/346 347/347/347 
f 346/346/346 348/348/348 347/347/347 
f 347/347/347 348/348/348 347/347/347 
f 348/348/348 349/349/349 347/347/347 
f 347/347/347 349/349/349 350/350/350 
f 349/349/349 351/351/351 350/350/350 
f 350/350/350 351/351/351 352/352/352 
f 351/351/351 351/351/351 352/352/352 
f 352/352/352 351/351/351 353/353/353 
f 351/351/351 351/351/351 353/353/353 
f 353/353/353 351/351/351 354/354/354 
f 351/351/351 351/351/351 354/354/354 
f 354/354/354 351/351/351 355/355/355 
f 351/351/351 356/356/356 355/355/355 
f 355/355/355 356/356/356 357/357/357 
f 356/356/356 357/357/357 357/357/357 
f 357/357/357 357/357/357 351/351/351 
f 357/357/357 351/351/351 351/351/351 
f 351/351/351 351/351/351 356/356/356 
f 351/351/351 349/349/349 356/356/356 
f 356/356/356 349/349/349 358/358/358 
f 349/349/349 348/348/348 358/358/358 
f 358/358/358 348/348/348 359/359/359 
f 348/348/348 346/346/346 359/359/359 
f 359/359/359 346/346/346 360/360/360 
f 346/346/346 342/342/342 360/360/360 
f 360/360/360 342/342/342 361/361/361 
f 342/342/342 341/341/341 361/361/361 
f 361/361/361 341/341/341 361/361/361 
f 341/341/341 362/362/362 361/361/361 
f 361/361/361 362/362/362 363/363/363 
f 362/362/362 364/364/364 363/363/363 
f 363/363/363 364/364/364 365/365/365 
f 364/364/364 366/366/366 365/365/365 
f 365/365/365 366/366/366 366/366/366 
f 366/366/366 365/365/365 366/366/366 
f 366/366/366 365/365/365 365/365/365 
f 365/365/365 367/367/367 365/365/365 
f 365/365/365 367/367/367 363/363/363 
f 367/367/367 368/368/368 363/363/363 
f 363/363/363 368/368/368 361/361/361 
f 368/368/368 368/368/368 361/361/361 
f 361/361/361 368/368/368 360/360/360 
f 368/368/368 369/369/369 360/360/360 
f 360/360/360 369/369/369 359/359/359 
f 369/369/369 370/370/370 359/359/359 
f 359/359/359 370/370/370 358/358/358 
f 370/370/370 371/371/371 358/358/358 
f 358/358/358 371/371/371 356/356/356 
f 371/371/371 371/371/371 356/356/356 
f 356/356/356 371/371/371 357/357/357 
f 371/371/371 371/371/371 357/357/357 
f 357/357/357 371/371/371 372/372/372 
f 371/371/371 371/371/371 372/372/372 
f 372/372/372 371/371/371 373/373/373 
f 371/371/371 370/370/370 373/373/373 
f 373/373/373 370/370/370 374/374/374 
f 370/370/370 369/369/369 374/374/374 
f 374/374/374 369/369/369 375/375/375 
f 369/369/369 368/368/368 375/375/375 
f 375/375/375 368/368/368 367/367/367 
f 368/368/368 367/367/367 367/367/367 
f 367/367/367 367/367/367 376/376/376 
f 367/367/367 376/376/376 376/376/376 
f 376/376/376 376/376/376 377/377/377 
f 376/376/376 378/378/378 377/377/377 
f 377/377/377 378/378/378 379/379/379 
f 378/378/378 380/380/380 379/379/379 
f 379/379/379 380/380/380 380/380/380 
f 380/380/380 376/376/376 380/380/380 
f 380/380/380 376/376/376 376/376/376 
f 376/376/376 381/381/381 376/376/376 
f 376/376/376 381/381/381 378/378/378 
f 381/381/381 381/381/381 378/378/378 
f 378/378/378 381/381/381 382/382/382 
f 381/381/381 383/383/383 382/382/382 
f 382/382/382 383/383/383 384/384/384 
f 383/383/383 385/385/385 384/384/384 
f 384/384/384 385/385/385 384/384/384 
f 385/385/385 386/386/386 384/384/384 
f 384/384/384 386/386/386 387/387/387 
f 386/386/386 388/388/388 387/387/387 
f 387/387/387 388/388/388 389/389/389 
f 388/388/388 390/390/390 389/389/389 
f 389/389/389 390/390/390 390/390/390 
f 390/390/390 389/389/389 390/390/390 
f 390/390/390 389/389/389 389/389/389 
f 389/389/389 391/391/391 389/389/389 
f 389/389/389 391/391/391 387/387/387 
f 391/391/391 392/392/392 387/387/387 
f 387/387/387 392/392/392 384/384/384 
f 392/392/392 392/392/392 384/384/384 
f 384/384/384 392/392/392 382/382/382 
f 392/392/392 393/393/393 382/382/382 
f 382/382/382 393/393/393 378/378/378 
f 393/393/393 393/393/393 378/378/378 
f 378/378/378 393/393/393 380/380/380 
f 393/393/393 393/393/393 380/380/380 
f 380/380/380 393/393/393 394/394/394 
f 393/393/393 393/393/393 394/394/394 
f 394/394/394 393/393/393 395/395/395 
f 393/393/393 392/392/392 395/395/395 
f 395/395/395 392/392/392 391/391/391 
f 392/392/392 391/391/391 391/391/391 
f 391/391/391 391/391/391 396/396/396 
f 391/391/391 396/396/396 396/396/396 
f 396/396/396 396/396/396 397/397/397 
f 396/396/396 398/398/398 397/397/397 
f 397/397/397 398/398/398 399/399/399 
f 398/398/398 400/400/400 399/399/399 
f 399/399/399 400/400/400 400/400/400 
f 400/400/400 396/396/396 400/400/400 
f 400/400/400 396/396/396 396/396/396 
f 396/396/396 401/401/401 396/396/396 
f 396/396/396 401/401/401 398/398/398 
f 401/401/401 401/401/401 398/398/398 
f 398/398/398 401/401/401 402/402/402 
f 401/401/401 403/403/403 402/402/402 
f 402/402/402 403/403/403 404/404/404 
f 403/403/403 405/405/405 404/404/404 
f 404/404/404 405/405/405 404/404/404 
f 405/405/405 406/406/406 404/404/404 
f 404/404/404 406/406/406 407/407/407 
f 406/406/406 408/408/408 407/407/407 
f 407/407/407 408/408/408 409/409/409 
f 408/408/408 410/410/410 409/409/409 
f 409/409/409 410/410/410 410/410/410 
f 410/410/410 409/409/409 410/410/410 
f 410/410/410 409/409/409 409/409/409 
f 409/409/409 411/411/411 409/409/409 
f 409/409/409 411/411/411 407/407/407 
f 411/411/411 412/412/412 407/407/407 
f 407/407/407 412/412/412 404/404/404 
f 412/412/412 412/412/412 404/404/404 
f 404/404/404 412/412/412 402/402/402 
f 412/412/412 413/413/413 402/402/402 
f 402/402/402 413/413/413 398/398/398 
f 413/413/413 413/413/413 398/398/398 
f 398/398/398 413/413/413 400/400/400 
f 413/413/413 413/413/413 400/400/400 
f 400/400/400 413/413/413 414/414/414 
f 413/413/413 413/413/413 414/414/414 
f 414/414/414 413/413/413 415/415/415 
f 413/413/413 412/412/412 415/415/415 
f 415/415/415 412/412/412 411/411/411 
f 412/412/412 411/411/411 411/411/411 
f 411/411/411 411/411/411 416/416/416 
f 411/411/411 416/416/416 416/416/416 
f 416/416/416 416/416/416 417/417/417 
f 416/416/416 418/418/418 417/417/417 
f 417/417/417 418/418/418 417/417/417 
f 418/418/418 419/419/419 417/417/417 
f 417/417/417 419/419/419 417/417/417 
f 419/419/419 420/420/420 417/417/417 
f 417/417/417 420/420/420 421/421/421 
f 420/420/420 422/422/422 421/421/421 
f 421/421/421 422/422/422 423/423/423 
f 422/422/422 424/424/424 423/423/423 
f 423/423/423 424/424/424 424/424/424 
f 424/424/424 417/417/417 424/424/424 
f 424/424/424 417/417/417 417/417/417 
f 417/417/417 421/421/421 417/417/417 
f 417/417/417 421/421/421 425/425/425 
f 421/421/421 421/421/421 425/425/425 
f 425/425/425 421/421/421 426/426/426 
f 421/421/421 427/427/427 426/426/426 
f 426/426/426 427/427/427 428/428/428 
f 427/427/427 427/427/427 428/428/428 
f 428/428/428 427/427/427 429/429/429 
f 427/427/427 427/427/427 429/429/429 
f 429/429/429 427/427/427 430/430/430 
f 427/427/427 423/423/423 430/430/430 
f 430/430/430 423/423/423 430/430/430 
f 423/423/423 424/424/424 430/430/430 
f 430/430/430 424/424/424 430/430/430 
f 424/424/424 431/431/431 430/430/430 
f 430/430/430 431/431/431 432/432/432 
f 431/431/431 433/433/433 432/432/432 
f 432/432/432 433/433/433 434/434/434 
f 433/433/433 435/435/435 434/434/434 
f 434/434/434 435/435/435 434/434/434 
f 435/435/435 436/436/436 434/434/434 
f 434/434/434 436/436/436 434/434/434 
f 436/436/436 437/437/437 434/434/434 
f 434/434/434 437/437/437 432/432/432 
f 437/437/437 438/438/438 432/432/432 
f 432/432/432 438/438/438 430/430/430 
f 438/438/438 429/429/429 430/430/430 
f 430/430/430 429/429/429 429/429/429 
f 429/429/429 423/423/423 429/429/429 
f 429/429/429 423/423/423 423/423/423 
f 423/423/423 427/427/427 423/423/423 
f 423/423/423 427/427/427 421/421/421 
f 427/427/427 421/421/421 421/421/421 
f 421/421/421 421/421/421 439/439/439 
f 421/421/421 439/439/439 439/439/439 
f 439/439/439 439/439/439 440/440/440 
f 439/439/439 441/441/441 440/440/440 
f 440/440/440 441/441/441 442/442/442 
f 441/441/441 441/441/441 442/442/442 
f 442/442/442 441/441/441 443/443/443 
f 441/441/441 441/441/441 443/443/443 
f 443/443/443 441/441/441 444/444/444 
f 441/441/441 445/445/445 444/444/444 
f 444/444/444 445/445/445 446/446/446 
f 445/445/445 445/445/445 446/446/446 
f 446/446/446 445/445/445 447/447/447 
f 445/445/445 448/448/448 447/447/447 
f 447/447/447 448/448/448 449/449/449 
f 448/448/448 448/448/448 449/449/449 
f 449/449/449 448/448/448 439/439/439 
f 448/448/448 445/445/445 439/439/439 
f 439/439/439 445/445/445 441/441/441 
f 445/445/445 441/441/441 441/441/441 
f 441/441/441 441/441/441 444/444/444 
f 441/441/441 444/444/444 444/444/444 
f 444/444/444 444/444/444 450/450/450 
f 444/444/444 446/446/446 450/450/450 
f 450/450/450 446/446/446 451/451/451 
f 446/446/446 452/452/452 451/451/451 
f 451/451/451 452/452/452 453/453/453 
f 452/452/452 454/454/454 453/453/453 
f 453/453/453 454/454/454 455/455/455 
f 454/454/454 456/456/456 455/455/455 
f 455/455/455 456/456/456 457/457/457 
f 456/456/456 458/458/458 457/457/457 
f 457/457/457 458/458/458 458/458/458 
f 458/458/458 450/450/450 458/458/458 
f 458/458/458 450/450/450 450/450/450 
f 450/450/450 451/451/451 450/450/450 
f 450/450/450 451/451/451 459/459/459 
f 451/451/451 451/451/451 459/459/459 
f 459/459/459 451/451/451 460/460/460 
f 451/451/451 453/453/453 460/460/460 
f 460/460/460 453/453/453 457/457/457 
f 453/453/453 455/455/455 457/457/457 
f 457/457/457 455/455/455 455/455/455 
f 455/455/455 452/452/452 455/455/455 
f 455/455/455 452/452/452 452/452/452 
f 452/452/452 446/446/446 452/452/452 
f 452/452/452 446/446/446 447/447/447 
f 446/446/446 447/447/447 447/447/447 
f 447/447/447 447/447/447 461/461/461 
f 447/447/447 461/461/461 461/461/461 
f 461/461/461 461/461/461 462/462/462 
f 461/461/461 463/463/463 462/462/462 
f 462/462/462 463/463/463 464/464/464 
f 463/463/463 465/465/465 464/464/464 
f 464/464/464 465/465/465 466/466/466 
f 465/465/465 467/467/467 466/466/466 
f 466/466/466 467/467/467 468/468/468 
f 467/467/467 467/467/467 468/468/468 
f 468/468/468 467/467/467 461/461/461 
f 467/467/467 467/467/467 461/461/461 
f 461/461/461 467/467/467 463/463/463 
f 467/467/467 465/465/465 463/463/463 
f 463/463/463 465/465/465 465/465/465 
f 465/465/465 469/469/469 465/465/465 
f 465/465/465 469/469/469 469/469/469 
f 469/469/469 470/470/470 469/469/469 
f 469/469/469 470/470/470 471/471/471 
f 470/470/470 470/470/470 471/471/471 
f 471/471/471 470/470/470 472/472/472 
f 470/470/470 470/470/470 472/472/472 
f 472/472/472 470/470/470 473/473/473 
f 470/470/470 474/474/474 473/473/473 
f 473/473/473 474/474/474 475/475/475 
f 474/474/474 476/476/476 475/475/475 
f 475/475/475 476/476/476 477/477/477 
f 476/476/476 477/477/477 477/477/477 
f 477/477/477 477/477/477 470/470/470 
f 477/477/477 470/470/470 470/470/470 
f 470/470/470 470/470/470 474/474/474 
f 470/470/470 478/478/478 474/474/474 
f 474/474/474 478/478/478 474/474/474 
f 478/478/478 479/479/479 474/474/474 
f 474/474/474 479/479/479 480/480/480 
f 479/479/479 481/481/481 480/480/480 
f 480/480/480 481/481/481 480/480/480 
f 481/481/481 482/482/482 480/480/480 
f 480/480/480 482/482/482 480/480/480 
f 482/482/482 483/483/483 480/480/480 
f 480/480/480 483/483/483 476/476/476 
f 483/483/483 483/483/483 476/476/476 
f 476/476/476 483/483/483 477/477/477 
f 483/483/483 483/483/483 477/477/477 
f 477/477/477 483/483/483 484/484/484 
f 483/483/483 485/485/485 484/484/484 
f 484/484/484 485/485/485 486/486/486 
f 485/485/485 487/487/487 486/486/486 
f 486/486/486 487/487/487 488/488/488 
f 487/487/487 487/487/487 488/488/488 
f 488/488/488 487/487/487 489/489/489 
f 487/487/487 487/487/487 489/489/489 
f 489/489/489 487/487/487 490/490/490 
f 487/487/487 485/485/485 490/490/490 
f 490/490/490 485/485/485 491/491/491 
f 485/485/485 483/483/483 491/491/491 
f 491/491/491 483/483/483 482/482/482 
f 483/483/483 482/482/482 482/482/482 
f 482/482/482 482/482/482 476/476/476 
f 482/482/482 476/476/476 476/476/476 
f 476/476/476 476/476/476 480/480/480 
f 476/476/476 474/474/474 480/480/480 
f 480/480/480 474/474/474 474/474/474 
f 474/474/474 492/492/492 474/474/474 
f 474/474/474 492/492/492 492/492/492 
f 492/492/492 493/493/493 492/492/492 
f 492/492/492 493/493/493 494/494/494 
f 493/493/493 495/495/495 494/494/494 
f 494/494/494 495/495/495 494/494/494 
f 495/495/495 496/496/496 494/494/494 
f 494/494/494 496/496/496 494/494/494 
f 496/496/496 497/497/497 494/494/494 
f 494/494/494 497/497/497 498/498/498 
f 497/497/497 499/499/499 498/498/498 
f 498/498/498 499/499/499 498/498/498 
f 499/499/499 500/500/500 498/498/498 
f 498/498/498 500/500/500 501/501/501 
f 500/500/500 502/502/502 501/501/501 
f 501/501/501 502/502/502 501/501/501 
f 502/502/502 492/492/492 501/501/501 
f 501/501/501 492/492/492 498/498/498 
f 492/492/492 494/494/494 498/498/498 
f 498/498/498 494/494/494 494/494/494 
f 494/494/494 497/497/497 494/494/494 
f 494/494/494 497/497/497 497/497/497 
f 497/497/497 503/503/503 497/497/497 
f 497/497/497 503/503/503 499/499/499 
f 503/503/503 504/504/504 499/499/499 
f 499/499/499 504/504/504 505/505/505 
f 504/504/504 506/506/506 505/505/505 
f 505/505/505 506/506/506 507/507/507 
f 506/506/506 508/508/508 507/507/507 
f 507/507/507 508/508/508 509/509/509 
f 508/508/508 510/510/510 509/509/509 
f 509/509/509 510/510/510 511/511/511 
f 510/510/510 511/511/511 511/511/511 
f 511/511/511 511/511/511 503/503/503 
f 511/511/511 503/503/503 503/503/503 
f 503/503/503 503/503/503 504/504/504 
f 503/503/503 512/512/512 504/504/504 
f 504/504/504 512/512/512 504/504/504 
f 512/512/512 513/513/513 504/504/504 
f 504/504/504 513/513/513 506/506/506 
f 513/513/513 510/510/510 506/506/506 
f 506/506/506 510/510/510 508/508/508 
f 510/510/510 508/508/508 508/508/508 
f 508/508/508 508/508/508 505/505/505 
f 508/508/508 505/505/505 505/505/505 
f 505/505/505 505/505/505 499/499/499 
f 505/505/505 500/500/500 499/499/499 
f 499/499/499 500/500/500 500/500/500 
f 500/500/500 514/514/514 500/500/500 
f 500/500/500 514/514/514 514/514/514 
f 514/514/514 515/515/515 514/514/514 
f 514/514/514 515/515/515 516/516/516 
f 515/515/515 517/517/517 516/516/516 
f 516/516/516 517/517/517 518/518/518 
f 517/517/517 519/519/519 518/518/518 
f 518/518/518 519/519/519 520/520/520 
f 519/519/519 521/521/521 520/520/520 
f 520/520/520 521/521/521 520/520/520 
f 521/521/521 514/514/514 520/520/520 
f 520/520/520 514/514/514 520/520/520 
f 514/514/514 516/516/516 520/520/520 
f 520/520/520 516/516/516 518/518/518 
f 516/516/516 518/518/518 518/518/518 
f 518/518/518 518/518/518 522/522/522 
f 518/518/518 522/522/522 522/522/522 
f 522/522/522 522/522/522 523/523/523 
f 522/522/522 524/524/524 523/523/523 
f 523/523/523 524/524/524 523/523/523 
f 524/524/524 525/525/525 523/523/523 
f 523/523/523 525/525/525 526/526/526 
f 525/525/525 527/527/527 526/526/526 
f 526/526/526 527/527/527 528/528/528 
f 527/527/527 527/527/527 528/528/528 
f 528/528/528 527/527/527 529/529/529 
f 527/527/527 527/527/527 529/529/529 
f 529/529/529 527/527/527 530/530/530 
f 527/527/527 531/531/531 530/530/530 
f 530/530/530 531/531/531 532/532/532 
f 531/531/531 532/532/532 532/532/532 
f 532/532/532 532/532/532 525/525/525 
f 532/532/532 525/525/525 525/525/525 
f 525/525/525 525/525/525 527/527/527 
f 525/525/525 531/531/531 527/527/527 
f 527/527/527 531/531/531 531/531/531 
f 531/531/531 524/524/524 531/531/531 
f 531/531/531 524/524/524 524/524/524 
f 524/524/524 522/522/522 524/524/524 
f 524/524/524 522/522/522 533/533/533 
f 522/522/522 533/533/533 533/533/533 
f 533/533/533 533/533/533 526/526/526 
f 533/533/533 526/526/526 526/526/526 
f 526/526/526 526/526/526 534/534/534 
f 526/526/526 528/528/528 534/534/534 
f 534/534/534 528/528/528 534/534/534 
f 528/528/528 535/535/535 534/534/534 
f 534/534/534 535/535/535 536/536/536 
f 535/535/535 537/537/537 536/536/536 
f 536/536/536 537/537/537 538/538/538 
f 537/537/537 537/537/537 538/538/538 
f 538/538/538 537/537/537 539/539/539 
f 537/537/537 540/540/540 539/539/539 
f 539/539/539 540/540/540 541/541/541 
f 540/540/540 535/535/535 541/541/541 
f 541/541/541 535/535/535 541/541/541 
f 535/535/535 528/528/528 541/541/541 
f 541/541/541 528/528/528 541/541/541 
f 528/528/528 529/529/529 541/541/541 
f 541/541/541 529/529/529 542/542/542 
f 529/529/529 529/529/529 542/542/542 
f 542/542/542 529/529/529 543/543/543 
f 529/529/529 530/530/530 543/543/543 
f 543/543/543 530/530/530 544/544/544 
f 530/530/530 532/532/532 544/544/544 
f 544/544/544 532/532/532 545/545/545 
f 532/532/532 545/545/545 545/545/545 
f 545/545/545 545/545/545 535/535/535 
f 545/545/545 535/535/535 535/535/535 
f 535/535/535 535/535/535 537/537/537 
f 535/535/535 540/540/540 537/537/537 
f 537/537/537 540/540/540 540/540/540 
f 540/540/540 541/541/541 540/540/540 
f 540/540/540 541/541/541 541/541/541 
f 541/541/541 542/542/542 541/541/541 
f 541/541/541 542/542/542 539/539/539 
f 542/542/542 539/539/539 539/539/539 
f 539/539/539 539/539/539 546/546/546 
f 539/539/539 546/546/546 546/546/546 
f 546/546/546 546/546/546 547/547/547 
f 546/546/546 548/548/548 547/547/547 
f 547/547/547 548/548/548 549/549/549 
f 548/548/548 550/550/550 549/549/549 
f 549/549/549 550/550/550 549/549/549 
f 550/550/550 551/551/551 549/549/549 
f 549/549/549 551/551/551 552/552/552 
f 551/551/551 553/553/553 552/552/552 
f 552/552/552 553/553/553 554/554/554 
f 553/553/553 555/555/555 554/554/554 
f 554/554/554 555/555/555 555/555/555 
f 555/555/555 547/547/547 555/555/555 
f 555/555/555 547/547/547 547/547/547 
f 547/547/547 549/549/549 547/547/547 
f 547/547/547 549/549/549 556/556/556 
f 549/549/549 552/552/552 556/556/556 
f 556/556/556 552/552/552 557/557/557 
f 552/552/552 554/554/554 557/557/557 
f 557/557/557 554/554/554 554/554/554 
f 554/554/554 558/558/558 554/554/554 
f 554/554/554 558/558/558 558/558/558 
f 558/558/558 559/559/559 558/558/558 
f 558/558/558 559/559/559 560/560/560 
f 559/559/559 561/561/561 560/560/560 
f 560/560/560 561/561/561 561/561/561 
f 561/561/561 562/562/562 561/561/561 
f 561/561/561 562/562/562 562/562/562 
f 562/562/562 563/563/563 562/562/562 
f 562/562/562 563/563/563 564/564/564 
f 563/563/563 565/565/565 564/564/564 
f 564/564/564 565/565/565 565/565/565 
f 565/565/565 566/566/566 565/565/565 
f 565/565/565 566/566/566 566/566/566 
f 566/566/566 567/567/567 566/566/566 
f 566/566/566 567/567/567 568/568/568 
f 567/567/567 569/569/569 568/568/568 
f 568/568/568 569/569/569 570/570/570 
f 569/569/569 571/571/571 570/570/570 
f 570/570/570 571/571/571 572/572/572 
f 571/571/571 573/573/573 572/572/572 
f 572/572/572 573/573/573 574/574/574 
f 573/573/573 575/575/575 574/574/574 
f 574/574/574 575/575/575 575/575/575 
f 575/575/575 576/576/576 575/575/575 
f 575/575/575 576/576/576 576/576/576 
f 576/576/576 577/577/577 576/576/576 
f 576/576/576 577/577/577 578/578/578 
f 577/577/577 579/579/579 578/578/578 
f 578/578/578 579/579/579 579/579/579 
f 579/579/579 580/580/580 579/579/579 
f 579/579/579 580/580/580 580/580/580 
f 580/580/580 581/581/581 580/580/580 
f 580/580/580 581/581/581 582/582/582 
f 581/581/581 581/581/581 582/582/582 
f 582/582/582 581/581/581 583/583/583 
f 581/581/581 581/581/581 583/583/583 
f 583/583/583 581/581/581 584/584/584 
f 581/581/581 585/585/585 584/584/584 
f 584/584/584 585/585/585 585/585/585 
f 585/585/585 586/586/586 585/585/585 
f 585/585/585 586/586/586 586/586/586 
f 586/586/586 587/587/587 586/586/586 
f 586/586/586 587/587/587 588/588/588 
f 587/587/587 589/589/589 588/588/588 
f 588/588/588 589/589/589 589/589/589 
f 589/589/589 590/590/590 589/589/589 
f 589/589/589 590/590/590 590/590/590 
f 590/590/590 591/591/591 590/590/590 
f 590/590/590 591/591/591 592/592/592 
f 591/591/591 591/591/591 592/592/592 
f 592/592/592 591/591/591 593/593/593 
f 591/591/591 594/594/594 593/593/593 
f 593/593/593 594/594/594 595/595/595 
f 594/594/594 596/596/596 595/595/595 
f 595/595/595 596/596/596 597/597/597 
f 596/596/596 598/598/598 597/597/597 
f 597/597/597 598/598/598 597/597/597 
f 598/598/598 599/599/599 597/597/597 
f 597/597/597 599/599/599 600/600/600 
f 599/599/599 601/601/601 600/600/600 
f 600/600/600 601/601/601 601/601/601 
f 601/601/601 600/600/600 601/601/601 
f 601/601/601 600/600/600 600/600/600 
f 600/600/600 602/602/602 600/600/600 
f 600/600/600 602/602/602 597/597/597 
f 602/602/602 602/602/602 597/597/597 
f 597/597/597 602/602/602 595/595/595 
f 602/602/602 603/603/603 595/595/595 
f 595/595/595 603/603/603 593/593/593 
f 603/603/603 604/604/604 593/593/593 
f 593/593/593 604/604/604 592/592/592 
f 604/604/604 605/605/605 592/592/592 
f 592/592/592 605/605/605 590/590/590 
f 605/605/605 590/590/590 590/590/590 
f 590/590/590 590/590/590 604/604/604 
f 590/590/590 604/604/604 604/604/604 
f 604/604/604 604/604/604 605/605/605 
f 604/604/604 603/603/603 605/605/605 
f 605/605/605 603/603/603 606/606/606 
f 603/603/603 602/602/602 606/606/606 
f 606/606/606 602/602/602 607/607/607 
f 602/602/602 600/600/600 607/607/607 
f 607/607/607 600/600/600 608/608/608 
f 600/600/600 609/609/609 608/608/608 
f 608/608/608 609/609/609 610/610/610 
f 609/609/609 611/611/611 610/610/610 
f 610/610/610 611/611/611 612/612/612 
f 611/611/611 613/613/613 612/612/612 
f 612/612/612 613/613/613 614/614/614 
f 613/613/613 615/615/615 614/614/614 
f 614/614/614 615/615/615 616/616/616 
f 615/615/615 601/601/601 616/616/616 
f 616/616/616 601/601/601 617/617/617 
f 601/601/601 617/617/617 617/617/617 
f 617/617/617 617/617/617 611/611/611 
f 617/617/617 611/611/611 611/611/611 
f 611/611/611 611/611/611 613/613/613 
f 611/611/611 609/609/609 613/613/613 
f 613/613/613 609/609/609 615/615/615 
f 609/609/609 600/600/600 615/615/615 
f 615/615/615 600/600/600 601/601/601 
f 600/600/600 601/601/601 601/601/601 
f 601/601/601 601/601/601 618/618/618 
f 601/601/601 618/618/618 618/618/618 
f 618/618/618 618/618/618 619/619/619 
f 618/618/618 620/620/620 619/619/619 
f 619/619/619 620/620/620 619/619/619 
f 620/620/620 621/621/621 619/619/619 
f 619/619/619 621/621/621 622/622/622 
f 621/621/621 623/623/623 622/622/622 
f 622/622/622 623/623/623 624/624/624 
f 623/623/623 625/625/625 624/624/624 
f 624/624/624 625/625/625 626/626/626 
f 625/625/625 627/627/627 626/626/626 
f 626/626/626 627/627/627 628/628/628 
f 627/627/627 628/628/628 628/628/628 
f 628/628/628 628/628/628 619/619/619 
f 628/628/628 619/619/619 619/619/619 
f 619/619/619 619/619/619 618/618/618 
f 619/619/619 629/629/629 618/618/618 
f 618/618/618 629/629/629 630/630/630 
f 629/629/629 631/631/631 630/630/630 
f 630/630/630 631/631/631 632/632/632 
f 631/631/631 633/633/633 632/632/632 
f 632/632/632 633/633/633 634/634/634 
f 633/633/633 635/635/635 634/634/634 
f 634/634/634 635/635/635 635/635/635 
f 635/635/635 636/636/636 635/635/635 
f 635/635/635 636/636/636 636/636/636 
f 636/636/636 637/637/637 636/636/636 
f 636/636/636 637/637/637 638/638/638 
f 637/637/637 639/639/639 638/638/638 
f 638/638/638 639/639/639 640/640/640 
f 639/639/639 641/641/641 640/640/640 
f 640/640/640 641/641/641 642/642/642 
f 641/641/641 641/641/641 642/642/642 
f 642/642/642 641/641/641 643/643/643 
f 641/641/641 641/641/641 643/643/643 
f 643/643/643 641/641/641 644/644/644 
f 641/641/641 645/645/645 644/644/644 
f 644/644/644 645/645/645 646/646/646 
f 645/645/645 645/645/645 646/646/646 
f 646/646/646 645/645/645 647/647/647 
f 645/645/645 648/648/648 647/647/647 
f 647/647/647 648/648/648 637/637/637 
f 648/648/648 648/648/648 637/637/637 
f 637/637/637 648/648/648 639/639/639 
f 648/648/648 645/645/645 639/639/639 
f 639/639/639 645/645/645 641/641/641 
f 645/645/645 641/641/641 641/641/641 
f 641/641/641 641/641/641 647/647/647 
f 641/641/641 647/647/647 647/647/647 
f 647/647/647 647/647/647 636/636/636 
f 647/647/647 637/637/637 636/636/636 
f 636/636/636 637/637/637 637/637/637 
f 637/637/637 646/646/646 637/637/637 
f 637/637/637 646/646/646 646/646/646 
f 646/646/646 649/649/649 646/646/646 
f 646/646/646 649/649/649 644/644/644 
f 649/649/649 650/650/650 644/644/644 
f 644/644/644 650/650/650 643/643/643 
f 650/650/650 651/651/651 643/643/643 
f 643/643/643 651/651/651 643/643/643 
f 651/651/651 652/652/652 643/643/643 
f 643/643/643 652/652/652 642/642/642 
f 652/652/652 652/652/652 642/642/642 
f 642/642/642 652/652/652 653/653/653 
f 652/652/652 654/654/654 653/653/653 
f 653/653/653 654/654/654 655/655/655 
f 654/654/654 656/656/656 655/655/655 
f 655/655/655 656/656/656 656/656/656 
f 656/656/656 649/649/649 656/656/656 
f 656/656/656 649/649/649 649/649/649 
f 649/649/649 657/657/657 649/649/649 
f 649/649/649 657/657/657 650/650/650 
f 657/657/657 658/658/658 650/650/650 
f 650/650/650 658/658/658 651/651/651 
f 658/658/658 651/651/651 651/651/651 
f 651/651/651 651/651/651 658/658/658 
f 651/651/651 658/658/658 658/658/658 
f 658/658/658 658/658/658 659/659/659 
f 658/658/658 657/657/657 659/659/659 
f 659/659/659 657/657/657 657/657/657 
f 657/657/657 660/660/660 657/657/657 
f 657/657/657 660/660/660 660/660/660 
f 660/660/660 661/661/661 660/660/660 
f 660/660/660 661/661/661 662/662/662 
f 661/661/661 663/663/663 662/662/662 
f 662/662/662 663/663/663 664/664/664 
f 663/663/663 663/663/663 664/664/664 
f 664/664/664 663/663/663 665/665/665 
f 663/663/663 666/666/666 665/665/665 
f 665/665/665 666/666/666 667/667/667 
f 666/666/666 668/668/668 667/667/667 
f 667/667/667 668/668/668 669/669/669 
f 668/668/668 669/669/669 669/669/669 
f 669/669/669 669/669/669 661/661/661 
f 669/669/669 661/661/661 661/661/661 
f 661/661/661 661/661/661 663/663/663 
f 661/661/661 670/670/670 663/663/663 
f 663/663/663 670/670/670 666/666/666 
f 670/670/670 671/671/671 666/666/666 
f 666/666/666 671/671/671 668/668/668 
f 671/671/671 668/668/668 668/668/668 
f 668/668/668 668/668/668 672/672/672 
f 668/668/668 672/672/672 672/672/672 
f 672/672/672 672/672/672 673/673/673 
f 672/672/672 674/674/674 673/673/673 
f 673/673/673 674/674/674 675/675/675 
f 674/674/674 675/675/675 675/675/675 
f 675/675/675 675/675/675 676/676/676 
f 675/675/675 676/676/676 676/676/676 
f 676/676/676 676/676/676 677/677/677 
f 676/676/676 678/678/678 677/677/677 
f 677/677/677 678/678/678 679/679/679 
f 678/678/678 679/679/679 679/679/679 
f 679/679/679 679/679/679 680/680/680 
f 679/679/679 680/680/680 680/680/680 
f 680/680/680 680/680/680 681/681/681 
f 680/680/680 682/682/682 681/681/681 
f 681/681/681 682/682/682 683/683/683 
f 682/682/682 684/684/684 683/683/683 
f 683/683/683 684/684/684 685/685/685 
f 684/684/684 686/686/686 685/685/685 
f 685/685/685 686/686/686 687/687/687 
f 686/686/686 688/688/688 687/687/687 
f 687/687/687 688/688/688 689/689/689 
f 688/688/688 689/689/689 689/689/689 
f 689/689/689 689/689/689 690/690/690 
f 689/689/689 690/690/690 690/690/690 
f 690/690/690 690/690/690 691/691/691 
f 690/690/690 692/692/692 691/691/691 
f 691/691/691 692/692/692 693/693/693 
f 692/692/692 693/693/693 693/693/693 
f 693/693/693 693/693/693 694/694/694 
f 693/693/693 694/694/694 694/694/694 
f 694/694/694 694/694/694 695/695/695 
f 694/694/694 696/696/696 695/695/695 
f 695/695/695 696/696/696 695/695/695 
f 696/696/696 697/697/697 695/695/695 
f 695/695/695 697/697/697 695/695/695 
f 697/697/697 698/698/698 695/695/695 
f 695/695/695 698/698/698 699/699/699 
f 698/698/698 699/699/699 699/699/699 
f 699/699/699 699/699/699 700/700/700 
f 699/699/699 700/700/700 700/700/700 
f 700/700/700 700/700/700 701/701/701 
f 700/700/700 702/702/702 701/701/701 
f 701/701/701 702/702/702 703/703/703 
f 702/702/702 703/703/703 703/703/703 
f 703/703/703 703/703/703 704/704/704 
f 703/703/703 704/704/704 704/704/704 
f 704/704/704 704/704/704 705/705/705 
f 704/704/704 706/706/706 705/705/705 
f 705/705/705 706/706/706 707/707/707 
f 706/706/706 707/707/707 707/707/707 
f 707/707/707 707/707/707 705/705/705 
f 707/707/707 705/705/705 705/705/705 
f 705/705/705 705/705/705 704/704/704 
f 705/705/705 708/708/708 704/704/704 
f 704/704/704 708/708/708 709/709/709 
f 708/708/708 710/710/710 709/709/709 
f 709/709/709 710/710/710 711/711/711 
f 710/710/710 712/712/712 711/711/711 
f 711/711/711 712/712/712 713/713/713 
f 712/712/712 712/712/712 713/713/713 
f 713/713/713 712/712/712 714/714/714 
f 712/712/712 715/715/715 714/714/714 
f 714/714/714 715/715/715 716/716/716 
f 715/715/715 716/716/716 716/716/716 
f 716/716/716 716/716/716 715/715/715 
f 716/716/716 715/715/715 715/715/715 
f 715/715/715 715/715/715 717/717/717 
f 715/715/715 712/712/712 717/717/717 
f 717/717/717 712/712/712 717/717/717 
f 712/712/712 710/710/710 717/717/717 
f 717/717/717 710/710/710 718/718/718 
f 710/710/710 708/708/708 718/718/718 
f 718/718/718 708/708/708 719/719/719 
f 708/708/708 705/705/705 719/719/719 
f 719/719/719 705/705/705 719/719/719 
f 705/705/705 707/707/707 719/719/719 
f 719/719/719 707/707/707 718/718/718 
f 707/707/707 720/720/720 718/718/718 
f 718/718/718 720/720/720 717/717/717 
f 720/720/720 721/721/721 717/717/717 
f 717/717/717 721/721/721 715/715/715 
f 721/721/721 722/722/722 715/715/715 
f 715/715/715 722/722/722 723/723/723 
f 722/722/722 724/724/724 723/723/723 
f 723/723/723 724/724/724 725/725/725 
f 724/724/724 726/726/726 725/725/725 
f 725/725/725 726/726/726 727/727/727 
f 726/726/726 728/728/728 727/727/727 
f 727/727/727 728/728/728 729/729/729 
f 728/728/728 730/730/730 729/729/729 
f 729/729/729 730/730/730 716/716/716 
f 730/730/730 731/731/731 716/716/716 
f 716/716/716 731/731/731 731/731/731 
f 731/731/731 725/725/725 731/731/731 
f 731/731/731 725/725/725 725/725/725 
f 725/725/725 727/727/727 725/725/725 
f 725/725/725 727/727/727 723/723/723 
f 727/727/727 729/729/729 723/723/723 
f 723/723/723 729/729/729 715/715/715 
f 729/729/729 716/716/716 715/715/715 
f 715/715/715 716/716/716 716/716/716 
f 716/716/716 732/732/732 716/716/716 
f 716/716/716 732/732/732 732/732/732 
f 732/732/732 733/733/733 732/732/732 
f 732/732/732 733/733/733 734/734/734 
f 733/733/733 735/735/735 734/734/734 
f 734/734/734 735/735/735 736/736/736 
f 735/735/735 737/737/737 736/736/736 
f 736/736/736 737/737/737 738/738/738 
f 737/737/737 739/739/739 738/738/738 
f 738/738/738 739/739/739 739/739/739 
f 739/739/739 740/740/740 739/739/739 
f 739/739/739 740/740/740 740/740/740 
f 740/740/740 741/741/741 740/740/740 
f 740/740/740 741/741/741 742/742/742 
f 741/741/741 741/741/741 742/742/742 
f 742/742/742 741/741/741 743/743/743 
f 741/741/741 744/744/744 743/743/743 
f 743/743/743 744/744/744 745/745/745 
f 744/744/744 746/746/746 745/745/745 
f 745/745/745 746/746/746 747/747/747 

