mtllib model_108.mtl
o model_108
v 1139.31884765625 -128.1431427001953 678.6714477539062 
v 1156.963134765625 -152.54281616210938 681.6246948242188 
v 1163.6607666015625 -123.96661376953125 684.8173828125 
v 1185.446044921875 -120.00989532470703 675.7182006835938 
v 1183.3935546875 -155.62025451660156 668.7740478515625 
v 1162.6884765625 -173.64524841308594 675.9576416015625 
v 1183.2855224609375 -172.7659912109375 666.6987915039062 
v 1183.3935546875 -197.16567993164062 666.1400756835938 
v 1183.753662109375 -197.16567993164062 641.077392578125 
v 1184.473876953125 -216.2897491455078 670.689697265625 
v 1184.9420166015625 -216.28976440429688 641.077392578125 
v 1184.473876953125 -216.28976440429688 611.3851928710938 
v 1183.3935546875 -197.16567993164062 615.934814453125 
v 1157.4312744140625 -214.0915985107422 600.4501953125 
v 1160.924072265625 -195.626953125 602.6052856445312 
v 1162.6884765625 -173.645263671875 606.1172485351562 
v 1183.2855224609375 -172.7659912109375 615.4559326171875 
v 1183.681640625 -172.7659912109375 641.0773315429688 
v 1183.82568359375 -155.4004364013672 641.0773315429688 
v 1160.924072265625 -195.62693786621094 679.5494384765625 
v 1157.4312744140625 -214.09158325195312 681.6246948242188 
v 1183.3935546875 -155.62026977539062 613.3008422851562 
v 1156.963134765625 -152.54283142089844 600.4501953125 
v 1185.446044921875 -120.00990295410156 606.356689453125 
v 1163.6607666015625 -123.96662902832031 597.2575073242188 
v 1172.626953125 -94.0715103149414 615.3760986328125 
v 1160.4559326171875 -93.41204833984375 603.4832763671875 
v 1164.0928955078125 -83.30046844482422 630.3019409179688 
v 1150.5535888671875 -80.66265869140625 626.3909301757812 
v 1147.4207763671875 -88.13643646240234 607.3943481445312 
v 1139.31884765625 -128.1431427001953 603.4832763671875 
v 1167.1175537109375 -84.17973327636719 641.0773315429688 
v 1174.103271484375 -94.29132843017578 641.0773315429688 
v 1187.1385498046875 -120.00989532470703 641.0773315429688 
v 1172.626953125 -94.07150268554688 666.6987915039062 
v 1164.0928955078125 -83.30046844482422 651.7728881835938 
v 1160.4559326171875 -93.41203308105469 678.5916137695312 
v 1150.5535888671875 -80.66265106201172 655.6839599609375 
v 1147.4207763671875 -88.13642883300781 674.6805419921875 
v 1135.2138671875 -101.76509857177734 702.2176513671875 
v 1151.6697998046875 -103.30380249023438 703.5745239257812 
v 1141.2633056640625 -114.9541015625 706.8470458984375 
v 1160.7440185546875 -117.5919189453125 698.4661865234375 
v 1140.14697265625 -122.4278793334961 707.7250366210938 
v 1158.943603515625 -126.82422637939453 701.0203857421875 
v 1139.9669189453125 -135.3970947265625 711.2369995117188 
v 1157.03515625 -139.5736083984375 703.5745239257812 
v 1139.7869873046875 -148.14646911621094 714.7490234375 
v 1155.0906982421875 -152.10317993164062 706.1287231445312 
v 1138.526611328125 -160.45620727539062 715.866455078125 
v 1151.8858642578125 -163.5336456298828 708.1241455078125 
v 1139.246826171875 -169.46871948242188 716.904052734375 
v 1151.993896484375 -174.3046875 710.6782836914062 
v 1154.04638671875 -186.39463806152344 714.0306396484375 
v 1139.60693359375 -180.67938232421875 721.2940673828125 
v 1146.7725830078125 -235.63365173339844 721.3739013671875 
v 1156.2069091796875 -233.4354705810547 717.4628295898438 
v 1147.4927978515625 -242.88760375976562 722.2518920898438 
v 1157.2872314453125 -240.0299835205078 718.420654296875 
v 1154.1904296875 -234.97418212890625 709.7205200195312 
v 1155.5228271484375 -240.9092559814453 711.3168334960938 
v 1145.1162109375 -238.2714385986328 708.2039794921875 
v 1145.7283935546875 -244.20651245117188 709.9599609375 
v 1136.330078125 -189.0324249267578 696.4707641601562 
v 1152.137939453125 -191.6702423095703 699.9827270507812 
v 1150.1214599609375 -180.45957946777344 698.3065795898438 
v 1150.4095458984375 -168.58946228027344 693.4376831054688 
v 1136.690185546875 -180.23976135253906 695.2734985351562 
v 1136.76220703125 -169.46873474121094 689.9257202148438 
v 1137.62646484375 -158.0382537841797 685.6953735351562 
v 1153.974365234375 -157.81842041015625 689.76611328125 
v 1138.5626220703125 -145.5086669921875 683.0614013671875 
v 1156.6390380859375 -145.2888641357422 687.7706298828125 
v 1139.462890625 -132.75927734375 680.5870361328125 
v 1159.3397216796875 -132.75927734375 685.934814453125 
v 1139.31884765625 -128.1431427001953 678.6714477539062 
v 1163.6607666015625 -123.96661376953125 684.8173828125 
v 1157.6473388671875 -97.8083724975586 693.8367919921875 
v 1145.54833984375 -92.75259399414062 690.4046020507812 
v 1160.4559326171875 -93.41203308105469 678.5916137695312 
v 1147.4207763671875 -88.13642883300781 674.6805419921875 
v 1145.54833984375 -92.75259399414062 690.4046020507812 
v 1131.64892578125 -93.63185119628906 687.2119140625 
v 1135.2138671875 -101.76509857177734 702.2176513671875 
v 1122.7547607421875 -115.61357116699219 696.1514892578125 
v 1131.9010009765625 -89.23551177978516 671.1685791015625 
v 1121.5665283203125 -122.42788696289062 679.070556640625 
v 1123.5830078125 -131.00074768066406 682.6622924804688 
v 1139.462890625 -132.75927734375 680.5870361328125 
v 1138.5626220703125 -145.5086669921875 683.0614013671875 
v 1124.483154296875 -143.75013732910156 686.4935913085938 
v 1137.62646484375 -158.0382537841797 685.6953735351562 
v 1147.4207763671875 -88.13642883300781 674.6805419921875 
v 1139.31884765625 -128.1431427001953 678.6714477539062 
v 1141.2633056640625 -114.9541015625 706.8470458984375 
v 1124.051025390625 -124.84587860107422 699.3441772460938 
v 1124.8072509765625 -137.5952606201172 702.9359741210938 
v 1125.347412109375 -156.49952697753906 690.3248291015625 
v 1136.76220703125 -169.46873474121094 689.9257202148438 
v 1126.3197021484375 -168.1498260498047 694.315673828125 
v 1136.690185546875 -180.23976135253906 695.2734985351562 
v 1140.14697265625 -122.4278793334961 707.7250366210938 
v 1139.9669189453125 -135.3970947265625 711.2369995117188 
v 1125.5994873046875 -150.56446838378906 706.5277709960938 
v 1139.7869873046875 -148.14646911621094 714.7490234375 
v 1126.28369140625 -162.65438842773438 708.682861328125 
v 1138.526611328125 -160.45620727539062 715.866455078125 
v 1139.246826171875 -169.46871948242188 716.904052734375 
v 1126.9677734375 -171.2272491455078 711.2369995117188 
v 1126.4996337890625 -177.60194396972656 699.104736328125 
v 1124.627197265625 -185.51536560058594 700.7011108398438 
v 1136.330078125 -189.0324249267578 696.4707641601562 
v 1145.1162109375 -238.2714385986328 708.2039794921875 
v 1137.87841796875 -239.3705291748047 710.8379516601562 
v 1145.7283935546875 -244.20651245117188 709.9599609375 
v 1138.9227294921875 -245.74522399902344 712.434326171875 
v 1138.094482421875 -237.17234802246094 718.420654296875 
v 1139.03076171875 -244.20651245117188 719.458251953125 
v 1146.7725830078125 -235.63365173339844 721.3739013671875 
v 1147.4927978515625 -242.88760375976562 722.2518920898438 
v 1139.60693359375 -180.67938232421875 721.2940673828125 
v 1125.5274658203125 -180.67938232421875 714.509521484375 
v 1156.4229736328125 -314.76776123046875 685.056884765625 
v 1142.775634765625 -315.64703369140625 680.427490234375 
v 1156.3509521484375 -328.39642333984375 684.3385009765625 
v 1144.1080322265625 -327.0775146484375 680.18798828125 
v 1138.6346435546875 -327.2973327636719 669.572265625 
v 1155.5948486328125 -293.4455261230469 686.5734252929688 
v 1139.2828369140625 -292.346435546875 680.7467041015625 
v 1156.242919921875 -239.81016540527344 685.2164916992188 
v 1139.2108154296875 -242.2281494140625 678.6714477539062 
v 1157.4312744140625 -214.09158325195312 681.6246948242188 
v 1125.3114013671875 -212.1132354736328 668.4547729492188 
v 1132.009033203125 -251.6802978515625 664.4639282226562 
v 1132.441162109375 -290.14825439453125 666.2997436523438 
v 1136.9422607421875 -318.28485107421875 669.1731567382812 
v 1143.7119140625 -329.0558776855469 658.95654296875 
v 1137.482421875 -320.9226379394531 657.9188842773438 
v 1155.9188232421875 -331.4738464355469 654.8858032226562 
v 1156.6390380859375 -322.2415466308594 653.5289306640625 
v 1134.0975341796875 -288.3897399902344 651.9325561523438 
v 1155.8468017578125 -287.9501037597656 646.1058959960938 
v 1133.91748046875 -261.5720520019531 650.1765747070312 
v 1156.531005859375 -265.7485656738281 644.669189453125 
v 1130.0645751953125 -251.9001007080078 644.1902465820312 
v 1156.531005859375 -253.87844848632812 643.232421875 
v 1130.4246826171875 -252.33973693847656 641.077392578125 
v 1156.3509521484375 -254.31809997558594 641.077392578125 
v 1156.531005859375 -253.87844848632812 638.8424682617188 
v 1130.0645751953125 -251.9001007080078 637.8846435546875 
v 1156.531005859375 -265.7485656738281 637.40576171875 
v 1133.91748046875 -261.5720520019531 631.9781494140625 
v 1155.8468017578125 -287.9501037597656 635.9690551757812 
v 1134.0975341796875 -288.3897399902344 630.22216796875 
v 1156.6390380859375 -322.2415466308594 628.6258544921875 
v 1137.482421875 -320.9226379394531 624.23583984375 
v 1155.9188232421875 -331.473876953125 627.2689208984375 
v 1143.7119140625 -329.0558776855469 623.118408203125 
v 1136.9422607421875 -318.28485107421875 612.9017944335938 
v 1138.6346435546875 -327.2973327636719 612.502685546875 
v 1132.441162109375 -290.1482849121094 615.7752075195312 
v 1134.0975341796875 -288.3897399902344 630.22216796875 
v 1132.009033203125 -251.6802978515625 617.6110229492188 
v 1133.91748046875 -261.5720520019531 631.9781494140625 
v 1123.8350830078125 -233.43548583984375 625.7523803710938 
v 1130.0645751953125 -251.9001007080078 637.8846435546875 
v 1130.4246826171875 -252.33973693847656 641.077392578125 
v 1123.8350830078125 -233.43548583984375 641.077392578125 
v 1125.3114013671875 -212.1132354736328 613.6201171875 
v 1124.9512939453125 -212.1132354736328 641.077392578125 
v 1139.2108154296875 -242.2281494140625 603.4034423828125 
v 1139.2828369140625 -292.346435546875 601.3281860351562 
v 1142.775634765625 -315.64703369140625 601.6474609375 
v 1144.1080322265625 -327.0775146484375 601.9667358398438 
v 1156.3509521484375 -328.39642333984375 597.7364501953125 
v 1156.4229736328125 -314.76776123046875 597.01806640625 
v 1155.5948486328125 -293.4455261230469 595.5015258789062 
v 1156.242919921875 -239.8101806640625 596.8583984375 
v 1157.4312744140625 -214.0915985107422 600.4501953125 
v 1123.8350830078125 -233.43548583984375 656.40234375 
v 1133.91748046875 -261.5720520019531 650.1765747070312 
v 1134.0975341796875 -288.3897399902344 651.9325561523438 
v 1130.0645751953125 -251.9001007080078 644.1902465820312 
v 1168.449951171875 -330.81439208984375 680.267822265625 
v 1165.317138671875 -344.44305419921875 679.5494995117188 
v 1156.3509521484375 -328.39642333984375 684.3385009765625 
v 1153.686279296875 -342.0250549316406 683.6201782226562 
v 1151.165771484375 -360.48968505859375 685.056884765625 
v 1173.5272216796875 -332.7927551269531 669.8117065429688 
v 1170.3583984375 -345.761962890625 669.3328247070312 
v 1168.161865234375 -333.0125732421875 659.1161499023438 
v 1165.38916015625 -344.6628723144531 659.036376953125 
v 1155.9188232421875 -331.4738464355469 654.8858032226562 
v 1153.75830078125 -342.2449035644531 654.8858032226562 
v 1164.4169921875 -358.2915344238281 657.1207275390625 
v 1151.4537353515625 -360.9293518066406 652.3316650390625 
v 1154.91064453125 -449.2957763671875 662.1492309570312 
v 1147.312744140625 -450.3948669433594 658.7969360351562 
v 1157.971435546875 -448.85614013671875 669.8915405273438 
v 1169.8182373046875 -357.19244384765625 668.7741088867188 
v 1164.200927734375 -358.07171630859375 680.427490234375 
v 1147.24072265625 -449.9552307128906 680.9063720703125 
v 1154.838623046875 -449.0759582519531 677.6338500976562 
v 1156.6390380859375 -322.2415466308594 653.5289306640625 
v 1170.3223876953125 -321.3622741699219 658.1583251953125 
v 1155.9188232421875 -331.4738464355469 654.8858032226562 
v 1168.161865234375 -333.0125732421875 659.1161499023438 
v 1173.5272216796875 -332.7927551269531 669.8117065429688 
v 1155.8468017578125 -287.9501037597656 646.1058959960938 
v 1172.1588134765625 -289.0491943359375 651.9325561523438 
v 1156.531005859375 -265.7485656738281 644.669189453125 
v 1173.7432861328125 -262.23150634765625 650.8949584960938 
v 1156.531005859375 -253.87844848632812 643.232421875 
v 1177.9202880859375 -254.7577362060547 644.2700805664062 
v 1177.524169921875 -255.19735717773438 641.077392578125 
v 1156.3509521484375 -254.31809997558594 641.077392578125 
v 1156.531005859375 -253.87844848632812 638.8424682617188 
v 1177.9202880859375 -254.7577362060547 637.8048706054688 
v 1173.7432861328125 -262.23150634765625 631.1799926757812 
v 1156.531005859375 -265.7485656738281 637.40576171875 
v 1172.1588134765625 -289.0491943359375 630.1423950195312 
v 1155.8468017578125 -287.9501037597656 635.9690551757812 
v 1170.3223876953125 -321.3622741699219 623.9166259765625 
v 1156.6390380859375 -322.2415466308594 628.6258544921875 
v 1155.9188232421875 -331.473876953125 627.2689208984375 
v 1168.161865234375 -333.0125732421875 622.9588012695312 
v 1173.5272216796875 -332.79278564453125 612.3430786132812 
v 1176.0838623046875 -318.9443054199219 612.58251953125 
v 1168.449951171875 -330.8144226074219 601.80712890625 
v 1179.0364990234375 -291.2473449707031 615.6953735351562 
v 1180.764892578125 -252.5595703125 616.5733642578125 
v 1186.886474609375 -233.87510681152344 628.8652954101562 
v 1186.886474609375 -233.87510681152344 641.077392578125 
v 1184.9420166015625 -216.28976440429688 641.077392578125 
v 1186.886474609375 -233.87510681152344 653.2894897460938 
v 1184.473876953125 -216.28976440429688 611.3851928710938 
v 1173.419189453125 -242.6678009033203 602.924560546875 
v 1172.0147705078125 -293.0058898925781 601.2484130859375 
v 1170.1063232421875 -316.086669921875 601.4080200195312 
v 1156.3509521484375 -328.39642333984375 597.7364501953125 
v 1156.4229736328125 -314.76776123046875 597.01806640625 
v 1155.5948486328125 -293.4455261230469 595.5015258789062 
v 1156.242919921875 -239.8101806640625 596.8583984375 
v 1157.4312744140625 -214.0915985107422 600.4501953125 
v 1184.473876953125 -216.2897491455078 670.689697265625 
v 1173.419189453125 -242.66778564453125 679.150390625 
v 1180.764892578125 -252.55955505371094 665.5015869140625 
v 1172.0147705078125 -293.0058898925781 680.8265380859375 
v 1155.5948486328125 -293.4455261230469 686.5734252929688 
v 1156.4229736328125 -314.76776123046875 685.056884765625 
v 1157.4312744140625 -214.09158325195312 681.6246948242188 
v 1156.242919921875 -239.81016540527344 685.2164916992188 
v 1179.0364990234375 -291.2473449707031 666.3795776367188 
v 1170.1063232421875 -316.086669921875 680.7467041015625 
v 1156.3509521484375 -328.39642333984375 684.3385009765625 
v 1168.449951171875 -330.81439208984375 680.267822265625 
v 1176.0838623046875 -318.9443054199219 669.492431640625 
v 1143.7119140625 -329.0558776855469 658.95654296875 
v 1142.1275634765625 -339.6070861816406 658.95654296875 
v 1155.9188232421875 -331.4738464355469 654.8858032226562 
v 1153.75830078125 -342.2449035644531 654.8858032226562 
v 1151.4537353515625 -360.9293518066406 652.3316650390625 
v 1138.6346435546875 -327.2973327636719 669.572265625 
v 1137.1583251953125 -338.50799560546875 669.1731567382812 
v 1144.1080322265625 -327.0775146484375 680.18798828125 
v 1142.091552734375 -339.6070861816406 679.4696655273438 
v 1156.3509521484375 -328.39642333984375 684.3385009765625 
v 1153.686279296875 -342.0250549316406 683.6201782226562 
v 1138.16650390625 -363.12750244140625 680.9063720703125 
v 1151.165771484375 -360.48968505859375 685.056884765625 
v 1139.6429443359375 -450.175048828125 677.6338500976562 
v 1147.24072265625 -449.9552307128906 680.9063720703125 
v 1136.4381103515625 -450.175048828125 669.811767578125 
v 1132.729248046875 -364.2265930175781 669.1731567382812 
v 1138.3465576171875 -363.3473205566406 657.0408935546875 
v 1147.312744140625 -450.3948669433594 658.7969360351562 
v 1139.7149658203125 -450.3948669433594 661.9896240234375 
v 1188.4708251953125 -61.31875228881836 641.0773315429688 
v 1183.609619140625 -51.207183837890625 641.0773315429688 
v 1183.3575439453125 -61.97821807861328 645.46728515625 
v 1179.28857421875 -69.67182159423828 652.730712890625 
v 1183.033447265625 -64.39620971679688 641.0773315429688 
v 1180.3328857421875 -79.12394714355469 648.8196411132812 
v 1182.13330078125 -81.102294921875 641.0773315429688 
v 1167.08154296875 -80.66265106201172 641.0773315429688 
v 1166.325439453125 -76.2663345336914 649.4581909179688 
v 1167.4776611328125 -67.91326904296875 656.8812255859375 
v 1153.3983154296875 -69.232177734375 654.4866943359375 
v 1154.62255859375 -56.482810974121094 661.9097290039062 
v 1150.445556640625 -63.956565856933594 659.754638671875 
v 1141.9835205078125 -65.27545166015625 650.336181640625 
v 1144.97216796875 -57.80169677734375 659.914306640625 
v 1136.5821533203125 -56.70258712768555 652.4114379882812 
v 1145.1162109375 -48.349544525146484 660.7922973632812 
v 1176.4078369140625 -55.38370132446289 654.8858032226562 
v 1138.8507080078125 -63.51692581176758 641.0773315429688 
v 1131.8289794921875 -58.46116256713867 641.0773315429688 
v 1129.09228515625 -42.63431930541992 641.0773315429688 
v 1135.5738525390625 -43.29378128051758 656.0032348632812 
v 1134.349609375 -30.32457733154297 641.0773315429688 
v 1137.554443359375 -33.40198516845703 653.768310546875 
v 1152.06591796875 -20.432828903198242 641.0773315429688 
v 1152.714111328125 -26.148054122924805 656.24267578125 
v 1168.9180908203125 -29.005691528320312 656.162841796875 
v 1154.04638671875 -35.81998062133789 660.4730224609375 
v 1153.0382080078125 -49.22883224487305 662.4684448242188 
v 1172.266845703125 -24.169706344604492 641.0773315429688 
v 1181.125 -35.16056442260742 641.0773315429688 
v 1177.0560302734375 -38.018150329589844 652.9701538085938 
v 1183.6456298828125 -47.250484466552734 641.0773315429688 
v 1175.759765625 -46.81083679199219 656.0032348632812 
v 1150.445556640625 -63.956565856933594 659.754638671875 
v 1144.97216796875 -57.80169677734375 659.914306640625 
v 1144.3240966796875 -57.801692962646484 662.9473876953125 
v 1145.1162109375 -48.349544525146484 660.7922973632812 
v 1144.468017578125 -48.34954071044922 664.9428100585938 
v 1153.0382080078125 -49.22883224487305 662.4684448242188 
v 1152.3900146484375 -49.66847229003906 664.703369140625 
v 1154.62255859375 -56.482810974121094 661.9097290039062 
v 1157.4312744140625 -214.09158325195312 681.6246948242188 
v 1160.924072265625 -195.62693786621094 679.5494384765625 
v 1125.3114013671875 -212.1132354736328 668.4547729492188 
v 1132.369140625 -193.42877197265625 665.2620849609375 
v 1124.9512939453125 -212.1132354736328 641.077392578125 
v 1131.9010009765625 -193.42877197265625 641.077392578125 
v 1132.369140625 -193.4287872314453 616.8128051757812 
v 1125.3114013671875 -212.1132354736328 613.6201171875 
v 1160.924072265625 -195.626953125 602.6052856445312 
v 1157.4312744140625 -214.0915985107422 600.4501953125 
v 1121.5665283203125 -122.42788696289062 679.070556640625 
v 1139.31884765625 -128.1431427001953 678.6714477539062 
v 1122.1785888671875 -147.7068328857422 668.6942138671875 
v 1156.963134765625 -152.54281616210938 681.6246948242188 
v 1132.6572265625 -174.08489990234375 664.0648193359375 
v 1162.6884765625 -173.64524841308594 675.9576416015625 
v 1132.6572265625 -174.08489990234375 618.0100708007812 
v 1162.6884765625 -173.645263671875 606.1172485351562 
v 1156.963134765625 -152.54283142089844 600.4501953125 
v 1122.1785888671875 -147.70684814453125 613.3806762695312 
v 1139.31884765625 -128.1431427001953 603.4832763671875 
v 1121.5665283203125 -122.42789459228516 603.0043334960938 
v 1121.74658203125 -147.48704528808594 641.0773315429688 
v 1117.965576171875 -118.6910171508789 641.0773315429688 
v 1131.9010009765625 -89.23551177978516 671.1685791015625 
v 1131.9010009765625 -89.23552703857422 610.9063110351562 
v 1132.22509765625 -174.08489990234375 641.0773315429688 
v 1147.4207763671875 -88.13643646240234 607.3943481445312 
v 1150.5535888671875 -80.66265869140625 626.3909301757812 
v 1137.662353515625 -78.6843032836914 631.5790405273438 
v 1128.048095703125 -90.11480712890625 641.0773315429688 
v 1134.6016845703125 -78.6843032836914 641.0773315429688 
v 1137.662353515625 -78.6843032836914 650.5756225585938 
v 1150.5535888671875 -80.66265106201172 655.6839599609375 
v 1147.4207763671875 -88.13642883300781 674.6805419921875 
v 1135.2138671875 -101.7651138305664 579.8572387695312 
v 1151.6697998046875 -103.30382537841797 578.5003662109375 
v 1141.2633056640625 -114.9541244506836 575.3076171875 
v 1160.7440185546875 -117.59193420410156 583.6087036132812 
v 1140.14697265625 -122.42790222167969 574.349853515625 
v 1158.943603515625 -126.8242416381836 581.0545043945312 
v 1139.9669189453125 -135.39710998535156 570.837890625 
v 1157.03515625 -139.57362365722656 578.5003662109375 
v 1139.7869873046875 -148.14649963378906 567.3258666992188 
v 1155.0906982421875 -152.1031951904297 575.9461669921875 
v 1138.526611328125 -160.45623779296875 566.2084350585938 
v 1151.8858642578125 -163.53367614746094 573.9507446289062 
v 1139.246826171875 -169.46875 565.1708374023438 
v 1151.993896484375 -174.30470275878906 571.4764404296875 
v 1154.04638671875 -186.3946533203125 568.0442504882812 
v 1139.60693359375 -180.6793975830078 560.7808837890625 
v 1146.7725830078125 -235.6336669921875 560.7808837890625 
v 1156.2069091796875 -233.4355010986328 564.6121215820312 
v 1147.4927978515625 -242.88763427734375 559.8230590820312 
v 1157.2872314453125 -240.03001403808594 563.734130859375 
v 1154.1904296875 -234.9741973876953 572.3544311523438 
v 1155.5228271484375 -240.90927124023438 570.758056640625 
v 1145.1162109375 -238.27145385742188 573.8709716796875 
v 1145.7283935546875 -244.20652770996094 572.114990234375 
v 1136.330078125 -189.03244018554688 585.6041259765625 
v 1152.137939453125 -191.67025756835938 582.0921630859375 
v 1150.1214599609375 -180.45960998535156 583.768310546875 
v 1150.4095458984375 -168.5894775390625 588.717041015625 
v 1136.690185546875 -180.23977661132812 586.8013916015625 
v 1136.76220703125 -169.46875 592.149169921875 
v 1137.62646484375 -158.03826904296875 596.3795166015625 
v 1153.974365234375 -157.8184356689453 592.3087768554688 
v 1138.5626220703125 -145.50868225097656 599.0134887695312 
v 1156.6390380859375 -145.28887939453125 594.3042602539062 
v 1139.462890625 -132.75929260253906 601.567626953125 
v 1159.3397216796875 -132.75929260253906 596.2198486328125 
v 1139.31884765625 -128.1431427001953 603.4832763671875 
v 1163.6607666015625 -123.96662902832031 597.2575073242188 
v 1157.6473388671875 -97.80839538574219 588.2380981445312 
v 1145.54833984375 -92.75260925292969 591.6702270507812 
v 1160.4559326171875 -93.41204833984375 603.4832763671875 
v 1147.4207763671875 -88.13643646240234 607.3943481445312 
v 1145.54833984375 -92.75260925292969 591.6702270507812 
v 1131.64892578125 -93.63186645507812 594.8629760742188 
v 1135.2138671875 -101.7651138305664 579.8572387695312 
v 1122.7547607421875 -115.61358642578125 585.9234008789062 
v 1131.9010009765625 -89.23552703857422 610.9063110351562 
v 1121.5665283203125 -122.42789459228516 603.0043334960938 
v 1123.5830078125 -131.00076293945312 599.4923706054688 
v 1139.462890625 -132.75929260253906 601.567626953125 
v 1138.5626220703125 -145.50868225097656 599.0134887695312 
v 1124.483154296875 -143.75015258789062 595.6611328125 
v 1137.62646484375 -158.03826904296875 596.3795166015625 
v 1147.4207763671875 -88.13643646240234 607.3943481445312 
v 1139.31884765625 -128.1431427001953 603.4832763671875 
v 1141.2633056640625 -114.9541244506836 575.3076171875 
v 1124.051025390625 -124.84589385986328 582.730712890625 
v 1124.8072509765625 -137.59527587890625 579.138916015625 
v 1125.347412109375 -156.49954223632812 591.7500610351562 
v 1136.76220703125 -169.46875 592.149169921875 
v 1126.3197021484375 -168.14984130859375 587.7592163085938 
v 1136.690185546875 -180.23977661132812 586.8013916015625 
v 1140.14697265625 -122.42790222167969 574.349853515625 
v 1139.9669189453125 -135.39710998535156 570.837890625 
v 1125.5994873046875 -150.56448364257812 575.547119140625 
v 1139.7869873046875 -148.14649963378906 567.3258666992188 
v 1126.28369140625 -162.65440368652344 573.3920288085938 
v 1138.526611328125 -160.45623779296875 566.2084350585938 
v 1139.246826171875 -169.46875 565.1708374023438 
v 1126.9677734375 -171.22727966308594 570.837890625 
v 1126.4996337890625 -177.60195922851562 582.9701538085938 
v 1124.627197265625 -185.515380859375 581.373779296875 
v 1136.330078125 -189.03244018554688 585.6041259765625 
v 1145.1162109375 -238.27145385742188 573.8709716796875 
v 1137.87841796875 -239.37054443359375 571.2369384765625 
v 1145.7283935546875 -244.20652770996094 572.114990234375 
v 1138.9227294921875 -245.7452392578125 569.640625 
v 1138.094482421875 -237.17237854003906 563.654296875 
v 1139.03076171875 -244.20654296875 562.6964721679688 
v 1146.7725830078125 -235.6336669921875 560.7808837890625 
v 1147.4927978515625 -242.88763427734375 559.8230590820312 
v 1139.60693359375 -180.6793975830078 560.7808837890625 
v 1125.5274658203125 -180.6793975830078 567.5653686523438 
v 1168.449951171875 -330.8144226074219 601.80712890625 
v 1156.3509521484375 -328.39642333984375 597.7364501953125 
v 1165.317138671875 -344.4430847167969 602.5255126953125 
v 1153.686279296875 -342.02508544921875 598.5346069335938 
v 1151.165771484375 -360.4897155761719 597.01806640625 
v 1173.5272216796875 -332.79278564453125 612.3430786132812 
v 1170.3583984375 -345.761962890625 612.7421264648438 
v 1168.161865234375 -333.0125732421875 622.9588012695312 
v 1165.38916015625 -344.6628723144531 623.0386352539062 
v 1155.9188232421875 -331.473876953125 627.2689208984375 
v 1153.75830078125 -342.2449035644531 627.1891479492188 
v 1164.4169921875 -358.2915344238281 624.9542236328125 
v 1151.4537353515625 -360.9293518066406 629.7432861328125 
v 1154.91064453125 -449.2957763671875 619.9257202148438 
v 1147.312744140625 -450.3948669433594 623.278076171875 
v 1157.971435546875 -448.85614013671875 612.1834106445312 
v 1169.8182373046875 -357.1924743652344 613.3008422851562 
v 1164.200927734375 -358.07171630859375 601.6475219726562 
v 1147.24072265625 -449.9552307128906 601.2484130859375 
v 1154.838623046875 -449.0759582519531 604.5209350585938 
v 1143.7119140625 -329.0558776855469 623.118408203125 
v 1155.9188232421875 -331.473876953125 627.2689208984375 
v 1142.1275634765625 -339.6070861816406 623.118408203125 
v 1153.75830078125 -342.2449035644531 627.1891479492188 
v 1151.4537353515625 -360.9293518066406 629.7432861328125 
v 1138.6346435546875 -327.2973327636719 612.502685546875 
v 1137.1583251953125 -338.5080261230469 612.9017944335938 
v 1144.1080322265625 -327.0775146484375 601.9667358398438 
v 1142.091552734375 -339.6070861816406 602.6851196289062 
v 1156.3509521484375 -328.39642333984375 597.7364501953125 
v 1153.686279296875 -342.02508544921875 598.5346069335938 
v 1138.16650390625 -363.12750244140625 601.2484130859375 
v 1151.165771484375 -360.4897155761719 597.01806640625 
v 1139.6429443359375 -450.175048828125 604.4411010742188 
v 1147.24072265625 -449.9552307128906 601.2484130859375 
v 1136.4381103515625 -450.175048828125 612.2632446289062 
v 1132.729248046875 -364.2265930175781 612.9017944335938 
v 1138.3465576171875 -363.3473205566406 625.1138916015625 
v 1147.312744140625 -450.3948669433594 623.278076171875 
v 1139.7149658203125 -450.3948669433594 620.0853881835938 
v 1188.4708251953125 -61.31875228881836 641.0773315429688 
v 1183.609619140625 -51.207183837890625 641.0773315429688 
v 1183.3575439453125 -61.97822189331055 636.6873779296875 
v 1179.28857421875 -69.67182159423828 629.3441772460938 
v 1183.033447265625 -64.39620971679688 641.0773315429688 
v 1180.3328857421875 -79.12394714355469 633.3350219726562 
v 1182.13330078125 -81.102294921875 641.0773315429688 
v 1167.08154296875 -80.66265106201172 641.0773315429688 
v 1166.325439453125 -76.2663345336914 632.61669921875 
v 1167.4776611328125 -67.91326904296875 625.2734375 
v 1153.3983154296875 -69.232177734375 627.66796875 
v 1154.62255859375 -56.482818603515625 620.1651000976562 
v 1150.445556640625 -63.956573486328125 622.3201904296875 
v 1141.9835205078125 -65.27545166015625 631.8184814453125 
v 1144.97216796875 -57.801700592041016 622.1605834960938 
v 1136.5821533203125 -56.70259094238281 629.6634521484375 
v 1145.1162109375 -48.34954833984375 621.2825927734375 
v 1176.4078369140625 -55.38370895385742 627.2689208984375 
v 1138.8507080078125 -63.51692581176758 641.0773315429688 
v 1131.8289794921875 -58.46116256713867 641.0773315429688 
v 1129.09228515625 -42.63431930541992 641.0773315429688 
v 1135.5738525390625 -43.29378890991211 626.0716552734375 
v 1134.349609375 -30.32457733154297 641.0773315429688 
v 1137.554443359375 -33.4019889831543 628.3065185546875 
v 1152.06591796875 -20.432828903198242 641.0773315429688 
v 1152.714111328125 -26.14805793762207 625.8321533203125 
v 1168.9180908203125 -29.005695343017578 625.9119873046875 
v 1154.04638671875 -35.819984436035156 621.6018676757812 
v 1153.0382080078125 -49.22883605957031 619.6063842773438 
v 1172.266845703125 -24.169706344604492 641.0773315429688 
v 1181.125 -35.16056442260742 641.0773315429688 
v 1177.0560302734375 -38.01815414428711 629.1046752929688 
v 1183.6456298828125 -47.250484466552734 641.0773315429688 
v 1175.759765625 -46.81084442138672 626.0716552734375 
v 1150.445556640625 -63.956573486328125 622.3201904296875 
v 1144.97216796875 -57.801700592041016 622.1605834960938 
v 1144.3240966796875 -57.801700592041016 619.1275024414062 
v 1145.1162109375 -48.34954833984375 621.2825927734375 
v 1144.468017578125 -48.34954833984375 617.132080078125 
v 1153.0382080078125 -49.22883605957031 619.6063842773438 
v 1152.3900146484375 -49.668479919433594 617.4513549804688 
v 1154.62255859375 -56.482818603515625 620.1651000976562 
v 1164.3809814453125 -263.77020263671875 719.1389770507812 
v 1161.71630859375 -252.7793731689453 718.9793701171875 
v 1158.7635498046875 -252.55955505371094 712.0352172851562 
v 1161.7523193359375 -251.90008544921875 710.9976196289062 
v 1163.552734375 -251.90008544921875 714.2701416015625 
v 1166.685546875 -261.7918701171875 710.1195678710938 
v 1167.729736328125 -261.5720520019531 712.8333740234375 
v 1169.09814453125 -260.47296142578125 706.8470458984375 
v 1170.6824951171875 -259.1540832519531 709.880126953125 
v 1164.5250244140625 -249.26229858398438 707.4058227539062 
v 1166.2174072265625 -247.94338989257812 711.5563354492188 
v 1155.5228271484375 -240.9092559814453 711.3168334960938 
v 1157.2872314453125 -240.0299835205078 718.420654296875 
v 1145.7283935546875 -244.20651245117188 709.9599609375 
v 1146.95263671875 -254.53790283203125 710.6783447265625 
v 1138.9227294921875 -245.74522399902344 712.434326171875 
v 1138.1304931640625 -256.07659912109375 713.1526489257812 
v 1148.3570556640625 -264.8692932128906 713.0728759765625 
v 1138.74267578125 -266.84765625 714.9086303710938 
v 1160.8880615234375 -262.8909606933594 713.7113647460938 
v 1165.317138671875 -285.09246826171875 713.1526489257812 
v 1162.5804443359375 -284.65283203125 710.11962890625 
v 1155.126708984375 -286.85101318359375 714.828857421875 
v 1152.93017578125 -285.97174072265625 709.7205200195312 
v 1145.908447265625 -287.2906188964844 713.9508666992188 
v 1145.620361328125 -287.2906188964844 710.7581176757812 
v 1147.24072265625 -449.9552307128906 680.9063720703125 
v 1188.65087890625 -462.9244079589844 683.3009033203125 
v 1154.838623046875 -449.0759582519531 677.6338500976562 
v 1195.6365966796875 -463.14422607421875 680.0283813476562 
v 1157.971435546875 -448.85614013671875 669.8915405273438 
v 1198.6973876953125 -463.3640441894531 672.6851806640625 
v 1196.46484375 -469.5189208984375 682.0238647460938 
v 1200.1016845703125 -469.95855712890625 673.1640625 
v 1195.74462890625 -463.3640441894531 665.2621459960938 
v 1196.5367431640625 -469.7387390136719 664.2244873046875 
v 1188.794921875 -463.3640441894531 661.9896240234375 
v 1188.21875 -469.5189208984375 660.6326904296875 
v 1188.07470703125 -469.2991027832031 685.5358276367188 
v 1154.91064453125 -449.2957763671875 662.1492309570312 
v 1147.312744140625 -450.3948669433594 658.7969360351562 
v 1160.2039794921875 -470.83782958984375 670.2906494140625 
v 1200.1016845703125 -469.95855712890625 673.1640625 
v 1157.1431884765625 -470.6180114746094 677.6338500976562 
v 1196.46484375 -469.5189208984375 682.0238647460938 
v 1188.65087890625 -462.9244079589844 683.3009033203125 
v 1147.24072265625 -449.9552307128906 680.9063720703125 
v 1188.07470703125 -469.2991027832031 685.5358276367188 
v 1149.4732666015625 -469.2991027832031 682.5825805664062 
v 1141.1192626953125 -469.2991027832031 678.9907836914062 
v 1139.6429443359375 -450.175048828125 677.6338500976562 
v 1137.554443359375 -469.2991027832031 670.1310424804688 
v 1136.4381103515625 -450.175048828125 669.811767578125 
v 1141.227294921875 -469.5189208984375 661.430908203125 
v 1139.7149658203125 -450.3948669433594 661.9896240234375 
v 1149.6173095703125 -469.7387390136719 657.9189453125 
v 1147.312744140625 -450.3948669433594 658.7969360351562 
v 1188.794921875 -463.3640441894531 661.9896240234375 
v 1188.21875 -469.5189208984375 660.6326904296875 
v 1149.5452880859375 -470.6180114746094 671.8071899414062 
v 1160.2039794921875 -470.83782958984375 670.2906494140625 
v 1149.6173095703125 -469.7387390136719 657.9189453125 
v 1157.2152099609375 -470.83782958984375 662.9474487304688 
v 1137.554443359375 -469.2991027832031 670.1310424804688 
v 1149.5452880859375 -470.6180114746094 671.8071899414062 
v 1141.227294921875 -469.5189208984375 661.430908203125 
v 1149.6173095703125 -469.7387390136719 657.9189453125 
v 1141.1192626953125 -469.2991027832031 678.9907836914062 
v 1149.4732666015625 -469.2991027832031 682.5825805664062 
v 1137.554443359375 -469.2991027832031 670.1310424804688 
v 1149.5452880859375 -470.6180114746094 671.8071899414062 
v 1149.4732666015625 -469.2991027832031 682.5825805664062 
v 1157.1431884765625 -470.6180114746094 677.6338500976562 
v 1149.5452880859375 -470.6180114746094 671.8071899414062 
v 1160.2039794921875 -470.83782958984375 670.2906494140625 
v 1157.2152099609375 -470.83782958984375 662.9474487304688 
v 1160.2039794921875 -470.83782958984375 670.2906494140625 
v 1196.5367431640625 -469.7387390136719 664.2244873046875 
v 1200.1016845703125 -469.95855712890625 673.1640625 
v 1149.6173095703125 -469.7387390136719 657.9189453125 
v 1157.2152099609375 -470.83782958984375 662.9474487304688 
v 1188.21875 -469.5189208984375 660.6326904296875 
v 1196.5367431640625 -469.7387390136719 664.2244873046875 
v 1157.1431884765625 -470.6180114746094 677.6338500976562 
v 1149.4732666015625 -469.2991027832031 682.5825805664062 
v 1196.46484375 -469.5189208984375 682.0238647460938 
v 1188.07470703125 -469.2991027832031 685.5358276367188 
v 1165.317138671875 -285.09246826171875 713.1526489257812 
v 1155.126708984375 -286.85101318359375 714.828857421875 
v 1164.3809814453125 -263.77020263671875 719.1389770507812 
v 1151.2017822265625 -266.1882019042969 722.2518920898438 
v 1161.71630859375 -252.7793731689453 718.9793701171875 
v 1145.908447265625 -287.2906188964844 713.9508666992188 
v 1139.1748046875 -266.84765625 720.655517578125 
v 1145.620361328125 -287.2906188964844 710.7581176757812 
v 1138.74267578125 -266.84765625 714.9086303710938 
v 1138.4185791015625 -255.4171600341797 720.57568359375 
v 1138.1304931640625 -256.07659912109375 713.1526489257812 
v 1139.03076171875 -244.20651245117188 719.458251953125 
v 1138.9227294921875 -245.74522399902344 712.434326171875 
v 1147.4927978515625 -242.88760375976562 722.2518920898438 
v 1149.437255859375 -254.53790283203125 723.1298828125 
v 1157.2872314453125 -240.0299835205078 718.420654296875 
v 1163.552734375 -251.90008544921875 714.2701416015625 
v 1166.2174072265625 -247.94338989257812 711.5563354492188 
v 1167.729736328125 -261.5720520019531 712.8333740234375 
v 1170.6824951171875 -259.1540832519531 709.880126953125 
v 1167.1175537109375 -84.17973327636719 641.0773315429688 
v 1167.08154296875 -80.66265106201172 641.0773315429688 
v 1164.0928955078125 -83.30046844482422 651.7728881835938 
v 1166.325439453125 -76.2663345336914 649.4581909179688 
v 1150.5535888671875 -80.66265106201172 655.6839599609375 
v 1153.3983154296875 -69.232177734375 654.4866943359375 
v 1137.662353515625 -78.6843032836914 650.5756225585938 
v 1141.9835205078125 -65.27545166015625 650.336181640625 
v 1134.6016845703125 -78.6843032836914 641.0773315429688 
v 1138.8507080078125 -63.51692581176758 641.0773315429688 
v 1158.7635498046875 -252.5595703125 570.0397338867188 
v 1160.8880615234375 -262.8909606933594 568.363525390625 
v 1164.3809814453125 -263.7702331542969 562.9359130859375 
v 1165.317138671875 -285.09246826171875 569.0819091796875 
v 1161.71630859375 -252.77940368652344 563.0955810546875 
v 1161.7523193359375 -251.90011596679688 571.0773315429688 
v 1163.552734375 -251.90011596679688 567.7249755859375 
v 1166.685546875 -261.7918701171875 571.955322265625 
v 1167.729736328125 -261.35223388671875 569.2415161132812 
v 1169.09814453125 -260.47296142578125 575.1480102539062 
v 1170.6824951171875 -259.1540832519531 572.1947631835938 
v 1164.5250244140625 -249.26231384277344 574.5892944335938 
v 1166.2174072265625 -247.9434051513672 570.4387817382812 
v 1155.5228271484375 -240.90927124023438 570.758056640625 
v 1157.2872314453125 -240.03001403808594 563.734130859375 
v 1145.7283935546875 -244.20652770996094 572.114990234375 
v 1146.95263671875 -254.53793334960938 571.3966064453125 
v 1138.9227294921875 -245.7452392578125 569.640625 
v 1138.1304931640625 -256.0766296386719 568.9222412109375 
v 1148.3570556640625 -264.86932373046875 569.0819091796875 
v 1138.7066650390625 -266.84765625 567.24609375 
v 1162.5804443359375 -284.6528625488281 572.114990234375 
v 1152.9661865234375 -285.9717712402344 572.5140380859375 
v 1155.126708984375 -286.85101318359375 567.40576171875 
v 1145.8724365234375 -287.2906494140625 568.2837524414062 
v 1145.620361328125 -287.2906494140625 571.5562744140625 
v 1147.24072265625 -449.9552307128906 601.2484130859375 
v 1154.838623046875 -449.0759582519531 604.5209350585938 
v 1188.65087890625 -462.9244384765625 598.7741088867188 
v 1195.6365966796875 -463.1442565917969 602.046630859375 
v 1188.07470703125 -469.29913330078125 596.5391845703125 
v 1196.46484375 -469.5189514160156 600.0511474609375 
v 1198.6973876953125 -463.36407470703125 609.3898315429688 
v 1200.1016845703125 -469.9585876464844 608.910888671875 
v 1195.74462890625 -463.36407470703125 616.8128662109375 
v 1196.5367431640625 -469.73876953125 617.8504638671875 
v 1188.794921875 -463.36407470703125 620.0853881835938 
v 1188.21875 -469.5189514160156 621.4422607421875 
v 1157.971435546875 -448.85614013671875 612.1834106445312 
v 1154.91064453125 -449.2957763671875 619.9257202148438 
v 1147.312744140625 -450.3948669433594 623.278076171875 
v 1196.46484375 -469.5189514160156 600.0511474609375 
v 1157.1431884765625 -470.6180419921875 604.4411010742188 
v 1200.1016845703125 -469.9585876464844 608.910888671875 
v 1160.2039794921875 -470.83782958984375 611.7843627929688 
v 1188.65087890625 -462.9244384765625 598.7741088867188 
v 1147.24072265625 -449.9552307128906 601.2484130859375 
v 1188.07470703125 -469.29913330078125 596.5391845703125 
v 1149.4732666015625 -469.29913330078125 599.492431640625 
v 1141.1192626953125 -469.29913330078125 603.084228515625 
v 1139.6429443359375 -450.175048828125 604.4411010742188 
v 1137.554443359375 -469.29913330078125 611.9439697265625 
v 1136.4381103515625 -450.175048828125 612.2632446289062 
v 1141.227294921875 -469.5189514160156 620.7239379882812 
v 1139.7149658203125 -450.3948669433594 620.0853881835938 
v 1149.6173095703125 -469.73876953125 624.2359008789062 
v 1147.312744140625 -450.3948669433594 623.278076171875 
v 1188.794921875 -463.36407470703125 620.0853881835938 
v 1188.21875 -469.5189514160156 621.4422607421875 
v 1157.2152099609375 -470.83782958984375 619.1275634765625 
v 1149.6173095703125 -469.73876953125 624.2359008789062 
v 1160.2039794921875 -470.83782958984375 611.7843627929688 
v 1149.5452880859375 -470.6180419921875 610.267822265625 
v 1149.6173095703125 -469.73876953125 624.2359008789062 
v 1141.227294921875 -469.5189514160156 620.7239379882812 
v 1149.5452880859375 -470.6180419921875 610.267822265625 
v 1137.554443359375 -469.29913330078125 611.9439697265625 
v 1149.5452880859375 -470.6180419921875 610.267822265625 
v 1137.554443359375 -469.29913330078125 611.9439697265625 
v 1149.4732666015625 -469.29913330078125 599.492431640625 
v 1141.1192626953125 -469.29913330078125 603.084228515625 
v 1160.2039794921875 -470.83782958984375 611.7843627929688 
v 1149.5452880859375 -470.6180419921875 610.267822265625 
v 1157.1431884765625 -470.6180419921875 604.4411010742188 
v 1149.4732666015625 -469.29913330078125 599.492431640625 
v 1200.1016845703125 -469.9585876464844 608.910888671875 
v 1196.5367431640625 -469.73876953125 617.8504638671875 
v 1160.2039794921875 -470.83782958984375 611.7843627929688 
v 1157.2152099609375 -470.83782958984375 619.1275634765625 
v 1196.5367431640625 -469.73876953125 617.8504638671875 
v 1188.21875 -469.5189514160156 621.4422607421875 
v 1157.2152099609375 -470.83782958984375 619.1275634765625 
v 1149.6173095703125 -469.73876953125 624.2359008789062 
v 1188.07470703125 -469.29913330078125 596.5391845703125 
v 1196.46484375 -469.5189514160156 600.0511474609375 
v 1149.4732666015625 -469.29913330078125 599.492431640625 
v 1157.1431884765625 -470.6180419921875 604.4411010742188 
v 1165.317138671875 -285.09246826171875 569.0819091796875 
v 1155.126708984375 -286.85101318359375 567.40576171875 
v 1164.3809814453125 -263.7702331542969 562.9359130859375 
v 1151.165771484375 -266.188232421875 559.9028930664062 
v 1161.71630859375 -252.77940368652344 563.0955810546875 
v 1145.8724365234375 -287.2906494140625 568.2837524414062 
v 1139.1387939453125 -266.84765625 561.4992065429688 
v 1145.620361328125 -287.2906494140625 571.5562744140625 
v 1138.7066650390625 -266.84765625 567.24609375 
v 1138.4185791015625 -255.6370086669922 561.4992065429688 
v 1138.1304931640625 -256.0766296386719 568.9222412109375 
v 1139.03076171875 -244.20654296875 562.6964721679688 
v 1138.9227294921875 -245.7452392578125 569.640625 
v 1147.4927978515625 -242.88763427734375 559.8230590820312 
v 1149.437255859375 -254.53793334960938 558.945068359375 
v 1157.2872314453125 -240.03001403808594 563.734130859375 
v 1163.552734375 -251.90011596679688 567.7249755859375 
v 1166.2174072265625 -247.9434051513672 570.4387817382812 
v 1167.729736328125 -261.35223388671875 569.2415161132812 
v 1170.6824951171875 -259.1540832519531 572.1947631835938 
v 1138.8507080078125 -63.51692581176758 641.0773315429688 
v 1134.6016845703125 -78.6843032836914 641.0773315429688 
v 1141.9835205078125 -65.27545166015625 631.8184814453125 
v 1137.662353515625 -78.6843032836914 631.5790405273438 
v 1153.3983154296875 -69.232177734375 627.66796875 
v 1150.5535888671875 -80.66265869140625 626.3909301757812 
v 1166.325439453125 -76.2663345336914 632.61669921875 
v 1164.0928955078125 -83.30046844482422 630.3019409179688 
v 1167.08154296875 -80.66265106201172 641.0773315429688 
v 1167.1175537109375 -84.17973327636719 641.0773315429688 
v 1137.482421875 -320.9226379394531 657.9188842773438 
v 1137.482421875 -320.9226379394531 624.23583984375 
v 1134.0975341796875 -288.3897399902344 651.9325561523438 
v 1133.91748046875 -261.5720520019531 650.1765747070312 
v 1130.0645751953125 -251.9001007080078 644.1902465820312 
v 1130.4246826171875 -252.33973693847656 641.077392578125 
v 1130.0645751953125 -251.9001007080078 637.8846435546875 
v 1134.0975341796875 -288.3897399902344 630.22216796875 
v 1133.91748046875 -261.5720520019531 631.9781494140625 
v 1137.482421875 -320.9226379394531 657.9188842773438 
v 1137.482421875 -320.9226379394531 624.23583984375 
v 1134.0975341796875 -288.3897399902344 651.9325561523438 
v 1133.91748046875 -261.5720520019531 650.1765747070312 
v 1130.0645751953125 -251.9001007080078 644.1902465820312 
v 1130.4246826171875 -252.33973693847656 641.077392578125 
v 1130.0645751953125 -251.9001007080078 637.8846435546875 
v 1134.0975341796875 -288.3897399902344 630.22216796875 
v 1133.91748046875 -261.5720520019531 631.9781494140625 
vn -0.0035650169011205435 -0.009236703626811504 0.0014049771707504988 
vn -0.00011329621338518336 -0.0020605912432074547 0.009784739464521408 
vn 0.0076380460523068905 -0.0008509997860528529 0.006398128345608711 
vn 0.008184852078557014 0.0015017384430393577 0.005545536521822214 
vn 0.008355587720870972 -0.0011986924801021814 0.005361649673432112 
vn 0.0007919613854028285 -0.0007203236455097795 0.00994253158569336 
vn 0.0085160406306386 -0.00024029254564084113 0.0052363453432917595 
vn 0.008646687492728233 0.0006767389131709933 0.004977631848305464 
vn 0.009994630701839924 0.0003276457136962563 -5.33803695690338e-11 
vn 0.008202712051570415 0.0006767390295863152 0.0056795720010995865 
vn 0.009959910064935684 0.0008945280569605529 -1.4573740825252202e-10 
vn 0.008202712051570415 0.0006767371669411659 -0.005679572466760874 
vn 0.008646687492728233 0.0006767372833564878 -0.004977632313966751 
vn -0.000018879911294789053 0.0017603805754333735 -0.009843815118074417 
vn 0.0004524631076492369 0.001458523329347372 -0.009882711805403233 
vn 0.0007919613854028285 -0.0007203269051387906 -0.00994253158569336 
vn 0.0085160406306386 -0.00024029426276683807 -0.0052363453432917595 
vn 0.009999976493418217 -0.00002184694130846765 3.5593255773291865e-12 
vn 0.009989477694034576 -0.0004586252325680107 7.471968183070388e-11 
vn 0.0004524631076492369 0.0014585264725610614 0.009882710874080658 
vn -0.000018879911294789053 0.0017603838350623846 0.009843815118074417 
vn 0.008355587720870972 -0.0011986942263320088 -0.005361649207770824 
vn -0.00011329621338518336 -0.002060594502836466 -0.009784738533198833 
vn 0.008184852078557014 0.0015017365803942084 -0.0055455369874835014 
vn 0.0076380460523068905 -0.0008510018815286458 -0.006398128345608711 
vn 0.006668770220130682 0.006317507941275835 -0.0039517842233181 
vn 0.0050735617987811565 0.007124927826225758 -0.00484709907323122 
vn 0.007141318172216415 0.00506293261423707 -0.00483407499268651 
vn 0.000771124439779669 0.006452016998082399 -0.007601108402013779 
vn 0.0006532139959745109 0.009410139173269272 -0.0033200308680534363 
vn -0.0035650169011205435 -0.009236704558134079 -0.0014049741439521313 
vn 0.00951595138758421 0.0030735430773347616 -5.007447234639528e-10 
vn 0.008394233882427216 0.005434780847281218 -8.854398880764336e-10 
vn 0.009811564348638058 0.0019321509171277285 -3.1478794570993784e-10 
vn 0.006668770220130682 0.006317509338259697 0.003951782360672951 
vn 0.007141318172216415 0.005062934476882219 0.004834073130041361 
vn 0.0050735617987811565 0.007124929688870907 0.004847096744924784 
vn 0.000771124439779669 0.006452019326388836 0.0076011065393686295 
vn 0.0006532139959745109 0.009410140104591846 0.0033200278412550688 
vn -0.0038685561157763004 0.005287248641252518 0.007555082906037569 
vn 0.0034403058234602213 0.00421187886968255 0.008391923271119595 
vn -0.0005469442694447935 0.0015017391415312886 0.009871454909443855 
vn 0.008182309567928314 0.00032764667412266135 0.0057395524345338345 
vn -0.0006972269620746374 0.002060594502836466 0.009760524146258831 
vn 0.007772428914904594 -0.00037131187855266035 0.006281041074544191 
vn -0.0003016650734934956 0.002231295919045806 0.0097432192414999 
vn 0.00839763693511486 -0.000021846057279617526 0.005429476965218782 
vn 0.000037759939004899934 0.0015449230559170246 0.009879867546260357 
vn 0.008564930409193039 -0.0007638977840542793 0.005104746203869581 
vn -0.0003020234580617398 0.0009815319208428264 0.009947129525244236 
vn 0.008665341883897781 -0.0004149721935391426 0.004973895847797394 
vn 0.00045244061038829386 0.002612803364172578 0.009642020799219608 
vn 0.008942189626395702 0.0018033775268122554 0.004096958786249161 
vn 0.008858960121870041 0.00154492212459445 0.004374018404632807 
vn 0.0003018848365172744 0.0019750045612454414 0.009798378683626652 
vn 0.00011317833559587598 0.0008074591169133782 0.009966704994440079 
vn 0.008844105526804924 0.001198694109916687 0.004510534927248955 
vn 0.00003775948061957024 0.0011986949248239398 0.009927824139595032 
vn 0.007458922453224659 0.0035680385772138834 0.005624374374747276 
vn 0.006857526488602161 -0.0009380392730236053 -0.007217646110802889 
vn 0.005194563884288073 0.001846335711888969 -0.008343113586306572 
vn -0.0005283966893330216 -0.0025706023443490267 -0.009649497456848621 
vn -0.0005656981375068426 -0.0015880775172263384 -0.00985687505453825 
vn -0.0010556369088590145 -0.0019321524305269122 -0.009754610247910023 
vn 0.0072105322033166885 -0.0005895270151086152 -0.006903671659529209 
vn 0.007362735457718372 -0.0010684586595743895 -0.006681955419480801 
vn 0.007180641870945692 -0.003445281879976392 -0.0060471827164292336 
vn -0.0009238828788511455 -0.002781100105494261 -0.009560958482325077 
vn -0.0008672558469697833 -0.0040127430111169815 -0.009118429385125637 
vn -0.0005472211632877588 -0.0029485474806278944 -0.009539739228785038 
vn 0.0074745421297848225 -0.003198013175278902 -0.005822707898914814 
vn -0.000037769008486066014 -0.002273866906762123 -0.009737972170114517 
vn 0.007799869403243065 -0.002401315374299884 -0.005778903141617775 
vn 0.00047187681775540113 -0.002864933107048273 -0.009569195099174976 
vn 0.007810145616531372 -0.0030319360084831715 -0.005459761247038841 
vn -0.0035650169011205435 -0.009236703626811504 0.0014049771707504988 
vn 0.0076380460523068905 -0.0008509997860528529 0.006398128345608711 
vn 0.006694686599075794 0.0059728845953941345 0.004416540265083313 
vn 0.0004688873013947159 0.00904193613678217 0.004245413932949305 
vn 0.0050735617987811565 0.007124929688870907 0.004847096744924784 
vn 0.0006532139959745109 0.009410140104591846 0.0033200278412550688 
vn 0.0004688873013947159 0.00904193613678217 0.004245413932949305 
vn -0.006115112453699112 0.0073952823877334595 0.0028133969753980637 
vn -0.0038685561157763004 0.005287248641252518 0.007555082906037569 
vn -0.008809646591544151 0.0018892628140747547 0.0043382965959608555 
vn -0.006422244478017092 0.00733617739751935 0.002221549628302455 
vn -0.009928801096975803 -0.0006767379236407578 0.0009802733547985554 
vn -0.0077153779566287994 -0.002864932408556342 -0.005680238362401724 
vn 0.00047187681775540113 -0.002864933107048273 -0.009569195099174976 
vn -0.000037769008486066014 -0.002273866906762123 -0.009737972170114517 
vn -0.00798642635345459 -0.0018463379237800837 -0.005727828945964575 
vn -0.0005472211632877588 -0.0029485474806278944 -0.009539739228785038 
vn 0.0006532139959745109 0.009410140104591846 0.0033200278412550688 
vn -0.0035650169011205435 -0.009236703626811504 0.0014049771707504988 
vn -0.0005469442694447935 0.0015017391415312886 0.009871454909443855 
vn -0.008370905183255672 0.0006767389713786542 0.005428624805063009 
vn -0.00856812298297882 0.0009380389237776399 0.00507024209946394 
vn -0.008222753182053566 -0.002017818158492446 -0.005321160890161991 
vn -0.0008672558469697833 -0.0040127430111169815 -0.009118429385125637 
vn -0.00821411982178688 -0.0025706016458570957 -0.005091192200779915 
vn -0.0009238828788511455 -0.002781100105494261 -0.009560958482325077 
vn -0.0006972269620746374 0.002060594502836466 0.009760524146258831 
vn -0.0003016650734934956 0.002231295919045806 0.0097432192414999 
vn -0.008570336736738682 0.0006767389131709933 0.005107969045639038 
vn 0.000037759939004899934 0.0015449230559170246 0.009879867546260357 
vn -0.008639868348836899 0.0005022694240324199 0.0050100297667086124 
vn -0.0003020234580617398 0.0009815319208428264 0.009947129525244236 
vn 0.00045244061038829386 0.002612803364172578 0.009642020799219608 
vn -0.00830495823174715 0.0021033301018178463 0.005157874897122383 
vn -0.008511453866958618 -0.001068458310328424 -0.005139411427080631 
vn -0.008624469861388206 -0.0012420614948496222 -0.0049067107029259205 
vn -0.0010556369088590145 -0.0019321524305269122 -0.009754610247910023 
vn -0.0005283966893330216 -0.0025706023443490267 -0.009649497456848621 
vn -0.008051740936934948 -0.002823042916134 -0.005215351935476065 
vn -0.0005656981375068426 -0.0015880775172263384 -0.00985687505453825 
vn -0.008145670406520367 -0.0011986943427473307 -0.0056754895485937595 
vn -0.007940814830362797 -0.0008945270674303174 0.006011927966028452 
vn -0.0077746557071805 0.00028397332062013447 0.006282840855419636 
vn 0.00011317833559587598 0.0008074591169133782 0.009966704994440079 
vn 0.00003775948061957024 0.0011986949248239398 0.009927824139595032 
vn 0.0003018848365172744 0.0019750045612454414 0.009798378683626652 
vn -0.008255142718553543 0.001025004661642015 0.005549953784793615 
vn -0.000018874285160563886 -0.0005459008389152586 0.009985070675611496 
vn -0.00651179626584053 -0.0009815290104597807 0.007525497116148472 
vn 0.00005660851820721291 -0.0005895242793485522 0.009982448071241379 
vn -0.006341374479234219 -0.0002839710214175284 0.007726986892521381 
vn -0.009895606897771358 -0.0009815300581976771 0.0010552570456638932 
vn -0.0001510146976215765 -0.00015292111493181437 0.009997690096497536 
vn -0.0067377109080553055 -0.00041497181518934667 0.007377739995718002 
vn -0.000056616067013237625 0.0008945296285673976 0.00995974987745285 
vn -0.006167056504637003 0.00006554168794536963 0.007871665991842747 
vn -0.000018879911294789053 0.0017603838350623846 0.009843815118074417 
vn -0.008268950507044792 0.001717354985885322 0.005354918073862791 
vn -0.009484183974564075 -0.0015017370460554957 0.0027919593267142773 
vn -0.009826228953897953 -0.000676737807225436 0.001728368690237403 
vn -0.009620112366974354 -0.0020178169943392277 0.0018389786127954721 
vn -0.006553981453180313 -0.0019321520812809467 -0.0073015145026147366 
vn -0.0075797573663294315 -0.0031150933355093002 -0.005730921868234873 
vn 0.000245214207097888 -0.0009380396804772317 -0.009952886961400509 
vn 0.00056632817722857 -0.00180337845813483 -0.009819730184972286 
vn -0.002446565078571439 -0.0013287249021232128 -0.009604624472558498 
vn 0.0003961881739087403 -0.0013287249021232128 -0.009903409518301487 
vn -0.0020615821704268456 -0.002273866906762123 -0.009517321363091469 
vn 0.00039617886068299413 -0.002146027283743024 -0.009758975356817245 
vn -0.0014143139123916626 -0.008867024444043636 -0.004401771351695061 
vn -0.0003398065164219588 -0.008805660530924797 -0.0047270371578633785 
vn -0.0006549396202899516 -0.009978529997169971 1.6257122315010974e-9 
vn -0.0006113334093242884 -0.00998129602521658 1.6261628710267928e-9 
vn -0.0003398065164219588 -0.008805658668279648 0.004727039951831102 
vn -0.0014143139123916626 -0.008867023512721062 0.004401774145662785 
vn 0.00039617886068299413 -0.0021460240241140127 0.00975897628813982 
vn -0.0020615821704268456 -0.0022738638799637556 0.009517322294414043 
vn 0.0003961881739087403 -0.0013287216424942017 0.009903410449624062 
vn -0.002446565078571439 -0.0013287217589095235 0.009604624472558498 
vn 0.00056632817722857 -0.0018033751985058188 0.00981973111629486 
vn -0.0075797573663294315 -0.003115091472864151 0.005730922799557447 
vn 0.000245214207097888 -0.0009380364790558815 0.009952886961400509 
vn -0.006553981453180313 -0.0019321496365591884 0.007301514968276024 
vn -0.009620112366974354 -0.002017817460000515 -0.0018389779143035412 
vn -0.009895606897771358 -0.0009815304074436426 -0.0010552566964179277 
vn -0.009826228953897953 -0.0006767383893020451 -0.0017283684574067593 
vn -0.00992109626531601 -0.0006767379236407578 0.001055406522937119 
vn -0.009484183974564075 -0.0015017379773780704 -0.00279195886105299 
vn -0.009868481196463108 -0.0015880758874118328 0.000301824213238433 
vn -0.009678758680820465 -0.0015880762366577983 -0.0019492701394483447 
vn -0.00940994918346405 -0.00336311268620193 -0.00037727062590420246 
vn -0.00947484653443098 -0.003198012011125684 5.21025278477083e-10 
vn -0.00991125963628292 -0.0013287232723087072 0.000037742385757155716 
vn -0.008268950507044792 0.0017173532396554947 -0.005354918539524078 
vn -0.009785322472453117 0.0020605928730219603 0.00003771947740460746 
vn -0.006167056504637003 0.00006553912680828944 -0.007871665991842747 
vn -0.0067377109080553055 -0.0004149742017034441 -0.007377739995718002 
vn -0.00651179626584053 -0.000981531455181539 -0.007525497116148472 
vn -0.006341374479234219 -0.0002839735534507781 -0.007726986892521381 
vn 0.00005660851820721291 -0.0005895275389775634 -0.009982447139918804 
vn -0.000018874285160563886 -0.0005459040985442698 -0.009985070675611496 
vn -0.0001510146976215765 -0.00015292437456082553 -0.009997690096497536 
vn -0.000056616067013237625 0.0008945264271460474 -0.00995974987745285 
vn -0.000018879911294789053 0.0017603805754333735 -0.009843815118074417 
vn -0.009678758680820465 -0.0015880755381658673 0.001949270605109632 
vn -0.009868481196463108 -0.0015880760038271546 -0.0003018236893694848 
vn -0.00992109626531601 -0.0006767382728867233 -0.0010554062901064754 
vn -0.00940994918346405 -0.0033631124533712864 0.0003772717318497598 
vn 0.006376800127327442 -0.0014585236785933375 0.007563671562820673 
vn 0.006454503163695335 -0.0009815290104597807 0.0075746942311525345 
vn 0.00005660851820721291 -0.0005895242793485522 0.009982448071241379 
vn -0.00015102335601113737 0.00010923424997599795 0.009998262859880924 
vn 3.0975433721762207e-15 0.00015292437456082553 0.00999883096665144 
vn 0.009773670695722103 -0.0021033291704952717 0.00022664532298222184 
vn 0.009905143640935421 -0.001372016966342926 0.00007553063187515363 
vn 0.006571703124791384 -0.0016312012448906898 -0.007358797360211611 
vn 0.006615244783461094 -0.0005022698314860463 -0.007482396904379129 
vn 0.000245214207097888 -0.0009380396804772317 -0.009952886961400509 
vn -0.0000188645462912973 0.0006331364274956286 -0.009979918599128723 
vn 0.006740800105035305 -0.0002839734952431172 -0.007381122559309006 
vn 0.00007548787834821269 0.00028397064306773245 -0.009995682165026665 
vn 0.005467507988214493 0.004211876075714827 -0.007236467208713293 
vn -0.0007538229692727327 0.0004149713786318898 -0.009962908923625946 
vn 0.007993735373020172 0.006007870193570852 -0.0000754178108763881 
vn 0.009970780462026596 -0.000763898657169193 1.2445512675984816e-10 
vn 0.006727632135152817 -0.0005022674449719489 0.0073815095238387585 
vn -0.0010356726124882698 0.0009380396804772317 0.009901891462504864 
vn 0.005263139493763447 0.005025206599384546 0.006859056651592255 
vn 0.00056632817722857 -0.00180337845813483 -0.009819730184972286 
vn 0.006696801632642746 -0.0018033779924735427 -0.007204212248325348 
vn 0.000245214207097888 -0.0009380396804772317 -0.009952886961400509 
vn 0.006571703124791384 -0.0016312012448906898 -0.007358797360211611 
vn 0.009773670695722103 -0.0021033291704952717 0.00022664532298222184 
vn 0.0003961881739087403 -0.0013287249021232128 -0.009903409518301487 
vn 0.006594276987016201 -0.0011986945755779743 -0.007421498652547598 
vn 0.00039617886068299413 -0.002146027283743024 -0.009758975356817245 
vn 0.006958970334380865 -0.0027391030453145504 -0.006638526916503906 
vn -0.0003398065164219588 -0.008805660530924797 -0.0047270371578633785 
vn 0.007300717756152153 -0.0065516093745827675 -0.0019431780092418194 
vn 0.0047776661813259125 -0.008784867823123932 1.4312394602811196e-9 
vn -0.0006113334093242884 -0.00998129602521658 1.6261628710267928e-9 
vn -0.0003398065164219588 -0.008805658668279648 0.004727039951831102 
vn 0.007300717756152153 -0.00655160890892148 0.0019431801047176123 
vn 0.006958970334380865 -0.0027391009498387575 0.006638527847826481 
vn 0.00039617886068299413 -0.0021460240241140127 0.00975897628813982 
vn 0.006594276987016201 -0.001198692130856216 0.007421499118208885 
vn 0.0003961881739087403 -0.0013287216424942017 0.009903410449624062 
vn 0.006696801632642746 -0.0018033756641671062 0.007204212713986635 
vn 0.00056632817722857 -0.0018033751985058188 0.00981973111629486 
vn 0.000245214207097888 -0.0009380364790558815 0.009952886961400509 
vn 0.006571703124791384 -0.0016311988001689315 0.007358797825872898 
vn 0.009773670695722103 -0.0021033294033259153 -0.0002266446390422061 
vn 0.009894737973809242 -0.0014152844669297338 -0.00030189179233275354 
vn 0.006376800127327442 -0.001458526123315096 -0.007563671097159386 
vn 0.009970494545996189 -0.000763898657169193 -0.00007547898712800816 
vn 0.009685319848358631 -0.001717354403808713 -0.0018014651723206043 
vn 0.009834659285843372 -0.0014152845833450556 -0.0011298032477498055 
vn 0.009893063455820084 -0.0014585249591618776 2.376243368740205e-10 
vn 0.009959910064935684 0.0008945280569605529 -1.4573740825252202e-10 
vn 0.009834659285843372 -0.00141528423409909 0.0011298037134110928 
vn 0.008202712051570415 0.0006767371669411659 -0.005679572466760874 
vn 0.0063439179211854935 -0.000021848201868124306 -0.007730085868388414 
vn 0.006571859586983919 -0.00028397352434694767 -0.007531933020800352 
vn 0.006425140891224146 -0.0007638998795300722 -0.007624566555023193 
vn 0.00005660851820721291 -0.0005895275389775634 -0.009982447139918804 
vn -0.000018874285160563886 -0.0005459040985442698 -0.009985070675611496 
vn -0.0001510146976215765 -0.00015292437456082553 -0.009997690096497536 
vn -0.000056616067013237625 0.0008945264271460474 -0.00995974987745285 
vn -0.000018879911294789053 0.0017603805754333735 -0.009843815118074417 
vn 0.008202712051570415 0.0006767390295863152 0.0056795720010995865 
vn 0.0063439179211854935 -0.000021845682567800395 0.007730085868388414 
vn 0.009685319848358631 -0.0017173538217321038 0.0018014657543972135 
vn 0.006571859586983919 -0.00028397105052135885 0.007531933020800352 
vn -0.0001510146976215765 -0.00015292111493181437 0.009997690096497536 
vn -0.000018874285160563886 -0.0005459008389152586 0.009985070675611496 
vn -0.000018879911294789053 0.0017603838350623846 0.009843815118074417 
vn -0.000056616067013237625 0.0008945296285673976 0.00995974987745285 
vn 0.009970494545996189 -0.000763898657169193 0.00007547923451056704 
vn 0.006425140891224146 -0.0007638973766006529 0.007624566555023193 
vn 0.00005660851820721291 -0.0005895242793485522 0.009982448071241379 
vn 0.006376800127327442 -0.0014585236785933375 0.007563671562820673 
vn 0.009894737973809242 -0.001415284350514412 0.0003018922288902104 
vn -0.006553981453180313 -0.0019321520812809467 -0.0073015145026147366 
vn -0.006603879388421774 0.001328722108155489 -0.007390756160020828 
vn 0.000245214207097888 -0.0009380396804772317 -0.009952886961400509 
vn -0.0000188645462912973 0.0006331364274956286 -0.009979918599128723 
vn 0.00007548787834821269 0.00028397064306773245 -0.009995682165026665 
vn -0.009895606897771358 -0.0009815300581976771 0.0010552570456638932 
vn -0.009872807189822197 0.0015880758874118328 -0.00007546727283624932 
vn -0.006341374479234219 -0.0002839710214175284 0.007726986892521381 
vn -0.006675399374216795 0.0010684586595743895 0.007368679624050856 
vn 0.00005660851820721291 -0.0005895242793485522 0.009982448071241379 
vn -0.00015102335601113737 0.00010923424997599795 0.009998262859880924 
vn -0.006809353828430176 0.0005459036910906434 0.007303060032427311 
vn 3.0975433721762207e-15 0.00015292437456082553 0.00999883096665144 
vn -0.007069026120007038 -0.00024029225460253656 0.007069026120007038 
vn -0.0010356726124882698 0.0009380396804772317 0.009901891462504864 
vn -0.009987306781113148 -0.000502268667332828 -0.00003775707955355756 
vn -0.00997986551374197 0.0006331380573101342 -0.00003772913260036148 
vn -0.006809353828430176 0.000545901304576546 -0.007303060498088598 
vn -0.0007538229692727327 0.0004149713786318898 -0.009962908923625946 
vn -0.00706497672945261 -0.00041497417259961367 -0.00706497672945261 
vn 0.009757544845342636 -0.002188680926337838 3.5658209718292255e-10 
vn 0.009942756034433842 0.0010684574954211712 -1.740741717437544e-10 
vn 0.008500214666128159 -0.0005895250360481441 0.005234388168901205 
vn 0.006324828136712313 -0.002358874771744013 0.007377822417765856 
vn 0.008994740433990955 -0.004369742702692747 7.119228540020117e-10 
vn 0.005093485116958618 -0.006452016998082399 0.005694549065083265 
vn 0.00660098297521472 -0.007511792238801718 1.2238287050436725e-9 
vn 0.007016792893409729 -0.007124928757548332 1.160800566779585e-9 
vn 0.0032260376028716564 -0.005100563634186983 0.00797351449728012 
vn 0.0014481102116405964 -0.0038116895593702793 0.009130936115980148 
vn -0.0012046475894749165 -0.003073541447520256 0.009439394809305668 
vn 0.0022449884563684464 -0.002570599317550659 0.009399577043950558 
vn -0.0022916081361472607 -0.005937781650573015 0.007713058963418007 
vn -0.007273942232131958 -0.0027810975443571806 0.006273377221077681 
vn -0.00855988822877407 -0.004132458474487066 0.0031066201627254486 
vn -0.007606463972479105 -0.003771258983761072 0.005283873062580824 
vn -0.005265817046165466 0.005212873686105013 0.006715438794344664 
vn 0.0061671738512814045 -0.00002184565892093815 0.00787181593477726 
vn -0.009502355940639973 -0.0031150926370173693 -0.000037739933759439737 
vn -0.008956131525337696 -0.004448178224265575 -0.00003776663288590498 
vn -0.009959839284420013 0.000894527998752892 -0.00003774430660996586 
vn -0.006998538505285978 0.0008510019979439676 0.007091985084116459 
vn -0.007554799783974886 0.00655160890892148 -0.000037734454963356256 
vn -0.006113399751484394 0.005025206599384546 0.0061133988201618195 
vn -0.0016092058504000306 0.009869602508842945 -0.000037456295103766024 
vn -0.0014774055453017354 0.007216292433440685 0.00676331203430891 
vn 0.004016250371932983 0.005867243744432926 0.0070317271165549755 
vn -0.0005470701144076884 0.002443708246573806 0.009681373834609985 
vn 0.0035264817997813225 0.004092632792890072 0.008415122516453266 
vn 0.005231503862887621 0.008522403426468372 -1.388478554353867e-9 
vn 0.009194295853376389 0.003932545892894268 -6.406943309222868e-10 
vn 0.007693283725529909 0.002990270033478737 0.005645500496029854 
vn 0.009982608258724213 0.0005895259091630578 -9.604615019975782e-11 
vn 0.00621014554053545 0.0005022698896937072 0.007821880280971527 
vn -0.0022916081361472607 -0.005937781650573015 0.007713058963418007 
vn -0.00855988822877407 -0.004132458474487066 0.0031066201627254486 
vn -0.007223718799650669 -0.004251465201377869 0.005453708115965128 
vn -0.005265817046165466 0.005212873686105013 0.006715438794344664 
vn -0.005686664488166571 0.005398052744567394 0.006206680089235306 
vn 0.0035264817997813225 0.004092632792890072 0.008415122516453266 
vn 0.004821884445846081 0.00444817915558815 0.007547392509877682 
vn 0.0022449884563684464 -0.002570599317550659 0.009399577043950558 
vn -0.000018879911294789053 0.0017603838350623846 0.009843815118074417 
vn 0.0004524631076492369 0.0014585264725610614 0.009882710874080658 
vn -0.008268950507044792 0.001717354985885322 0.005354918073862791 
vn -0.00798259861767292 0.002231295220553875 0.005594590678811073 
vn -0.009785322472453117 0.0020605928730219603 0.00003771947740460746 
vn -0.00981984008103609 0.001889261999167502 0.000037759898987133056 
vn -0.00798259861767292 0.0022312933579087257 -0.005594591144472361 
vn -0.008268950507044792 0.0017173532396554947 -0.005354918539524078 
vn 0.0004524631076492369 0.001458523329347372 -0.009882711805403233 
vn -0.000018879911294789053 0.0017603805754333735 -0.009843815118074417 
vn -0.009928801096975803 -0.0006767379236407578 0.0009802733547985554 
vn -0.0035650169011205435 -0.009236703626811504 0.0014049771707504988 
vn -0.008023208007216454 -0.002906765788793564 0.00521333422511816 
vn -0.00011329621338518336 -0.0020605912432074547 0.009784739464521408 
vn -0.008112025447189808 -0.0017603812739253044 0.005576386582106352 
vn 0.0007919613854028285 -0.0007203236455097795 0.00994253158569336 
vn -0.008112025447189808 -0.0017603831365704536 -0.0055763861164450645 
vn 0.0007919613854028285 -0.0007203269051387906 -0.00994253158569336 
vn -0.00011329621338518336 -0.002060594502836466 -0.009784738533198833 
vn -0.008023208007216454 -0.0029067674186080694 -0.005213333293795586 
vn -0.0035650169011205435 -0.009236704558134079 -0.0014049741439521313 
vn -0.009928801096975803 -0.0006767382728867233 -0.0009802731219679117 
vn -0.009727943688631058 -0.0023163927253335714 -0.000037776375393150374 
vn -0.00991125963628292 0.0013287232723087072 0.00003774195283767767 
vn -0.006422244478017092 0.00733617739751935 0.002221549628302455 
vn -0.006422244478017092 0.007336176931858063 -0.0022215519566088915 
vn -0.00983604695647955 -0.0018033768283203244 2.9380997634831374e-10 
vn 0.0006532139959745109 0.009410139173269272 -0.0033200308680534363 
vn 0.000771124439779669 0.006452016998082399 -0.007601108402013779 
vn -0.006726298481225967 0.0056529538705945015 -0.004775042179971933 
vn -0.008916918188333511 0.004526273813098669 0.00003770248076762073 
vn -0.008916918188333511 0.004526273813098669 -0.0000377039541490376 
vn -0.006726298481225967 0.005652955267578363 0.004775040317326784 
vn 0.000771124439779669 0.006452019326388836 0.0076011065393686295 
vn 0.0006532139959745109 0.009410140104591846 0.0033200278412550688 
vn -0.0038685561157763004 0.005287245847284794 -0.007555084303021431 
vn 0.0034403058234602213 0.004211876075714827 -0.00839192420244217 
vn -0.0005469442694447935 0.0015017358819022775 -0.00987145584076643 
vn 0.008182309567928314 0.00032764478237368166 -0.0057395524345338345 
vn -0.0006972269620746374 0.0020605912432074547 -0.009760524146258831 
vn 0.007772428914904594 -0.0003713139449246228 -0.006281041074544191 
vn -0.0003016650734934956 0.0022312928922474384 -0.009743220172822475 
vn 0.00839763693511486 -0.000021847827156307176 -0.005429476965218782 
vn 0.000037759939004899934 0.0015449197962880135 -0.009879868477582932 
vn 0.008564930409193039 -0.0007638994720764458 -0.005104746203869581 
vn -0.0003020234580617398 0.0009815286612138152 -0.009947129525244236 
vn 0.008665341883897781 -0.0004149738233536482 -0.0049738953821361065 
vn 0.00045244061038829386 0.0026128001045435667 -0.009642021730542183 
vn 0.008942189626395702 0.0018033761298283935 -0.004096959251910448 
vn 0.008858960121870041 0.001544920727610588 -0.004374018870294094 
vn 0.0003018848365172744 0.0019750013016164303 -0.009798379614949226 
vn 0.00011317833559587598 0.0008074558572843671 -0.009966704994440079 
vn 0.008844105526804924 0.0011986925965175033 -0.004510535392910242 
vn 0.00003775948061957024 0.0011986917816102505 -0.009927825070917606 
vn 0.007441731635481119 0.0036088204942643642 -0.005621124990284443 
vn 0.006857526488602161 -0.0009380368865095079 0.007217646576464176 
vn 0.005209111142903566 0.0018033782253041863 0.008343439549207687 
vn -0.0005283966893330216 -0.002570599317550659 0.009649498388171196 
vn -0.0005848272703588009 -0.001631198450922966 0.009848713874816895 
vn -0.0010556369088590145 -0.0019321492873132229 0.009754611179232597 
vn 0.0072105322033166885 -0.0005895247450098395 0.006903671659529209 
vn 0.007362735457718372 -0.0010684564476832747 0.006681955419480801 
vn 0.007180641870945692 -0.003445279784500599 0.006047183647751808 
vn -0.0009238828788511455 -0.0027810968458652496 0.009560959413647652 
vn -0.0008672558469697833 -0.004012740217149258 0.009118430316448212 
vn -0.0005472211632877588 -0.0029485442209988832 0.009539740160107613 
vn 0.0074745421297848225 -0.003198011079803109 0.005822709295898676 
vn -0.000037769008486066014 -0.002273863647133112 0.009737973101437092 
vn 0.007799869403243065 -0.0024013135116547346 0.005778903607279062 
vn 0.00047187681775540113 -0.0028649300802499056 0.009569196030497551 
vn 0.007810145616531372 -0.0030319341458380222 0.005459762178361416 
vn -0.0035650169011205435 -0.009236704558134079 -0.0014049741439521313 
vn 0.0076380460523068905 -0.0008510018815286458 -0.006398128345608711 
vn 0.006694686599075794 0.005972883198410273 -0.004416542127728462 
vn 0.0004688873013947159 0.00904193427413702 -0.004245417192578316 
vn 0.0050735617987811565 0.007124927826225758 -0.00484709907323122 
vn 0.0006532139959745109 0.009410139173269272 -0.0033200308680534363 
vn 0.0004688873013947159 0.00904193427413702 -0.004245417192578316 
vn -0.006115112453699112 0.007395281456410885 -0.002813399536535144 
vn -0.0038685561157763004 0.005287245847284794 -0.007555084303021431 
vn -0.008809646591544151 0.001889261300675571 -0.004338297061622143 
vn -0.006422244478017092 0.007336176931858063 -0.0022215519566088915 
vn -0.009928801096975803 -0.0006767382728867233 -0.0009802731219679117 
vn -0.0077153779566287994 -0.002864930545911193 0.0056802392937242985 
vn 0.00047187681775540113 -0.0028649300802499056 0.009569196030497551 
vn -0.000037769008486066014 -0.002273863647133112 0.009737973101437092 
vn -0.00798642635345459 -0.0018463360611349344 0.005727829411625862 
vn -0.0005472211632877588 -0.0029485442209988832 0.009539740160107613 
vn 0.0006532139959745109 0.009410139173269272 -0.0033200308680534363 
vn -0.0035650169011205435 -0.009236704558134079 -0.0014049741439521313 
vn -0.0005469442694447935 0.0015017358819022775 -0.00987145584076643 
vn -0.008370905183255672 0.0006767372251488268 -0.005428624805063009 
vn -0.00856812298297882 0.0009380372357554734 -0.005070242565125227 
vn -0.008222753182053566 -0.0020178162958472967 0.005321161355823278 
vn -0.0008672558469697833 -0.004012740217149258 0.009118430316448212 
vn -0.00821411982178688 -0.00257060001604259 0.0050911931321024895 
vn -0.0009238828788511455 -0.0027810968458652496 0.009560959413647652 
vn -0.0006972269620746374 0.0020605912432074547 -0.009760524146258831 
vn -0.0003016650734934956 0.0022312928922474384 -0.009743220172822475 
vn -0.008570336736738682 0.0006767372833564878 -0.005107969045639038 
vn 0.000037759939004899934 0.0015449197962880135 -0.009879868477582932 
vn -0.008639868348836899 0.0005022677942179143 -0.0050100297667086124 
vn -0.0003020234580617398 0.0009815286612138152 -0.009947129525244236 
vn 0.00045244061038829386 0.0026128001045435667 -0.009642021730542183 
vn -0.00830495823174715 0.0021033284720033407 -0.005157875828444958 
vn -0.008511453866958618 -0.0010684566805139184 0.0051394118927419186 
vn -0.008624469861388206 -0.0012420598650351167 0.004906711168587208 
vn -0.0010556369088590145 -0.0019321492873132229 0.009754611179232597 
vn -0.0005283966893330216 -0.002570599317550659 0.009649498388171196 
vn -0.008051740936934948 -0.0028230410534888506 0.005215352866798639 
vn -0.0005848272703588009 -0.001631198450922966 0.009848713874816895 
vn -0.008102263323962688 -0.0011986924801021814 0.00573728745803237 
vn -0.007940814830362797 -0.0008945289882831275 -0.006011927500367165 
vn -0.0077746557071805 0.00028397125424817204 -0.006282840855419636 
vn 0.00011317833559587598 0.0008074558572843671 -0.009966704994440079 
vn 0.00003775948061957024 0.0011986917816102505 -0.009927825070917606 
vn 0.0003018848365172744 0.0019750013016164303 -0.009798379614949226 
vn -0.008255142718553543 0.0010250027989968657 -0.005549954250454903 
vn 0.006376800127327442 -0.001458526123315096 -0.007563671097159386 
vn 0.00005660851820721291 -0.0005895275389775634 -0.009982447139918804 
vn 0.006454503163695335 -0.000981531455181539 -0.007574693765491247 
vn -0.00015102335601113737 0.0001092309903469868 -0.009998262859880924 
vn -1.033994612174361e-15 0.00015292111493181437 -0.00999883096665144 
vn 0.009773670695722103 -0.0021033294033259153 -0.0002266446390422061 
vn 0.009905143640935421 -0.001372016966342926 -0.00007553018804173917 
vn 0.006571703124791384 -0.0016311988001689315 0.007358797825872898 
vn 0.006615244783461094 -0.000502267386764288 0.007482396904379129 
vn 0.000245214207097888 -0.0009380364790558815 0.009952886961400509 
vn -0.0000188645462912973 0.0006331396871246397 0.009979918599128723 
vn 0.006740800105035305 -0.0002839710796251893 0.007381122559309006 
vn 0.00007548787834821269 0.0002839739026967436 0.009995682165026665 
vn 0.005467507988214493 0.004211878404021263 0.007236465811729431 
vn -0.0007538229692727327 0.000414974638260901 0.009962908923625946 
vn 0.007993735373020172 0.00600787065923214 0.00007541585364378989 
vn 0.009970780462026596 -0.000763898657169193 1.2445512675984816e-10 
vn 0.006727632135152817 -0.0005022698314860463 -0.0073815095238387585 
vn -0.0010356726124882698 0.0009380364790558815 -0.009901892393827438 
vn 0.005263139493763447 0.00502520427107811 -0.006859058514237404 
vn -0.006553981453180313 -0.0019321496365591884 0.007301514968276024 
vn 0.000245214207097888 -0.0009380364790558815 0.009952886961400509 
vn -0.006603879388421774 0.0013287244364619255 0.007390755694359541 
vn -0.0000188645462912973 0.0006331396871246397 0.009979918599128723 
vn 0.00007548787834821269 0.0002839739026967436 0.009995682165026665 
vn -0.009895606897771358 -0.0009815304074436426 -0.0010552566964179277 
vn -0.009872807189822197 0.0015880758874118328 0.00007546675624325871 
vn -0.006341374479234219 -0.0002839735534507781 -0.007726986892521381 
vn -0.006675399374216795 0.001068456331267953 -0.007368679624050856 
vn 0.00005660851820721291 -0.0005895275389775634 -0.009982447139918804 
vn -0.00015102335601113737 0.0001092309903469868 -0.009998262859880924 
vn -0.006809353828430176 0.000545901304576546 -0.007303060498088598 
vn -1.033994612174361e-15 0.00015292111493181437 -0.00999883096665144 
vn -0.007069026120007038 -0.00024029455380514264 -0.007069026120007038 
vn -0.0010356726124882698 0.0009380364790558815 -0.009901892393827438 
vn -0.009987306781113148 -0.0005022686091251671 0.00003775724326260388 
vn -0.00997986551374197 0.0006331380573101342 0.00003772892523556948 
vn -0.006809353828430176 0.0005459036910906434 0.007303060032427311 
vn -0.0007538229692727327 0.000414974638260901 0.009962908923625946 
vn -0.00706497672945261 -0.0004149718733970076 0.00706497672945261 
vn 0.009757544845342636 -0.002188680926337838 3.5658209718292255e-10 
vn 0.009942756034433842 0.0010684574954211712 -1.740741717437544e-10 
vn 0.008500214666128159 -0.0005895267240703106 -0.005234388168901205 
vn 0.006324828136712313 -0.002358877332881093 -0.007377821486443281 
vn 0.008994740433990955 -0.004369742702692747 7.119228540020117e-10 
vn 0.005093485116958618 -0.006452018860727549 -0.005694546736776829 
vn 0.00660098297521472 -0.007511792238801718 1.2238287050436725e-9 
vn 0.007016792893409729 -0.007124928757548332 1.160800566779585e-9 
vn 0.0032260376028716564 -0.005100566428154707 -0.007973512634634972 
vn 0.0014481102116405964 -0.003811692586168647 -0.009130935184657574 
vn -0.0012046475894749165 -0.0030735444743186235 -0.009439392946660519 
vn 0.0022449884563684464 -0.0025706023443490267 -0.009399576112627983 
vn -0.0022916081361472607 -0.005937784444540739 -0.007713057100772858 
vn -0.007273942232131958 -0.00278109940700233 -0.006273376289755106 
vn -0.00855988822877407 -0.004132459871470928 -0.0031066187657415867 
vn -0.007606463972479105 -0.0037712606135755777 -0.005283871665596962 
vn -0.005265817046165466 0.005212871357798576 -0.0067154401913285255 
vn 0.0061671738512814045 -0.00002184822369599715 -0.00787181593477726 
vn -0.009502355940639973 -0.0031150926370173693 -0.000037739933759439737 
vn -0.008956131525337696 -0.004448178224265575 -0.00003776663288590498 
vn -0.009959839284420013 0.000894527998752892 -0.00003774430660996586 
vn -0.006998538505285978 0.000850999669637531 -0.007091985549777746 
vn -0.007554799783974886 0.00655160890892148 -0.000037734454963356256 
vn -0.006113399751484394 0.005025204736739397 -0.006113400682806969 
vn -0.0016092058504000306 0.009869602508842945 -0.000037456295103766024 
vn -0.0014774055453017354 0.007216290105134249 -0.006763314362615347 
vn 0.004016250371932983 0.005867241881787777 -0.007031728979200125 
vn -0.0005470701144076884 0.0024437052197754383 -0.00968137476593256 
vn 0.0035264817997813225 0.004092629998922348 -0.00841512344777584 
vn 0.005231503862887621 0.008522403426468372 -1.388478554353867e-9 
vn 0.009194295853376389 0.003932545892894268 -6.406943309222868e-10 
vn 0.007693283725529909 0.0029902681708335876 -0.0056455014273524284 
vn 0.009982608258724213 0.0005895259091630578 -9.604615019975782e-11 
vn 0.00621014554053545 0.000502267386764288 -0.007821880280971527 
vn -0.0022916081361472607 -0.005937784444540739 -0.007713057100772858 
vn -0.00855988822877407 -0.004132459871470928 -0.0031066187657415867 
vn -0.007223718799650669 -0.004251467064023018 -0.005453706718981266 
vn -0.005265817046165466 0.005212871357798576 -0.0067154401913285255 
vn -0.005686664488166571 0.005398050881922245 -0.006206681951880455 
vn 0.0035264817997813225 0.004092629998922348 -0.00841512344777584 
vn 0.004821884445846081 0.0044481768272817135 -0.007547394372522831 
vn 0.0022449884563684464 -0.0025706023443490267 -0.009399576112627983 
vn 0.009084079414606094 0.000283972971374169 0.004171193111687899 
vn 0.0077776252292096615 0.00006554143328685313 0.0062852404080331326 
vn 0.0018749469891190529 -0.0036088228225708008 -0.009135697036981583 
vn -0.005988161079585552 -0.006146663799881935 -0.005134243052452803 
vn 0.004888567142188549 -0.004604022018611431 0.0074097830802202225 
vn -0.0038943192921578884 -0.009078915230929852 -0.0015516371931880713 
vn 0.0011295576114207506 -0.0065516079775989056 0.007469975855201483 
vn 0.003192232921719551 -0.004642768297344446 -0.008261619135737419 
vn 0.009866351261734962 -0.0012420604471117258 0.0010547041893005371 
vn 0.0014666578499600291 0.0029902674723416567 -0.009429062716662884 
vn 0.008408000692725182 0.005324284080415964 0.0009785337606444955 
vn 0.005194563884288073 0.001846335711888969 -0.008343113586306572 
vn 0.007458922453224659 0.0035680385772138834 0.005624374374747276 
vn -0.0005656981375068426 -0.0015880775172263384 -0.00985687505453825 
vn -0.0006414655363187194 -0.0011986949248239398 -0.009907151572406292 
vn -0.008145670406520367 -0.0011986943427473307 -0.0056754895485937595 
vn -0.007986152544617653 -0.0008945289882831275 -0.005951570346951485 
vn -0.0006788743776269257 -0.0002839739026967436 -0.009972888045012951 
vn -0.00831598974764347 -0.0016742938896641135 -0.005295381415635347 
vn 0.005552399903535843 0.0009815288940444589 -0.008258780464529991 
vn 0.008254916407167912 -0.005324283614754677 0.0018730615265667439 
vn 0.0042250510305166245 -0.004448179621249437 -0.00789700262248516 
vn 0.0013656540540978312 -0.008382339030504227 0.005279334727674723 
vn 0.00026443321257829666 -0.005507929716259241 -0.008342229761183262 
vn -0.004525402095168829 -0.007980946451425552 0.003978095017373562 
vn -0.0048951576463878155 -0.006007871590554714 -0.0063200402073562145 
vn -0.0010356726124882698 0.0009380396804772317 0.009901891462504864 
vn 0.0020380786154419184 0.004911449737846851 0.008468995802104473 
vn 0.005263139493763447 0.005025206599384546 0.006859056651592255 
vn 0.005880996584892273 0.00621535861864686 0.005175248719751835 
vn 0.007993735373020172 0.006007870193570852 -0.0000754178108763881 
vn 0.00796633679419756 0.006042742170393467 -0.0001507839624537155 
vn 0.006776780355721712 0.0028230431489646435 0.006790115963667631 
vn 0.009766723029315472 0.0021460256539285183 0.00007548224675701931 
vn 0.006137682590633631 0.0056529538705945015 -0.005511167459189892 
vn 0.0070562721230089664 0.0018892609514296055 -0.006829327438026667 
vn 0.002713009947910905 0.0038116895593702793 -0.008838020265102386 
vn 0.0024085387121886015 0.0013720154529437423 -0.009608148597180843 
vn 0.0015770328463986516 0.002231295919045806 0.009619474411010742 
vn 0.005467507988214493 0.004211876075714827 -0.007236467208713293 
vn -0.0007538229692727327 0.0004149713786318898 -0.009962908923625946 
vn 0.0002049728063866496 -0.009986257180571556 0.00048234290443360806 
vn 0.0002049728063866496 -0.009986257180571556 0.00048234290443360806 
vn 0.0002049728063866496 -0.009986257180571556 0.00048234290443360806 
vn 0.0002049728063866496 -0.009986257180571556 0.00048234290443360806 
vn 0.0020380786154419184 0.004911449737846851 0.008468995802104473 
vn -0.0010356726124882698 0.0009380396804772317 0.009901891462504864 
vn 0.0015770328463986516 0.002231295919045806 0.009619474411010742 
vn -0.002098614815622568 0.0009815318044275045 0.009727918542921543 
vn -0.006963448598980904 -0.00002184577169828117 0.007177039980888367 
vn -0.007069026120007038 -0.00024029225460253656 0.007069026120007038 
vn -0.009982536546885967 -0.0005895259091630578 -0.00003773902790271677 
vn -0.009987306781113148 -0.000502268667332828 -0.00003775707955355756 
vn -0.006905357353389263 -0.000327646906953305 -0.007225558161735535 
vn -0.00706497672945261 -0.00041497417259961367 -0.00706497672945261 
vn -0.0012986372457817197 0.0005459008389152586 -0.009900279343128204 
vn -0.0007538229692727327 0.0004149713786318898 -0.009962908923625946 
vn 0.002713009947910905 0.0038116895593702793 -0.008838020265102386 
vn 0.0024085387121886015 0.0013720154529437423 -0.009608148597180843 
vn -0.0007411411497741938 -0.00996908824890852 -0.0002607717178761959 
vn -0.0007411411497741938 -0.00996908824890852 -0.0002607717178761959 
vn -0.0007411411497741938 -0.00996908824890852 -0.0002607717178761959 
vn -0.0007411411497741938 -0.00996908824890852 -0.0002607717178761959 
vn -0.0007558380020782351 -0.009961841627955437 -0.0004363816406112164 
vn -0.0007558380020782351 -0.009961841627955437 -0.0004363816406112164 
vn -0.0007558380020782351 -0.009961841627955437 -0.0004363816406112164 
vn -0.0007558380020782351 -0.009961841627955437 -0.0004363816406112164 
vn -0.0008652681135572493 -0.009930492378771305 0.0007979005458764732 
vn -0.0008652681135572493 -0.009930492378771305 0.0007979005458764732 
vn -0.0008652681135572493 -0.009930492378771305 0.0007979005458764732 
vn -0.0008652681135572493 -0.009930492378771305 0.0007979005458764732 
vn -0.0006171390996314585 -0.009961840696632862 0.0006171407294459641 
vn -0.0006171390996314585 -0.009961840696632862 0.0006171407294459641 
vn -0.0006171390996314585 -0.009961840696632862 0.0006171407294459641 
vn -0.0006171390996314585 -0.009961840696632862 0.0006171407294459641 
vn 0.0002679831231944263 -0.009995322674512863 -0.00014732334238942713 
vn 0.0002679831231944263 -0.009995322674512863 -0.00014732334238942713 
vn 0.0002679831231944263 -0.009995322674512863 -0.00014732334238942713 
vn 0.0002679831231944263 -0.009995322674512863 -0.00014732334238942713 
vn 0.0002643807092681527 -0.009807320311665535 -0.0019356078701093793 
vn 0.0002643807092681527 -0.009807320311665535 -0.0019356078701093793 
vn 0.0002643807092681527 -0.009807320311665535 -0.0019356078701093793 
vn 0.0002643807092681527 -0.009807320311665535 -0.0019356078701093793 
vn 5.5359341751286175e-16 -0.009839963167905807 0.001781885395757854 
vn 5.5359341751286175e-16 -0.009839963167905807 0.001781885395757854 
vn 5.5359341751286175e-16 -0.009839963167905807 0.001781885395757854 
vn 5.5359341751286175e-16 -0.009839963167905807 0.001781885395757854 
vn 0.008254916407167912 -0.005324283614754677 0.0018730615265667439 
vn 0.0013656540540978312 -0.008382339030504227 0.005279334727674723 
vn 0.009084079414606094 0.000283972971374169 0.004171193111687899 
vn 0.0006039623403921723 -0.0016742913285270333 0.009840324521064758 
vn 0.0077776252292096615 0.00006554143328685313 0.0062852404080331326 
vn -0.004525402095168829 -0.007980946451425552 0.003978095017373562 
vn -0.00702242087572813 -0.002401313278824091 0.006702186074107885 
vn -0.0048951576463878155 -0.006007871590554714 -0.0063200402073562145 
vn -0.00831598974764347 -0.0016742938896641135 -0.005295381415635347 
vn -0.007681810762733221 0.00006554144783876836 0.006401990540325642 
vn -0.007986152544617653 -0.0008945289882831275 -0.005951570346951485 
vn -0.0077746557071805 0.00028397332062013447 0.006282840855419636 
vn -0.008145670406520367 -0.0011986943427473307 -0.0056754895485937595 
vn 0.00003775948061957024 0.0011986949248239398 0.009927824139595032 
vn 0.0003586921375244856 0.0004586268332786858 0.009983035735785961 
vn 0.007458922453224659 0.0035680385772138834 0.005624374374747276 
vn 0.004888567142188549 -0.004604022018611431 0.0074097830802202225 
vn 0.008408000692725182 0.005324284080415964 0.0009785337606444955 
vn 0.0011295576114207506 -0.0065516079775989056 0.007469975855201483 
vn 0.009866351261734962 -0.0012420604471117258 0.0010547041893005371 
vn 0.00951595138758421 0.0030735430773347616 -5.007447234639528e-10 
vn 0.007016792893409729 -0.007124928757548332 1.160800566779585e-9 
vn 0.007141318172216415 0.005062934476882219 0.004834073130041361 
vn 0.0032260376028716564 -0.005100563634186983 0.00797351449728012 
vn 0.000771124439779669 0.006452019326388836 0.0076011065393686295 
vn -0.0012046475894749165 -0.003073541447520256 0.009439394809305668 
vn -0.006726298481225967 0.005652955267578363 0.004775040317326784 
vn -0.007273942232131958 -0.0027810975443571806 0.006273377221077681 
vn -0.008916918188333511 0.004526273813098669 -0.0000377039541490376 
vn -0.009502355940639973 -0.0031150926370173693 -0.000037739933759439737 
vn 0.0018749469891190529 -0.0036088197957724333 0.009135698899626732 
vn 0.005549954250454903 0.0010250050108879805 0.008255142718553543 
vn 0.009085120633244514 0.00024029272026382387 -0.004171671345829964 
vn 0.008230961859226227 -0.005361219402402639 -0.0018731268355622888 
vn 0.0077776252292096615 0.00006553938146680593 -0.00628524087369442 
vn -0.0059387111105024815 -0.006146661937236786 0.005191362928599119 
vn 0.004867531359195709 -0.004642768297344446 -0.007399448659271002 
vn -0.003909564111381769 -0.009060511365532875 0.0016193960327655077 
vn 0.001091477577574551 -0.006584557704627514 -0.007446628529578447 
vn 0.003212996991351247 -0.004604022018611431 0.00827524159103632 
vn 0.009866351261734962 -0.0012420607963576913 -0.0010547037236392498 
vn 0.001541226520203054 0.002990270499140024 0.009417160414159298 
vn 0.008398945443332195 0.005324283614754677 -0.0010534303728491068 
vn 0.005209111142903566 0.0018033782253041863 0.008343439549207687 
vn 0.007441731635481119 0.0036088204942643642 -0.005621124990284443 
vn -0.0005848272703588009 -0.001631198450922966 0.009848713874816895 
vn -0.0005660863826051354 -0.0011986917816102505 0.009911744855344296 
vn -0.008102263323962688 -0.0011986924801021814 0.00573728745803237 
vn -0.007986152544617653 -0.0008945270674303174 0.005951570346951485 
vn -0.0006036682752892375 -0.00019660833640955389 0.009979826398193836 
vn -0.008305422030389309 -0.001631199149414897 0.005325331352651119 
vn 0.004257035441696644 -0.004409001208841801 0.007901794277131557 
vn 0.0002266654628328979 -0.005471405107527971 0.008367338217794895 
vn 0.001310352818109095 -0.008406087756156921 -0.005255536641925573 
vn -0.0045749349519610405 -0.007980947382748127 -0.003921026363968849 
vn -0.0048352256417274475 -0.006007869262248278 0.006366011220961809 
vn -0.0010356726124882698 0.0009380364790558815 -0.009901892393827438 
vn 0.005263139493763447 0.00502520427107811 -0.006859058514237404 
vn 0.0020380786154419184 0.0049114469438791275 -0.008468997664749622 
vn 0.005880996584892273 0.006215356756001711 -0.005175250582396984 
vn 0.0015770328463986516 0.0022312928922474384 -0.009619474411010742 
vn 0.006776780355721712 0.002823040820658207 -0.006790116894990206 
vn 0.00796633679419756 0.006042742170393467 0.00015078199794515967 
vn 0.009766723029315472 0.0021460256539285183 -0.00007548294524895027 
vn 0.006137682590633631 0.005652955267578363 0.005511165596544743 
vn 0.0070562721230089664 0.0018892631633207202 0.006829326972365379 
vn 0.002713009947910905 0.003811692586168647 0.008838018402457237 
vn 0.0024085387121886015 0.0013720184797421098 0.009608147665858269 
vn 0.007993735373020172 0.00600787065923214 0.00007541585364378989 
vn 0.005467507988214493 0.004211878404021263 0.007236465811729431 
vn -0.0007538229692727327 0.000414974638260901 0.009962908923625946 
vn 0.0002049728063866496 -0.009986257180571556 -0.0004823396448045969 
vn 0.0002049728063866496 -0.009986257180571556 -0.0004823396448045969 
vn 0.0002049728063866496 -0.009986257180571556 -0.0004823396448045969 
vn 0.0002049728063866496 -0.009986257180571556 -0.0004823396448045969 
vn 0.0020380786154419184 0.0049114469438791275 -0.008468997664749622 
vn -0.0010356726124882698 0.0009380364790558815 -0.009901892393827438 
vn 0.0015770328463986516 0.0022312928922474384 -0.009619474411010742 
vn -0.002098614815622568 0.0009815286612138152 -0.009727919474244118 
vn -0.006963448598980904 -0.00002184811091865413 -0.007177039980888367 
vn -0.007069026120007038 -0.00024029455380514264 -0.007069026120007038 
vn -0.009982536546885967 -0.0005895258509553969 0.00003773922071559355 
vn -0.009987306781113148 -0.0005022686091251671 0.00003775724326260388 
vn -0.006905357353389263 -0.000327644549543038 0.007225558161735535 
vn -0.00706497672945261 -0.0004149718733970076 0.00706497672945261 
vn -0.0012986372457817197 0.0005459040985442698 0.009900279343128204 
vn -0.0007538229692727327 0.000414974638260901 0.009962908923625946 
vn 0.002713009947910905 0.003811692586168647 0.008838018402457237 
vn 0.0024085387121886015 0.0013720184797421098 0.009608147665858269 
vn -0.0007411411497741938 -0.00996908824890852 0.0002607749484013766 
vn -0.0007411411497741938 -0.00996908824890852 0.0002607749484013766 
vn -0.0007411411497741938 -0.00996908824890852 0.0002607749484013766 
vn -0.0007411411497741938 -0.00996908824890852 0.0002607749484013766 
vn -0.0007558380020782351 -0.009961840696632862 0.0004363848711363971 
vn -0.0007558380020782351 -0.009961840696632862 0.0004363848711363971 
vn -0.0007558380020782351 -0.009961840696632862 0.0004363848711363971 
vn -0.0007558380020782351 -0.009961840696632862 0.0004363848711363971 
vn -0.0008652681135572493 -0.009930492378771305 -0.000797897286247462 
vn -0.0008652681135572493 -0.009930492378771305 -0.000797897286247462 
vn -0.0008652681135572493 -0.009930492378771305 -0.000797897286247462 
vn -0.0008652681135572493 -0.009930492378771305 -0.000797897286247462 
vn -0.0006171390996314585 -0.009961841627955437 -0.0006171374698169529 
vn -0.0006171390996314585 -0.009961841627955437 -0.0006171374698169529 
vn -0.0006171390996314585 -0.009961841627955437 -0.0006171374698169529 
vn -0.0006171390996314585 -0.009961841627955437 -0.0006171374698169529 
vn 0.0002679831231944263 -0.009995322674512863 0.00014732660201843828 
vn 0.0002679831231944263 -0.009995322674512863 0.00014732660201843828 
vn 0.0002679831231944263 -0.009995322674512863 0.00014732660201843828 
vn 0.0002679831231944263 -0.009995322674512863 0.00014732660201843828 
vn 0.0002643807092681527 -0.00980731938034296 0.0019356110133230686 
vn 0.0002643807092681527 -0.00980731938034296 0.0019356110133230686 
vn 0.0002643807092681527 -0.00980731938034296 0.0019356110133230686 
vn 0.0002643807092681527 -0.00980731938034296 0.0019356110133230686 
vn -1.8426737222885294e-16 -0.009839964099228382 -0.0017818822525441647 
vn -1.8426737222885294e-16 -0.009839964099228382 -0.0017818822525441647 
vn -1.8426737222885294e-16 -0.009839964099228382 -0.0017818822525441647 
vn -1.8426737222885294e-16 -0.009839964099228382 -0.0017818822525441647 
vn 0.008230961859226227 -0.005361219402402639 -0.0018731268355622888 
vn 0.001310352818109095 -0.008406087756156921 -0.005255536641925573 
vn 0.009085120633244514 0.00024029272026382387 -0.004171671345829964 
vn 0.0005849328590556979 -0.0017603838350623846 -0.009826438501477242 
vn 0.0077776252292096615 0.00006553938146680593 -0.00628524087369442 
vn -0.0045749349519610405 -0.007980947382748127 -0.003921026363968849 
vn -0.0070344735868275166 -0.0024437077809125185 -0.006674164906144142 
vn -0.0048352256417274475 -0.006007869262248278 0.006366011220961809 
vn -0.008305422030389309 -0.001631199149414897 0.005325331352651119 
vn -0.007681810762733221 0.00006553935963893309 -0.006401990540325642 
vn -0.007986152544617653 -0.0008945270674303174 0.005951570346951485 
vn -0.0077746557071805 0.00028397125424817204 -0.006282840855419636 
vn -0.008102263323962688 -0.0011986924801021814 0.00573728745803237 
vn 0.00003775948061957024 0.0011986917816102505 -0.009927825070917606 
vn 0.0003771804040297866 0.0004149713786318898 -0.009984264150261879 
vn 0.007441731635481119 0.0036088204942643642 -0.005621124990284443 
vn 0.004867531359195709 -0.004642768297344446 -0.007399448659271002 
vn 0.008398945443332195 0.005324283614754677 -0.0010534303728491068 
vn 0.001091477577574551 -0.006584557704627514 -0.007446628529578447 
vn 0.009866351261734962 -0.0012420607963576913 -0.0010547037236392498 
vn -0.009502355940639973 -0.0031150926370173693 -0.000037739933759439737 
vn -0.008916918188333511 0.004526273813098669 -0.0000377039541490376 
vn -0.007273942232131958 -0.00278109940700233 -0.006273376289755106 
vn -0.006726298481225967 0.0056529538705945015 -0.004775042179971933 
vn -0.0012046475894749165 -0.0030735444743186235 -0.009439392946660519 
vn 0.000771124439779669 0.006452016998082399 -0.007601108402013779 
vn 0.0032260376028716564 -0.005100566428154707 -0.007973512634634972 
vn 0.007141318172216415 0.00506293261423707 -0.00483407499268651 
vn 0.007016792893409729 -0.007124928757548332 1.160800566779585e-9 
vn 0.00951595138758421 0.0030735430773347616 -5.007447234639528e-10 
vn -0.009955835528671741 -0.0009380380506627262 0.000037729139876319095 
vn -0.009955835528671741 -0.0009380380506627262 0.000037729139876319095 
vn -0.009955835528671741 -0.0009380380506627262 0.000037729139876319095 
vn -0.009955835528671741 -0.0009380380506627262 0.000037729139876319095 
vn -0.009955835528671741 -0.0009380380506627262 0.000037729139876319095 
vn -0.009955835528671741 -0.0009380380506627262 0.000037729139876319095 
vn -0.009955835528671741 -0.0009380380506627262 0.000037729139876319095 
vn -0.009955835528671741 -0.0009380380506627262 0.000037729139876319095 
vn -0.009955835528671741 -0.0009380380506627262 0.000037729139876319095 
vn 0.009955907240509987 0.0009380381088703871 -1.528260989980268e-10 
vn 0.009955907240509987 0.0009380381088703871 -1.528260989980268e-10 
vn 0.009955907240509987 0.0009380381088703871 -1.528260989980268e-10 
vn 0.009955907240509987 0.0009380381088703871 -1.528260989980268e-10 
vn 0.009955907240509987 0.0009380381088703871 -1.528260989980268e-10 
vn 0.009955907240509987 0.0009380381088703871 -1.528260989980268e-10 
vn 0.009955907240509987 0.0009380381088703871 -1.528260989980268e-10 
vn 0.009955907240509987 0.0009380381088703871 -1.528260989980268e-10 
vn 0.009955907240509987 0.0009380381088703871 -1.528260989980268e-10 
vt 0.2132457196712494 0.9098480939865112 
vt 0.1578514724969864 0.8702266812324524 
vt 0.22006531059741974 0.8615819811820984 
vt 0.21683497726917267 0.815957248210907 
vt 0.1488783210515976 0.8129556775093079 
vt 0.11023395508527756 0.855458676815033 
vt 0.11071252077817917 0.8111546635627747 
vt 0.05483970791101456 0.81187504529953 
vt 0.05507899075746536 0.7573655843734741 
vt 0.010811451822519302 0.8190789818763733 
vt 0.012606081552803516 0.7573655843734741 
vt 0.010811451822519302 0.6956521272659302 
vt 0.05483970791101456 0.7028560638427734 
vt 0.02133994735777378 0.637180507183075 
vt 0.0615396611392498 0.6499073505401611 
vt 0.11023395508527756 0.6591523885726929 
vt 0.11071252077817917 0.7034563422203064 
vt 0.10975538939237595 0.7573655843734741 
vt 0.14696404337882996 0.7573655843734741 
vt 0.0615396611392498 0.8647036552429199 
vt 0.02133994735777378 0.8775506019592285 
vt 0.1488783210515976 0.701655387878418 
vt 0.1578514724969864 0.6443843841552734 
vt 0.21683497726917267 0.6986537575721741 
vt 0.22006531059741974 0.6530290842056274 
vt 0.2686399519443512 0.7084990739822388 
vt 0.27629706263542175 0.6736802458763123 
vt 0.30249863862991333 0.7341930270195007 
vt 0.3237949311733246 0.7199052572250366 
vt 0.3064468204975128 0.6722394824028015 
vt 0.2132457196712494 0.6048830151557922 
vt 0.29867011308670044 0.7573655843734741 
vt 0.2723488509654999 0.7573655843734741 
vt 0.21611712872982025 0.7573655843734741 
vt 0.2686399519443512 0.8061119318008423 
vt 0.30249863862991333 0.7804180383682251 
vt 0.27629706263542175 0.8410508632659912 
vt 0.3237949311733246 0.7947057485580444 
vt 0.3064468204975128 0.8423715829849243 
vt 0.6506568789482117 0.698413610458374 
vt 0.6449140310287476 0.6770420670509338 
vt 0.6226606369018555 0.6907294988632202 
vt 0.622421383857727 0.6536294221878052 
vt 0.6067482829093933 0.6914498805999756 
vt 0.6037572026252747 0.6548300385475159 
vt 0.5793502330780029 0.6912097334861755 
vt 0.5764788389205933 0.6569912433624268 
vt 0.5519522428512573 0.6910896897315979 
vt 0.5492004752159119 0.6592724323272705 
vt 0.5264684557914734 0.6915699243545532 
vt 0.5222809910774231 0.6628744006156921 
vt 0.5069668292999268 0.6910896897315979 
vt 0.4946436882019043 0.6665964126586914 
vt 0.4673653244972229 0.6705585718154907 
vt 0.4822009205818176 0.6978133320808411 
vt 0.3619607090950012 0.698413610458374 
vt 0.36387500166893005 0.6783627867698669 
vt 0.34580904245376587 0.698413610458374 
vt 0.34999650716781616 0.679443359375 
vt 0.3624393045902252 0.6619138717651367 
vt 0.34951794147491455 0.6639549732208252 
vt 0.3557393252849579 0.6445044279098511 
vt 0.34138229489326477 0.6481063961982727 
vt 0.4634171426296234 0.6170095801353455 
vt 0.4586314558982849 0.6471458673477173 
vt 0.48435449600219727 0.6419830918312073 
vt 0.515820324420929 0.6344190239906311 
vt 0.48363664746284485 0.6161690950393677 
vt 0.5082828998565674 0.6090852618217468 
vt 0.5316130518913269 0.6021215319633484 
vt 0.5415433645248413 0.6306969523429871 
vt 0.5581735968589783 0.5943172574043274 
vt 0.5702574253082275 0.6280555725097656 
vt 0.5847341418266296 0.5865130424499512 
vt 0.5989715456962585 0.625294029712677 
vt 0.5993304252624512 0.579189121723175 
vt 0.621464192867279 0.6226526498794556 
vt 0.6553229093551636 0.6586721539497375 
vt 0.6726710200309753 0.6734400987625122 
vt 0.6732692122459412 0.6353794932365417 
vt 0.6957619190216064 0.6505076885223389 
vt 0.5598486065864563 0.028691070154309273 
vt 0.5446540713310242 0.049102120101451874 
vt 0.5255113244056702 0.023288145661354065 
vt 0.4993097484111786 0.04874192550778389 
vt 0.5626003742218018 0.07635687291622162 
vt 0.4987115263938904 0.08500155806541443 
vt 0.4772956073284149 0.08031901717185974 
vt 0.4664081931114197 0.10985501110553741 
vt 0.4385316073894501 0.10241097956895828 
vt 0.44690653681755066 0.07599668204784393 
vt 0.41065502166748047 0.09496694803237915 
vt 0.5832984447479248 0.053664591163396835 
vt 0.4822009205818176 0.11645858734846115 
vt 0.49823296070098877 0.010561254806816578 
vt 0.4806455969810486 0.046700820326805115 
vt 0.45169222354888916 0.04417945444583893 
vt 0.4165174663066864 0.07179440557956696 
vt 0.38624805212020874 0.08728279173374176 
vt 0.3903158903121948 0.06759212911128998 
vt 0.3602857291698456 0.08019895851612091 
vt 0.4818420112133026 0.012842490337789059 
vt 0.4533672034740448 0.012122100219130516 
vt 0.42285850644111633 0.04165808856487274 
vt 0.4248924255371094 0.011401710100471973 
vt 0.39593905210494995 0.04069757089018822 
vt 0.3985711634159088 0.014883594587445259 
vt 0.37799274921417236 0.014043140225112438 
vt 0.3752409815788269 0.0380561389029026 
vt 0.3667463958263397 0.061348751187324524 
vt 0.34927865862846375 0.057746801525354385 
vt 0.34018588066101074 0.07683713734149933 
vt 0.23394377529621124 0.0625493973493576 
vt 0.23585805296897888 0.049102120101451874 
vt 0.21970638632774353 0.06062835827469826 
vt 0.22030459344387054 0.04778140410780907 
vt 0.23777233064174652 0.03349367156624794 
vt 0.22162064909934998 0.033253539353609085 
vt 0.2363366186618805 0.01668456941843033 
vt 0.22078315913677216 0.017525024712085724 
vt 0.3526286482810974 0.010561254806816578 
vt 0.3557393252849579 0.03637522831559181 
vt 0.08211808651685715 0.020286519080400467 
vt 0.0706324502825737 0.04225841537117958 
vt 0.057112906128168106 0.009960929863154888 
vt 0.05077188089489937 0.03133250027894974 
vt 0.04155944660305977 0.04826166480779648 
vt 0.12040352076292038 0.03877653181552887 
vt 0.10999467223882675 0.0663914829492569 
vt 0.21910817921161652 0.08296044915914536 
vt 0.20307613909244537 0.113216832280159 
vt 0.26624712347984314 0.09772844612598419 
vt 0.2553597092628479 0.15668036043643951 
vt 0.17507991194725037 0.13698969781398773 
vt 0.10150008648633957 0.09136500209569931 
vt 0.057112906128168106 0.05846719071269035 
vt 0.028039900586009026 0.06158887967467308 
vt 0.046943336725234985 0.06999342888593674 
vt 0.010452525690197945 0.07467596232891083 
vt 0.02265601046383381 0.0887235701084137 
vt 0.09671440720558167 0.11285663396120071 
vt 0.07099137455224991 0.1360291838645935 
vt 0.14552834630012512 0.15499944984912872 
vt 0.10090187937021255 0.1682066023349762 
vt 0.16682462394237518 0.1880173236131668 
vt 0.11035359650850296 0.19113901257514954 
vt 0.16694426536560059 0.1987031102180481 
vt 0.11095180362462997 0.1987031102180481 
vt 0.11035359650850296 0.20614713430404663 
vt 0.16682462394237518 0.20926882326602936 
vt 0.10090187937021255 0.22907955944538116 
vt 0.14552834630012512 0.24228671193122864 
vt 0.07099137455224991 0.26125696301460266 
vt 0.09671440720558167 0.28442952036857605 
vt 0.02265601046383381 0.30856257677078247 
vt 0.046943336725234985 0.32729271054267883 
vt 0.010452525690197945 0.32261019945144653 
vt 0.028039900586009026 0.3356972634792328 
vt 0.057112906128168106 0.3388189673423767 
vt 0.04155944660305977 0.3490245044231415 
vt 0.10150008648633957 0.30592116713523865 
vt 0.09671440720558167 0.28442952036857605 
vt 0.17507991194725037 0.26029646396636963 
vt 0.14552834630012512 0.24228671193122864 
vt 0.21145108342170715 0.22415688633918762 
vt 0.16682462394237518 0.20926882326602936 
vt 0.16694426536560059 0.1987031102180481 
vt 0.21013502776622772 0.1987031102180481 
vt 0.2553597092628479 0.24060580134391785 
vt 0.2514115273952484 0.1987031102180481 
vt 0.20307613909244537 0.2841894030570984 
vt 0.10999467223882675 0.33089467883110046 
vt 0.0706324502825737 0.3550277352333069 
vt 0.05077188089489937 0.365953654050827 
vt 0.057112906128168106 0.3873252272605896 
vt 0.08211808651685715 0.3769996464252472 
vt 0.12040352076292038 0.3585096299648285 
vt 0.21910817921161652 0.31444576382637024 
vt 0.26624712347984314 0.2996777892112732 
vt 0.21145108342170715 0.17312926054000854 
vt 0.14552834630012512 0.15499944984912872 
vt 0.09671440720558167 0.11285663396120071 
vt 0.16682462394237518 0.1880173236131668 
vt 0.7254331111907959 0.883073627948761 
vt 0.7259116768836975 0.8523369431495667 
vt 0.7019832730293274 0.883073627948761 
vt 0.7027011513710022 0.8537777662277222 
vt 0.7019832730293274 0.8135559558868408 
vt 0.7456526160240173 0.8812726140022278 
vt 0.7466097474098206 0.8517366647720337 
vt 0.7656328082084656 0.8792315125465393 
vt 0.7675471305847168 0.8529372811317444 
vt 0.7888433933258057 0.8792315125465393 
vt 0.7903987169265747 0.8558188676834106 
vt 0.7702988386154175 0.8231611847877502 
vt 0.7947058081626892 0.815957248210907 
vt 0.7663506865501404 0.6294963359832764 
vt 0.7797505855560303 0.628535807132721 
vt 0.7527114748954773 0.629616379737854 
vt 0.7482847571372986 0.8262828588485718 
vt 0.7261509895324707 0.8224408030509949 
vt 0.7257920503616333 0.6273351311683655 
vt 0.7391919493675232 0.6288959980010986 
vt 0.2864666283130646 0.41890230774879456 
vt 0.30381470918655396 0.4359515607357025 
vt 0.2724685072898865 0.4310288727283478 
vt 0.28515055775642395 0.4487985074520111 
vt 0.2963969111442566 0.46404674649238586 
vt 0.33228951692581177 0.3709963858127594 
vt 0.35071438550949097 0.39308834075927734 
vt 0.362199991941452 0.33989953994750977 
vt 0.40084436535835266 0.3508254587650299 
vt 0.3692588806152344 0.3168470561504364 
vt 0.4174745976924896 0.3191283047199249 
vt 0.4175942540168762 0.3086826503276825 
vt 0.36901959776878357 0.3086826503276825 
vt 0.3692588806152344 0.3005182445049286 
vt 0.4174745976924896 0.29823699593544006 
vt 0.40084436535835266 0.2665398418903351 
vt 0.362199991941452 0.2774657607078552 
vt 0.35071438550949097 0.22427695989608765 
vt 0.33228951692581177 0.2463689148426056 
vt 0.30381470918655396 0.18141375482082367 
vt 0.2864666283130646 0.1983429193496704 
vt 0.2724685072898865 0.18633641302585602 
vt 0.28515055775642395 0.16844673454761505 
vt 0.2963969111442566 0.15331853926181793 
vt 0.3190092444419861 0.16748620569705963 
vt 0.30800217390060425 0.1381903439760208 
vt 0.3620803654193878 0.20074421167373657 
vt 0.43793338537216187 0.2463689148426056 
vt 0.47382599115371704 0.28346899151802063 
vt 0.4725099205970764 0.3086826503276825 
vt 0.5063686370849609 0.3086826503276825 
vt 0.47382599115371704 0.33377623558044434 
vt 0.5128293037414551 0.2575349509716034 
vt 0.4665278196334839 0.22355656325817108 
vt 0.3716517388820648 0.17541049420833588 
vt 0.3326484262943268 0.15223795175552368 
vt 0.32092350721359253 0.12030066549777985 
vt 0.34545013308525085 0.13134664297103882 
vt 0.3836159110069275 0.14839588105678558 
vt 0.4823205769062042 0.19342024624347687 
vt 0.527784526348114 0.21022935211658478 
vt 0.5128293037414551 0.3598303496837616 
vt 0.4665278196334839 0.3936886787414551 
vt 0.43793338537216187 0.3709963858127594 
vt 0.3716517388820648 0.4419547915458679 
vt 0.3836159110069275 0.4689694344997406 
vt 0.34545013308525085 0.48601865768432617 
vt 0.527784526348114 0.4071359634399414 
vt 0.4823205769062042 0.42394503951072693 
vt 0.3620803654193878 0.4166210889816284 
vt 0.3326484262943268 0.4651273488998413 
vt 0.32092350721359253 0.49706462025642395 
vt 0.30800217390060425 0.47905489802360535 
vt 0.3190092444419861 0.44987908005714417 
vt 0.6985136866569519 0.2658194303512573 
vt 0.6989922523498535 0.2408459186553955 
vt 0.6735084652900696 0.26389840245246887 
vt 0.6750638484954834 0.23856468498706818 
vt 0.6727906465530396 0.19642187654972076 
vt 0.719929575920105 0.26894113421440125 
vt 0.7198099493980408 0.24240677058696747 
vt 0.741465151309967 0.27122238278388977 
vt 0.740627646446228 0.24204657971858978 
vt 0.7665899395942688 0.27158257365226746 
vt 0.7646756768226624 0.24048572778701782 
vt 0.742302656173706 0.19089888036251068 
vt 0.7665899395942688 0.1983429193496704 
vt 0.7375169396400452 0.012242165394127369 
vt 0.7511561512947083 0.01164184045046568 
vt 0.7238777875900269 0.012242165394127369 
vt 0.7206474542617798 0.18765713274478912 
vt 0.6979154348373413 0.18993836641311646 
vt 0.6967190504074097 0.010321125388145447 
vt 0.7102385759353638 0.01164184045046568 
vt 0.09491977840662003 0.6125671863555908 
vt 0.07123066484928131 0.5850722789764404 
vt 0.10796075314283371 0.5959981679916382 
vt 0.12435171008110046 0.5692237019538879 
vt 0.11406249552965164 0.6089652180671692 
vt 0.15521934628486633 0.5962383151054382 
vt 0.15928716957569122 0.6154487133026123 
vt 0.19266729056835175 0.5883140563964844 
vt 0.17017459869384766 0.5592582821846008 
vt 0.1346409171819687 0.5387271642684937 
vt 0.16562819480895996 0.5149543285369873 
vt 0.12949632108211517 0.5042685270309448 
vt 0.15163008868694305 0.5027076601982117 
vt 0.17292636632919312 0.47137072682380676 
vt 0.14193908870220184 0.48469793796539307 
vt 0.15222829580307007 0.45720306038856506 
vt 0.12052316963672638 0.4761733114719391 
vt 0.10616612434387207 0.5540955066680908 
vt 0.19266729056835175 0.44987908005714417 
vt 0.17460134625434875 0.42706674337387085 
vt 0.12794096767902374 0.4032938778400421 
vt 0.11813032627105713 0.4491586983203888 
vt 0.08343414962291718 0.40557509660720825 
vt 0.09468049556016922 0.4419547915458679 
vt 0.028039900586009026 0.44255512952804565 
vt 0.06716283410787582 0.4688493609428406 
vt 0.05603612959384918 0.5027076601982117 
vt 0.08606626838445663 0.48157626390457153 
vt 0.11454106867313385 0.4941830635070801 
vt 0.012247156351804733 0.5078704953193665 
vt 0.02780061587691307 0.5483323931694031 
vt 0.05950574576854706 0.5309229493141174 
vt 0.05735218897461891 0.5777482986450195 
vt 0.0847502052783966 0.5393275022506714 
vt 0.3048914968967438 0.2468491792678833 
vt 0.2885005474090576 0.2691812515258789 
vt 0.2974736988544464 0.27290329337120056 
vt 0.2885005474090576 0.302319198846817 
vt 0.3001058101654053 0.28911206126213074 
vt 0.31817173957824707 0.2965560853481293 
vt 0.31314679980278015 0.2905528247356415 
vt 0.32642704248428345 0.27194276452064514 
vt 0.6501783132553101 0.6087250709533691 
vt 0.6465890407562256 0.570064127445221 
vt 0.7161010503768921 0.6068040728569031 
vt 0.7113153338432312 0.5647813081741333 
vt 0.7622828483581543 0.6033221483230591 
vt 0.7622828483581543 0.5628602504730225 
vt 0.8132503628730774 0.5647813081741333 
vt 0.8084646463394165 0.6068040728569031 
vt 0.8780962824821472 0.570064127445221 
vt 0.8743873834609985 0.6087250709533691 
vt 0.6871476769447327 0.4001721739768982 
vt 0.6607068181037903 0.41854211688041687 
vt 0.7079653739929199 0.45119979977607727 
vt 0.6428801417350769 0.4786946773529053 
vt 0.710358202457428 0.5169954299926758 
vt 0.6441962122917175 0.5233588814735413 
vt 0.8142074942588806 0.5169954299926758 
vt 0.8803694844245911 0.5233588814735413 
vt 0.8816855549812317 0.4786946773529053 
vt 0.8166003227233887 0.45119979977607727 
vt 0.8639785647392273 0.41854211688041687 
vt 0.8374180197715759 0.4001721739768982 
vt 0.7622828483581543 0.45360109210014343 
vt 0.7622828483581543 0.39608997106552124 
vt 0.7034189701080322 0.34122025966644287 
vt 0.8211467266082764 0.34122025966644287 
vt 0.7622828483581543 0.5171154737472534 
vt 0.8364608883857727 0.31792765855789185 
vt 0.7979361414909363 0.2965560853481293 
vt 0.7801095247268677 0.3116842806339264 
vt 0.7622828483581543 0.33857882022857666 
vt 0.7622828483581543 0.31312504410743713 
vt 0.7444561719894409 0.3116842806339264 
vt 0.7266295552253723 0.2965560853481293 
vt 0.6881048083305359 0.31792765855789185 
vt 0.6502979397773743 0.3843235969543457 
vt 0.6288820505142212 0.378680557012558 
vt 0.6425212025642395 0.35634845495224 
vt 0.6054322123527527 0.35610833764076233 
vt 0.6432390809059143 0.3404998779296875 
vt 0.6066285967826843 0.3374982476234436 
vt 0.6431193947792053 0.31312504410743713 
vt 0.6089017987251282 0.31024348735809326 
vt 0.6428801417350769 0.28563016653060913 
vt 0.6110553741455078 0.2829887270927429 
vt 0.6433587074279785 0.26029646396636963 
vt 0.6147642731666565 0.2559741139411926 
vt 0.6429997682571411 0.24060580134391785 
vt 0.618353545665741 0.2283591628074646 
vt 0.622421383857727 0.20110441744327545 
vt 0.6496997475624084 0.2158724069595337 
vt 0.6501783132553101 0.09580740332603455 
vt 0.630198061466217 0.09760838001966476 
vt 0.6502979397773743 0.07959862798452377 
vt 0.6312748789787292 0.08380090445280075 
vt 0.6138071417808533 0.09616760164499283 
vt 0.6158410310745239 0.08332064747810364 
vt 0.5963394045829773 0.08944395929574966 
vt 0.5999286770820618 0.07503616064786911 
vt 0.5688217282295227 0.19714225828647614 
vt 0.5989715456962585 0.19233965873718262 
vt 0.5938268899917603 0.21815364062786102 
vt 0.5861698389053345 0.24961067736148834 
vt 0.5679842233657837 0.21731318533420563 
vt 0.5609253644943237 0.24204657971858978 
vt 0.553986132144928 0.26545923948287964 
vt 0.58258056640625 0.2753045856952667 
vt 0.5462093949317932 0.2918735444545746 
vt 0.5798287987709045 0.3040001094341278 
vt 0.5384326577186584 0.31840792298316956 
vt 0.5771966576576233 0.3326956629753113 
vt 0.5310148596763611 0.33305585384368896 
vt 0.5744448900222778 0.35526788234710693 
vt 0.610457181930542 0.3890061378479004 
vt 0.6252927780151367 0.40641555190086365 
vt 0.5871269702911377 0.4070158898830414 
vt 0.6023215055465698 0.429468035697937 
vt 0.553148627281189 0.5679029822349548 
vt 0.5379540920257568 0.5474919080734253 
vt 0.5188114047050476 0.5733059048652649 
vt 0.49260979890823364 0.5477320551872253 
vt 0.5559003949165344 0.5202372074127197 
vt 0.49201157689094543 0.5115925073623657 
vt 0.47059565782546997 0.5162750482559204 
vt 0.45970824360847473 0.48673903942108154 
vt 0.4318316578865051 0.4941830635070801 
vt 0.4402065873146057 0.520477294921875 
vt 0.4039550721645355 0.5016270875930786 
vt 0.5765984654426575 0.542929470539093 
vt 0.4755009710788727 0.4801354706287384 
vt 0.4915330111980438 0.5860328078269958 
vt 0.47394564747810364 0.5497731566429138 
vt 0.4449922740459442 0.55241459608078 
vt 0.40981751680374146 0.524799644947052 
vt 0.3795481026172638 0.5093112587928772 
vt 0.3837355673313141 0.528881847858429 
vt 0.35358577966690063 0.5162750482559204 
vt 0.47514206171035767 0.5837515592575073 
vt 0.44666725397109985 0.5844719409942627 
vt 0.4161585569381714 0.5549359917640686 
vt 0.41819247603416443 0.5850722789764404 
vt 0.389239102602005 0.5558964610099792 
vt 0.39187121391296387 0.5817104578018188 
vt 0.3714124262332916 0.5824308395385742 
vt 0.36854103207588196 0.5584178566932678 
vt 0.3600464463233948 0.5351252555847168 
vt 0.3425787091255188 0.5387271642684937 
vt 0.3334859311580658 0.519636869430542 
vt 0.2272438257932663 0.5339245796203613 
vt 0.22915810346603394 0.5473718643188477 
vt 0.21300643682479858 0.5359656810760498 
vt 0.2136046439409256 0.5488126277923584 
vt 0.23107238113880157 0.5631003975868225 
vt 0.21492069959640503 0.5632204413414001 
vt 0.22963666915893555 0.5799095034599304 
vt 0.2140832096338272 0.578948974609375 
vt 0.34592869877815247 0.5860328078269958 
vt 0.34903937578201294 0.5602188110351562 
vt 0.8030807971954346 0.010561254806816578 
vt 0.7796309590339661 0.010561254806816578 
vt 0.8034396767616272 0.04117783159017563 
vt 0.7802291512489319 0.039737049490213394 
vt 0.7796309590339661 0.07995882630348206 
vt 0.823300302028656 0.012362229637801647 
vt 0.8242574334144592 0.0418982207775116 
vt 0.8432804942131042 0.014403334818780422 
vt 0.8451947569847107 0.04069757089018822 
vt 0.8664910197257996 0.014403334818780422 
vt 0.8680464029312134 0.03769594430923462 
vt 0.8479465246200562 0.07035362720489502 
vt 0.8723534941673279 0.07767759263515472 
vt 0.8438786864280701 0.2641385495662689 
vt 0.85727858543396 0.26509904861450195 
vt 0.8302395343780518 0.26389840245246887 
vt 0.8259323835372925 0.06723193824291229 
vt 0.8037986159324646 0.07107401639223099 
vt 0.803320050239563 0.26629969477653503 
vt 0.8167199492454529 0.26461878418922424 
vt 0.6056714653968811 0.7399561405181885 
vt 0.6037572026252747 0.7151026725769043 
vt 0.5806663036346436 0.7404363751411438 
vt 0.5783931016921997 0.716543436050415 
vt 0.5362791419029236 0.7142622470855713 
vt 0.608782172203064 0.7614477872848511 
vt 0.5822216272354126 0.7613276839256287 
vt 0.6110553741455078 0.7829393744468689 
vt 0.58186274766922 0.7822189927101135 
vt 0.6114143133163452 0.8081530332565308 
vt 0.5803073644638062 0.8062320351600647 
vt 0.5307756066322327 0.7837798595428467 
vt 0.53819340467453 0.8081530332565308 
vt 0.3521500825881958 0.7789772748947144 
vt 0.3514322340488434 0.792664647102356 
vt 0.3521500825881958 0.7654098868370056 
vt 0.5274255871772766 0.7621681690216064 
vt 0.5296987891197205 0.7393558025360107 
vt 0.35023581981658936 0.7381551265716553 
vt 0.3514322340488434 0.751722514629364 
vt 0.8923336863517761 0.6310572028160095 
vt 0.8687642216682434 0.6585520505905151 
vt 0.9053747057914734 0.647506058216095 
vt 0.9217656254768372 0.6744006276130676 
vt 0.9114764332771301 0.6346591114997864 
vt 0.9527528882026672 0.6473860144615173 
vt 0.9567010998725891 0.6281756162643433 
vt 0.990081250667572 0.6551902294158936 
vt 0.9675885438919067 0.6843660473823547 
vt 0.932054877281189 0.7047770619392395 
vt 0.963042140007019 0.7285499572753906 
vt 0.9269102215766907 0.7392357587814331 
vt 0.9490439891815186 0.7409166693687439 
vt 0.9703403115272522 0.7721335291862488 
vt 0.9393529891967773 0.7588063478469849 
vt 0.9496422410011292 0.7863011956214905 
vt 0.9179370999336243 0.7674509882926941 
vt 0.9035800695419312 0.6895288228988647 
vt 0.990081250667572 0.7937452793121338 
vt 0.9720152616500854 0.8165575861930847 
vt 0.9253548979759216 0.8402103781700134 
vt 0.9155442714691162 0.7944656610488892 
vt 0.8808480501174927 0.8380492329597473 
vt 0.8920944333076477 0.8016695380210876 
vt 0.8254538178443909 0.8010692000389099 
vt 0.8645767569541931 0.7746549248695374 
vt 0.8534500598907471 0.7409166693687439 
vt 0.8834801912307739 0.762048065662384 
vt 0.9119549989700317 0.7493212223052979 
vt 0.8096610903739929 0.7356337904930115 
vt 0.8252145648002625 0.6952919363975525 
vt 0.8569196462631226 0.7127013802528381 
vt 0.8547661304473877 0.6657559871673584 
vt 0.8821641206741333 0.7042968273162842 
vt 0.4716724455356598 0.15499944984912872 
vt 0.4940454959869385 0.13867060840129852 
vt 0.49775439500808716 0.1475554257631302 
vt 0.5271863341331482 0.13867060840129852 
vt 0.5137864351272583 0.1501968502998352 
vt 0.5213238596916199 0.16832666099071503 
vt 0.5153417587280273 0.16328392922878265 
vt 0.49667760729789734 0.17661115527153015 
vt 0.877139151096344 0.9537919163703918 
vt 0.905853271484375 0.9453873634338379 
vt 0.9086050391197205 0.924496054649353 
vt 0.9175781607627869 0.9302591681480408 
vt 0.9138692617416382 0.9396242499351501 
vt 0.9332512617111206 0.9492294192314148 
vt 0.9316959381103516 0.9553527235984802 
vt 0.9366012215614319 0.9459876418113708 
vt 0.9436601400375366 0.9501899480819702 
vt 0.9339691400527954 0.9259368181228638 
vt 0.9434208273887634 0.9238957166671753 
vt 0.9297816753387451 0.8920784592628479 
vt 0.9513171911239624 0.8891969323158264 
vt 0.9109978675842285 0.8793516159057617 
vt 0.8893426656723022 0.8926787972450256 
vt 0.9003497362136841 0.8661444187164307 
vt 0.8774980902671814 0.8739486932754517 
vt 0.8650553226470947 0.9027642607688904 
vt 0.8536893129348755 0.8791114687919617 
vt 0.8774980902671814 0.9381834268569946 
vt 0.8108575344085693 0.9553527235984802 
vt 0.8122932314872742 0.9470682740211487 
vt 0.7953040599822998 0.938063383102417 
vt 0.803320050239563 0.9286983013153076 
vt 0.7892023324966431 0.9165717363357544 
vt 0.795423686504364 0.9134500622749329 
vt 0.9036996960639954 0.5178358554840088 
vt 0.9081264734268188 0.44027388095855713 
vt 0.9108782410621643 0.5060694813728333 
vt 0.9155442714691162 0.4307887554168701 
vt 0.9254745244979858 0.5009067058563232 
vt 0.9261924028396606 0.42874765396118164 
vt 0.9063318371772766 0.42322465777397156 
vt 0.9258334636688232 0.41626089811325073 
vt 0.9368405342102051 0.43090882897377014 
vt 0.9452154636383057 0.42310458421707153 
vt 0.9442583322525024 0.4401538372039795 
vt 0.9580171704292297 0.4363117516040802 
vt 0.8935301303863525 0.43691205978393555 
vt 0.9403101205825806 0.5060694813728333 
vt 0.9474886655807495 0.5178358554840088 
vt 0.24782225489616394 0.35574811697006226 
vt 0.30907896161079407 0.35574811697006226 
vt 0.2413615882396698 0.3709963858127594 
vt 0.3026182949542999 0.3709963858127594 
vt 0.47490277886390686 0.8960406184196472 
vt 0.547645092010498 0.8728680610656738 
vt 0.480167031288147 0.9082872867584229 
vt 0.5413040518760681 0.9098480939865112 
vt 0.5579343438148499 0.9093678593635559 
vt 0.5611646771430969 0.8725078701972961 
vt 0.5745645761489868 0.9090076684951782 
vt 0.574684202671051 0.8721476793289185 
vt 0.5911948084831238 0.9093678593635559 
vt 0.5882037281990051 0.8725078701972961 
vt 0.6078250408172607 0.9098480939865112 
vt 0.601723313331604 0.8728680610656738 
vt 0.6743459701538086 0.896881103515625 
vt 0.6690817475318909 0.9085273742675781 
vt 0.22544920444488525 0.3588698208332062 
vt 0.24782225489616394 0.35574811697006226 
vt 0.22628669440746307 0.33389630913734436 
vt 0.2414812296628952 0.3403798043727875 
vt 0.204392209649086 0.3555079996585846 
vt 0.22544920444488525 0.3588698208332062 
vt 0.21085287630558014 0.3401396870613098 
vt 0.22628669440746307 0.33389630913734436 
vt 0.21073323488235474 0.3708763122558594 
vt 0.22604741156101227 0.37723976373672485 
vt 0.204392209649086 0.3555079996585846 
vt 0.22544920444488525 0.3588698208332062 
vt 0.22604741156101227 0.37723976373672485 
vt 0.2413615882396698 0.3709963858127594 
vt 0.22544920444488525 0.3588698208332062 
vt 0.24782225489616394 0.35574811697006226 
vt 0.2414812296628952 0.3403798043727875 
vt 0.24782225489616394 0.35574811697006226 
vt 0.30273792147636414 0.3403798043727875 
vt 0.30907896161079407 0.35574811697006226 
vt 0.22628669440746307 0.33389630913734436 
vt 0.2414812296628952 0.3403798043727875 
vt 0.287543386220932 0.33389630913734436 
vt 0.30273792147636414 0.3403798043727875 
vt 0.2413615882396698 0.3709963858127594 
vt 0.22604741156101227 0.37723976373672485 
vt 0.3026182949542999 0.3709963858127594 
vt 0.2873041033744812 0.3773598372936249 
vt 0.2319098711013794 0.9270173907279968 
vt 0.2365759015083313 0.952111005783081 
vt 0.3010629415512085 0.9027642607688904 
vt 0.306207537651062 0.9392640590667725 
vt 0.33121272921562195 0.9060060381889343 
vt 0.24219907820224762 0.9745631217956543 
vt 0.3114717900753021 0.970000684261322 
vt 0.2416008710861206 0.9815269112586975 
vt 0.31230929493904114 0.9820071458816528 
vt 0.3370751738548279 0.9649579524993896 
vt 0.3387501835823059 0.9810466766357422 
vt 0.36411428451538086 0.9585945010185242 
vt 0.3653106987476349 0.9791256189346313 
vt 0.36315715312957764 0.9359022378921509 
vt 0.3342037796974182 0.9374630451202393 
vt 0.3653106987476349 0.9087675213813782 
vt 0.3327680826187134 0.8954402804374695 
vt 0.34054479002952576 0.8831936717033386 
vt 0.3069254159927368 0.887395977973938 
vt 0.3108735978603363 0.8765900731086731 
vt 0.5034971833229065 0.4882998764514923 
vt 0.5030186176300049 0.47341182827949524 
vt 0.525391697883606 0.4874594211578369 
vt 0.5237166881561279 0.4645270109176636 
vt 0.5490807890892029 0.4869791865348816 
vt 0.5499182939529419 0.4552820026874542 
vt 0.573846697807312 0.487819641828537 
vt 0.5770770311355591 0.447597861289978 
vt 0.5927501320838928 0.4882998764514923 
vt 0.5940662026405334 0.451800137758255 
vt 0.913749635219574 0.3533468246459961 
vt 0.9275084733963013 0.32225000858306885 
vt 0.943061888217926 0.3218897879123688 
vt 0.9446172714233398 0.25561392307281494 
vt 0.9346869587898254 0.35058534145355225 
vt 0.9196121096611023 0.3623517155647278 
vt 0.9289441704750061 0.3586297035217285 
vt 0.9385155439376831 0.3779601454734802 
vt 0.9446172714233398 0.3765193819999695 
vt 0.935285210609436 0.3813219666481018 
vt 0.9394726753234863 0.38840579986572266 
vt 0.9151853322982788 0.378680557012558 
vt 0.9132710695266724 0.388165682554245 
vt 0.8813266158103943 0.37459832429885864 
vt 0.8785749077796936 0.39608997106552124 
vt 0.8686445951461792 0.35574811697006226 
vt 0.8819248676300049 0.334016352891922 
vt 0.8554839491844177 0.34506234526634216 
vt 0.8632606863975525 0.32225000858306885 
vt 0.8920944333076477 0.30976322293281555 
vt 0.868405282497406 0.2983570694923401 
vt 0.9363619685173035 0.2570546865463257 
vt 0.9179370999336243 0.24804982542991638 
vt 0.9272691607475281 0.2400054633617401 
vt 0.905853271484375 0.23388215899467468 
vt 0.9027425646781921 0.24012553691864014 
vt 0.8956837058067322 0.08440122753381729 
vt 0.9028621912002563 0.09616760164499283 
vt 0.9001104235649109 0.16196322441101074 
vt 0.907408595085144 0.17144834995269775 
vt 0.8855141401290894 0.1652049720287323 
vt 0.8983157873153687 0.17889238893985748 
vt 0.9181763529777527 0.17348946630954742 
vt 0.9178174734115601 0.18597622215747833 
vt 0.9288245439529419 0.1712082177400589 
vt 0.9371994733810425 0.1790124475955963 
vt 0.9362423419952393 0.16208328306674957 
vt 0.9500011801719666 0.16580529510974884 
vt 0.9174585342407227 0.10133039206266403 
vt 0.9322941303253174 0.09616760164499283 
vt 0.9393529891967773 0.08440122753381729 
vt 0.04718261957168579 0.2343624085187912 
vt 0.04718261957168579 0.17312926054000854 
vt 0.03186844289302826 0.2408459186553955 
vt 0.03198808431625366 0.17961277067661285 
vt 0.5271863341331482 0.8452531099319458 
vt 0.454324334859848 0.8219605088233948 
vt 0.5219220519065857 0.857379674911499 
vt 0.46066537499427795 0.8589405417442322 
vt 0.444035142660141 0.8585803508758545 
vt 0.4408048093318939 0.8216003179550171 
vt 0.42740491032600403 0.8581001162528992 
vt 0.42728525400161743 0.821360170841217 
vt 0.4107746481895447 0.8584603071212769 
vt 0.41376569867134094 0.8216003179550171 
vt 0.3942640721797943 0.8589405417442322 
vt 0.40024617314338684 0.8219605088233948 
vt 0.3276234567165375 0.845973551273346 
vt 0.3330073654651642 0.8577398657798767 
vt 0.016554268077015877 0.17324933409690857 
vt 0.010093599557876587 0.15800108015537262 
vt 0.03198808431625366 0.17961277067661285 
vt 0.03509877622127533 0.15716062486171722 
vt 0.010093599557876587 0.15800108015537262 
vt 0.016434626653790474 0.14263275265693665 
vt 0.03509877622127533 0.15716062486171722 
vt 0.031748801469802856 0.13614924252033234 
vt 0.03509877622127533 0.15716062486171722 
vt 0.031748801469802856 0.13614924252033234 
vt 0.05352364480495453 0.15776094794273376 
vt 0.04706297814846039 0.1423926204442978 
vt 0.03198808431625366 0.17961277067661285 
vt 0.03509877622127533 0.15716062486171722 
vt 0.04718261957168579 0.17312926054000854 
vt 0.05352364480495453 0.15776094794273376 
vt 0.03186844289302826 0.2408459186553955 
vt 0.016554268077015877 0.23460254073143005 
vt 0.03198808431625366 0.17961277067661285 
vt 0.016554268077015877 0.17324933409690857 
vt 0.016554268077015877 0.23460254073143005 
vt 0.010093599557876587 0.21923422813415527 
vt 0.016554268077015877 0.17324933409690857 
vt 0.010093599557876587 0.15800108015537262 
vt 0.05352364480495453 0.21899409592151642 
vt 0.04718261957168579 0.2343624085187912 
vt 0.05352364480495453 0.15776094794273376 
vt 0.04718261957168579 0.17312926054000854 
vt 0.19805118441581726 0.929658830165863 
vt 0.19326549768447876 0.9548724889755249 
vt 0.12889809906482697 0.9054057002067566 
vt 0.12375350296497345 0.9420255422592163 
vt 0.09874831885099411 0.9086474776268005 
vt 0.18764232099056244 0.9772045612335205 
vt 0.11848925054073334 0.9726421236991882 
vt 0.18824054300785065 0.9841683506965637 
vt 0.11753211915493011 0.9847686886787415 
vt 0.09276622533798218 0.9675993919372559 
vt 0.09109123051166534 0.983808159828186 
vt 0.0658467710018158 0.9612359404563904 
vt 0.06465034931898117 0.9818871021270752 
vt 0.06668426841497421 0.9385436177253723 
vt 0.09563762694597244 0.9401044845581055 
vt 0.06465034931898117 0.911529004573822 
vt 0.09719297289848328 0.8980817198753357 
vt 0.0892966017127037 0.8859551548957825 
vt 0.12291600555181503 0.8900373578071594 
vt 0.11908746510744095 0.8792315125465393 
vt 0.21228857338428497 0.5084708333015442 
vt 0.24889902770519257 0.5071501135826111 
vt 0.20810110867023468 0.49142158031463623 
vt 0.24830082058906555 0.4881798326969147 
vt 0.21575820446014404 0.4642868936061859 
vt 0.24746333062648773 0.4634464383125305 
vt 0.22509028017520905 0.43811270594596863 
vt 0.24794189631938934 0.4397936165332794 
vt 0.23394377529621124 0.4173414707183838 
vt 0.24889902770519257 0.4179418087005615 
vt 0.7725720405578613 0.9170520305633545 
vt 0.7725720405578613 0.9934133291244507 
vt 0.6987529397010803 0.9306193590164185 
vt 0.6378551721572876 0.9345815181732178 
vt 0.6161999702453613 0.9480288028717041 
vt 0.6171571016311646 0.9552326798439026 
vt 0.6161999702453613 0.9624365568161011 
vt 0.6987529397010803 0.9798460006713867 
vt 0.6378551721572876 0.9758838415145874 
vt 0.7725720405578613 0.9170520305633545 
vt 0.7725720405578613 0.9934133291244507 
vt 0.6987529397010803 0.9306193590164185 
vt 0.6378551721572876 0.9345815181732178 
vt 0.6161999702453613 0.9480288028717041 
vt 0.6171571016311646 0.9552326798439026 
vt 0.6161999702453613 0.9624365568161011 
vt 0.6987529397010803 0.9798460006713867 
vt 0.6378551721572876 0.9758838415145874 
s on 
f 1/1/1 2/2/2 3/3/3 
f 2/2/2 2/2/2 3/3/3 
f 3/3/3 2/2/2 4/4/4 
f 2/2/2 2/2/2 4/4/4 
f 4/4/4 2/2/2 5/5/5 
f 2/2/2 6/6/6 5/5/5 
f 5/5/5 6/6/6 7/7/7 
f 6/6/6 8/8/8 7/7/7 
f 7/7/7 8/8/8 9/9/9 
f 8/8/8 10/10/10 9/9/9 
f 9/9/9 10/10/10 9/9/9 
f 10/10/10 11/11/11 9/9/9 
f 9/9/9 11/11/11 9/9/9 
f 11/11/11 12/12/12 9/9/9 
f 9/9/9 12/12/12 13/13/13 
f 12/12/12 14/14/14 13/13/13 
f 13/13/13 14/14/14 13/13/13 
f 14/14/14 15/15/15 13/13/13 
f 13/13/13 15/15/15 13/13/13 
f 15/15/15 16/16/16 13/13/13 
f 13/13/13 16/16/16 13/13/13 
f 16/16/16 17/17/17 13/13/13 
f 13/13/13 17/17/17 9/9/9 
f 17/17/17 18/18/18 9/9/9 
f 9/9/9 18/18/18 7/7/7 
f 18/18/18 19/19/19 7/7/7 
f 7/7/7 19/19/19 5/5/5 
f 19/19/19 5/5/5 5/5/5 
f 5/5/5 5/5/5 6/6/6 
f 5/5/5 6/6/6 6/6/6 
f 6/6/6 6/6/6 8/8/8 
f 6/6/6 20/20/20 8/8/8 
f 8/8/8 20/20/20 8/8/8 
f 20/20/20 21/21/21 8/8/8 
f 8/8/8 21/21/21 10/10/10 
f 21/21/21 10/10/10 10/10/10 
f 10/10/10 10/10/10 18/18/18 
f 10/10/10 18/18/18 18/18/18 
f 18/18/18 18/18/18 19/19/19 
f 18/18/18 17/17/17 19/19/19 
f 19/19/19 17/17/17 22/22/22 
f 17/17/17 16/16/16 22/22/22 
f 22/22/22 16/16/16 22/22/22 
f 16/16/16 23/23/23 22/22/22 
f 22/22/22 23/23/23 24/24/24 
f 23/23/23 25/25/25 24/24/24 
f 24/24/24 25/25/25 26/26/26 
f 25/25/25 27/27/27 26/26/26 
f 26/26/26 27/27/27 28/28/28 
f 27/27/27 27/27/27 28/28/28 
f 28/28/28 27/27/27 29/29/29 
f 27/27/27 30/30/30 29/29/29 
f 29/29/29 30/30/30 30/30/30 
f 30/30/30 23/23/23 30/30/30 
f 30/30/30 23/23/23 23/23/23 
f 23/23/23 31/31/31 23/23/23 
f 23/23/23 31/31/31 25/25/25 
f 31/31/31 25/25/25 25/25/25 
f 25/25/25 25/25/25 28/28/28 
f 25/25/25 28/28/28 28/28/28 
f 28/28/28 28/28/28 26/26/26 
f 28/28/28 32/32/32 26/26/26 
f 26/26/26 32/32/32 26/26/26 
f 32/32/32 33/33/33 26/26/26 
f 26/26/26 33/33/33 24/24/24 
f 33/33/33 34/34/34 24/24/24 
f 24/24/24 34/34/34 22/22/22 
f 34/34/34 34/34/34 22/22/22 
f 22/22/22 34/34/34 19/19/19 
f 34/34/34 34/34/34 19/19/19 
f 19/19/19 34/34/34 5/5/5 
f 34/34/34 34/34/34 5/5/5 
f 5/5/5 34/34/34 4/4/4 
f 34/34/34 33/33/33 4/4/4 
f 4/4/4 33/33/33 35/35/35 
f 33/33/33 32/32/32 35/35/35 
f 35/35/35 32/32/32 35/35/35 
f 32/32/32 36/36/36 35/35/35 
f 35/35/35 36/36/36 37/37/37 
f 36/36/36 38/38/38 37/37/37 
f 37/37/37 38/38/38 39/39/39 
f 38/38/38 39/39/39 39/39/39 
f 39/39/39 39/39/39 4/4/4 
f 39/39/39 4/4/4 4/4/4 
f 4/4/4 4/4/4 3/3/3 
f 4/4/4 35/35/35 3/3/3 
f 3/3/3 35/35/35 37/37/37 
f 35/35/35 37/37/37 37/37/37 
f 37/37/37 37/37/37 40/40/40 
f 37/37/37 40/40/40 40/40/40 
f 40/40/40 40/40/40 41/41/41 
f 40/40/40 42/42/42 41/41/41 
f 41/41/41 42/42/42 43/43/43 
f 42/42/42 44/44/44 43/43/43 
f 43/43/43 44/44/44 45/45/45 
f 44/44/44 46/46/46 45/45/45 
f 45/45/45 46/46/46 47/47/47 
f 46/46/46 48/48/48 47/47/47 
f 47/47/47 48/48/48 49/49/49 
f 48/48/48 50/50/50 49/49/49 
f 49/49/49 50/50/50 51/51/51 
f 50/50/50 52/52/52 51/51/51 
f 51/51/51 52/52/52 53/53/53 
f 52/52/52 52/52/52 53/53/53 
f 53/53/53 52/52/52 54/54/54 
f 52/52/52 55/55/55 54/54/54 
f 54/54/54 55/55/55 54/54/54 
f 55/55/55 56/56/56 54/54/54 
f 54/54/54 56/56/56 57/57/57 
f 56/56/56 58/58/58 57/57/57 
f 57/57/57 58/58/58 57/57/57 
f 58/58/58 59/59/59 57/57/57 
f 57/57/57 59/59/59 60/60/60 
f 59/59/59 61/61/61 60/60/60 
f 60/60/60 61/61/61 62/62/62 
f 61/61/61 63/63/63 62/62/62 
f 62/62/62 63/63/63 63/63/63 
f 63/63/63 62/62/62 63/63/63 
f 63/63/63 62/62/62 62/62/62 
f 62/62/62 64/64/64 62/62/62 
f 62/62/62 64/64/64 60/60/60 
f 64/64/64 65/65/65 60/60/60 
f 60/60/60 65/65/65 57/57/57 
f 65/65/65 65/65/65 57/57/57 
f 57/57/57 65/65/65 54/54/54 
f 65/65/65 66/66/66 54/54/54 
f 54/54/54 66/66/66 53/53/53 
f 66/66/66 66/66/66 53/53/53 
f 53/53/53 66/66/66 67/67/67 
f 66/66/66 68/68/68 67/67/67 
f 67/67/67 68/68/68 67/67/67 
f 68/68/68 69/69/69 67/67/67 
f 67/67/67 69/69/69 67/67/67 
f 69/69/69 70/70/70 67/67/67 
f 67/67/67 70/70/70 71/71/71 
f 70/70/70 72/72/72 71/71/71 
f 71/71/71 72/72/72 73/73/73 
f 72/72/72 74/74/74 73/73/73 
f 73/73/73 74/74/74 75/75/75 
f 74/74/74 76/76/76 75/75/75 
f 75/75/75 76/76/76 75/75/75 
f 76/76/76 77/77/77 75/75/75 
f 75/75/75 77/77/77 75/75/75 
f 77/77/77 45/45/45 75/75/75 
f 75/75/75 45/45/45 75/75/75 
f 45/45/45 47/47/47 75/75/75 
f 75/75/75 47/47/47 73/73/73 
f 47/47/47 49/49/49 73/73/73 
f 73/73/73 49/49/49 71/71/71 
f 49/49/49 51/51/51 71/71/71 
f 71/71/71 51/51/51 67/67/67 
f 51/51/51 53/53/53 67/67/67 
f 67/67/67 53/53/53 53/53/53 
f 53/53/53 66/66/66 53/53/53 
f 53/53/53 66/66/66 66/66/66 
f 66/66/66 65/65/65 66/66/66 
f 66/66/66 65/65/65 68/68/68 
f 65/65/65 64/64/64 68/68/68 
f 68/68/68 64/64/64 64/64/64 
f 64/64/64 45/45/45 64/64/64 
f 64/64/64 45/45/45 45/45/45 
f 45/45/45 77/77/77 45/45/45 
f 45/45/45 77/77/77 43/43/43 
f 77/77/77 78/78/78 43/43/43 
f 43/43/43 78/78/78 41/41/41 
f 78/78/78 79/79/79 41/41/41 
f 41/41/41 79/79/79 40/40/40 
f 79/79/79 40/40/40 40/40/40 
f 40/40/40 40/40/40 77/77/77 
f 40/40/40 77/77/77 77/77/77 
f 77/77/77 77/77/77 78/78/78 
f 77/77/77 80/80/80 78/78/78 
f 78/78/78 80/80/80 79/79/79 
f 80/80/80 81/81/81 79/79/79 
f 79/79/79 81/81/81 81/81/81 
f 81/81/81 82/82/82 81/81/81 
f 81/81/81 82/82/82 82/82/82 
f 82/82/82 83/83/83 82/82/82 
f 82/82/82 83/83/83 84/84/84 
f 83/83/83 83/83/83 84/84/84 
f 84/84/84 83/83/83 85/85/85 
f 83/83/83 86/86/86 85/85/85 
f 85/85/85 86/86/86 85/85/85 
f 86/86/86 87/87/87 85/85/85 
f 85/85/85 87/87/87 88/88/88 
f 87/87/87 89/89/89 88/88/88 
f 88/88/88 89/89/89 88/88/88 
f 89/89/89 90/90/90 88/88/88 
f 88/88/88 90/90/90 91/91/91 
f 90/90/90 92/92/92 91/91/91 
f 91/91/91 92/92/92 92/92/92 
f 92/92/92 82/82/82 92/92/92 
f 92/92/92 82/82/82 82/82/82 
f 82/82/82 93/93/93 82/82/82 
f 82/82/82 93/93/93 83/83/83 
f 93/93/93 86/86/86 83/83/83 
f 83/83/83 86/86/86 86/86/86 
f 86/86/86 87/87/87 86/86/86 
f 86/86/86 87/87/87 87/87/87 
f 87/87/87 94/94/94 87/87/87 
f 87/87/87 94/94/94 89/89/89 
f 94/94/94 89/89/89 89/89/89 
f 89/89/89 89/89/89 84/84/84 
f 89/89/89 84/84/84 84/84/84 
f 84/84/84 84/84/84 95/95/95 
f 84/84/84 85/85/85 95/95/95 
f 95/95/95 85/85/85 96/96/96 
f 85/85/85 88/88/88 96/96/96 
f 96/96/96 88/88/88 96/96/96 
f 88/88/88 91/91/91 96/96/96 
f 96/96/96 91/91/91 97/97/97 
f 91/91/91 91/91/91 97/97/97 
f 97/97/97 91/91/91 98/98/98 
f 91/91/91 92/92/92 98/98/98 
f 98/98/98 92/92/92 98/98/98 
f 92/92/92 99/99/99 98/98/98 
f 98/98/98 99/99/99 100/100/100 
f 99/99/99 101/101/101 100/100/100 
f 100/100/100 101/101/101 101/101/101 
f 101/101/101 95/95/95 101/101/101 
f 101/101/101 95/95/95 95/95/95 
f 95/95/95 96/96/96 95/95/95 
f 95/95/95 96/96/96 102/102/102 
f 96/96/96 97/97/97 102/102/102 
f 102/102/102 97/97/97 103/103/103 
f 97/97/97 104/104/104 103/103/103 
f 103/103/103 104/104/104 105/105/105 
f 104/104/104 106/106/106 105/105/105 
f 105/105/105 106/106/106 107/107/107 
f 106/106/106 106/106/106 107/107/107 
f 107/107/107 106/106/106 108/108/108 
f 106/106/106 106/106/106 108/108/108 
f 108/108/108 106/106/106 109/109/109 
f 106/106/106 110/110/110 109/109/109 
f 109/109/109 110/110/110 111/111/111 
f 110/110/110 101/101/101 111/111/111 
f 111/111/111 101/101/101 111/111/111 
f 101/101/101 112/112/112 111/111/111 
f 111/111/111 112/112/112 111/111/111 
f 112/112/112 113/113/113 111/111/111 
f 111/111/111 113/113/113 114/114/114 
f 113/113/113 115/115/115 114/114/114 
f 114/114/114 115/115/115 114/114/114 
f 115/115/115 116/116/116 114/114/114 
f 114/114/114 116/116/116 117/117/117 
f 116/116/116 118/118/118 117/117/117 
f 117/117/117 118/118/118 119/119/119 
f 118/118/118 120/120/120 119/119/119 
f 119/119/119 120/120/120 120/120/120 
f 120/120/120 97/97/97 120/120/120 
f 120/120/120 97/97/97 97/97/97 
f 97/97/97 98/98/98 97/97/97 
f 97/97/97 98/98/98 104/104/104 
f 98/98/98 100/100/100 104/104/104 
f 104/104/104 100/100/100 106/106/106 
f 100/100/100 100/100/100 106/106/106 
f 106/106/106 100/100/100 110/110/110 
f 100/100/100 101/101/101 110/110/110 
f 110/110/110 101/101/101 101/101/101 
f 101/101/101 119/119/119 101/101/101 
f 101/101/101 119/119/119 119/119/119 
f 119/119/119 121/121/121 119/119/119 
f 119/119/119 121/121/121 117/117/117 
f 121/121/121 122/122/122 117/117/117 
f 117/117/117 122/122/122 114/114/114 
f 122/122/122 122/122/122 114/114/114 
f 114/114/114 122/122/122 111/111/111 
f 122/122/122 122/122/122 111/111/111 
f 111/111/111 122/122/122 109/109/109 
f 122/122/122 122/122/122 109/109/109 
f 109/109/109 122/122/122 108/108/108 
f 122/122/122 121/121/121 108/108/108 
f 108/108/108 121/121/121 121/121/121 
f 121/121/121 123/123/123 121/121/121 
f 121/121/121 123/123/123 123/123/123 
f 123/123/123 124/124/124 123/123/123 
f 123/123/123 124/124/124 125/125/125 
f 124/124/124 124/124/124 125/125/125 
f 125/125/125 124/124/124 126/126/126 
f 124/124/124 127/127/127 126/126/126 
f 126/126/126 127/127/127 127/127/127 
f 127/127/127 123/123/123 127/127/127 
f 127/127/127 123/123/123 123/123/123 
f 123/123/123 128/128/128 123/123/123 
f 123/123/123 128/128/128 124/124/124 
f 128/128/128 128/128/128 124/124/124 
f 124/124/124 128/128/128 129/129/129 
f 128/128/128 130/130/130 129/129/129 
f 129/129/129 130/130/130 131/131/131 
f 130/130/130 132/132/132 131/131/131 
f 131/131/131 132/132/132 131/131/131 
f 132/132/132 133/133/133 131/131/131 
f 131/131/131 133/133/133 131/131/131 
f 133/133/133 134/134/134 131/131/131 
f 131/131/131 134/134/134 131/131/131 
f 134/134/134 135/135/135 131/131/131 
f 131/131/131 135/135/135 129/129/129 
f 135/135/135 136/136/136 129/129/129 
f 129/129/129 136/136/136 124/124/124 
f 136/136/136 136/136/136 124/124/124 
f 124/124/124 136/136/136 127/127/127 
f 136/136/136 136/136/136 127/127/127 
f 127/127/127 136/136/136 137/137/137 
f 136/136/136 138/138/138 137/137/137 
f 137/137/137 138/138/138 139/139/139 
f 138/138/138 138/138/138 139/139/139 
f 139/139/139 138/138/138 140/140/140 
f 138/138/138 141/141/141 140/140/140 
f 140/140/140 141/141/141 142/142/142 
f 141/141/141 143/143/143 142/142/142 
f 142/142/142 143/143/143 144/144/144 
f 143/143/143 145/145/145 144/144/144 
f 144/144/144 145/145/145 146/146/146 
f 145/145/145 147/147/147 146/146/146 
f 146/146/146 147/147/147 148/148/148 
f 147/147/147 147/147/147 148/148/148 
f 148/148/148 147/147/147 149/149/149 
f 147/147/147 150/150/150 149/149/149 
f 149/149/149 150/150/150 151/151/151 
f 150/150/150 152/152/152 151/151/151 
f 151/151/151 152/152/152 153/153/153 
f 152/152/152 154/154/154 153/153/153 
f 153/153/153 154/154/154 155/155/155 
f 154/154/154 156/156/156 155/155/155 
f 155/155/155 156/156/156 157/157/157 
f 156/156/156 156/156/156 157/157/157 
f 157/157/157 156/156/156 158/158/158 
f 156/156/156 159/159/159 158/158/158 
f 158/158/158 159/159/159 160/160/160 
f 159/159/159 160/160/160 160/160/160 
f 160/160/160 160/160/160 135/135/135 
f 160/160/160 135/135/135 135/135/135 
f 135/135/135 135/135/135 136/136/136 
f 135/135/135 138/138/138 136/136/136 
f 136/136/136 138/138/138 138/138/138 
f 138/138/138 159/159/159 138/138/138 
f 138/138/138 159/159/159 159/159/159 
f 159/159/159 156/156/156 159/159/159 
f 159/159/159 156/156/156 161/161/161 
f 156/156/156 162/162/162 161/161/161 
f 161/161/161 162/162/162 163/163/163 
f 162/162/162 164/164/164 163/163/163 
f 163/163/163 164/164/164 165/165/165 
f 164/164/164 166/166/166 165/165/165 
f 165/165/165 166/166/166 165/165/165 
f 166/166/166 167/167/167 165/165/165 
f 165/165/165 167/167/167 165/165/165 
f 167/167/167 168/168/168 165/165/165 
f 165/165/165 168/168/168 169/169/169 
f 168/168/168 170/170/170 169/169/169 
f 169/169/169 170/170/170 170/170/170 
f 170/170/170 165/165/165 170/170/170 
f 170/170/170 165/165/165 165/165/165 
f 165/165/165 169/169/169 165/165/165 
f 165/165/165 169/169/169 163/163/163 
f 169/169/169 171/171/171 163/163/163 
f 163/163/163 171/171/171 161/161/161 
f 171/171/171 172/172/172 161/161/161 
f 161/161/161 172/172/172 159/159/159 
f 172/172/172 173/173/173 159/159/159 
f 159/159/159 173/173/173 160/160/160 
f 173/173/173 173/173/173 160/160/160 
f 160/160/160 173/173/173 174/174/174 
f 173/173/173 173/173/173 174/174/174 
f 174/174/174 173/173/173 175/175/175 
f 173/173/173 173/173/173 175/175/175 
f 175/175/175 173/173/173 176/176/176 
f 173/173/173 173/173/173 176/176/176 
f 176/176/176 173/173/173 177/177/177 
f 173/173/173 172/172/172 177/177/177 
f 177/177/177 172/172/172 178/178/178 
f 172/172/172 171/171/171 178/178/178 
f 178/178/178 171/171/171 179/179/179 
f 171/171/171 169/169/169 179/179/179 
f 179/179/179 169/169/169 169/169/169 
f 169/169/169 170/170/170 169/169/169 
f 169/169/169 170/170/170 170/170/170 
f 170/170/170 168/168/168 170/170/170 
f 170/170/170 168/168/168 133/133/133 
f 168/168/168 180/180/180 133/133/133 
f 133/133/133 180/180/180 134/134/134 
f 180/180/180 181/181/181 134/134/134 
f 134/134/134 181/181/181 134/134/134 
f 181/181/181 182/182/182 134/134/134 
f 134/134/134 182/182/182 135/135/135 
f 182/182/182 138/138/138 135/135/135 
f 135/135/135 138/138/138 138/138/138 
f 138/138/138 168/168/168 138/138/138 
f 138/138/138 168/168/168 168/168/168 
f 168/168/168 167/167/167 168/168/168 
f 168/168/168 167/167/167 180/180/180 
f 167/167/167 183/183/183 180/180/180 
f 180/180/180 183/183/183 181/181/181 
f 183/183/183 181/181/181 181/181/181 
f 181/181/181 181/181/181 184/184/184 
f 181/181/181 184/184/184 184/184/184 
f 184/184/184 184/184/184 185/185/185 
f 184/184/184 186/186/186 185/185/185 
f 185/185/185 186/186/186 185/185/185 
f 186/186/186 187/187/187 185/185/185 
f 185/185/185 187/187/187 188/188/188 
f 187/187/187 188/188/188 188/188/188 
f 188/188/188 188/188/188 184/184/184 
f 188/188/188 184/184/184 184/184/184 
f 184/184/184 184/184/184 189/189/189 
f 184/184/184 185/185/185 189/189/189 
f 189/189/189 185/185/185 189/189/189 
f 185/185/185 190/190/190 189/189/189 
f 189/189/189 190/190/190 191/191/191 
f 190/190/190 192/192/192 191/191/191 
f 191/191/191 192/192/192 193/193/193 
f 192/192/192 192/192/192 193/193/193 
f 193/193/193 192/192/192 194/194/194 
f 192/192/192 195/195/195 194/194/194 
f 194/194/194 195/195/195 196/196/196 
f 195/195/195 197/197/197 196/196/196 
f 196/196/196 197/197/197 198/198/198 
f 197/197/197 198/198/198 198/198/198 
f 198/198/198 198/198/198 197/197/197 
f 198/198/198 197/197/197 197/197/197 
f 197/197/197 197/197/197 199/199/199 
f 197/197/197 195/195/195 199/199/199 
f 199/199/199 195/195/195 200/200/200 
f 195/195/195 192/192/192 200/200/200 
f 200/200/200 192/192/192 200/200/200 
f 192/192/192 190/190/190 200/200/200 
f 200/200/200 190/190/190 201/201/201 
f 190/190/190 185/185/185 201/201/201 
f 201/201/201 185/185/185 201/201/201 
f 185/185/185 188/188/188 201/201/201 
f 201/201/201 188/188/188 201/201/201 
f 188/188/188 202/202/202 201/201/201 
f 201/201/201 202/202/202 201/201/201 
f 202/202/202 203/203/203 201/201/201 
f 201/201/201 203/203/203 200/200/200 
f 203/203/203 199/199/199 200/200/200 
f 200/200/200 199/199/199 199/199/199 
f 199/199/199 204/204/204 199/199/199 
f 199/199/199 204/204/204 204/204/204 
f 204/204/204 205/205/205 204/204/204 
f 204/204/204 205/205/205 206/206/206 
f 205/205/205 205/205/205 206/206/206 
f 206/206/206 205/205/205 207/207/207 
f 205/205/205 208/208/208 207/207/207 
f 207/207/207 208/208/208 208/208/208 
f 208/208/208 204/204/204 208/208/208 
f 208/208/208 204/204/204 204/204/204 
f 204/204/204 209/209/209 204/204/204 
f 204/204/204 209/209/209 205/205/205 
f 209/209/209 209/209/209 205/205/205 
f 205/205/205 209/209/209 210/210/210 
f 209/209/209 211/211/211 210/210/210 
f 210/210/210 211/211/211 212/212/212 
f 211/211/211 213/213/213 212/212/212 
f 212/212/212 213/213/213 214/214/214 
f 213/213/213 213/213/213 214/214/214 
f 214/214/214 213/213/213 215/215/215 
f 213/213/213 216/216/216 215/215/215 
f 215/215/215 216/216/216 215/215/215 
f 216/216/216 217/217/217 215/215/215 
f 215/215/215 217/217/217 218/218/218 
f 217/217/217 217/217/217 218/218/218 
f 218/218/218 217/217/217 219/219/219 
f 217/217/217 220/220/220 219/219/219 
f 219/219/219 220/220/220 221/221/221 
f 220/220/220 222/222/222 221/221/221 
f 221/221/221 222/222/222 223/223/223 
f 222/222/222 224/224/224 223/223/223 
f 223/223/223 224/224/224 223/223/223 
f 224/224/224 225/225/225 223/223/223 
f 223/223/223 225/225/225 223/223/223 
f 225/225/225 226/226/226 223/223/223 
f 223/223/223 226/226/226 223/223/223 
f 226/226/226 227/227/227 223/223/223 
f 223/223/223 227/227/227 228/228/228 
f 227/227/227 229/229/229 228/228/228 
f 228/228/228 229/229/229 229/229/229 
f 229/229/229 223/223/223 229/229/229 
f 229/229/229 223/223/223 223/223/223 
f 223/223/223 228/228/228 223/223/223 
f 223/223/223 228/228/228 221/221/221 
f 228/228/228 230/230/230 221/221/221 
f 221/221/221 230/230/230 219/219/219 
f 230/230/230 231/231/231 219/219/219 
f 219/219/219 231/231/231 218/218/218 
f 231/231/231 232/232/232 218/218/218 
f 218/218/218 232/232/232 233/233/233 
f 232/232/232 234/234/234 233/233/233 
f 233/233/233 234/234/234 233/233/233 
f 234/234/234 235/235/235 233/233/233 
f 233/233/233 235/235/235 233/233/233 
f 235/235/235 214/214/214 233/233/233 
f 233/233/233 214/214/214 233/233/233 
f 214/214/214 215/215/215 233/233/233 
f 233/233/233 215/215/215 218/218/218 
f 215/215/215 218/218/218 218/218/218 
f 218/218/218 218/218/218 234/234/234 
f 218/218/218 234/234/234 234/234/234 
f 234/234/234 234/234/234 236/236/236 
f 234/234/234 232/232/232 236/236/236 
f 236/236/236 232/232/232 237/237/237 
f 232/232/232 231/231/231 237/237/237 
f 237/237/237 231/231/231 238/238/238 
f 231/231/231 230/230/230 238/238/238 
f 238/238/238 230/230/230 239/239/239 
f 230/230/230 228/228/228 239/239/239 
f 239/239/239 228/228/228 239/239/239 
f 228/228/228 229/229/229 239/239/239 
f 239/239/239 229/229/229 239/239/239 
f 229/229/229 240/240/240 239/239/239 
f 239/239/239 240/240/240 239/239/239 
f 240/240/240 241/241/241 239/239/239 
f 239/239/239 241/241/241 238/238/238 
f 241/241/241 242/242/242 238/238/238 
f 238/238/238 242/242/242 237/237/237 
f 242/242/242 243/243/243 237/237/237 
f 237/237/237 243/243/243 236/236/236 
f 243/243/243 244/244/244 236/236/236 
f 236/236/236 244/244/244 244/244/244 
f 244/244/244 234/234/234 244/244/244 
f 244/244/244 234/234/234 234/234/234 
f 234/234/234 245/245/245 234/234/234 
f 234/234/234 245/245/245 235/235/235 
f 245/245/245 246/246/246 235/235/235 
f 235/235/235 246/246/246 247/247/247 
f 246/246/246 246/246/246 247/247/247 
f 247/247/247 246/246/246 248/248/248 
f 246/246/246 249/249/249 248/248/248 
f 248/248/248 249/249/249 250/250/250 
f 249/249/249 250/250/250 250/250/250 
f 250/250/250 250/250/250 251/251/251 
f 250/250/250 251/251/251 251/251/251 
f 251/251/251 251/251/251 245/245/245 
f 251/251/251 252/252/252 245/245/245 
f 245/245/245 252/252/252 246/246/246 
f 252/252/252 249/249/249 246/246/246 
f 246/246/246 249/249/249 249/249/249 
f 249/249/249 235/235/235 249/249/249 
f 249/249/249 235/235/235 235/235/235 
f 235/235/235 247/247/247 235/235/235 
f 235/235/235 247/247/247 214/214/214 
f 247/247/247 247/247/247 214/214/214 
f 214/214/214 247/247/247 212/212/212 
f 247/247/247 253/253/253 212/212/212 
f 212/212/212 253/253/253 210/210/210 
f 253/253/253 210/210/210 210/210/210 
f 210/210/210 210/210/210 247/247/247 
f 210/210/210 247/247/247 247/247/247 
f 247/247/247 247/247/247 253/253/253 
f 247/247/247 248/248/248 253/253/253 
f 253/253/253 248/248/248 254/254/254 
f 248/248/248 250/250/250 254/254/254 
f 254/254/254 250/250/250 254/254/254 
f 250/250/250 255/255/255 254/254/254 
f 254/254/254 255/255/255 254/254/254 
f 255/255/255 256/256/256 254/254/254 
f 254/254/254 256/256/256 257/257/257 
f 256/256/256 208/208/208 257/257/257 
f 257/257/257 208/208/208 257/257/257 
f 208/208/208 205/205/205 257/257/257 
f 257/257/257 205/205/205 257/257/257 
f 205/205/205 210/210/210 257/257/257 
f 257/257/257 210/210/210 257/257/257 
f 210/210/210 253/253/253 257/257/257 
f 257/257/257 253/253/253 254/254/254 
f 253/253/253 254/254/254 254/254/254 
f 254/254/254 254/254/254 258/258/258 
f 254/254/254 258/258/258 258/258/258 
f 258/258/258 258/258/258 259/259/259 
f 258/258/258 260/260/260 259/259/259 
f 259/259/259 260/260/260 259/259/259 
f 260/260/260 261/261/261 259/259/259 
f 259/259/259 261/261/261 262/262/262 
f 261/261/261 262/262/262 262/262/262 
f 262/262/262 262/262/262 258/258/258 
f 262/262/262 258/258/258 258/258/258 
f 258/258/258 258/258/258 263/263/263 
f 258/258/258 259/259/259 263/263/263 
f 263/263/263 259/259/259 263/263/263 
f 259/259/259 264/264/264 263/263/263 
f 263/263/263 264/264/264 265/265/265 
f 264/264/264 266/266/266 265/265/265 
f 265/265/265 266/266/266 267/267/267 
f 266/266/266 266/266/266 267/267/267 
f 267/267/267 266/266/266 268/268/268 
f 266/266/266 269/269/269 268/268/268 
f 268/268/268 269/269/269 270/270/270 
f 269/269/269 271/271/271 270/270/270 
f 270/270/270 271/271/271 272/272/272 
f 271/271/271 272/272/272 272/272/272 
f 272/272/272 272/272/272 271/271/271 
f 272/272/272 271/271/271 271/271/271 
f 271/271/271 271/271/271 273/273/273 
f 271/271/271 269/269/269 273/273/273 
f 273/273/273 269/269/269 274/274/274 
f 269/269/269 266/266/266 274/274/274 
f 274/274/274 266/266/266 274/274/274 
f 266/266/266 264/264/264 274/274/274 
f 274/274/274 264/264/264 275/275/275 
f 264/264/264 259/259/259 275/275/275 
f 275/275/275 259/259/259 275/275/275 
f 259/259/259 262/262/262 275/275/275 
f 275/275/275 262/262/262 275/275/275 
f 262/262/262 276/276/276 275/275/275 
f 275/275/275 276/276/276 275/275/275 
f 276/276/276 277/277/277 275/275/275 
f 275/275/275 277/277/277 274/274/274 
f 277/277/277 273/273/273 274/274/274 
f 274/274/274 273/273/273 273/273/273 
f 273/273/273 278/278/278 273/273/273 
f 273/273/273 278/278/278 278/278/278 
f 278/278/278 279/279/279 278/278/278 
f 278/278/278 279/279/279 280/280/280 
f 279/279/279 281/281/281 280/280/280 
f 280/280/280 281/281/281 282/282/282 
f 281/281/281 283/283/283 282/282/282 
f 282/282/282 283/283/283 284/284/284 
f 283/283/283 283/283/283 284/284/284 
f 284/284/284 283/283/283 285/285/285 
f 283/283/283 283/283/283 285/285/285 
f 285/285/285 283/283/283 286/286/286 
f 283/283/283 287/287/287 286/286/286 
f 286/286/286 287/287/287 288/288/288 
f 287/287/287 289/289/289 288/288/288 
f 288/288/288 289/289/289 288/288/288 
f 289/289/289 290/290/290 288/288/288 
f 288/288/288 290/290/290 291/291/291 
f 290/290/290 292/292/292 291/291/291 
f 291/291/291 292/292/292 293/293/293 
f 292/292/292 294/294/294 293/293/293 
f 293/293/293 294/294/294 294/294/294 
f 294/294/294 280/280/280 294/294/294 
f 294/294/294 280/280/280 280/280/280 
f 280/280/280 282/282/282 280/280/280 
f 280/280/280 282/282/282 278/278/278 
f 282/282/282 278/278/278 278/278/278 
f 278/278/278 278/278/278 283/283/283 
f 278/278/278 283/283/283 283/283/283 
f 283/283/283 283/283/283 287/287/287 
f 283/283/283 281/281/281 287/287/287 
f 287/287/287 281/281/281 295/295/295 
f 281/281/281 279/279/279 295/295/295 
f 295/295/295 279/279/279 279/279/279 
f 279/279/279 295/295/295 279/279/279 
f 279/279/279 295/295/295 295/295/295 
f 295/295/295 289/289/289 295/295/295 
f 295/295/295 289/289/289 287/287/287 
f 289/289/289 287/287/287 287/287/287 
f 287/287/287 287/287/287 296/296/296 
f 287/287/287 296/296/296 296/296/296 
f 296/296/296 296/296/296 297/297/297 
f 296/296/296 291/291/291 297/297/297 
f 297/297/297 291/291/291 297/297/297 
f 291/291/291 293/293/293 297/297/297 
f 297/297/297 293/293/293 298/298/298 
f 293/293/293 299/299/299 298/298/298 
f 298/298/298 299/299/299 300/300/300 
f 299/299/299 301/301/301 300/300/300 
f 300/300/300 301/301/301 302/302/302 
f 301/301/301 303/303/303 302/302/302 
f 302/302/302 303/303/303 304/304/304 
f 303/303/303 305/305/305 304/304/304 
f 304/304/304 305/305/305 306/306/306 
f 305/305/305 299/299/299 306/306/306 
f 306/306/306 299/299/299 294/294/294 
f 299/299/299 293/293/293 294/294/294 
f 294/294/294 293/293/293 293/293/293 
f 293/293/293 299/299/299 293/293/293 
f 293/293/293 299/299/299 299/299/299 
f 299/299/299 305/305/305 299/299/299 
f 299/299/299 305/305/305 301/301/301 
f 305/305/305 303/303/303 301/301/301 
f 301/301/301 303/303/303 303/303/303 
f 303/303/303 302/302/302 303/303/303 
f 303/303/303 302/302/302 302/302/302 
f 302/302/302 304/304/304 302/302/302 
f 302/302/302 304/304/304 307/307/307 
f 304/304/304 304/304/304 307/307/307 
f 307/307/307 304/304/304 308/308/308 
f 304/304/304 309/309/309 308/308/308 
f 308/308/308 309/309/309 310/310/310 
f 309/309/309 311/311/311 310/310/310 
f 310/310/310 311/311/311 295/295/295 
f 311/311/311 311/311/311 295/295/295 
f 295/295/295 311/311/311 289/289/289 
f 311/311/311 311/311/311 289/289/289 
f 289/289/289 311/311/311 306/306/306 
f 311/311/311 311/311/311 306/306/306 
f 306/306/306 311/311/311 304/304/304 
f 311/311/311 309/309/309 304/304/304 
f 304/304/304 309/309/309 309/309/309 
f 309/309/309 310/310/310 309/309/309 
f 309/309/309 310/310/310 310/310/310 
f 310/310/310 295/295/295 310/310/310 
f 310/310/310 295/295/295 279/279/279 
f 295/295/295 279/279/279 279/279/279 
f 279/279/279 279/279/279 312/312/312 
f 279/279/279 312/312/312 312/312/312 
f 312/312/312 312/312/312 313/313/313 
f 312/312/312 314/314/314 313/313/313 
f 313/313/313 314/314/314 315/315/315 
f 314/314/314 316/316/316 315/315/315 
f 315/315/315 316/316/316 317/317/317 
f 316/316/316 318/318/318 317/317/317 
f 317/317/317 318/318/318 319/319/319 
f 318/318/318 318/318/318 319/319/319 
f 319/319/319 318/318/318 312/312/312 
f 318/318/318 318/318/318 312/312/312 
f 312/312/312 318/318/318 314/314/314 
f 318/318/318 316/316/316 314/314/314 
f 314/314/314 316/316/316 316/316/316 
f 316/316/316 320/320/320 316/316/316 
f 316/316/316 320/320/320 320/320/320 
f 320/320/320 321/321/321 320/320/320 
f 320/320/320 321/321/321 322/322/322 
f 321/321/321 323/323/323 322/322/322 
f 322/322/322 323/323/323 324/324/324 
f 323/323/323 325/325/325 324/324/324 
f 324/324/324 325/325/325 324/324/324 
f 325/325/325 326/326/326 324/324/324 
f 324/324/324 326/326/326 327/327/327 
f 326/326/326 328/328/328 327/327/327 
f 327/327/327 328/328/328 329/329/329 
f 328/328/328 329/329/329 329/329/329 
f 329/329/329 329/329/329 330/330/330 
f 329/329/329 330/330/330 330/330/330 
f 330/330/330 330/330/330 331/331/331 
f 330/330/330 332/332/332 331/331/331 
f 331/331/331 332/332/332 333/333/333 
f 332/332/332 334/334/334 333/333/333 
f 333/333/333 334/334/334 335/335/335 
f 334/334/334 334/334/334 335/335/335 
f 335/335/335 334/334/334 321/321/321 
f 334/334/334 323/323/323 321/321/321 
f 321/321/321 323/323/323 323/323/323 
f 323/323/323 326/326/326 323/323/323 
f 323/323/323 326/326/326 326/326/326 
f 326/326/326 336/336/336 326/326/326 
f 326/326/326 336/336/336 328/328/328 
f 336/336/336 336/336/336 328/328/328 
f 328/328/328 336/336/336 337/337/337 
f 336/336/336 336/336/336 337/337/337 
f 337/337/337 336/336/336 338/338/338 
f 336/336/336 339/339/339 338/338/338 
f 338/338/338 339/339/339 340/340/340 
f 339/339/339 339/339/339 340/340/340 
f 340/340/340 339/339/339 341/341/341 
f 339/339/339 342/342/342 341/341/341 
f 341/341/341 342/342/342 343/343/343 
f 342/342/342 330/330/330 343/343/343 
f 343/343/343 330/330/330 344/344/344 
f 330/330/330 344/344/344 344/344/344 
f 344/344/344 344/344/344 343/343/343 
f 344/344/344 343/343/343 343/343/343 
f 343/343/343 343/343/343 341/341/341 
f 343/343/343 345/345/345 341/341/341 
f 341/341/341 345/345/345 345/345/345 
f 345/345/345 330/330/330 345/345/345 
f 345/345/345 330/330/330 330/330/330 
f 330/330/330 342/342/342 330/330/330 
f 330/330/330 342/342/342 332/332/332 
f 342/342/342 346/346/346 332/332/332 
f 332/332/332 346/346/346 334/334/334 
f 346/346/346 346/346/346 334/334/334 
f 334/334/334 346/346/346 323/323/323 
f 346/346/346 346/346/346 323/323/323 
f 323/323/323 346/346/346 325/325/325 
f 346/346/346 346/346/346 325/325/325 
f 325/325/325 346/346/346 326/326/326 
f 346/346/346 346/346/346 326/326/326 
f 326/326/326 346/346/346 336/336/336 
f 346/346/346 346/346/346 336/336/336 
f 336/336/336 346/346/346 339/339/339 
f 346/346/346 342/342/342 339/339/339 
f 339/339/339 342/342/342 342/342/342 
f 342/342/342 347/347/347 342/342/342 
f 342/342/342 347/347/347 347/347/347 
f 347/347/347 345/345/345 347/347/347 
f 347/347/347 345/345/345 348/348/348 
f 345/345/345 345/345/345 348/348/348 
f 348/348/348 345/345/345 349/349/349 
f 345/345/345 350/350/350 349/349/349 
f 349/349/349 350/350/350 351/351/351 
f 350/350/350 350/350/350 351/351/351 
f 351/351/351 350/350/350 352/352/352 
f 350/350/350 344/344/344 352/352/352 
f 352/352/352 344/344/344 353/353/353 
f 344/344/344 354/354/354 353/353/353 
f 353/353/353 354/354/354 354/354/354 
f 354/354/354 345/345/345 354/354/354 
f 354/354/354 345/345/345 345/345/345 
f 345/345/345 343/343/343 345/345/345 
f 345/345/345 343/343/343 350/350/350 
f 343/343/343 344/344/344 350/350/350 
f 350/350/350 344/344/344 344/344/344 
f 344/344/344 355/355/355 344/344/344 
f 344/344/344 355/355/355 355/355/355 
f 355/355/355 356/356/356 355/355/355 
f 355/355/355 356/356/356 357/357/357 
f 356/356/356 358/358/358 357/357/357 
f 357/357/357 358/358/358 359/359/359 
f 358/358/358 360/360/360 359/359/359 
f 359/359/359 360/360/360 361/361/361 
f 360/360/360 362/362/362 361/361/361 
f 361/361/361 362/362/362 363/363/363 
f 362/362/362 364/364/364 363/363/363 
f 363/363/363 364/364/364 365/365/365 
f 364/364/364 366/366/366 365/365/365 
f 365/365/365 366/366/366 367/367/367 
f 366/366/366 368/368/368 367/367/367 
f 367/367/367 368/368/368 367/367/367 
f 368/368/368 369/369/369 367/367/367 
f 367/367/367 369/369/369 370/370/370 
f 369/369/369 369/369/369 370/370/370 
f 370/370/370 369/369/369 371/371/371 
f 369/369/369 372/372/372 371/371/371 
f 371/371/371 372/372/372 373/373/373 
f 372/372/372 372/372/372 373/373/373 
f 373/373/373 372/372/372 374/374/374 
f 372/372/372 375/375/375 374/374/374 
f 374/374/374 375/375/375 376/376/376 
f 375/375/375 377/377/377 376/376/376 
f 376/376/376 377/377/377 378/378/378 
f 377/377/377 378/378/378 378/378/378 
f 378/378/378 378/378/378 377/377/377 
f 378/378/378 377/377/377 377/377/377 
f 377/377/377 377/377/377 379/379/379 
f 377/377/377 375/375/375 379/379/379 
f 379/379/379 375/375/375 380/380/380 
f 375/375/375 372/372/372 380/380/380 
f 380/380/380 372/372/372 380/380/380 
f 372/372/372 369/369/369 380/380/380 
f 380/380/380 369/369/369 381/381/381 
f 369/369/369 368/368/368 381/381/381 
f 381/381/381 368/368/368 381/381/381 
f 368/368/368 382/382/382 381/381/381 
f 381/381/381 382/382/382 383/383/383 
f 382/382/382 382/382/382 383/383/383 
f 383/383/383 382/382/382 384/384/384 
f 382/382/382 382/382/382 384/384/384 
f 384/384/384 382/382/382 385/385/385 
f 382/382/382 386/386/386 385/385/385 
f 385/385/385 386/386/386 387/387/387 
f 386/386/386 388/388/388 387/387/387 
f 387/387/387 388/388/388 389/389/389 
f 388/388/388 390/390/390 389/389/389 
f 389/389/389 390/390/390 391/391/391 
f 390/390/390 390/390/390 391/391/391 
f 391/391/391 390/390/390 392/392/392 
f 390/390/390 390/390/390 392/392/392 
f 392/392/392 390/390/390 360/360/360 
f 390/390/390 390/390/390 360/360/360 
f 360/360/360 390/390/390 362/362/362 
f 390/390/390 388/388/388 362/362/362 
f 362/362/362 388/388/388 364/364/364 
f 388/388/388 386/386/386 364/364/364 
f 364/364/364 386/386/386 366/366/366 
f 386/386/386 382/382/382 366/366/366 
f 366/366/366 382/382/382 368/368/368 
f 382/382/382 368/368/368 368/368/368 
f 368/368/368 368/368/368 381/381/381 
f 368/368/368 381/381/381 381/381/381 
f 381/381/381 381/381/381 380/380/380 
f 381/381/381 383/383/383 380/380/380 
f 380/380/380 383/383/383 379/379/379 
f 383/383/383 379/379/379 379/379/379 
f 379/379/379 379/379/379 360/360/360 
f 379/379/379 360/360/360 360/360/360 
f 360/360/360 360/360/360 392/392/392 
f 360/360/360 358/358/358 392/392/392 
f 392/392/392 358/358/358 393/393/393 
f 358/358/358 356/356/356 393/393/393 
f 393/393/393 356/356/356 394/394/394 
f 356/356/356 355/355/355 394/394/394 
f 394/394/394 355/355/355 355/355/355 
f 355/355/355 392/392/392 355/355/355 
f 355/355/355 392/392/392 392/392/392 
f 392/392/392 393/393/393 392/392/392 
f 392/392/392 393/393/393 395/395/395 
f 393/393/393 394/394/394 395/395/395 
f 395/395/395 394/394/394 396/396/396 
f 394/394/394 396/396/396 396/396/396 
f 396/396/396 396/396/396 397/397/397 
f 396/396/396 397/397/397 397/397/397 
f 397/397/397 397/397/397 398/398/398 
f 397/397/397 399/399/399 398/398/398 
f 398/398/398 399/399/399 398/398/398 
f 399/399/399 400/400/400 398/398/398 
f 398/398/398 400/400/400 401/401/401 
f 400/400/400 400/400/400 401/401/401 
f 401/401/401 400/400/400 402/402/402 
f 400/400/400 403/403/403 402/402/402 
f 402/402/402 403/403/403 404/404/404 
f 403/403/403 403/403/403 404/404/404 
f 404/404/404 403/403/403 405/405/405 
f 403/403/403 406/406/406 405/405/405 
f 405/405/405 406/406/406 407/407/407 
f 406/406/406 407/407/407 407/407/407 
f 407/407/407 407/407/407 397/397/397 
f 407/407/407 397/397/397 397/397/397 
f 397/397/397 397/397/397 408/408/408 
f 397/397/397 398/398/398 408/408/408 
f 408/408/408 398/398/398 401/401/401 
f 398/398/398 401/401/401 401/401/401 
f 401/401/401 401/401/401 402/402/402 
f 401/401/401 402/402/402 402/402/402 
f 402/402/402 402/402/402 409/409/409 
f 402/402/402 404/404/404 409/409/409 
f 409/409/409 404/404/404 404/404/404 
f 404/404/404 399/399/399 404/404/404 
f 404/404/404 399/399/399 399/399/399 
f 399/399/399 410/410/410 399/399/399 
f 399/399/399 410/410/410 400/400/400 
f 410/410/410 411/411/411 400/400/400 
f 400/400/400 411/411/411 403/403/403 
f 411/411/411 411/411/411 403/403/403 
f 403/403/403 411/411/411 406/406/406 
f 411/411/411 412/412/412 406/406/406 
f 406/406/406 412/412/412 406/406/406 
f 412/412/412 413/413/413 406/406/406 
f 406/406/406 413/413/413 407/407/407 
f 413/413/413 413/413/413 407/407/407 
f 407/407/407 413/413/413 414/414/414 
f 413/413/413 415/415/415 414/414/414 
f 414/414/414 415/415/415 416/416/416 
f 415/415/415 416/416/416 416/416/416 
f 416/416/416 416/416/416 410/410/410 
f 416/416/416 410/410/410 410/410/410 
f 410/410/410 410/410/410 411/411/411 
f 410/410/410 417/417/417 411/411/411 
f 411/411/411 417/417/417 412/412/412 
f 417/417/417 418/418/418 412/412/412 
f 412/412/412 418/418/418 419/419/419 
f 418/418/418 420/420/420 419/419/419 
f 419/419/419 420/420/420 421/421/421 
f 420/420/420 422/422/422 421/421/421 
f 421/421/421 422/422/422 421/421/421 
f 422/422/422 423/423/423 421/421/421 
f 421/421/421 423/423/423 421/421/421 
f 423/423/423 424/424/424 421/421/421 
f 421/421/421 424/424/424 425/425/425 
f 424/424/424 426/426/426 425/425/425 
f 425/425/425 426/426/426 416/416/416 
f 426/426/426 426/426/426 416/416/416 
f 416/416/416 426/426/426 427/427/427 
f 426/426/426 426/426/426 427/427/427 
f 427/427/427 426/426/426 428/428/428 
f 426/426/426 429/429/429 428/428/428 
f 428/428/428 429/429/429 430/430/430 
f 429/429/429 429/429/429 430/430/430 
f 430/430/430 429/429/429 431/431/431 
f 429/429/429 432/432/432 431/431/431 
f 431/431/431 432/432/432 433/433/433 
f 432/432/432 434/434/434 433/433/433 
f 433/433/433 434/434/434 435/435/435 
f 434/434/434 435/435/435 435/435/435 
f 435/435/435 435/435/435 412/412/412 
f 435/435/435 412/412/412 412/412/412 
f 412/412/412 412/412/412 413/413/413 
f 412/412/412 419/419/419 413/413/413 
f 413/413/413 419/419/419 415/415/415 
f 419/419/419 421/421/421 415/415/415 
f 415/415/415 421/421/421 415/415/415 
f 421/421/421 425/425/425 415/415/415 
f 415/415/415 425/425/425 416/416/416 
f 425/425/425 416/416/416 416/416/416 
f 416/416/416 416/416/416 434/434/434 
f 416/416/416 434/434/434 434/434/434 
f 434/434/434 434/434/434 436/436/436 
f 434/434/434 432/432/432 436/436/436 
f 436/436/436 432/432/432 437/437/437 
f 432/432/432 429/429/429 437/437/437 
f 437/437/437 429/429/429 437/437/437 
f 429/429/429 426/426/426 437/437/437 
f 437/437/437 426/426/426 437/437/437 
f 426/426/426 424/424/424 437/437/437 
f 437/437/437 424/424/424 437/437/437 
f 424/424/424 423/423/423 437/437/437 
f 437/437/437 423/423/423 436/436/436 
f 423/423/423 436/436/436 436/436/436 
f 436/436/436 436/436/436 438/438/438 
f 436/436/436 438/438/438 438/438/438 
f 438/438/438 438/438/438 439/439/439 
f 438/438/438 440/440/440 439/439/439 
f 439/439/439 440/440/440 441/441/441 
f 440/440/440 442/442/442 441/441/441 
f 441/441/441 442/442/442 442/442/442 
f 442/442/442 438/438/438 442/442/442 
f 442/442/442 438/438/438 438/438/438 
f 438/438/438 443/443/443 438/438/438 
f 438/438/438 443/443/443 440/440/440 
f 443/443/443 443/443/443 440/440/440 
f 440/440/440 443/443/443 444/444/444 
f 443/443/443 445/445/445 444/444/444 
f 444/444/444 445/445/445 446/446/446 
f 445/445/445 447/447/447 446/446/446 
f 446/446/446 447/447/447 446/446/446 
f 447/447/447 448/448/448 446/446/446 
f 446/446/446 448/448/448 449/449/449 
f 448/448/448 450/450/450 449/449/449 
f 449/449/449 450/450/450 451/451/451 
f 450/450/450 452/452/452 451/451/451 
f 451/451/451 452/452/452 452/452/452 
f 452/452/452 451/451/451 452/452/452 
f 452/452/452 451/451/451 451/451/451 
f 451/451/451 453/453/453 451/451/451 
f 451/451/451 453/453/453 449/449/449 
f 453/453/453 454/454/454 449/449/449 
f 449/449/449 454/454/454 446/446/446 
f 454/454/454 454/454/454 446/446/446 
f 446/446/446 454/454/454 444/444/444 
f 454/454/454 455/455/455 444/444/444 
f 444/444/444 455/455/455 440/440/440 
f 455/455/455 455/455/455 440/440/440 
f 440/440/440 455/455/455 442/442/442 
f 455/455/455 455/455/455 442/442/442 
f 442/442/442 455/455/455 456/456/456 
f 455/455/455 455/455/455 456/456/456 
f 456/456/456 455/455/455 457/457/457 
f 455/455/455 454/454/454 457/457/457 
f 457/457/457 454/454/454 453/453/453 
f 454/454/454 453/453/453 453/453/453 
f 453/453/453 453/453/453 458/458/458 
f 453/453/453 458/458/458 458/458/458 
f 458/458/458 458/458/458 459/459/459 
f 458/458/458 460/460/460 459/459/459 
f 459/459/459 460/460/460 461/461/461 
f 460/460/460 462/462/462 461/461/461 
f 461/461/461 462/462/462 462/462/462 
f 462/462/462 458/458/458 462/462/462 
f 462/462/462 458/458/458 458/458/458 
f 458/458/458 463/463/463 458/458/458 
f 458/458/458 463/463/463 460/460/460 
f 463/463/463 463/463/463 460/460/460 
f 460/460/460 463/463/463 464/464/464 
f 463/463/463 465/465/465 464/464/464 
f 464/464/464 465/465/465 466/466/466 
f 465/465/465 467/467/467 466/466/466 
f 466/466/466 467/467/467 466/466/466 
f 467/467/467 468/468/468 466/466/466 
f 466/466/466 468/468/468 469/469/469 
f 468/468/468 470/470/470 469/469/469 
f 469/469/469 470/470/470 471/471/471 
f 470/470/470 472/472/472 471/471/471 
f 471/471/471 472/472/472 472/472/472 
f 472/472/472 471/471/471 472/472/472 
f 472/472/472 471/471/471 471/471/471 
f 471/471/471 473/473/473 471/471/471 
f 471/471/471 473/473/473 469/469/469 
f 473/473/473 474/474/474 469/469/469 
f 469/469/469 474/474/474 466/466/466 
f 474/474/474 474/474/474 466/466/466 
f 466/466/466 474/474/474 464/464/464 
f 474/474/474 475/475/475 464/464/464 
f 464/464/464 475/475/475 460/460/460 
f 475/475/475 475/475/475 460/460/460 
f 460/460/460 475/475/475 462/462/462 
f 475/475/475 475/475/475 462/462/462 
f 462/462/462 475/475/475 476/476/476 
f 475/475/475 475/475/475 476/476/476 
f 476/476/476 475/475/475 477/477/477 
f 475/475/475 474/474/474 477/477/477 
f 477/477/477 474/474/474 473/473/473 
f 474/474/474 473/473/473 473/473/473 
f 473/473/473 473/473/473 478/478/478 
f 473/473/473 478/478/478 478/478/478 
f 478/478/478 478/478/478 479/479/479 
f 478/478/478 480/480/480 479/479/479 
f 479/479/479 480/480/480 481/481/481 
f 480/480/480 482/482/482 481/481/481 
f 481/481/481 482/482/482 483/483/483 
f 482/482/482 484/484/484 483/483/483 
f 483/483/483 484/484/484 483/483/483 
f 484/484/484 485/485/485 483/483/483 
f 483/483/483 485/485/485 483/483/483 
f 485/485/485 486/486/486 483/483/483 
f 483/483/483 486/486/486 487/487/487 
f 486/486/486 488/488/488 487/487/487 
f 487/487/487 488/488/488 489/489/489 
f 488/488/488 488/488/488 489/489/489 
f 489/489/489 488/488/488 490/490/490 
f 488/488/488 491/491/491 490/490/490 
f 490/490/490 491/491/491 492/492/492 
f 491/491/491 493/493/493 492/492/492 
f 492/492/492 493/493/493 494/494/494 
f 493/493/493 494/494/494 494/494/494 
f 494/494/494 494/494/494 480/480/480 
f 494/494/494 480/480/480 480/480/480 
f 480/480/480 480/480/480 482/482/482 
f 480/480/480 478/478/478 482/482/482 
f 482/482/482 478/478/478 478/478/478 
f 478/478/478 483/483/483 478/478/478 
f 478/478/478 483/483/483 483/483/483 
f 483/483/483 487/487/487 483/483/483 
f 483/483/483 487/487/487 481/481/481 
f 487/487/487 495/495/495 481/481/481 
f 481/481/481 495/495/495 479/479/479 
f 495/495/495 479/479/479 479/479/479 
f 479/479/479 479/479/479 495/495/495 
f 479/479/479 495/495/495 495/495/495 
f 495/495/495 495/495/495 489/489/489 
f 495/495/495 487/487/487 489/489/489 
f 489/489/489 487/487/487 487/487/487 
f 487/487/487 496/496/496 487/487/487 
f 487/487/487 496/496/496 496/496/496 
f 496/496/496 497/497/497 496/496/496 
f 496/496/496 497/497/497 491/491/491 
f 497/497/497 497/497/497 491/491/491 
f 491/491/491 497/497/497 493/493/493 
f 497/497/497 498/498/498 493/493/493 
f 493/493/493 498/498/498 499/499/499 
f 498/498/498 500/500/500 499/499/499 
f 499/499/499 500/500/500 501/501/501 
f 500/500/500 502/502/502 501/501/501 
f 501/501/501 502/502/502 503/503/503 
f 502/502/502 504/504/504 503/503/503 
f 503/503/503 504/504/504 505/505/505 
f 504/504/504 506/506/506 505/505/505 
f 505/505/505 506/506/506 499/499/499 
f 506/506/506 494/494/494 499/499/499 
f 499/499/499 494/494/494 493/493/493 
f 494/494/494 493/493/493 493/493/493 
f 493/493/493 493/493/493 499/499/499 
f 493/493/493 499/499/499 499/499/499 
f 499/499/499 499/499/499 505/505/505 
f 499/499/499 501/501/501 505/505/505 
f 505/505/505 501/501/501 503/503/503 
f 501/501/501 503/503/503 503/503/503 
f 503/503/503 503/503/503 502/502/502 
f 503/503/503 502/502/502 502/502/502 
f 502/502/502 502/502/502 504/504/504 
f 502/502/502 507/507/507 504/504/504 
f 504/504/504 507/507/507 504/504/504 
f 507/507/507 508/508/508 504/504/504 
f 504/504/504 508/508/508 509/509/509 
f 508/508/508 510/510/510 509/509/509 
f 509/509/509 510/510/510 511/511/511 
f 510/510/510 495/495/495 511/511/511 
f 511/511/511 495/495/495 511/511/511 
f 495/495/495 489/489/489 511/511/511 
f 511/511/511 489/489/489 511/511/511 
f 489/489/489 506/506/506 511/511/511 
f 511/511/511 506/506/506 511/511/511 
f 506/506/506 504/504/504 511/511/511 
f 511/511/511 504/504/504 509/509/509 
f 504/504/504 509/509/509 509/509/509 
f 509/509/509 509/509/509 510/510/510 
f 509/509/509 510/510/510 510/510/510 
f 510/510/510 510/510/510 495/495/495 
f 510/510/510 479/479/479 495/495/495 
f 495/495/495 479/479/479 479/479/479 
f 479/479/479 512/512/512 479/479/479 
f 479/479/479 512/512/512 512/512/512 
f 512/512/512 513/513/513 512/512/512 
f 512/512/512 513/513/513 514/514/514 
f 513/513/513 515/515/515 514/514/514 
f 514/514/514 515/515/515 516/516/516 
f 515/515/515 517/517/517 516/516/516 
f 516/516/516 517/517/517 518/518/518 
f 517/517/517 519/519/519 518/518/518 
f 518/518/518 519/519/519 518/518/518 
f 519/519/519 512/512/512 518/518/518 
f 518/518/518 512/512/512 518/518/518 
f 512/512/512 514/514/514 518/518/518 
f 518/518/518 514/514/514 516/516/516 
f 514/514/514 516/516/516 516/516/516 
f 516/516/516 516/516/516 520/520/520 
f 516/516/516 520/520/520 520/520/520 
f 520/520/520 520/520/520 521/521/521 
f 520/520/520 522/522/522 521/521/521 
f 521/521/521 522/522/522 521/521/521 
f 522/522/522 523/523/523 521/521/521 
f 521/521/521 523/523/523 524/524/524 
f 523/523/523 525/525/525 524/524/524 
f 524/524/524 525/525/525 526/526/526 
f 525/525/525 527/527/527 526/526/526 
f 526/526/526 527/527/527 528/528/528 
f 527/527/527 529/529/529 528/528/528 
f 528/528/528 529/529/529 530/530/530 
f 529/529/529 531/531/531 530/530/530 
f 530/530/530 531/531/531 532/532/532 
f 531/531/531 532/532/532 532/532/532 
f 532/532/532 532/532/532 525/525/525 
f 532/532/532 525/525/525 525/525/525 
f 525/525/525 525/525/525 527/527/527 
f 525/525/525 523/523/523 527/527/527 
f 527/527/527 523/523/523 529/529/529 
f 523/523/523 522/522/522 529/529/529 
f 529/529/529 522/522/522 531/531/531 
f 522/522/522 522/522/522 531/531/531 
f 531/531/531 522/522/522 533/533/533 
f 522/522/522 534/534/534 533/533/533 
f 533/533/533 534/534/534 535/535/535 
f 534/534/534 534/534/534 535/535/535 
f 535/535/535 534/534/534 536/536/536 
f 534/534/534 537/537/537 536/536/536 
f 536/536/536 537/537/537 538/538/538 
f 537/537/537 538/538/538 538/538/538 
f 538/538/538 538/538/538 537/537/537 
f 538/538/538 537/537/537 537/537/537 
f 537/537/537 537/537/537 539/539/539 
f 537/537/537 534/534/534 539/539/539 
f 539/539/539 534/534/534 539/539/539 
f 534/534/534 522/522/522 539/539/539 
f 539/539/539 522/522/522 539/539/539 
f 522/522/522 520/520/520 539/539/539 
f 539/539/539 520/520/520 539/539/539 
f 520/520/520 540/540/540 539/539/539 
f 539/539/539 540/540/540 541/541/541 
f 540/540/540 542/542/542 541/541/541 
f 541/541/541 542/542/542 543/543/543 
f 542/542/542 544/544/544 543/543/543 
f 543/543/543 544/544/544 543/543/543 
f 544/544/544 545/545/545 543/543/543 
f 543/543/543 545/545/545 543/543/543 
f 545/545/545 538/538/538 543/543/543 
f 543/543/543 538/538/538 543/543/543 
f 538/538/538 537/537/537 543/543/543 
f 543/543/543 537/537/537 541/541/541 
f 537/537/537 539/539/539 541/541/541 
f 541/541/541 539/539/539 539/539/539 
f 539/539/539 546/546/546 539/539/539 
f 539/539/539 546/546/546 546/546/546 
f 546/546/546 547/547/547 546/546/546 
f 546/546/546 547/547/547 548/548/548 
f 547/547/547 549/549/549 548/548/548 
f 548/548/548 549/549/549 550/550/550 
f 549/549/549 549/549/549 550/550/550 
f 550/550/550 549/549/549 551/551/551 
f 549/549/549 552/552/552 551/551/551 
f 551/551/551 552/552/552 551/551/551 
f 552/552/552 553/553/553 551/551/551 
f 551/551/551 553/553/553 554/554/554 
f 553/553/553 555/555/555 554/554/554 
f 554/554/554 555/555/555 556/556/556 
f 555/555/555 557/557/557 556/556/556 
f 556/556/556 557/557/557 557/557/557 
f 557/557/557 547/547/547 557/557/557 
f 557/557/557 547/547/547 547/547/547 
f 547/547/547 558/558/558 547/547/547 
f 547/547/547 558/558/558 549/549/549 
f 558/558/558 552/552/552 549/549/549 
f 549/549/549 552/552/552 552/552/552 
f 552/552/552 550/550/550 552/552/552 
f 552/552/552 550/550/550 550/550/550 
f 550/550/550 551/551/551 550/550/550 
f 550/550/550 551/551/551 559/559/559 
f 551/551/551 554/554/554 559/559/559 
f 559/559/559 554/554/554 560/560/560 
f 554/554/554 556/556/556 560/560/560 
f 560/560/560 556/556/556 556/556/556 
f 556/556/556 561/561/561 556/556/556 
f 556/556/556 561/561/561 561/561/561 
f 561/561/561 562/562/562 561/561/561 
f 561/561/561 562/562/562 563/563/563 
f 562/562/562 564/564/564 563/563/563 
f 563/563/563 564/564/564 564/564/564 
f 564/564/564 565/565/565 564/564/564 
f 564/564/564 565/565/565 565/565/565 
f 565/565/565 566/566/566 565/565/565 
f 565/565/565 566/566/566 567/567/567 
f 566/566/566 566/566/566 567/567/567 
f 567/567/567 566/566/566 568/568/568 
f 566/566/566 566/566/566 568/568/568 
f 568/568/568 566/566/566 569/569/569 
f 566/566/566 570/570/570 569/569/569 
f 569/569/569 570/570/570 571/571/571 
f 570/570/570 572/572/572 571/571/571 
f 571/571/571 572/572/572 573/573/573 
f 572/572/572 574/574/574 573/573/573 
f 573/573/573 574/574/574 575/575/575 
f 574/574/574 576/576/576 575/575/575 
f 575/575/575 576/576/576 575/575/575 
f 576/576/576 577/577/577 575/575/575 
f 575/575/575 577/577/577 578/578/578 
f 577/577/577 578/578/578 578/578/578 
f 578/578/578 578/578/578 579/579/579 
f 578/578/578 579/579/579 579/579/579 
f 579/579/579 579/579/579 580/580/580 
f 579/579/579 581/581/581 580/580/580 
f 580/580/580 581/581/581 582/582/582 
f 581/581/581 582/582/582 582/582/582 
f 582/582/582 582/582/582 583/583/583 
f 582/582/582 583/583/583 583/583/583 
f 583/583/583 583/583/583 584/584/584 
f 583/583/583 585/585/585 584/584/584 
f 584/584/584 585/585/585 586/586/586 
f 585/585/585 586/586/586 586/586/586 
f 586/586/586 586/586/586 587/587/587 
f 586/586/586 587/587/587 587/587/587 
f 587/587/587 587/587/587 588/588/588 
f 587/587/587 589/589/589 588/588/588 
f 588/588/588 589/589/589 590/590/590 
f 589/589/589 590/590/590 590/590/590 
f 590/590/590 590/590/590 591/591/591 
f 590/590/590 591/591/591 591/591/591 
f 591/591/591 591/591/591 592/592/592 
f 591/591/591 593/593/593 592/592/592 
f 592/592/592 593/593/593 594/594/594 
f 593/593/593 594/594/594 594/594/594 
f 594/594/594 594/594/594 595/595/595 
f 594/594/594 595/595/595 595/595/595 
f 595/595/595 595/595/595 596/596/596 
f 595/595/595 597/597/597 596/596/596 
f 596/596/596 597/597/597 598/598/598 
f 597/597/597 598/598/598 598/598/598 
f 598/598/598 598/598/598 599/599/599 
f 598/598/598 599/599/599 599/599/599 
f 599/599/599 599/599/599 600/600/600 
f 599/599/599 601/601/601 600/600/600 
f 600/600/600 601/601/601 602/602/602 
f 601/601/601 602/602/602 602/602/602 
f 602/602/602 602/602/602 603/603/603 
f 602/602/602 603/603/603 603/603/603 
f 603/603/603 603/603/603 604/604/604 
f 603/603/603 605/605/605 604/604/604 
f 604/604/604 605/605/605 606/606/606 
f 605/605/605 606/606/606 606/606/606 
f 606/606/606 606/606/606 607/607/607 
f 606/606/606 607/607/607 607/607/607 
f 607/607/607 607/607/607 608/608/608 
f 607/607/607 609/609/609 608/608/608 
f 608/608/608 609/609/609 610/610/610 
f 609/609/609 611/611/611 610/610/610 
f 610/610/610 611/611/611 611/611/611 
f 611/611/611 608/608/608 611/611/611 
f 611/611/611 608/608/608 608/608/608 
f 608/608/608 610/610/610 608/608/608 
f 608/608/608 610/610/610 612/612/612 
f 610/610/610 613/613/613 612/612/612 
f 612/612/612 613/613/613 614/614/614 
f 613/613/613 613/613/613 614/614/614 
f 614/614/614 613/613/613 615/615/615 
f 613/613/613 616/616/616 615/615/615 
f 615/615/615 616/616/616 617/617/617 
f 616/616/616 618/618/618 617/617/617 
f 617/617/617 618/618/618 619/619/619 
f 618/618/618 619/619/619 619/619/619 
f 619/619/619 619/619/619 618/618/618 
f 619/619/619 618/618/618 618/618/618 
f 618/618/618 618/618/618 620/620/620 
f 618/618/618 616/616/616 620/620/620 
f 620/620/620 616/616/616 621/621/621 
f 616/616/616 613/613/613 621/621/621 
f 621/621/621 613/613/613 621/621/621 
f 613/613/613 610/610/610 621/621/621 
f 621/621/621 610/610/610 621/621/621 
f 610/610/610 611/611/611 621/621/621 
f 621/621/621 611/611/611 622/622/622 
f 611/611/611 623/623/623 622/622/622 
f 622/622/622 623/623/623 624/624/624 
f 623/623/623 625/625/625 624/624/624 
f 624/624/624 625/625/625 626/626/626 
f 625/625/625 626/626/626 626/626/626 
f 626/626/626 626/626/626 622/622/622 
f 626/626/626 622/622/622 622/622/622 
f 622/622/622 622/622/622 621/621/621 
f 622/622/622 620/620/620 621/621/621 
f 621/621/621 620/620/620 620/620/620 
f 620/620/620 627/627/627 620/620/620 
f 620/620/620 627/627/627 627/627/627 
f 627/627/627 628/628/628 627/627/627 
f 627/627/627 628/628/628 629/629/629 
f 628/628/628 630/630/630 629/629/629 
f 629/629/629 630/630/630 631/631/631 
f 630/630/630 632/632/632 631/631/631 
f 631/631/631 632/632/632 633/633/633 
f 632/632/632 634/634/634 633/633/633 
f 633/633/633 634/634/634 635/635/635 
f 634/634/634 636/636/636 635/635/635 
f 635/635/635 636/636/636 636/636/636 
f 636/636/636 637/637/637 636/636/636 
f 636/636/636 637/637/637 637/637/637 
f 637/637/637 638/638/638 637/637/637 
f 637/637/637 638/638/638 639/639/639 
f 638/638/638 640/640/640 639/639/639 
f 639/639/639 640/640/640 640/640/640 
f 640/640/640 639/639/639 640/640/640 
f 640/640/640 639/639/639 639/639/639 
f 639/639/639 641/641/641 639/639/639 
f 639/639/639 641/641/641 637/637/637 
f 641/641/641 641/641/641 637/637/637 
f 637/637/637 641/641/641 642/642/642 
f 641/641/641 643/643/643 642/642/642 
f 642/642/642 643/643/643 644/644/644 
f 643/643/643 645/645/645 644/644/644 
f 644/644/644 645/645/645 646/646/646 
f 645/645/645 647/647/647 646/646/646 
f 646/646/646 647/647/647 648/648/648 
f 647/647/647 649/649/649 648/648/648 
f 648/648/648 649/649/649 650/650/650 
f 649/649/649 651/651/651 650/650/650 
f 650/650/650 651/651/651 651/651/651 
f 651/651/651 644/644/644 651/651/651 
f 651/651/651 644/644/644 644/644/644 
f 644/644/644 646/646/646 644/644/644 
f 644/644/644 646/646/646 642/642/642 
f 646/646/646 648/648/648 642/642/642 
f 642/642/642 648/648/648 637/637/637 
f 648/648/648 650/650/650 637/637/637 
f 637/637/637 650/650/650 637/637/637 
f 650/650/650 652/652/652 637/637/637 
f 637/637/637 652/652/652 653/653/653 
f 652/652/652 654/654/654 653/653/653 
f 653/653/653 654/654/654 653/653/653 
f 654/654/654 655/655/655 653/653/653 
f 653/653/653 655/655/655 656/656/656 
f 655/655/655 657/657/657 656/656/656 
f 656/656/656 657/657/657 657/657/657 
f 657/657/657 637/637/637 657/657/657 
f 657/657/657 637/637/637 637/637/637 
f 637/637/637 653/653/653 637/637/637 
f 637/637/637 653/653/653 638/638/638 
f 653/653/653 656/656/656 638/638/638 
f 638/638/638 656/656/656 658/658/658 
f 656/656/656 659/659/659 658/658/658 
f 658/658/658 659/659/659 660/660/660 
f 659/659/659 659/659/659 660/660/660 
f 660/660/660 659/659/659 661/661/661 
f 659/659/659 659/659/659 661/661/661 
f 661/661/661 659/659/659 662/662/662 
f 659/659/659 659/659/659 662/662/662 
f 662/662/662 659/659/659 657/657/657 
f 659/659/659 656/656/656 657/657/657 
f 657/657/657 656/656/656 656/656/656 
f 656/656/656 638/638/638 656/656/656 
f 656/656/656 638/638/638 638/638/638 
f 638/638/638 658/658/658 638/638/638 
f 638/638/638 658/658/658 640/640/640 
f 658/658/658 660/660/660 640/640/640 
f 640/640/640 660/660/660 660/660/660 
f 660/660/660 663/663/663 660/660/660 
f 660/660/660 663/663/663 663/663/663 
f 663/663/663 664/664/664 663/663/663 
f 663/663/663 664/664/664 665/665/665 
f 664/664/664 666/666/666 665/665/665 
f 665/665/665 666/666/666 667/667/667 
f 666/666/666 666/666/666 667/667/667 
f 667/667/667 666/666/666 668/668/668 
f 666/666/666 669/669/669 668/668/668 
f 668/668/668 669/669/669 670/670/670 
f 669/669/669 671/671/671 670/670/670 
f 670/670/670 671/671/671 672/672/672 
f 671/671/671 673/673/673 672/672/672 
f 672/672/672 673/673/673 674/674/674 
f 673/673/673 674/674/674 674/674/674 
f 674/674/674 674/674/674 664/664/664 
f 674/674/674 664/664/664 664/664/664 
f 664/664/664 664/664/664 666/666/666 
f 664/664/664 675/675/675 666/666/666 
f 666/666/666 675/675/675 669/669/669 
f 675/675/675 676/676/676 669/669/669 
f 669/669/669 676/676/676 671/671/671 
f 676/676/676 677/677/677 671/671/671 
f 671/671/671 677/677/677 673/673/673 
f 677/677/677 673/673/673 673/673/673 
f 673/673/673 673/673/673 678/678/678 
f 673/673/673 678/678/678 678/678/678 
f 678/678/678 678/678/678 679/679/679 
f 678/678/678 680/680/680 679/679/679 
f 679/679/679 680/680/680 681/681/681 
f 680/680/680 681/681/681 681/681/681 
f 681/681/681 681/681/681 682/682/682 
f 681/681/681 682/682/682 682/682/682 
f 682/682/682 682/682/682 683/683/683 
f 682/682/682 684/684/684 683/683/683 
f 683/683/683 684/684/684 683/683/683 
f 684/684/684 685/685/685 683/683/683 
f 683/683/683 685/685/685 683/683/683 
f 685/685/685 686/686/686 683/683/683 
f 683/683/683 686/686/686 687/687/687 
f 686/686/686 688/688/688 687/687/687 
f 687/687/687 688/688/688 689/689/689 
f 688/688/688 690/690/690 689/689/689 
f 689/689/689 690/690/690 691/691/691 
f 690/690/690 692/692/692 691/691/691 
f 691/691/691 692/692/692 693/693/693 
f 692/692/692 692/692/692 693/693/693 
f 693/693/693 692/692/692 694/694/694 
f 692/692/692 695/695/695 694/694/694 
f 694/694/694 695/695/695 695/695/695 
f 695/695/695 696/696/696 695/695/695 
f 695/695/695 696/696/696 696/696/696 
f 696/696/696 697/697/697 696/696/696 
f 696/696/696 697/697/697 698/698/698 
f 697/697/697 699/699/699 698/698/698 
f 698/698/698 699/699/699 699/699/699 
f 699/699/699 700/700/700 699/699/699 
f 699/699/699 700/700/700 700/700/700 
f 700/700/700 701/701/701 700/700/700 
f 700/700/700 701/701/701 702/702/702 
f 701/701/701 703/703/703 702/702/702 
f 702/702/702 703/703/703 703/703/703 
f 703/703/703 704/704/704 703/703/703 
f 703/703/703 704/704/704 704/704/704 
f 704/704/704 705/705/705 704/704/704 
f 704/704/704 705/705/705 706/706/706 
f 705/705/705 707/707/707 706/706/706 
f 706/706/706 707/707/707 707/707/707 
f 707/707/707 708/708/708 707/707/707 
f 707/707/707 708/708/708 708/708/708 
f 708/708/708 709/709/709 708/708/708 
f 708/708/708 709/709/709 710/710/710 
f 709/709/709 711/711/711 710/710/710 
f 710/710/710 711/711/711 711/711/711 
f 711/711/711 712/712/712 711/711/711 
f 711/711/711 712/712/712 712/712/712 
f 712/712/712 713/713/713 712/712/712 
f 712/712/712 713/713/713 714/714/714 
f 713/713/713 715/715/715 714/714/714 
f 714/714/714 715/715/715 715/715/715 
f 715/715/715 716/716/716 715/715/715 
f 715/715/715 716/716/716 716/716/716 
f 716/716/716 717/717/717 716/716/716 
f 716/716/716 717/717/717 718/718/718 
f 717/717/717 719/719/719 718/718/718 
f 718/718/718 719/719/719 719/719/719 
f 719/719/719 720/720/720 719/719/719 
f 719/719/719 720/720/720 720/720/720 
f 720/720/720 721/721/721 720/720/720 
f 720/720/720 721/721/721 722/722/722 
f 721/721/721 723/723/723 722/722/722 
f 722/722/722 723/723/723 723/723/723 
f 723/723/723 724/724/724 723/723/723 
f 723/723/723 724/724/724 724/724/724 
f 724/724/724 725/725/725 724/724/724 
f 724/724/724 725/725/725 726/726/726 
f 725/725/725 727/727/727 726/726/726 
f 726/726/726 727/727/727 728/728/728 
f 727/727/727 728/728/728 728/728/728 
f 728/728/728 728/728/728 725/725/725 
f 728/728/728 725/725/725 725/725/725 
f 725/725/725 725/725/725 727/727/727 
f 725/725/725 729/729/729 727/727/727 
f 727/727/727 729/729/729 730/730/730 
f 729/729/729 731/731/731 730/730/730 
f 730/730/730 731/731/731 730/730/730 
f 731/731/731 732/732/732 730/730/730 
f 730/730/730 732/732/732 733/733/733 
f 732/732/732 734/734/734 733/733/733 
f 733/733/733 734/734/734 735/735/735 
f 734/734/734 736/736/736 735/735/735 
f 735/735/735 736/736/736 736/736/736 
f 736/736/736 735/735/735 736/736/736 
f 736/736/736 735/735/735 735/735/735 
f 735/735/735 737/737/737 735/735/735 
f 735/735/735 737/737/737 733/733/733 
f 737/737/737 738/738/738 733/733/733 
f 733/733/733 738/738/738 730/730/730 
f 738/738/738 738/738/738 730/730/730 
f 730/730/730 738/738/738 727/727/727 
f 738/738/738 738/738/738 727/727/727 
f 727/727/727 738/738/738 728/728/728 
f 738/738/738 739/739/739 728/728/728 
f 728/728/728 739/739/739 740/740/740 
f 739/739/739 741/741/741 740/740/740 
f 740/740/740 741/741/741 742/742/742 
f 741/741/741 743/743/743 742/742/742 
f 742/742/742 743/743/743 743/743/743 
f 743/743/743 739/739/739 743/743/743 
f 743/743/743 739/739/739 739/739/739 
f 739/739/739 738/738/738 739/739/739 
f 739/739/739 738/738/738 737/737/737 
f 738/738/738 737/737/737 737/737/737 
f 737/737/737 737/737/737 744/744/744 
f 737/737/737 744/744/744 744/744/744 
f 744/744/744 744/744/744 745/745/745 
f 744/744/744 746/746/746 745/745/745 
f 745/745/745 746/746/746 747/747/747 
f 746/746/746 748/748/748 747/747/747 
f 747/747/747 748/748/748 749/749/749 
f 748/748/748 750/750/750 749/749/749 
f 749/749/749 750/750/750 751/751/751 
f 750/750/750 752/752/752 751/751/751 
f 751/751/751 752/752/752 753/753/753 
f 752/752/752 753/753/753 753/753/753 
f 753/753/753 753/753/753 754/754/754 
f 753/753/753 754/754/754 754/754/754 
f 754/754/754 754/754/754 755/755/755 
f 754/754/754 756/756/756 755/755/755 
f 755/755/755 756/756/756 755/755/755 
f 756/756/756 757/757/757 755/755/755 
f 755/755/755 757/757/757 755/755/755 
f 757/757/757 758/758/758 755/755/755 
f 755/755/755 758/758/758 755/755/755 
f 758/758/758 759/759/759 755/755/755 
f 755/755/755 759/759/759 755/755/755 
f 759/759/759 760/760/760 755/755/755 
f 755/755/755 760/760/760 761/761/761 
f 760/760/760 762/762/762 761/761/761 
f 761/761/761 762/762/762 762/762/762 
f 762/762/762 763/763/763 762/762/762 
f 762/762/762 763/763/763 763/763/763 
f 763/763/763 764/764/764 763/763/763 
f 763/763/763 764/764/764 765/765/765 
f 764/764/764 764/764/764 765/765/765 
f 765/765/765 764/764/764 766/766/766 
f 764/764/764 764/764/764 766/766/766 
f 766/766/766 764/764/764 767/767/767 
f 764/764/764 764/764/764 767/767/767 
f 767/767/767 764/764/764 768/768/768 
f 764/764/764 764/764/764 768/768/768 
f 768/768/768 764/764/764 769/769/769 
f 764/764/764 770/770/770 769/769/769 
f 769/769/769 770/770/770 771/771/771 

