mtllib model_67.mtl
o model_67
v 1845.112548828125 -118.71269226074219 646.2936401367188 
v 1864.017822265625 -144.5283660888672 653.1678466796875 
v 1871.50927734375 -113.93201446533203 653.1678466796875 
v 1894.8212890625 -109.62940216064453 643.3720703125 
v 1898.743408203125 -147.63580322265625 639.24755859375 
v 1872.5670166015625 -166.75851440429688 652.48046875 
v 1901.1671142578125 -166.0414276123047 640.1068725585938 
v 1902.8416748046875 -191.61807250976562 639.1616821289062 
v 1907.77734375 -191.85708618164062 606.1654052734375 
v 1903.06201171875 -226.7560577392578 641.739501953125 
v 1906.675537109375 -226.7560577392578 606.1654052734375 
v 1903.06201171875 -226.75607299804688 570.5054321289062 
v 1902.8416748046875 -191.61807250976562 573.169189453125 
v 1867.543212890625 -223.8876495361328 558.0458984375 
v 1872.258544921875 -189.94483947753906 558.6473999023438 
v 1872.5670166015625 -166.75852966308594 559.7644653320312 
v 1901.1671142578125 -166.04144287109375 572.1380615234375 
v 1906.1026611328125 -165.80239868164062 606.1654052734375 
v 1903.7230224609375 -147.3967742919922 606.1654052734375 
v 1872.258544921875 -189.94482421875 653.5975341796875 
v 1867.543212890625 -223.88763427734375 654.1990356445312 
v 1898.743408203125 -147.6358184814453 573.083251953125 
v 1864.017822265625 -144.52838134765625 559.0770263671875 
v 1894.8212890625 -109.62940979003906 568.872802734375 
v 1871.50927734375 -113.9320297241211 559.1629638671875 
v 1880.0584716796875 -76.40367889404297 578.5825805664062 
v 1867.8516845703125 -75.68656921386719 565.6934814453125 
v 1869.7025146484375 -65.4081039428711 594.049560546875 
v 1856.6143798828125 -62.53968811035156 589.5813598632812 
v 1853.8380126953125 -69.71074676513672 569.9039306640625 
v 1845.112548828125 -118.71270751953125 565.9512329101562 
v 1873.0517578125 -66.6032943725586 606.1654052734375 
v 1880.63134765625 -76.64271545410156 606.1654052734375 
v 1901.1671142578125 -109.39036560058594 606.1654052734375 
v 1880.0584716796875 -76.40367126464844 633.6622314453125 
v 1869.7025146484375 -65.40809631347656 618.1952514648438 
v 1867.8516845703125 -75.68655395507812 646.5513916015625 
v 1856.6143798828125 -62.53968048095703 622.7494506835938 
v 1853.8380126953125 -69.71073913574219 642.4268798828125 
v 1840.6617431640625 -90.02859497070312 671.642333984375 
v 1858.5533447265625 -91.46280670166016 673.1890258789062 
v 1847.27197265625 -104.13160705566406 676.7120361328125 
v 1868.4686279296875 -107.0000228881836 667.6036987304688 
v 1846.0821533203125 -112.2587661743164 677.6572265625 
v 1866.5296630859375 -116.80040740966797 670.3533935546875 
v 1845.9058837890625 -125.88369750976562 681.3521728515625 
v 1864.5025634765625 -130.42535400390625 673.0171508789062 
v 1845.7294921875 -139.5086212158203 685.1329345703125 
v 1862.475341796875 -143.81124877929688 675.680908203125 
v 1844.3634033203125 -152.65550231933594 686.3359375 
v 1859.0821533203125 -156.0019989013672 677.8291015625 
v 1845.20068359375 -162.2168731689453 687.3670654296875 
v 1859.1702880859375 -167.4756317138672 680.4928588867188 
v 1861.3736572265625 -180.14442443847656 684.1018676757812 
v 1845.55322265625 -174.16856384277344 692.0931396484375 
v 1853.177001953125 -232.7318878173828 692.1790771484375 
v 1863.665283203125 -230.341552734375 687.7108154296875 
v 1853.9261474609375 -240.3809814453125 693.124267578125 
v 1864.7669677734375 -237.27354431152344 688.827880859375 
v 1861.5499267578125 -232.01480102539062 678.9461669921875 
v 1862.827880859375 -238.22967529296875 680.5787963867188 
v 1851.3702392578125 -235.83934020996094 677.2276611328125 
v 1852.03125 -242.05422973632812 679.1180419921875 
v 1841.9837646484375 -183.25186157226562 664.6821899414062 
v 1860.1397705078125 -185.88124084472656 668.5489501953125 
v 1857.4957275390625 -174.16856384277344 666.8303833007812 
v 1857.539794921875 -161.49977111816406 661.5888061523438 
v 1842.38037109375 -173.9295196533203 663.4791870117188 
v 1842.468505859375 -162.45590209960938 657.8079833984375 
v 1843.3939208984375 -150.26516723632812 653.2537841796875 
v 1861.1973876953125 -150.02613830566406 657.7220458984375 
v 1844.407470703125 -136.87928771972656 650.4181518554688 
v 1864.0618896484375 -136.64024353027344 655.6597900390625 
v 1845.376953125 -123.49337005615234 647.75439453125 
v 1866.92626953125 -123.49336242675781 653.6834106445312 
v 1845.112548828125 -118.71269226074219 646.2936401367188 
v 1871.50927734375 -113.93201446533203 653.1678466796875 
v 1865.075439453125 -85.72599792480469 662.705810546875 
v 1851.766845703125 -80.22821044921875 659.1828002929688 
v 1867.8516845703125 -75.68655395507812 646.5513916015625 
v 1853.8380126953125 -69.71073913574219 642.4268798828125 
v 1851.766845703125 -80.22821044921875 659.1828002929688 
v 1836.6514892578125 -81.42338562011719 655.5738525390625 
v 1840.6617431640625 -90.02859497070312 671.642333984375 
v 1827.1328125 -104.84872436523438 665.11181640625 
v 1837.0040283203125 -71.1449203491211 638.4741821289062 
v 1825.810791015625 -112.25877380371094 646.7232666015625 
v 1828.0582275390625 -121.58110809326172 650.160400390625 
v 1845.376953125 -123.49337005615234 647.75439453125 
v 1844.407470703125 -136.87928771972656 650.4181518554688 
v 1829.02783203125 -134.9669952392578 654.198974609375 
v 1843.3939208984375 -150.26516723632812 653.2537841796875 
v 1853.8380126953125 -69.71073913574219 642.4268798828125 
v 1845.112548828125 -118.71269226074219 646.2936401367188 
v 1847.27197265625 -104.13160705566406 676.7120361328125 
v 1828.5430908203125 -114.64910888671875 668.4630126953125 
v 1829.3363037109375 -128.27403259277344 672.3297119140625 
v 1829.9532470703125 -148.59193420410156 658.409423828125 
v 1842.468505859375 -162.45590209960938 657.8079833984375 
v 1830.966796875 -161.02171325683594 662.6199340820312 
v 1842.38037109375 -173.9295196533203 663.4791870117188 
v 1846.0821533203125 -112.2587661743164 677.6572265625 
v 1845.9058837890625 -125.88369750976562 681.3521728515625 
v 1830.173583984375 -142.13800048828125 676.1105346679688 
v 1845.7294921875 -139.5086212158203 685.1329345703125 
v 1830.9227294921875 -155.04583740234375 678.4306030273438 
v 1844.3634033203125 -152.65550231933594 686.3359375 
v 1845.20068359375 -162.2168731689453 687.3670654296875 
v 1831.6278076171875 -164.12913513183594 681.0943603515625 
v 1831.14306640625 -170.8220977783203 667.7755737304688 
v 1829.1600341796875 -179.4273223876953 669.494140625 
v 1841.9837646484375 -183.25186157226562 664.6821899414062 
v 1851.3702392578125 -235.83934020996094 677.2276611328125 
v 1843.3057861328125 -236.79547119140625 680.235107421875 
v 1852.03125 -242.05422973632812 679.1180419921875 
v 1844.407470703125 -243.7274627685547 681.9536743164062 
v 1843.526123046875 -234.40513610839844 688.827880859375 
v 1844.5396728515625 -242.05422973632812 689.9449462890625 
v 1853.177001953125 -232.7318878173828 692.1790771484375 
v 1853.9261474609375 -240.3809814453125 693.124267578125 
v 1845.55322265625 -174.16856384277344 692.0931396484375 
v 1830.1295166015625 -174.16856384277344 684.7033081054688 
v 1863.4449462890625 -326.4332275390625 657.8939208984375 
v 1847.2279052734375 -327.6283874511719 652.30859375 
v 1863.40087890625 -341.0143127441406 657.1205444335938 
v 1848.68212890625 -339.341064453125 652.0508422851562 
v 1841.8956298828125 -339.5801086425781 638.8179931640625 
v 1862.5194091796875 -299.90045166015625 659.5265502929688 
v 1843.43798828125 -297.9881896972656 652.56640625 
v 1864.2822265625 -251.37655639648438 658.0657348632812 
v 1843.4820556640625 -254.48399353027344 650.5900268554688 
v 1867.543212890625 -223.88763427734375 654.1990356445312 
v 1828.5430908203125 -222.21441650390625 639.50537109375 
v 1834.932861328125 -265.0014953613281 633.7482299804688 
v 1835.285400390625 -294.6417236328125 635.294921875 
v 1840.1329345703125 -330.496826171875 638.3883056640625 
v 1848.1973876953125 -341.7314147949219 625.4991455078125 
v 1847.3160400390625 -333.365234375 624.468017578125 
v 1862.916015625 -344.12176513671875 620.515380859375 
v 1863.7093505859375 -334.7994384765625 619.0545654296875 
v 1843.702392578125 -291.7733154296875 618.0234375 
v 1862.827880859375 -290.8171691894531 611.2351684570312 
v 1843.4820556640625 -275.9970397949219 616.218994140625 
v 1863.5771484375 -280.5387268066406 609.6884765625 
v 1839.20751953125 -266.1966552734375 610.6336669921875 
v 1863.6212158203125 -267.8699035644531 608.4854736328125 
v 1826.339599609375 -245.63973999023438 625.4991455078125 
v 1828.2344970703125 -245.16168212890625 606.1654052734375 
v 1829.468505859375 -222.2144317626953 606.1654052734375 
v 1828.5430908203125 -222.2144317626953 572.7395629882812 
v 1826.339599609375 -245.63973999023438 586.7457885742188 
v 1841.234619140625 -265.7186279296875 606.1654052734375 
v 1839.20751953125 -266.1966552734375 601.6112670898438 
v 1863.6212158203125 -267.8699035644531 603.7594604492188 
v 1863.5771484375 -280.5387268066406 602.5564575195312 
v 1843.4820556640625 -275.9970703125 596.0259399414062 
v 1862.827880859375 -290.8171691894531 601.009765625 
v 1863.4449462890625 -267.6308898925781 606.1654052734375 
v 1834.932861328125 -265.0014953613281 578.4967041015625 
v 1843.4820556640625 -254.4840087890625 561.7407836914062 
v 1867.543212890625 -223.8876495361328 558.0458984375 
v 1864.2822265625 -251.37657165527344 554.1791381835938 
v 1843.43798828125 -297.9881896972656 559.6785278320312 
v 1862.5194091796875 -299.9004821777344 552.7183837890625 
v 1847.2279052734375 -327.62841796875 559.9363403320312 
v 1863.4449462890625 -326.4332580566406 554.3510131835938 
v 1863.40087890625 -341.0143127441406 555.1243896484375 
v 1848.68212890625 -339.3410949707031 560.194091796875 
v 1841.8956298828125 -339.5801086425781 573.427001953125 
v 1840.1329345703125 -330.496826171875 573.8566284179688 
v 1848.1973876953125 -341.7314147949219 586.7457885742188 
v 1835.285400390625 -294.6417236328125 576.9500122070312 
v 1843.702392578125 -291.7733154296875 594.2214965820312 
v 1863.7093505859375 -334.7994384765625 593.1903686523438 
v 1847.3160400390625 -333.365234375 587.7769165039062 
v 1862.916015625 -344.12176513671875 591.7296142578125 
v 1877.899169921875 -343.8827209472656 652.1367797851562 
v 1863.40087890625 -341.0143127441406 657.1205444335938 
v 1874.5941162109375 -358.2247619628906 651.4493408203125 
v 1860.4923095703125 -355.1173095703125 656.3472290039062 
v 1857.8482666015625 -371.8497009277344 657.8939208984375 
v 1884.2449951171875 -346.0340270996094 639.0757446289062 
v 1880.851806640625 -359.6589660644531 638.5601806640625 
v 1877.634765625 -346.0340270996094 625.7569580078125 
v 1874.726318359375 -358.2247619628906 625.5850830078125 
v 1862.916015625 -344.12176513671875 620.515380859375 
v 1860.5804443359375 -355.3563537597656 620.601318359375 
v 1873.7127685546875 -370.8935546875 623.6087646484375 
v 1858.15673828125 -372.0887145996094 617.8516235351562 
v 1863.2686767578125 -459.3361511230469 629.022216796875 
v 1853.5736083984375 -461.2484130859375 624.725830078125 
v 1867.1466064453125 -458.3800048828125 639.0757446289062 
v 1880.3228759765625 -370.4154968261719 637.9586791992188 
v 1873.4483642578125 -370.8935546875 652.30859375 
v 1853.3973388671875 -461.0093688964844 653.4257202148438 
v 1863.09228515625 -458.8580627441406 649.1293334960938 
v 1863.7093505859375 -334.7994384765625 619.0545654296875 
v 1879.9703369140625 -333.8432922363281 624.725830078125 
v 1862.916015625 -344.12176513671875 620.515380859375 
v 1877.634765625 -346.0340270996094 625.7569580078125 
v 1884.2449951171875 -346.0340270996094 639.0757446289062 
v 1862.827880859375 -290.8171691894531 611.2351684570312 
v 1881.909423828125 -292.49041748046875 618.0234375 
v 1863.5771484375 -280.5387268066406 609.6884765625 
v 1883.76025390625 -276.71417236328125 617.1641845703125 
v 1863.6212158203125 -267.8699035644531 608.4854736328125 
v 1889.2686767578125 -269.0650939941406 610.8055419921875 
v 1887.2415771484375 -268.5870056152344 606.1654052734375 
v 1863.4449462890625 -267.6308898925781 606.1654052734375 
v 1863.6212158203125 -267.8699035644531 603.7594604492188 
v 1889.2686767578125 -269.0650939941406 601.5253295898438 
v 1883.76025390625 -276.71417236328125 595.0807495117188 
v 1863.5771484375 -280.5387268066406 602.5564575195312 
v 1881.909423828125 -292.49041748046875 594.2214965820312 
v 1862.827880859375 -290.8171691894531 601.009765625 
v 1879.9703369140625 -333.8432922363281 587.5191040039062 
v 1863.7093505859375 -334.7994384765625 593.1903686523438 
v 1862.916015625 -344.12176513671875 591.7296142578125 
v 1877.634765625 -346.0340270996094 586.4879760742188 
v 1884.2449951171875 -346.0340270996094 573.169189453125 
v 1886.93310546875 -330.9748840332031 573.427001953125 
v 1877.899169921875 -343.8827209472656 560.1082153320312 
v 1890.150146484375 -295.8368835449219 576.8640747070312 
v 1893.4111328125 -265.9576416015625 577.379638671875 
v 1902.6654052734375 -246.11782836914062 590.268798828125 
v 1902.092529296875 -245.63973999023438 606.1654052734375 
v 1906.675537109375 -226.7560577392578 606.1654052734375 
v 1902.6654052734375 -246.11781311035156 621.9761352539062 
v 1903.06201171875 -226.75607299804688 570.5054321289062 
v 1886.3602294921875 -254.9620819091797 561.2252197265625 
v 1881.733154296875 -298.9443359375 559.5925903320312 
v 1879.7059326171875 -327.8674621582031 559.5926513671875 
v 1863.40087890625 -341.0143127441406 555.1243896484375 
v 1863.4449462890625 -326.4332580566406 554.3510131835938 
v 1862.5194091796875 -299.9004821777344 552.7183837890625 
v 1864.2822265625 -251.37657165527344 554.1791381835938 
v 1867.543212890625 -223.8876495361328 558.0458984375 
v 1903.06201171875 -226.7560577392578 641.739501953125 
v 1886.3602294921875 -254.96206665039062 651.0197143554688 
v 1893.4111328125 -265.9576110839844 634.9512329101562 
v 1881.733154296875 -298.9443359375 652.7382202148438 
v 1862.5194091796875 -299.90045166015625 659.5265502929688 
v 1863.4449462890625 -326.4332275390625 657.8939208984375 
v 1867.543212890625 -223.88763427734375 654.1990356445312 
v 1864.2822265625 -251.37655639648438 658.0657348632812 
v 1890.150146484375 -295.8368835449219 635.380859375 
v 1879.7059326171875 -327.867431640625 652.65234375 
v 1863.40087890625 -341.0143127441406 657.1205444335938 
v 1877.899169921875 -343.8827209472656 652.1367797851562 
v 1886.93310546875 -330.9748840332031 638.8179931640625 
v 1848.1973876953125 -341.7314147949219 625.4991455078125 
v 1846.5228271484375 -352.4879455566406 625.5850830078125 
v 1862.916015625 -344.12176513671875 620.515380859375 
v 1860.5804443359375 -355.3563537597656 620.601318359375 
v 1858.15673828125 -372.0887145996094 617.8516235351562 
v 1841.8956298828125 -339.5801086425781 638.8179931640625 
v 1840.353271484375 -351.29278564453125 638.3024291992188 
v 1848.68212890625 -339.341064453125 652.0508422851562 
v 1846.4346923828125 -352.2489013671875 651.1915283203125 
v 1863.40087890625 -341.0143127441406 657.1205444335938 
v 1860.4923095703125 -355.1173095703125 656.3472290039062 
v 1842.2041015625 -373.04486083984375 652.73828125 
v 1857.8482666015625 -371.8497009277344 657.8939208984375 
v 1843.7464599609375 -461.2484130859375 649.2152099609375 
v 1853.3973388671875 -461.0093688964844 653.4257202148438 
v 1839.56005859375 -461.4874572753906 638.9898681640625 
v 1835.637939453125 -373.5229187011719 638.3883056640625 
v 1842.4244384765625 -373.2839050292969 623.5228271484375 
v 1853.5736083984375 -461.2484130859375 624.725830078125 
v 1843.8345947265625 -461.7264709472656 628.8504028320312 
v 1898.390869140625 -38.39727783203125 606.1654052734375 
v 1894.2484130859375 -26.923620223999023 606.1654052734375 
v 1892.7060546875 -38.636314392089844 611.8366088867188 
v 1884.8619384765625 -51.06607437133789 620.085693359375 
v 1892.441650390625 -41.74376678466797 606.1654052734375 
v 1885.69921875 -61.82261657714844 615.617431640625 
v 1888.6517333984375 -64.45199584960938 606.1654052734375 
v 1873.4483642578125 -63.973915100097656 606.1654052734375 
v 1871.7296142578125 -58.71516418457031 616.7344970703125 
v 1872.3907470703125 -49.63184356689453 624.8976440429688 
v 1858.7296142578125 -50.82703399658203 622.31982421875 
v 1861.417724609375 -37.20207977294922 630.3110961914062 
v 1855.9974365234375 -45.80732345581055 627.6473388671875 
v 1846.478759765625 -46.52444076538086 617.2500610351562 
v 1849.4312744140625 -38.63631057739258 626.8739624023438 
v 1840.705810546875 -37.44112014770508 619.3982543945312 
v 1850.3126220703125 -26.68457794189453 628.592529296875 
v 1883.0992431640625 -35.52885818481445 622.4057006835938 
v 1842.7769775390625 -44.851173400878906 606.1654052734375 
v 1835.37353515625 -39.3533821105957 606.1654052734375 
v 1832.2447509765625 -21.66486930847168 606.1654052734375 
v 1839.7803955078125 -22.381982803344727 623.6087036132812 
v 1838.3702392578125 -7.322847843170166 606.1654052734375 
v 1842.0718994140625 -10.908374786376953 620.9449462890625 
v 1858.4652099609375 3.911769390106201 606.1654052734375 
v 1859.21435546875 -2.542171001434326 623.7805786132812 
v 1877.634765625 -5.888661861419678 623.6946411132812 
v 1860.80078125 -14.015778541564941 628.9362182617188 
v 1860.4923095703125 -28.11880874633789 630.74072265625 
v 1881.46875 -0.3908753991127014 606.1654052734375 
v 1891.11962890625 -13.298714637756348 606.1654052734375 
v 1886.2720947265625 -16.406116485595703 620.085693359375 
v 1894.3365478515625 -26.684581756591797 606.1654052734375 
v 1883.583984375 -26.20655059814453 623.6946411132812 
v 1855.9974365234375 -45.80732345581055 627.6473388671875 
v 1849.4312744140625 -38.63631057739258 626.8739624023438 
v 1849.03466796875 -38.87535095214844 630.65478515625 
v 1850.3126220703125 -26.68457794189453 628.592529296875 
v 1849.5194091796875 -26.68457794189453 632.888916015625 
v 1860.4923095703125 -28.11880874633789 630.74072265625 
v 1860.1397705078125 -28.357847213745117 632.888916015625 
v 1861.417724609375 -37.20207977294922 630.3110961914062 
v 1867.543212890625 -223.88763427734375 654.1990356445312 
v 1872.258544921875 -189.94482421875 653.5975341796875 
v 1828.5430908203125 -222.21441650390625 639.50537109375 
v 1837.4007568359375 -187.5544891357422 638.2164306640625 
v 1829.468505859375 -222.2144317626953 606.1654052734375 
v 1836.8277587890625 -187.7935333251953 606.1654052734375 
v 1837.4007568359375 -187.5544891357422 574.0284423828125 
v 1828.5430908203125 -222.2144317626953 572.7395629882812 
v 1872.258544921875 -189.94483947753906 558.6473999023438 
v 1867.543212890625 -223.8876495361328 558.0458984375 
v 1825.810791015625 -112.25877380371094 646.7232666015625 
v 1845.112548828125 -118.71269226074219 646.2936401367188 
v 1826.5599365234375 -139.26962280273438 639.16162109375 
v 1864.017822265625 -144.5283660888672 653.1678466796875 
v 1837.709228515625 -167.23660278320312 639.50537109375 
v 1872.5670166015625 -166.75851440429688 652.48046875 
v 1837.709228515625 -167.23660278320312 572.7395629882812 
v 1872.5670166015625 -166.75852966308594 559.7644653320312 
v 1864.017822265625 -144.52838134765625 559.0770263671875 
v 1826.5599365234375 -139.26963806152344 573.169189453125 
v 1845.112548828125 -118.71270751953125 565.9512329101562 
v 1825.810791015625 -112.2587890625 565.5216064453125 
v 1826.0311279296875 -139.0305938720703 606.1654052734375 
v 1821.9769287109375 -107.95616149902344 606.1654052734375 
v 1837.0040283203125 -71.1449203491211 638.4741821289062 
v 1837.0040283203125 -71.14493560791016 573.7706298828125 
v 1837.180419921875 -167.23660278320312 606.1654052734375 
v 1853.8380126953125 -69.71074676513672 569.9039306640625 
v 1856.6143798828125 -62.53968811035156 589.5813598632812 
v 1842.9532470703125 -60.388389587402344 595.4244384765625 
v 1832.7735595703125 -72.34011840820312 606.1654052734375 
v 1839.6041259765625 -60.149349212646484 606.1654052734375 
v 1842.9532470703125 -60.38838577270508 616.8204345703125 
v 1856.6143798828125 -62.53968048095703 622.7494506835938 
v 1853.8380126953125 -69.71073913574219 642.4268798828125 
v 1840.6617431640625 -90.02861785888672 540.6025390625 
v 1858.5533447265625 -91.46282958984375 539.0558471679688 
v 1847.27197265625 -104.13162994384766 535.5328369140625 
v 1868.4686279296875 -107.00003814697266 544.6411743164062 
v 1846.0821533203125 -112.2587890625 534.587646484375 
v 1866.5296630859375 -116.80042266845703 541.8914794921875 
v 1845.9058837890625 -125.88372039794922 530.8927612304688 
v 1864.5025634765625 -130.42538452148438 539.2277221679688 
v 1845.7294921875 -139.50865173339844 527.1119384765625 
v 1862.475341796875 -143.811279296875 536.56396484375 
v 1844.3634033203125 -152.65553283691406 525.908935546875 
v 1859.0821533203125 -156.00201416015625 534.415771484375 
v 1845.20068359375 -162.21690368652344 524.8778076171875 
v 1859.1702880859375 -167.47564697265625 531.7520141601562 
v 1861.3736572265625 -180.1444549560547 528.14306640625 
v 1845.55322265625 -174.16859436035156 520.1517944335938 
v 1853.177001953125 -232.73191833496094 520.0658569335938 
v 1863.665283203125 -230.34158325195312 524.5341186523438 
v 1853.9261474609375 -240.38101196289062 519.1206665039062 
v 1864.7669677734375 -237.27357482910156 523.5029907226562 
v 1861.5499267578125 -232.0148162841797 533.2987060546875 
v 1862.827880859375 -238.22970581054688 531.6661376953125 
v 1851.3702392578125 -235.83937072753906 535.0172729492188 
v 1852.03125 -242.0542449951172 533.2128295898438 
v 1841.9837646484375 -183.2518768310547 547.562744140625 
v 1860.1397705078125 -185.88125610351562 543.6959838867188 
v 1857.4957275390625 -174.1685791015625 545.41455078125 
v 1857.539794921875 -161.49978637695312 550.6561279296875 
v 1842.38037109375 -173.92955017089844 548.8516235351562 
v 1842.468505859375 -162.45591735839844 554.5228881835938 
v 1843.3939208984375 -150.2651824951172 559.0770263671875 
v 1861.1973876953125 -150.02615356445312 554.5228881835938 
v 1844.407470703125 -136.87930297851562 561.8267211914062 
v 1864.0618896484375 -136.6402587890625 556.6710815429688 
v 1845.376953125 -123.49337768554688 564.490478515625 
v 1866.92626953125 -123.49337768554688 558.5614624023438 
v 1845.112548828125 -118.71270751953125 565.9512329101562 
v 1871.50927734375 -113.9320297241211 559.1629638671875 
v 1865.075439453125 -85.72602081298828 549.5390625 
v 1851.766845703125 -80.22823333740234 553.0620727539062 
v 1867.8516845703125 -75.68656921386719 565.6934814453125 
v 1853.8380126953125 -69.71074676513672 569.9039306640625 
v 1851.766845703125 -80.22823333740234 553.0620727539062 
v 1836.6514892578125 -81.42340087890625 556.6710205078125 
v 1840.6617431640625 -90.02861785888672 540.6025390625 
v 1827.1328125 -104.84873962402344 547.133056640625 
v 1837.0040283203125 -71.14493560791016 573.7706298828125 
v 1825.810791015625 -112.2587890625 565.5216064453125 
v 1828.0582275390625 -121.58112335205078 562.08447265625 
v 1845.376953125 -123.49337768554688 564.490478515625 
v 1844.407470703125 -136.87930297851562 561.8267211914062 
v 1829.02783203125 -134.96701049804688 558.0458984375 
v 1843.3939208984375 -150.2651824951172 559.0770263671875 
v 1853.8380126953125 -69.71074676513672 569.9039306640625 
v 1845.112548828125 -118.71270751953125 565.9512329101562 
v 1847.27197265625 -104.13162994384766 535.5328369140625 
v 1828.5430908203125 -114.64912414550781 543.7818603515625 
v 1829.3363037109375 -128.27406311035156 539.9151611328125 
v 1829.9532470703125 -148.59194946289062 553.83544921875 
v 1842.468505859375 -162.45591735839844 554.5228881835938 
v 1830.966796875 -161.021728515625 549.625 
v 1842.38037109375 -173.92955017089844 548.8516235351562 
v 1846.0821533203125 -112.2587890625 534.587646484375 
v 1845.9058837890625 -125.88372039794922 530.8927612304688 
v 1830.173583984375 -142.13803100585938 536.1343383789062 
v 1845.7294921875 -139.50865173339844 527.1119384765625 
v 1830.9227294921875 -155.04586791992188 533.8142700195312 
v 1844.3634033203125 -152.65553283691406 525.908935546875 
v 1845.20068359375 -162.21690368652344 524.8778076171875 
v 1831.6278076171875 -164.12916564941406 531.1505126953125 
v 1831.14306640625 -170.82211303710938 544.5552368164062 
v 1829.1600341796875 -179.42733764648438 542.7507934570312 
v 1841.9837646484375 -183.2518768310547 547.562744140625 
v 1851.3702392578125 -235.83937072753906 535.0172729492188 
v 1843.3057861328125 -236.79550170898438 532.0098266601562 
v 1852.03125 -242.0542449951172 533.2128295898438 
v 1844.407470703125 -243.7274932861328 530.377197265625 
v 1843.526123046875 -234.40516662597656 523.4170532226562 
v 1844.5396728515625 -242.0542449951172 522.2999877929688 
v 1853.177001953125 -232.73191833496094 520.0658569335938 
v 1853.9261474609375 -240.38101196289062 519.1206665039062 
v 1845.55322265625 -174.16859436035156 520.1517944335938 
v 1830.1295166015625 -174.16859436035156 527.5415649414062 
v 1877.899169921875 -343.8827209472656 560.1082153320312 
v 1863.40087890625 -341.0143127441406 555.1243896484375 
v 1874.5941162109375 -358.2247619628906 560.8815307617188 
v 1860.4923095703125 -355.1173400878906 555.983642578125 
v 1857.8482666015625 -371.8497009277344 554.3510131835938 
v 1884.2449951171875 -346.0340270996094 573.169189453125 
v 1880.851806640625 -359.6589660644531 573.6847534179688 
v 1877.634765625 -346.0340270996094 586.4879760742188 
v 1874.726318359375 -358.2247619628906 586.6598510742188 
v 1862.916015625 -344.12176513671875 591.7296142578125 
v 1860.5804443359375 -355.3563537597656 591.6436767578125 
v 1873.7127685546875 -370.8935546875 588.6361694335938 
v 1858.15673828125 -372.0887451171875 594.3933715820312 
v 1863.2686767578125 -459.3361511230469 583.2227783203125 
v 1853.5736083984375 -461.2484130859375 587.5191650390625 
v 1867.1466064453125 -458.3800048828125 573.1692504882812 
v 1880.3228759765625 -370.4154968261719 574.2862548828125 
v 1873.4483642578125 -370.8935546875 560.0222778320312 
v 1853.3973388671875 -461.0093994140625 558.8192749023438 
v 1863.09228515625 -458.85809326171875 563.1156616210938 
v 1848.1973876953125 -341.7314147949219 586.7457885742188 
v 1862.916015625 -344.12176513671875 591.7296142578125 
v 1846.5228271484375 -352.4879455566406 586.7457885742188 
v 1860.5804443359375 -355.3563537597656 591.6436767578125 
v 1858.15673828125 -372.0887451171875 594.3933715820312 
v 1841.8956298828125 -339.5801086425781 573.427001953125 
v 1840.353271484375 -351.29278564453125 573.9425659179688 
v 1848.68212890625 -339.3410949707031 560.194091796875 
v 1846.4346923828125 -352.2489013671875 561.0534057617188 
v 1863.40087890625 -341.0143127441406 555.1243896484375 
v 1860.4923095703125 -355.1173400878906 555.983642578125 
v 1842.2041015625 -373.0448913574219 559.5067138671875 
v 1857.8482666015625 -371.8497009277344 554.3510131835938 
v 1843.7464599609375 -461.2484130859375 563.0297241210938 
v 1853.3973388671875 -461.0093994140625 558.8192749023438 
v 1839.56005859375 -461.4874572753906 573.255126953125 
v 1835.637939453125 -373.52294921875 573.8566284179688 
v 1842.4244384765625 -373.2839050292969 588.7221069335938 
v 1853.5736083984375 -461.2484130859375 587.5191650390625 
v 1843.8345947265625 -461.72650146484375 583.3945922851562 
v 1898.390869140625 -38.39727783203125 606.1654052734375 
v 1894.2484130859375 -26.923620223999023 606.1654052734375 
v 1892.7060546875 -38.636314392089844 600.4082641601562 
v 1884.8619384765625 -51.066078186035156 592.1591796875 
v 1892.441650390625 -41.74376678466797 606.1654052734375 
v 1885.69921875 -61.8226203918457 596.62744140625 
v 1888.6517333984375 -64.45199584960938 606.1654052734375 
v 1873.4483642578125 -63.973915100097656 606.1654052734375 
v 1871.7296142578125 -58.71516799926758 595.5103759765625 
v 1872.3907470703125 -49.6318473815918 587.4331665039062 
v 1858.7296142578125 -50.82704162597656 589.925048828125 
v 1861.417724609375 -37.20208740234375 581.9337768554688 
v 1855.9974365234375 -45.80733108520508 584.5975341796875 
v 1846.478759765625 -46.524444580078125 594.9948120117188 
v 1849.4312744140625 -38.63631820678711 585.3709106445312 
v 1840.705810546875 -37.441123962402344 592.9324951171875 
v 1850.3126220703125 -26.684585571289062 583.73828125 
v 1883.0992431640625 -35.528865814208984 589.839111328125 
v 1842.7769775390625 -44.851173400878906 606.1654052734375 
v 1835.37353515625 -39.3533821105957 606.1654052734375 
v 1832.2447509765625 -21.66486930847168 606.1654052734375 
v 1839.7803955078125 -22.381988525390625 588.7220458984375 
v 1838.3702392578125 -7.322847843170166 606.1654052734375 
v 1842.0718994140625 -10.908379554748535 591.2998657226562 
v 1858.4652099609375 3.911769390106201 606.1654052734375 
v 1859.21435546875 -2.5421767234802246 588.4642944335938 
v 1877.634765625 -5.888667583465576 588.5502319335938 
v 1860.80078125 -14.015785217285156 583.39453125 
v 1860.4923095703125 -28.118816375732422 581.504150390625 
v 1881.46875 -0.3908753991127014 606.1654052734375 
v 1891.11962890625 -13.298714637756348 606.1654052734375 
v 1886.2720947265625 -16.40612030029297 592.1591796875 
v 1894.3365478515625 -26.684581756591797 606.1654052734375 
v 1883.583984375 -26.20655632019043 588.5502319335938 
v 1855.9974365234375 -45.80733108520508 584.5975341796875 
v 1849.4312744140625 -38.63631820678711 585.3709106445312 
v 1849.03466796875 -38.87535858154297 581.590087890625 
v 1850.3126220703125 -26.684585571289062 583.73828125 
v 1849.5194091796875 -26.684587478637695 579.35595703125 
v 1860.4923095703125 -28.118816375732422 581.504150390625 
v 1860.1397705078125 -28.35785675048828 579.44189453125 
v 1861.417724609375 -37.20208740234375 581.9337768554688 
v 1872.3907470703125 -262.8501892089844 689.5153198242188 
v 1869.482177734375 -250.8984832763672 689.4293823242188 
v 1866.044921875 -251.13751220703125 681.2662353515625 
v 1868.865234375 -250.42042541503906 680.321044921875 
v 1871.3330078125 -250.42042541503906 684.445556640625 
v 1874.197509765625 -261.17694091796875 679.6336059570312 
v 1875.51953125 -260.6988525390625 682.8988647460938 
v 1877.2381591796875 -259.5036926269531 675.852783203125 
v 1879.22119140625 -257.8304748535156 679.4617309570312 
v 1872.787353515625 -247.07394409179688 676.3683471679688 
v 1874.63818359375 -245.6397247314453 681.3521728515625 
v 1862.827880859375 -238.22967529296875 680.5787963867188 
v 1864.7669677734375 -237.27354431152344 688.827880859375 
v 1852.03125 -242.05422973632812 679.1180419921875 
v 1853.3092041015625 -253.04977416992188 679.8054809570312 
v 1844.407470703125 -243.7274627685547 681.9536743164062 
v 1843.5701904296875 -254.7230224609375 682.6410522460938 
v 1854.8076171875 -264.04534912109375 682.29736328125 
v 1844.1871337890625 -265.9576110839844 684.531494140625 
v 1868.4686279296875 -261.8940734863281 683.1566772460938 
v 1873.316162109375 -287.709716796875 682.9848022460938 
v 1870.187255859375 -287.709716796875 679.2899169921875 
v 1862.122802734375 -290.1000671386719 685.0470581054688 
v 1859.7431640625 -289.62200927734375 678.8602905273438 
v 1851.9871826171875 -290.3390808105469 684.0159301757812 
v 1851.7227783203125 -290.578125 680.063232421875 
v 1853.3973388671875 -461.0093688964844 653.4257202148438 
v 1898.302734375 -473.67816162109375 655.5739135742188 
v 1863.09228515625 -458.8580627441406 649.1293334960938 
v 1906.763671875 -473.43914794921875 651.2775268554688 
v 1867.1466064453125 -458.3800048828125 639.0757446289062 
v 1910.5535888671875 -473.6781921386719 642.083251953125 
v 1907.6451416015625 -483.2395324707031 653.6834716796875 
v 1912.18408203125 -483.47857666015625 642.5988159179688 
v 1906.89599609375 -473.9172058105469 632.8030395507812 
v 1907.7332763671875 -483.47857666015625 631.6000366210938 
v 1898.6112060546875 -474.3952941894531 628.4207153320312 
v 1897.7738037109375 -483.7176208496094 627.3036499023438 
v 1897.5093994140625 -483.47857666015625 657.8079833984375 
v 1863.2686767578125 -459.3361511230469 629.022216796875 
v 1853.5736083984375 -461.2484130859375 624.725830078125 
v 1867.4991455078125 -485.3908386230469 639.5054321289062 
v 1912.18408203125 -483.47857666015625 642.5988159179688 
v 1864.2381591796875 -485.3908386230469 647.3248291015625 
v 1907.6451416015625 -483.2395324707031 653.6834716796875 
v 1898.302734375 -473.67816162109375 655.5739135742188 
v 1853.3973388671875 -461.0093688964844 653.4257202148438 
v 1897.5093994140625 -483.47857666015625 657.8079833984375 
v 1855.6448974609375 -483.71759033203125 654.628662109375 
v 1845.773681640625 -483.71759033203125 650.2463989257812 
v 1843.7464599609375 -461.2484130859375 649.2152099609375 
v 1841.3668212890625 -483.9566345214844 639.4194946289062 
v 1839.56005859375 -461.4874572753906 638.9898681640625 
v 1845.86181640625 -483.7176208496094 628.5925903320312 
v 1843.8345947265625 -461.7264709472656 628.8504028320312 
v 1855.953369140625 -483.7176208496094 624.2962036132812 
v 1853.5736083984375 -461.2484130859375 624.725830078125 
v 1898.6112060546875 -474.3952941894531 628.4207153320312 
v 1897.7738037109375 -483.7176208496094 627.3036499023438 
v 1856.0855712890625 -485.3908386230469 641.1380615234375 
v 1867.4991455078125 -485.3908386230469 639.5054321289062 
v 1855.953369140625 -483.7176208496094 624.2962036132812 
v 1864.3262939453125 -485.3908386230469 631.6859741210938 
v 1841.3668212890625 -483.9566345214844 639.4194946289062 
v 1856.0855712890625 -485.3908386230469 641.1380615234375 
v 1845.86181640625 -483.7176208496094 628.5925903320312 
v 1855.953369140625 -483.7176208496094 624.2962036132812 
v 1845.773681640625 -483.71759033203125 650.2463989257812 
v 1855.6448974609375 -483.71759033203125 654.628662109375 
v 1841.3668212890625 -483.9566345214844 639.4194946289062 
v 1856.0855712890625 -485.3908386230469 641.1380615234375 
v 1855.6448974609375 -483.71759033203125 654.628662109375 
v 1864.2381591796875 -485.3908386230469 647.3248291015625 
v 1856.0855712890625 -485.3908386230469 641.1380615234375 
v 1867.4991455078125 -485.3908386230469 639.5054321289062 
v 1864.3262939453125 -485.3908386230469 631.6859741210938 
v 1867.4991455078125 -485.3908386230469 639.5054321289062 
v 1907.7332763671875 -483.47857666015625 631.6000366210938 
v 1912.18408203125 -483.47857666015625 642.5988159179688 
v 1855.953369140625 -483.7176208496094 624.2962036132812 
v 1864.3262939453125 -485.3908386230469 631.6859741210938 
v 1897.7738037109375 -483.7176208496094 627.3036499023438 
v 1907.7332763671875 -483.47857666015625 631.6000366210938 
v 1864.2381591796875 -485.3908386230469 647.3248291015625 
v 1855.6448974609375 -483.71759033203125 654.628662109375 
v 1907.6451416015625 -483.2395324707031 653.6834716796875 
v 1897.5093994140625 -483.47857666015625 657.8079833984375 
v 1873.316162109375 -287.709716796875 682.9848022460938 
v 1862.122802734375 -290.1000671386719 685.0470581054688 
v 1872.3907470703125 -262.8501892089844 689.5153198242188 
v 1857.892333984375 -265.47955322265625 693.124267578125 
v 1869.482177734375 -250.8984832763672 689.4293823242188 
v 1851.9871826171875 -290.3390808105469 684.0159301757812 
v 1844.7159423828125 -266.1966552734375 691.2338256835938 
v 1851.7227783203125 -290.578125 680.063232421875 
v 1844.1871337890625 -265.9576110839844 684.531494140625 
v 1843.878662109375 -254.0059356689453 691.2338256835938 
v 1843.5701904296875 -254.7230224609375 682.6410522460938 
v 1844.5396728515625 -242.05422973632812 689.9449462890625 
v 1844.407470703125 -243.7274627685547 681.9536743164062 
v 1853.9261474609375 -240.3809814453125 693.124267578125 
v 1856.04150390625 -252.81076049804688 694.0694580078125 
v 1864.7669677734375 -237.27354431152344 688.827880859375 
v 1871.3330078125 -250.42042541503906 684.445556640625 
v 1874.63818359375 -245.6397247314453 681.3521728515625 
v 1875.51953125 -260.6988525390625 682.8988647460938 
v 1879.22119140625 -257.8304748535156 679.4617309570312 
v 1873.0517578125 -66.6032943725586 606.1654052734375 
v 1873.4483642578125 -63.973915100097656 606.1654052734375 
v 1869.7025146484375 -65.40809631347656 618.1952514648438 
v 1871.7296142578125 -58.71516418457031 616.7344970703125 
v 1856.6143798828125 -62.53968048095703 622.7494506835938 
v 1858.7296142578125 -50.82703399658203 622.31982421875 
v 1842.9532470703125 -60.38838577270508 616.8204345703125 
v 1846.478759765625 -46.52444076538086 617.2500610351562 
v 1839.6041259765625 -60.149349212646484 606.1654052734375 
v 1842.7769775390625 -44.851173400878906 606.1654052734375 
v 1866.044921875 -251.13754272460938 530.8927612304688 
v 1868.4686279296875 -261.6550598144531 529.0882568359375 
v 1872.3907470703125 -262.8502197265625 522.7296142578125 
v 1873.316162109375 -286.9926452636719 529.3460693359375 
v 1869.482177734375 -250.89849853515625 522.7296142578125 
v 1868.865234375 -250.4204559326172 531.8379516601562 
v 1871.3330078125 -250.4204559326172 527.7134399414062 
v 1874.197509765625 -260.93792724609375 532.611328125 
v 1875.51953125 -260.4598693847656 529.3460693359375 
v 1877.2822265625 -259.26470947265625 536.3921508789062 
v 1879.22119140625 -257.83050537109375 532.697265625 
v 1872.787353515625 -247.07395935058594 535.7906494140625 
v 1874.63818359375 -245.63975524902344 530.8068237304688 
v 1862.827880859375 -238.22970581054688 531.6661376953125 
v 1864.7669677734375 -237.27357482910156 523.5029907226562 
v 1852.03125 -242.0542449951172 533.2128295898438 
v 1853.3092041015625 -253.0498046875 532.439453125 
v 1844.407470703125 -243.7274932861328 530.377197265625 
v 1843.5701904296875 -254.72305297851562 529.6897583007812 
v 1854.8076171875 -263.80633544921875 529.9475708007812 
v 1844.1871337890625 -265.9576416015625 527.7993774414062 
v 1870.187255859375 -286.9926452636719 533.0409545898438 
v 1859.7431640625 -288.9049072265625 533.5565185546875 
v 1862.122802734375 -289.38299560546875 527.3697509765625 
v 1851.9871826171875 -289.62200927734375 528.48681640625 
v 1851.7227783203125 -289.8610534667969 532.439453125 
v 1853.3973388671875 -461.0093994140625 558.8192749023438 
v 1863.09228515625 -458.85809326171875 563.1156616210938 
v 1898.302734375 -473.6781921386719 556.6710815429688 
v 1906.763671875 -473.43914794921875 560.9674682617188 
v 1897.2449951171875 -482.2834167480469 558.3896484375 
v 1906.4111328125 -482.2834167480469 562.1704711914062 
v 1910.5535888671875 -473.6781921386719 570.1617431640625 
v 1912.18408203125 -483.47857666015625 569.6461791992188 
v 1906.89599609375 -473.917236328125 579.4419555664062 
v 1906.4552001953125 -482.2834167480469 581.7620239257812 
v 1898.6112060546875 -474.3952941894531 583.8242797851562 
v 1897.377197265625 -482.5224304199219 585.6287231445312 
v 1867.1466064453125 -458.3800048828125 573.1692504882812 
v 1863.2686767578125 -459.3361511230469 583.2227783203125 
v 1853.5736083984375 -461.2484130859375 587.5191650390625 
v 1906.4111328125 -482.2834167480469 562.1704711914062 
v 1864.2381591796875 -483.23956298828125 567.240234375 
v 1912.18408203125 -483.47857666015625 569.6461791992188 
v 1867.4991455078125 -485.390869140625 572.7395629882812 
v 1898.302734375 -473.6781921386719 556.6710815429688 
v 1853.3973388671875 -461.0093994140625 558.8192749023438 
v 1897.2449951171875 -482.2834167480469 558.3896484375 
v 1855.6448974609375 -483.7176208496094 557.6163330078125 
v 1845.773681640625 -483.7176208496094 561.9985961914062 
v 1843.7464599609375 -461.2484130859375 563.0297241210938 
v 1841.3668212890625 -483.9566650390625 572.8255004882812 
v 1839.56005859375 -461.4874572753906 573.255126953125 
v 1845.86181640625 -483.7176208496094 583.6524047851562 
v 1843.8345947265625 -461.72650146484375 583.3945922851562 
v 1855.953369140625 -483.7176208496094 587.9487915039062 
v 1853.5736083984375 -461.2484130859375 587.5191650390625 
v 1898.6112060546875 -474.3952941894531 583.8242797851562 
v 1897.377197265625 -482.5224304199219 585.6287231445312 
v 1864.3262939453125 -483.2395324707031 582.7072143554688 
v 1855.953369140625 -483.7176208496094 587.9487915039062 
v 1867.4991455078125 -485.390869140625 572.7395629882812 
v 1856.0855712890625 -485.390869140625 571.10693359375 
v 1855.953369140625 -483.7176208496094 587.9487915039062 
v 1845.86181640625 -483.7176208496094 583.6524047851562 
v 1856.0855712890625 -485.390869140625 571.10693359375 
v 1841.3668212890625 -483.9566650390625 572.8255004882812 
v 1856.0855712890625 -485.390869140625 571.10693359375 
v 1841.3668212890625 -483.9566650390625 572.8255004882812 
v 1855.6448974609375 -483.7176208496094 557.6163330078125 
v 1845.773681640625 -483.7176208496094 561.9985961914062 
v 1867.4991455078125 -485.390869140625 572.7395629882812 
v 1856.0855712890625 -485.390869140625 571.10693359375 
v 1864.2381591796875 -483.23956298828125 567.240234375 
v 1855.6448974609375 -483.7176208496094 557.6163330078125 
v 1912.18408203125 -483.47857666015625 569.6461791992188 
v 1906.4552001953125 -482.2834167480469 581.7620239257812 
v 1867.4991455078125 -485.390869140625 572.7395629882812 
v 1864.3262939453125 -483.2395324707031 582.7072143554688 
v 1906.4552001953125 -482.2834167480469 581.7620239257812 
v 1897.377197265625 -482.5224304199219 585.6287231445312 
v 1864.3262939453125 -483.2395324707031 582.7072143554688 
v 1855.953369140625 -483.7176208496094 587.9487915039062 
v 1897.2449951171875 -482.2834167480469 558.3896484375 
v 1906.4111328125 -482.2834167480469 562.1704711914062 
v 1855.6448974609375 -483.7176208496094 557.6163330078125 
v 1864.2381591796875 -483.23956298828125 567.240234375 
v 1873.316162109375 -286.9926452636719 529.3460693359375 
v 1862.122802734375 -289.38299560546875 527.3697509765625 
v 1872.3907470703125 -262.8502197265625 522.7296142578125 
v 1857.892333984375 -265.24053955078125 519.2066040039062 
v 1869.482177734375 -250.89849853515625 522.7296142578125 
v 1851.9871826171875 -289.62200927734375 528.48681640625 
v 1844.7159423828125 -266.1966857910156 521.0969848632812 
v 1851.7227783203125 -289.8610534667969 532.439453125 
v 1844.1871337890625 -265.9576416015625 527.7993774414062 
v 1843.878662109375 -254.00596618652344 521.0969848632812 
v 1843.5701904296875 -254.72305297851562 529.6897583007812 
v 1844.5396728515625 -242.0542449951172 522.2999877929688 
v 1844.407470703125 -243.7274932861328 530.377197265625 
v 1853.9261474609375 -240.38101196289062 519.1206665039062 
v 1855.9974365234375 -252.810791015625 518.1754760742188 
v 1864.7669677734375 -237.27357482910156 523.5029907226562 
v 1871.3330078125 -250.4204559326172 527.7134399414062 
v 1874.63818359375 -245.63975524902344 530.8068237304688 
v 1875.51953125 -260.4598693847656 529.3460693359375 
v 1879.22119140625 -257.83050537109375 532.697265625 
v 1842.7769775390625 -44.851173400878906 606.1654052734375 
v 1839.6041259765625 -60.149349212646484 606.1654052734375 
v 1846.478759765625 -46.524444580078125 594.9948120117188 
v 1842.9532470703125 -60.388389587402344 595.4244384765625 
v 1858.7296142578125 -50.82704162597656 589.925048828125 
v 1856.6143798828125 -62.53968811035156 589.5813598632812 
v 1871.7296142578125 -58.71516799926758 595.5103759765625 
v 1869.7025146484375 -65.4081039428711 594.049560546875 
v 1873.4483642578125 -63.973915100097656 606.1654052734375 
v 1873.0517578125 -66.6032943725586 606.1654052734375 
vn -0.004858111962676048 -0.00861253123730421 0.0014909895835444331 
vn -0.0004526468983385712 -0.0003713112964760512 0.009982846677303314 
vn 0.007482945919036865 -0.0002402923273621127 0.006629311945289373 
vn 0.007767913397401571 0.002188681857660413 0.005905013997107744 
vn 0.007931363768875599 0.0007638996466994286 0.006042344029992819 
vn 0.0006037489511072636 0.00010923424270004034 0.009981160052120686 
vn 0.007871954701840878 0.0008945290464907885 0.006101815029978752 
vn 0.008096699602901936 0.00024029436463024467 0.005863932892680168 
vn 0.009995967149734497 0.00028397227288223803 -4.626504734872583e-11 
vn 0.008033834397792816 -0.0006331370677798986 0.005920865572988987 
vn 0.009967347607016563 -0.0008074574870988727 1.3155178335555462e-10 
vn 0.008033834397792816 -0.0006331389886327088 -0.005920865572988987 
vn 0.008096699602901936 0.00024029244377743453 -0.005863932892680168 
vn -0.0000754834691178985 0.0010250021005049348 -0.009947042912244797 
vn 0.0003018220013473183 0.00037131126737222075 -0.009988545440137386 
vn 0.0006037489511072636 0.0001092309903469868 -0.009981160052120686 
vn 0.007871954701840878 0.0008945270092226565 -0.006101815029978752 
vn 0.009951713494956493 0.0009815302910283208 -1.5991188928587974e-10 
vn 0.009942756034433842 0.0010684574954211712 -1.740741717437544e-10 
vn 0.0003018220013473183 0.0003713145270012319 0.009988545440137386 
vn -0.0000754834691178985 0.001025005360133946 0.009947042912244797 
vn 0.007931363768875599 0.0007638976676389575 -0.006042344029992819 
vn -0.0004526468983385712 -0.0003713145270012319 -0.009982846677303314 
vn 0.007767913397401571 0.0021886799950152636 -0.0059050144627690315 
vn 0.007482945919036865 -0.0002402944810455665 -0.006629311945289373 
vn 0.0066300188191235065 0.006317507941275835 -0.00401645852252841 
vn 0.004575708881020546 0.006907015107572079 -0.005599645432084799 
vn 0.007324261125177145 0.004911447409540415 -0.0047151753678917885 
vn 0.0008652409305796027 0.006317507475614548 -0.007703275885432959 
vn 0.0003387526667211205 0.008985171094536781 -0.004376293625682592 
vn -0.004858111962676048 -0.00861253123730421 -0.0014909867895767093 
vn 0.009502431377768517 0.0031150924041867256 -5.075139752896973e-10 
vn 0.008148830384016037 0.005796254146844149 -9.443315018842213e-10 
vn 0.009605493396520615 0.002781098475679755 -4.5309933582871054e-10 
vn 0.0066300188191235065 0.006317509338259697 0.004016456659883261 
vn 0.007324261125177145 0.004911449272185564 0.0047151739709079266 
vn 0.004575708881020546 0.006907016970217228 0.005599643103778362 
vn 0.0008652409305796027 0.006317510269582272 0.007703274022787809 
vn 0.0003387526667211205 0.00898517295718193 0.004376290366053581 
vn -0.0038685561157763004 0.005287248641252518 0.007555082906037569 
vn 0.0034403058234602213 0.00421187886968255 0.008391923271119595 
vn -0.0005469442694447935 0.0015017391415312886 0.009871454909443855 
vn 0.008183402940630913 0.0002839732333086431 0.005740319844335318 
vn -0.0006978618330322206 0.002017818856984377 0.009769411757588387 
vn 0.007772428914904594 -0.00037131187855266035 0.006281041074544191 
vn -0.0003016650734934956 0.002231295919045806 0.0097432192414999 
vn 0.00839763693511486 -0.000021846057279617526 0.005429476965218782 
vn 0.000037759939004899934 0.0015449230559170246 0.009879867546260357 
vn 0.008564930409193039 -0.0007638977840542793 0.005104746203869581 
vn -0.0003020234580617398 0.0009815319208428264 0.009947129525244236 
vn 0.008666832000017166 -0.000371312111383304 0.004974750801920891 
vn 0.00045244061038829386 0.002612803364172578 0.009642020799219608 
vn 0.008883863687515259 0.0019321514992043376 0.00416458398103714 
vn 0.008741356432437897 0.0016312007792294025 0.004574698396027088 
vn 0.0003018848365172744 0.0019750045612454414 0.009798378683626652 
vn 0.00011317833559587598 0.0008074591169133782 0.009966704994440079 
vn 0.008816756308078766 0.0011553039075806737 0.004574941471219063 
vn 0.00003775948061957024 0.0011986949248239398 0.009927824139595032 
vn 0.007430335972458124 0.0035271865781396627 0.005687623750418425 
vn 0.007010173983871937 -0.000981531455181539 -0.007063572760671377 
vn 0.005179900676012039 0.0018892607185989618 -0.0083426209166646 
vn -0.0005283966893330216 -0.0025706023443490267 -0.009649497456848621 
vn -0.0006410246132872999 -0.0015880775172263384 -0.009852264076471329 
vn -0.0011307151289656758 -0.0019321524305269122 -0.009746192023158073 
vn 0.007368779741227627 -0.0005022697150707245 -0.006741573102772236 
vn 0.0074377465061843395 -0.0008945291046984494 -0.00662417896091938 
vn 0.007197505794465542 -0.0034042303450405598 -0.006050382275134325 
vn -0.0009802638087421656 -0.0027391035109758377 -0.009567465633153915 
vn -0.0008672558469697833 -0.0040127430111169815 -0.009118429385125637 
vn -0.0005472211632877588 -0.0029485474806278944 -0.009539739228785038 
vn 0.007520732469856739 -0.0031980129424482584 -0.005762924440205097 
vn -0.000037769008486066014 -0.002273866906762123 -0.009737972170114517 
vn 0.007799869403243065 -0.002401315374299884 -0.005778903141617775 
vn 0.0005283966893330216 -0.0025706023443490267 -0.009649497456848621 
vn 0.007780763320624828 -0.0027391028124839067 -0.005653055384755135 
vn -0.004858111962676048 -0.00861253123730421 0.0014909895835444331 
vn 0.007482945919036865 -0.0002402923273621127 0.006629311945289373 
vn 0.006713679991662502 0.005471407435834408 0.004999019671231508 
vn 0.00003765546716749668 0.008358433842658997 0.005489550065249205 
vn 0.004575708881020546 0.006907016970217228 0.005599643103778362 
vn 0.0003387526667211205 0.00898517295718193 0.004376290366053581 
vn 0.00003765546716749668 0.008358433842658997 0.005489550065249205 
vn -0.006451527588069439 0.006715084426105022 0.003644919488579035 
vn -0.0038685561157763004 0.005287248641252518 0.007555082906037569 
vn -0.008734491653740406 0.0018463378073647618 0.004505516961216927 
vn -0.006382432766258717 0.007063339930027723 0.0030616633594036102 
vn -0.009920954704284668 -0.0004586250288411975 0.0011680427705869079 
vn -0.007682441268116236 -0.0026970538310706615 -0.005805686116218567 
vn 0.0005283966893330216 -0.0025706023443490267 -0.009649497456848621 
vn -0.000037769008486066014 -0.002273866906762123 -0.009737972170114517 
vn -0.00798642635345459 -0.0018463379237800837 -0.005727828945964575 
vn -0.0005472211632877588 -0.0029485474806278944 -0.009539739228785038 
vn 0.0003387526667211205 0.00898517295718193 0.004376290366053581 
vn -0.004858111962676048 -0.00861253123730421 0.0014909895835444331 
vn -0.0005469442694447935 0.0015017391415312886 0.009871454909443855 
vn -0.008370905183255672 0.0006767389713786542 0.005428624805063009 
vn -0.00856812298297882 0.0009380389237776399 0.00507024209946394 
vn -0.008222753182053566 -0.002017818158492446 -0.005321160890161991 
vn -0.0008672558469697833 -0.0040127430111169815 -0.009118429385125637 
vn -0.00821411982178688 -0.0025706016458570957 -0.005091192200779915 
vn -0.0009802638087421656 -0.0027391035109758377 -0.009567465633153915 
vn -0.0006978618330322206 0.002017818856984377 0.009769411757588387 
vn -0.0003016650734934956 0.002231295919045806 0.0097432192414999 
vn -0.008570336736738682 0.0006767389131709933 0.005107969045639038 
vn 0.000037759939004899934 0.0015449230559170246 0.009879867546260357 
vn -0.008677502162754536 0.0005022694240324199 0.0049445610493421555 
vn -0.0003020234580617398 0.0009815319208428264 0.009947129525244236 
vn 0.00045244061038829386 0.002612803364172578 0.009642020799219608 
vn -0.00834452360868454 0.0021033301018178463 0.005093616433441639 
vn -0.008550254628062248 -0.001068458310328424 -0.005074597429484129 
vn -0.008624469861388206 -0.0012420614948496222 -0.0049067107029259205 
vn -0.0011307151289656758 -0.0019321524305269122 -0.009746192023158073 
vn -0.0005283966893330216 -0.0025706023443490267 -0.009649497456848621 
vn -0.008051740936934948 -0.002823042916134 -0.005215351935476065 
vn -0.0006410246132872999 -0.0015880775172263384 -0.009852264076471329 
vn -0.008141295053064823 -0.001242061611264944 -0.005672441329807043 
vn -0.007940814830362797 -0.0008945270674303174 0.006011927966028452 
vn -0.007821881212294102 0.000283973291516304 0.006223948672413826 
vn 0.00011317833559587598 0.0008074591169133782 0.009966704994440079 
vn 0.00003775948061957024 0.0011986949248239398 0.009927824139595032 
vn 0.0003018848365172744 0.0019750045612454414 0.009798378683626652 
vn -0.008297019638121128 0.001025004661642015 0.0054871514439582825 
vn -0.000018878614355344325 -0.0005022669793106616 0.0099873598664999 
vn -0.006550782825797796 -0.0009380368865095079 0.007497155107557774 
vn 0.00005660851820721291 -0.0005895242793485522 0.009982448071241379 
vn -0.006341374479234219 -0.0002839710214175284 0.007726986892521381 
vn -0.009993505664169788 -0.00019660990801639855 0.0003019719442818314 
vn -0.00015102335601113737 -0.0001092309903469868 0.009998262859880924 
vn -0.006740800105035305 -0.0002839710796251893 0.007381122559309006 
vn -0.00020757834136020392 0.0008945296285673976 0.009957747533917427 
vn -0.006106851622462273 0.00015292403986677527 0.007917257957160473 
vn -0.0000754834691178985 0.001025005360133946 0.009947042912244797 
vn -0.008388090878725052 0.001111891819164157 0.005329504609107971 
vn -0.009683573618531227 -0.001932150567881763 0.0015796218067407608 
vn -0.009970494545996189 -0.000763898657169193 -0.00007547898712800816 
vn -0.009878785349428654 -0.001544921426102519 0.0001510345027782023 
vn -0.006568847689777613 -0.0004149742308072746 -0.007528481539338827 
vn -0.006610571872442961 -0.0017173552187159657 -0.007304179482161999 
vn 0.0001699676940916106 -0.0008074591169133782 -0.009965897537767887 
vn 0.0001698797568678856 -0.0016312015941366553 -0.00986459944397211 
vn -0.006646967027336359 -0.0012420618440955877 -0.007367164362221956 
vn -0.000018882112271967344 -0.0014585264725610614 -0.009893044829368591 
vn -0.006686096079647541 -0.0025283517315983772 -0.0069931079633533955 
vn 0.00009434147068532184 -0.0023588775657117367 -0.009717345237731934 
vn -0.007223647087812424 -0.006077499128878117 -0.003298928029835224 
vn -0.0004719610442407429 -0.008033296093344688 -0.005936615169048309 
vn -0.009728725999593735 -0.001975002698600292 0.0012046777410432696 
vn -0.009776225313544273 -0.0021033294033259153 0.00003777779784286395 
vn -0.009873095899820328 0.0015880758874118328 -2.587288716604519e-10 
vn -0.008388090878725052 0.0011118900729343295 -0.005329504609107971 
vn -0.009728725999593735 -0.0019750031642615795 -0.0012046770425513387 
vn -0.0047005643136799335 -0.008826282806694508 0.00003777017263928428 
vn -0.007223647087812424 -0.006077498197555542 0.003298930125311017 
vn -0.0004719610442407429 -0.00803329423069954 0.005936617963016033 
vn 0.00009434147068532184 -0.002358874538913369 0.009717345237731934 
vn -0.006686096079647541 -0.0025283494032919407 0.00699310889467597 
vn -0.000018882112271967344 -0.001458523329347372 0.009893045760691166 
vn -0.0006549396202899516 -0.009978529997169971 1.6257122315010974e-9 
vn -0.009683573618531227 -0.0019321511499583721 -0.0015796211082488298 
vn -0.006106851622462273 0.00015292146417777985 -0.007917257957160473 
vn -0.0000754834691178985 0.0010250021005049348 -0.009947042912244797 
vn -0.00020757834136020392 0.0008945264271460474 -0.009957747533917427 
vn -0.006740800105035305 -0.0002839734952431172 -0.007381122559309006 
vn -0.00015102335601113737 -0.00010923424997599795 -0.009998262859880924 
vn -0.006550782825797796 -0.0009380393312312663 -0.007497155107557774 
vn -0.000018878614355344325 -0.0005022702389396727 -0.0099873598664999 
vn 0.00005660851820721291 -0.0005895275389775634 -0.009982447139918804 
vn -0.006341374479234219 -0.0002839735534507781 -0.007726986892521381 
vn -0.009993505664169788 -0.00019661000987980515 -0.00030197185697034 
vn -0.009878785349428654 -0.001544921426102519 -0.0001510339934611693 
vn -0.006568847689777613 -0.0004149717860855162 0.007528481539338827 
vn -0.009970494545996189 -0.000763898657169193 0.00007547923451056704 
vn -0.006646967027336359 -0.0012420595157891512 0.0073671648278832436 
vn 0.0001698797568678856 -0.001631198450922966 0.009864600375294685 
vn -0.006610571872442961 -0.0017173528904095292 0.007304179947823286 
vn 0.0001699676940916106 -0.0008074558572843671 0.009965897537767887 
vn 0.006434358190745115 -0.0014585236785933375 0.007514767814427614 
vn 0.00005660851820721291 -0.0005895242793485522 0.009982448071241379 
vn 0.00651179626584053 -0.0009815290104597807 0.007525497116148472 
vn -0.00007550373993581161 0.00019661159603856504 0.009997782297432423 
vn 3.0973070499839368e-15 0.00019661159603856504 0.009998067282140255 
vn 0.009773670695722103 -0.0021033291704952717 0.00022664532298222184 
vn 0.009905143640935421 -0.001372016966342926 0.00007553063187515363 
vn 0.006627827882766724 -0.0016312012448906898 -0.007308288477361202 
vn 0.006673031486570835 -0.0004586264258250594 -0.007433727849274874 
vn 0.0001699676940916106 -0.0008074591169133782 -0.009965897537767887 
vn -0.00003775209916057065 0.0007203236455097795 -0.009973951615393162 
vn 0.006795440334826708 -0.000327646906953305 -0.00732902716845274 
vn -1.0334024302651118e-15 0.00037131126737222075 -0.009993104264140129 
vn 0.005369667895138264 0.003972680773586035 -0.007442074362188578 
vn -0.000829419877845794 0.0002839706721715629 -0.009961497038602829 
vn 0.008096463978290558 0.0058672428131103516 -0.00015074899420142174 
vn 0.009959910064935684 -0.0008945280569605529 1.4573740825252202e-10 
vn 0.006724419072270393 -0.0005895246868021786 0.007377984002232552 
vn -0.0010922610526904464 0.0007639002287760377 0.009910772554576397 
vn 0.0052184779196977615 0.004758463706821203 0.007079866249114275 
vn 0.0001698797568678856 -0.0016312015941366553 -0.00986459944397211 
vn 0.00672678230330348 -0.0016742941224947572 -0.007207436952739954 
vn 0.0001699676940916106 -0.0008074591169133782 -0.009965897537767887 
vn 0.006627827882766724 -0.0016312012448906898 -0.007308288477361202 
vn 0.009773670695722103 -0.0021033291704952717 0.00022664532298222184 
vn -0.000018882112271967344 -0.0014585264725610614 -0.009893044829368591 
vn 0.006507410202175379 -0.0013720181304961443 -0.0074680098332464695 
vn 0.00009434147068532184 -0.0023588775657117367 -0.009717345237731934 
vn 0.006709781941026449 -0.0032393820583820343 -0.006669724825769663 
vn -0.0004719610442407429 -0.008033296093344688 -0.005936615169048309 
vn 0.0069266511127352715 -0.006617378909140825 -0.002869111718609929 
vn 0.0039526233449578285 -0.009185682982206345 1.496540558143522e-9 
vn -0.0006549396202899516 -0.009978529997169971 1.6257122315010974e-9 
vn -0.0004719610442407429 -0.00803329423069954 0.005936617963016033 
vn 0.0069266511127352715 -0.006617377977818251 0.002869113814085722 
vn 0.006709781941026449 -0.0032393799629062414 0.0066697257570922375 
vn 0.00009434147068532184 -0.002358874538913369 0.009717345237731934 
vn 0.006507410202175379 -0.0013720158021897078 0.007468010298907757 
vn -0.000018882112271967344 -0.001458523329347372 0.009893045760691166 
vn 0.00672678230330348 -0.0016742917941883206 0.007207437418401241 
vn 0.0001698797568678856 -0.001631198450922966 0.009864600375294685 
vn 0.0001699676940916106 -0.0008074558572843671 0.009965897537767887 
vn 0.006627827882766724 -0.0016311988001689315 0.0073082889430224895 
vn 0.009773670695722103 -0.0021033294033259153 -0.0002266446390422061 
vn 0.00990673340857029 -0.001328723388724029 -0.00030189118115231395 
vn 0.006434358190745115 -0.001458526123315096 -0.007514767348766327 
vn 0.009947042912244797 -0.0010250037303194404 0.00007548363646492362 
vn 0.009474340826272964 -0.002739102113991976 -0.0016535366885364056 
vn 0.009409872815012932 -0.0032393811270594597 -0.0009801562409847975 
vn 0.009432113729417324 -0.00332193193025887 5.412124637338422e-10 
vn 0.009967347607016563 -0.0008074574870988727 1.3155178335555462e-10 
vn 0.009409872815012932 -0.003239380894228816 0.000980157288722694 
vn 0.008033834397792816 -0.0006331389886327088 -0.005920865572988987 
vn 0.006147889420390129 -0.0005895271897315979 -0.007864853367209435 
vn 0.0065118069760501385 -0.00041497425991110504 -0.007577873300760984 
vn 0.0064847832545638084 -0.0007203264976851642 -0.007578173186630011 
vn 0.00005660851820721291 -0.0005895275389775634 -0.009982447139918804 
vn -0.000018878614355344325 -0.0005022702389396727 -0.0099873598664999 
vn -0.00015102335601113737 -0.00010923424997599795 -0.009998262859880924 
vn -0.00020757834136020392 0.0008945264271460474 -0.009957747533917427 
vn -0.0000754834691178985 0.0010250021005049348 -0.009947042912244797 
vn 0.008033834397792816 -0.0006331370677798986 0.005920865572988987 
vn 0.006147889420390129 -0.0005895246285945177 0.007864853367209435 
vn 0.009474340826272964 -0.0027391016483306885 0.0016535376198589802 
vn 0.0065118069760501385 -0.0004149717860855162 0.007577873766422272 
vn -0.00015102335601113737 -0.0001092309903469868 0.009998262859880924 
vn -0.000018878614355344325 -0.0005022669793106616 0.0099873598664999 
vn -0.0000754834691178985 0.001025005360133946 0.009947042912244797 
vn -0.00020757834136020392 0.0008945296285673976 0.009957747533917427 
vn 0.009947042912244797 -0.0010250037303194404 -0.00007548330177087337 
vn 0.0064847832545638084 -0.0007203240529634058 0.007578173186630011 
vn 0.00005660851820721291 -0.0005895242793485522 0.009982448071241379 
vn 0.006434358190745115 -0.0014585236785933375 0.007514767814427614 
vn 0.00990673340857029 -0.0013287232723087072 0.0003018916177097708 
vn -0.006568847689777613 -0.0004149742308072746 -0.007528481539338827 
vn -0.006532021798193455 0.001544920145533979 -0.007412550505250692 
vn 0.0001699676940916106 -0.0008074591169133782 -0.009965897537767887 
vn -0.00003775209916057065 0.0007203236455097795 -0.009973951615393162 
vn -1.0334024302651118e-15 0.00037131126737222075 -0.009993104264140129 
vn -0.009993505664169788 -0.00019660990801639855 0.0003019719442818314 
vn -0.009835975244641304 0.0018033768283203244 -0.00003773018397623673 
vn -0.006341374479234219 -0.0002839710214175284 0.007726986892521381 
vn -0.006646967027336359 0.0012420618440955877 0.007367164362221956 
vn 0.00005660851820721291 -0.0005895242793485522 0.009982448071241379 
vn -0.00007550373993581161 0.00019661159603856504 0.009997782297432423 
vn -0.006822182331234217 0.0007203264394775033 0.0072759161703288555 
vn 3.0973070499839368e-15 0.00019661159603856504 0.009998067282140255 
vn -0.007119352929294109 -0.0003713117621373385 0.007012627087533474 
vn -0.0010922610526904464 0.0007639002287760377 0.009910772554576397 
vn -0.009982536546885967 -0.0005895259091630578 -0.00003773902790271677 
vn -0.00996365211904049 0.0008510008337907493 -0.00003775874574785121 
vn -0.006822182331234217 0.0007203240529634058 -0.007275916635990143 
vn -0.000829419877845794 0.0002839706721715629 -0.009961497038602829 
vn -0.007080514449626207 -0.0005459036328829825 -0.007040475960820913 
vn 0.009652630425989628 -0.0026128017343580723 4.256802688118455e-10 
vn 0.009999403730034828 -0.00010923262016149238 1.7796287013482903e-11 
vn 0.007952334359288216 -0.0009815292432904243 0.005983057897537947 
vn 0.005878616124391556 -0.002781097311526537 0.007596536539494991 
vn 0.008689235895872116 -0.004949462134391069 8.063713030637132e-10 
vn 0.004564763978123665 -0.006811634171754122 0.005724034272134304 
vn 0.006334428675472736 -0.007737894542515278 1.2606655719338278e-9 
vn 0.0064686937257647514 -0.007626008242368698 1.2424369311148098e-9 
vn 0.003309282474219799 -0.005175533704459667 0.00789065845310688 
vn 0.0015409344341605902 -0.004012740217149258 0.009029032662510872 
vn -0.0015034734969958663 -0.0034862649627029896 0.009251244366168976 
vn 0.0020240212325006723 -0.002570599317550659 0.00944962166249752 
vn -0.0025259291287511587 -0.005760591942816973 0.007774011697620153 
vn -0.007346226368099451 -0.003115091472864151 0.00602736696600914 
vn -0.008392086252570152 -0.004012741148471832 0.0036702591460198164 
vn -0.007563150953501463 -0.003771258983761072 0.005345684941858053 
vn -0.004940564278513193 0.005937783978879452 0.006350869312882423 
vn 0.005787654314190149 -0.000502267328556627 0.008139458484947681 
vn -0.009402724914252758 -0.0034042291808873415 5.546224035590797e-10 
vn -0.008956131525337696 -0.004448178224265575 0.00003776808443944901 
vn -0.009959839284420013 0.000894527998752892 -0.00003774430660996586 
vn -0.006983376108109951 0.0007638998213224113 0.007116805296391249 
vn -0.007554799783974886 0.00655160890892148 0.000037732319469796494 
vn -0.006113399751484394 0.005025206599384546 0.0061133988201618195 
vn -0.0015665024984627962 0.009876541793346405 -1.6090957455361377e-9 
vn -0.0014774055453017354 0.007216292433440685 0.00676331203430891 
vn 0.004215077962726355 0.0057962555438280106 0.006973990239202976 
vn -0.0005470701144076884 0.002443708246573806 0.009681373834609985 
vn 0.0038548577576875687 0.0040127430111169815 0.00830890890210867 
vn 0.0053796484135091305 0.008429672569036484 -1.3733707504570702e-9 
vn 0.009310256689786911 0.0036495362874120474 -5.945861025757893e-10 
vn 0.00772376311942935 0.0026549536269158125 0.005770156625658274 
vn 0.009998067282140255 -0.00019660996622405946 3.203189102851667e-11 
vn 0.006107551511377096 0.000021848230971954763 0.007918165065348148 
vn -0.0025259291287511587 -0.005760591942816973 0.007774011697620153 
vn -0.008392086252570152 -0.004012741148471832 0.0036702591460198164 
vn -0.007302936166524887 -0.003932544961571693 0.005585893522948027 
vn -0.004940564278513193 0.005937783978879452 0.006350869312882423 
vn -0.005649954080581665 0.005507929250597954 0.006143349222838879 
vn 0.0038548577576875687 0.0040127430111169815 0.00830890890210867 
vn 0.005410325713455677 0.0044872695580124855 0.007112860679626465 
vn 0.0020240212325006723 -0.002570599317550659 0.00944962166249752 
vn -0.0000754834691178985 0.001025005360133946 0.009947042912244797 
vn 0.0003018220013473183 0.0003713145270012319 0.009988545440137386 
vn -0.008388090878725052 0.001111891819164157 0.005329504609107971 
vn -0.008169964887201786 0.001025004661642015 0.005674596410244703 
vn -0.009873095899820328 0.0015880758874118328 -2.587288716604519e-10 
vn -0.009922564961016178 0.0012420606799423695 -2.0235571551729947e-10 
vn -0.008169964887201786 0.0010250027989968657 -0.005674596410244703 
vn -0.008388090878725052 0.0011118900729343295 -0.005329504609107971 
vn 0.0003018220013473183 0.00037131126737222075 -0.009988545440137386 
vn -0.0000754834691178985 0.0010250021005049348 -0.009947042912244797 
vn -0.009920954704284668 -0.0004586250288411975 0.0011680427705869079 
vn -0.004858111962676048 -0.00861253123730421 0.0014909895835444331 
vn -0.008127294480800629 -0.0022312935907393694 0.005382231902331114 
vn -0.0004526468983385712 -0.0003713112964760512 0.009982846677303314 
vn -0.007761482149362564 -0.0015017365803942084 0.006124065723270178 
vn 0.0006037489511072636 0.00010923424270004034 0.009981160052120686 
vn -0.007761482149362564 -0.0015017385594546795 -0.0061240652576088905 
vn 0.0006037489511072636 0.0001092309903469868 -0.009981160052120686 
vn -0.0004526468983385712 -0.0003713145270012319 -0.009982846677303314 
vn -0.008127294480800629 -0.002231295220553875 -0.005382230971008539 
vn -0.004858111962676048 -0.00861253123730421 -0.0014909867895767093 
vn -0.009920954704284668 -0.00045862540719099343 -0.0011680425377562642 
vn -0.009727943688631058 -0.0023163927253335714 -0.000037776375393150374 
vn -0.009937921538949013 0.0011118910042569041 -0.000037752357457065955 
vn -0.006382432766258717 0.007063339930027723 0.0030616633594036102 
vn -0.006382432766258717 0.007063338998705149 -0.003061665454879403 
vn -0.00983604695647955 -0.0018033768283203244 2.9380997634831374e-10 
vn 0.0003387526667211205 0.008985171094536781 -0.004376293625682592 
vn 0.0008652409305796027 0.006317507475614548 -0.007703275885432959 
vn -0.0069786920212209225 0.0053242831490933895 -0.004790601786226034 
vn -0.00901366863399744 0.0043303994461894035 0.00003770560579141602 
vn -0.009069656021893024 0.0042118774726986885 0.000037738824175903574 
vn -0.0069786920212209225 0.0053242845460772514 0.004790599923580885 
vn 0.0008652409305796027 0.006317510269582272 0.007703274022787809 
vn 0.0003387526667211205 0.00898517295718193 0.004376290366053581 
vn -0.0038685561157763004 0.005287245847284794 -0.007555084303021431 
vn 0.0034403058234602213 0.004211876075714827 -0.00839192420244217 
vn -0.0005469442694447935 0.0015017358819022775 -0.00987145584076643 
vn 0.008183402940630913 0.0002839713415596634 -0.005740320309996605 
vn -0.0006978618330322206 0.0020178155973553658 -0.009769411757588387 
vn 0.007772428914904594 -0.0003713139449246228 -0.006281041074544191 
vn -0.0003016650734934956 0.0022312928922474384 -0.009743220172822475 
vn 0.00839763693511486 -0.000021847827156307176 -0.005429476965218782 
vn 0.000037759939004899934 0.0015449197962880135 -0.009879868477582932 
vn 0.008564930409193039 -0.0007638994720764458 -0.005104746203869581 
vn -0.0003020234580617398 0.0009815286612138152 -0.009947129525244236 
vn 0.008666832000017166 -0.0003713137120939791 -0.004974750801920891 
vn 0.00045244061038829386 0.0026128001045435667 -0.009642021730542183 
vn 0.008883863687515259 0.0019321502186357975 -0.004164584446698427 
vn 0.008741356432437897 0.0016311992658302188 -0.0045746988616883755 
vn 0.0003018848365172744 0.0019750013016164303 -0.009798379614949226 
vn 0.00011317833559587598 0.0008074558572843671 -0.009966704994440079 
vn 0.008816756308078766 0.00115530239418149 -0.00457494193688035 
vn 0.00003773920252569951 0.0012420590501278639 -0.009922492317855358 
vn 0.007430335972458124 0.0035271847154945135 -0.005687624681740999 
vn 0.007010173983871937 -0.0009815291268751025 0.0070635732263326645 
vn 0.005194563884288073 0.001846338389441371 0.008343113586306572 
vn -0.0005283966893330216 -0.002570599317550659 0.009649498388171196 
vn -0.0005848272703588009 -0.001631198450922966 0.009848713874816895 
vn -0.0011307151289656758 -0.0019321492873132229 0.009746192954480648 
vn 0.007368779741227627 -0.0005022675613872707 0.006741573102772236 
vn 0.0074377465061843395 -0.0008945269510149956 0.00662417896091938 
vn 0.007197505794465542 -0.003404228249564767 0.0060503832064569 
vn -0.0009802638087421656 -0.00273910048417747 0.00956746656447649 
vn -0.0008672558469697833 -0.004012740217149258 0.009118430316448212 
vn -0.0005472211632877588 -0.0029485442209988832 0.009539740160107613 
vn 0.007520732469856739 -0.003198011079803109 0.005762925837188959 
vn -0.000037769008486066014 -0.002273863647133112 0.009737973101437092 
vn 0.007799869403243065 -0.0024013135116547346 0.005778903607279062 
vn 0.0005283966893330216 -0.002570599317550659 0.009649498388171196 
vn 0.007780763320624828 -0.0027391009498387575 0.005653056316077709 
vn -0.004858111962676048 -0.00861253123730421 -0.0014909867895767093 
vn 0.007482945919036865 -0.0002402944810455665 -0.006629311945289373 
vn 0.006713679991662502 0.005471405573189259 -0.0049990215338766575 
vn 0.00003765546716749668 0.008358431980013847 -0.0054895528592169285 
vn 0.004575708881020546 0.006907015107572079 -0.005599645432084799 
vn 0.0003387526667211205 0.008985171094536781 -0.004376293625682592 
vn 0.00003765546716749668 0.008358431980013847 -0.0054895528592169285 
vn -0.006451527588069439 0.0067150830291211605 -0.0036449215840548277 
vn -0.0038685561157763004 0.005287245847284794 -0.007555084303021431 
vn -0.008734491653740406 0.001846336293965578 -0.004505517892539501 
vn -0.006382432766258717 0.007063338998705149 -0.003061665454879403 
vn -0.009920954704284668 -0.00045862540719099343 -0.0011680425377562642 
vn -0.007682441268116236 -0.0026970519684255123 0.0058056870475411415 
vn 0.0005283966893330216 -0.002570599317550659 0.009649498388171196 
vn -0.000037769008486066014 -0.002273863647133112 0.009737973101437092 
vn -0.00798642635345459 -0.0018463360611349344 0.005727829411625862 
vn -0.0005472211632877588 -0.0029485442209988832 0.009539740160107613 
vn 0.0003387526667211205 0.008985171094536781 -0.004376293625682592 
vn -0.004858111962676048 -0.00861253123730421 -0.0014909867895767093 
vn -0.0005469442694447935 0.0015017358819022775 -0.00987145584076643 
vn -0.008370905183255672 0.0006767372251488268 -0.005428624805063009 
vn -0.00856812298297882 0.0009380372357554734 -0.005070242565125227 
vn -0.008222753182053566 -0.0020178162958472967 0.005321161355823278 
vn -0.0008672558469697833 -0.004012740217149258 0.009118430316448212 
vn -0.00821411982178688 -0.00257060001604259 0.0050911931321024895 
vn -0.0009802638087421656 -0.00273910048417747 0.00956746656447649 
vn -0.0006978618330322206 0.0020178155973553658 -0.009769411757588387 
vn -0.0003016650734934956 0.0022312928922474384 -0.009743220172822475 
vn -0.008570336736738682 0.0006767372833564878 -0.005107969045639038 
vn 0.000037759939004899934 0.0015449197962880135 -0.009879868477582932 
vn -0.008677502162754536 0.0005022678524255753 -0.0049445610493421555 
vn -0.0003020234580617398 0.0009815286612138152 -0.009947129525244236 
vn 0.00045244061038829386 0.0026128001045435667 -0.009642021730542183 
vn -0.00834452360868454 0.0021033284720033407 -0.0050936173647642136 
vn -0.008550254628062248 -0.0010684566805139184 0.005074597895145416 
vn -0.008624469861388206 -0.0012420598650351167 0.004906711168587208 
vn -0.0011307151289656758 -0.0019321492873132229 0.009746192954480648 
vn -0.0005283966893330216 -0.002570599317550659 0.009649498388171196 
vn -0.008051740936934948 -0.0028230410534888506 0.005215352866798639 
vn -0.0005848272703588009 -0.001631198450922966 0.009848713874816895 
vn -0.008141295053064823 -0.0012420597486197948 0.00567244179546833 
vn -0.007940814830362797 -0.0008945289882831275 -0.006011927500367165 
vn -0.007821881212294102 0.0002839712833520025 -0.006223948672413826 
vn 0.00011317833559587598 0.0008074558572843671 -0.009966704994440079 
vn 0.00003773920252569951 0.0012420590501278639 -0.009922492317855358 
vn 0.0003018848365172744 0.0019750013016164303 -0.009798379614949226 
vn -0.008297019638121128 0.0010250027989968657 -0.00548715190961957 
vn 0.006434358190745115 -0.001458526123315096 -0.007514767348766327 
vn 0.00005660851820721291 -0.0005895275389775634 -0.009982447139918804 
vn 0.00651179626584053 -0.000981531455181539 -0.007525497116148472 
vn -0.00007550373993581161 0.00019660833640955389 -0.009997782297432423 
vn -1.0339156263520295e-15 0.00019660833640955389 -0.009998067282140255 
vn 0.009773670695722103 -0.0021033294033259153 -0.0002266446390422061 
vn 0.009905143640935421 -0.001372016966342926 -0.00007553018804173917 
vn 0.006627827882766724 -0.0016311988001689315 0.0073082889430224895 
vn 0.006673031486570835 -0.0004586240102071315 0.007433727849274874 
vn 0.0001699676940916106 -0.0008074558572843671 0.009965897537767887 
vn -0.00003775209916057065 0.0007203269051387906 0.009973951615393162 
vn 0.006795440334826708 -0.00032764452043920755 0.00732902716845274 
vn 3.0957692616681966e-15 0.0003713145270012319 0.009993103332817554 
vn 0.005369667895138264 0.003972683101892471 0.007442072965204716 
vn -0.0008293089922517538 0.00032764734351076186 0.009960165247321129 
vn 0.008096463978290558 0.0058672428131103516 0.00015074708790052682 
vn 0.009959910064935684 -0.0008945280569605529 1.4573740825252202e-10 
vn 0.006724419072270393 -0.0005895270733162761 -0.007377984002232552 
vn -0.0010737546253949404 0.0005459008389152586 -0.009927187114953995 
vn 0.0052184779196977615 0.004758461378514767 -0.007079868111759424 
vn -0.006568847689777613 -0.0004149717860855162 0.007528481539338827 
vn 0.0001699676940916106 -0.0008074558572843671 0.009965897537767887 
vn -0.006532021798193455 0.0015449225902557373 0.007412550039589405 
vn -0.00003775209916057065 0.0007203269051387906 0.009973951615393162 
vn 3.0957692616681966e-15 0.0003713145270012319 0.009993103332817554 
vn -0.009993505664169788 -0.00019661000987980515 -0.00030197185697034 
vn -0.009835975244641304 0.0018033768283203244 0.00003772959462366998 
vn -0.006341374479234219 -0.0002839735534507781 -0.007726986892521381 
vn -0.006646967027336359 0.0012420595157891512 -0.0073671648278832436 
vn 0.00005660851820721291 -0.0005895275389775634 -0.009982447139918804 
vn -0.00007550373993581161 0.00019660833640955389 -0.009997782297432423 
vn -0.006822182331234217 0.0007203240529634058 -0.007275916635990143 
vn -1.0339156263520295e-15 0.00019660833640955389 -0.009998067282140255 
vn -0.007119352929294109 -0.0003713140613399446 -0.007012627087533474 
vn -0.0010737546253949404 0.0005459008389152586 -0.009927187114953995 
vn -0.009982536546885967 -0.0005895258509553969 0.00003773922071559355 
vn -0.00996365211904049 0.0008510008337907493 0.00003775846926146187 
vn -0.006822182331234217 0.0007203264394775033 0.0072759161703288555 
vn -0.0008293089922517538 0.00032764734351076186 0.009960165247321129 
vn -0.007080514449626207 -0.000545901304576546 0.007040476426482201 
vn 0.009652630425989628 -0.0026128017343580723 4.256802688118455e-10 
vn 0.009999403730034828 -0.00010923262016149238 1.7796287013482903e-11 
vn 0.007952334359288216 -0.0009815312223508954 -0.005983057431876659 
vn 0.005878616124391556 -0.0027810996398329735 -0.007596535608172417 
vn 0.008689235895872116 -0.004949462134391069 8.063713030637132e-10 
vn 0.004564763978123665 -0.006811636034399271 -0.0057240319438278675 
vn 0.006334428675472736 -0.007737894542515278 1.2606655719338278e-9 
vn 0.0064686937257647514 -0.007626008242368698 1.2424369311148098e-9 
vn 0.003309282474219799 -0.005175536498427391 -0.007890656590461731 
vn 0.0015409344341605902 -0.0040127430111169815 -0.009029031731188297 
vn -0.0015034734969958663 -0.003486267989501357 -0.009251243434846401 
vn 0.0020240212325006723 -0.0025706023443490267 -0.009449620731174946 
vn -0.0025259291287511587 -0.005760594736784697 -0.007774009834975004 
vn -0.007346226368099451 -0.003115093568339944 -0.006027366034686565 
vn -0.008392086252570152 -0.004012742545455694 -0.003670257981866598 
vn -0.007563150953501463 -0.0037712606135755777 -0.005345683544874191 
vn -0.004940564278513193 0.0059377821162343025 -0.006350871175527573 
vn 0.005787654314190149 -0.0005022699479013681 -0.008139458484947681 
vn -0.009402724914252758 -0.0034042291808873415 5.546224035590797e-10 
vn -0.008956131525337696 -0.004448178224265575 0.00003776808443944901 
vn -0.009959839284420013 0.000894527998752892 -0.00003774430660996586 
vn -0.006983376108109951 0.0007638974930159748 -0.007116805296391249 
vn -0.007554799783974886 0.00655160890892148 0.000037732319469796494 
vn -0.006113399751484394 0.005025204736739397 -0.006113400682806969 
vn -0.0015665024984627962 0.009876541793346405 -1.6090957455361377e-9 
vn -0.0014774055453017354 0.007216290105134249 -0.006763314362615347 
vn 0.004215077962726355 0.005796253215521574 -0.006973992567509413 
vn -0.0005470701144076884 0.0024437052197754383 -0.00968137476593256 
vn 0.0038548577576875687 0.004012740217149258 -0.008308909833431244 
vn 0.0053796484135091305 0.008429672569036484 -1.3733707504570702e-9 
vn 0.009310256689786911 0.0036495362874120474 -5.945861025757893e-10 
vn 0.00772376311942935 0.0026549517642706633 -0.005770157556980848 
vn 0.009998067282140255 -0.00019660996622405946 3.203189102851667e-11 
vn 0.006107551511377096 0.000021845651644980535 -0.007918165065348148 
vn -0.0025259291287511587 -0.005760594736784697 -0.007774009834975004 
vn -0.008392086252570152 -0.004012742545455694 -0.003670257981866598 
vn -0.007302936166524887 -0.003932546824216843 -0.005585892125964165 
vn -0.004940564278513193 0.0059377821162343025 -0.006350871175527573 
vn -0.005649954080581665 0.005507926922291517 -0.006143351085484028 
vn 0.0038548577576875687 0.004012740217149258 -0.008308909833431244 
vn 0.005410325713455677 0.004487267695367336 -0.007112862076610327 
vn 0.0020240212325006723 -0.0025706023443490267 -0.009449620731174946 
vn 0.009114102460443974 0.0003276463830843568 0.0041019245982170105 
vn 0.007681517396122217 0.0001092336606234312 0.006401746068149805 
vn 0.0018939182627946138 -0.003445282345637679 -0.009194732643663883 
vn -0.005799287464469671 -0.006077499594539404 -0.005425150506198406 
vn 0.004516028333455324 -0.004681420512497425 0.007595379371196032 
vn -0.003993335645645857 -0.009023185819387436 -0.0016233839560300112 
vn 0.0010350521188229322 -0.006518534850329161 0.007512480951845646 
vn 0.0033326284028589725 -0.004642768297344446 -0.008205991238355637 
vn 0.009809859097003937 -0.001458524726331234 0.0012803829740732908 
vn 0.0018561456818133593 0.0031150910072028637 -0.009319384582340717 
vn 0.008412626571953297 0.005287247709929943 0.0011281485203653574 
vn 0.005179900676012039 0.0018892607185989618 -0.0083426209166646 
vn 0.007430335972458124 0.0035271865781396627 0.005687623750418425 
vn -0.0006410246132872999 -0.0015880775172263384 -0.009852264076471329 
vn -0.0006411210633814335 -0.001242062309756875 -0.009901829995214939 
vn -0.008141295053064823 -0.001242061611264944 -0.005672441329807043 
vn -0.007982942275702953 -0.0009380390401929617 -0.0059491777792572975 
vn -0.0006786799640394747 -0.0003713145270012319 -0.009970031678676605 
vn -0.008305422030389309 -0.0016312008956447244 -0.005325330886989832 
vn 0.005626903381198645 0.0009380367700941861 -0.00821328442543745 
vn 0.008346639573574066 -0.005062933079898357 0.0021680204663425684 
vn 0.004377275239676237 -0.004949463531374931 -0.007506149355322123 
vn 0.0013855646830052137 -0.008007196709513664 0.0058279517106711864 
vn 0.00037760689156129956 -0.006146664265543222 -0.00787882786244154 
vn -0.0046403417363762856 -0.007626007776707411 0.004506799392402172 
vn -0.0047989534214138985 -0.006351319141685963 -0.00605233758687973 
vn -0.0010922610526904464 0.0007639002287760377 0.009910772554576397 
vn 0.0020382816437631845 0.004369744099676609 0.00876075029373169 
vn 0.0052184779196977615 0.004758463706821203 0.007079866249114275 
vn 0.005968383979052305 0.005902570206671953 0.005434892605990171 
vn 0.008096463978290558 0.0058672428131103516 -0.00015074899420142174 
vn 0.008097517304122448 0.0058672428131103516 -0.00007537824421888217 
vn 0.006859047804027796 0.0020605940371751785 0.006979070138186216 
vn 0.009864906780421734 0.0016312000807374716 0.0001510055153630674 
vn 0.006193922832608223 0.005398050881922245 -0.005700558889657259 
vn 0.007124973461031914 0.0012854031519964337 -0.006898006424307823 
vn 0.0026795410085469484 0.0033631110563874245 -0.00902826339006424 
vn 0.00242758565582335 0.000807455915492028 -0.009667204692959785 
vn 0.0016152628231793642 0.0015880775172263384 0.009740068577229977 
vn 0.005369667895138264 0.003972680773586035 -0.007442074362188578 
vn -0.000829419877845794 0.0002839706721715629 -0.009961497038602829 
vn 0.0004370872338768095 -0.009986257180571556 0.00028917580493725836 
vn 0.0004370872338768095 -0.009986257180571556 0.00028917580493725836 
vn 0.0004370872338768095 -0.009986257180571556 0.00028917580493725836 
vn 0.0004370872338768095 -0.009986257180571556 0.00028917580493725836 
vn 0.0020382816437631845 0.004369744099676609 0.00876075029373169 
vn -0.0010922610526904464 0.0007639002287760377 0.009910772554576397 
vn 0.0016152628231793642 0.0015880775172263384 0.009740068577229977 
vn -0.002189790830016136 0.0005895274807699025 0.009739469736814499 
vn -0.007014636415988207 -0.0002839711378328502 0.007121392525732517 
vn -0.007119352929294109 -0.0003713117621373385 0.007012627087533474 
vn -0.009967275895178318 -0.0008074574870988727 -0.000037772209907416254 
vn -0.009982536546885967 -0.0005895259091630578 -0.00003773902790271677 
vn -0.006973242852836847 -0.0005459036328829825 -0.0071467384696006775 
vn -0.007080514449626207 -0.0005459036328829825 -0.007040475960820913 
vn -0.0014297764282673597 0.0001529211294837296 -0.00989607721567154 
vn -0.000829419877845794 0.0002839706721715629 -0.009961497038602829 
vn 0.0026795410085469484 0.0033631110563874245 -0.00902826339006424 
vn 0.00242758565582335 0.000807455915492028 -0.009667204692959785 
vn -0.0006432439549826086 -0.009965559467673302 -0.0005233161500655115 
vn -0.0006432439549826086 -0.009965559467673302 -0.0005233161500655115 
vn -0.0006432439549826086 -0.009965559467673302 -0.0005233161500655115 
vn -0.0006432439549826086 -0.009965559467673302 -0.0005233161500655115 
vn -0.0006441111909225583 -0.009953834116458893 -0.0007115536136552691 
vn -0.0006441111909225583 -0.009953834116458893 -0.0007115536136552691 
vn -0.0006441111909225583 -0.009953834116458893 -0.0007115536136552691 
vn -0.0006441111909225583 -0.009953834116458893 -0.0007115536136552691 
vn -0.0008118056575767696 -0.00993049144744873 0.0008522358257323503 
vn -0.0008118056575767696 -0.00993049144744873 0.0008522358257323503 
vn -0.0008118056575767696 -0.00993049144744873 0.0008522358257323503 
vn -0.0008118056575767696 -0.00993049144744873 0.0008522358257323503 
vn -0.00047820128384046257 -0.009965559467673302 0.0006774584762752056 
vn -0.00047820128384046257 -0.009965559467673302 0.0006774584762752056 
vn -0.00047820128384046257 -0.009965559467673302 0.0006774584762752056 
vn -0.00047820128384046257 -0.009965559467673302 0.0006774584762752056 
vn 0.0004569332813844085 -0.00998845137655735 -0.0001484649837948382 
vn 0.0004569332813844085 -0.00998845137655735 -0.0001484649837948382 
vn 0.0004569332813844085 -0.00998845137655735 -0.0001484649837948382 
vn 0.0004569332813844085 -0.00998845137655735 -0.0001484649837948382 
vn 0.00032101443503051996 -0.009869602508842945 -0.001577305025421083 
vn 0.00032101443503051996 -0.009869602508842945 -0.001577305025421083 
vn 0.00032101443503051996 -0.009869602508842945 -0.001577305025421083 
vn 0.00032101443503051996 -0.009869602508842945 -0.001577305025421083 
vn 0.00015068049833644181 -0.009902410209178925 0.0013854859862476587 
vn 0.00015068049833644181 -0.009902410209178925 0.0013854859862476587 
vn 0.00015068049833644181 -0.009902410209178925 0.0013854859862476587 
vn 0.00015068049833644181 -0.009902410209178925 0.0013854859862476587 
vn 0.008346639573574066 -0.005062933079898357 0.0021680204663425684 
vn 0.0013855646830052137 -0.008007196709513664 0.0058279517106711864 
vn 0.009114102460443974 0.0003276463830843568 0.0041019245982170105 
vn 0.0006410246132872999 -0.0015880742575973272 0.009852264076471329 
vn 0.007681517396122217 0.0001092336606234312 0.006401746068149805 
vn -0.0046403417363762856 -0.007626007776707411 0.004506799392402172 
vn -0.007057225797325373 -0.002273864345625043 0.006710074841976166 
vn -0.0047989534214138985 -0.006351319141685963 -0.00605233758687973 
vn -0.008305422030389309 -0.0016312008956447244 -0.005325330886989832 
vn -0.007729938719421625 0.00006554144056281075 0.0063437968492507935 
vn -0.007982942275702953 -0.0009380390401929617 -0.0059491777792572975 
vn -0.007821881212294102 0.000283973291516304 0.006223948672413826 
vn -0.008141295053064823 -0.001242061611264944 -0.005672441329807043 
vn 0.00003775948061957024 0.0011986949248239398 0.009927824139595032 
vn 0.0003586921375244856 0.0004586268332786858 0.009983035735785961 
vn 0.007430335972458124 0.0035271865781396627 0.005687623750418425 
vn 0.004516028333455324 -0.004681420512497425 0.007595379371196032 
vn 0.008412626571953297 0.005287247709929943 0.0011281485203653574 
vn 0.0010350521188229322 -0.006518534850329161 0.007512480951845646 
vn 0.009809859097003937 -0.001458524726331234 0.0012803829740732908 
vn 0.009502431377768517 0.0031150924041867256 -5.075139752896973e-10 
vn 0.0064686937257647514 -0.007626008242368698 1.2424369311148098e-9 
vn 0.007324261125177145 0.004911449272185564 0.0047151739709079266 
vn 0.003309282474219799 -0.005175533704459667 0.00789065845310688 
vn 0.0008652409305796027 0.006317510269582272 0.007703274022787809 
vn -0.0015034734969958663 -0.0034862649627029896 0.009251244366168976 
vn -0.0069786920212209225 0.0053242845460772514 0.004790599923580885 
vn -0.007346226368099451 -0.003115091472864151 0.00602736696600914 
vn -0.009069656021893024 0.0042118774726986885 0.000037738824175903574 
vn -0.009402724914252758 -0.0034042291808873415 5.546224035590797e-10 
vn 0.001967828255146742 -0.0034452793188393116 0.009179199114441872 
vn 0.005677097011357546 0.0009815315715968609 0.00817356538027525 
vn 0.009084079414606094 0.0002839716034941375 -0.004171193111687899 
vn 0.00834234245121479 -0.005100565496832132 -0.0020951260812580585 
vn 0.007681517396122217 0.00010923157242359594 -0.006401746068149805 
vn -0.005747378338128328 -0.006077497731894255 0.0054801153019070625 
vn 0.004484127275645733 -0.004719988442957401 -0.007590409368276596 
vn -0.0040080309845507145 -0.009004265069961548 0.0016908289398998022 
vn 0.00101668166462332 -0.006584557704627514 -0.0074572088196873665 
vn 0.0033873305656015873 -0.004565190989524126 0.008227091282606125 
vn 0.009809859097003937 -0.0014585250755771995 -0.0012803825084120035 
vn 0.001837278949096799 0.0031565839890390635 0.009309155866503716 
vn 0.008402269333600998 0.005287247244268656 -0.001202868763357401 
vn 0.005194563884288073 0.001846338389441371 0.008343113586306572 
vn 0.007430335972458124 0.0035271847154945135 -0.005687624681740999 
vn -0.0005848272703588009 -0.001631198450922966 0.009848713874816895 
vn -0.0006414655363187194 -0.0011986917816102505 0.009907152503728867 
vn -0.008141295053064823 -0.0012420597486197948 0.00567244179546833 
vn -0.007986152544617653 -0.0008945270674303174 0.005951570346951485 
vn -0.0006787836318835616 -0.00032764411298558116 0.009971555322408676 
vn -0.008305422030389309 -0.001631199149414897 0.005325331352651119 
vn 0.004398474004119635 -0.004835139028728008 0.007568015716969967 
vn 0.00032092203036881983 -0.006007869262248278 0.007987648248672485 
vn 0.001385760959237814 -0.008110667578876019 -0.0056830220855772495 
vn -0.004604135639965534 -0.0077378954738378525 -0.004350506700575352 
vn -0.004820783622562885 -0.0062495265156030655 0.006140314973890781 
vn -0.0010737546253949404 0.0005459008389152586 -0.009927187114953995 
vn 0.0052184779196977615 0.004758461378514767 -0.007079868111759424 
vn 0.0022434706334024668 0.003073541447520256 -0.009247712790966034 
vn 0.006058028433471918 0.004719986114650965 -0.006404843647032976 
vn 0.001876632566563785 -0.0009815318044275045 -0.00977316964417696 
vn 0.006933676544576883 -0.0006767392624169588 -0.00717399176210165 
vn 0.008294882252812386 0.00558065390214324 -0.00022633034677710384 
vn 0.009952501393854618 0.0007638985407538712 -0.0006034697289578617 
vn 0.006344950292259455 0.005398052744567394 0.00553196482360363 
vn 0.0068221185356378555 0.0015017386758700013 0.007155660539865494 
vn 0.002694821683689952 0.0036088228225708008 0.008928287774324417 
vn 0.002282726112753153 0.0011986949248239398 0.009661898948252201 
vn 0.008096463978290558 0.0058672428131103516 0.00015074708790052682 
vn 0.005369667895138264 0.003972683101892471 0.007442072965204716 
vn -0.0008293089922517538 0.00032764734351076186 0.009960165247321129 
vn 0.00007554962940048426 -0.009669547900557518 -0.00254836049862206 
vn 0.00007554962940048426 -0.009669547900557518 -0.00254836049862206 
vn 0.00007554962940048426 -0.009669547900557518 -0.00254836049862206 
vn 0.00007554962940048426 -0.009669547900557518 -0.00254836049862206 
vn 0.0022434706334024668 0.003073541447520256 -0.009247712790966034 
vn -0.0010737546253949404 0.0005459008389152586 -0.009927187114953995 
vn 0.001876632566563785 -0.0009815318044275045 -0.00977316964417696 
vn -0.0020248712971806526 -0.00006554200081154704 -0.00979262962937355 
vn -0.007014636415988207 -0.0002839734370354563 -0.007121392525732517 
vn -0.007119352929294109 -0.0003713140613399446 -0.007012627087533474 
vn -0.009967275895178318 -0.0008074574870988727 0.000037772471841890365 
vn -0.009982536546885967 -0.0005895258509553969 0.00003773922071559355 
vn -0.006973242852836847 -0.000545901304576546 0.007146738935261965 
vn -0.007080514449626207 -0.000545901304576546 0.007040476426482201 
vn -0.0015040382277220488 0.0002839739026967436 0.009882166981697083 
vn -0.0008293089922517538 0.00032764734351076186 0.009960165247321129 
vn 0.002694821683689952 0.0036088228225708008 0.008928287774324417 
vn 0.002282726112753153 0.0011986949248239398 0.009661898948252201 
vn 0.0005565360770560801 -0.009883291088044643 0.0014180324506014585 
vn 0.0005565360770560801 -0.009883291088044643 0.0014180324506014585 
vn 0.0005565360770560801 -0.009883291088044643 0.0014180324506014585 
vn 0.0005565360770560801 -0.009883291088044643 0.0014180324506014585 
vn -0.0006441111909225583 -0.009953834116458893 0.0007115568732842803 
vn -0.0006441111909225583 -0.009953834116458893 0.0007115568732842803 
vn -0.0006441111909225583 -0.009953834116458893 0.0007115568732842803 
vn -0.0006441111909225583 -0.009953834116458893 0.0007115568732842803 
vn -0.0008118056575767696 -0.009930492378771305 -0.0008522326243110001 
vn -0.0008118056575767696 -0.009930492378771305 -0.0008522326243110001 
vn -0.0008118056575767696 -0.009930492378771305 -0.0008522326243110001 
vn -0.0008118056575767696 -0.009930492378771305 -0.0008522326243110001 
vn 0.0014141906285658479 -0.00965831521898508 -0.0021718665957450867 
vn 0.0014141906285658479 -0.00965831521898508 -0.0021718665957450867 
vn 0.0014141906285658479 -0.00965831521898508 -0.0021718665957450867 
vn 0.0014141906285658479 -0.00965831521898508 -0.0021718665957450867 
vn 0.0003941135946661234 -0.009862475097179413 0.0016050743870437145 
vn 0.0003941135946661234 -0.009862475097179413 0.0016050743870437145 
vn 0.0003941135946661234 -0.009862475097179413 0.0016050743870437145 
vn 0.0003941135946661234 -0.009862475097179413 0.0016050743870437145 
vn 0.00027821873663924634 -0.00999389123171568 -0.00021149474196135998 
vn 0.00027821873663924634 -0.00999389123171568 -0.00021149474196135998 
vn 0.00027821873663924634 -0.00999389123171568 -0.00021149474196135998 
vn 0.00027821873663924634 -0.00999389123171568 -0.00021149474196135998 
vn 0.0002962021389976144 -0.009995322674512863 0.00007605341670569032 
vn 0.0002962021389976144 -0.009995322674512863 0.00007605341670569032 
vn 0.0002962021389976144 -0.009995322674512863 0.00007605341670569032 
vn 0.0002962021389976144 -0.009995322674512863 0.00007605341670569032 
vn 0.00834234245121479 -0.005100565496832132 -0.0020951260812580585 
vn 0.001385760959237814 -0.008110667578876019 -0.0056830220855772495 
vn 0.009084079414606094 0.0002839716034941375 -0.004171193111687899 
vn 0.0006039623403921723 -0.0016742945881560445 -0.009840323589742184 
vn 0.007681517396122217 0.00010923157242359594 -0.006401746068149805 
vn -0.004604135639965534 -0.0077378954738378525 -0.004350506700575352 
vn -0.007062236778438091 -0.0023588771000504494 -0.006675366312265396 
vn -0.004820783622562885 -0.0062495265156030655 0.006140314973890781 
vn -0.008305422030389309 -0.001631199149414897 0.005325331352651119 
vn -0.007729938719421625 0.00006553937419084832 -0.0063437968492507935 
vn -0.007986152544617653 -0.0008945270674303174 0.005951570346951485 
vn -0.007821881212294102 0.0002839712833520025 -0.006223948672413826 
vn -0.008141295053064823 -0.0012420597486197948 0.00567244179546833 
vn 0.00003773920252569951 0.0012420590501278639 -0.009922492317855358 
vn 0.0003771804040297866 0.0004149713786318898 -0.009984264150261879 
vn 0.007430335972458124 0.0035271847154945135 -0.005687624681740999 
vn 0.004484127275645733 -0.004719988442957401 -0.007590409368276596 
vn 0.008402269333600998 0.005287247244268656 -0.001202868763357401 
vn 0.00101668166462332 -0.006584557704627514 -0.0074572088196873665 
vn 0.009809859097003937 -0.0014585250755771995 -0.0012803825084120035 
vn -0.009402724914252758 -0.0034042291808873415 5.546224035590797e-10 
vn -0.009069656021893024 0.0042118774726986885 0.000037738824175903574 
vn -0.007346226368099451 -0.003115093568339944 -0.006027366034686565 
vn -0.0069786920212209225 0.0053242831490933895 -0.004790601786226034 
vn -0.0015034734969958663 -0.003486267989501357 -0.009251243434846401 
vn 0.0008652409305796027 0.006317507475614548 -0.007703275885432959 
vn 0.003309282474219799 -0.005175536498427391 -0.007890656590461731 
vn 0.007324261125177145 0.004911447409540415 -0.0047151753678917885 
vn 0.0064686937257647514 -0.007626008242368698 1.2424369311148098e-9 
vn 0.009502431377768517 0.0031150924041867256 -5.075139752896973e-10 
vt 0.2132457196712494 0.9097577333450317 
vt 0.1578514724969864 0.8702480792999268 
vt 0.22006531059741974 0.8615607023239136 
vt 0.21683497726917267 0.8159818053245544 
vt 0.1488783210515976 0.8130066990852356 
vt 0.11023395508527756 0.8554914593696594 
vt 0.11071252077817917 0.811102569103241 
vt 0.05483970791101456 0.8118166327476501 
vt 0.05507899075746536 0.7573123574256897 
vt 0.010811451822519302 0.8190759420394897 
vt 0.012606081552803516 0.7573123574256897 
vt 0.010811451822519302 0.6956677436828613 
vt 0.05483970791101456 0.7028080224990845 
vt 0.02133994735777378 0.6371172666549683 
vt 0.0615396611392498 0.6498507857322693 
vt 0.11023395508527756 0.6591331958770752 
vt 0.11071252077817917 0.7035220861434937 
vt 0.10975538939237595 0.7573123574256897 
vt 0.14696404337882996 0.7573123574256897 
vt 0.0615396611392498 0.8647738695144653 
vt 0.02133994735777378 0.8775073885917664 
vt 0.1488783210515976 0.7016180157661438 
vt 0.1578514724969864 0.6443765759468079 
vt 0.21683497726917267 0.6986428499221802 
vt 0.22006531059741974 0.653063952922821 
vt 0.2686399519443512 0.7085202932357788 
vt 0.27629706263542175 0.6736518144607544 
vt 0.30249863862991333 0.734225332736969 
vt 0.3237949311733246 0.7199447751045227 
vt 0.3064468204975128 0.6722237467765808 
vt 0.2132457196712494 0.6048669219017029 
vt 0.29867011308670044 0.7573123574256897 
vt 0.2723488509654999 0.7573123574256897 
vt 0.21611712872982025 0.7573123574256897 
vt 0.2686399519443512 0.8061043620109558 
vt 0.30249863862991333 0.7803993225097656 
vt 0.27629706263542175 0.8409728407859802 
vt 0.3237949311733246 0.7946798801422119 
vt 0.3064468204975128 0.8424009084701538 
vt 0.6506568789482117 0.698404848575592 
vt 0.6449140310287476 0.6769839525222778 
vt 0.6226606369018555 0.6906695365905762 
vt 0.622421383857727 0.6536589860916138 
vt 0.6067482829093933 0.6913835406303406 
vt 0.6037572026252747 0.6548490524291992 
vt 0.5793502330780029 0.6912645697593689 
vt 0.5764788389205933 0.6569911241531372 
vt 0.5519522428512573 0.6910265684127808 
vt 0.5492004752159119 0.6592522263526917 
vt 0.5264684557914734 0.691502571105957 
vt 0.5222809910774231 0.6629413366317749 
vt 0.5069668292999268 0.6911455392837524 
vt 0.4946436882019043 0.6665115356445312 
vt 0.4673653244972229 0.6705576777458191 
vt 0.4822009205818176 0.6978098154067993 
vt 0.3619607090950012 0.698404848575592 
vt 0.36387500166893005 0.6784120202064514 
vt 0.34580904245376587 0.698404848575592 
vt 0.34999650716781616 0.6794830560684204 
vt 0.3624393045902252 0.6619893312454224 
vt 0.34951794147491455 0.6640124320983887 
vt 0.3557393252849579 0.6444956064224243 
vt 0.34138229489326477 0.6481847167015076 
vt 0.4634171426296234 0.6170054078102112 
vt 0.4586314558982849 0.647232711315155 
vt 0.48435449600219727 0.6419965028762817 
vt 0.515820324420929 0.6343801617622375 
vt 0.48363664746284485 0.6161723732948303 
vt 0.5082828998565674 0.6090320944786072 
vt 0.5316130518913269 0.6021298170089722 
vt 0.5415433645248413 0.6306909918785095 
vt 0.5581735968589783 0.5942754745483398 
vt 0.5702574253082275 0.6280729174613953 
vt 0.5847341418266296 0.586540162563324 
vt 0.5989715456962585 0.6253358125686646 
vt 0.5993304252624512 0.5791618227958679 
vt 0.621464192867279 0.6225986480712891 
vt 0.6553229093551636 0.6586571931838989 
vt 0.6726710200309753 0.6734138131141663 
vt 0.6732692122459412 0.6353322267532349 
vt 0.6957619190216064 0.650445818901062 
vt 0.5598486065864563 0.028644714504480362 
vt 0.5446540713310242 0.049113575369119644 
vt 0.5255113244056702 0.02328949049115181 
vt 0.4993097484111786 0.04875655844807625 
vt 0.5626003742218018 0.07636571675539017 
vt 0.4987115263938904 0.08493407815694809 
vt 0.4772956073284149 0.08029288798570633 
vt 0.4664081931114197 0.109806127846241 
vt 0.4385316073894501 0.10242781788110733 
vt 0.44690653681755066 0.07600870728492737 
vt 0.41065502166748047 0.094930499792099 
vt 0.5832984447479248 0.05363576486706734 
vt 0.4822009205818176 0.1163514032959938 
vt 0.49823296070098877 0.010555954650044441 
vt 0.4806455969810486 0.04673347622156143 
vt 0.45169222354888916 0.044234368950128555 
vt 0.4165174663066864 0.07172452658414841 
vt 0.38624805212020874 0.0873141810297966 
vt 0.3903158903121948 0.06767835468053818 
vt 0.3602857291698456 0.08029288798570633 
vt 0.4818420112133026 0.012817050330340862 
vt 0.4533672034740448 0.012103020213544369 
vt 0.42285850644111633 0.04161626100540161 
vt 0.4248924255371094 0.011388990096747875 
vt 0.39593905210494995 0.04066421836614609 
vt 0.3985711634159088 0.014840135350823402 
vt 0.37799274921417236 0.014126105234026909 
vt 0.3752409815788269 0.038046110421419144 
vt 0.3667463958263397 0.0613710917532444 
vt 0.34927865862846375 0.05780094116926193 
vt 0.34018588066101074 0.07684174180030823 
vt 0.23394377529621124 0.06256113946437836 
vt 0.23585805296897888 0.049113575369119644 
vt 0.21970638632774353 0.060657061636447906 
vt 0.22030459344387054 0.04768551513552666 
vt 0.23777233064174652 0.03352392092347145 
vt 0.22162064909934998 0.03328590840101242 
vt 0.2363366186618805 0.016744215041399002 
vt 0.22078315913677216 0.01757724955677986 
vt 0.3526286482810974 0.010555954650044441 
vt 0.3557393252849579 0.036380041390657425 
vt 0.08211808651685715 0.02031436562538147 
vt 0.0706324502825737 0.042330291122198105 
vt 0.057112906128168106 0.009960929863154888 
vt 0.05077188089489937 0.03138183057308197 
vt 0.04155944660305977 0.048280540853738785 
vt 0.12040352076292038 0.03876014053821564 
vt 0.10999467223882675 0.06648830324411392 
vt 0.21910817921161652 0.08291099220514297 
vt 0.20307613909244537 0.11313826590776443 
vt 0.26624712347984314 0.09766761213541031 
vt 0.2553597092628479 0.15669409930706024 
vt 0.17507991194725037 0.13705827295780182 
vt 0.10150008648633957 0.09136035293340683 
vt 0.057112906128168106 0.05839596316218376 
vt 0.028039900586009026 0.06160910055041313 
vt 0.04108087718486786 0.07231955230236053 
vt 0.010452525690197945 0.07469964772462845 
vt 0.02265601046383381 0.08874224126338959 
vt 0.08989481627941132 0.11444731801748276 
vt 0.07099137455224991 0.13598722219467163 
vt 0.13787125051021576 0.15574204921722412 
vt 0.10090187937021255 0.1682375818490982 
vt 0.1588086038827896 0.18823042511940002 
vt 0.11035359650850296 0.191086545586586 
vt 0.21145108342170715 0.1731167882680893 
vt 0.21013502776622772 0.1987028568983078 
vt 0.2514115273952484 0.1987028568983078 
vt 0.2553597092628479 0.2405926138162613 
vt 0.21145108342170715 0.22416992485523224 
vt 0.1588086038827896 0.1987028568983078 
vt 0.1588086038827896 0.20917530357837677 
vt 0.11035359650850296 0.20620018243789673 
vt 0.10090187937021255 0.22904913127422333 
vt 0.13787125051021576 0.2415446639060974 
vt 0.07099137455224991 0.2612994909286499 
vt 0.11095180362462997 0.1987028568983078 
vt 0.17507991194725037 0.260347455739975 
vt 0.20307613909244537 0.2841484546661377 
vt 0.26624712347984314 0.2996191084384918 
vt 0.21910817921161652 0.31437572836875916 
vt 0.10999467223882675 0.3307984173297882 
vt 0.12040352076292038 0.3585265874862671 
vt 0.0706324502825737 0.3550754189491272 
vt 0.08211808651685715 0.37709134817123413 
vt 0.057112906128168106 0.38732579350471497 
vt 0.05077188089489937 0.36590489745140076 
vt 0.04155944660305977 0.34900617599487305 
vt 0.057112906128168106 0.33889076113700867 
vt 0.028039900586009026 0.3356776237487793 
vt 0.10150008648633957 0.3059263527393341 
vt 0.08989481627941132 0.2828393876552582 
vt 0.02265601046383381 0.30854448676109314 
vt 0.04108087718486786 0.3249671757221222 
vt 0.010452525690197945 0.3225870728492737 
vt 0.7254331111907959 0.8831006288528442 
vt 0.7019832730293274 0.8829815983772278 
vt 0.7259116768836975 0.8523973226547241 
vt 0.7027011513710022 0.8537063598632812 
vt 0.7019832730293274 0.8136016726493835 
vt 0.7456526160240173 0.8811965584754944 
vt 0.7466097474098206 0.8516833186149597 
vt 0.7656328082084656 0.8791734576225281 
vt 0.7675471305847168 0.8528733253479004 
vt 0.7888433933258057 0.8791734576225281 
vt 0.7903987169265747 0.855848491191864 
vt 0.7702988386154175 0.823241114616394 
vt 0.7947058081626892 0.8159818053245544 
vt 0.7663506865501404 0.6295009851455688 
vt 0.7797505855560303 0.6285489201545715 
vt 0.7527114748954773 0.6296199560165405 
vt 0.7482847571372986 0.8263352513313293 
vt 0.7261509895324707 0.8224080801010132 
vt 0.7257920503616333 0.6273588538169861 
vt 0.7391919493675232 0.6289059519767761 
vt 0.2864666283130646 0.4189811050891876 
vt 0.30381470918655396 0.43587982654571533 
vt 0.2724685072898865 0.43100062012672424 
vt 0.28515055775642395 0.4488513767719269 
vt 0.2963969111442566 0.4640839993953705 
vt 0.33228951692581177 0.37102210521698 
vt 0.35071438550949097 0.393157035112381 
vt 0.362199991941452 0.3398427963256836 
vt 0.40084436535835266 0.3509102463722229 
vt 0.3692588806152344 0.31687483191490173 
vt 0.4174745976924896 0.3191359341144562 
vt 0.4175942540168762 0.3086634874343872 
vt 0.36901959776878357 0.3086634874343872 
vt 0.3692588806152344 0.3004521429538727 
vt 0.4174745976924896 0.29819104075431824 
vt 0.40084436535835266 0.2665356993675232 
vt 0.362199991941452 0.2774841785430908 
vt 0.35071438550949097 0.2242889404296875 
vt 0.33228951692581177 0.24630485475063324 
vt 0.30381470918655396 0.1814471334218979 
vt 0.2864666283130646 0.1983458399772644 
vt 0.2724685072898865 0.18632633984088898 
vt 0.28515055775642395 0.16847558319568634 
vt 0.2963969111442566 0.1533619612455368 
vt 0.3190092444419861 0.1675235480070114 
vt 0.30800217390060425 0.13824832439422607 
vt 0.3620803654193878 0.20072594285011292 
vt 0.43793338537216187 0.24630485475063324 
vt 0.47382599115371704 0.28355342149734497 
vt 0.4725099205970764 0.3086634874343872 
vt 0.5063686370849609 0.3086634874343872 
vt 0.47382599115371704 0.33377352356910706 
vt 0.5128293037414551 0.2574913203716278 
vt 0.4665278196334839 0.2235749065876007 
vt 0.3716517388820648 0.17537787556648254 
vt 0.3326484262943268 0.15217190980911255 
vt 0.32092350721359253 0.12027856707572937 
vt 0.34545013308525085 0.13134603202342987 
vt 0.3836159110069275 0.14836373925209045 
vt 0.4823205769062042 0.19334763288497925 
vt 0.527784526348114 0.21024633944034576 
vt 0.5128293037414551 0.3598356246948242 
vt 0.4665278196334839 0.3937520682811737 
vt 0.43793338537216187 0.37102210521698 
vt 0.3716517388820648 0.4419490694999695 
vt 0.3836159110069275 0.4689632058143616 
vt 0.34545013308525085 0.48598092794418335 
vt 0.527784526348114 0.40708062052726746 
vt 0.4823205769062042 0.4239793121814728 
vt 0.3620803654193878 0.4166010022163391 
vt 0.3326484262943268 0.46515506505966187 
vt 0.32092350721359253 0.49704840779304504 
vt 0.30800217390060425 0.47907865047454834 
vt 0.3190092444419861 0.4498034119606018 
vt 0.6985136866569519 0.2658216655254364 
vt 0.6989922523498535 0.24083063006401062 
vt 0.6735084652900696 0.26391759514808655 
vt 0.6750638484954834 0.23856952786445618 
vt 0.6727906465530396 0.19644176959991455 
vt 0.719929575920105 0.2689158022403717 
vt 0.7198099493980408 0.24237769842147827 
vt 0.741465151309967 0.2712959051132202 
vt 0.740627646446228 0.24202068150043488 
vt 0.7665899395942688 0.2716529369354248 
vt 0.7646756768226624 0.24047361314296722 
vt 0.742302656173706 0.19096753001213074 
vt 0.7665899395942688 0.1983458399772644 
vt 0.7375169396400452 0.012341029942035675 
vt 0.7511561512947083 0.011626999825239182 
vt 0.7238777875900269 0.012341029942035675 
vt 0.7206474542617798 0.1876353919506073 
vt 0.6979154348373413 0.18989649415016174 
vt 0.6967190504074097 0.010317944921553135 
vt 0.7102385759353638 0.011626999825239182 
vt 0.09491977840662003 0.6126022338867188 
vt 0.07123066484928131 0.5849930644035339 
vt 0.10796075314283371 0.596060574054718 
vt 0.12435171008110046 0.5691654086112976 
vt 0.11406249552965164 0.6089131236076355 
vt 0.15521934628486633 0.5961795449256897 
vt 0.15928716957569122 0.6154583692550659 
vt 0.19266729056835175 0.5883252024650574 
vt 0.17017459869384766 0.5591689944267273 
vt 0.1346409171819687 0.5387001633644104 
vt 0.16562819480895996 0.5150181651115417 
vt 0.12949632108211517 0.5043076872825623 
vt 0.15163008868694305 0.5026416182518005 
vt 0.17292636632919312 0.4713433086872101 
vt 0.14193908870220184 0.4847908914089203 
vt 0.15222829580307007 0.4571817219257355 
vt 0.12052316963672638 0.4761035144329071 
vt 0.10616612434387207 0.5540518164634705 
vt 0.19266729056835175 0.4498034119606018 
vt 0.17460134625434875 0.4270734488964081 
vt 0.12794096767902374 0.40339145064353943 
vt 0.11813032627105713 0.449089378118515 
vt 0.08343414962291718 0.4055335521697998 
vt 0.09468049556016922 0.4419490694999695 
vt 0.028039900586009026 0.4425441026687622 
vt 0.06716283410787582 0.4688442051410675 
vt 0.05603612959384918 0.5026416182518005 
vt 0.08606626838445663 0.4815777540206909 
vt 0.11454106867313385 0.4941922724246979 
vt 0.012247156351804733 0.5078778266906738 
vt 0.02780061587691307 0.5483395457267761 
vt 0.05950574576854706 0.5308458209037781 
vt 0.05735218897461891 0.5777338147163391 
vt 0.0847502052783966 0.5392951965332031 
vt 0.3048914968967438 0.2467808872461319 
vt 0.2885005474090576 0.2691538333892822 
vt 0.2974736988544464 0.27296197414398193 
vt 0.2885005474090576 0.30235621333122253 
vt 0.3001058101654053 0.2890276610851288 
vt 0.31817173957824707 0.2966439723968506 
vt 0.31314679980278015 0.29057472944259644 
vt 0.32642704248428345 0.27189093828201294 
vt 0.6501783132553101 0.608794093132019 
vt 0.6465890407562256 0.5701174736022949 
vt 0.7161010503768921 0.6067709922790527 
vt 0.7113153338432312 0.5647622346878052 
vt 0.7622828483581543 0.6033198833465576 
vt 0.7622828483581543 0.5628581643104553 
vt 0.8132503628730774 0.5647622346878052 
vt 0.8084646463394165 0.6067709922790527 
vt 0.8780962824821472 0.5701174736022949 
vt 0.8743873834609985 0.608794093132019 
vt 0.6871476769447327 0.40017831325531006 
vt 0.6607068181037903 0.4186241030693054 
vt 0.7079653739929199 0.4512314796447754 
vt 0.6428801417350769 0.47872161865234375 
vt 0.710358202457428 0.5170412063598633 
vt 0.6441962122917175 0.5233485102653503 
vt 0.8142074942588806 0.5170412063598633 
vt 0.8803694844245911 0.5233485102653503 
vt 0.8816855549812317 0.47872161865234375 
vt 0.8166003227233887 0.4512314796447754 
vt 0.8639785647392273 0.4186241030693054 
vt 0.8374180197715759 0.40017831325531006 
vt 0.7622828483581543 0.4536115825176239 
vt 0.7622828483581543 0.39613214135169983 
vt 0.7034189701080322 0.3412708640098572 
vt 0.8211467266082764 0.3412708640098572 
vt 0.7622828483581543 0.5171602368354797 
vt 0.8364608883857727 0.3179458677768707 
vt 0.7979361414909363 0.2966439723968506 
vt 0.7801095247268677 0.3117576241493225 
vt 0.7622828483581543 0.33865272998809814 
vt 0.7622828483581543 0.31306666135787964 
vt 0.7444561719894409 0.3117576241493225 
vt 0.7266295552253723 0.2966439723968506 
vt 0.6881048083305359 0.3179458677768707 
vt 0.6502979397773743 0.38435065746307373 
vt 0.6288820505142212 0.37875741720199585 
vt 0.6425212025642395 0.3563844859600067 
vt 0.6054322123527527 0.3561464846134186 
vt 0.6432390809059143 0.3404378294944763 
vt 0.6066285967826843 0.3374626934528351 
vt 0.6431193947792053 0.31306666135787964 
vt 0.6089017987251282 0.31021055579185486 
vt 0.6428801417350769 0.28569552302360535 
vt 0.6110553741455078 0.28295838832855225 
vt 0.6433587074279785 0.2602284550666809 
vt 0.6147642731666565 0.25594425201416016 
vt 0.6429997682571411 0.24071162939071655 
vt 0.618353545665741 0.22833511233329773 
vt 0.622421383857727 0.20120196044445038 
vt 0.6496997475624084 0.2159585803747177 
vt 0.6501783132553101 0.09576353430747986 
vt 0.630198061466217 0.09766761213541031 
vt 0.6502979397773743 0.07957885414361954 
vt 0.6312748789787292 0.08374402672052383 
vt 0.6138071417808533 0.09612055122852325 
vt 0.6158410310745239 0.08326800912618637 
vt 0.5963394045829773 0.08945626765489578 
vt 0.5999286770820618 0.07505666464567184 
vt 0.5688217282295227 0.19715578854084015 
vt 0.5989715456962585 0.19239559769630432 
vt 0.5938268899917603 0.2181006819009781 
vt 0.5861698389053345 0.2495179921388626 
vt 0.5679842233657837 0.2173866480588913 
vt 0.5609253644943237 0.24213968217372894 
vt 0.553986132144928 0.26534566283226013 
vt 0.58258056640625 0.2752230763435364 
vt 0.5462093949317932 0.29188376665115356 
vt 0.5798287987709045 0.30402228236198425 
vt 0.5384326577186584 0.3184219002723694 
vt 0.5771966576576233 0.33270248770713806 
vt 0.5310148596763611 0.33305951952934265 
vt 0.5744448900222778 0.35519444942474365 
vt 0.610457181930542 0.38911086320877075 
vt 0.6252927780151367 0.40648558735847473 
vt 0.5871269702911377 0.4069616198539734 
vt 0.6023215055465698 0.4294535517692566 
vt 0.553148627281189 0.5678563714027405 
vt 0.5379540920257568 0.5475065112113953 
vt 0.5188114047050476 0.5733305811882019 
vt 0.49260979890823364 0.5477445125579834 
vt 0.5559003949165344 0.520254373550415 
vt 0.49201157689094543 0.5115669965744019 
vt 0.47059565782546997 0.5163272023200989 
vt 0.45970824360847473 0.48669496178627014 
vt 0.4318316578865051 0.4941922724246979 
vt 0.4402065873146057 0.5204923748970032 
vt 0.4039550721645355 0.5015705823898315 
vt 0.5765984654426575 0.5428653359413147 
vt 0.4755009710788727 0.48014968633651733 
vt 0.4915330111980438 0.5860641598701477 
vt 0.47394564747810364 0.5498866438865662 
vt 0.4449922740459442 0.5523857474327087 
vt 0.40981751680374146 0.5247765779495239 
vt 0.3795481026172638 0.5093058943748474 
vt 0.3837355673313141 0.5289417505264282 
vt 0.35358577966690063 0.5163272023200989 
vt 0.47514206171035767 0.5836840271949768 
vt 0.44666725397109985 0.584398090839386 
vt 0.4161585569381714 0.5548848509788513 
vt 0.41819247603416443 0.5851120948791504 
vt 0.389239102602005 0.5559558868408203 
vt 0.39187121391296387 0.5816609263420105 
vt 0.3714124262332916 0.5824939608573914 
vt 0.36854103207588196 0.5584549903869629 
vt 0.3600464463233948 0.5351300239562988 
vt 0.3425787091255188 0.5387001633644104 
vt 0.3334859311580658 0.5196593403816223 
vt 0.2272438257932663 0.5339399576187134 
vt 0.22915810346603394 0.5473874807357788 
vt 0.21300643682479858 0.5359630584716797 
vt 0.2136046439409256 0.5488155484199524 
vt 0.23107238113880157 0.5630961656570435 
vt 0.21492069959640503 0.5632151961326599 
vt 0.22963666915893555 0.5798758864402771 
vt 0.2140832096338272 0.5789238214492798 
vt 0.34592869877815247 0.5860641598701477 
vt 0.34903937578201294 0.5602400302886963 
vt 0.8030807971954346 0.010555954650044441 
vt 0.7796309590339661 0.010555954650044441 
vt 0.8034396767616272 0.041259244084358215 
vt 0.7802291512489319 0.03983118385076523 
vt 0.7796309590339661 0.080054871737957 
vt 0.823300302028656 0.012341029942035675 
vt 0.8242574334144592 0.04185426980257034 
vt 0.8432804942131042 0.014364114962518215 
vt 0.8451947569847107 0.04066421836614609 
vt 0.8664910197257996 0.014364114962518215 
vt 0.8680464029312134 0.03768909350037575 
vt 0.8479465246200562 0.07041546702384949 
vt 0.8723534941673279 0.07767477631568909 
vt 0.8438786864280701 0.2640365958213806 
vt 0.85727858543396 0.265107661485672 
vt 0.8302395343780518 0.26391759514808655 
vt 0.8259323835372925 0.06720233708620071 
vt 0.8037986159324646 0.07112950086593628 
vt 0.803320050239563 0.26629769802093506 
vt 0.8167199492454529 0.26463162899017334 
vt 0.6056714653968811 0.7399376034736633 
vt 0.6037572026252747 0.7150655388832092 
vt 0.5806663036346436 0.7404136061668396 
vt 0.5783931016921997 0.7164936065673828 
vt 0.5362791419029236 0.7142325043678284 
vt 0.608782172203064 0.7613584995269775 
vt 0.5822216272354126 0.7612394690513611 
vt 0.6110553741455078 0.7830173969268799 
vt 0.58186274766922 0.782184362411499 
vt 0.6114143133163452 0.8081274628639221 
vt 0.5803073644638062 0.8062233924865723 
vt 0.5307756066322327 0.7838504314422607 
vt 0.53819340467453 0.8081274628639221 
vt 0.3521500825881958 0.778971254825592 
vt 0.3514322340488434 0.7926568388938904 
vt 0.3521500825881958 0.7654046416282654 
vt 0.5274255871772766 0.7621915340423584 
vt 0.5296987891197205 0.7393425703048706 
vt 0.35023581981658936 0.7381525039672852 
vt 0.3514322340488434 0.7517191171646118 
vt 0.8923336863517761 0.6310480237007141 
vt 0.8687642216682434 0.6585381627082825 
vt 0.9053747057914734 0.6475897431373596 
vt 0.9217656254768372 0.6743658185005188 
vt 0.9114764332771301 0.6346181631088257 
vt 0.9527528882026672 0.6473516821861267 
vt 0.9567010998725891 0.6280729174613953 
vt 0.990081250667572 0.655206024646759 
vt 0.9675885438919067 0.6843622922897339 
vt 0.932054877281189 0.7048311233520508 
vt 0.963042140007019 0.7286321520805359 
vt 0.9269102215766907 0.7393425703048706 
vt 0.9490439891815186 0.7408896684646606 
vt 0.9703403115272522 0.7721879482269287 
vt 0.9393529891967773 0.758859395980835 
vt 0.9496422410011292 0.7863495349884033 
vt 0.9179370999336243 0.7674277424812317 
vt 0.9035800695419312 0.6894794702529907 
vt 0.990081250667572 0.7937278747558594 
vt 0.9720152616500854 0.8164578080177307 
vt 0.9253548979759216 0.8402588367462158 
vt 0.9155442714691162 0.7944418787956238 
vt 0.8808480501174927 0.8379977345466614 
vt 0.8920944333076477 0.8017011880874634 
vt 0.8254538178443909 0.800987184047699 
vt 0.8645767569541931 0.7746870517730713 
vt 0.8534500598907471 0.7408896684646606 
vt 0.8834801912307739 0.7620725035667419 
vt 0.9119549989700317 0.7493389844894409 
vt 0.8096610903739929 0.7356534004211426 
vt 0.8252145648002625 0.6953107118606567 
vt 0.8569196462631226 0.7126854658126831 
vt 0.8547661304473877 0.6657974720001221 
vt 0.8821641206741333 0.7042360901832581 
vt 0.4716724455356598 0.15502803027629852 
vt 0.4940454959869385 0.13860534131526947 
vt 0.49775439500808716 0.14764972031116486 
vt 0.5271863341331482 0.13860534131526947 
vt 0.5137864351272583 0.1502678245306015 
vt 0.5213238596916199 0.1682375818490982 
vt 0.5153417587280273 0.16323937475681305 
vt 0.49667760729789734 0.1765679270029068 
vt 0.877139151096344 0.9537895917892456 
vt 0.905853271484375 0.945459246635437 
vt 0.9086050391197205 0.9245143532752991 
vt 0.9175781607627869 0.9303455948829651 
vt 0.9138692617416382 0.939628005027771 
vt 0.9332512617111206 0.9492673873901367 
vt 0.9316959381103516 0.9553366303443909 
vt 0.9366012215614319 0.9460542798042297 
vt 0.9436601400375366 0.9501004219055176 
vt 0.9339691400527954 0.9259424209594727 
vt 0.9434208273887634 0.9239193201065063 
vt 0.9297816753387451 0.8920260071754456 
vt 0.9513171911239624 0.8891698718070984 
vt 0.9109978675842285 0.8794114589691162 
vt 0.8893426656723022 0.8926210403442383 
vt 0.9003497362136841 0.8662018775939941 
vt 0.8774980902671814 0.8739372491836548 
vt 0.8650553226470947 0.9027364253997803 
vt 0.8536893129348755 0.8790544271469116 
vt 0.8774980902671814 0.9381999373435974 
vt 0.8108575344085693 0.9553366303443909 
vt 0.8122932314872742 0.9470062851905823 
vt 0.7953040599822998 0.9379619359970093 
vt 0.803320050239563 0.9286795258522034 
vt 0.7892023324966431 0.9165410399436951 
vt 0.795423686504364 0.9134469032287598 
vt 0.9036996960639954 0.5177552700042725 
vt 0.9081264734268188 0.44028300046920776 
vt 0.9108782410621643 0.5060927867889404 
vt 0.9155442714691162 0.4307626187801361 
vt 0.9254745244979858 0.5008565783500671 
vt 0.9261924028396606 0.4287395179271698 
vt 0.9063318371772766 0.4232653081417084 
vt 0.9258334636688232 0.4162440001964569 
vt 0.9368405342102051 0.4308816194534302 
vt 0.9452154636383057 0.4231462776660919 
vt 0.9442583322525024 0.4401639997959137 
vt 0.9580171704292297 0.436355859041214 
vt 0.8935301303863525 0.4369508624076843 
vt 0.9403101205825806 0.5060927867889404 
vt 0.9474886655807495 0.5177552700042725 
vt 0.24782225489616394 0.3556704521179199 
vt 0.30907896161079407 0.3556704521179199 
vt 0.2413615882396698 0.37102210521698 
vt 0.3026182949542999 0.37102210521698 
vt 0.47490277886390686 0.8960721492767334 
vt 0.547645092010498 0.8728662133216858 
vt 0.480167031288147 0.9082106947898865 
vt 0.5413040518760681 0.9097577333450317 
vt 0.5579343438148499 0.9094007015228271 
vt 0.5611646771430969 0.8725091814994812 
vt 0.5745645761489868 0.9089246988296509 
vt 0.574684202671051 0.8721521496772766 
vt 0.5911948084831238 0.9092817306518555 
vt 0.5882037281990051 0.8725091814994812 
vt 0.6078250408172607 0.9097577333450317 
vt 0.601723313331604 0.8728662133216858 
vt 0.6743459701538086 0.8967862129211426 
vt 0.6690817475318909 0.9085676670074463 
vt 0.22544920444488525 0.3588835895061493 
vt 0.24782225489616394 0.3556704521179199 
vt 0.22628669440746307 0.3338925540447235 
vt 0.2414812296628952 0.34031879901885986 
vt 0.204392209649086 0.3554324507713318 
vt 0.22544920444488525 0.3588835895061493 
vt 0.21085287630558014 0.3401997983455658 
vt 0.22628669440746307 0.3338925540447235 
vt 0.21073323488235474 0.3709031045436859 
vt 0.22604741156101227 0.37732937932014465 
vt 0.204392209649086 0.3554324507713318 
vt 0.22544920444488525 0.3588835895061493 
vt 0.22604741156101227 0.37732937932014465 
vt 0.2413615882396698 0.37102210521698 
vt 0.22544920444488525 0.3588835895061493 
vt 0.24782225489616394 0.3556704521179199 
vt 0.2414812296628952 0.34031879901885986 
vt 0.24782225489616394 0.3556704521179199 
vt 0.30273792147636414 0.34031879901885986 
vt 0.30907896161079407 0.3556704521179199 
vt 0.22628669440746307 0.3338925540447235 
vt 0.2414812296628952 0.34031879901885986 
vt 0.287543386220932 0.3338925540447235 
vt 0.30273792147636414 0.34031879901885986 
vt 0.2413615882396698 0.37102210521698 
vt 0.22604741156101227 0.37732937932014465 
vt 0.3026182949542999 0.37102210521698 
vt 0.2873041033744812 0.37732937932014465 
vt 0.2319098711013794 0.9270134568214417 
vt 0.2365759015083313 0.9521235227584839 
vt 0.3010629415512085 0.9027364253997803 
vt 0.306207537651062 0.9392709732055664 
vt 0.33121272921562195 0.905949592590332 
vt 0.24219907820224762 0.9744964838027954 
vt 0.3114717900753021 0.9699742794036865 
vt 0.2416008710861206 0.9815177321434021 
vt 0.31230929493904114 0.9821127653121948 
vt 0.3370751738548279 0.9649760723114014 
vt 0.3387501835823059 0.9811607599258423 
vt 0.36411428451538086 0.9585497975349426 
vt 0.3653106987476349 0.979137659072876 
vt 0.36315715312957764 0.9358198046684265 
vt 0.3342037796974182 0.9374858736991882 
vt 0.3653106987476349 0.9088056683540344 
vt 0.3327680826187134 0.8954771161079407 
vt 0.34054479002952576 0.8832195997238159 
vt 0.3069254159927368 0.8873847723007202 
vt 0.3108735978603363 0.876555323600769 
vt 0.5034971833229065 0.48836103081703186 
vt 0.5030186176300049 0.47348541021347046 
vt 0.525391697883606 0.48740899562835693 
vt 0.5237166881561279 0.46456003189086914 
vt 0.5490807890892029 0.4869329631328583 
vt 0.5499182939529419 0.4552776515483856 
vt 0.573846697807312 0.48776599764823914 
vt 0.5770770311355591 0.44766131043434143 
vt 0.5927501320838928 0.48836103081703186 
vt 0.5940662026405334 0.4518264830112457 
vt 0.913749635219574 0.3534093499183655 
vt 0.9275084733963013 0.32234904170036316 
vt 0.943061888217926 0.3218730390071869 
vt 0.9446172714233398 0.25558724999427795 
vt 0.9346869587898254 0.3505532443523407 
vt 0.9196121096611023 0.3623347282409668 
vt 0.9289441704750061 0.35864558815956116 
vt 0.9385155439376831 0.377924382686615 
vt 0.9446172714233398 0.3764963448047638 
vt 0.935285210609436 0.3812565207481384 
vt 0.9394726753234863 0.38839682936668396 
vt 0.9151853322982788 0.37875741720199585 
vt 0.9132710695266724 0.3881588280200958 
vt 0.8813266158103943 0.37459224462509155 
vt 0.8785749077796936 0.39601314067840576 
vt 0.8686445951461792 0.355789452791214 
vt 0.8819248676300049 0.3340115547180176 
vt 0.8554839491844177 0.3450790047645569 
vt 0.8632606863975525 0.3222300410270691 
vt 0.8920944333076477 0.3097345232963562 
vt 0.868405282497406 0.29842904210090637 
vt 0.9363619685173035 0.25701531767845154 
vt 0.9179370999336243 0.24808993935585022 
vt 0.9272691607475281 0.24011659622192383 
vt 0.905853271484375 0.23392833769321442 
vt 0.9027425646781921 0.24011659622192383 
vt 0.8956837058067322 0.08445806056261063 
vt 0.9028621912002563 0.09612055122852325 
vt 0.9001104235649109 0.16193030774593353 
vt 0.907408595085144 0.17145071923732758 
vt 0.8855141401290894 0.16526246070861816 
vt 0.8983157873153687 0.1789480298757553 
vt 0.9181763529777527 0.1734738051891327 
vt 0.9178174734115601 0.18596932291984558 
vt 0.9288245439529419 0.17121270298957825 
vt 0.9371994733810425 0.17906703054904938 
vt 0.9362423419952393 0.1620493233203888 
vt 0.9500011801719666 0.1658574789762497 
vt 0.9174585342407227 0.10135676711797714 
vt 0.9322941303253174 0.09612055122852325 
vt 0.9393529891967773 0.08445806056261063 
vt 0.04718261957168579 0.23440435528755188 
vt 0.04718261957168579 0.1731167882680893 
vt 0.03186844289302826 0.24083063006401062 
vt 0.03198808431625366 0.17954304814338684 
vt 0.5271863341331482 0.845257043838501 
vt 0.454324334859848 0.8220510482788086 
vt 0.5219220519065857 0.8573955297470093 
vt 0.46066537499427795 0.8589426279067993 
vt 0.444035142660141 0.8584665656089783 
vt 0.4408048093318939 0.821694016456604 
vt 0.42740491032600403 0.8581095933914185 
vt 0.42728525400161743 0.8213370442390442 
vt 0.4107746481895447 0.8584665656089783 
vt 0.41376569867134094 0.8215750455856323 
vt 0.3942640721797943 0.8589426279067993 
vt 0.40024617314338684 0.8220510482788086 
vt 0.3276234567165375 0.8459710478782654 
vt 0.3330073654651642 0.8577525615692139 
vt 0.016554268077015877 0.17335478961467743 
vt 0.010093599557876587 0.15800315141677856 
vt 0.03198808431625366 0.17954304814338684 
vt 0.03509877622127533 0.1571701169013977 
vt 0.010093599557876587 0.15800315141677856 
vt 0.016434626653790474 0.1426514983177185 
vt 0.03509877622127533 0.1571701169013977 
vt 0.031748801469802856 0.13622523844242096 
vt 0.03509877622127533 0.1571701169013977 
vt 0.031748801469802856 0.13622523844242096 
vt 0.05352364480495453 0.15776513516902924 
vt 0.04706297814846039 0.14241349697113037 
vt 0.03198808431625366 0.17954304814338684 
vt 0.03509877622127533 0.1571701169013977 
vt 0.04718261957168579 0.1731167882680893 
vt 0.05352364480495453 0.15776513516902924 
vt 0.03186844289302826 0.24083063006401062 
vt 0.016554268077015877 0.23452337086200714 
vt 0.03198808431625366 0.17954304814338684 
vt 0.016554268077015877 0.17335478961467743 
vt 0.016554268077015877 0.23452337086200714 
vt 0.010093599557876587 0.21929071843624115 
vt 0.016554268077015877 0.17335478961467743 
vt 0.010093599557876587 0.15800315141677856 
vt 0.05352364480495453 0.21905271708965302 
vt 0.04718261957168579 0.23440435528755188 
vt 0.05352364480495453 0.15776513516902924 
vt 0.04718261957168579 0.1731167882680893 
vt 0.19805118441581726 0.9296315908432007 
vt 0.19326549768447876 0.9548606276512146 
vt 0.12889809906482697 0.9053545594215393 
vt 0.12375350296497345 0.9420080780982971 
vt 0.09874831885099411 0.9086866974830627 
vt 0.18764232099056244 0.9772335886955261 
vt 0.11848925054073334 0.9725923538208008 
vt 0.18824054300785065 0.9841358661651611 
vt 0.11753211915493011 0.9847308993339539 
vt 0.09276622533798218 0.9675941467285156 
vt 0.09109123051166534 0.9837788343429565 
vt 0.0658467710018158 0.9611678719520569 
vt 0.06465034931898117 0.9818747639656067 
vt 0.06668426841497421 0.938556969165802 
vt 0.09563762694597244 0.9401040077209473 
vt 0.06465034931898117 0.9115428328514099 
vt 0.09719297289848328 0.8980952501296997 
vt 0.0892966017127037 0.8859567642211914 
vt 0.12291600555181503 0.8901219367980957 
vt 0.11908746510744095 0.8792924284934998 
vt 0.21228857338428497 0.5084728598594666 
vt 0.24889902770519257 0.5071638226509094 
vt 0.20810110867023468 0.49145516753196716 
vt 0.24830082058906555 0.4881230294704437 
vt 0.21575820446014404 0.464322030544281 
vt 0.24746333062648773 0.46348899602890015 
vt 0.22509028017520905 0.4381409287452698 
vt 0.24794189631938934 0.4398069977760315 
vt 0.23394377529621124 0.4173150360584259 
vt 0.24889902770519257 0.41791006922721863 
s on 
f 1/1/1 2/2/2 3/3/3 
f 2/2/2 2/2/2 3/3/3 
f 3/3/3 2/2/2 4/4/4 
f 2/2/2 2/2/2 4/4/4 
f 4/4/4 2/2/2 5/5/5 
f 2/2/2 6/6/6 5/5/5 
f 5/5/5 6/6/6 7/7/7 
f 6/6/6 8/8/8 7/7/7 
f 7/7/7 8/8/8 9/9/9 
f 8/8/8 10/10/10 9/9/9 
f 9/9/9 10/10/10 9/9/9 
f 10/10/10 11/11/11 9/9/9 
f 9/9/9 11/11/11 9/9/9 
f 11/11/11 12/12/12 9/9/9 
f 9/9/9 12/12/12 13/13/13 
f 12/12/12 14/14/14 13/13/13 
f 13/13/13 14/14/14 13/13/13 
f 14/14/14 15/15/15 13/13/13 
f 13/13/13 15/15/15 13/13/13 
f 15/15/15 16/16/16 13/13/13 
f 13/13/13 16/16/16 13/13/13 
f 16/16/16 17/17/17 13/13/13 
f 13/13/13 17/17/17 9/9/9 
f 17/17/17 18/18/18 9/9/9 
f 9/9/9 18/18/18 7/7/7 
f 18/18/18 19/19/19 7/7/7 
f 7/7/7 19/19/19 5/5/5 
f 19/19/19 5/5/5 5/5/5 
f 5/5/5 5/5/5 6/6/6 
f 5/5/5 6/6/6 6/6/6 
f 6/6/6 6/6/6 8/8/8 
f 6/6/6 20/20/20 8/8/8 
f 8/8/8 20/20/20 8/8/8 
f 20/20/20 21/21/21 8/8/8 
f 8/8/8 21/21/21 10/10/10 
f 21/21/21 10/10/10 10/10/10 
f 10/10/10 10/10/10 18/18/18 
f 10/10/10 18/18/18 18/18/18 
f 18/18/18 18/18/18 19/19/19 
f 18/18/18 17/17/17 19/19/19 
f 19/19/19 17/17/17 22/22/22 
f 17/17/17 16/16/16 22/22/22 
f 22/22/22 16/16/16 22/22/22 
f 16/16/16 23/23/23 22/22/22 
f 22/22/22 23/23/23 24/24/24 
f 23/23/23 25/25/25 24/24/24 
f 24/24/24 25/25/25 26/26/26 
f 25/25/25 27/27/27 26/26/26 
f 26/26/26 27/27/27 28/28/28 
f 27/27/27 27/27/27 28/28/28 
f 28/28/28 27/27/27 29/29/29 
f 27/27/27 30/30/30 29/29/29 
f 29/29/29 30/30/30 30/30/30 
f 30/30/30 23/23/23 30/30/30 
f 30/30/30 23/23/23 23/23/23 
f 23/23/23 31/31/31 23/23/23 
f 23/23/23 31/31/31 25/25/25 
f 31/31/31 25/25/25 25/25/25 
f 25/25/25 25/25/25 28/28/28 
f 25/25/25 28/28/28 28/28/28 
f 28/28/28 28/28/28 26/26/26 
f 28/28/28 32/32/32 26/26/26 
f 26/26/26 32/32/32 26/26/26 
f 32/32/32 33/33/33 26/26/26 
f 26/26/26 33/33/33 24/24/24 
f 33/33/33 34/34/34 24/24/24 
f 24/24/24 34/34/34 22/22/22 
f 34/34/34 34/34/34 22/22/22 
f 22/22/22 34/34/34 19/19/19 
f 34/34/34 34/34/34 19/19/19 
f 19/19/19 34/34/34 5/5/5 
f 34/34/34 34/34/34 5/5/5 
f 5/5/5 34/34/34 4/4/4 
f 34/34/34 33/33/33 4/4/4 
f 4/4/4 33/33/33 35/35/35 
f 33/33/33 32/32/32 35/35/35 
f 35/35/35 32/32/32 35/35/35 
f 32/32/32 36/36/36 35/35/35 
f 35/35/35 36/36/36 37/37/37 
f 36/36/36 38/38/38 37/37/37 
f 37/37/37 38/38/38 39/39/39 
f 38/38/38 39/39/39 39/39/39 
f 39/39/39 39/39/39 4/4/4 
f 39/39/39 4/4/4 4/4/4 
f 4/4/4 4/4/4 3/3/3 
f 4/4/4 35/35/35 3/3/3 
f 3/3/3 35/35/35 37/37/37 
f 35/35/35 37/37/37 37/37/37 
f 37/37/37 37/37/37 40/40/40 
f 37/37/37 40/40/40 40/40/40 
f 40/40/40 40/40/40 41/41/41 
f 40/40/40 42/42/42 41/41/41 
f 41/41/41 42/42/42 43/43/43 
f 42/42/42 44/44/44 43/43/43 
f 43/43/43 44/44/44 45/45/45 
f 44/44/44 46/46/46 45/45/45 
f 45/45/45 46/46/46 47/47/47 
f 46/46/46 48/48/48 47/47/47 
f 47/47/47 48/48/48 49/49/49 
f 48/48/48 50/50/50 49/49/49 
f 49/49/49 50/50/50 51/51/51 
f 50/50/50 52/52/52 51/51/51 
f 51/51/51 52/52/52 53/53/53 
f 52/52/52 52/52/52 53/53/53 
f 53/53/53 52/52/52 54/54/54 
f 52/52/52 55/55/55 54/54/54 
f 54/54/54 55/55/55 54/54/54 
f 55/55/55 56/56/56 54/54/54 
f 54/54/54 56/56/56 57/57/57 
f 56/56/56 58/58/58 57/57/57 
f 57/57/57 58/58/58 57/57/57 
f 58/58/58 59/59/59 57/57/57 
f 57/57/57 59/59/59 60/60/60 
f 59/59/59 61/61/61 60/60/60 
f 60/60/60 61/61/61 62/62/62 
f 61/61/61 63/63/63 62/62/62 
f 62/62/62 63/63/63 63/63/63 
f 63/63/63 62/62/62 63/63/63 
f 63/63/63 62/62/62 62/62/62 
f 62/62/62 64/64/64 62/62/62 
f 62/62/62 64/64/64 60/60/60 
f 64/64/64 65/65/65 60/60/60 
f 60/60/60 65/65/65 57/57/57 
f 65/65/65 65/65/65 57/57/57 
f 57/57/57 65/65/65 54/54/54 
f 65/65/65 66/66/66 54/54/54 
f 54/54/54 66/66/66 53/53/53 
f 66/66/66 66/66/66 53/53/53 
f 53/53/53 66/66/66 67/67/67 
f 66/66/66 68/68/68 67/67/67 
f 67/67/67 68/68/68 67/67/67 
f 68/68/68 69/69/69 67/67/67 
f 67/67/67 69/69/69 67/67/67 
f 69/69/69 70/70/70 67/67/67 
f 67/67/67 70/70/70 71/71/71 
f 70/70/70 72/72/72 71/71/71 
f 71/71/71 72/72/72 73/73/73 
f 72/72/72 74/74/74 73/73/73 
f 73/73/73 74/74/74 75/75/75 
f 74/74/74 76/76/76 75/75/75 
f 75/75/75 76/76/76 75/75/75 
f 76/76/76 77/77/77 75/75/75 
f 75/75/75 77/77/77 75/75/75 
f 77/77/77 45/45/45 75/75/75 
f 75/75/75 45/45/45 75/75/75 
f 45/45/45 47/47/47 75/75/75 
f 75/75/75 47/47/47 73/73/73 
f 47/47/47 49/49/49 73/73/73 
f 73/73/73 49/49/49 71/71/71 
f 49/49/49 51/51/51 71/71/71 
f 71/71/71 51/51/51 67/67/67 
f 51/51/51 53/53/53 67/67/67 
f 67/67/67 53/53/53 53/53/53 
f 53/53/53 66/66/66 53/53/53 
f 53/53/53 66/66/66 66/66/66 
f 66/66/66 65/65/65 66/66/66 
f 66/66/66 65/65/65 68/68/68 
f 65/65/65 64/64/64 68/68/68 
f 68/68/68 64/64/64 64/64/64 
f 64/64/64 45/45/45 64/64/64 
f 64/64/64 45/45/45 45/45/45 
f 45/45/45 77/77/77 45/45/45 
f 45/45/45 77/77/77 43/43/43 
f 77/77/77 78/78/78 43/43/43 
f 43/43/43 78/78/78 41/41/41 
f 78/78/78 79/79/79 41/41/41 
f 41/41/41 79/79/79 40/40/40 
f 79/79/79 40/40/40 40/40/40 
f 40/40/40 40/40/40 77/77/77 
f 40/40/40 77/77/77 77/77/77 
f 77/77/77 77/77/77 78/78/78 
f 77/77/77 80/80/80 78/78/78 
f 78/78/78 80/80/80 79/79/79 
f 80/80/80 81/81/81 79/79/79 
f 79/79/79 81/81/81 81/81/81 
f 81/81/81 82/82/82 81/81/81 
f 81/81/81 82/82/82 82/82/82 
f 82/82/82 83/83/83 82/82/82 
f 82/82/82 83/83/83 84/84/84 
f 83/83/83 83/83/83 84/84/84 
f 84/84/84 83/83/83 85/85/85 
f 83/83/83 86/86/86 85/85/85 
f 85/85/85 86/86/86 85/85/85 
f 86/86/86 87/87/87 85/85/85 
f 85/85/85 87/87/87 88/88/88 
f 87/87/87 89/89/89 88/88/88 
f 88/88/88 89/89/89 88/88/88 
f 89/89/89 90/90/90 88/88/88 
f 88/88/88 90/90/90 91/91/91 
f 90/90/90 92/92/92 91/91/91 
f 91/91/91 92/92/92 92/92/92 
f 92/92/92 82/82/82 92/92/92 
f 92/92/92 82/82/82 82/82/82 
f 82/82/82 93/93/93 82/82/82 
f 82/82/82 93/93/93 83/83/83 
f 93/93/93 86/86/86 83/83/83 
f 83/83/83 86/86/86 86/86/86 
f 86/86/86 87/87/87 86/86/86 
f 86/86/86 87/87/87 87/87/87 
f 87/87/87 94/94/94 87/87/87 
f 87/87/87 94/94/94 89/89/89 
f 94/94/94 89/89/89 89/89/89 
f 89/89/89 89/89/89 84/84/84 
f 89/89/89 84/84/84 84/84/84 
f 84/84/84 84/84/84 95/95/95 
f 84/84/84 85/85/85 95/95/95 
f 95/95/95 85/85/85 96/96/96 
f 85/85/85 88/88/88 96/96/96 
f 96/96/96 88/88/88 96/96/96 
f 88/88/88 91/91/91 96/96/96 
f 96/96/96 91/91/91 97/97/97 
f 91/91/91 91/91/91 97/97/97 
f 97/97/97 91/91/91 98/98/98 
f 91/91/91 92/92/92 98/98/98 
f 98/98/98 92/92/92 98/98/98 
f 92/92/92 99/99/99 98/98/98 
f 98/98/98 99/99/99 100/100/100 
f 99/99/99 101/101/101 100/100/100 
f 100/100/100 101/101/101 101/101/101 
f 101/101/101 95/95/95 101/101/101 
f 101/101/101 95/95/95 95/95/95 
f 95/95/95 96/96/96 95/95/95 
f 95/95/95 96/96/96 102/102/102 
f 96/96/96 97/97/97 102/102/102 
f 102/102/102 97/97/97 103/103/103 
f 97/97/97 104/104/104 103/103/103 
f 103/103/103 104/104/104 105/105/105 
f 104/104/104 106/106/106 105/105/105 
f 105/105/105 106/106/106 107/107/107 
f 106/106/106 106/106/106 107/107/107 
f 107/107/107 106/106/106 108/108/108 
f 106/106/106 106/106/106 108/108/108 
f 108/108/108 106/106/106 109/109/109 
f 106/106/106 110/110/110 109/109/109 
f 109/109/109 110/110/110 111/111/111 
f 110/110/110 101/101/101 111/111/111 
f 111/111/111 101/101/101 111/111/111 
f 101/101/101 112/112/112 111/111/111 
f 111/111/111 112/112/112 111/111/111 
f 112/112/112 113/113/113 111/111/111 
f 111/111/111 113/113/113 114/114/114 
f 113/113/113 115/115/115 114/114/114 
f 114/114/114 115/115/115 114/114/114 
f 115/115/115 116/116/116 114/114/114 
f 114/114/114 116/116/116 117/117/117 
f 116/116/116 118/118/118 117/117/117 
f 117/117/117 118/118/118 119/119/119 
f 118/118/118 120/120/120 119/119/119 
f 119/119/119 120/120/120 120/120/120 
f 120/120/120 97/97/97 120/120/120 
f 120/120/120 97/97/97 97/97/97 
f 97/97/97 98/98/98 97/97/97 
f 97/97/97 98/98/98 104/104/104 
f 98/98/98 100/100/100 104/104/104 
f 104/104/104 100/100/100 106/106/106 
f 100/100/100 100/100/100 106/106/106 
f 106/106/106 100/100/100 110/110/110 
f 100/100/100 101/101/101 110/110/110 
f 110/110/110 101/101/101 101/101/101 
f 101/101/101 119/119/119 101/101/101 
f 101/101/101 119/119/119 119/119/119 
f 119/119/119 121/121/121 119/119/119 
f 119/119/119 121/121/121 117/117/117 
f 121/121/121 122/122/122 117/117/117 
f 117/117/117 122/122/122 114/114/114 
f 122/122/122 122/122/122 114/114/114 
f 114/114/114 122/122/122 111/111/111 
f 122/122/122 122/122/122 111/111/111 
f 111/111/111 122/122/122 109/109/109 
f 122/122/122 122/122/122 109/109/109 
f 109/109/109 122/122/122 108/108/108 
f 122/122/122 121/121/121 108/108/108 
f 108/108/108 121/121/121 121/121/121 
f 121/121/121 123/123/123 121/121/121 
f 121/121/121 123/123/123 123/123/123 
f 123/123/123 124/124/124 123/123/123 
f 123/123/123 124/124/124 125/125/125 
f 124/124/124 124/124/124 125/125/125 
f 125/125/125 124/124/124 126/126/126 
f 124/124/124 127/127/127 126/126/126 
f 126/126/126 127/127/127 127/127/127 
f 127/127/127 123/123/123 127/127/127 
f 127/127/127 123/123/123 123/123/123 
f 123/123/123 128/128/128 123/123/123 
f 123/123/123 128/128/128 124/124/124 
f 128/128/128 128/128/128 124/124/124 
f 124/124/124 128/128/128 129/129/129 
f 128/128/128 130/130/130 129/129/129 
f 129/129/129 130/130/130 131/131/131 
f 130/130/130 132/132/132 131/131/131 
f 131/131/131 132/132/132 131/131/131 
f 132/132/132 133/133/133 131/131/131 
f 131/131/131 133/133/133 131/131/131 
f 133/133/133 134/134/134 131/131/131 
f 131/131/131 134/134/134 131/131/131 
f 134/134/134 135/135/135 131/131/131 
f 131/131/131 135/135/135 129/129/129 
f 135/135/135 136/136/136 129/129/129 
f 129/129/129 136/136/136 124/124/124 
f 136/136/136 136/136/136 124/124/124 
f 124/124/124 136/136/136 127/127/127 
f 136/136/136 136/136/136 127/127/127 
f 127/127/127 136/136/136 137/137/137 
f 136/136/136 138/138/138 137/137/137 
f 137/137/137 138/138/138 139/139/139 
f 138/138/138 138/138/138 139/139/139 
f 139/139/139 138/138/138 140/140/140 
f 138/138/138 141/141/141 140/140/140 
f 140/140/140 141/141/141 142/142/142 
f 141/141/141 143/143/143 142/142/142 
f 142/142/142 143/143/143 144/144/144 
f 143/143/143 145/145/145 144/144/144 
f 144/144/144 145/145/145 146/146/146 
f 145/145/145 146/146/146 146/146/146 
f 146/146/146 146/146/146 136/136/136 
f 146/146/146 136/136/136 136/136/136 
f 136/136/136 136/136/136 138/138/138 
f 136/136/136 135/135/135 138/138/138 
f 138/138/138 135/135/135 141/141/141 
f 135/135/135 134/134/134 141/141/141 
f 141/141/141 134/134/134 143/143/143 
f 134/134/134 147/147/147 143/143/143 
f 143/143/143 147/147/147 145/145/145 
f 147/147/147 145/145/145 145/145/145 
f 145/145/145 145/145/145 134/134/134 
f 145/145/145 134/134/134 134/134/134 
f 134/134/134 134/134/134 147/147/147 
f 134/134/134 133/133/133 147/147/147 
f 147/147/147 133/133/133 148/148/148 
f 133/133/133 149/149/149 148/148/148 
f 148/148/148 149/149/149 148/148/148 
f 149/149/149 150/150/150 148/148/148 
f 148/148/148 150/150/150 148/148/148 
f 150/150/150 151/151/151 148/148/148 
f 148/148/148 151/151/151 152/152/152 
f 151/151/151 153/153/153 152/152/152 
f 152/152/152 153/153/153 154/154/154 
f 153/153/153 153/153/153 154/154/154 
f 154/154/154 153/153/153 155/155/155 
f 153/153/153 156/156/156 155/155/155 
f 155/155/155 156/156/156 157/157/157 
f 156/156/156 157/157/157 157/157/157 
f 157/157/157 157/157/157 148/148/148 
f 157/157/157 148/148/148 148/148/148 
f 148/148/148 148/148/148 147/147/147 
f 148/148/148 152/152/152 147/147/147 
f 147/147/147 152/152/152 145/145/145 
f 152/152/152 152/152/152 145/145/145 
f 145/145/145 152/152/152 146/146/146 
f 152/152/152 152/152/152 146/146/146 
f 146/146/146 152/152/152 158/158/158 
f 152/152/152 154/154/154 158/158/158 
f 158/158/158 154/154/154 154/154/154 
f 154/154/154 153/153/153 154/154/154 
f 154/154/154 153/153/153 153/153/153 
f 153/153/153 151/151/151 153/153/153 
f 153/153/153 151/151/151 156/156/156 
f 151/151/151 151/151/151 156/156/156 
f 156/156/156 151/151/151 159/159/159 
f 151/151/151 150/150/150 159/159/159 
f 159/159/159 150/150/150 160/160/160 
f 150/150/150 161/161/161 160/160/160 
f 160/160/160 161/161/161 160/160/160 
f 161/161/161 162/162/162 160/160/160 
f 160/160/160 162/162/162 163/163/163 
f 162/162/162 164/164/164 163/163/163 
f 163/163/163 164/164/164 165/165/165 
f 164/164/164 166/166/166 165/165/165 
f 165/165/165 166/166/166 165/165/165 
f 166/166/166 167/167/167 165/165/165 
f 165/165/165 167/167/167 165/165/165 
f 167/167/167 168/168/168 165/165/165 
f 165/165/165 168/168/168 165/165/165 
f 168/168/168 169/169/169 165/165/165 
f 165/165/165 169/169/169 170/170/170 
f 169/169/169 171/171/171 170/170/170 
f 170/170/170 171/171/171 171/171/171 
f 171/171/171 165/165/165 171/171/171 
f 171/171/171 165/165/165 165/165/165 
f 165/165/165 170/170/170 165/165/165 
f 165/165/165 170/170/170 163/163/163 
f 170/170/170 172/172/172 163/163/163 
f 163/163/163 172/172/172 160/160/160 
f 172/172/172 172/172/172 160/160/160 
f 160/160/160 172/172/172 159/159/159 
f 172/172/172 173/173/173 159/159/159 
f 159/159/159 173/173/173 156/156/156 
f 173/173/173 173/173/173 156/156/156 
f 156/156/156 173/173/173 157/157/157 
f 173/173/173 173/173/173 157/157/157 
f 157/157/157 173/173/173 174/174/174 
f 173/173/173 175/175/175 174/174/174 
f 174/174/174 175/175/175 176/176/176 
f 175/175/175 175/175/175 176/176/176 
f 176/176/176 175/175/175 171/171/171 
f 175/175/175 175/175/175 171/171/171 
f 171/171/171 175/175/175 170/170/170 
f 175/175/175 175/175/175 170/170/170 
f 170/170/170 175/175/175 172/172/172 
f 175/175/175 173/173/173 172/172/172 
f 172/172/172 173/173/173 173/173/173 
f 173/173/173 177/177/177 173/173/173 
f 173/173/173 177/177/177 177/177/177 
f 177/177/177 178/178/178 177/177/177 
f 177/177/177 178/178/178 179/179/179 
f 178/178/178 180/180/180 179/179/179 
f 179/179/179 180/180/180 181/181/181 
f 180/180/180 181/181/181 181/181/181 
f 181/181/181 181/181/181 177/177/177 
f 181/181/181 177/177/177 177/177/177 
f 177/177/177 177/177/177 182/182/182 
f 177/177/177 179/179/179 182/182/182 
f 182/182/182 179/179/179 182/182/182 
f 179/179/179 183/183/183 182/182/182 
f 182/182/182 183/183/183 184/184/184 
f 183/183/183 185/185/185 184/184/184 
f 184/184/184 185/185/185 186/186/186 
f 185/185/185 185/185/185 186/186/186 
f 186/186/186 185/185/185 187/187/187 
f 185/185/185 188/188/188 187/187/187 
f 187/187/187 188/188/188 189/189/189 
f 188/188/188 190/190/190 189/189/189 
f 189/189/189 190/190/190 191/191/191 
f 190/190/190 191/191/191 191/191/191 
f 191/191/191 191/191/191 190/190/190 
f 191/191/191 190/190/190 190/190/190 
f 190/190/190 190/190/190 192/192/192 
f 190/190/190 188/188/188 192/192/192 
f 192/192/192 188/188/188 193/193/193 
f 188/188/188 185/185/185 193/193/193 
f 193/193/193 185/185/185 193/193/193 
f 185/185/185 183/183/183 193/193/193 
f 193/193/193 183/183/183 194/194/194 
f 183/183/183 179/179/179 194/194/194 
f 194/194/194 179/179/179 194/194/194 
f 179/179/179 181/181/181 194/194/194 
f 194/194/194 181/181/181 194/194/194 
f 181/181/181 195/195/195 194/194/194 
f 194/194/194 195/195/195 194/194/194 
f 195/195/195 196/196/196 194/194/194 
f 194/194/194 196/196/196 193/193/193 
f 196/196/196 192/192/192 193/193/193 
f 193/193/193 192/192/192 192/192/192 
f 192/192/192 197/197/197 192/192/192 
f 192/192/192 197/197/197 197/197/197 
f 197/197/197 198/198/198 197/197/197 
f 197/197/197 198/198/198 199/199/199 
f 198/198/198 198/198/198 199/199/199 
f 199/199/199 198/198/198 200/200/200 
f 198/198/198 201/201/201 200/200/200 
f 200/200/200 201/201/201 201/201/201 
f 201/201/201 197/197/197 201/201/201 
f 201/201/201 197/197/197 197/197/197 
f 197/197/197 202/202/202 197/197/197 
f 197/197/197 202/202/202 198/198/198 
f 202/202/202 202/202/202 198/198/198 
f 198/198/198 202/202/202 203/203/203 
f 202/202/202 204/204/204 203/203/203 
f 203/203/203 204/204/204 205/205/205 
f 204/204/204 206/206/206 205/205/205 
f 205/205/205 206/206/206 207/207/207 
f 206/206/206 206/206/206 207/207/207 
f 207/207/207 206/206/206 208/208/208 
f 206/206/206 209/209/209 208/208/208 
f 208/208/208 209/209/209 208/208/208 
f 209/209/209 210/210/210 208/208/208 
f 208/208/208 210/210/210 211/211/211 
f 210/210/210 210/210/210 211/211/211 
f 211/211/211 210/210/210 212/212/212 
f 210/210/210 213/213/213 212/212/212 
f 212/212/212 213/213/213 214/214/214 
f 213/213/213 215/215/215 214/214/214 
f 214/214/214 215/215/215 216/216/216 
f 215/215/215 217/217/217 216/216/216 
f 216/216/216 217/217/217 216/216/216 
f 217/217/217 218/218/218 216/216/216 
f 216/216/216 218/218/218 216/216/216 
f 218/218/218 219/219/219 216/216/216 
f 216/216/216 219/219/219 216/216/216 
f 219/219/219 220/220/220 216/216/216 
f 216/216/216 220/220/220 221/221/221 
f 220/220/220 222/222/222 221/221/221 
f 221/221/221 222/222/222 222/222/222 
f 222/222/222 216/216/216 222/222/222 
f 222/222/222 216/216/216 216/216/216 
f 216/216/216 221/221/221 216/216/216 
f 216/216/216 221/221/221 214/214/214 
f 221/221/221 223/223/223 214/214/214 
f 214/214/214 223/223/223 212/212/212 
f 223/223/223 224/224/224 212/212/212 
f 212/212/212 224/224/224 211/211/211 
f 224/224/224 225/225/225 211/211/211 
f 211/211/211 225/225/225 226/226/226 
f 225/225/225 227/227/227 226/226/226 
f 226/226/226 227/227/227 226/226/226 
f 227/227/227 228/228/228 226/226/226 
f 226/226/226 228/228/228 226/226/226 
f 228/228/228 207/207/207 226/226/226 
f 226/226/226 207/207/207 226/226/226 
f 207/207/207 208/208/208 226/226/226 
f 226/226/226 208/208/208 211/211/211 
f 208/208/208 211/211/211 211/211/211 
f 211/211/211 211/211/211 227/227/227 
f 211/211/211 227/227/227 227/227/227 
f 227/227/227 227/227/227 229/229/229 
f 227/227/227 225/225/225 229/229/229 
f 229/229/229 225/225/225 230/230/230 
f 225/225/225 224/224/224 230/230/230 
f 230/230/230 224/224/224 231/231/231 
f 224/224/224 223/223/223 231/231/231 
f 231/231/231 223/223/223 232/232/232 
f 223/223/223 221/221/221 232/232/232 
f 232/232/232 221/221/221 232/232/232 
f 221/221/221 222/222/222 232/232/232 
f 232/232/232 222/222/222 232/232/232 
f 222/222/222 233/233/233 232/232/232 
f 232/232/232 233/233/233 232/232/232 
f 233/233/233 234/234/234 232/232/232 
f 232/232/232 234/234/234 231/231/231 
f 234/234/234 235/235/235 231/231/231 
f 231/231/231 235/235/235 230/230/230 
f 235/235/235 236/236/236 230/230/230 
f 230/230/230 236/236/236 229/229/229 
f 236/236/236 237/237/237 229/229/229 
f 229/229/229 237/237/237 237/237/237 
f 237/237/237 227/227/227 237/237/237 
f 237/237/237 227/227/227 227/227/227 
f 227/227/227 238/238/238 227/227/227 
f 227/227/227 238/238/238 228/228/228 
f 238/238/238 239/239/239 228/228/228 
f 228/228/228 239/239/239 240/240/240 
f 239/239/239 239/239/239 240/240/240 
f 240/240/240 239/239/239 241/241/241 
f 239/239/239 242/242/242 241/241/241 
f 241/241/241 242/242/242 243/243/243 
f 242/242/242 243/243/243 243/243/243 
f 243/243/243 243/243/243 244/244/244 
f 243/243/243 244/244/244 244/244/244 
f 244/244/244 244/244/244 238/238/238 
f 244/244/244 245/245/245 238/238/238 
f 238/238/238 245/245/245 239/239/239 
f 245/245/245 242/242/242 239/239/239 
f 239/239/239 242/242/242 242/242/242 
f 242/242/242 228/228/228 242/242/242 
f 242/242/242 228/228/228 228/228/228 
f 228/228/228 240/240/240 228/228/228 
f 228/228/228 240/240/240 207/207/207 
f 240/240/240 240/240/240 207/207/207 
f 207/207/207 240/240/240 205/205/205 
f 240/240/240 246/246/246 205/205/205 
f 205/205/205 246/246/246 203/203/203 
f 246/246/246 203/203/203 203/203/203 
f 203/203/203 203/203/203 240/240/240 
f 203/203/203 240/240/240 240/240/240 
f 240/240/240 240/240/240 246/246/246 
f 240/240/240 241/241/241 246/246/246 
f 246/246/246 241/241/241 247/247/247 
f 241/241/241 243/243/243 247/247/247 
f 247/247/247 243/243/243 247/247/247 
f 243/243/243 248/248/248 247/247/247 
f 247/247/247 248/248/248 247/247/247 
f 248/248/248 249/249/249 247/247/247 
f 247/247/247 249/249/249 250/250/250 
f 249/249/249 201/201/201 250/250/250 
f 250/250/250 201/201/201 250/250/250 
f 201/201/201 198/198/198 250/250/250 
f 250/250/250 198/198/198 250/250/250 
f 198/198/198 203/203/203 250/250/250 
f 250/250/250 203/203/203 250/250/250 
f 203/203/203 246/246/246 250/250/250 
f 250/250/250 246/246/246 247/247/247 
f 246/246/246 247/247/247 247/247/247 
f 247/247/247 247/247/247 251/251/251 
f 247/247/247 251/251/251 251/251/251 
f 251/251/251 251/251/251 252/252/252 
f 251/251/251 253/253/253 252/252/252 
f 252/252/252 253/253/253 252/252/252 
f 253/253/253 254/254/254 252/252/252 
f 252/252/252 254/254/254 255/255/255 
f 254/254/254 255/255/255 255/255/255 
f 255/255/255 255/255/255 251/251/251 
f 255/255/255 251/251/251 251/251/251 
f 251/251/251 251/251/251 256/256/256 
f 251/251/251 252/252/252 256/256/256 
f 256/256/256 252/252/252 256/256/256 
f 252/252/252 257/257/257 256/256/256 
f 256/256/256 257/257/257 258/258/258 
f 257/257/257 259/259/259 258/258/258 
f 258/258/258 259/259/259 260/260/260 
f 259/259/259 259/259/259 260/260/260 
f 260/260/260 259/259/259 261/261/261 
f 259/259/259 262/262/262 261/261/261 
f 261/261/261 262/262/262 263/263/263 
f 262/262/262 264/264/264 263/263/263 
f 263/263/263 264/264/264 265/265/265 
f 264/264/264 265/265/265 265/265/265 
f 265/265/265 265/265/265 264/264/264 
f 265/265/265 264/264/264 264/264/264 
f 264/264/264 264/264/264 266/266/266 
f 264/264/264 262/262/262 266/266/266 
f 266/266/266 262/262/262 267/267/267 
f 262/262/262 259/259/259 267/267/267 
f 267/267/267 259/259/259 267/267/267 
f 259/259/259 257/257/257 267/267/267 
f 267/267/267 257/257/257 268/268/268 
f 257/257/257 252/252/252 268/268/268 
f 268/268/268 252/252/252 268/268/268 
f 252/252/252 255/255/255 268/268/268 
f 268/268/268 255/255/255 268/268/268 
f 255/255/255 269/269/269 268/268/268 
f 268/268/268 269/269/269 268/268/268 
f 269/269/269 270/270/270 268/268/268 
f 268/268/268 270/270/270 267/267/267 
f 270/270/270 266/266/266 267/267/267 
f 267/267/267 266/266/266 266/266/266 
f 266/266/266 271/271/271 266/266/266 
f 266/266/266 271/271/271 271/271/271 
f 271/271/271 272/272/272 271/271/271 
f 271/271/271 272/272/272 273/273/273 
f 272/272/272 274/274/274 273/273/273 
f 273/273/273 274/274/274 275/275/275 
f 274/274/274 276/276/276 275/275/275 
f 275/275/275 276/276/276 277/277/277 
f 276/276/276 276/276/276 277/277/277 
f 277/277/277 276/276/276 278/278/278 
f 276/276/276 276/276/276 278/278/278 
f 278/278/278 276/276/276 279/279/279 
f 276/276/276 280/280/280 279/279/279 
f 279/279/279 280/280/280 281/281/281 
f 280/280/280 282/282/282 281/281/281 
f 281/281/281 282/282/282 281/281/281 
f 282/282/282 283/283/283 281/281/281 
f 281/281/281 283/283/283 284/284/284 
f 283/283/283 285/285/285 284/284/284 
f 284/284/284 285/285/285 286/286/286 
f 285/285/285 287/287/287 286/286/286 
f 286/286/286 287/287/287 287/287/287 
f 287/287/287 273/273/273 287/287/287 
f 287/287/287 273/273/273 273/273/273 
f 273/273/273 275/275/275 273/273/273 
f 273/273/273 275/275/275 271/271/271 
f 275/275/275 271/271/271 271/271/271 
f 271/271/271 271/271/271 276/276/276 
f 271/271/271 276/276/276 276/276/276 
f 276/276/276 276/276/276 280/280/280 
f 276/276/276 274/274/274 280/280/280 
f 280/280/280 274/274/274 288/288/288 
f 274/274/274 272/272/272 288/288/288 
f 288/288/288 272/272/272 272/272/272 
f 272/272/272 288/288/288 272/272/272 
f 272/272/272 288/288/288 288/288/288 
f 288/288/288 282/282/282 288/288/288 
f 288/288/288 282/282/282 280/280/280 
f 282/282/282 280/280/280 280/280/280 
f 280/280/280 280/280/280 289/289/289 
f 280/280/280 289/289/289 289/289/289 
f 289/289/289 289/289/289 290/290/290 
f 289/289/289 284/284/284 290/290/290 
f 290/290/290 284/284/284 290/290/290 
f 284/284/284 286/286/286 290/290/290 
f 290/290/290 286/286/286 291/291/291 
f 286/286/286 292/292/292 291/291/291 
f 291/291/291 292/292/292 293/293/293 
f 292/292/292 294/294/294 293/293/293 
f 293/293/293 294/294/294 295/295/295 
f 294/294/294 296/296/296 295/295/295 
f 295/295/295 296/296/296 297/297/297 
f 296/296/296 298/298/298 297/297/297 
f 297/297/297 298/298/298 299/299/299 
f 298/298/298 292/292/292 299/299/299 
f 299/299/299 292/292/292 287/287/287 
f 292/292/292 286/286/286 287/287/287 
f 287/287/287 286/286/286 286/286/286 
f 286/286/286 292/292/292 286/286/286 
f 286/286/286 292/292/292 292/292/292 
f 292/292/292 298/298/298 292/292/292 
f 292/292/292 298/298/298 294/294/294 
f 298/298/298 296/296/296 294/294/294 
f 294/294/294 296/296/296 296/296/296 
f 296/296/296 295/295/295 296/296/296 
f 296/296/296 295/295/295 295/295/295 
f 295/295/295 297/297/297 295/295/295 
f 295/295/295 297/297/297 300/300/300 
f 297/297/297 297/297/297 300/300/300 
f 300/300/300 297/297/297 301/301/301 
f 297/297/297 302/302/302 301/301/301 
f 301/301/301 302/302/302 303/303/303 
f 302/302/302 304/304/304 303/303/303 
f 303/303/303 304/304/304 288/288/288 
f 304/304/304 304/304/304 288/288/288 
f 288/288/288 304/304/304 282/282/282 
f 304/304/304 304/304/304 282/282/282 
f 282/282/282 304/304/304 299/299/299 
f 304/304/304 304/304/304 299/299/299 
f 299/299/299 304/304/304 297/297/297 
f 304/304/304 302/302/302 297/297/297 
f 297/297/297 302/302/302 302/302/302 
f 302/302/302 303/303/303 302/302/302 
f 302/302/302 303/303/303 303/303/303 
f 303/303/303 288/288/288 303/303/303 
f 303/303/303 288/288/288 272/272/272 
f 288/288/288 272/272/272 272/272/272 
f 272/272/272 272/272/272 305/305/305 
f 272/272/272 305/305/305 305/305/305 
f 305/305/305 305/305/305 306/306/306 
f 305/305/305 307/307/307 306/306/306 
f 306/306/306 307/307/307 308/308/308 
f 307/307/307 309/309/309 308/308/308 
f 308/308/308 309/309/309 310/310/310 
f 309/309/309 311/311/311 310/310/310 
f 310/310/310 311/311/311 312/312/312 
f 311/311/311 311/311/311 312/312/312 
f 312/312/312 311/311/311 305/305/305 
f 311/311/311 311/311/311 305/305/305 
f 305/305/305 311/311/311 307/307/307 
f 311/311/311 309/309/309 307/307/307 
f 307/307/307 309/309/309 309/309/309 
f 309/309/309 313/313/313 309/309/309 
f 309/309/309 313/313/313 313/313/313 
f 313/313/313 314/314/314 313/313/313 
f 313/313/313 314/314/314 315/315/315 
f 314/314/314 316/316/316 315/315/315 
f 315/315/315 316/316/316 317/317/317 
f 316/316/316 318/318/318 317/317/317 
f 317/317/317 318/318/318 317/317/317 
f 318/318/318 319/319/319 317/317/317 
f 317/317/317 319/319/319 320/320/320 
f 319/319/319 321/321/321 320/320/320 
f 320/320/320 321/321/321 322/322/322 
f 321/321/321 322/322/322 322/322/322 
f 322/322/322 322/322/322 323/323/323 
f 322/322/322 323/323/323 323/323/323 
f 323/323/323 323/323/323 324/324/324 
f 323/323/323 325/325/325 324/324/324 
f 324/324/324 325/325/325 326/326/326 
f 325/325/325 327/327/327 326/326/326 
f 326/326/326 327/327/327 328/328/328 
f 327/327/327 327/327/327 328/328/328 
f 328/328/328 327/327/327 314/314/314 
f 327/327/327 316/316/316 314/314/314 
f 314/314/314 316/316/316 316/316/316 
f 316/316/316 319/319/319 316/316/316 
f 316/316/316 319/319/319 319/319/319 
f 319/319/319 329/329/329 319/319/319 
f 319/319/319 329/329/329 321/321/321 
f 329/329/329 329/329/329 321/321/321 
f 321/321/321 329/329/329 330/330/330 
f 329/329/329 329/329/329 330/330/330 
f 330/330/330 329/329/329 331/331/331 
f 329/329/329 332/332/332 331/331/331 
f 331/331/331 332/332/332 333/333/333 
f 332/332/332 332/332/332 333/333/333 
f 333/333/333 332/332/332 334/334/334 
f 332/332/332 335/335/335 334/334/334 
f 334/334/334 335/335/335 336/336/336 
f 335/335/335 323/323/323 336/336/336 
f 336/336/336 323/323/323 337/337/337 
f 323/323/323 337/337/337 337/337/337 
f 337/337/337 337/337/337 336/336/336 
f 337/337/337 336/336/336 336/336/336 
f 336/336/336 336/336/336 334/334/334 
f 336/336/336 338/338/338 334/334/334 
f 334/334/334 338/338/338 338/338/338 
f 338/338/338 323/323/323 338/338/338 
f 338/338/338 323/323/323 323/323/323 
f 323/323/323 335/335/335 323/323/323 
f 323/323/323 335/335/335 325/325/325 
f 335/335/335 339/339/339 325/325/325 
f 325/325/325 339/339/339 327/327/327 
f 339/339/339 339/339/339 327/327/327 
f 327/327/327 339/339/339 316/316/316 
f 339/339/339 339/339/339 316/316/316 
f 316/316/316 339/339/339 318/318/318 
f 339/339/339 339/339/339 318/318/318 
f 318/318/318 339/339/339 319/319/319 
f 339/339/339 339/339/339 319/319/319 
f 319/319/319 339/339/339 329/329/329 
f 339/339/339 339/339/339 329/329/329 
f 329/329/329 339/339/339 332/332/332 
f 339/339/339 335/335/335 332/332/332 
f 332/332/332 335/335/335 335/335/335 
f 335/335/335 340/340/340 335/335/335 
f 335/335/335 340/340/340 340/340/340 
f 340/340/340 338/338/338 340/340/340 
f 340/340/340 338/338/338 341/341/341 
f 338/338/338 338/338/338 341/341/341 
f 341/341/341 338/338/338 342/342/342 
f 338/338/338 343/343/343 342/342/342 
f 342/342/342 343/343/343 344/344/344 
f 343/343/343 343/343/343 344/344/344 
f 344/344/344 343/343/343 345/345/345 
f 343/343/343 337/337/337 345/345/345 
f 345/345/345 337/337/337 346/346/346 
f 337/337/337 347/347/347 346/346/346 
f 346/346/346 347/347/347 347/347/347 
f 347/347/347 338/338/338 347/347/347 
f 347/347/347 338/338/338 338/338/338 
f 338/338/338 336/336/336 338/338/338 
f 338/338/338 336/336/336 343/343/343 
f 336/336/336 337/337/337 343/343/343 
f 343/343/343 337/337/337 337/337/337 
f 337/337/337 348/348/348 337/337/337 
f 337/337/337 348/348/348 348/348/348 
f 348/348/348 349/349/349 348/348/348 
f 348/348/348 349/349/349 350/350/350 
f 349/349/349 351/351/351 350/350/350 
f 350/350/350 351/351/351 352/352/352 
f 351/351/351 353/353/353 352/352/352 
f 352/352/352 353/353/353 354/354/354 
f 353/353/353 355/355/355 354/354/354 
f 354/354/354 355/355/355 356/356/356 
f 355/355/355 357/357/357 356/356/356 
f 356/356/356 357/357/357 358/358/358 
f 357/357/357 359/359/359 358/358/358 
f 358/358/358 359/359/359 360/360/360 
f 359/359/359 361/361/361 360/360/360 
f 360/360/360 361/361/361 360/360/360 
f 361/361/361 362/362/362 360/360/360 
f 360/360/360 362/362/362 363/363/363 
f 362/362/362 362/362/362 363/363/363 
f 363/363/363 362/362/362 364/364/364 
f 362/362/362 365/365/365 364/364/364 
f 364/364/364 365/365/365 366/366/366 
f 365/365/365 365/365/365 366/366/366 
f 366/366/366 365/365/365 367/367/367 
f 365/365/365 368/368/368 367/367/367 
f 367/367/367 368/368/368 369/369/369 
f 368/368/368 370/370/370 369/369/369 
f 369/369/369 370/370/370 371/371/371 
f 370/370/370 371/371/371 371/371/371 
f 371/371/371 371/371/371 370/370/370 
f 371/371/371 370/370/370 370/370/370 
f 370/370/370 370/370/370 372/372/372 
f 370/370/370 368/368/368 372/372/372 
f 372/372/372 368/368/368 373/373/373 
f 368/368/368 365/365/365 373/373/373 
f 373/373/373 365/365/365 373/373/373 
f 365/365/365 362/362/362 373/373/373 
f 373/373/373 362/362/362 374/374/374 
f 362/362/362 361/361/361 374/374/374 
f 374/374/374 361/361/361 374/374/374 
f 361/361/361 375/375/375 374/374/374 
f 374/374/374 375/375/375 376/376/376 
f 375/375/375 375/375/375 376/376/376 
f 376/376/376 375/375/375 377/377/377 
f 375/375/375 375/375/375 377/377/377 
f 377/377/377 375/375/375 378/378/378 
f 375/375/375 379/379/379 378/378/378 
f 378/378/378 379/379/379 380/380/380 
f 379/379/379 381/381/381 380/380/380 
f 380/380/380 381/381/381 382/382/382 
f 381/381/381 383/383/383 382/382/382 
f 382/382/382 383/383/383 384/384/384 
f 383/383/383 383/383/383 384/384/384 
f 384/384/384 383/383/383 385/385/385 
f 383/383/383 383/383/383 385/385/385 
f 385/385/385 383/383/383 353/353/353 
f 383/383/383 383/383/383 353/353/353 
f 353/353/353 383/383/383 355/355/355 
f 383/383/383 381/381/381 355/355/355 
f 355/355/355 381/381/381 357/357/357 
f 381/381/381 379/379/379 357/357/357 
f 357/357/357 379/379/379 359/359/359 
f 379/379/379 375/375/375 359/359/359 
f 359/359/359 375/375/375 361/361/361 
f 375/375/375 361/361/361 361/361/361 
f 361/361/361 361/361/361 374/374/374 
f 361/361/361 374/374/374 374/374/374 
f 374/374/374 374/374/374 373/373/373 
f 374/374/374 376/376/376 373/373/373 
f 373/373/373 376/376/376 372/372/372 
f 376/376/376 372/372/372 372/372/372 
f 372/372/372 372/372/372 353/353/353 
f 372/372/372 353/353/353 353/353/353 
f 353/353/353 353/353/353 385/385/385 
f 353/353/353 351/351/351 385/385/385 
f 385/385/385 351/351/351 386/386/386 
f 351/351/351 349/349/349 386/386/386 
f 386/386/386 349/349/349 387/387/387 
f 349/349/349 348/348/348 387/387/387 
f 387/387/387 348/348/348 348/348/348 
f 348/348/348 385/385/385 348/348/348 
f 348/348/348 385/385/385 385/385/385 
f 385/385/385 386/386/386 385/385/385 
f 385/385/385 386/386/386 388/388/388 
f 386/386/386 387/387/387 388/388/388 
f 388/388/388 387/387/387 389/389/389 
f 387/387/387 389/389/389 389/389/389 
f 389/389/389 389/389/389 390/390/390 
f 389/389/389 390/390/390 390/390/390 
f 390/390/390 390/390/390 391/391/391 
f 390/390/390 392/392/392 391/391/391 
f 391/391/391 392/392/392 391/391/391 
f 392/392/392 393/393/393 391/391/391 
f 391/391/391 393/393/393 394/394/394 
f 393/393/393 393/393/393 394/394/394 
f 394/394/394 393/393/393 395/395/395 
f 393/393/393 396/396/396 395/395/395 
f 395/395/395 396/396/396 397/397/397 
f 396/396/396 396/396/396 397/397/397 
f 397/397/397 396/396/396 398/398/398 
f 396/396/396 399/399/399 398/398/398 
f 398/398/398 399/399/399 400/400/400 
f 399/399/399 400/400/400 400/400/400 
f 400/400/400 400/400/400 390/390/390 
f 400/400/400 390/390/390 390/390/390 
f 390/390/390 390/390/390 401/401/401 
f 390/390/390 391/391/391 401/401/401 
f 401/401/401 391/391/391 394/394/394 
f 391/391/391 394/394/394 394/394/394 
f 394/394/394 394/394/394 395/395/395 
f 394/394/394 395/395/395 395/395/395 
f 395/395/395 395/395/395 402/402/402 
f 395/395/395 397/397/397 402/402/402 
f 402/402/402 397/397/397 397/397/397 
f 397/397/397 392/392/392 397/397/397 
f 397/397/397 392/392/392 392/392/392 
f 392/392/392 403/403/403 392/392/392 
f 392/392/392 403/403/403 393/393/393 
f 403/403/403 404/404/404 393/393/393 
f 393/393/393 404/404/404 396/396/396 
f 404/404/404 404/404/404 396/396/396 
f 396/396/396 404/404/404 399/399/399 
f 404/404/404 405/405/405 399/399/399 
f 399/399/399 405/405/405 399/399/399 
f 405/405/405 406/406/406 399/399/399 
f 399/399/399 406/406/406 400/400/400 
f 406/406/406 406/406/406 400/400/400 
f 400/400/400 406/406/406 407/407/407 
f 406/406/406 408/408/408 407/407/407 
f 407/407/407 408/408/408 409/409/409 
f 408/408/408 409/409/409 409/409/409 
f 409/409/409 409/409/409 403/403/403 
f 409/409/409 403/403/403 403/403/403 
f 403/403/403 403/403/403 404/404/404 
f 403/403/403 410/410/410 404/404/404 
f 404/404/404 410/410/410 405/405/405 
f 410/410/410 411/411/411 405/405/405 
f 405/405/405 411/411/411 412/412/412 
f 411/411/411 413/413/413 412/412/412 
f 412/412/412 413/413/413 414/414/414 
f 413/413/413 415/415/415 414/414/414 
f 414/414/414 415/415/415 414/414/414 
f 415/415/415 416/416/416 414/414/414 
f 414/414/414 416/416/416 414/414/414 
f 416/416/416 417/417/417 414/414/414 
f 414/414/414 417/417/417 418/418/418 
f 417/417/417 419/419/419 418/418/418 
f 418/418/418 419/419/419 409/409/409 
f 419/419/419 419/419/419 409/409/409 
f 409/409/409 419/419/419 420/420/420 
f 419/419/419 419/419/419 420/420/420 
f 420/420/420 419/419/419 421/421/421 
f 419/419/419 422/422/422 421/421/421 
f 421/421/421 422/422/422 423/423/423 
f 422/422/422 422/422/422 423/423/423 
f 423/423/423 422/422/422 424/424/424 
f 422/422/422 425/425/425 424/424/424 
f 424/424/424 425/425/425 426/426/426 
f 425/425/425 427/427/427 426/426/426 
f 426/426/426 427/427/427 428/428/428 
f 427/427/427 428/428/428 428/428/428 
f 428/428/428 428/428/428 405/405/405 
f 428/428/428 405/405/405 405/405/405 
f 405/405/405 405/405/405 406/406/406 
f 405/405/405 412/412/412 406/406/406 
f 406/406/406 412/412/412 408/408/408 
f 412/412/412 414/414/414 408/408/408 
f 408/408/408 414/414/414 408/408/408 
f 414/414/414 418/418/418 408/408/408 
f 408/408/408 418/418/418 409/409/409 
f 418/418/418 409/409/409 409/409/409 
f 409/409/409 409/409/409 427/427/427 
f 409/409/409 427/427/427 427/427/427 
f 427/427/427 427/427/427 429/429/429 
f 427/427/427 425/425/425 429/429/429 
f 429/429/429 425/425/425 430/430/430 
f 425/425/425 422/422/422 430/430/430 
f 430/430/430 422/422/422 430/430/430 
f 422/422/422 419/419/419 430/430/430 
f 430/430/430 419/419/419 430/430/430 
f 419/419/419 417/417/417 430/430/430 
f 430/430/430 417/417/417 430/430/430 
f 417/417/417 416/416/416 430/430/430 
f 430/430/430 416/416/416 429/429/429 
f 416/416/416 429/429/429 429/429/429 
f 429/429/429 429/429/429 431/431/431 
f 429/429/429 431/431/431 431/431/431 
f 431/431/431 431/431/431 432/432/432 
f 431/431/431 433/433/433 432/432/432 
f 432/432/432 433/433/433 434/434/434 
f 433/433/433 435/435/435 434/434/434 
f 434/434/434 435/435/435 435/435/435 
f 435/435/435 431/431/431 435/435/435 
f 435/435/435 431/431/431 431/431/431 
f 431/431/431 436/436/436 431/431/431 
f 431/431/431 436/436/436 433/433/433 
f 436/436/436 436/436/436 433/433/433 
f 433/433/433 436/436/436 437/437/437 
f 436/436/436 438/438/438 437/437/437 
f 437/437/437 438/438/438 439/439/439 
f 438/438/438 440/440/440 439/439/439 
f 439/439/439 440/440/440 439/439/439 
f 440/440/440 441/441/441 439/439/439 
f 439/439/439 441/441/441 442/442/442 
f 441/441/441 443/443/443 442/442/442 
f 442/442/442 443/443/443 444/444/444 
f 443/443/443 445/445/445 444/444/444 
f 444/444/444 445/445/445 445/445/445 
f 445/445/445 444/444/444 445/445/445 
f 445/445/445 444/444/444 444/444/444 
f 444/444/444 446/446/446 444/444/444 
f 444/444/444 446/446/446 442/442/442 
f 446/446/446 447/447/447 442/442/442 
f 442/442/442 447/447/447 439/439/439 
f 447/447/447 447/447/447 439/439/439 
f 439/439/439 447/447/447 437/437/437 
f 447/447/447 448/448/448 437/437/437 
f 437/437/437 448/448/448 433/433/433 
f 448/448/448 448/448/448 433/433/433 
f 433/433/433 448/448/448 435/435/435 
f 448/448/448 448/448/448 435/435/435 
f 435/435/435 448/448/448 449/449/449 
f 448/448/448 448/448/448 449/449/449 
f 449/449/449 448/448/448 450/450/450 
f 448/448/448 447/447/447 450/450/450 
f 450/450/450 447/447/447 446/446/446 
f 447/447/447 446/446/446 446/446/446 
f 446/446/446 446/446/446 451/451/451 
f 446/446/446 451/451/451 451/451/451 
f 451/451/451 451/451/451 452/452/452 
f 451/451/451 453/453/453 452/452/452 
f 452/452/452 453/453/453 454/454/454 
f 453/453/453 455/455/455 454/454/454 
f 454/454/454 455/455/455 455/455/455 
f 455/455/455 451/451/451 455/455/455 
f 455/455/455 451/451/451 451/451/451 
f 451/451/451 456/456/456 451/451/451 
f 451/451/451 456/456/456 453/453/453 
f 456/456/456 456/456/456 453/453/453 
f 453/453/453 456/456/456 457/457/457 
f 456/456/456 458/458/458 457/457/457 
f 457/457/457 458/458/458 459/459/459 
f 458/458/458 460/460/460 459/459/459 
f 459/459/459 460/460/460 459/459/459 
f 460/460/460 461/461/461 459/459/459 
f 459/459/459 461/461/461 462/462/462 
f 461/461/461 463/463/463 462/462/462 
f 462/462/462 463/463/463 464/464/464 
f 463/463/463 465/465/465 464/464/464 
f 464/464/464 465/465/465 465/465/465 
f 465/465/465 464/464/464 465/465/465 
f 465/465/465 464/464/464 464/464/464 
f 464/464/464 466/466/466 464/464/464 
f 464/464/464 466/466/466 462/462/462 
f 466/466/466 467/467/467 462/462/462 
f 462/462/462 467/467/467 459/459/459 
f 467/467/467 467/467/467 459/459/459 
f 459/459/459 467/467/467 457/457/457 
f 467/467/467 468/468/468 457/457/457 
f 457/457/457 468/468/468 453/453/453 
f 468/468/468 468/468/468 453/453/453 
f 453/453/453 468/468/468 455/455/455 
f 468/468/468 468/468/468 455/455/455 
f 455/455/455 468/468/468 469/469/469 
f 468/468/468 468/468/468 469/469/469 
f 469/469/469 468/468/468 470/470/470 
f 468/468/468 467/467/467 470/470/470 
f 470/470/470 467/467/467 466/466/466 
f 467/467/467 466/466/466 466/466/466 
f 466/466/466 466/466/466 471/471/471 
f 466/466/466 471/471/471 471/471/471 
f 471/471/471 471/471/471 472/472/472 
f 471/471/471 473/473/473 472/472/472 
f 472/472/472 473/473/473 474/474/474 
f 473/473/473 475/475/475 474/474/474 
f 474/474/474 475/475/475 476/476/476 
f 475/475/475 477/477/477 476/476/476 
f 476/476/476 477/477/477 476/476/476 
f 477/477/477 478/478/478 476/476/476 
f 476/476/476 478/478/478 476/476/476 
f 478/478/478 479/479/479 476/476/476 
f 476/476/476 479/479/479 480/480/480 
f 479/479/479 481/481/481 480/480/480 
f 480/480/480 481/481/481 482/482/482 
f 481/481/481 481/481/481 482/482/482 
f 482/482/482 481/481/481 483/483/483 
f 481/481/481 484/484/484 483/483/483 
f 483/483/483 484/484/484 485/485/485 
f 484/484/484 486/486/486 485/485/485 
f 485/485/485 486/486/486 487/487/487 
f 486/486/486 487/487/487 487/487/487 
f 487/487/487 487/487/487 473/473/473 
f 487/487/487 473/473/473 473/473/473 
f 473/473/473 473/473/473 475/475/475 
f 473/473/473 471/471/471 475/475/475 
f 475/475/475 471/471/471 471/471/471 
f 471/471/471 476/476/476 471/471/471 
f 471/471/471 476/476/476 476/476/476 
f 476/476/476 480/480/480 476/476/476 
f 476/476/476 480/480/480 474/474/474 
f 480/480/480 488/488/488 474/474/474 
f 474/474/474 488/488/488 472/472/472 
f 488/488/488 472/472/472 472/472/472 
f 472/472/472 472/472/472 488/488/488 
f 472/472/472 488/488/488 488/488/488 
f 488/488/488 488/488/488 482/482/482 
f 488/488/488 480/480/480 482/482/482 
f 482/482/482 480/480/480 480/480/480 
f 480/480/480 489/489/489 480/480/480 
f 480/480/480 489/489/489 489/489/489 
f 489/489/489 490/490/490 489/489/489 
f 489/489/489 490/490/490 484/484/484 
f 490/490/490 490/490/490 484/484/484 
f 484/484/484 490/490/490 486/486/486 
f 490/490/490 491/491/491 486/486/486 
f 486/486/486 491/491/491 492/492/492 
f 491/491/491 493/493/493 492/492/492 
f 492/492/492 493/493/493 494/494/494 
f 493/493/493 495/495/495 494/494/494 
f 494/494/494 495/495/495 496/496/496 
f 495/495/495 497/497/497 496/496/496 
f 496/496/496 497/497/497 498/498/498 
f 497/497/497 499/499/499 498/498/498 
f 498/498/498 499/499/499 492/492/492 
f 499/499/499 487/487/487 492/492/492 
f 492/492/492 487/487/487 486/486/486 
f 487/487/487 486/486/486 486/486/486 
f 486/486/486 486/486/486 492/492/492 
f 486/486/486 492/492/492 492/492/492 
f 492/492/492 492/492/492 498/498/498 
f 492/492/492 494/494/494 498/498/498 
f 498/498/498 494/494/494 496/496/496 
f 494/494/494 496/496/496 496/496/496 
f 496/496/496 496/496/496 495/495/495 
f 496/496/496 495/495/495 495/495/495 
f 495/495/495 495/495/495 497/497/497 
f 495/495/495 500/500/500 497/497/497 
f 497/497/497 500/500/500 497/497/497 
f 500/500/500 501/501/501 497/497/497 
f 497/497/497 501/501/501 502/502/502 
f 501/501/501 503/503/503 502/502/502 
f 502/502/502 503/503/503 504/504/504 
f 503/503/503 488/488/488 504/504/504 
f 504/504/504 488/488/488 504/504/504 
f 488/488/488 482/482/482 504/504/504 
f 504/504/504 482/482/482 504/504/504 
f 482/482/482 499/499/499 504/504/504 
f 504/504/504 499/499/499 504/504/504 
f 499/499/499 497/497/497 504/504/504 
f 504/504/504 497/497/497 502/502/502 
f 497/497/497 502/502/502 502/502/502 
f 502/502/502 502/502/502 503/503/503 
f 502/502/502 503/503/503 503/503/503 
f 503/503/503 503/503/503 488/488/488 
f 503/503/503 472/472/472 488/488/488 
f 488/488/488 472/472/472 472/472/472 
f 472/472/472 505/505/505 472/472/472 
f 472/472/472 505/505/505 505/505/505 
f 505/505/505 506/506/506 505/505/505 
f 505/505/505 506/506/506 507/507/507 
f 506/506/506 508/508/508 507/507/507 
f 507/507/507 508/508/508 509/509/509 
f 508/508/508 510/510/510 509/509/509 
f 509/509/509 510/510/510 511/511/511 
f 510/510/510 512/512/512 511/511/511 
f 511/511/511 512/512/512 511/511/511 
f 512/512/512 505/505/505 511/511/511 
f 511/511/511 505/505/505 511/511/511 
f 505/505/505 507/507/507 511/511/511 
f 511/511/511 507/507/507 509/509/509 
f 507/507/507 509/509/509 509/509/509 
f 509/509/509 509/509/509 513/513/513 
f 509/509/509 513/513/513 513/513/513 
f 513/513/513 513/513/513 514/514/514 
f 513/513/513 515/515/515 514/514/514 
f 514/514/514 515/515/515 514/514/514 
f 515/515/515 516/516/516 514/514/514 
f 514/514/514 516/516/516 517/517/517 
f 516/516/516 518/518/518 517/517/517 
f 517/517/517 518/518/518 519/519/519 
f 518/518/518 520/520/520 519/519/519 
f 519/519/519 520/520/520 521/521/521 
f 520/520/520 522/522/522 521/521/521 
f 521/521/521 522/522/522 523/523/523 
f 522/522/522 524/524/524 523/523/523 
f 523/523/523 524/524/524 525/525/525 
f 524/524/524 525/525/525 525/525/525 
f 525/525/525 525/525/525 518/518/518 
f 525/525/525 518/518/518 518/518/518 
f 518/518/518 518/518/518 520/520/520 
f 518/518/518 516/516/516 520/520/520 
f 520/520/520 516/516/516 522/522/522 
f 516/516/516 515/515/515 522/522/522 
f 522/522/522 515/515/515 524/524/524 
f 515/515/515 515/515/515 524/524/524 
f 524/524/524 515/515/515 526/526/526 
f 515/515/515 527/527/527 526/526/526 
f 526/526/526 527/527/527 528/528/528 
f 527/527/527 527/527/527 528/528/528 
f 528/528/528 527/527/527 529/529/529 
f 527/527/527 530/530/530 529/529/529 
f 529/529/529 530/530/530 531/531/531 
f 530/530/530 531/531/531 531/531/531 
f 531/531/531 531/531/531 530/530/530 
f 531/531/531 530/530/530 530/530/530 
f 530/530/530 530/530/530 532/532/532 
f 530/530/530 527/527/527 532/532/532 
f 532/532/532 527/527/527 532/532/532 
f 527/527/527 515/515/515 532/532/532 
f 532/532/532 515/515/515 532/532/532 
f 515/515/515 513/513/513 532/532/532 
f 532/532/532 513/513/513 532/532/532 
f 513/513/513 533/533/533 532/532/532 
f 532/532/532 533/533/533 534/534/534 
f 533/533/533 535/535/535 534/534/534 
f 534/534/534 535/535/535 536/536/536 
f 535/535/535 537/537/537 536/536/536 
f 536/536/536 537/537/537 536/536/536 
f 537/537/537 538/538/538 536/536/536 
f 536/536/536 538/538/538 536/536/536 
f 538/538/538 531/531/531 536/536/536 
f 536/536/536 531/531/531 536/536/536 
f 531/531/531 530/530/530 536/536/536 
f 536/536/536 530/530/530 534/534/534 
f 530/530/530 532/532/532 534/534/534 
f 534/534/534 532/532/532 532/532/532 
f 532/532/532 539/539/539 532/532/532 
f 532/532/532 539/539/539 539/539/539 
f 539/539/539 540/540/540 539/539/539 
f 539/539/539 540/540/540 541/541/541 
f 540/540/540 542/542/542 541/541/541 
f 541/541/541 542/542/542 543/543/543 
f 542/542/542 542/542/542 543/543/543 
f 543/543/543 542/542/542 544/544/544 
f 542/542/542 545/545/545 544/544/544 
f 544/544/544 545/545/545 544/544/544 
f 545/545/545 546/546/546 544/544/544 
f 544/544/544 546/546/546 547/547/547 
f 546/546/546 548/548/548 547/547/547 
f 547/547/547 548/548/548 549/549/549 
f 548/548/548 550/550/550 549/549/549 
f 549/549/549 550/550/550 550/550/550 
f 550/550/550 540/540/540 550/550/550 
f 550/550/550 540/540/540 540/540/540 
f 540/540/540 551/551/551 540/540/540 
f 540/540/540 551/551/551 542/542/542 
f 551/551/551 545/545/545 542/542/542 
f 542/542/542 545/545/545 545/545/545 
f 545/545/545 543/543/543 545/545/545 
f 545/545/545 543/543/543 543/543/543 
f 543/543/543 544/544/544 543/543/543 
f 543/543/543 544/544/544 552/552/552 
f 544/544/544 547/547/547 552/552/552 
f 552/552/552 547/547/547 553/553/553 
f 547/547/547 549/549/549 553/553/553 
f 553/553/553 549/549/549 549/549/549 
f 549/549/549 554/554/554 549/549/549 
f 549/549/549 554/554/554 554/554/554 
f 554/554/554 555/555/555 554/554/554 
f 554/554/554 555/555/555 556/556/556 
f 555/555/555 557/557/557 556/556/556 
f 556/556/556 557/557/557 557/557/557 
f 557/557/557 558/558/558 557/557/557 
f 557/557/557 558/558/558 558/558/558 
f 558/558/558 559/559/559 558/558/558 
f 558/558/558 559/559/559 560/560/560 
f 559/559/559 559/559/559 560/560/560 
f 560/560/560 559/559/559 561/561/561 
f 559/559/559 559/559/559 561/561/561 
f 561/561/561 559/559/559 562/562/562 
f 559/559/559 563/563/563 562/562/562 
f 562/562/562 563/563/563 564/564/564 
f 563/563/563 565/565/565 564/564/564 
f 564/564/564 565/565/565 566/566/566 
f 565/565/565 567/567/567 566/566/566 
f 566/566/566 567/567/567 568/568/568 
f 567/567/567 569/569/569 568/568/568 
f 568/568/568 569/569/569 568/568/568 
f 569/569/569 570/570/570 568/568/568 
f 568/568/568 570/570/570 571/571/571 
f 570/570/570 571/571/571 571/571/571 
f 571/571/571 571/571/571 572/572/572 
f 571/571/571 572/572/572 572/572/572 
f 572/572/572 572/572/572 573/573/573 
f 572/572/572 574/574/574 573/573/573 
f 573/573/573 574/574/574 575/575/575 
f 574/574/574 575/575/575 575/575/575 
f 575/575/575 575/575/575 576/576/576 
f 575/575/575 576/576/576 576/576/576 
f 576/576/576 576/576/576 577/577/577 
f 576/576/576 578/578/578 577/577/577 
f 577/577/577 578/578/578 579/579/579 
f 578/578/578 579/579/579 579/579/579 
f 579/579/579 579/579/579 580/580/580 
f 579/579/579 580/580/580 580/580/580 
f 580/580/580 580/580/580 581/581/581 
f 580/580/580 582/582/582 581/581/581 
f 581/581/581 582/582/582 583/583/583 
f 582/582/582 583/583/583 583/583/583 
f 583/583/583 583/583/583 584/584/584 
f 583/583/583 584/584/584 584/584/584 
f 584/584/584 584/584/584 585/585/585 
f 584/584/584 586/586/586 585/585/585 
f 585/585/585 586/586/586 587/587/587 
f 586/586/586 587/587/587 587/587/587 
f 587/587/587 587/587/587 588/588/588 
f 587/587/587 588/588/588 588/588/588 
f 588/588/588 588/588/588 589/589/589 
f 588/588/588 590/590/590 589/589/589 
f 589/589/589 590/590/590 591/591/591 
f 590/590/590 591/591/591 591/591/591 
f 591/591/591 591/591/591 592/592/592 
f 591/591/591 592/592/592 592/592/592 
f 592/592/592 592/592/592 593/593/593 
f 592/592/592 594/594/594 593/593/593 
f 593/593/593 594/594/594 595/595/595 
f 594/594/594 595/595/595 595/595/595 
f 595/595/595 595/595/595 596/596/596 
f 595/595/595 596/596/596 596/596/596 
f 596/596/596 596/596/596 597/597/597 
f 596/596/596 598/598/598 597/597/597 
f 597/597/597 598/598/598 599/599/599 
f 598/598/598 599/599/599 599/599/599 
f 599/599/599 599/599/599 600/600/600 
f 599/599/599 600/600/600 600/600/600 
f 600/600/600 600/600/600 601/601/601 
f 600/600/600 602/602/602 601/601/601 
f 601/601/601 602/602/602 603/603/603 
f 602/602/602 604/604/604 603/603/603 
f 603/603/603 604/604/604 604/604/604 
f 604/604/604 601/601/601 604/604/604 
f 604/604/604 601/601/601 601/601/601 
f 601/601/601 603/603/603 601/601/601 
f 601/601/601 603/603/603 605/605/605 
f 603/603/603 606/606/606 605/605/605 
f 605/605/605 606/606/606 607/607/607 
f 606/606/606 606/606/606 607/607/607 
f 607/607/607 606/606/606 608/608/608 
f 606/606/606 609/609/609 608/608/608 
f 608/608/608 609/609/609 610/610/610 
f 609/609/609 611/611/611 610/610/610 
f 610/610/610 611/611/611 612/612/612 
f 611/611/611 612/612/612 612/612/612 
f 612/612/612 612/612/612 611/611/611 
f 612/612/612 611/611/611 611/611/611 
f 611/611/611 611/611/611 613/613/613 
f 611/611/611 609/609/609 613/613/613 
f 613/613/613 609/609/609 614/614/614 
f 609/609/609 606/606/606 614/614/614 
f 614/614/614 606/606/606 614/614/614 
f 606/606/606 603/603/603 614/614/614 
f 614/614/614 603/603/603 614/614/614 
f 603/603/603 604/604/604 614/614/614 
f 614/614/614 604/604/604 615/615/615 
f 604/604/604 616/616/616 615/615/615 
f 615/615/615 616/616/616 617/617/617 
f 616/616/616 618/618/618 617/617/617 
f 617/617/617 618/618/618 619/619/619 
f 618/618/618 619/619/619 619/619/619 
f 619/619/619 619/619/619 615/615/615 
f 619/619/619 615/615/615 615/615/615 
f 615/615/615 615/615/615 614/614/614 
f 615/615/615 613/613/613 614/614/614 
f 614/614/614 613/613/613 613/613/613 
f 613/613/613 620/620/620 613/613/613 
f 613/613/613 620/620/620 620/620/620 
f 620/620/620 621/621/621 620/620/620 
f 620/620/620 621/621/621 622/622/622 
f 621/621/621 623/623/623 622/622/622 
f 622/622/622 623/623/623 624/624/624 
f 623/623/623 625/625/625 624/624/624 
f 624/624/624 625/625/625 626/626/626 
f 625/625/625 627/627/627 626/626/626 
f 626/626/626 627/627/627 628/628/628 
f 627/627/627 629/629/629 628/628/628 
f 628/628/628 629/629/629 629/629/629 
f 629/629/629 630/630/630 629/629/629 
f 629/629/629 630/630/630 630/630/630 
f 630/630/630 631/631/631 630/630/630 
f 630/630/630 631/631/631 632/632/632 
f 631/631/631 633/633/633 632/632/632 
f 632/632/632 633/633/633 633/633/633 
f 633/633/633 632/632/632 633/633/633 
f 633/633/633 632/632/632 632/632/632 
f 632/632/632 634/634/634 632/632/632 
f 632/632/632 634/634/634 630/630/630 
f 634/634/634 634/634/634 630/630/630 
f 630/630/630 634/634/634 635/635/635 
f 634/634/634 636/636/636 635/635/635 
f 635/635/635 636/636/636 637/637/637 
f 636/636/636 638/638/638 637/637/637 
f 637/637/637 638/638/638 639/639/639 
f 638/638/638 640/640/640 639/639/639 
f 639/639/639 640/640/640 641/641/641 
f 640/640/640 642/642/642 641/641/641 
f 641/641/641 642/642/642 643/643/643 
f 642/642/642 644/644/644 643/643/643 
f 643/643/643 644/644/644 644/644/644 
f 644/644/644 637/637/637 644/644/644 
f 644/644/644 637/637/637 637/637/637 
f 637/637/637 639/639/639 637/637/637 
f 637/637/637 639/639/639 635/635/635 
f 639/639/639 641/641/641 635/635/635 
f 635/635/635 641/641/641 630/630/630 
f 641/641/641 643/643/643 630/630/630 
f 630/630/630 643/643/643 630/630/630 
f 643/643/643 645/645/645 630/630/630 
f 630/630/630 645/645/645 646/646/646 
f 645/645/645 647/647/647 646/646/646 
f 646/646/646 647/647/647 646/646/646 
f 647/647/647 648/648/648 646/646/646 
f 646/646/646 648/648/648 649/649/649 
f 648/648/648 650/650/650 649/649/649 
f 649/649/649 650/650/650 650/650/650 
f 650/650/650 630/630/630 650/650/650 
f 650/650/650 630/630/630 630/630/630 
f 630/630/630 646/646/646 630/630/630 
f 630/630/630 646/646/646 631/631/631 
f 646/646/646 649/649/649 631/631/631 
f 631/631/631 649/649/649 651/651/651 
f 649/649/649 652/652/652 651/651/651 
f 651/651/651 652/652/652 653/653/653 
f 652/652/652 652/652/652 653/653/653 
f 653/653/653 652/652/652 654/654/654 
f 652/652/652 652/652/652 654/654/654 
f 654/654/654 652/652/652 655/655/655 
f 652/652/652 652/652/652 655/655/655 
f 655/655/655 652/652/652 650/650/650 
f 652/652/652 649/649/649 650/650/650 
f 650/650/650 649/649/649 649/649/649 
f 649/649/649 631/631/631 649/649/649 
f 649/649/649 631/631/631 631/631/631 
f 631/631/631 651/651/651 631/631/631 
f 631/631/631 651/651/651 633/633/633 
f 651/651/651 653/653/653 633/633/633 
f 633/633/633 653/653/653 653/653/653 
f 653/653/653 656/656/656 653/653/653 
f 653/653/653 656/656/656 656/656/656 
f 656/656/656 657/657/657 656/656/656 
f 656/656/656 657/657/657 658/658/658 
f 657/657/657 659/659/659 658/658/658 
f 658/658/658 659/659/659 660/660/660 
f 659/659/659 659/659/659 660/660/660 
f 660/660/660 659/659/659 661/661/661 
f 659/659/659 662/662/662 661/661/661 
f 661/661/661 662/662/662 663/663/663 
f 662/662/662 664/664/664 663/663/663 
f 663/663/663 664/664/664 665/665/665 
f 664/664/664 666/666/666 665/665/665 
f 665/665/665 666/666/666 667/667/667 
f 666/666/666 667/667/667 667/667/667 
f 667/667/667 667/667/667 657/657/657 
f 667/667/667 657/657/657 657/657/657 
f 657/657/657 657/657/657 659/659/659 
f 657/657/657 668/668/668 659/659/659 
f 659/659/659 668/668/668 662/662/662 
f 668/668/668 669/669/669 662/662/662 
f 662/662/662 669/669/669 664/664/664 
f 669/669/669 670/670/670 664/664/664 
f 664/664/664 670/670/670 666/666/666 
f 670/670/670 666/666/666 666/666/666 
f 666/666/666 666/666/666 671/671/671 
f 666/666/666 671/671/671 671/671/671 
f 671/671/671 671/671/671 672/672/672 
f 671/671/671 673/673/673 672/672/672 
f 672/672/672 673/673/673 674/674/674 
f 673/673/673 674/674/674 674/674/674 
f 674/674/674 674/674/674 675/675/675 
f 674/674/674 675/675/675 675/675/675 
f 675/675/675 675/675/675 676/676/676 
f 675/675/675 677/677/677 676/676/676 
f 676/676/676 677/677/677 676/676/676 
f 677/677/677 678/678/678 676/676/676 
f 676/676/676 678/678/678 676/676/676 
f 678/678/678 679/679/679 676/676/676 
f 676/676/676 679/679/679 680/680/680 
f 679/679/679 681/681/681 680/680/680 
f 680/680/680 681/681/681 682/682/682 
f 681/681/681 683/683/683 682/682/682 
f 682/682/682 683/683/683 684/684/684 
f 683/683/683 685/685/685 684/684/684 
f 684/684/684 685/685/685 686/686/686 
f 685/685/685 685/685/685 686/686/686 
f 686/686/686 685/685/685 687/687/687 
f 685/685/685 688/688/688 687/687/687 
f 687/687/687 688/688/688 688/688/688 
f 688/688/688 689/689/689 688/688/688 
f 688/688/688 689/689/689 689/689/689 
f 689/689/689 690/690/690 689/689/689 
f 689/689/689 690/690/690 691/691/691 
f 690/690/690 692/692/692 691/691/691 
f 691/691/691 692/692/692 692/692/692 
f 692/692/692 693/693/693 692/692/692 
f 692/692/692 693/693/693 693/693/693 
f 693/693/693 694/694/694 693/693/693 
f 693/693/693 694/694/694 695/695/695 
f 694/694/694 696/696/696 695/695/695 
f 695/695/695 696/696/696 696/696/696 
f 696/696/696 697/697/697 696/696/696 
f 696/696/696 697/697/697 697/697/697 
f 697/697/697 698/698/698 697/697/697 
f 697/697/697 698/698/698 699/699/699 
f 698/698/698 700/700/700 699/699/699 
f 699/699/699 700/700/700 700/700/700 
f 700/700/700 701/701/701 700/700/700 
f 700/700/700 701/701/701 701/701/701 
f 701/701/701 702/702/702 701/701/701 
f 701/701/701 702/702/702 703/703/703 
f 702/702/702 704/704/704 703/703/703 
f 703/703/703 704/704/704 704/704/704 
f 704/704/704 705/705/705 704/704/704 
f 704/704/704 705/705/705 705/705/705 
f 705/705/705 706/706/706 705/705/705 
f 705/705/705 706/706/706 707/707/707 
f 706/706/706 708/708/708 707/707/707 
f 707/707/707 708/708/708 708/708/708 
f 708/708/708 709/709/709 708/708/708 
f 708/708/708 709/709/709 709/709/709 
f 709/709/709 710/710/710 709/709/709 
f 709/709/709 710/710/710 711/711/711 
f 710/710/710 712/712/712 711/711/711 
f 711/711/711 712/712/712 712/712/712 
f 712/712/712 713/713/713 712/712/712 
f 712/712/712 713/713/713 713/713/713 
f 713/713/713 714/714/714 713/713/713 
f 713/713/713 714/714/714 715/715/715 
f 714/714/714 716/716/716 715/715/715 
f 715/715/715 716/716/716 716/716/716 
f 716/716/716 717/717/717 716/716/716 
f 716/716/716 717/717/717 717/717/717 
f 717/717/717 718/718/718 717/717/717 
f 717/717/717 718/718/718 719/719/719 
f 718/718/718 720/720/720 719/719/719 
f 719/719/719 720/720/720 721/721/721 
f 720/720/720 721/721/721 721/721/721 
f 721/721/721 721/721/721 718/718/718 
f 721/721/721 718/718/718 718/718/718 
f 718/718/718 718/718/718 720/720/720 
f 718/718/718 722/722/722 720/720/720 
f 720/720/720 722/722/722 723/723/723 
f 722/722/722 724/724/724 723/723/723 
f 723/723/723 724/724/724 723/723/723 
f 724/724/724 725/725/725 723/723/723 
f 723/723/723 725/725/725 726/726/726 
f 725/725/725 727/727/727 726/726/726 
f 726/726/726 727/727/727 728/728/728 
f 727/727/727 729/729/729 728/728/728 
f 728/728/728 729/729/729 729/729/729 
f 729/729/729 728/728/728 729/729/729 
f 729/729/729 728/728/728 728/728/728 
f 728/728/728 730/730/730 728/728/728 
f 728/728/728 730/730/730 726/726/726 
f 730/730/730 731/731/731 726/726/726 
f 726/726/726 731/731/731 723/723/723 
f 731/731/731 731/731/731 723/723/723 
f 723/723/723 731/731/731 720/720/720 
f 731/731/731 731/731/731 720/720/720 
f 720/720/720 731/731/731 721/721/721 
f 731/731/731 732/732/732 721/721/721 
f 721/721/721 732/732/732 733/733/733 
f 732/732/732 734/734/734 733/733/733 
f 733/733/733 734/734/734 735/735/735 
f 734/734/734 736/736/736 735/735/735 
f 735/735/735 736/736/736 736/736/736 
f 736/736/736 732/732/732 736/736/736 
f 736/736/736 732/732/732 732/732/732 
f 732/732/732 731/731/731 732/732/732 
f 732/732/732 731/731/731 730/730/730 
f 731/731/731 730/730/730 730/730/730 
f 730/730/730 730/730/730 737/737/737 
f 730/730/730 737/737/737 737/737/737 
f 737/737/737 737/737/737 738/738/738 
f 737/737/737 739/739/739 738/738/738 
f 738/738/738 739/739/739 740/740/740 
f 739/739/739 741/741/741 740/740/740 
f 740/740/740 741/741/741 742/742/742 
f 741/741/741 743/743/743 742/742/742 
f 742/742/742 743/743/743 744/744/744 
f 743/743/743 745/745/745 744/744/744 
f 744/744/744 745/745/745 746/746/746 

