mtllib model_140.mtl
o model_140
v 1598.70849609375 -112.84539794921875 1071.3236083984375 
v 1617.78515625 -139.2274627685547 1074.1812744140625 
v 1625.0712890625 -108.28848266601562 1076.3721923828125 
v 1648.6962890625 -103.9714126586914 1061.4168701171875 
v 1646.4442138671875 -142.58518981933594 1060.8453369140625 
v 1624.011474609375 -162.01197814941406 1074.6575927734375 
v 1646.3116455078125 -161.05264282226562 1063.322021484375 
v 1647.9013671875 -187.1948699951172 1060.6549072265625 
v 1648.5196533203125 -187.43470764160156 1021.7901000976562 
v 1649.00537109375 -208.0606689453125 1067.9896240234375 
v 1649.80029296875 -208.06068420410156 1021.7901000976562 
v 1649.00537109375 -208.06068420410156 975.590576171875 
v 1647.9013671875 -187.19488525390625 982.92529296875 
v 1618.3150634765625 -205.42250061035156 967.4937133789062 
v 1622.2010498046875 -185.2761993408203 967.3984375 
v 1624.011474609375 -162.0120086669922 968.9225463867188 
v 1646.3116455078125 -161.0526580810547 980.2581176757812 
v 1646.7532958984375 -161.05264282226562 1021.7901000976562 
v 1646.929931640625 -142.34535217285156 1021.7901000976562 
v 1622.2010498046875 -185.27618408203125 1076.1817626953125 
v 1618.3150634765625 -205.42247009277344 1076.08642578125 
v 1646.4442138671875 -142.585205078125 982.7348022460938 
v 1617.78515625 -139.22747802734375 969.3988647460938 
v 1648.6962890625 -103.97142791748047 982.1632690429688 
v 1625.0712890625 -108.28849792480469 967.3031616210938 
v 1633.7706298828125 -75.91049194335938 994.0703125 
v 1621.626953125 -75.19099426269531 971.5897216796875 
v 1623.2608642578125 -62.239803314208984 1009.6924438476562 
v 1610.2340087890625 -59.60160827636719 1005.3106689453125 
v 1607.49609375 -69.43489837646484 975.685791015625 
v 1598.70849609375 -112.84542083740234 972.351806640625 
v 1626.57275390625 -63.43899917602539 1021.7900390625 
v 1634.25634765625 -76.15033721923828 1021.7901000976562 
v 1650.5068359375 -103.97142028808594 1021.7901000976562 
v 1633.7706298828125 -75.91047668457031 1049.6051025390625 
v 1623.2608642578125 -62.23979949951172 1033.8876953125 
v 1621.626953125 -75.19097900390625 1072.085693359375 
v 1610.2340087890625 -59.601600646972656 1038.26953125 
v 1607.49609375 -69.43488311767578 1067.9896240234375 
v 1594.2926025390625 -84.3047866821289 1096.566650390625 
v 1612.088623046875 -85.74380493164062 1097.9954833984375 
v 1600.828125 -98.45516204833984 1101.3294677734375 
v 1621.93603515625 -101.33321380615234 1092.6611328125 
v 1599.6358642578125 -106.60962677001953 1102.3773193359375 
v 1620.0372314453125 -111.4063720703125 1095.328369140625 
v 1599.4150390625 -120.5201644897461 1105.9970703125 
v 1617.9617919921875 -125.07707977294922 1097.9954833984375 
v 1599.2384033203125 -134.4307098388672 1109.6168212890625 
v 1615.8421630859375 -138.74778747558594 1100.6627197265625 
v 1597.8695068359375 -147.86160278320312 1110.7598876953125 
v 1612.397705078125 -150.97947692871094 1102.75830078125 
v 1598.664306640625 -157.45506286621094 1111.8077392578125 
v 1612.5302734375 -162.73147583007812 1105.330322265625 
v 1614.6939697265625 -175.68267822265625 1108.8548583984375 
v 1599.017578125 -169.686767578125 1116.380126953125 
v 1606.78955078125 -228.92648315429688 1117.427978515625 
v 1617.9617919921875 -226.28829956054688 1112.7603759765625 
v 1607.58447265625 -236.6012725830078 1118.3804931640625 
v 1618.9774169921875 -233.48341369628906 1113.9034423828125 
v 1615.532958984375 -228.4468231201172 1103.5203857421875 
v 1616.8135986328125 -234.44276428222656 1105.0445556640625 
v 1604.97900390625 -232.28421020507812 1101.7105712890625 
v 1605.5972900390625 -238.5199737548828 1103.5203857421875 
v 1595.48486328125 -178.80055236816406 1090.5655517578125 
v 1612.6627197265625 -181.43878173828125 1094.185302734375 
v 1610.4547119140625 -169.44691467285156 1092.4705810546875 
v 1610.8079833984375 -156.49571228027344 1087.3267822265625 
v 1595.88232421875 -169.20709228515625 1089.3271484375 
v 1595.926513671875 -157.45506286621094 1083.80224609375 
v 1596.89794921875 -145.223388671875 1079.3251953125 
v 1614.605712890625 -144.74371337890625 1083.5164794921875 
v 1597.9136962890625 -131.55267333984375 1076.657958984375 
v 1617.5201416015625 -131.31285095214844 1081.51611328125 
v 1598.8851318359375 -117.88196563720703 1073.9908447265625 
v 1620.4346923828125 -117.88196563720703 1079.6109619140625 
v 1598.70849609375 -112.84539794921875 1071.3236083984375 
v 1625.0712890625 -108.28848266601562 1076.3721923828125 
v 1618.5799560546875 -79.98771667480469 1087.8983154296875 
v 1605.46484375 -74.47147369384766 1084.278564453125 
v 1621.626953125 -75.19097900390625 1072.085693359375 
v 1607.49609375 -69.43488311767578 1067.9896240234375 
v 1605.46484375 -74.47147369384766 1084.278564453125 
v 1590.362548828125 -75.43082427978516 1080.944580078125 
v 1594.2926025390625 -84.3047866821289 1096.566650390625 
v 1580.73583984375 -99.41451263427734 1090.2796630859375 
v 1590.671630859375 -70.63408660888672 1064.369873046875 
v 1579.455322265625 -106.84945678710938 1072.5618896484375 
v 1581.6632080078125 -115.96327209472656 1076.1817626953125 
v 1598.8851318359375 -117.88196563720703 1073.9908447265625 
v 1597.9136962890625 -131.55267333984375 1076.657958984375 
v 1582.634765625 -129.63397216796875 1080.1824951171875 
v 1596.89794921875 -145.223388671875 1079.3251953125 
v 1607.49609375 -69.43488311767578 1067.9896240234375 
v 1598.70849609375 -112.84539794921875 1071.3236083984375 
v 1600.828125 -98.45516204833984 1101.3294677734375 
v 1582.14892578125 -109.2478256225586 1093.6136474609375 
v 1582.988037109375 -123.15838623046875 1097.3287353515625 
v 1583.56201171875 -143.54452514648438 1084.1832275390625 
v 1595.926513671875 -157.45506286621094 1083.80224609375 
v 1584.621826171875 -156.0160369873047 1088.279296875 
v 1595.88232421875 -169.20709228515625 1089.3271484375 
v 1599.6358642578125 -106.60962677001953 1102.3773193359375 
v 1599.4150390625 -120.5201644897461 1105.9970703125 
v 1583.8270263671875 -137.06890869140625 1101.043701171875 
v 1599.2384033203125 -134.4307098388672 1109.6168212890625 
v 1584.57763671875 -150.2599639892578 1103.3299560546875 
v 1597.8695068359375 -147.86160278320312 1110.7598876953125 
v 1598.664306640625 -157.45506286621094 1111.8077392578125 
v 1585.2841796875 -159.37376403808594 1105.90185546875 
v 1584.7984619140625 -166.08920288085938 1093.3280029296875 
v 1582.8114013671875 -174.96316528320312 1094.947265625 
v 1595.48486328125 -178.80055236816406 1090.5655517578125 
v 1604.97900390625 -232.28421020507812 1101.7105712890625 
v 1596.323974609375 -233.24356079101562 1104.9493408203125 
v 1605.5972900390625 -238.5199737548828 1103.5203857421875 
v 1597.4278564453125 -240.19882202148438 1106.568603515625 
v 1596.544677734375 -230.84518432617188 1113.9986572265625 
v 1597.5604248046875 -238.28012084960938 1115.0465087890625 
v 1606.78955078125 -228.92648315429688 1117.427978515625 
v 1607.58447265625 -236.6012725830078 1118.3804931640625 
v 1599.017578125 -169.686767578125 1116.380126953125 
v 1583.7386474609375 -169.44691467285156 1109.3310546875 
v 1617.2110595703125 -313.1092834472656 1071.1331787109375 
v 1601.3138427734375 -314.0686340332031 1065.7987060546875 
v 1617.1668701171875 -327.97918701171875 1070.37109375 
v 1602.8153076171875 -326.3003234863281 1065.417724609375 
v 1596.235595703125 -326.5401611328125 1052.74853515625 
v 1616.327880859375 -290.32476806640625 1072.8477783203125 
v 1597.5162353515625 -289.1255798339844 1065.9892578125 
v 1616.990234375 -233.24356079101562 1075.419677734375 
v 1597.5162353515625 -236.12161254882812 1067.3228759765625 
v 1618.3150634765625 -205.42247009277344 1076.08642578125 
v 1582.1048583984375 -203.2639617919922 1065.322509765625 
v 1589.1260986328125 -246.91427612304688 1047.4141845703125 
v 1589.5234375 -287.2069091796875 1049.1287841796875 
v 1594.425048828125 -317.1865234375 1052.2723388671875 
v 1602.32958984375 -328.4588623046875 1039.888916015625 
v 1601.4022216796875 -320.0645751953125 1038.745849609375 
v 1616.68115234375 -331.0970764160156 1034.935546875 
v 1617.4759521484375 -321.2637634277344 1033.5067138671875 
v 1597.737060546875 -285.5280456542969 1032.268310546875 
v 1616.5927734375 -285.0483703613281 1025.505126953125 
v 1597.5162353515625 -257.46710205078125 1030.3631591796875 
v 1617.343505859375 -261.7841796875 1023.9810180664062 
v 1593.2769775390625 -247.87362670898438 1024.8382568359375 
v 1617.2552490234375 -250.27200317382812 1023.314208984375 
v 1580.2943115234375 -227.00779724121094 1038.6505126953125 
v 1580.2943115234375 -227.0078125 1021.7901000976562 
v 1581.486572265625 -203.02410888671875 1021.7901000976562 
v 1582.1048583984375 -203.26397705078125 978.2577514648438 
v 1580.2943115234375 -227.0078125 1004.9296264648438 
v 1594.07177734375 -248.59315490722656 1021.7901000976562 
v 1593.2769775390625 -247.87362670898438 1018.7418823242188 
v 1617.2552490234375 -250.27200317382812 1020.2659912109375 
v 1617.343505859375 -261.7841796875 1019.5991821289062 
v 1597.5162353515625 -257.46710205078125 1013.2169799804688 
v 1616.5927734375 -285.0483703613281 1018.0750732421875 
v 1617.034423828125 -250.99151611328125 1021.7901000976562 
v 1589.1260986328125 -246.91427612304688 996.166015625 
v 1597.5162353515625 -236.1216278076172 976.25732421875 
v 1618.3150634765625 -205.42250061035156 967.4937133789062 
v 1616.990234375 -233.2435760498047 968.1605224609375 
v 1597.5162353515625 -289.1256103515625 977.5909423828125 
v 1616.327880859375 -290.3247985839844 970.8276977539062 
v 1601.3138427734375 -314.0686340332031 977.876708984375 
v 1617.2110595703125 -313.10931396484375 972.4470825195312 
v 1617.1668701171875 -327.9792175292969 973.2091674804688 
v 1602.8153076171875 -326.30035400390625 978.1624755859375 
v 1596.235595703125 -326.5401916503906 990.9268798828125 
v 1594.425048828125 -317.1865234375 991.4031982421875 
v 1602.32958984375 -328.4588623046875 1003.7865600585938 
v 1589.5234375 -287.2069091796875 994.546630859375 
v 1597.737060546875 -285.5280456542969 1011.4071044921875 
v 1617.4759521484375 -321.2637634277344 1010.0735473632812 
v 1601.4022216796875 -320.0645751953125 1004.8344116210938 
v 1616.68115234375 -331.0970764160156 1008.6446533203125 
v 1631.3419189453125 -330.61737060546875 1065.512939453125 
v 1617.1668701171875 -327.97918701171875 1070.37109375 
v 1627.98583984375 -345.2474670410156 1064.84619140625 
v 1614.25244140625 -342.3694152832031 1069.6090087890625 
v 1611.5145263671875 -362.75555419921875 1071.1331787109375 
v 1637.47998046875 -332.7759094238281 1052.9390869140625 
v 1634.0355224609375 -346.68646240234375 1052.4627685546875 
v 1631.076904296875 -333.0157470703125 1040.0794677734375 
v 1628.0740966796875 -345.2474670410156 1039.984130859375 
v 1616.68115234375 -331.0970764160156 1034.935546875 
v 1614.3406982421875 -342.3694152832031 1035.03076171875 
v 1627.0584716796875 -360.357177734375 1037.8885498046875 
v 1611.82373046875 -362.9953918457031 1032.268310546875 
v 1616.5487060546875 -459.40985107421875 1043.318115234375 
v 1607.2752685546875 -461.0887145996094 1039.22216796875 
v 1620.3021240234375 -458.6903381347656 1053.034423828125 
v 1633.46142578125 -359.1579895019531 1051.7960205078125 
v 1626.79345703125 -360.1173400878906 1065.7034912109375 
v 1607.0986328125 -460.6090393066406 1066.6561279296875 
v 1616.4161376953125 -458.93017578125 1062.56005859375 
v 1617.4759521484375 -321.2637634277344 1033.5067138671875 
v 1633.4173583984375 -320.54425048828125 1039.0316162109375 
v 1616.68115234375 -331.0970764160156 1034.935546875 
v 1631.076904296875 -333.0157470703125 1040.0794677734375 
v 1637.47998046875 -332.7759094238281 1052.9390869140625 
v 1616.5927734375 -285.0483703613281 1025.505126953125 
v 1635.4044189453125 -286.24755859375 1032.268310546875 
v 1617.343505859375 -261.7841796875 1023.9810180664062 
v 1637.1707763671875 -258.1866149902344 1031.3157958984375 
v 1617.2552490234375 -250.27200317382812 1023.314208984375 
v 1641.7633056640625 -250.99151611328125 1024.93359375 
v 1640.880126953125 -251.71102905273438 1021.7901000976562 
v 1617.034423828125 -250.99151611328125 1021.7901000976562 
v 1617.2552490234375 -250.27200317382812 1020.2659912109375 
v 1641.7633056640625 -250.9915313720703 1018.6466064453125 
v 1637.1707763671875 -258.1866149902344 1012.264404296875 
v 1617.343505859375 -261.7841796875 1019.5991821289062 
v 1635.4044189453125 -286.24755859375 1011.3118286132812 
v 1616.5927734375 -285.0483703613281 1018.0750732421875 
v 1633.4173583984375 -320.54425048828125 1004.5486450195312 
v 1617.4759521484375 -321.2637634277344 1010.0735473632812 
v 1616.68115234375 -331.0970764160156 1008.6446533203125 
v 1631.076904296875 -333.0157775878906 1003.5007934570312 
v 1637.47998046875 -332.77593994140625 990.64111328125 
v 1640.2177734375 -317.66619873046875 990.9268798828125 
v 1631.3419189453125 -330.6174011230469 978.0672607421875 
v 1643.44140625 -288.166259765625 994.451416015625 
v 1645.2518310546875 -247.63380432128906 995.02294921875 
v 1651.875732421875 -227.48748779296875 1008.35888671875 
v 1651.919921875 -227.48748779296875 1021.7901000976562 
v 1649.80029296875 -208.06068420410156 1021.7901000976562 
v 1651.875732421875 -227.4874725341797 1035.2213134765625 
v 1649.00537109375 -208.06068420410156 975.590576171875 
v 1636.729248046875 -236.60130310058594 975.685791015625 
v 1635.227783203125 -289.8451232910156 977.4956665039062 
v 1633.15234375 -314.5483093261719 977.5909423828125 
v 1617.1668701171875 -327.9792175292969 973.2091674804688 
v 1617.2110595703125 -313.10931396484375 972.4470825195312 
v 1616.327880859375 -290.3247985839844 970.8276977539062 
v 1616.990234375 -233.2435760498047 968.1605224609375 
v 1618.3150634765625 -205.42250061035156 967.4937133789062 
v 1649.00537109375 -208.0606689453125 1067.9896240234375 
v 1636.729248046875 -236.60128784179688 1067.8944091796875 
v 1645.2518310546875 -247.63380432128906 1048.5572509765625 
v 1635.227783203125 -289.8450927734375 1066.08447265625 
v 1616.327880859375 -290.32476806640625 1072.8477783203125 
v 1617.2110595703125 -313.1092834472656 1071.1331787109375 
v 1618.3150634765625 -205.42247009277344 1076.08642578125 
v 1616.990234375 -233.24356079101562 1075.419677734375 
v 1643.44140625 -288.1662292480469 1049.22412109375 
v 1633.15234375 -314.5483093261719 1066.08447265625 
v 1617.1668701171875 -327.97918701171875 1070.37109375 
v 1631.3419189453125 -330.61737060546875 1065.512939453125 
v 1640.2177734375 -317.66619873046875 1052.6533203125 
v 1602.32958984375 -328.4588623046875 1039.888916015625 
v 1600.6072998046875 -339.731201171875 1039.888916015625 
v 1616.68115234375 -331.0970764160156 1034.935546875 
v 1614.3406982421875 -342.3694152832031 1035.03076171875 
v 1611.82373046875 -362.9953918457031 1032.268310546875 
v 1596.235595703125 -326.5401611328125 1052.74853515625 
v 1594.6458740234375 -338.5320129394531 1052.177001953125 
v 1602.8153076171875 -326.3003234863281 1065.417724609375 
v 1600.563232421875 -339.4913635253906 1064.6556396484375 
v 1617.1668701171875 -327.97918701171875 1070.37109375 
v 1614.25244140625 -342.3694152832031 1069.6090087890625 
v 1596.27978515625 -365.6335754394531 1066.1798095703125 
v 1611.5145263671875 -362.75555419921875 1071.1331787109375 
v 1597.8253173828125 -461.0887145996094 1062.6552734375 
v 1607.0986328125 -460.6090393066406 1066.6561279296875 
v 1593.85107421875 -461.0887145996094 1052.8438720703125 
v 1589.8326416015625 -366.832763671875 1052.2723388671875 
v 1596.5006103515625 -365.8734436035156 1037.793212890625 
v 1607.2752685546875 -461.0887145996094 1039.22216796875 
v 1597.9136962890625 -461.32855224609375 1043.222900390625 
v 1648.0780029296875 -38.495933532714844 1021.7900390625 
v 1647.98974609375 -27.22359848022461 1021.7900390625 
v 1644.6336669921875 -38.975582122802734 1027.41015625 
v 1636.9058837890625 -31.78049087524414 1037.9837646484375 
v 1638.7164306640625 -47.60972213745117 1035.602294921875 
v 1626.219482421875 -45.930870056152344 1040.46044921875 
v 1639.599609375 -58.16255569458008 1031.125244140625 
v 1646.929931640625 -42.09347915649414 1021.7900390625 
v 1642.4698486328125 -60.80075454711914 1021.7900390625 
v 1627.1026611328125 -60.32110595703125 1021.7900390625 
v 1625.46875 -55.28451156616211 1032.173095703125 
v 1612.5302734375 -47.130069732666016 1037.888427734375 
v 1615.0472412109375 -33.4593391418457 1045.8900146484375 
v 1609.7481689453125 -41.8536262512207 1043.318115234375 
v 1600.3424072265625 -42.8129768371582 1032.83984375 
v 1603.34521484375 -34.89838409423828 1042.74658203125 
v 1594.46923828125 -33.699188232421875 1035.03076171875 
v 1604.0958251953125 -23.146350860595703 1044.2706298828125 
v 1596.633056640625 -41.134132385253906 1021.7900390625 
v 1589.1260986328125 -35.617889404296875 1021.7900390625 
v 1585.99072265625 -17.630111694335938 1021.7900390625 
v 1593.497802734375 -18.349609375 1039.2220458984375 
v 1592.084716796875 -3.4797310829162598 1021.7900390625 
v 1595.7940673828125 -7.077274322509766 1036.650146484375 
v 1612.2210693359375 7.792603969573975 1021.7900390625 
v 1612.9718017578125 1.3170150518417358 1039.41259765625 
v 1631.43017578125 -2.0406813621520996 1039.3172607421875 
v 1614.5615234375 -9.95531940460205 1044.461181640625 
v 1614.0758056640625 -24.345548629760742 1046.3663330078125 
v 1635.27197265625 3.4755587577819824 1021.7900390625 
v 1644.8985595703125 -9.235823631286621 1021.7900390625 
v 1640.0853271484375 -12.353715896606445 1035.697509765625 
v 1647.548095703125 -22.906505584716797 1021.7900390625 
v 1637.3916015625 -22.42685317993164 1039.3172607421875 
v 1609.7481689453125 -41.8536262512207 1043.318115234375 
v 1603.34521484375 -34.89838409423828 1042.74658203125 
v 1602.903564453125 -34.89838409423828 1046.4615478515625 
v 1604.0958251953125 -23.146350860595703 1044.2706298828125 
v 1603.34521484375 -23.146350860595703 1048.6524658203125 
v 1614.0758056640625 -24.345548629760742 1046.3663330078125 
v 1613.6783447265625 -24.585397720336914 1048.5572509765625 
v 1615.0472412109375 -33.4593391418457 1045.8900146484375 
v 1618.3150634765625 -205.42247009277344 1076.08642578125 
v 1622.2010498046875 -185.27618408203125 1076.1817626953125 
v 1582.1048583984375 -203.2639617919922 1065.322509765625 
v 1582.2373046875 -182.63795471191406 1059.797607421875 
v 1581.486572265625 -203.02410888671875 1021.7901000976562 
v 1581.4423828125 -182.63796997070312 1021.7901000976562 
v 1582.2373046875 -182.63796997070312 983.7826538085938 
v 1582.1048583984375 -203.26397705078125 978.2577514648438 
v 1622.2010498046875 -185.2761993408203 967.3984375 
v 1618.3150634765625 -205.42250061035156 967.4937133789062 
v 1579.455322265625 -106.84945678710938 1072.5618896484375 
v 1598.70849609375 -112.84539794921875 1071.3236083984375 
v 1580.11767578125 -133.9510498046875 1060.8453369140625 
v 1617.78515625 -139.2274627685547 1074.1812744140625 
v 1583.87109375 -162.49166870117188 1060.1785888671875 
v 1624.011474609375 -162.01197814941406 1074.6575927734375 
v 1583.87109375 -162.49166870117188 983.496826171875 
v 1624.011474609375 -162.0120086669922 968.9225463867188 
v 1617.78515625 -139.22747802734375 969.3988647460938 
v 1580.11767578125 -133.95106506347656 982.830078125 
v 1598.70849609375 -112.84542083740234 972.351806640625 
v 1579.455322265625 -106.84947967529297 971.1134643554688 
v 1579.676025390625 -133.7112274169922 1021.7901000976562 
v 1575.5693359375 -102.53242492675781 1021.7901000976562 
v 1590.671630859375 -70.63408660888672 1064.369873046875 
v 1590.671630859375 -70.63409423828125 979.4008178710938 
v 1583.34130859375 -162.49166870117188 1021.7901000976562 
v 1607.49609375 -69.43489837646484 975.685791015625 
v 1610.2340087890625 -59.60160827636719 1005.3106689453125 
v 1596.7213134765625 -57.20321273803711 1011.1212768554688 
v 1586.4765625 -71.83329010009766 1021.7901000976562 
v 1593.409423828125 -56.96335983276367 1021.7900390625 
v 1596.7213134765625 -57.203208923339844 1032.4588623046875 
v 1610.2340087890625 -59.601600646972656 1038.26953125 
v 1607.49609375 -69.43488311767578 1067.9896240234375 
v 1594.2926025390625 -84.3048095703125 947.1087646484375 
v 1612.088623046875 -85.74383544921875 945.6798706054688 
v 1600.828125 -98.45519256591797 942.3458862304688 
v 1621.93603515625 -101.33323669433594 951.0142822265625 
v 1599.6358642578125 -106.60965728759766 941.298095703125 
v 1620.0372314453125 -111.4063949584961 948.3471069335938 
v 1599.4150390625 -120.52018737792969 937.6783447265625 
v 1617.9617919921875 -125.07710266113281 945.6798706054688 
v 1599.2384033203125 -134.4307403564453 933.9633178710938 
v 1615.8421630859375 -138.74781799316406 943.0126953125 
v 1597.8695068359375 -147.86163330078125 932.8202514648438 
v 1612.397705078125 -150.9794921875 940.9170532226562 
v 1598.664306640625 -157.45509338378906 931.7723999023438 
v 1612.5302734375 -162.73150634765625 938.2498779296875 
v 1614.6939697265625 -175.68270874023438 934.7254028320312 
v 1599.017578125 -169.68679809570312 927.2000732421875 
v 1606.78955078125 -228.926513671875 926.1522827148438 
v 1617.9617919921875 -226.28831481933594 930.81982421875 
v 1607.58447265625 -236.60130310058594 925.19970703125 
v 1618.9774169921875 -233.4834442138672 929.6767578125 
v 1615.532958984375 -228.44683837890625 940.0597534179688 
v 1616.8135986328125 -234.44277954101562 938.53564453125 
v 1604.97900390625 -232.28424072265625 941.86962890625 
v 1605.5972900390625 -238.52000427246094 940.0597534179688 
v 1595.48486328125 -178.8005828857422 953.1099243164062 
v 1612.6627197265625 -181.4387969970703 949.3948974609375 
v 1610.4547119140625 -169.4469451904297 951.1095581054688 
v 1610.8079833984375 -156.49574279785156 956.25341796875 
v 1595.88232421875 -169.20712280273438 954.2529907226562 
v 1595.926513671875 -157.455078125 959.8731689453125 
v 1596.89794921875 -145.22340393066406 964.2550048828125 
v 1614.605712890625 -144.7437286376953 960.158935546875 
v 1597.9136962890625 -131.5526885986328 967.0173950195312 
v 1617.5201416015625 -131.3128662109375 962.1593017578125 
v 1598.8851318359375 -117.88198852539062 969.6846313476562 
v 1620.4346923828125 -117.88198852539062 964.1597290039062 
v 1598.70849609375 -112.84542083740234 972.351806640625 
v 1625.0712890625 -108.28849792480469 967.3031616210938 
v 1618.5799560546875 -79.98773956298828 955.777099609375 
v 1605.46484375 -74.47149658203125 959.3968505859375 
v 1621.626953125 -75.19099426269531 971.5897216796875 
v 1607.49609375 -69.43489837646484 975.685791015625 
v 1605.46484375 -74.47149658203125 959.3968505859375 
v 1590.362548828125 -75.43084716796875 962.7308349609375 
v 1594.2926025390625 -84.3048095703125 947.1087646484375 
v 1580.73583984375 -99.41453552246094 953.3956909179688 
v 1590.671630859375 -70.63409423828125 979.4008178710938 
v 1579.455322265625 -106.84947967529297 971.1134643554688 
v 1581.6632080078125 -115.96328735351562 967.4937133789062 
v 1598.8851318359375 -117.88198852539062 969.6846313476562 
v 1597.9136962890625 -131.5526885986328 967.0173950195312 
v 1582.634765625 -129.63400268554688 963.5881958007812 
v 1596.89794921875 -145.22340393066406 964.2550048828125 
v 1607.49609375 -69.43489837646484 975.685791015625 
v 1598.70849609375 -112.84542083740234 972.351806640625 
v 1600.828125 -98.45519256591797 942.3458862304688 
v 1582.14892578125 -109.24784851074219 950.0617065429688 
v 1582.988037109375 -123.15840911865234 946.3466796875 
v 1583.56201171875 -143.5445556640625 959.4921264648438 
v 1595.926513671875 -157.455078125 959.8731689453125 
v 1584.621826171875 -156.0160675048828 955.3008422851562 
v 1595.88232421875 -169.20712280273438 954.2529907226562 
v 1599.6358642578125 -106.60965728759766 941.298095703125 
v 1599.4150390625 -120.52018737792969 937.6783447265625 
v 1583.8270263671875 -137.06893920898438 942.5364379882812 
v 1599.2384033203125 -134.4307403564453 933.9633178710938 
v 1584.57763671875 -150.25999450683594 940.3455200195312 
v 1597.8695068359375 -147.86163330078125 932.8202514648438 
v 1598.664306640625 -157.45509338378906 931.7723999023438 
v 1585.2841796875 -159.373779296875 937.6783447265625 
v 1584.7984619140625 -166.08921813964844 950.252197265625 
v 1582.8114013671875 -174.96319580078125 948.6328735351562 
v 1595.48486328125 -178.8005828857422 953.1099243164062 
v 1604.97900390625 -232.28424072265625 941.86962890625 
v 1596.323974609375 -233.24359130859375 938.7261352539062 
v 1605.5972900390625 -238.52000427246094 940.0597534179688 
v 1597.4278564453125 -240.1988525390625 937.1068115234375 
v 1596.544677734375 -230.84521484375 929.58154296875 
v 1597.5604248046875 -238.52000427246094 928.53369140625 
v 1606.78955078125 -228.926513671875 926.1522827148438 
v 1607.58447265625 -236.60130310058594 925.19970703125 
v 1599.017578125 -169.68679809570312 927.2000732421875 
v 1583.7386474609375 -169.4469451904297 934.2490844726562 
v 1631.3419189453125 -330.6174011230469 978.0672607421875 
v 1617.1668701171875 -327.9792175292969 973.2091674804688 
v 1627.98583984375 -345.2474670410156 978.8292846679688 
v 1614.25244140625 -342.3694152832031 974.0664672851562 
v 1611.5145263671875 -362.75555419921875 972.4470825195312 
v 1637.47998046875 -332.77593994140625 990.64111328125 
v 1634.0355224609375 -346.6864929199219 991.2127075195312 
v 1631.076904296875 -333.0157775878906 1003.5007934570312 
v 1628.0740966796875 -345.2474670410156 1003.6913452148438 
v 1616.68115234375 -331.0970764160156 1008.6446533203125 
v 1614.3406982421875 -342.3694152832031 1008.5494384765625 
v 1627.0584716796875 -360.357177734375 1005.6917114257812 
v 1611.82373046875 -362.9953918457031 1011.3118896484375 
v 1616.5487060546875 -459.4098815917969 1000.2620849609375 
v 1607.2752685546875 -461.0887145996094 1004.358154296875 
v 1620.3021240234375 -458.69036865234375 990.6411743164062 
v 1633.46142578125 -359.15802001953125 991.7842407226562 
v 1626.79345703125 -360.11737060546875 977.876708984375 
v 1607.0986328125 -460.60906982421875 977.0194091796875 
v 1616.4161376953125 -458.9302062988281 981.0202026367188 
v 1602.32958984375 -328.4588623046875 1003.7865600585938 
v 1616.68115234375 -331.0970764160156 1008.6446533203125 
v 1600.6072998046875 -339.731201171875 1003.6913452148438 
v 1614.3406982421875 -342.3694152832031 1008.5494384765625 
v 1611.82373046875 -362.9953918457031 1011.3118896484375 
v 1596.235595703125 -326.5401916503906 990.9268798828125 
v 1594.6458740234375 -338.5320129394531 991.4031982421875 
v 1602.8153076171875 -326.30035400390625 978.1624755859375 
v 1600.563232421875 -339.4913635253906 979.0198364257812 
v 1617.1668701171875 -327.9792175292969 973.2091674804688 
v 1614.25244140625 -342.3694152832031 974.0664672851562 
v 1596.27978515625 -365.63360595703125 977.4004516601562 
v 1611.5145263671875 -362.75555419921875 972.4470825195312 
v 1597.8253173828125 -461.0887451171875 981.0202026367188 
v 1607.0986328125 -460.60906982421875 977.0194091796875 
v 1593.85107421875 -461.0887451171875 990.7363891601562 
v 1589.8326416015625 -366.8327941894531 991.3079223632812 
v 1596.5006103515625 -365.8734436035156 1005.7869873046875 
v 1607.2752685546875 -461.0887145996094 1004.358154296875 
v 1597.9136962890625 -461.32855224609375 1000.3573608398438 
v 1648.0780029296875 -38.495933532714844 1021.7900390625 
v 1647.98974609375 -27.22359848022461 1021.7900390625 
v 1644.6336669921875 -38.9755859375 1016.169921875 
v 1636.9058837890625 -31.78049659729004 1005.596435546875 
v 1638.7164306640625 -47.60972595214844 1007.9778442382812 
v 1626.219482421875 -45.930877685546875 1003.2149658203125 
v 1639.599609375 -58.162559509277344 1012.4548950195312 
v 1646.929931640625 -42.09347915649414 1021.7900390625 
v 1642.4698486328125 -60.80075454711914 1021.7900390625 
v 1627.1026611328125 -60.32110595703125 1021.7900390625 
v 1625.46875 -55.284515380859375 1011.4071044921875 
v 1612.5302734375 -47.13007354736328 1005.691650390625 
v 1615.0472412109375 -33.459346771240234 997.6901245117188 
v 1609.7481689453125 -41.853633880615234 1000.2620239257812 
v 1600.3424072265625 -42.81298065185547 1010.7402954101562 
v 1603.34521484375 -34.89839172363281 1000.9288330078125 
v 1594.46923828125 -33.69919204711914 1008.6446533203125 
v 1604.0958251953125 -23.146358489990234 999.3094482421875 
v 1596.633056640625 -41.134132385253906 1021.7900390625 
v 1589.1260986328125 -35.617889404296875 1021.7900390625 
v 1585.99072265625 -17.630111694335938 1021.7900390625 
v 1593.497802734375 -18.3496150970459 1004.3580932617188 
v 1592.084716796875 -3.4797310829162598 1021.7900390625 
v 1595.7940673828125 -7.077279090881348 1007.0252685546875 
v 1612.2210693359375 7.792603969573975 1021.7900390625 
v 1612.9718017578125 1.3170093297958374 1004.1675415039062 
v 1631.43017578125 -2.040687084197998 1004.2628173828125 
v 1614.5615234375 -9.955326080322266 999.1189575195312 
v 1614.0758056640625 -24.345556259155273 997.2138061523438 
v 1635.27197265625 3.4755587577819824 1021.7900390625 
v 1644.8985595703125 -9.235823631286621 1021.7900390625 
v 1640.0853271484375 -12.353720664978027 1007.882568359375 
v 1647.548095703125 -22.906505584716797 1021.7900390625 
v 1637.3916015625 -22.42685890197754 1004.2628173828125 
v 1609.7481689453125 -41.853633880615234 1000.2620239257812 
v 1603.34521484375 -34.89839172363281 1000.9288330078125 
v 1602.903564453125 -34.89839172363281 997.1185302734375 
v 1604.0958251953125 -23.146358489990234 999.3094482421875 
v 1603.34521484375 -23.146360397338867 994.9276733398438 
v 1614.0758056640625 -24.345556259155273 997.2138061523438 
v 1613.6783447265625 -24.585407257080078 995.0228881835938 
v 1615.0472412109375 -33.459346771240234 997.6901245117188 
v 1626.837646484375 -259.6256103515625 1114.5701904296875 
v 1623.7906494140625 -247.6337890625 1114.66552734375 
v 1619.9488525390625 -247.8736114501953 1105.7113037109375 
v 1622.33349609375 -247.39393615722656 1105.0445556640625 
v 1625.46875 -247.15411376953125 1109.902587890625 
v 1627.8974609375 -258.42645263671875 1104.5682373046875 
v 1629.5755615234375 -257.7069396972656 1108.3785400390625 
v 1631.2535400390625 -256.50775146484375 1100.47216796875 
v 1633.7264404296875 -254.58905029296875 1104.5682373046875 
v 1626.131103515625 -243.3167266845703 1100.948486328125 
v 1628.7364501953125 -241.87770080566406 1106.378173828125 
v 1616.8135986328125 -234.44276428222656 1105.0445556640625 
v 1618.9774169921875 -233.48341369628906 1113.9034423828125 
v 1605.5972900390625 -238.5199737548828 1103.5203857421875 
v 1606.8779296875 -249.552490234375 1104.187255859375 
v 1597.4278564453125 -240.19882202148438 1106.568603515625 
v 1596.544677734375 -251.23133850097656 1107.2354736328125 
v 1608.4234619140625 -260.8248291015625 1106.6639404296875 
v 1597.1629638671875 -262.98333740234375 1109.140625 
v 1622.642578125 -258.42645263671875 1107.616455078125 
v 1627.7650146484375 -283.1296691894531 1108.0927734375 
v 1624.320556640625 -282.6499938964844 1103.9014892578125 
v 1615.974609375 -285.2881774902344 1110.28369140625 
v 1613.501708984375 -284.0889892578125 1103.4251708984375 
v 1605.332275390625 -285.7678527832031 1109.140625 
v 1605.023193359375 -285.52801513671875 1104.66357421875 
v 1607.0986328125 -460.6090393066406 1066.6561279296875 
v 1652.4498291015625 -474.0399169921875 1068.9422607421875 
v 1616.4161376953125 -458.93017578125 1062.56005859375 
v 1660.663330078125 -473.8000793457031 1064.94140625 
v 1620.3021240234375 -458.6903381347656 1053.034423828125 
v 1664.3284912109375 -474.2797546386719 1055.9873046875 
v 1661.678955078125 -483.1537170410156 1067.3228759765625 
v 1665.96240234375 -483.1537170410156 1056.558837890625 
v 1660.7957763671875 -474.2797546386719 1047.033203125 
v 1661.634765625 -483.1537170410156 1045.7947998046875 
v 1652.6705322265625 -474.51959228515625 1042.9371337890625 
v 1651.919921875 -483.1537170410156 1041.6988525390625 
v 1651.7432861328125 -483.1537170410156 1071.51416015625 
v 1616.5487060546875 -459.40985107421875 1043.318115234375 
v 1607.2752685546875 -461.0887145996094 1039.22216796875 
v 1621.31787109375 -482.91387939453125 1053.4154052734375 
v 1665.96240234375 -483.1537170410156 1056.558837890625 
v 1618.050048828125 -483.1537170410156 1061.2264404296875 
v 1661.678955078125 -483.1537170410156 1067.3228759765625 
v 1652.4498291015625 -474.0399169921875 1068.9422607421875 
v 1607.0986328125 -460.6090393066406 1066.6561279296875 
v 1651.7432861328125 -483.1537170410156 1071.51416015625 
v 1609.4390869140625 -483.1537170410156 1068.0849609375 
v 1599.72412109375 -483.1537170410156 1063.79833984375 
v 1597.8253173828125 -461.0887145996094 1062.6552734375 
v 1595.48486328125 -483.1537170410156 1053.3201904296875 
v 1593.85107421875 -461.0887145996094 1052.8438720703125 
v 1599.856689453125 -483.1537170410156 1042.8419189453125 
v 1597.9136962890625 -461.32855224609375 1043.222900390625 
v 1609.7041015625 -483.1537170410156 1038.650634765625 
v 1607.2752685546875 -461.0887145996094 1039.22216796875 
v 1652.6705322265625 -474.51959228515625 1042.9371337890625 
v 1651.919921875 -483.1537170410156 1041.6988525390625 
v 1609.7923583984375 -482.91387939453125 1055.0347900390625 
v 1621.31787109375 -482.91387939453125 1053.4154052734375 
v 1609.7041015625 -483.1537170410156 1038.650634765625 
v 1618.09423828125 -482.91387939453125 1045.509033203125 
v 1595.48486328125 -483.1537170410156 1053.3201904296875 
v 1609.7923583984375 -482.91387939453125 1055.0347900390625 
v 1599.856689453125 -483.1537170410156 1042.8419189453125 
v 1609.7041015625 -483.1537170410156 1038.650634765625 
v 1599.72412109375 -483.1537170410156 1063.79833984375 
v 1609.4390869140625 -483.1537170410156 1068.0849609375 
v 1595.48486328125 -483.1537170410156 1053.3201904296875 
v 1609.7923583984375 -482.91387939453125 1055.0347900390625 
v 1609.4390869140625 -483.1537170410156 1068.0849609375 
v 1618.050048828125 -483.1537170410156 1061.2264404296875 
v 1609.7923583984375 -482.91387939453125 1055.0347900390625 
v 1621.31787109375 -482.91387939453125 1053.4154052734375 
v 1618.09423828125 -482.91387939453125 1045.509033203125 
v 1621.31787109375 -482.91387939453125 1053.4154052734375 
v 1661.634765625 -483.1537170410156 1045.7947998046875 
v 1665.96240234375 -483.1537170410156 1056.558837890625 
v 1609.7041015625 -483.1537170410156 1038.650634765625 
v 1618.09423828125 -482.91387939453125 1045.509033203125 
v 1651.919921875 -483.1537170410156 1041.6988525390625 
v 1661.634765625 -483.1537170410156 1045.7947998046875 
v 1618.050048828125 -483.1537170410156 1061.2264404296875 
v 1609.4390869140625 -483.1537170410156 1068.0849609375 
v 1661.678955078125 -483.1537170410156 1067.3228759765625 
v 1651.7432861328125 -483.1537170410156 1071.51416015625 
v 1627.7650146484375 -283.1296691894531 1108.0927734375 
v 1615.974609375 -285.2881774902344 1110.28369140625 
v 1626.837646484375 -259.6256103515625 1114.5701904296875 
v 1611.6470947265625 -262.26385498046875 1118.3804931640625 
v 1623.7906494140625 -247.6337890625 1114.66552734375 
v 1605.332275390625 -285.7678527832031 1109.140625 
v 1597.7811279296875 -263.22320556640625 1116.380126953125 
v 1605.023193359375 -285.52801513671875 1104.66357421875 
v 1597.1629638671875 -262.98333740234375 1109.140625 
v 1596.942138671875 -250.5118408203125 1116.2847900390625 
v 1596.544677734375 -251.23133850097656 1107.2354736328125 
v 1597.5604248046875 -238.28012084960938 1115.0465087890625 
v 1597.4278564453125 -240.19882202148438 1106.568603515625 
v 1607.58447265625 -236.6012725830078 1118.3804931640625 
v 1609.7041015625 -249.31263732910156 1119.3330078125 
v 1618.9774169921875 -233.48341369628906 1113.9034423828125 
v 1625.46875 -247.15411376953125 1109.902587890625 
v 1628.7364501953125 -241.87770080566406 1106.378173828125 
v 1629.5755615234375 -257.7069396972656 1108.3785400390625 
v 1633.7264404296875 -254.58905029296875 1104.5682373046875 
v 1626.57275390625 -63.43899917602539 1021.7900390625 
v 1627.1026611328125 -60.32110595703125 1021.7900390625 
v 1623.2608642578125 -62.23979949951172 1033.8876953125 
v 1625.46875 -55.28451156616211 1032.173095703125 
v 1610.2340087890625 -59.601600646972656 1038.26953125 
v 1612.5302734375 -47.130069732666016 1037.888427734375 
v 1596.7213134765625 -57.203208923339844 1032.4588623046875 
v 1600.3424072265625 -42.8129768371582 1032.83984375 
v 1593.409423828125 -56.96335983276367 1021.7900390625 
v 1596.633056640625 -41.134132385253906 1021.7900390625 
v 1619.9488525390625 -247.87364196777344 937.964111328125 
v 1622.642578125 -258.4264831542969 936.1542358398438 
v 1626.837646484375 -259.3858337402344 929.105224609375 
v 1627.7650146484375 -282.6499938964844 935.773193359375 
v 1623.7906494140625 -247.63381958007812 929.0099487304688 
v 1622.377685546875 -247.3939666748047 938.6309204101562 
v 1625.46875 -247.15414428710938 933.6775512695312 
v 1627.8974609375 -258.1866149902344 939.107177734375 
v 1629.5755615234375 -257.7069396972656 935.2969360351562 
v 1631.2977294921875 -256.2679443359375 943.2032470703125 
v 1633.7264404296875 -254.58908081054688 939.107177734375 
v 1626.17529296875 -243.31674194335938 942.7269287109375 
v 1628.7364501953125 -241.8777313232422 937.2020874023438 
v 1616.8135986328125 -234.44277954101562 938.53564453125 
v 1618.9774169921875 -233.4834442138672 929.6767578125 
v 1605.5972900390625 -238.52000427246094 940.0597534179688 
v 1606.9219970703125 -249.55252075195312 939.4882202148438 
v 1597.4278564453125 -240.1988525390625 937.1068115234375 
v 1596.544677734375 -251.2313690185547 936.5352783203125 
v 1608.4234619140625 -260.5849914550781 937.1068115234375 
v 1597.1629638671875 -262.7435607910156 934.630126953125 
v 1624.36474609375 -281.93048095703125 939.9645385742188 
v 1613.501708984375 -283.3695068359375 940.4407958984375 
v 1615.974609375 -284.80853271484375 933.5823364257812 
v 1605.332275390625 -285.2882080078125 934.7254028320312 
v 1605.023193359375 -284.80853271484375 939.2024536132812 
v 1607.0986328125 -460.60906982421875 977.0194091796875 
v 1616.4161376953125 -458.9302062988281 981.0202026367188 
v 1652.4498291015625 -474.0399169921875 974.6380004882812 
v 1660.663330078125 -473.8000793457031 978.7340698242188 
v 1651.6990966796875 -483.15374755859375 972.3518676757812 
v 1661.5465087890625 -483.15374755859375 976.3526611328125 
v 1664.3284912109375 -474.2797546386719 987.5929565429688 
v 1665.96240234375 -483.15374755859375 987.0214233398438 
v 1660.7957763671875 -474.2797546386719 996.5470581054688 
v 1661.634765625 -483.15374755859375 997.785400390625 
v 1652.6705322265625 -474.51959228515625 1000.7384033203125 
v 1651.919921875 -483.15374755859375 1001.9767456054688 
v 1620.3021240234375 -458.69036865234375 990.6411743164062 
v 1616.5487060546875 -459.4098815917969 1000.2620849609375 
v 1607.2752685546875 -461.0887145996094 1004.358154296875 
v 1661.5465087890625 -483.15374755859375 976.3526611328125 
v 1618.005859375 -482.9139099121094 982.258544921875 
v 1665.96240234375 -483.15374755859375 987.0214233398438 
v 1621.31787109375 -482.9139099121094 990.1648559570312 
v 1652.4498291015625 -474.0399169921875 974.6380004882812 
v 1607.0986328125 -460.60906982421875 977.0194091796875 
v 1651.6990966796875 -483.15374755859375 972.3518676757812 
v 1609.4390869140625 -483.15374755859375 975.590576171875 
v 1599.72412109375 -483.15374755859375 979.7818603515625 
v 1597.8253173828125 -461.0887451171875 981.0202026367188 
v 1595.48486328125 -483.15374755859375 990.3554077148438 
v 1593.85107421875 -461.0887451171875 990.7363891601562 
v 1599.856689453125 -483.15374755859375 1000.7384033203125 
v 1597.9136962890625 -461.32855224609375 1000.3573608398438 
v 1609.7041015625 -483.15374755859375 1004.9296875 
v 1607.2752685546875 -461.0887145996094 1004.358154296875 
v 1652.6705322265625 -474.51959228515625 1000.7384033203125 
v 1651.919921875 -483.15374755859375 1001.9767456054688 
v 1618.09423828125 -482.9139099121094 998.0711669921875 
v 1609.7041015625 -483.15374755859375 1004.9296875 
v 1621.31787109375 -482.9139099121094 990.1648559570312 
v 1609.7923583984375 -482.9139099121094 988.5455322265625 
v 1609.7041015625 -483.15374755859375 1004.9296875 
v 1599.856689453125 -483.15374755859375 1000.7384033203125 
v 1609.7923583984375 -482.9139099121094 988.5455322265625 
v 1595.48486328125 -483.15374755859375 990.3554077148438 
v 1609.7923583984375 -482.9139099121094 988.5455322265625 
v 1595.48486328125 -483.15374755859375 990.3554077148438 
v 1609.4390869140625 -483.15374755859375 975.590576171875 
v 1599.72412109375 -483.15374755859375 979.7818603515625 
v 1621.31787109375 -482.9139099121094 990.1648559570312 
v 1609.7923583984375 -482.9139099121094 988.5455322265625 
v 1618.005859375 -482.9139099121094 982.258544921875 
v 1609.4390869140625 -483.15374755859375 975.590576171875 
v 1665.96240234375 -483.15374755859375 987.0214233398438 
v 1661.634765625 -483.15374755859375 997.785400390625 
v 1621.31787109375 -482.9139099121094 990.1648559570312 
v 1618.09423828125 -482.9139099121094 998.0711669921875 
v 1661.634765625 -483.15374755859375 997.785400390625 
v 1651.919921875 -483.15374755859375 1001.9767456054688 
v 1618.09423828125 -482.9139099121094 998.0711669921875 
v 1609.7041015625 -483.15374755859375 1004.9296875 
v 1651.6990966796875 -483.15374755859375 972.3518676757812 
v 1661.5465087890625 -483.15374755859375 976.3526611328125 
v 1609.4390869140625 -483.15374755859375 975.590576171875 
v 1618.005859375 -482.9139099121094 982.258544921875 
v 1627.7650146484375 -282.6499938964844 935.773193359375 
v 1615.974609375 -284.80853271484375 933.5823364257812 
v 1626.837646484375 -259.3858337402344 929.105224609375 
v 1611.6029052734375 -262.2638854980469 925.3901977539062 
v 1623.7906494140625 -247.63381958007812 929.0099487304688 
v 1605.332275390625 -285.2882080078125 934.7254028320312 
v 1597.7811279296875 -262.9833679199219 927.390625 
v 1605.023193359375 -284.80853271484375 939.2024536132812 
v 1597.1629638671875 -262.7435607910156 934.630126953125 
v 1596.89794921875 -250.51187133789062 927.390625 
v 1596.544677734375 -251.2313690185547 936.5352783203125 
v 1597.5604248046875 -238.52000427246094 928.53369140625 
v 1597.4278564453125 -240.1988525390625 937.1068115234375 
v 1607.58447265625 -236.60130310058594 925.19970703125 
v 1609.7041015625 -249.55252075195312 924.3424072265625 
v 1618.9774169921875 -233.4834442138672 929.6767578125 
v 1625.46875 -247.15414428710938 933.6775512695312 
v 1628.7364501953125 -241.8777313232422 937.2020874023438 
v 1629.5755615234375 -257.7069396972656 935.2969360351562 
v 1633.7264404296875 -254.58908081054688 939.107177734375 
v 1596.633056640625 -41.134132385253906 1021.7900390625 
v 1593.409423828125 -56.96335983276367 1021.7900390625 
v 1600.3424072265625 -42.81298065185547 1010.7402954101562 
v 1596.7213134765625 -57.20321273803711 1011.1212768554688 
v 1612.5302734375 -47.13007354736328 1005.691650390625 
v 1610.2340087890625 -59.60160827636719 1005.3106689453125 
v 1625.46875 -55.284515380859375 1011.4071044921875 
v 1623.2608642578125 -62.239803314208984 1009.6924438476562 
v 1627.1026611328125 -60.32110595703125 1021.7900390625 
v 1626.57275390625 -63.43899917602539 1021.7900390625 
vn -0.0030714855529367924 -0.009318207390606403 0.0019331284565851092 
vn 0.00020769356342498213 -0.0004586236027535051 0.009987318888306618 
vn 0.008035983890295029 -0.0005895249196328223 0.0059224506840109825 
vn 0.008664249442517757 0.0018463378073647618 0.004639162216335535 
vn 0.008556812070310116 -0.0001529219007352367 0.00517277279868722 
vn 0.0010547315469011664 0.00032764734351076186 0.009938822127878666 
vn 0.008300266228616238 0.0005022695404477417 0.005554575473070145 
vn 0.008754812180995941 0.0007203260320238769 0.004778534173965454 
vn 0.00997993629425764 0.0006331380573101342 -1.0315148041284417e-10 
vn 0.0077773286029696465 -0.00010923159425146878 0.006285000592470169 
vn 0.009959910064935684 0.0008945280569605529 -1.4573740825252202e-10 
vn 0.0077773286029696465 -0.00010923363879555836 -0.006285000592470169 
vn 0.008754812180995941 0.0007203244604170322 -0.004778534173965454 
vn -0.00007545328844571486 0.0004149713786318898 -0.009991100989282131 
vn 0.0006223743548616767 0.0008945264271460474 -0.009940446354448795 
vn 0.0010547315469011664 0.00032764411298558116 -0.009938822127878666 
vn 0.008300266228616238 0.0005022677360102534 -0.005554575473070145 
vn 0.009995967149734497 0.00028397227288223803 -4.626504734872583e-11 
vn 0.009991385973989964 -0.0004149730084463954 6.760781517956005e-11 
vn 0.0006223743548616767 0.0008945296285673976 0.00994044542312622 
vn -0.00007545328844571486 0.000414974638260901 0.009991100989282131 
vn 0.008556812070310116 -0.0001529235887574032 -0.00517277279868722 
vn 0.00020769356342498213 -0.0004586268332786858 -0.009987318888306618 
vn 0.008664249442517757 0.001846336293965578 -0.004639162681996822 
vn 0.008035983890295029 -0.0005895268404856324 -0.005922450218349695 
vn 0.007229621987789869 0.006283577997237444 -0.0028721459675580263 
vn 0.005863582715392113 0.006907015573233366 -0.004232201725244522 
vn 0.007686236407607794 0.004448177292943001 -0.004597334656864405 
vn 0.0012207147665321827 0.006385005544871092 -0.007598786614835262 
vn 0.0007632654742337763 0.00946783646941185 -0.003126898081973195 
vn -0.0030714855529367924 -0.009318208321928978 -0.0019331254297867417 
vn 0.009686049073934555 0.002486052457243204 -4.050301483093932e-10 
vn 0.008394233882427216 0.005434780847281218 -8.854398880764336e-10 
vn 0.009767014533281326 0.0021460256539285183 -3.4963262840470577e-10 
vn 0.007229621987789869 0.0062835789285600185 0.0028721438720822334 
vn 0.007686236407607794 0.004448178689926863 0.004597333259880543 
vn 0.005896768532693386 0.006875354330986738 0.004237643908709288 
vn 0.0012207147665321827 0.006385008338838816 0.007598784752190113 
vn 0.0007632654742337763 0.009467837400734425 0.0031268950551748276 
vn -0.003801862010732293 0.005212873686105013 0.0076401433907449245 
vn 0.003353617386892438 0.0041324603371322155 0.008466169238090515 
vn -0.0005281420890241861 0.0014152859803289175 0.009885243140161037 
vn 0.008183402940630913 0.0002839732333086431 0.005740319844335318 
vn -0.0006788046448491514 0.0019750045612454414 0.009779497981071472 
vn 0.007772428914904594 -0.00037131187855266035 0.006281041074544191 
vn -0.0003584653895813972 0.002146027283743024 0.009760433807969093 
vn 0.008356395177543163 -0.000021846046365681104 0.005492739845067263 
vn -0.000018869768609874882 0.0015017391415312886 0.009886577725410461 
vn 0.008519706316292286 -0.0008074566721916199 0.0051732598803937435 
vn -0.000282929977402091 0.0009380396804772317 0.009951885789632797 
vn 0.008622678928077221 -0.00045862438855692744 0.005043716635555029 
vn 0.0004717880510725081 0.0025283521972596645 0.00966358371078968 
vn 0.0089175496250391 0.00176038290373981 0.00416873674839735 
vn 0.008844074793159962 0.0016312007792294025 0.004372815601527691 
vn 0.0003018848365172744 0.0019750045612454414 0.009798378683626652 
vn 0.00016990590665955096 0.0008510024636052549 0.009962274692952633 
vn 0.008865956217050552 0.001285405014641583 0.004443259444087744 
vn 0.00003775948061957024 0.0011986949248239398 0.009927824139595032 
vn 0.007447272073477507 0.003486267291009426 0.005690700840204954 
vn 0.006865405943244696 -0.0008074586512520909 -0.007225940003991127 
vn 0.005115589126944542 0.0018892607185989618 -0.008382209576666355 
vn -0.0005281473859213293 -0.002401316072791815 -0.009693025611341 
vn -0.0006414690869860351 -0.0015449230559170246 -0.009859093464910984 
vn -0.0010740133002400398 -0.0017603838350623846 -0.009785067290067673 
vn 0.007118129171431065 -0.0004149741434957832 -0.0070114219561219215 
vn 0.007269866298884153 -0.0010250047780573368 -0.0067895809188485146 
vn 0.0071217697113752365 -0.0033631136175245047 -0.006161969155073166 
vn -0.0008674474665895104 -0.0026549543254077435 -0.00960201770067215 
vn -0.0008293677819892764 -0.0038520514499396086 -0.009190965443849564 
vn -0.0004907569382339716 -0.002823043614625931 -0.009580687619745731 
vn 0.007490382995456457 -0.0031565832905471325 -0.00582495890557766 
vn -0.00007550227746833116 -0.0021886825561523438 -0.009757252410054207 
vn 0.007767664734274149 -0.0023588768672198057 -0.005839441437274218 
vn 0.00033974170219153166 -0.0032806892413645983 -0.009440426714718342 
vn 0.007860695011913776 -0.003527186345309019 -0.005076260771602392 
vn -0.0030714855529367924 -0.009318207390606403 0.0019331284565851092 
vn 0.008035983890295029 -0.0005895249196328223 0.0059224506840109825 
vn 0.006711751222610474 0.005902570206671953 0.004484647884964943 
vn 0.00048783820238895714 0.008965907618403435 0.004401647951453924 
vn 0.005896768532693386 0.006875354330986738 0.004237643908709288 
vn 0.0007632654742337763 0.009467837400734425 0.0031268950551748276 
vn 0.00048783820238895714 0.008965907618403435 0.004401647951453924 
vn -0.006103016901761293 0.007365799974650145 0.0029151623602956533 
vn -0.003801862010732293 0.005212873686105013 0.0076401433907449245 
vn -0.008741878904402256 0.0018892628140747547 0.004473280161619186 
vn -0.006368677597492933 0.007424622308462858 0.00207723886705935 
vn -0.00992966815829277 -0.0007638984825462103 0.0009045128826983273 
vn -0.00776739651337266 -0.0029067674186080694 -0.005587330088019371 
vn 0.00033974170219153166 -0.0032806892413645983 -0.009440426714718342 
vn -0.00007550227746833116 -0.0021886825561523438 -0.009757252410054207 
vn -0.007948638871312141 -0.001803377759642899 -0.00579370092600584 
vn -0.0004907569382339716 -0.002823043614625931 -0.009580687619745731 
vn 0.0007632654742337763 0.009467837400734425 0.0031268950551748276 
vn -0.0030714855529367924 -0.009318207390606403 0.0019331284565851092 
vn -0.0005281420890241861 0.0014152859803289175 0.009885243140161037 
vn -0.008315006271004677 0.0006331389304250479 0.005519040860235691 
vn -0.008529448881745338 0.0009380389237776399 0.005135035142302513 
vn -0.008171827532351017 -0.0019750038627535105 -0.005414849147200584 
vn -0.0008293677819892764 -0.0038520514499396086 -0.009190965443849564 
vn -0.00819997675716877 -0.002486053155735135 -0.005155571270734072 
vn -0.0008674474665895104 -0.0026549543254077435 -0.00960201770067215 
vn -0.0006788046448491514 0.0019750045612454414 0.009779497981071472 
vn -0.0003584653895813972 0.002146027283743024 0.009760433807969093 
vn -0.008531424216926098 0.0006767389131709933 0.0051727001555264 
vn -0.000018869768609874882 0.0015017391415312886 0.009886577725410461 
vn -0.008601740933954716 0.0005022694822400808 0.005075211636722088 
vn -0.000282929977402091 0.0009380396804772317 0.009951885789632797 
vn 0.0004717880510725081 0.0025283521972596645 0.00966358371078968 
vn -0.00829626340419054 0.002060593804344535 0.0051890225149691105 
vn -0.008459726348519325 -0.0010250045452266932 -0.005232818424701691 
vn -0.008617943152785301 -0.0011553040239959955 -0.004939262755215168 
vn -0.0010740133002400398 -0.0017603838350623846 -0.009785067290067673 
vn -0.0005281473859213293 -0.002401316072791815 -0.009693025611341 
vn -0.008065784350037575 -0.0026549536269158125 -0.005281510297209024 
vn -0.0006414690869860351 -0.0015449230559170246 -0.009859093464910984 
vn -0.008145670406520367 -0.0011986943427473307 -0.0056754895485937595 
vn -0.00790091697126627 -0.0008074564975686371 0.006076473277062178 
vn -0.007775546982884407 0.00024029442283790559 0.006283560302108526 
vn 0.00016990590665955096 0.0008510024636052549 0.009962274692952633 
vn 0.00003775948061957024 0.0011986949248239398 0.009927824139595032 
vn 0.0003018848365172744 0.0019750045612454414 0.009798378683626652 
vn -0.00825134664773941 0.0010684584267437458 0.005547401960939169 
vn -0.000018874285160563886 -0.0005459008389152586 0.009985070675611496 
vn -0.00651179626584053 -0.0009815290104597807 0.007525497116148472 
vn 0.00005660851820721291 -0.0005895242793485522 0.009982448071241379 
vn -0.006341374479234219 -0.0002839710214175284 0.007726986892521381 
vn -0.009993505664169788 -0.00019660990801639855 0.0003019719442818314 
vn -0.000094391725724563 -0.0005022669793106616 0.009986932389438152 
vn -0.00686083547770977 -0.0006331368931569159 0.007247625850141048 
vn -0.000169860475580208 -0.0005459008389152586 0.00998364295810461 
vn -0.006307308096438646 -0.001198692130856216 0.007666877005249262 
vn -0.00007545328844571486 0.000414974638260901 0.009991100989282131 
vn -0.0077773286029696465 -0.00010923159425146878 0.006285000592470169 
vn -0.009648249484598637 -0.0023163924925029278 0.0012432269286364317 
vn -0.0099541200324893 -0.0009380381088703871 -0.00018863394507206976 
vn -0.009856236167252064 -0.001674292958341539 0.00022660808463115245 
vn -0.006568847689777613 -0.0004149742308072746 -0.007528481539338827 
vn -0.006610007956624031 -0.0019321520812809467 -0.007250833325088024 
vn 0.0001699676940916106 -0.0008074591169133782 -0.009965897537767887 
vn 0.0001888689148472622 -0.00180337845813483 -0.009834233671426773 
vn -0.006590734701603651 -0.0012420618440955877 -0.007417513057589531 
vn -1.0243360013559386e-15 -0.0013720185961574316 -0.009905431419610977 
vn -0.006647375877946615 -0.0024013156071305275 -0.0070743253454566 
vn 0.000056631066399859264 -0.002017818856984377 -0.009794141165912151 
vn -0.007355745416134596 -0.0065516093745827675 -0.0017232029931619763 
vn -0.0005091706989333034 -0.009097144939005375 -0.00412100600078702 
vn -0.00965624675154686 -0.002358875935897231 0.001092066871933639 
vn -0.009686049073934555 -0.002486052457243204 4.0503214671083754e-10 
vn -0.009994630701839924 0.0003276457136962563 -5.337830177865044e-11 
vn -0.0077773286029696465 -0.00010923363879555836 -0.006285000592470169 
vn -0.00965624675154686 -0.0023588761687278748 -0.001092066173441708 
vn -0.0044286008924245834 -0.00896590668708086 1.460735421510151e-9 
vn -0.007355745416134596 -0.00655160890892148 0.001723205205053091 
vn -0.0005091706989333034 -0.0090971440076828 0.004121008794754744 
vn 0.000056631066399859264 -0.0020178155973553658 0.009794142097234726 
vn -0.006647375877946615 -0.002401313278824091 0.007074326276779175 
vn 3.0686093619727243e-15 -0.0013720153365284204 0.009905431419610977 
vn -0.0006549396202899516 -0.009978529997169971 1.6257122315010974e-9 
vn -0.009648249484598637 -0.002316392958164215 -0.0012432262301445007 
vn -0.006307308096438646 -0.0011986945755779743 -0.0076668765395879745 
vn -0.00007545328844571486 0.0004149713786318898 -0.009991100989282131 
vn -0.000169860475580208 -0.0005459040985442698 -0.00998364295810461 
vn -0.00686083547770977 -0.0006331392214633524 -0.007247625384479761 
vn -0.000094391725724563 -0.0005022702389396727 -0.009986932389438152 
vn -0.00651179626584053 -0.000981531455181539 -0.007525497116148472 
vn -0.000018874285160563886 -0.0005459040985442698 -0.009985070675611496 
vn 0.00005660851820721291 -0.0005895275389775634 -0.009982447139918804 
vn -0.006341374479234219 -0.0002839735534507781 -0.007726986892521381 
vn -0.009993505664169788 -0.00019661000987980515 -0.00030197185697034 
vn -0.009856236167252064 -0.0016742930747568607 -0.00022660753165837377 
vn -0.006568847689777613 -0.0004149717860855162 0.007528481539338827 
vn -0.0099541200324893 -0.0009380380506627262 0.00018863425066228956 
vn -0.006590734701603651 -0.0012420593993738294 0.007417513523250818 
vn 0.0001888689148472622 -0.0018033751985058188 0.009834234602749348 
vn -0.006610007956624031 -0.0019321496365591884 0.0072508337907493114 
vn 0.0001699676940916106 -0.0008074558572843671 0.009965897537767887 
vn 0.006434358190745115 -0.0014585236785933375 0.007514767814427614 
vn 0.00005660851820721291 -0.0005895242793485522 0.009982448071241379 
vn 0.006454503163695335 -0.0009815290104597807 0.0075746942311525345 
vn -0.00015102335601113737 0.00010923424997599795 0.009998262859880924 
vn 3.0975433721762207e-15 0.00015292437456082553 0.00999883096665144 
vn 0.009773670695722103 -0.0021033291704952717 0.00022664532298222184 
vn 0.009905143640935421 -0.001372016966342926 0.00007553063187515363 
vn 0.006571703124791384 -0.0016312012448906898 -0.007358797360211611 
vn 0.006615244783461094 -0.0005022698314860463 -0.007482396904379129 
vn 0.0001699676940916106 -0.0008074591169133782 -0.009965897537767887 
vn -0.00009432138904230669 0.0006331364274956286 -0.009979491122066975 
vn 0.006796348839998245 -0.00028397346613928676 -0.007330006919801235 
vn 0.00007548787834821269 0.00028397064306773245 -0.009995682165026665 
vn 0.0053630489856004715 0.004092629998922348 -0.007381604518741369 
vn -0.0007540678489021957 0.00032764411298558116 -0.00996614433825016 
vn 0.008044871501624584 0.005937783047556877 -0.00015090647502802312 
vn 0.009970780462026596 -0.000763898657169193 1.2445512675984816e-10 
vn 0.006727632135152817 -0.0005022674449719489 0.0073815095238387585 
vn -0.001036485773511231 0.0008510024636052549 0.009909667074680328 
vn 0.005196528509259224 0.004873341880738735 0.007017594296485186 
vn 0.0001888689148472622 -0.00180337845813483 -0.009834233671426773 
vn 0.006691372953355312 -0.0018463381566107273 -0.0071983723901212215 
vn 0.0001699676940916106 -0.0008074591169133782 -0.009965897537767887 
vn 0.006571703124791384 -0.0016312012448906898 -0.007358797360211611 
vn 0.009773670695722103 -0.0021033291704952717 0.00022664532298222184 
vn -1.0243360013559386e-15 -0.0013720185961574316 -0.009905431419610977 
vn 0.006590734701603651 -0.0012420618440955877 -0.007417513057589531 
vn 0.000056631066399859264 -0.002017818856984377 -0.009794141165912151 
vn 0.006973882205784321 -0.002697054063901305 -0.006640095263719559 
vn -0.0005091706989333034 -0.009097144939005375 -0.00412100600078702 
vn 0.00760237593203783 -0.006283578462898731 -0.0016494018491357565 
vn 0.004271230194717646 -0.009041935205459595 1.4731211805951716e-9 
vn -0.0006549396202899516 -0.009978529997169971 1.6257122315010974e-9 
vn -0.0005091706989333034 -0.0090971440076828 0.004121008794754744 
vn 0.00760237593203783 -0.006283577997237444 0.0016494038281962276 
vn 0.006973882205784321 -0.0026970519684255123 0.006640096195042133 
vn 0.000056631066399859264 -0.0020178155973553658 0.009794142097234726 
vn 0.006590734701603651 -0.0012420593993738294 0.007417513523250818 
vn 3.0686093619727243e-15 -0.0013720153365284204 0.009905431419610977 
vn 0.006691372953355312 -0.0018463358283042908 0.007198372855782509 
vn 0.0001888689148472622 -0.0018033751985058188 0.009834234602749348 
vn 0.0001699676940916106 -0.0008074558572843671 0.009965897537767887 
vn 0.006571703124791384 -0.0016311988001689315 0.007358797825872898 
vn 0.009773670695722103 -0.0021033294033259153 -0.0002266446390422061 
vn 0.009894737973809242 -0.0014152844669297338 -0.00030189179233275354 
vn 0.006434358190745115 -0.001458526123315096 -0.007514767348766327 
vn 0.009963437914848328 -0.0008510008337907493 0.0000755168148316443 
vn 0.009659746661782265 -0.002103329636156559 -0.0015050917863845825 
vn 0.009844266809523106 -0.0015880760038271546 -0.000753942527808249 
vn 0.009893063455820084 -0.0014585249591618776 2.376243368740205e-10 
vn 0.009959910064935684 0.0008945280569605529 -1.4573740825252202e-10 
vn 0.009844266809523106 -0.001588075770996511 0.0007539430516771972 
vn 0.0077773286029696465 -0.00010923363879555836 -0.006285000592470169 
vn 0.006419764366000891 -0.0012420618440955877 -0.007565970998257399 
vn 0.006671628914773464 -0.0005022698314860463 -0.007432165555655956 
vn 0.006482675205916166 -0.0007638998795300722 -0.007575709838420153 
vn 0.00005660851820721291 -0.0005895275389775634 -0.009982447139918804 
vn -0.000018874285160563886 -0.0005459040985442698 -0.009985070675611496 
vn -0.000094391725724563 -0.0005022702389396727 -0.009986932389438152 
vn -0.000169860475580208 -0.0005459040985442698 -0.00998364295810461 
vn -0.00007545328844571486 0.0004149713786318898 -0.009991100989282131 
vn 0.0077773286029696465 -0.00010923159425146878 0.006285000592470169 
vn 0.006419764366000891 -0.0012420593993738294 0.007565970998257399 
vn 0.009659746661782265 -0.0021033291704952717 0.0015050924848765135 
vn 0.006671628914773464 -0.0005022674449719489 0.007432166021317244 
vn -0.000094391725724563 -0.0005022669793106616 0.009986932389438152 
vn -0.000018874285160563886 -0.0005459008389152586 0.009985070675611496 
vn -0.00007545328844571486 0.000414974638260901 0.009991100989282131 
vn -0.000169860475580208 -0.0005459008389152586 0.00998364295810461 
vn 0.009963437914848328 -0.0008510008337907493 -0.00007551653834525496 
vn 0.006482675205916166 -0.0007638974348083138 0.007575709838420153 
vn 0.00005660851820721291 -0.0005895242793485522 0.009982448071241379 
vn 0.006434358190745115 -0.0014585236785933375 0.007514767814427614 
vn 0.009894737973809242 -0.001415284350514412 0.0003018922288902104 
vn -0.006568847689777613 -0.0004149742308072746 -0.007528481539338827 
vn -0.006603879388421774 0.001328722108155489 -0.007390756160020828 
vn 0.0001699676940916106 -0.0008074591169133782 -0.009965897537767887 
vn -0.00009432138904230669 0.0006331364274956286 -0.009979491122066975 
vn 0.00007548787834821269 0.00028397064306773245 -0.009995682165026665 
vn -0.009993505664169788 -0.00019660990801639855 0.0003019719442818314 
vn -0.009872807189822197 0.0015880758874118328 -0.00007546727283624932 
vn -0.006341374479234219 -0.0002839710214175284 0.007726986892521381 
vn -0.006675399374216795 0.0010684586595743895 0.007368679624050856 
vn 0.00005660851820721291 -0.0005895242793485522 0.009982448071241379 
vn -0.00015102335601113737 0.00010923424997599795 0.009998262859880924 
vn -0.006809353828430176 0.0005459036910906434 0.007303060032427311 
vn 3.0975433721762207e-15 0.00015292437456082553 0.00999883096665144 
vn -0.0070672715082764626 -0.00032764457864686847 0.0070672715082764626 
vn -0.001036485773511231 0.0008510024636052549 0.009909667074680328 
vn -0.009985017590224743 -0.0005459024687297642 -0.00003774841388803907 
vn -0.00997986551374197 0.0006331380573101342 -0.00003772913260036148 
vn -0.006809353828430176 0.000545901304576546 -0.007303060498088598 
vn -0.0007540678489021957 0.00032764411298558116 -0.00996614433825016 
vn -0.007028691004961729 -0.0005022697732783854 -0.007095437031239271 
vn 0.009899342432618141 -0.0014152844669297338 2.3057955544913966e-10 
vn 0.009998067282140255 -0.00019660996622405946 3.203189102851667e-11 
vn 0.008462496101856232 -0.0005459015956148505 0.005299824755638838 
vn 0.006028258707374334 -0.0005895245703868568 0.007956918329000473 
vn 0.005671593360602856 -0.0025283494032919407 0.007838397286832333 
vn 0.0015409344341605902 -0.004012740217149258 0.009029032662510872 
vn 0.004379893187433481 -0.006715082563459873 0.005976972635835409 
vn 0.009738045744597912 -0.0022738652769476175 3.704604123466737e-10 
vn 0.0060948338359594345 -0.007927988655865192 1.2916359093395613e-9 
vn 0.006435311399400234 -0.007654199376702309 1.2470298127453816e-9 
vn 0.0032744682393968105 -0.005212871357798576 0.007880598306655884 
vn -0.001559875556267798 -0.0034452793188393116 0.009257258847355843 
vn 0.002097806427627802 -0.002570599317550659 0.009433516301214695 
vn -0.0025259291287511587 -0.005760591942816973 0.007774011697620153 
vn -0.007337938062846661 -0.0030735419131815434 0.0060587129555642605 
vn -0.008454779163002968 -0.003972681239247322 0.0035685449838638306 
vn -0.007563150953501463 -0.003771258983761072 0.005345684941858053 
vn -0.005024537444114685 0.005760594271123409 0.006447446998208761 
vn -0.009387684054672718 -0.0034452807158231735 -0.00003776184530579485 
vn -0.008956131525337696 -0.004448178224265575 -0.00003776663288590498 
vn -0.009959839284420013 0.0008945280569605529 0.000037744011933682486 
vn -0.006980971898883581 0.0008074586512520909 0.007114354986697435 
vn -0.007554799783974886 0.00655160890892148 -0.000037734454963356256 
vn -0.006113399751484394 0.005025206599384546 0.0061133988201618195 
vn -0.0016092058504000306 0.009869602508842945 -0.000037456295103766024 
vn -0.0014774055453017354 0.007216292433440685 0.00676331203430891 
vn 0.004215077962726355 0.0057962555438280106 0.006973990239202976 
vn -0.0005470701144076884 0.002443708246573806 0.009681373834609985 
vn 0.003806032007560134 0.003972683101892471 0.008350563235580921 
vn 0.0053796484135091305 0.008429672569036484 -1.3733707504570702e-9 
vn 0.00935729406774044 0.003527185646817088 -5.746526032801569e-10 
vn 0.007805062457919121 0.0025283514987677336 0.005717380903661251 
vn 0.009999976493418217 0.00002184694130846765 -3.5593255773291865e-12 
vn 0.006106851622462273 0.00015292403986677527 0.007917257957160473 
vn -0.0025259291287511587 -0.005760591942816973 0.007774011697620153 
vn -0.008454779163002968 -0.003972681239247322 0.0035685449838638306 
vn -0.007279665675014257 -0.003972680773586035 0.005587868858128786 
vn -0.005024537444114685 0.005760594271123409 0.006447446998208761 
vn -0.005649954080581665 0.005507929250597954 0.006143349222838879 
vn 0.003806032007560134 0.003972683101892471 0.008350563235580921 
vn 0.005319101270288229 0.00444817915558815 0.00720561295747757 
vn 0.002097806427627802 -0.002570599317550659 0.009433516301214695 
vn -0.00007545328844571486 0.000414974638260901 0.009991100989282131 
vn 0.0006223743548616767 0.0008945296285673976 0.00994044542312622 
vn -0.0077773286029696465 -0.00010923159425146878 0.006285000592470169 
vn -0.0084170987829566 0.000851001706905663 0.005331814754754305 
vn -0.009994630701839924 0.0003276457136962563 -5.337830177865044e-11 
vn -0.009989406913518906 0.00045862520346418023 -0.00003776517041842453 
vn -0.0084170987829566 0.0008509999606758356 -0.005331815220415592 
vn -0.0077773286029696465 -0.00010923363879555836 -0.006285000592470169 
vn 0.0006223743548616767 0.0008945264271460474 -0.009940446354448795 
vn -0.00007545328844571486 0.0004149713786318898 -0.009991100989282131 
vn -0.00992966815829277 -0.0007638984825462103 0.0009045128826983273 
vn -0.0030714855529367924 -0.009318207390606403 0.0019331284565851092 
vn -0.008233864791691303 -0.0016742921434342861 0.005422195885330439 
vn 0.00020769356342498213 -0.0004586236027535051 0.009987318888306618 
vn -0.008052954450249672 -0.00019660899124573916 0.005925476551055908 
vn 0.0010547315469011664 0.00032764734351076186 0.009938822127878666 
vn -0.008052954450249672 -0.00019661092665046453 -0.005925476551055908 
vn 0.0010547315469011664 0.00032764411298558116 -0.009938822127878666 
vn 0.00020769356342498213 -0.0004586268332786858 -0.009987318888306618 
vn -0.008233864791691303 -0.0016742938896641135 -0.005422195419669151 
vn -0.0030714855529367924 -0.009318208321928978 -0.0019331254297867417 
vn -0.009932897984981537 -0.0007203253917396069 -0.0009048068313859403 
vn -0.009937921538949013 -0.0011118910042569041 -0.000037751993659185246 
vn -0.009916970506310463 0.001285404316149652 -0.000037764129956485704 
vn -0.006368677597492933 0.007424622308462858 0.00207723886705935 
vn -0.006368677597492933 0.007424621842801571 -0.0020772411953657866 
vn -0.009998067282140255 -0.00019660996622405946 3.203395881890003e-11 
vn 0.0007632654742337763 0.00946783646941185 -0.003126898081973195 
vn 0.0012207147665321827 0.006385005544871092 -0.007598786614835262 
vn -0.007280151359736919 0.00510056409984827 -0.004580790642648935 
vn -0.009069656021893024 0.0042118774726986885 -0.00003774019569391385 
vn -0.00922831054776907 0.0038520500529557467 -6.275779340647603e-10 
vn -0.007280151359736919 0.005100565496832132 0.004580788780003786 
vn 0.0012207147665321827 0.006385008338838816 0.007598784752190113 
vn 0.0007632654742337763 0.009467837400734425 0.0031268950551748276 
vn -0.003801862010732293 0.005212871357798576 -0.007640145253390074 
vn 0.003353617386892438 0.004132458008825779 -0.00846617016941309 
vn -0.0005281420890241861 0.0014152828371152282 -0.009885243140161037 
vn 0.008183402940630913 0.0002839713415596634 -0.005740320309996605 
vn -0.0006788046448491514 0.0019750013016164303 -0.009779498912394047 
vn 0.007772428914904594 -0.0003713139449246228 -0.006281041074544191 
vn -0.0003584653895813972 0.0021460240241140127 -0.009760434739291668 
vn 0.008356395177543163 -0.000021847836251254193 -0.005492739845067263 
vn -0.000018869768609874882 0.0015017358819022775 -0.009886578656733036 
vn 0.008519706316292286 -0.0008074583602137864 -0.0051732598803937435 
vn -0.000282929977402091 0.0009380364790558815 -0.009951885789632797 
vn 0.008622678928077221 -0.0004586260474752635 -0.005043716169893742 
vn 0.0004717880510725081 0.002528349170461297 -0.009663584642112255 
vn 0.0089175496250391 0.001760381506755948 -0.004168737679719925 
vn 0.008844074793159962 0.0016311992658302188 -0.004372816067188978 
vn 0.0003018848365172744 0.0019750013016164303 -0.009798379614949226 
vn 0.00016990590665955096 0.0008509992039762437 -0.009962275624275208 
vn 0.008865956217050552 0.0012854035012423992 -0.004443259909749031 
vn 0.00005659987073158845 0.0011553015792742372 -0.00993287842720747 
vn 0.007447272073477507 0.003486265428364277 -0.005690702237188816 
vn 0.006865405943244696 -0.0008074563229456544 0.007225940469652414 
vn 0.005115589126944542 0.0018892633961513638 0.008382209576666355 
vn -0.0005281473859213293 -0.0024013128131628036 0.009693026542663574 
vn -0.0006222911179065704 -0.0015017358819022775 0.009866992942988873 
vn -0.0010740133002400398 -0.0017603805754333735 0.009785067290067673 
vn 0.007118129171431065 -0.0004149718733970076 0.0070114219561219215 
vn 0.007269866298884153 -0.001025002566166222 0.006789581384509802 
vn 0.007099354173988104 -0.003404228249564767 0.006165257655084133 
vn -0.0008674474665895104 -0.0026549510657787323 0.009602018631994724 
vn -0.0007923709345050156 -0.003892333712428808 0.009177248924970627 
vn -0.0005095926462672651 -0.0028649300802499056 0.009567261673510075 
vn 0.007490382995456457 -0.0031565814279019833 0.005824959836900234 
vn -0.00007550227746833116 -0.0021886792965233326 0.009757252410054207 
vn 0.007767664734274149 -0.0023588750045746565 0.005839442368596792 
vn 0.00033974170219153166 -0.003280685981735587 0.009440427646040916 
vn 0.007881034165620804 -0.0034862656611949205 0.005072992295026779 
vn -0.0030714855529367924 -0.009318208321928978 -0.0019331254297867417 
vn 0.008035983890295029 -0.0005895268404856324 -0.005922450218349695 
vn 0.006711751222610474 0.005902568344026804 -0.004484649747610092 
vn 0.00048783820238895714 0.00896590668708086 -0.004401651211082935 
vn 0.005863582715392113 0.006907015573233366 -0.004232201725244522 
vn 0.0007632654742337763 0.00946783646941185 -0.003126898081973195 
vn 0.00048783820238895714 0.00896590668708086 -0.004401651211082935 
vn -0.006103016901761293 0.00736579904332757 -0.0029151649214327335 
vn -0.003801862010732293 0.005212871357798576 -0.007640145253390074 
vn -0.008741878904402256 0.001889261300675571 -0.004473281092941761 
vn -0.006368677597492933 0.007424621842801571 -0.0020772411953657866 
vn -0.009932897984981537 -0.0007203253917396069 -0.0009048068313859403 
vn -0.00776739651337266 -0.00290676555596292 0.005587331019341946 
vn 0.00033974170219153166 -0.003280685981735587 0.009440427646040916 
vn -0.00007550227746833116 -0.0021886792965233326 0.009757252410054207 
vn -0.007948638871312141 -0.0018033758969977498 0.005793701857328415 
vn -0.0005095926462672651 -0.0028649300802499056 0.009567261673510075 
vn 0.0007632654742337763 0.00946783646941185 -0.003126898081973195 
vn -0.0030714855529367924 -0.009318208321928978 -0.0019331254297867417 
vn -0.0005281420890241861 0.0014152828371152282 -0.009885243140161037 
vn -0.008315006271004677 0.0006331371259875596 -0.005519040860235691 
vn -0.008529448881745338 0.0009380372357554734 -0.0051350356079638 
vn -0.00818148534744978 -0.0020178162958472967 0.005384395364671946 
vn -0.0007923709345050156 -0.003892333712428808 0.009177248924970627 
vn -0.00819997675716877 -0.0024860515259206295 0.005155572202056646 
vn -0.0008674474665895104 -0.0026549510657787323 0.009602018631994724 
vn -0.0006788046448491514 0.0019750013016164303 -0.009779498912394047 
vn -0.0003584653895813972 0.0021460240241140127 -0.009760434739291668 
vn -0.008531424216926098 0.0006767372833564878 -0.005172700621187687 
vn -0.000018869768609874882 0.0015017358819022775 -0.009886578656733036 
vn -0.008601740933954716 0.0005022677942179143 -0.005075211636722088 
vn -0.000282929977402091 0.0009380364790558815 -0.009951885789632797 
vn 0.0004717880510725081 0.002528349170461297 -0.009663584642112255 
vn -0.00829626340419054 0.0020605921745300293 -0.005189023446291685 
vn -0.008459726348519325 -0.0010250029154121876 0.005232818890362978 
vn -0.008617943152785301 -0.00115530239418149 0.004939263220876455 
vn -0.0010740133002400398 -0.0017603805754333735 0.009785067290067673 
vn -0.0005281473859213293 -0.0024013128131628036 0.009693026542663574 
vn -0.008065784350037575 -0.0026549517642706633 0.005281511228531599 
vn -0.0006222911179065704 -0.0015017358819022775 0.009866992942988873 
vn -0.008175555616617203 -0.0011553022777661681 0.005641415249556303 
vn -0.00790091697126627 -0.0008074584766291082 -0.00607647281140089 
vn -0.007775546982884407 0.00024029238556977361 -0.006283560302108526 
vn 0.00016990590665955096 0.0008509992039762437 -0.009962275624275208 
vn 0.00005659987073158845 0.0011553015792742372 -0.00993287842720747 
vn 0.0003018848365172744 0.0019750013016164303 -0.009798379614949226 
vn -0.00825134664773941 0.0010684565640985966 -0.005547401960939169 
vn 0.006434358190745115 -0.001458526123315096 -0.007514767348766327 
vn 0.00005660851820721291 -0.0005895275389775634 -0.009982447139918804 
vn 0.006454503163695335 -0.000981531455181539 -0.007574693765491247 
vn -0.00015102335601113737 0.0001092309903469868 -0.009998262859880924 
vn -1.033994612174361e-15 0.00015292111493181437 -0.00999883096665144 
vn 0.009773670695722103 -0.0021033294033259153 -0.0002266446390422061 
vn 0.009905143640935421 -0.001372016966342926 -0.00007553018804173917 
vn 0.006571703124791384 -0.0016311988001689315 0.007358797825872898 
vn 0.006615244783461094 -0.000502267386764288 0.007482396904379129 
vn 0.0001699676940916106 -0.0008074558572843671 0.009965897537767887 
vn -0.00009432138904230669 0.0006331396871246397 0.009979491122066975 
vn 0.006796348839998245 -0.0002839710796251893 0.007330006919801235 
vn 0.00007548787834821269 0.0002839739026967436 0.009995682165026665 
vn 0.0053630489856004715 0.0040926323272287846 0.007381603121757507 
vn -0.0007540678489021957 0.00032764734351076186 0.00996614433825016 
vn 0.008044871501624584 0.005937783047556877 0.00015090453962329775 
vn 0.009970780462026596 -0.000763898657169193 1.2445512675984816e-10 
vn 0.006727632135152817 -0.0005022698314860463 -0.0073815095238387585 
vn -0.001036485773511231 0.0008509992039762437 -0.009909667074680328 
vn 0.005196528509259224 0.004873339552432299 -0.007017596159130335 
vn -0.006568847689777613 -0.0004149717860855162 0.007528481539338827 
vn 0.0001699676940916106 -0.0008074558572843671 0.009965897537767887 
vn -0.006603879388421774 0.0013287244364619255 0.007390755694359541 
vn -0.00009432138904230669 0.0006331396871246397 0.009979491122066975 
vn 0.00007548787834821269 0.0002839739026967436 0.009995682165026665 
vn -0.009993505664169788 -0.00019661000987980515 -0.00030197185697034 
vn -0.009872807189822197 0.0015880758874118328 0.00007546675624325871 
vn -0.006341374479234219 -0.0002839735534507781 -0.007726986892521381 
vn -0.006675399374216795 0.001068456331267953 -0.007368679624050856 
vn 0.00005660851820721291 -0.0005895275389775634 -0.009982447139918804 
vn -0.00015102335601113737 0.0001092309903469868 -0.009998262859880924 
vn -0.006809353828430176 0.000545901304576546 -0.007303060498088598 
vn -1.033994612174361e-15 0.00015292111493181437 -0.00999883096665144 
vn -0.0070672715082764626 -0.00032764687784947455 -0.0070672715082764626 
vn -0.001036485773511231 0.0008509992039762437 -0.009909667074680328 
vn -0.009985017590224743 -0.0005459024687297642 0.000037748592149000615 
vn -0.00997986551374197 0.0006331380573101342 0.00003772892523556948 
vn -0.006809353828430176 0.0005459036910906434 0.007303060032427311 
vn -0.0007540678489021957 0.00032764734351076186 0.00996614433825016 
vn -0.007028691004961729 -0.0005022675031796098 0.007095437031239271 
vn 0.009899342432618141 -0.0014152844669297338 2.3057955544913966e-10 
vn 0.009998067282140255 -0.00019660996622405946 3.203189102851667e-11 
vn 0.008462496101856232 -0.0005459033418446779 -0.0052998242899775505 
vn 0.006028258707374334 -0.0005895271897315979 -0.007956918329000473 
vn 0.005671593360602856 -0.002528351964429021 -0.007838396355509758 
vn 0.0015409344341605902 -0.0040127430111169815 -0.009029031731188297 
vn 0.004379893187433481 -0.00671508489176631 -0.005976970307528973 
vn 0.009738045744597912 -0.0022738652769476175 3.704604123466737e-10 
vn 0.0060948338359594345 -0.007927988655865192 1.2916359093395613e-9 
vn 0.006435311399400234 -0.007654199376702309 1.2470298127453816e-9 
vn 0.0032744682393968105 -0.005212873686105013 -0.007880596444010735 
vn -0.001559875556267798 -0.003445282345637679 -0.009257257916033268 
vn 0.002097806427627802 -0.0025706023443490267 -0.00943351536989212 
vn -0.0025259291287511587 -0.005760594736784697 -0.007774009834975004 
vn -0.007337938062846661 -0.0030735440086573362 -0.006058712024241686 
vn -0.008454779163002968 -0.003972682170569897 -0.0035685438197106123 
vn -0.007563150953501463 -0.0037712606135755777 -0.005345683544874191 
vn -0.005024537444114685 0.00576059240847826 -0.0064474488608539104 
vn -0.009387684054672718 -0.0034452807158231735 -0.00003776184530579485 
vn -0.008956131525337696 -0.004448178224265575 -0.00003776663288590498 
vn -0.009959839284420013 0.0008945280569605529 0.000037744011933682486 
vn -0.006980971898883581 0.0008074563229456544 -0.007114354986697435 
vn -0.007554799783974886 0.00655160890892148 -0.000037734454963356256 
vn -0.006113399751484394 0.005025204736739397 -0.006113400682806969 
vn -0.0016092058504000306 0.009869602508842945 -0.000037456295103766024 
vn -0.0014774055453017354 0.007216290105134249 -0.006763314362615347 
vn 0.004215077962726355 0.005796253215521574 -0.006973992567509413 
vn -0.0005470701144076884 0.0024437052197754383 -0.00968137476593256 
vn 0.003806032007560134 0.0039726803079247475 -0.00835056509822607 
vn 0.0053796484135091305 0.008429672569036484 -1.3733707504570702e-9 
vn 0.00935729406774044 0.003527185646817088 -5.746526032801569e-10 
vn 0.007805062457919121 0.0025283496361225843 -0.005717381834983826 
vn 0.009999976493418217 0.00002184694130846765 -3.5593255773291865e-12 
vn 0.006106851622462273 0.00015292146417777985 -0.007917257957160473 
vn -0.0025259291287511587 -0.005760594736784697 -0.007774009834975004 
vn -0.008454779163002968 -0.003972682170569897 -0.0035685438197106123 
vn -0.007279665675014257 -0.003972682636231184 -0.005587867461144924 
vn -0.005024537444114685 0.00576059240847826 -0.0064474488608539104 
vn -0.005649954080581665 0.005507926922291517 -0.006143351085484028 
vn 0.003806032007560134 0.0039726803079247475 -0.00835056509822607 
vn 0.005319101270288229 0.0044481768272817135 -0.0072056143544614315 
vn 0.002097806427627802 -0.0025706023443490267 -0.00943351536989212 
vn 0.00908286590129137 0.00032764641218818724 0.004170635715126991 
vn 0.007631933782249689 0.0001966110139619559 0.006458710413426161 
vn 0.001819284399971366 -0.0033219335600733757 -0.009254996664822102 
vn -0.005875265225768089 -0.00621535861864686 -0.005181754473596811 
vn 0.004522773437201977 -0.004487267229706049 0.007707720156759024 
vn -0.004019358195364475 -0.009041935205459595 -0.0014450479065999389 
vn 0.0012224619276821613 -0.006485337391495705 0.007513053715229034 
vn 0.0032833334989845753 -0.004604024812579155 -0.008247585967183113 
vn 0.00985680427402258 -0.0013720168499276042 0.000980297802016139 
vn 0.0015223948284983635 0.0030319334473460913 -0.00940689630806446 
vn 0.008447407744824886 0.005287247244268656 0.000828443153295666 
vn 0.005115589126944542 0.0018892607185989618 -0.008382209576666355 
vn 0.007447272073477507 0.003486267291009426 0.005690700840204954 
vn -0.0006414690869860351 -0.0015449230559170246 -0.009859093464910984 
vn -0.0006414655363187194 -0.0011986949248239398 -0.009907151572406292 
vn -0.008145670406520367 -0.0011986943427473307 -0.0056754895485937595 
vn -0.008031031116843224 -0.0008945289882831275 -0.005890870466828346 
vn -0.0007540678489021957 -0.00032764734351076186 -0.00996614433825016 
vn -0.008309739641845226 -0.0017173548694700003 -0.005291401408612728 
vn 0.005674596410244703 0.0010250023333355784 -0.008169964887201786 
vn 0.008206845261156559 -0.005398051347583532 0.0018731598975136876 
vn 0.004357647150754929 -0.00444817915558815 -0.007824615575373173 
vn 0.0013656540540978312 -0.008382339030504227 0.005279334727674723 
vn 0.00022666441509500146 -0.005544345360249281 -0.008319186046719551 
vn -0.004525402095168829 -0.007980946451425552 0.003978095017373562 
vn -0.004908977076411247 -0.006077499594539404 -0.006242270581424236 
vn -0.001036485773511231 0.0008510024636052549 0.009909667074680328 
vn 0.002037544036284089 0.00456519378349185 0.00866068247705698 
vn 0.005196528509259224 0.004873341880738735 0.007017594296485186 
vn 0.005944688338786364 0.0060427431017160416 0.0053052743896842 
vn 0.008044871501624584 0.005937783047556877 -0.00015090647502802312 
vn 0.008044871501624584 0.005937783047556877 -0.00015090647502802312 
vn 0.006824669428169727 0.0023588771000504494 0.006918062921613455 
vn 0.009834889322519302 0.0018033768283203244 0.00015091370732989162 
vn 0.006215360015630722 0.005434779915958643 -0.005642026197165251 
vn 0.0071536339819431305 0.0014585237950086594 -0.006833610590547323 
vn 0.002680059289559722 0.0034862649627029896 -0.008981271646916866 
vn 0.0023928796872496605 0.0009815286612138152 -0.00965974759310484 
vn 0.0016156882047653198 0.0018463386222720146 0.009694358333945274 
vn 0.0053630489856004715 0.004092629998922348 -0.007381604518741369 
vn -0.0007540678489021957 0.00032764411298558116 -0.00996614433825016 
vn -0.000019445375073701143 -0.00999961793422699 -0.00008519412949681282 
vn -0.000019445375073701143 -0.00999961793422699 -0.00008519412949681282 
vn -0.000019445375073701143 -0.00999961793422699 -0.00008519412949681282 
vn -0.000019445375073701143 -0.00999961793422699 -0.00008519412949681282 
vn 0.002037544036284089 0.00456519378349185 0.00866068247705698 
vn -0.001036485773511231 0.0008510024636052549 0.009909667074680328 
vn 0.0016156882047653198 0.0018463386222720146 0.009694358333945274 
vn -0.0021345254499465227 0.0007639002287760377 0.00973962340503931 
vn -0.006961454637348652 -0.00024029224005062133 0.007174985017627478 
vn -0.0070672715082764626 -0.00032764457864686847 0.0070672715082764626 
vn -0.009974023327231407 -0.000720325275324285 1.1735817873059773e-10 
vn -0.009985017590224743 -0.0005459024687297642 -0.00003774841388803907 
vn -0.006920594722032547 -0.0005022698314860463 -0.007200909312814474 
vn -0.007028691004961729 -0.0005022697732783854 -0.007095437031239271 
vn -0.0014293668791651726 0.0002839706721715629 -0.009893244132399559 
vn -0.0007540678489021957 0.00032764411298558116 -0.00996614433825016 
vn 0.002680059289559722 0.0034862649627029896 -0.008981271646916866 
vn 0.0023928796872496605 0.0009815286612138152 -0.00965974759310484 
vn 0.00004369377711554989 -0.009999904781579971 1.6291944460178343e-9 
vn 0.00004369377711554989 -0.009999904781579971 1.6291944460178343e-9 
vn 0.00004369377711554989 -0.009999904781579971 1.6291944460178343e-9 
vn 0.00004369377711554989 -0.009999904781579971 1.6291944460178343e-9 
vn 0.00004369377711554989 -0.009999904781579971 1.6291944460178343e-9 
vn 0.00004369377711554989 -0.009999904781579971 1.6291944460178343e-9 
vn 0.00004369377711554989 -0.009999904781579971 1.6291944460178343e-9 
vn 0.00004369377711554989 -0.009999904781579971 1.6291944460178343e-9 
vn 0.00004369377711554989 -0.009999904781579971 1.6291944460178343e-9 
vn 0.00004369377711554989 -0.009999904781579971 1.6291944460178343e-9 
vn 0.00004369377711554989 -0.009999904781579971 1.6291944460178343e-9 
vn 0.00004369377711554989 -0.009999904781579971 1.6291944460178343e-9 
vn -0.000019445375073701143 -0.00999961793422699 -0.00008519412949681282 
vn -0.000019445375073701143 -0.00999961793422699 -0.00008519412949681282 
vn -0.000019445375073701143 -0.00999961793422699 -0.00008519412949681282 
vn -0.000019445375073701143 -0.00999961793422699 -0.00008519412949681282 
vn 2.068231052255163e-15 -0.009999999776482582 1.629209989140179e-9 
vn 2.068231052255163e-15 -0.009999999776482582 1.629209989140179e-9 
vn 2.068231052255163e-15 -0.009999999776482582 1.629209989140179e-9 
vn 2.068231052255163e-15 -0.009999999776482582 1.629209989140179e-9 
vn -0.000021846888557774946 -0.009999904781579971 0.00003784155342145823 
vn -0.000021846888557774946 -0.009999904781579971 0.00003784155342145823 
vn -0.000021846888557774946 -0.009999904781579971 0.00003784155342145823 
vn -0.000021846888557774946 -0.009999904781579971 0.00003784155342145823 
vn 2.068231052255163e-15 -0.009999999776482582 1.629209989140179e-9 
vn 2.068231052255163e-15 -0.009999999776482582 1.629209989140179e-9 
vn 2.068231052255163e-15 -0.009999999776482582 1.629209989140179e-9 
vn 2.068231052255163e-15 -0.009999999776482582 1.629209989140179e-9 
vn 0.008206845261156559 -0.005398051347583532 0.0018731598975136876 
vn 0.0013656540540978312 -0.008382339030504227 0.005279334727674723 
vn 0.00908286590129137 0.00032764641218818724 0.004170635715126991 
vn 0.0006039623403921723 -0.0016742913285270333 0.009840324521064758 
vn 0.007631933782249689 0.0001966110139619559 0.006458710413426161 
vn -0.004525402095168829 -0.007980946451425552 0.003978095017373562 
vn -0.0070743258111178875 -0.002401313278824091 0.0066473763436079025 
vn -0.004908977076411247 -0.006077499594539404 -0.006242270581424236 
vn -0.008309739641845226 -0.0017173548694700003 -0.005291401408612728 
vn -0.007729938719421625 0.00006554144056281075 0.0063437968492507935 
vn -0.008031031116843224 -0.0008945289882831275 -0.005890870466828346 
vn -0.007775546982884407 0.00024029442283790559 0.006283560302108526 
vn -0.008145670406520367 -0.0011986943427473307 -0.0056754895485937595 
vn 0.00003775948061957024 0.0011986949248239398 0.009927824139595032 
vn 0.0003771804040297866 0.000414974638260901 0.009984264150261879 
vn 0.007447272073477507 0.003486267291009426 0.005690700840204954 
vn 0.004522773437201977 -0.004487267229706049 0.007707720156759024 
vn 0.008447407744824886 0.005287247244268656 0.000828443153295666 
vn 0.0012224619276821613 -0.006485337391495705 0.007513053715229034 
vn 0.00985680427402258 -0.0013720168499276042 0.000980297802016139 
vn 0.009686049073934555 0.002486052457243204 -4.050301483093932e-10 
vn 0.006435311399400234 -0.007654199376702309 1.2470298127453816e-9 
vn 0.007686236407607794 0.004448178689926863 0.004597333259880543 
vn 0.0032744682393968105 -0.005212871357798576 0.007880598306655884 
vn 0.0012207147665321827 0.006385008338838816 0.007598784752190113 
vn -0.001559875556267798 -0.0034452793188393116 0.009257258847355843 
vn -0.007280151359736919 0.005100565496832132 0.004580788780003786 
vn -0.007337938062846661 -0.0030735419131815434 0.0060587129555642605 
vn -0.00922831054776907 0.0038520500529557467 -6.275779340647603e-10 
vn -0.009387684054672718 -0.0034452807158231735 -0.00003776184530579485 
vn 0.0018382989801466465 -0.0032806862145662308 0.009265946224331856 
vn 0.005721654277294874 0.0011118922848254442 0.008125661872327328 
vn 0.009084079414606094 0.0002839716034941375 -0.004171193111687899 
vn 0.008199099451303482 -0.005434780847281218 -0.0017994215013459325 
vn 0.007632515858858824 0.0001529216970084235 -0.00645920354872942 
vn -0.0058250571601092815 -0.006215356756001711 0.005238133482635021 
vn 0.004502022173255682 -0.004526274744421244 -0.007697053253650665 
vn -0.004021211061626673 -0.009023185819387436 0.0015530543169006705 
vn 0.0012042374582961202 -0.006551610305905342 -0.007458298932760954 
vn 0.0032811614219099283 -0.004526272416114807 0.008291371166706085 
vn 0.00985680427402258 -0.0013720170827582479 -0.0009802973363548517 
vn 0.001503533567301929 0.0030735444743186235 0.009396419860422611 
vn 0.008447407744824886 0.005287247244268656 -0.0008284448413178325 
vn 0.005115589126944542 0.0018892633961513638 0.008382209576666355 
vn 0.007447272073477507 0.003486265428364277 -0.005690702237188816 
vn -0.0006222911179065704 -0.0015017358819022775 0.009866992942988873 
vn -0.0006978421588428319 -0.0011118893744423985 0.009913461282849312 
vn -0.008175555616617203 -0.0011553022777661681 0.005641415249556303 
vn -0.007989210076630116 -0.0008509999024681747 0.005953849293291569 
vn -0.0006788743776269257 -0.0002839706721715629 0.009972888045012951 
vn -0.008309739641845226 -0.0017173532396554947 0.005291401874274015 
vn 0.0043754540383815765 -0.004330398514866829 0.00788054894655943 
vn 0.00018888995691668242 -0.005434779450297356 0.008392108604311943 
vn 0.0013462593778967857 -0.008453099057078362 -0.005170367658138275 
vn -0.004518888425081968 -0.008059240877628326 -0.003824695013463497 
vn -0.0048951576463878155 -0.006007869262248278 0.006320042535662651 
vn -0.001036485773511231 0.0008509992039762437 -0.009909667074680328 
vn 0.005196528509259224 0.004873339552432299 -0.007017596159130335 
vn 0.00202012131921947 0.004487267229706049 -0.008705373853445053 
vn 0.005956852342933416 0.005972882732748985 -0.005370342638343573 
vn 0.0016528337728232145 0.001717352424748242 -0.009711788967251778 
vn 0.006812331732362509 0.002231293125078082 -0.006972335744649172 
vn 0.008045932278037071 0.005937783047556877 0.00007545510743511841 
vn 0.009842675179243088 0.001760382205247879 -0.00015103374607861042 
vn 0.006215360015630722 0.005434781778603792 0.005642024800181389 
vn 0.0071536339819431305 0.001458526006899774 0.006833610124886036 
vn 0.002680059289559722 0.003486267989501357 0.008981269784271717 
vn 0.0023928796872496605 0.0009815318044275045 0.00965974759310484 
vn 0.008044871501624584 0.005937783047556877 0.00015090453962329775 
vn 0.0053630489856004715 0.0040926323272287846 0.007381603121757507 
vn -0.0007540678489021957 0.00032764734351076186 0.00996614433825016 
vn 2.068231052255163e-15 -0.009999999776482582 1.629209989140179e-9 
vn 2.068231052255163e-15 -0.009999999776482582 1.629209989140179e-9 
vn 2.068231052255163e-15 -0.009999999776482582 1.629209989140179e-9 
vn 2.068231052255163e-15 -0.009999999776482582 1.629209989140179e-9 
vn 0.00202012131921947 0.004487267229706049 -0.008705373853445053 
vn -0.001036485773511231 0.0008509992039762437 -0.009909667074680328 
vn 0.0016528337728232145 0.001717352424748242 -0.009711788967251778 
vn -0.002135219518095255 0.0007203236455097795 -0.009742790833115578 
vn -0.006961454637348652 -0.00024029456835705787 -0.00717498455196619 
vn -0.0070672715082764626 -0.00032764687784947455 -0.0070672715082764626 
vn -0.009974023327231407 -0.000720325275324285 1.1735817873059773e-10 
vn -0.009985017590224743 -0.0005459024687297642 0.000037748592149000615 
vn -0.006920594722032547 -0.0005022674449719489 0.007200909312814474 
vn -0.007028691004961729 -0.0005022675031796098 0.007095437031239271 
vn -0.0014293668791651726 0.0002839739026967436 0.009893244132399559 
vn -0.0007540678489021957 0.00032764734351076186 0.00996614433825016 
vn 0.002680059289559722 0.003486267989501357 0.008981269784271717 
vn 0.0023928796872496605 0.0009815318044275045 0.00965974759310484 
vn 0.00004369377711554989 -0.009999904781579971 1.6291944460178343e-9 
vn 0.00004369377711554989 -0.009999904781579971 1.6291944460178343e-9 
vn 0.00004369377711554989 -0.009999904781579971 1.6291944460178343e-9 
vn 0.00004369377711554989 -0.009999904781579971 1.6291944460178343e-9 
vn 0.00004369377711554989 -0.009999904781579971 1.6291944460178343e-9 
vn 0.00004369377711554989 -0.009999904781579971 1.6291944460178343e-9 
vn 0.00004369377711554989 -0.009999904781579971 1.6291944460178343e-9 
vn 0.00004369377711554989 -0.009999904781579971 1.6291944460178343e-9 
vn 0.00004369377711554989 -0.009999904781579971 1.6291944460178343e-9 
vn 0.00004369377711554989 -0.009999904781579971 1.6291944460178343e-9 
vn 0.00004369377711554989 -0.009999904781579971 1.6291944460178343e-9 
vn 0.00004369377711554989 -0.009999904781579971 1.6291944460178343e-9 
vn 0.00004369377711554989 -0.009999904781579971 1.6291944460178343e-9 
vn 0.00004369377711554989 -0.009999904781579971 1.6291944460178343e-9 
vn 0.00004369377711554989 -0.009999904781579971 1.6291944460178343e-9 
vn 0.00004369377711554989 -0.009999904781579971 1.6291944460178343e-9 
vn 2.068231052255163e-15 -0.009999999776482582 1.629209989140179e-9 
vn 2.068231052255163e-15 -0.009999999776482582 1.629209989140179e-9 
vn 2.068231052255163e-15 -0.009999999776482582 1.629209989140179e-9 
vn 2.068231052255163e-15 -0.009999999776482582 1.629209989140179e-9 
vn -0.000021846888557774946 -0.009999904781579971 -0.000037838293792447075 
vn -0.000021846888557774946 -0.009999904781579971 -0.000037838293792447075 
vn -0.000021846888557774946 -0.009999904781579971 -0.000037838293792447075 
vn -0.000021846888557774946 -0.009999904781579971 -0.000037838293792447075 
vn -0.000021846888557774946 -0.009999904781579971 0.00003784155342145823 
vn -0.000021846888557774946 -0.009999904781579971 0.00003784155342145823 
vn -0.000021846888557774946 -0.009999904781579971 0.00003784155342145823 
vn -0.000021846888557774946 -0.009999904781579971 0.00003784155342145823 
vn 0.008199099451303482 -0.005434780847281218 -0.0017994215013459325 
vn 0.0013462593778967857 -0.008453099057078362 -0.005170367658138275 
vn 0.009084079414606094 0.0002839716034941375 -0.004171193111687899 
vn 0.0005849328590556979 -0.0017603838350623846 -0.009826438501477242 
vn 0.007632515858858824 0.0001529216970084235 -0.00645920354872942 
vn -0.004518888425081968 -0.008059240877628326 -0.003824695013463497 
vn -0.007097930181771517 -0.0024860533885657787 -0.00659082131460309 
vn -0.0048951576463878155 -0.006007869262248278 0.006320042535662651 
vn -0.008309739641845226 -0.0017173532396554947 0.005291401874274015 
vn -0.007730085868388414 0.000021845908122486435 -0.0063439179211854935 
vn -0.007989210076630116 -0.0008509999024681747 0.005953849293291569 
vn -0.007775546982884407 0.00024029238556977361 -0.006283560302108526 
vn -0.008175555616617203 -0.0011553022777661681 0.005641415249556303 
vn 0.00005659987073158845 0.0011553015792742372 -0.00993287842720747 
vn 0.00037724521826021373 0.00037131126737222075 -0.00998598150908947 
vn 0.007447272073477507 0.003486265428364277 -0.005690702237188816 
vn 0.004502022173255682 -0.004526274744421244 -0.007697053253650665 
vn 0.008447407744824886 0.005287247244268656 -0.0008284448413178325 
vn 0.0012042374582961202 -0.006551610305905342 -0.007458298932760954 
vn 0.00985680427402258 -0.0013720170827582479 -0.0009802973363548517 
vn -0.009387684054672718 -0.0034452807158231735 -0.00003776184530579485 
vn -0.00922831054776907 0.0038520500529557467 -6.275779340647603e-10 
vn -0.007337938062846661 -0.0030735440086573362 -0.006058712024241686 
vn -0.007280151359736919 0.00510056409984827 -0.004580790642648935 
vn -0.001559875556267798 -0.003445282345637679 -0.009257257916033268 
vn 0.0012207147665321827 0.006385005544871092 -0.007598786614835262 
vn 0.0032744682393968105 -0.005212873686105013 -0.007880596444010735 
vn 0.007686236407607794 0.004448177292943001 -0.004597334656864405 
vn 0.006435311399400234 -0.007654199376702309 1.2470298127453816e-9 
vn 0.009686049073934555 0.002486052457243204 -4.050301483093932e-10 
vt 0.2132457196712494 0.9097577333450317 
vt 0.1578514724969864 0.8702480792999268 
vt 0.22006531059741974 0.8615607023239136 
vt 0.21683497726917267 0.8159818053245544 
vt 0.1488783210515976 0.8130066990852356 
vt 0.11023395508527756 0.8554914593696594 
vt 0.11071252077817917 0.811102569103241 
vt 0.05483970791101456 0.8118166327476501 
vt 0.05507899075746536 0.7573123574256897 
vt 0.010811451822519302 0.8190759420394897 
vt 0.012606081552803516 0.7573123574256897 
vt 0.010811451822519302 0.6956677436828613 
vt 0.05483970791101456 0.7028080224990845 
vt 0.02133994735777378 0.6371172666549683 
vt 0.0615396611392498 0.6498507857322693 
vt 0.11023395508527756 0.6591331958770752 
vt 0.11071252077817917 0.7035220861434937 
vt 0.10975538939237595 0.7573123574256897 
vt 0.14696404337882996 0.7573123574256897 
vt 0.0615396611392498 0.8647738695144653 
vt 0.02133994735777378 0.8775073885917664 
vt 0.1488783210515976 0.7016180157661438 
vt 0.1578514724969864 0.6443765759468079 
vt 0.21683497726917267 0.6986428499221802 
vt 0.22006531059741974 0.653063952922821 
vt 0.2686399519443512 0.7085202932357788 
vt 0.27629706263542175 0.6736518144607544 
vt 0.30249863862991333 0.734225332736969 
vt 0.3237949311733246 0.7199447751045227 
vt 0.3064468204975128 0.6722237467765808 
vt 0.2132457196712494 0.6048669219017029 
vt 0.29867011308670044 0.7573123574256897 
vt 0.2723488509654999 0.7573123574256897 
vt 0.21611712872982025 0.7573123574256897 
vt 0.2686399519443512 0.8061043620109558 
vt 0.30249863862991333 0.7803993225097656 
vt 0.27629706263542175 0.8409728407859802 
vt 0.3237949311733246 0.7946798801422119 
vt 0.3064468204975128 0.8424009084701538 
vt 0.6506568789482117 0.698404848575592 
vt 0.6449140310287476 0.6769839525222778 
vt 0.6226606369018555 0.6906695365905762 
vt 0.622421383857727 0.6536589860916138 
vt 0.6067482829093933 0.6913835406303406 
vt 0.6037572026252747 0.6548490524291992 
vt 0.5793502330780029 0.6912645697593689 
vt 0.5764788389205933 0.6569911241531372 
vt 0.5519522428512573 0.6910265684127808 
vt 0.5492004752159119 0.6592522263526917 
vt 0.5264684557914734 0.691502571105957 
vt 0.5222809910774231 0.6629413366317749 
vt 0.5069668292999268 0.6911455392837524 
vt 0.4946436882019043 0.6665115356445312 
vt 0.4673653244972229 0.6705576777458191 
vt 0.4822009205818176 0.6978098154067993 
vt 0.3619607090950012 0.698404848575592 
vt 0.36387500166893005 0.6784120202064514 
vt 0.34580904245376587 0.698404848575592 
vt 0.34999650716781616 0.6794830560684204 
vt 0.3624393045902252 0.6619893312454224 
vt 0.34951794147491455 0.6640124320983887 
vt 0.3557393252849579 0.6444956064224243 
vt 0.34138229489326477 0.6481847167015076 
vt 0.4634171426296234 0.6170054078102112 
vt 0.4586314558982849 0.647232711315155 
vt 0.48435449600219727 0.6419965028762817 
vt 0.515820324420929 0.6343801617622375 
vt 0.48363664746284485 0.6161723732948303 
vt 0.5082828998565674 0.6090320944786072 
vt 0.5316130518913269 0.6021298170089722 
vt 0.5415433645248413 0.6306909918785095 
vt 0.5581735968589783 0.5942754745483398 
vt 0.5702574253082275 0.6280729174613953 
vt 0.5847341418266296 0.586540162563324 
vt 0.5989715456962585 0.6253358125686646 
vt 0.5993304252624512 0.5791618227958679 
vt 0.621464192867279 0.6225986480712891 
vt 0.6553229093551636 0.6586571931838989 
vt 0.6726710200309753 0.6734138131141663 
vt 0.6732692122459412 0.6353322267532349 
vt 0.6957619190216064 0.650445818901062 
vt 0.5598486065864563 0.028644714504480362 
vt 0.5446540713310242 0.049113575369119644 
vt 0.5255113244056702 0.02328949049115181 
vt 0.4993097484111786 0.04875655844807625 
vt 0.5626003742218018 0.07636571675539017 
vt 0.4987115263938904 0.08493407815694809 
vt 0.4772956073284149 0.08029288798570633 
vt 0.4664081931114197 0.109806127846241 
vt 0.4385316073894501 0.10242781788110733 
vt 0.44690653681755066 0.07600870728492737 
vt 0.41065502166748047 0.094930499792099 
vt 0.5832984447479248 0.05363576486706734 
vt 0.4822009205818176 0.1163514032959938 
vt 0.49823296070098877 0.010555954650044441 
vt 0.4806455969810486 0.04673347622156143 
vt 0.45169222354888916 0.044234368950128555 
vt 0.4165174663066864 0.07172452658414841 
vt 0.38624805212020874 0.0873141810297966 
vt 0.3903158903121948 0.06767835468053818 
vt 0.3602857291698456 0.08029288798570633 
vt 0.4818420112133026 0.012817050330340862 
vt 0.4533672034740448 0.012103020213544369 
vt 0.42285850644111633 0.04161626100540161 
vt 0.4248924255371094 0.011388990096747875 
vt 0.39593905210494995 0.04066421836614609 
vt 0.3985711634159088 0.014840135350823402 
vt 0.37799274921417236 0.014126105234026909 
vt 0.3752409815788269 0.038046110421419144 
vt 0.3667463958263397 0.0613710917532444 
vt 0.34927865862846375 0.05780094116926193 
vt 0.34018588066101074 0.07684174180030823 
vt 0.23394377529621124 0.06256113946437836 
vt 0.23585805296897888 0.049113575369119644 
vt 0.21970638632774353 0.060657061636447906 
vt 0.22030459344387054 0.04768551513552666 
vt 0.23777233064174652 0.03352392092347145 
vt 0.22162064909934998 0.03328590840101242 
vt 0.2363366186618805 0.016744215041399002 
vt 0.22078315913677216 0.01757724955677986 
vt 0.3526286482810974 0.010555954650044441 
vt 0.3557393252849579 0.036380041390657425 
vt 0.08211808651685715 0.02031436562538147 
vt 0.0706324502825737 0.042330291122198105 
vt 0.057112906128168106 0.009960929863154888 
vt 0.05077188089489937 0.03138183057308197 
vt 0.04155944660305977 0.048280540853738785 
vt 0.12040352076292038 0.03876014053821564 
vt 0.10999467223882675 0.06648830324411392 
vt 0.21910817921161652 0.08291099220514297 
vt 0.20307613909244537 0.11313826590776443 
vt 0.26624712347984314 0.09766761213541031 
vt 0.2553597092628479 0.15669409930706024 
vt 0.17507991194725037 0.13705827295780182 
vt 0.10150008648633957 0.09136035293340683 
vt 0.057112906128168106 0.05839596316218376 
vt 0.028039900586009026 0.06160910055041313 
vt 0.04108087718486786 0.07231955230236053 
vt 0.010452525690197945 0.07469964772462845 
vt 0.02265601046383381 0.08874224126338959 
vt 0.08989481627941132 0.11444731801748276 
vt 0.07099137455224991 0.13598722219467163 
vt 0.13787125051021576 0.15574204921722412 
vt 0.10090187937021255 0.1682375818490982 
vt 0.1588086038827896 0.18823042511940002 
vt 0.11035359650850296 0.191086545586586 
vt 0.21145108342170715 0.1731167882680893 
vt 0.21013502776622772 0.1987028568983078 
vt 0.2514115273952484 0.1987028568983078 
vt 0.2553597092628479 0.2405926138162613 
vt 0.21145108342170715 0.22416992485523224 
vt 0.1588086038827896 0.1987028568983078 
vt 0.1588086038827896 0.20917530357837677 
vt 0.11035359650850296 0.20620018243789673 
vt 0.10090187937021255 0.22904913127422333 
vt 0.13787125051021576 0.2415446639060974 
vt 0.07099137455224991 0.2612994909286499 
vt 0.11095180362462997 0.1987028568983078 
vt 0.17507991194725037 0.260347455739975 
vt 0.20307613909244537 0.2841484546661377 
vt 0.26624712347984314 0.2996191084384918 
vt 0.21910817921161652 0.31437572836875916 
vt 0.10999467223882675 0.3307984173297882 
vt 0.12040352076292038 0.3585265874862671 
vt 0.0706324502825737 0.3550754189491272 
vt 0.08211808651685715 0.37709134817123413 
vt 0.057112906128168106 0.38732579350471497 
vt 0.05077188089489937 0.36590489745140076 
vt 0.04155944660305977 0.34900617599487305 
vt 0.057112906128168106 0.33889076113700867 
vt 0.028039900586009026 0.3356776237487793 
vt 0.10150008648633957 0.3059263527393341 
vt 0.08989481627941132 0.2828393876552582 
vt 0.02265601046383381 0.30854448676109314 
vt 0.04108087718486786 0.3249671757221222 
vt 0.010452525690197945 0.3225870728492737 
vt 0.7254331111907959 0.8831006288528442 
vt 0.7019832730293274 0.8829815983772278 
vt 0.7259116768836975 0.8523973226547241 
vt 0.7027011513710022 0.8537063598632812 
vt 0.7019832730293274 0.8136016726493835 
vt 0.7456526160240173 0.8811965584754944 
vt 0.7466097474098206 0.8516833186149597 
vt 0.7656328082084656 0.8791734576225281 
vt 0.7675471305847168 0.8528733253479004 
vt 0.7888433933258057 0.8791734576225281 
vt 0.7903987169265747 0.855848491191864 
vt 0.7702988386154175 0.823241114616394 
vt 0.7947058081626892 0.8159818053245544 
vt 0.7663506865501404 0.6295009851455688 
vt 0.7797505855560303 0.6285489201545715 
vt 0.7527114748954773 0.6296199560165405 
vt 0.7482847571372986 0.8263352513313293 
vt 0.7261509895324707 0.8224080801010132 
vt 0.7257920503616333 0.6273588538169861 
vt 0.7391919493675232 0.6289059519767761 
vt 0.2864666283130646 0.4189811050891876 
vt 0.30381470918655396 0.43587982654571533 
vt 0.2724685072898865 0.43100062012672424 
vt 0.28515055775642395 0.4488513767719269 
vt 0.2963969111442566 0.4640839993953705 
vt 0.33228951692581177 0.37102210521698 
vt 0.35071438550949097 0.393157035112381 
vt 0.362199991941452 0.3398427963256836 
vt 0.40084436535835266 0.3509102463722229 
vt 0.3692588806152344 0.31687483191490173 
vt 0.4174745976924896 0.3191359341144562 
vt 0.4175942540168762 0.3086634874343872 
vt 0.36901959776878357 0.3086634874343872 
vt 0.3692588806152344 0.3004521429538727 
vt 0.4174745976924896 0.29819104075431824 
vt 0.40084436535835266 0.2665356993675232 
vt 0.362199991941452 0.2774841785430908 
vt 0.35071438550949097 0.2242889404296875 
vt 0.33228951692581177 0.24630485475063324 
vt 0.30381470918655396 0.1814471334218979 
vt 0.2864666283130646 0.1983458399772644 
vt 0.2724685072898865 0.18632633984088898 
vt 0.28515055775642395 0.16847558319568634 
vt 0.2963969111442566 0.1533619612455368 
vt 0.3190092444419861 0.1675235480070114 
vt 0.30800217390060425 0.13824832439422607 
vt 0.3620803654193878 0.20072594285011292 
vt 0.43793338537216187 0.24630485475063324 
vt 0.47382599115371704 0.28355342149734497 
vt 0.4725099205970764 0.3086634874343872 
vt 0.5063686370849609 0.3086634874343872 
vt 0.47382599115371704 0.33377352356910706 
vt 0.5128293037414551 0.2574913203716278 
vt 0.4665278196334839 0.2235749065876007 
vt 0.3716517388820648 0.17537787556648254 
vt 0.3326484262943268 0.15217190980911255 
vt 0.32092350721359253 0.12027856707572937 
vt 0.34545013308525085 0.13134603202342987 
vt 0.3836159110069275 0.14836373925209045 
vt 0.4823205769062042 0.19334763288497925 
vt 0.527784526348114 0.21024633944034576 
vt 0.5128293037414551 0.3598356246948242 
vt 0.4665278196334839 0.3937520682811737 
vt 0.43793338537216187 0.37102210521698 
vt 0.3716517388820648 0.4419490694999695 
vt 0.3836159110069275 0.4689632058143616 
vt 0.34545013308525085 0.48598092794418335 
vt 0.527784526348114 0.40708062052726746 
vt 0.4823205769062042 0.4239793121814728 
vt 0.3620803654193878 0.4166010022163391 
vt 0.3326484262943268 0.46515506505966187 
vt 0.32092350721359253 0.49704840779304504 
vt 0.30800217390060425 0.47907865047454834 
vt 0.3190092444419861 0.4498034119606018 
vt 0.6985136866569519 0.2658216655254364 
vt 0.6989922523498535 0.24083063006401062 
vt 0.6735084652900696 0.26391759514808655 
vt 0.6750638484954834 0.23856952786445618 
vt 0.6727906465530396 0.19644176959991455 
vt 0.719929575920105 0.2689158022403717 
vt 0.7198099493980408 0.24237769842147827 
vt 0.741465151309967 0.2712959051132202 
vt 0.740627646446228 0.24202068150043488 
vt 0.7665899395942688 0.2716529369354248 
vt 0.7646756768226624 0.24047361314296722 
vt 0.742302656173706 0.19096753001213074 
vt 0.7665899395942688 0.1983458399772644 
vt 0.7375169396400452 0.012341029942035675 
vt 0.7511561512947083 0.011626999825239182 
vt 0.7238777875900269 0.012341029942035675 
vt 0.7206474542617798 0.1876353919506073 
vt 0.6979154348373413 0.18989649415016174 
vt 0.6967190504074097 0.010317944921553135 
vt 0.7102385759353638 0.011626999825239182 
vt 0.09491977840662003 0.6126022338867188 
vt 0.07123066484928131 0.5849930644035339 
vt 0.10796075314283371 0.596060574054718 
vt 0.10616612434387207 0.5540518164634705 
vt 0.12435171008110046 0.5691654086112976 
vt 0.1346409171819687 0.5387001633644104 
vt 0.15521934628486633 0.5961795449256897 
vt 0.11406249552965164 0.6089131236076355 
vt 0.15928716957569122 0.6154583692550659 
vt 0.19266729056835175 0.5883252024650574 
vt 0.17017459869384766 0.5591689944267273 
vt 0.16562819480895996 0.5150181651115417 
vt 0.12949632108211517 0.5043076872825623 
vt 0.15163008868694305 0.5026416182518005 
vt 0.17292636632919312 0.4713433086872101 
vt 0.14193908870220184 0.4847908914089203 
vt 0.15222829580307007 0.4571817219257355 
vt 0.12052316963672638 0.4761035144329071 
vt 0.19266729056835175 0.4498034119606018 
vt 0.17460134625434875 0.4270734488964081 
vt 0.12794096767902374 0.40339145064353943 
vt 0.11813032627105713 0.449089378118515 
vt 0.08343414962291718 0.4055335521697998 
vt 0.09468049556016922 0.4419490694999695 
vt 0.028039900586009026 0.4425441026687622 
vt 0.06716283410787582 0.4688442051410675 
vt 0.05603612959384918 0.5026416182518005 
vt 0.08606626838445663 0.4815777540206909 
vt 0.11454106867313385 0.4941922724246979 
vt 0.012247156351804733 0.5078778266906738 
vt 0.02780061587691307 0.5483395457267761 
vt 0.05950574576854706 0.5308458209037781 
vt 0.05735218897461891 0.5777338147163391 
vt 0.0847502052783966 0.5392951965332031 
vt 0.3048914968967438 0.2467808872461319 
vt 0.2885005474090576 0.2691538333892822 
vt 0.2974736988544464 0.27296197414398193 
vt 0.2885005474090576 0.30235621333122253 
vt 0.3001058101654053 0.2890276610851288 
vt 0.31817173957824707 0.2966439723968506 
vt 0.31314679980278015 0.29057472944259644 
vt 0.32642704248428345 0.27189093828201294 
vt 0.6501783132553101 0.608794093132019 
vt 0.6465890407562256 0.5701174736022949 
vt 0.7161010503768921 0.6067709922790527 
vt 0.7113153338432312 0.5647622346878052 
vt 0.7622828483581543 0.6033198833465576 
vt 0.7622828483581543 0.5628581643104553 
vt 0.8132503628730774 0.5647622346878052 
vt 0.8084646463394165 0.6067709922790527 
vt 0.8780962824821472 0.5701174736022949 
vt 0.8743873834609985 0.608794093132019 
vt 0.6871476769447327 0.40017831325531006 
vt 0.6607068181037903 0.4186241030693054 
vt 0.7079653739929199 0.4512314796447754 
vt 0.6428801417350769 0.47872161865234375 
vt 0.710358202457428 0.5170412063598633 
vt 0.6441962122917175 0.5233485102653503 
vt 0.8142074942588806 0.5170412063598633 
vt 0.8803694844245911 0.5233485102653503 
vt 0.8816855549812317 0.47872161865234375 
vt 0.8166003227233887 0.4512314796447754 
vt 0.8639785647392273 0.4186241030693054 
vt 0.8374180197715759 0.40017831325531006 
vt 0.7622828483581543 0.4536115825176239 
vt 0.7622828483581543 0.39613214135169983 
vt 0.7034189701080322 0.3412708640098572 
vt 0.8211467266082764 0.3412708640098572 
vt 0.7622828483581543 0.5171602368354797 
vt 0.8364608883857727 0.3179458677768707 
vt 0.7979361414909363 0.2966439723968506 
vt 0.7801095247268677 0.3117576241493225 
vt 0.7622828483581543 0.33865272998809814 
vt 0.7622828483581543 0.31306666135787964 
vt 0.7444561719894409 0.3117576241493225 
vt 0.7266295552253723 0.2966439723968506 
vt 0.6881048083305359 0.3179458677768707 
vt 0.6502979397773743 0.38435065746307373 
vt 0.6288820505142212 0.37875741720199585 
vt 0.6425212025642395 0.3563844859600067 
vt 0.6054322123527527 0.3561464846134186 
vt 0.6432390809059143 0.3404378294944763 
vt 0.6066285967826843 0.3374626934528351 
vt 0.6431193947792053 0.31306666135787964 
vt 0.6089017987251282 0.31021055579185486 
vt 0.6428801417350769 0.28569552302360535 
vt 0.6110553741455078 0.28295838832855225 
vt 0.6433587074279785 0.2602284550666809 
vt 0.6147642731666565 0.25594425201416016 
vt 0.6429997682571411 0.24071162939071655 
vt 0.618353545665741 0.22833511233329773 
vt 0.622421383857727 0.20120196044445038 
vt 0.6496997475624084 0.2159585803747177 
vt 0.6501783132553101 0.09576353430747986 
vt 0.630198061466217 0.09766761213541031 
vt 0.6502979397773743 0.07957885414361954 
vt 0.6312748789787292 0.08374402672052383 
vt 0.6138071417808533 0.09612055122852325 
vt 0.6158410310745239 0.08326800912618637 
vt 0.5963394045829773 0.08945626765489578 
vt 0.5999286770820618 0.07505666464567184 
vt 0.5688217282295227 0.19715578854084015 
vt 0.5989715456962585 0.19239559769630432 
vt 0.5938268899917603 0.2181006819009781 
vt 0.5861698389053345 0.2495179921388626 
vt 0.5679842233657837 0.2173866480588913 
vt 0.5609253644943237 0.24213968217372894 
vt 0.553986132144928 0.26534566283226013 
vt 0.58258056640625 0.2752230763435364 
vt 0.5462093949317932 0.29188376665115356 
vt 0.5798287987709045 0.30402228236198425 
vt 0.5384326577186584 0.3184219002723694 
vt 0.5771966576576233 0.33270248770713806 
vt 0.5310148596763611 0.33305951952934265 
vt 0.5744448900222778 0.35519444942474365 
vt 0.610457181930542 0.38911086320877075 
vt 0.6252927780151367 0.40648558735847473 
vt 0.5871269702911377 0.4069616198539734 
vt 0.6023215055465698 0.4294535517692566 
vt 0.553148627281189 0.5678563714027405 
vt 0.5379540920257568 0.5475065112113953 
vt 0.5188114047050476 0.5733305811882019 
vt 0.49260979890823364 0.5477445125579834 
vt 0.5559003949165344 0.520254373550415 
vt 0.49201157689094543 0.5115669965744019 
vt 0.47059565782546997 0.5163272023200989 
vt 0.45970824360847473 0.48669496178627014 
vt 0.4318316578865051 0.4941922724246979 
vt 0.4402065873146057 0.5204923748970032 
vt 0.4039550721645355 0.5015705823898315 
vt 0.5765984654426575 0.5428653359413147 
vt 0.4755009710788727 0.48014968633651733 
vt 0.4915330111980438 0.5860641598701477 
vt 0.47394564747810364 0.5498866438865662 
vt 0.4449922740459442 0.5523857474327087 
vt 0.40981751680374146 0.5247765779495239 
vt 0.3795481026172638 0.5093058943748474 
vt 0.3837355673313141 0.5289417505264282 
vt 0.35358577966690063 0.5163272023200989 
vt 0.47514206171035767 0.5836840271949768 
vt 0.44666725397109985 0.584398090839386 
vt 0.4161585569381714 0.5548848509788513 
vt 0.41819247603416443 0.5851120948791504 
vt 0.389239102602005 0.5559558868408203 
vt 0.39187121391296387 0.5816609263420105 
vt 0.3714124262332916 0.5824939608573914 
vt 0.36854103207588196 0.5584549903869629 
vt 0.3600464463233948 0.5351300239562988 
vt 0.3425787091255188 0.5387001633644104 
vt 0.3334859311580658 0.5196593403816223 
vt 0.2272438257932663 0.5339399576187134 
vt 0.22915810346603394 0.5473874807357788 
vt 0.21300643682479858 0.5359630584716797 
vt 0.2136046439409256 0.5488155484199524 
vt 0.23107238113880157 0.5630961656570435 
vt 0.21492069959640503 0.5632151961326599 
vt 0.22963666915893555 0.5798758864402771 
vt 0.2140832096338272 0.5789238214492798 
vt 0.34592869877815247 0.5860641598701477 
vt 0.34903937578201294 0.5602400302886963 
vt 0.8030807971954346 0.010555954650044441 
vt 0.7796309590339661 0.010555954650044441 
vt 0.8034396767616272 0.041259244084358215 
vt 0.7802291512489319 0.03983118385076523 
vt 0.7796309590339661 0.080054871737957 
vt 0.823300302028656 0.012341029942035675 
vt 0.8242574334144592 0.04185426980257034 
vt 0.8432804942131042 0.014364114962518215 
vt 0.8451947569847107 0.04066421836614609 
vt 0.8664910197257996 0.014364114962518215 
vt 0.8680464029312134 0.03768909350037575 
vt 0.8479465246200562 0.07041546702384949 
vt 0.8723534941673279 0.07767477631568909 
vt 0.8438786864280701 0.2640365958213806 
vt 0.85727858543396 0.265107661485672 
vt 0.8302395343780518 0.26391759514808655 
vt 0.8259323835372925 0.06720233708620071 
vt 0.8037986159324646 0.07112950086593628 
vt 0.803320050239563 0.26629769802093506 
vt 0.8167199492454529 0.26463162899017334 
vt 0.6056714653968811 0.7399376034736633 
vt 0.6037572026252747 0.7150655388832092 
vt 0.5806663036346436 0.7404136061668396 
vt 0.5783931016921997 0.7164936065673828 
vt 0.5362791419029236 0.7142325043678284 
vt 0.608782172203064 0.7613584995269775 
vt 0.5822216272354126 0.7612394690513611 
vt 0.6110553741455078 0.7830173969268799 
vt 0.58186274766922 0.782184362411499 
vt 0.6114143133163452 0.8081274628639221 
vt 0.5803073644638062 0.8062233924865723 
vt 0.5307756066322327 0.7838504314422607 
vt 0.53819340467453 0.8081274628639221 
vt 0.3521500825881958 0.778971254825592 
vt 0.3514322340488434 0.7926568388938904 
vt 0.3521500825881958 0.7654046416282654 
vt 0.5274255871772766 0.7621915340423584 
vt 0.5296987891197205 0.7393425703048706 
vt 0.35023581981658936 0.7381525039672852 
vt 0.3514322340488434 0.7517191171646118 
vt 0.8923336863517761 0.6310480237007141 
vt 0.8687642216682434 0.6585381627082825 
vt 0.9053747057914734 0.6475897431373596 
vt 0.9035800695419312 0.6894794702529907 
vt 0.9217656254768372 0.6743658185005188 
vt 0.932054877281189 0.7048311233520508 
vt 0.9527528882026672 0.6473516821861267 
vt 0.9114764332771301 0.6346181631088257 
vt 0.9567010998725891 0.6280729174613953 
vt 0.990081250667572 0.655206024646759 
vt 0.9675885438919067 0.6843622922897339 
vt 0.963042140007019 0.7286321520805359 
vt 0.9269102215766907 0.7393425703048706 
vt 0.9490439891815186 0.7408896684646606 
vt 0.9703403115272522 0.7721879482269287 
vt 0.9393529891967773 0.758859395980835 
vt 0.9496422410011292 0.7863495349884033 
vt 0.9179370999336243 0.7674277424812317 
vt 0.990081250667572 0.7937278747558594 
vt 0.9720152616500854 0.8164578080177307 
vt 0.9253548979759216 0.8402588367462158 
vt 0.9155442714691162 0.7944418787956238 
vt 0.8808480501174927 0.8379977345466614 
vt 0.8920944333076477 0.8017011880874634 
vt 0.8254538178443909 0.800987184047699 
vt 0.8645767569541931 0.7746870517730713 
vt 0.8534500598907471 0.7408896684646606 
vt 0.8834801912307739 0.7620725035667419 
vt 0.9119549989700317 0.7493389844894409 
vt 0.8096610903739929 0.7356534004211426 
vt 0.8252145648002625 0.6953107118606567 
vt 0.8569196462631226 0.7126854658126831 
vt 0.8547661304473877 0.6657974720001221 
vt 0.8821641206741333 0.7042360901832581 
vt 0.4716724455356598 0.15502803027629852 
vt 0.4940454959869385 0.13860534131526947 
vt 0.49775439500808716 0.14764972031116486 
vt 0.5271863341331482 0.13860534131526947 
vt 0.5137864351272583 0.1502678245306015 
vt 0.5213238596916199 0.1682375818490982 
vt 0.5153417587280273 0.16323937475681305 
vt 0.49667760729789734 0.1765679270029068 
vt 0.877139151096344 0.9537895917892456 
vt 0.905853271484375 0.945459246635437 
vt 0.9086050391197205 0.9245143532752991 
vt 0.9175781607627869 0.9303455948829651 
vt 0.9138692617416382 0.939628005027771 
vt 0.9332512617111206 0.9492673873901367 
vt 0.9316959381103516 0.9553366303443909 
vt 0.9366012215614319 0.9460542798042297 
vt 0.9436601400375366 0.9501004219055176 
vt 0.9339691400527954 0.9259424209594727 
vt 0.9434208273887634 0.9239193201065063 
vt 0.9297816753387451 0.8920260071754456 
vt 0.9513171911239624 0.8891698718070984 
vt 0.9109978675842285 0.8794114589691162 
vt 0.8893426656723022 0.8926210403442383 
vt 0.9003497362136841 0.8662018775939941 
vt 0.8774980902671814 0.8739372491836548 
vt 0.8650553226470947 0.9027364253997803 
vt 0.8536893129348755 0.8790544271469116 
vt 0.8774980902671814 0.9381999373435974 
vt 0.8108575344085693 0.9553366303443909 
vt 0.8122932314872742 0.9470062851905823 
vt 0.7953040599822998 0.9379619359970093 
vt 0.803320050239563 0.9286795258522034 
vt 0.7892023324966431 0.9165410399436951 
vt 0.795423686504364 0.9134469032287598 
vt 0.9036996960639954 0.5177552700042725 
vt 0.9081264734268188 0.44028300046920776 
vt 0.9108782410621643 0.5060927867889404 
vt 0.9155442714691162 0.4307626187801361 
vt 0.9254745244979858 0.5008565783500671 
vt 0.9261924028396606 0.4287395179271698 
vt 0.9063318371772766 0.4232653081417084 
vt 0.9258334636688232 0.4162440001964569 
vt 0.9368405342102051 0.4308816194534302 
vt 0.9452154636383057 0.4231462776660919 
vt 0.9442583322525024 0.4401639997959137 
vt 0.9580171704292297 0.436355859041214 
vt 0.8935301303863525 0.4369508624076843 
vt 0.9403101205825806 0.5060927867889404 
vt 0.9474886655807495 0.5177552700042725 
vt 0.24782225489616394 0.3556704521179199 
vt 0.30907896161079407 0.3556704521179199 
vt 0.2413615882396698 0.37102210521698 
vt 0.3026182949542999 0.37102210521698 
vt 0.47490277886390686 0.8960721492767334 
vt 0.547645092010498 0.8728662133216858 
vt 0.480167031288147 0.9082106947898865 
vt 0.5413040518760681 0.9097577333450317 
vt 0.5579343438148499 0.9094007015228271 
vt 0.5611646771430969 0.8725091814994812 
vt 0.5745645761489868 0.9089246988296509 
vt 0.574684202671051 0.8721521496772766 
vt 0.5911948084831238 0.9092817306518555 
vt 0.5882037281990051 0.8725091814994812 
vt 0.6078250408172607 0.9097577333450317 
vt 0.601723313331604 0.8728662133216858 
vt 0.6743459701538086 0.8967862129211426 
vt 0.6690817475318909 0.9085676670074463 
vt 0.22544920444488525 0.3588835895061493 
vt 0.24782225489616394 0.3556704521179199 
vt 0.22628669440746307 0.3338925540447235 
vt 0.2414812296628952 0.34031879901885986 
vt 0.204392209649086 0.3554324507713318 
vt 0.22544920444488525 0.3588835895061493 
vt 0.21085287630558014 0.3401997983455658 
vt 0.22628669440746307 0.3338925540447235 
vt 0.21073323488235474 0.3709031045436859 
vt 0.22604741156101227 0.37732937932014465 
vt 0.204392209649086 0.3554324507713318 
vt 0.22544920444488525 0.3588835895061493 
vt 0.22604741156101227 0.37732937932014465 
vt 0.2413615882396698 0.37102210521698 
vt 0.22544920444488525 0.3588835895061493 
vt 0.24782225489616394 0.3556704521179199 
vt 0.2414812296628952 0.34031879901885986 
vt 0.24782225489616394 0.3556704521179199 
vt 0.30273792147636414 0.34031879901885986 
vt 0.30907896161079407 0.3556704521179199 
vt 0.22628669440746307 0.3338925540447235 
vt 0.2414812296628952 0.34031879901885986 
vt 0.287543386220932 0.3338925540447235 
vt 0.30273792147636414 0.34031879901885986 
vt 0.2413615882396698 0.37102210521698 
vt 0.22604741156101227 0.37732937932014465 
vt 0.3026182949542999 0.37102210521698 
vt 0.2873041033744812 0.37732937932014465 
vt 0.2319098711013794 0.9270134568214417 
vt 0.2365759015083313 0.9521235227584839 
vt 0.3010629415512085 0.9027364253997803 
vt 0.306207537651062 0.9392709732055664 
vt 0.33121272921562195 0.905949592590332 
vt 0.24219907820224762 0.9744964838027954 
vt 0.3114717900753021 0.9699742794036865 
vt 0.2416008710861206 0.9815177321434021 
vt 0.31230929493904114 0.9821127653121948 
vt 0.3370751738548279 0.9649760723114014 
vt 0.3387501835823059 0.9811607599258423 
vt 0.36411428451538086 0.9585497975349426 
vt 0.3653106987476349 0.979137659072876 
vt 0.36315715312957764 0.9358198046684265 
vt 0.3342037796974182 0.9374858736991882 
vt 0.3653106987476349 0.9088056683540344 
vt 0.3327680826187134 0.8954771161079407 
vt 0.34054479002952576 0.8832195997238159 
vt 0.3069254159927368 0.8873847723007202 
vt 0.3108735978603363 0.876555323600769 
vt 0.5034971833229065 0.48836103081703186 
vt 0.5030186176300049 0.47348541021347046 
vt 0.525391697883606 0.48740899562835693 
vt 0.5237166881561279 0.46456003189086914 
vt 0.5490807890892029 0.4869329631328583 
vt 0.5499182939529419 0.4552776515483856 
vt 0.573846697807312 0.48776599764823914 
vt 0.5770770311355591 0.44766131043434143 
vt 0.5927501320838928 0.48836103081703186 
vt 0.5940662026405334 0.4518264830112457 
vt 0.913749635219574 0.3534093499183655 
vt 0.9275084733963013 0.32234904170036316 
vt 0.943061888217926 0.3218730390071869 
vt 0.9446172714233398 0.25558724999427795 
vt 0.9346869587898254 0.3505532443523407 
vt 0.9196121096611023 0.3623347282409668 
vt 0.9289441704750061 0.35864558815956116 
vt 0.9385155439376831 0.377924382686615 
vt 0.9446172714233398 0.3764963448047638 
vt 0.935285210609436 0.3812565207481384 
vt 0.9394726753234863 0.38839682936668396 
vt 0.9151853322982788 0.37875741720199585 
vt 0.9132710695266724 0.3881588280200958 
vt 0.8813266158103943 0.37459224462509155 
vt 0.8785749077796936 0.39601314067840576 
vt 0.8686445951461792 0.355789452791214 
vt 0.8819248676300049 0.3340115547180176 
vt 0.8554839491844177 0.3450790047645569 
vt 0.8632606863975525 0.3222300410270691 
vt 0.8920944333076477 0.3097345232963562 
vt 0.868405282497406 0.29842904210090637 
vt 0.9363619685173035 0.25701531767845154 
vt 0.9179370999336243 0.24808993935585022 
vt 0.9272691607475281 0.24011659622192383 
vt 0.905853271484375 0.23392833769321442 
vt 0.9027425646781921 0.24011659622192383 
vt 0.8956837058067322 0.08445806056261063 
vt 0.9028621912002563 0.09612055122852325 
vt 0.9001104235649109 0.16193030774593353 
vt 0.907408595085144 0.17145071923732758 
vt 0.8855141401290894 0.16526246070861816 
vt 0.8983157873153687 0.1789480298757553 
vt 0.9181763529777527 0.1734738051891327 
vt 0.9178174734115601 0.18596932291984558 
vt 0.9288245439529419 0.17121270298957825 
vt 0.9371994733810425 0.17906703054904938 
vt 0.9362423419952393 0.1620493233203888 
vt 0.9500011801719666 0.1658574789762497 
vt 0.9174585342407227 0.10135676711797714 
vt 0.9322941303253174 0.09612055122852325 
vt 0.9393529891967773 0.08445806056261063 
vt 0.04718261957168579 0.23440435528755188 
vt 0.04718261957168579 0.1731167882680893 
vt 0.03186844289302826 0.24083063006401062 
vt 0.03198808431625366 0.17954304814338684 
vt 0.5271863341331482 0.845257043838501 
vt 0.454324334859848 0.8220510482788086 
vt 0.5219220519065857 0.8573955297470093 
vt 0.46066537499427795 0.8589426279067993 
vt 0.444035142660141 0.8584665656089783 
vt 0.4408048093318939 0.821694016456604 
vt 0.42740491032600403 0.8581095933914185 
vt 0.42728525400161743 0.8213370442390442 
vt 0.4107746481895447 0.8584665656089783 
vt 0.41376569867134094 0.8215750455856323 
vt 0.3942640721797943 0.8589426279067993 
vt 0.40024617314338684 0.8220510482788086 
vt 0.3276234567165375 0.8459710478782654 
vt 0.3330073654651642 0.8577525615692139 
vt 0.016554268077015877 0.17335478961467743 
vt 0.010093599557876587 0.15800315141677856 
vt 0.03198808431625366 0.17954304814338684 
vt 0.03509877622127533 0.1571701169013977 
vt 0.010093599557876587 0.15800315141677856 
vt 0.016434626653790474 0.1426514983177185 
vt 0.03509877622127533 0.1571701169013977 
vt 0.031748801469802856 0.13622523844242096 
vt 0.03509877622127533 0.1571701169013977 
vt 0.031748801469802856 0.13622523844242096 
vt 0.05352364480495453 0.15776513516902924 
vt 0.04706297814846039 0.14241349697113037 
vt 0.03198808431625366 0.17954304814338684 
vt 0.03509877622127533 0.1571701169013977 
vt 0.04718261957168579 0.1731167882680893 
vt 0.05352364480495453 0.15776513516902924 
vt 0.03186844289302826 0.24083063006401062 
vt 0.016554268077015877 0.23452337086200714 
vt 0.03198808431625366 0.17954304814338684 
vt 0.016554268077015877 0.17335478961467743 
vt 0.016554268077015877 0.23452337086200714 
vt 0.010093599557876587 0.21929071843624115 
vt 0.016554268077015877 0.17335478961467743 
vt 0.010093599557876587 0.15800315141677856 
vt 0.05352364480495453 0.21905271708965302 
vt 0.04718261957168579 0.23440435528755188 
vt 0.05352364480495453 0.15776513516902924 
vt 0.04718261957168579 0.1731167882680893 
vt 0.19805118441581726 0.9296315908432007 
vt 0.19326549768447876 0.9548606276512146 
vt 0.12889809906482697 0.9053545594215393 
vt 0.12375350296497345 0.9420080780982971 
vt 0.09874831885099411 0.9086866974830627 
vt 0.18764232099056244 0.9772335886955261 
vt 0.11848925054073334 0.9725923538208008 
vt 0.18824054300785065 0.9841358661651611 
vt 0.11753211915493011 0.9847308993339539 
vt 0.09276622533798218 0.9675941467285156 
vt 0.09109123051166534 0.9837788343429565 
vt 0.0658467710018158 0.9611678719520569 
vt 0.06465034931898117 0.9818747639656067 
vt 0.06668426841497421 0.938556969165802 
vt 0.09563762694597244 0.9401040077209473 
vt 0.06465034931898117 0.9115428328514099 
vt 0.09719297289848328 0.8980952501296997 
vt 0.0892966017127037 0.8859567642211914 
vt 0.12291600555181503 0.8901219367980957 
vt 0.11908746510744095 0.8792924284934998 
vt 0.21228857338428497 0.5084728598594666 
vt 0.24889902770519257 0.5071638226509094 
vt 0.20810110867023468 0.49145516753196716 
vt 0.24830082058906555 0.4881230294704437 
vt 0.21575820446014404 0.464322030544281 
vt 0.24746333062648773 0.46348899602890015 
vt 0.22509028017520905 0.4381409287452698 
vt 0.24794189631938934 0.4398069977760315 
vt 0.23394377529621124 0.4173150360584259 
vt 0.24889902770519257 0.41791006922721863 
s on 
f 1/1/1 2/2/2 3/3/3 
f 2/2/2 2/2/2 3/3/3 
f 3/3/3 2/2/2 4/4/4 
f 2/2/2 2/2/2 4/4/4 
f 4/4/4 2/2/2 5/5/5 
f 2/2/2 6/6/6 5/5/5 
f 5/5/5 6/6/6 7/7/7 
f 6/6/6 8/8/8 7/7/7 
f 7/7/7 8/8/8 9/9/9 
f 8/8/8 10/10/10 9/9/9 
f 9/9/9 10/10/10 9/9/9 
f 10/10/10 11/11/11 9/9/9 
f 9/9/9 11/11/11 9/9/9 
f 11/11/11 12/12/12 9/9/9 
f 9/9/9 12/12/12 13/13/13 
f 12/12/12 14/14/14 13/13/13 
f 13/13/13 14/14/14 13/13/13 
f 14/14/14 15/15/15 13/13/13 
f 13/13/13 15/15/15 13/13/13 
f 15/15/15 16/16/16 13/13/13 
f 13/13/13 16/16/16 13/13/13 
f 16/16/16 17/17/17 13/13/13 
f 13/13/13 17/17/17 9/9/9 
f 17/17/17 18/18/18 9/9/9 
f 9/9/9 18/18/18 7/7/7 
f 18/18/18 19/19/19 7/7/7 
f 7/7/7 19/19/19 5/5/5 
f 19/19/19 5/5/5 5/5/5 
f 5/5/5 5/5/5 6/6/6 
f 5/5/5 6/6/6 6/6/6 
f 6/6/6 6/6/6 8/8/8 
f 6/6/6 20/20/20 8/8/8 
f 8/8/8 20/20/20 8/8/8 
f 20/20/20 21/21/21 8/8/8 
f 8/8/8 21/21/21 10/10/10 
f 21/21/21 10/10/10 10/10/10 
f 10/10/10 10/10/10 18/18/18 
f 10/10/10 18/18/18 18/18/18 
f 18/18/18 18/18/18 19/19/19 
f 18/18/18 17/17/17 19/19/19 
f 19/19/19 17/17/17 22/22/22 
f 17/17/17 16/16/16 22/22/22 
f 22/22/22 16/16/16 22/22/22 
f 16/16/16 23/23/23 22/22/22 
f 22/22/22 23/23/23 24/24/24 
f 23/23/23 25/25/25 24/24/24 
f 24/24/24 25/25/25 26/26/26 
f 25/25/25 27/27/27 26/26/26 
f 26/26/26 27/27/27 28/28/28 
f 27/27/27 27/27/27 28/28/28 
f 28/28/28 27/27/27 29/29/29 
f 27/27/27 30/30/30 29/29/29 
f 29/29/29 30/30/30 30/30/30 
f 30/30/30 23/23/23 30/30/30 
f 30/30/30 23/23/23 23/23/23 
f 23/23/23 31/31/31 23/23/23 
f 23/23/23 31/31/31 25/25/25 
f 31/31/31 25/25/25 25/25/25 
f 25/25/25 25/25/25 28/28/28 
f 25/25/25 28/28/28 28/28/28 
f 28/28/28 28/28/28 26/26/26 
f 28/28/28 32/32/32 26/26/26 
f 26/26/26 32/32/32 26/26/26 
f 32/32/32 33/33/33 26/26/26 
f 26/26/26 33/33/33 24/24/24 
f 33/33/33 34/34/34 24/24/24 
f 24/24/24 34/34/34 22/22/22 
f 34/34/34 34/34/34 22/22/22 
f 22/22/22 34/34/34 19/19/19 
f 34/34/34 34/34/34 19/19/19 
f 19/19/19 34/34/34 5/5/5 
f 34/34/34 34/34/34 5/5/5 
f 5/5/5 34/34/34 4/4/4 
f 34/34/34 33/33/33 4/4/4 
f 4/4/4 33/33/33 35/35/35 
f 33/33/33 32/32/32 35/35/35 
f 35/35/35 32/32/32 35/35/35 
f 32/32/32 36/36/36 35/35/35 
f 35/35/35 36/36/36 37/37/37 
f 36/36/36 38/38/38 37/37/37 
f 37/37/37 38/38/38 39/39/39 
f 38/38/38 39/39/39 39/39/39 
f 39/39/39 39/39/39 4/4/4 
f 39/39/39 4/4/4 4/4/4 
f 4/4/4 4/4/4 3/3/3 
f 4/4/4 35/35/35 3/3/3 
f 3/3/3 35/35/35 37/37/37 
f 35/35/35 37/37/37 37/37/37 
f 37/37/37 37/37/37 40/40/40 
f 37/37/37 40/40/40 40/40/40 
f 40/40/40 40/40/40 41/41/41 
f 40/40/40 42/42/42 41/41/41 
f 41/41/41 42/42/42 43/43/43 
f 42/42/42 44/44/44 43/43/43 
f 43/43/43 44/44/44 45/45/45 
f 44/44/44 46/46/46 45/45/45 
f 45/45/45 46/46/46 47/47/47 
f 46/46/46 48/48/48 47/47/47 
f 47/47/47 48/48/48 49/49/49 
f 48/48/48 50/50/50 49/49/49 
f 49/49/49 50/50/50 51/51/51 
f 50/50/50 52/52/52 51/51/51 
f 51/51/51 52/52/52 53/53/53 
f 52/52/52 52/52/52 53/53/53 
f 53/53/53 52/52/52 54/54/54 
f 52/52/52 55/55/55 54/54/54 
f 54/54/54 55/55/55 54/54/54 
f 55/55/55 56/56/56 54/54/54 
f 54/54/54 56/56/56 57/57/57 
f 56/56/56 58/58/58 57/57/57 
f 57/57/57 58/58/58 57/57/57 
f 58/58/58 59/59/59 57/57/57 
f 57/57/57 59/59/59 60/60/60 
f 59/59/59 61/61/61 60/60/60 
f 60/60/60 61/61/61 62/62/62 
f 61/61/61 63/63/63 62/62/62 
f 62/62/62 63/63/63 63/63/63 
f 63/63/63 62/62/62 63/63/63 
f 63/63/63 62/62/62 62/62/62 
f 62/62/62 64/64/64 62/62/62 
f 62/62/62 64/64/64 60/60/60 
f 64/64/64 65/65/65 60/60/60 
f 60/60/60 65/65/65 57/57/57 
f 65/65/65 65/65/65 57/57/57 
f 57/57/57 65/65/65 54/54/54 
f 65/65/65 66/66/66 54/54/54 
f 54/54/54 66/66/66 53/53/53 
f 66/66/66 66/66/66 53/53/53 
f 53/53/53 66/66/66 67/67/67 
f 66/66/66 68/68/68 67/67/67 
f 67/67/67 68/68/68 67/67/67 
f 68/68/68 69/69/69 67/67/67 
f 67/67/67 69/69/69 67/67/67 
f 69/69/69 70/70/70 67/67/67 
f 67/67/67 70/70/70 71/71/71 
f 70/70/70 72/72/72 71/71/71 
f 71/71/71 72/72/72 73/73/73 
f 72/72/72 74/74/74 73/73/73 
f 73/73/73 74/74/74 75/75/75 
f 74/74/74 76/76/76 75/75/75 
f 75/75/75 76/76/76 75/75/75 
f 76/76/76 77/77/77 75/75/75 
f 75/75/75 77/77/77 75/75/75 
f 77/77/77 45/45/45 75/75/75 
f 75/75/75 45/45/45 75/75/75 
f 45/45/45 47/47/47 75/75/75 
f 75/75/75 47/47/47 73/73/73 
f 47/47/47 49/49/49 73/73/73 
f 73/73/73 49/49/49 71/71/71 
f 49/49/49 51/51/51 71/71/71 
f 71/71/71 51/51/51 67/67/67 
f 51/51/51 53/53/53 67/67/67 
f 67/67/67 53/53/53 53/53/53 
f 53/53/53 66/66/66 53/53/53 
f 53/53/53 66/66/66 66/66/66 
f 66/66/66 65/65/65 66/66/66 
f 66/66/66 65/65/65 68/68/68 
f 65/65/65 64/64/64 68/68/68 
f 68/68/68 64/64/64 64/64/64 
f 64/64/64 45/45/45 64/64/64 
f 64/64/64 45/45/45 45/45/45 
f 45/45/45 77/77/77 45/45/45 
f 45/45/45 77/77/77 43/43/43 
f 77/77/77 78/78/78 43/43/43 
f 43/43/43 78/78/78 41/41/41 
f 78/78/78 79/79/79 41/41/41 
f 41/41/41 79/79/79 40/40/40 
f 79/79/79 40/40/40 40/40/40 
f 40/40/40 40/40/40 77/77/77 
f 40/40/40 77/77/77 77/77/77 
f 77/77/77 77/77/77 78/78/78 
f 77/77/77 80/80/80 78/78/78 
f 78/78/78 80/80/80 79/79/79 
f 80/80/80 81/81/81 79/79/79 
f 79/79/79 81/81/81 81/81/81 
f 81/81/81 82/82/82 81/81/81 
f 81/81/81 82/82/82 82/82/82 
f 82/82/82 83/83/83 82/82/82 
f 82/82/82 83/83/83 84/84/84 
f 83/83/83 83/83/83 84/84/84 
f 84/84/84 83/83/83 85/85/85 
f 83/83/83 86/86/86 85/85/85 
f 85/85/85 86/86/86 85/85/85 
f 86/86/86 87/87/87 85/85/85 
f 85/85/85 87/87/87 88/88/88 
f 87/87/87 89/89/89 88/88/88 
f 88/88/88 89/89/89 88/88/88 
f 89/89/89 90/90/90 88/88/88 
f 88/88/88 90/90/90 91/91/91 
f 90/90/90 92/92/92 91/91/91 
f 91/91/91 92/92/92 92/92/92 
f 92/92/92 82/82/82 92/92/92 
f 92/92/92 82/82/82 82/82/82 
f 82/82/82 93/93/93 82/82/82 
f 82/82/82 93/93/93 83/83/83 
f 93/93/93 86/86/86 83/83/83 
f 83/83/83 86/86/86 86/86/86 
f 86/86/86 87/87/87 86/86/86 
f 86/86/86 87/87/87 87/87/87 
f 87/87/87 94/94/94 87/87/87 
f 87/87/87 94/94/94 89/89/89 
f 94/94/94 89/89/89 89/89/89 
f 89/89/89 89/89/89 84/84/84 
f 89/89/89 84/84/84 84/84/84 
f 84/84/84 84/84/84 95/95/95 
f 84/84/84 85/85/85 95/95/95 
f 95/95/95 85/85/85 96/96/96 
f 85/85/85 88/88/88 96/96/96 
f 96/96/96 88/88/88 96/96/96 
f 88/88/88 91/91/91 96/96/96 
f 96/96/96 91/91/91 97/97/97 
f 91/91/91 91/91/91 97/97/97 
f 97/97/97 91/91/91 98/98/98 
f 91/91/91 92/92/92 98/98/98 
f 98/98/98 92/92/92 98/98/98 
f 92/92/92 99/99/99 98/98/98 
f 98/98/98 99/99/99 100/100/100 
f 99/99/99 101/101/101 100/100/100 
f 100/100/100 101/101/101 101/101/101 
f 101/101/101 95/95/95 101/101/101 
f 101/101/101 95/95/95 95/95/95 
f 95/95/95 96/96/96 95/95/95 
f 95/95/95 96/96/96 102/102/102 
f 96/96/96 97/97/97 102/102/102 
f 102/102/102 97/97/97 103/103/103 
f 97/97/97 104/104/104 103/103/103 
f 103/103/103 104/104/104 105/105/105 
f 104/104/104 106/106/106 105/105/105 
f 105/105/105 106/106/106 107/107/107 
f 106/106/106 106/106/106 107/107/107 
f 107/107/107 106/106/106 108/108/108 
f 106/106/106 106/106/106 108/108/108 
f 108/108/108 106/106/106 109/109/109 
f 106/106/106 110/110/110 109/109/109 
f 109/109/109 110/110/110 111/111/111 
f 110/110/110 101/101/101 111/111/111 
f 111/111/111 101/101/101 111/111/111 
f 101/101/101 112/112/112 111/111/111 
f 111/111/111 112/112/112 111/111/111 
f 112/112/112 113/113/113 111/111/111 
f 111/111/111 113/113/113 114/114/114 
f 113/113/113 115/115/115 114/114/114 
f 114/114/114 115/115/115 114/114/114 
f 115/115/115 116/116/116 114/114/114 
f 114/114/114 116/116/116 117/117/117 
f 116/116/116 118/118/118 117/117/117 
f 117/117/117 118/118/118 119/119/119 
f 118/118/118 120/120/120 119/119/119 
f 119/119/119 120/120/120 120/120/120 
f 120/120/120 97/97/97 120/120/120 
f 120/120/120 97/97/97 97/97/97 
f 97/97/97 98/98/98 97/97/97 
f 97/97/97 98/98/98 104/104/104 
f 98/98/98 100/100/100 104/104/104 
f 104/104/104 100/100/100 106/106/106 
f 100/100/100 100/100/100 106/106/106 
f 106/106/106 100/100/100 110/110/110 
f 100/100/100 101/101/101 110/110/110 
f 110/110/110 101/101/101 101/101/101 
f 101/101/101 119/119/119 101/101/101 
f 101/101/101 119/119/119 119/119/119 
f 119/119/119 121/121/121 119/119/119 
f 119/119/119 121/121/121 117/117/117 
f 121/121/121 122/122/122 117/117/117 
f 117/117/117 122/122/122 114/114/114 
f 122/122/122 122/122/122 114/114/114 
f 114/114/114 122/122/122 111/111/111 
f 122/122/122 122/122/122 111/111/111 
f 111/111/111 122/122/122 109/109/109 
f 122/122/122 122/122/122 109/109/109 
f 109/109/109 122/122/122 108/108/108 
f 122/122/122 121/121/121 108/108/108 
f 108/108/108 121/121/121 121/121/121 
f 121/121/121 123/123/123 121/121/121 
f 121/121/121 123/123/123 123/123/123 
f 123/123/123 124/124/124 123/123/123 
f 123/123/123 124/124/124 125/125/125 
f 124/124/124 124/124/124 125/125/125 
f 125/125/125 124/124/124 126/126/126 
f 124/124/124 127/127/127 126/126/126 
f 126/126/126 127/127/127 127/127/127 
f 127/127/127 123/123/123 127/127/127 
f 127/127/127 123/123/123 123/123/123 
f 123/123/123 128/128/128 123/123/123 
f 123/123/123 128/128/128 124/124/124 
f 128/128/128 128/128/128 124/124/124 
f 124/124/124 128/128/128 129/129/129 
f 128/128/128 130/130/130 129/129/129 
f 129/129/129 130/130/130 131/131/131 
f 130/130/130 132/132/132 131/131/131 
f 131/131/131 132/132/132 131/131/131 
f 132/132/132 133/133/133 131/131/131 
f 131/131/131 133/133/133 131/131/131 
f 133/133/133 134/134/134 131/131/131 
f 131/131/131 134/134/134 131/131/131 
f 134/134/134 135/135/135 131/131/131 
f 131/131/131 135/135/135 129/129/129 
f 135/135/135 136/136/136 129/129/129 
f 129/129/129 136/136/136 124/124/124 
f 136/136/136 136/136/136 124/124/124 
f 124/124/124 136/136/136 127/127/127 
f 136/136/136 136/136/136 127/127/127 
f 127/127/127 136/136/136 137/137/137 
f 136/136/136 138/138/138 137/137/137 
f 137/137/137 138/138/138 139/139/139 
f 138/138/138 138/138/138 139/139/139 
f 139/139/139 138/138/138 140/140/140 
f 138/138/138 141/141/141 140/140/140 
f 140/140/140 141/141/141 142/142/142 
f 141/141/141 143/143/143 142/142/142 
f 142/142/142 143/143/143 144/144/144 
f 143/143/143 145/145/145 144/144/144 
f 144/144/144 145/145/145 146/146/146 
f 145/145/145 146/146/146 146/146/146 
f 146/146/146 146/146/146 136/136/136 
f 146/146/146 136/136/136 136/136/136 
f 136/136/136 136/136/136 138/138/138 
f 136/136/136 135/135/135 138/138/138 
f 138/138/138 135/135/135 141/141/141 
f 135/135/135 134/134/134 141/141/141 
f 141/141/141 134/134/134 143/143/143 
f 134/134/134 147/147/147 143/143/143 
f 143/143/143 147/147/147 145/145/145 
f 147/147/147 145/145/145 145/145/145 
f 145/145/145 145/145/145 134/134/134 
f 145/145/145 134/134/134 134/134/134 
f 134/134/134 134/134/134 147/147/147 
f 134/134/134 133/133/133 147/147/147 
f 147/147/147 133/133/133 148/148/148 
f 133/133/133 149/149/149 148/148/148 
f 148/148/148 149/149/149 148/148/148 
f 149/149/149 150/150/150 148/148/148 
f 148/148/148 150/150/150 148/148/148 
f 150/150/150 151/151/151 148/148/148 
f 148/148/148 151/151/151 152/152/152 
f 151/151/151 153/153/153 152/152/152 
f 152/152/152 153/153/153 154/154/154 
f 153/153/153 153/153/153 154/154/154 
f 154/154/154 153/153/153 155/155/155 
f 153/153/153 156/156/156 155/155/155 
f 155/155/155 156/156/156 157/157/157 
f 156/156/156 157/157/157 157/157/157 
f 157/157/157 157/157/157 148/148/148 
f 157/157/157 148/148/148 148/148/148 
f 148/148/148 148/148/148 147/147/147 
f 148/148/148 152/152/152 147/147/147 
f 147/147/147 152/152/152 145/145/145 
f 152/152/152 152/152/152 145/145/145 
f 145/145/145 152/152/152 146/146/146 
f 152/152/152 152/152/152 146/146/146 
f 146/146/146 152/152/152 158/158/158 
f 152/152/152 154/154/154 158/158/158 
f 158/158/158 154/154/154 154/154/154 
f 154/154/154 153/153/153 154/154/154 
f 154/154/154 153/153/153 153/153/153 
f 153/153/153 151/151/151 153/153/153 
f 153/153/153 151/151/151 156/156/156 
f 151/151/151 151/151/151 156/156/156 
f 156/156/156 151/151/151 159/159/159 
f 151/151/151 150/150/150 159/159/159 
f 159/159/159 150/150/150 160/160/160 
f 150/150/150 161/161/161 160/160/160 
f 160/160/160 161/161/161 160/160/160 
f 161/161/161 162/162/162 160/160/160 
f 160/160/160 162/162/162 163/163/163 
f 162/162/162 164/164/164 163/163/163 
f 163/163/163 164/164/164 165/165/165 
f 164/164/164 166/166/166 165/165/165 
f 165/165/165 166/166/166 165/165/165 
f 166/166/166 167/167/167 165/165/165 
f 165/165/165 167/167/167 165/165/165 
f 167/167/167 168/168/168 165/165/165 
f 165/165/165 168/168/168 165/165/165 
f 168/168/168 169/169/169 165/165/165 
f 165/165/165 169/169/169 170/170/170 
f 169/169/169 171/171/171 170/170/170 
f 170/170/170 171/171/171 171/171/171 
f 171/171/171 165/165/165 171/171/171 
f 171/171/171 165/165/165 165/165/165 
f 165/165/165 170/170/170 165/165/165 
f 165/165/165 170/170/170 163/163/163 
f 170/170/170 172/172/172 163/163/163 
f 163/163/163 172/172/172 160/160/160 
f 172/172/172 172/172/172 160/160/160 
f 160/160/160 172/172/172 159/159/159 
f 172/172/172 173/173/173 159/159/159 
f 159/159/159 173/173/173 156/156/156 
f 173/173/173 173/173/173 156/156/156 
f 156/156/156 173/173/173 157/157/157 
f 173/173/173 173/173/173 157/157/157 
f 157/157/157 173/173/173 174/174/174 
f 173/173/173 175/175/175 174/174/174 
f 174/174/174 175/175/175 176/176/176 
f 175/175/175 175/175/175 176/176/176 
f 176/176/176 175/175/175 171/171/171 
f 175/175/175 175/175/175 171/171/171 
f 171/171/171 175/175/175 170/170/170 
f 175/175/175 175/175/175 170/170/170 
f 170/170/170 175/175/175 172/172/172 
f 175/175/175 173/173/173 172/172/172 
f 172/172/172 173/173/173 173/173/173 
f 173/173/173 177/177/177 173/173/173 
f 173/173/173 177/177/177 177/177/177 
f 177/177/177 178/178/178 177/177/177 
f 177/177/177 178/178/178 179/179/179 
f 178/178/178 180/180/180 179/179/179 
f 179/179/179 180/180/180 181/181/181 
f 180/180/180 181/181/181 181/181/181 
f 181/181/181 181/181/181 177/177/177 
f 181/181/181 177/177/177 177/177/177 
f 177/177/177 177/177/177 182/182/182 
f 177/177/177 179/179/179 182/182/182 
f 182/182/182 179/179/179 182/182/182 
f 179/179/179 183/183/183 182/182/182 
f 182/182/182 183/183/183 184/184/184 
f 183/183/183 185/185/185 184/184/184 
f 184/184/184 185/185/185 186/186/186 
f 185/185/185 185/185/185 186/186/186 
f 186/186/186 185/185/185 187/187/187 
f 185/185/185 188/188/188 187/187/187 
f 187/187/187 188/188/188 189/189/189 
f 188/188/188 190/190/190 189/189/189 
f 189/189/189 190/190/190 191/191/191 
f 190/190/190 191/191/191 191/191/191 
f 191/191/191 191/191/191 190/190/190 
f 191/191/191 190/190/190 190/190/190 
f 190/190/190 190/190/190 192/192/192 
f 190/190/190 188/188/188 192/192/192 
f 192/192/192 188/188/188 193/193/193 
f 188/188/188 185/185/185 193/193/193 
f 193/193/193 185/185/185 193/193/193 
f 185/185/185 183/183/183 193/193/193 
f 193/193/193 183/183/183 194/194/194 
f 183/183/183 179/179/179 194/194/194 
f 194/194/194 179/179/179 194/194/194 
f 179/179/179 181/181/181 194/194/194 
f 194/194/194 181/181/181 194/194/194 
f 181/181/181 195/195/195 194/194/194 
f 194/194/194 195/195/195 194/194/194 
f 195/195/195 196/196/196 194/194/194 
f 194/194/194 196/196/196 193/193/193 
f 196/196/196 192/192/192 193/193/193 
f 193/193/193 192/192/192 192/192/192 
f 192/192/192 197/197/197 192/192/192 
f 192/192/192 197/197/197 197/197/197 
f 197/197/197 198/198/198 197/197/197 
f 197/197/197 198/198/198 199/199/199 
f 198/198/198 198/198/198 199/199/199 
f 199/199/199 198/198/198 200/200/200 
f 198/198/198 201/201/201 200/200/200 
f 200/200/200 201/201/201 201/201/201 
f 201/201/201 197/197/197 201/201/201 
f 201/201/201 197/197/197 197/197/197 
f 197/197/197 202/202/202 197/197/197 
f 197/197/197 202/202/202 198/198/198 
f 202/202/202 202/202/202 198/198/198 
f 198/198/198 202/202/202 203/203/203 
f 202/202/202 204/204/204 203/203/203 
f 203/203/203 204/204/204 205/205/205 
f 204/204/204 206/206/206 205/205/205 
f 205/205/205 206/206/206 207/207/207 
f 206/206/206 206/206/206 207/207/207 
f 207/207/207 206/206/206 208/208/208 
f 206/206/206 209/209/209 208/208/208 
f 208/208/208 209/209/209 208/208/208 
f 209/209/209 210/210/210 208/208/208 
f 208/208/208 210/210/210 211/211/211 
f 210/210/210 210/210/210 211/211/211 
f 211/211/211 210/210/210 212/212/212 
f 210/210/210 213/213/213 212/212/212 
f 212/212/212 213/213/213 214/214/214 
f 213/213/213 215/215/215 214/214/214 
f 214/214/214 215/215/215 216/216/216 
f 215/215/215 217/217/217 216/216/216 
f 216/216/216 217/217/217 216/216/216 
f 217/217/217 218/218/218 216/216/216 
f 216/216/216 218/218/218 216/216/216 
f 218/218/218 219/219/219 216/216/216 
f 216/216/216 219/219/219 216/216/216 
f 219/219/219 220/220/220 216/216/216 
f 216/216/216 220/220/220 221/221/221 
f 220/220/220 222/222/222 221/221/221 
f 221/221/221 222/222/222 222/222/222 
f 222/222/222 216/216/216 222/222/222 
f 222/222/222 216/216/216 216/216/216 
f 216/216/216 221/221/221 216/216/216 
f 216/216/216 221/221/221 214/214/214 
f 221/221/221 223/223/223 214/214/214 
f 214/214/214 223/223/223 212/212/212 
f 223/223/223 224/224/224 212/212/212 
f 212/212/212 224/224/224 211/211/211 
f 224/224/224 225/225/225 211/211/211 
f 211/211/211 225/225/225 226/226/226 
f 225/225/225 227/227/227 226/226/226 
f 226/226/226 227/227/227 226/226/226 
f 227/227/227 228/228/228 226/226/226 
f 226/226/226 228/228/228 226/226/226 
f 228/228/228 207/207/207 226/226/226 
f 226/226/226 207/207/207 226/226/226 
f 207/207/207 208/208/208 226/226/226 
f 226/226/226 208/208/208 211/211/211 
f 208/208/208 211/211/211 211/211/211 
f 211/211/211 211/211/211 227/227/227 
f 211/211/211 227/227/227 227/227/227 
f 227/227/227 227/227/227 229/229/229 
f 227/227/227 225/225/225 229/229/229 
f 229/229/229 225/225/225 230/230/230 
f 225/225/225 224/224/224 230/230/230 
f 230/230/230 224/224/224 231/231/231 
f 224/224/224 223/223/223 231/231/231 
f 231/231/231 223/223/223 232/232/232 
f 223/223/223 221/221/221 232/232/232 
f 232/232/232 221/221/221 232/232/232 
f 221/221/221 222/222/222 232/232/232 
f 232/232/232 222/222/222 232/232/232 
f 222/222/222 233/233/233 232/232/232 
f 232/232/232 233/233/233 232/232/232 
f 233/233/233 234/234/234 232/232/232 
f 232/232/232 234/234/234 231/231/231 
f 234/234/234 235/235/235 231/231/231 
f 231/231/231 235/235/235 230/230/230 
f 235/235/235 236/236/236 230/230/230 
f 230/230/230 236/236/236 229/229/229 
f 236/236/236 237/237/237 229/229/229 
f 229/229/229 237/237/237 237/237/237 
f 237/237/237 227/227/227 237/237/237 
f 237/237/237 227/227/227 227/227/227 
f 227/227/227 238/238/238 227/227/227 
f 227/227/227 238/238/238 228/228/228 
f 238/238/238 239/239/239 228/228/228 
f 228/228/228 239/239/239 240/240/240 
f 239/239/239 239/239/239 240/240/240 
f 240/240/240 239/239/239 241/241/241 
f 239/239/239 242/242/242 241/241/241 
f 241/241/241 242/242/242 243/243/243 
f 242/242/242 243/243/243 243/243/243 
f 243/243/243 243/243/243 244/244/244 
f 243/243/243 244/244/244 244/244/244 
f 244/244/244 244/244/244 238/238/238 
f 244/244/244 245/245/245 238/238/238 
f 238/238/238 245/245/245 239/239/239 
f 245/245/245 242/242/242 239/239/239 
f 239/239/239 242/242/242 242/242/242 
f 242/242/242 228/228/228 242/242/242 
f 242/242/242 228/228/228 228/228/228 
f 228/228/228 240/240/240 228/228/228 
f 228/228/228 240/240/240 207/207/207 
f 240/240/240 240/240/240 207/207/207 
f 207/207/207 240/240/240 205/205/205 
f 240/240/240 246/246/246 205/205/205 
f 205/205/205 246/246/246 203/203/203 
f 246/246/246 203/203/203 203/203/203 
f 203/203/203 203/203/203 240/240/240 
f 203/203/203 240/240/240 240/240/240 
f 240/240/240 240/240/240 246/246/246 
f 240/240/240 241/241/241 246/246/246 
f 246/246/246 241/241/241 247/247/247 
f 241/241/241 243/243/243 247/247/247 
f 247/247/247 243/243/243 247/247/247 
f 243/243/243 248/248/248 247/247/247 
f 247/247/247 248/248/248 247/247/247 
f 248/248/248 249/249/249 247/247/247 
f 247/247/247 249/249/249 250/250/250 
f 249/249/249 201/201/201 250/250/250 
f 250/250/250 201/201/201 250/250/250 
f 201/201/201 198/198/198 250/250/250 
f 250/250/250 198/198/198 250/250/250 
f 198/198/198 203/203/203 250/250/250 
f 250/250/250 203/203/203 250/250/250 
f 203/203/203 246/246/246 250/250/250 
f 250/250/250 246/246/246 247/247/247 
f 246/246/246 247/247/247 247/247/247 
f 247/247/247 247/247/247 251/251/251 
f 247/247/247 251/251/251 251/251/251 
f 251/251/251 251/251/251 252/252/252 
f 251/251/251 253/253/253 252/252/252 
f 252/252/252 253/253/253 252/252/252 
f 253/253/253 254/254/254 252/252/252 
f 252/252/252 254/254/254 255/255/255 
f 254/254/254 255/255/255 255/255/255 
f 255/255/255 255/255/255 251/251/251 
f 255/255/255 251/251/251 251/251/251 
f 251/251/251 251/251/251 256/256/256 
f 251/251/251 252/252/252 256/256/256 
f 256/256/256 252/252/252 256/256/256 
f 252/252/252 257/257/257 256/256/256 
f 256/256/256 257/257/257 258/258/258 
f 257/257/257 259/259/259 258/258/258 
f 258/258/258 259/259/259 260/260/260 
f 259/259/259 259/259/259 260/260/260 
f 260/260/260 259/259/259 261/261/261 
f 259/259/259 262/262/262 261/261/261 
f 261/261/261 262/262/262 263/263/263 
f 262/262/262 264/264/264 263/263/263 
f 263/263/263 264/264/264 265/265/265 
f 264/264/264 265/265/265 265/265/265 
f 265/265/265 265/265/265 264/264/264 
f 265/265/265 264/264/264 264/264/264 
f 264/264/264 264/264/264 266/266/266 
f 264/264/264 262/262/262 266/266/266 
f 266/266/266 262/262/262 267/267/267 
f 262/262/262 259/259/259 267/267/267 
f 267/267/267 259/259/259 267/267/267 
f 259/259/259 257/257/257 267/267/267 
f 267/267/267 257/257/257 268/268/268 
f 257/257/257 252/252/252 268/268/268 
f 268/268/268 252/252/252 268/268/268 
f 252/252/252 255/255/255 268/268/268 
f 268/268/268 255/255/255 268/268/268 
f 255/255/255 269/269/269 268/268/268 
f 268/268/268 269/269/269 268/268/268 
f 269/269/269 270/270/270 268/268/268 
f 268/268/268 270/270/270 267/267/267 
f 270/270/270 266/266/266 267/267/267 
f 267/267/267 266/266/266 266/266/266 
f 266/266/266 271/271/271 266/266/266 
f 266/266/266 271/271/271 271/271/271 
f 271/271/271 272/272/272 271/271/271 
f 271/271/271 272/272/272 273/273/273 
f 272/272/272 274/274/274 273/273/273 
f 273/273/273 274/274/274 275/275/275 
f 274/274/274 276/276/276 275/275/275 
f 275/275/275 276/276/276 275/275/275 
f 276/276/276 277/277/277 275/275/275 
f 275/275/275 277/277/277 278/278/278 
f 277/277/277 277/277/277 278/278/278 
f 278/278/278 277/277/277 279/279/279 
f 277/277/277 277/277/277 279/279/279 
f 279/279/279 277/277/277 280/280/280 
f 277/277/277 277/277/277 280/280/280 
f 280/280/280 277/277/277 281/281/281 
f 277/277/277 276/276/276 281/281/281 
f 281/281/281 276/276/276 282/282/282 
f 276/276/276 283/283/283 282/282/282 
f 282/282/282 283/283/283 282/282/282 
f 283/283/283 284/284/284 282/282/282 
f 282/282/282 284/284/284 285/285/285 
f 284/284/284 286/286/286 285/285/285 
f 285/285/285 286/286/286 287/287/287 
f 286/286/286 288/288/288 287/287/287 
f 287/287/287 288/288/288 288/288/288 
f 288/288/288 274/274/274 288/288/288 
f 288/288/288 274/274/274 274/274/274 
f 274/274/274 283/283/283 274/274/274 
f 274/274/274 283/283/283 276/276/276 
f 283/283/283 276/276/276 276/276/276 
f 276/276/276 276/276/276 271/271/271 
f 276/276/276 271/271/271 271/271/271 
f 271/271/271 271/271/271 278/278/278 
f 271/271/271 273/273/273 278/278/278 
f 278/278/278 273/273/273 275/275/275 
f 273/273/273 275/275/275 275/275/275 
f 275/275/275 275/275/275 289/289/289 
f 275/275/275 289/289/289 289/289/289 
f 289/289/289 289/289/289 290/290/290 
f 289/289/289 285/285/285 290/290/290 
f 290/290/290 285/285/285 290/290/290 
f 285/285/285 287/287/287 290/290/290 
f 290/290/290 287/287/287 291/291/291 
f 287/287/287 292/292/292 291/291/291 
f 291/291/291 292/292/292 293/293/293 
f 292/292/292 294/294/294 293/293/293 
f 293/293/293 294/294/294 295/295/295 
f 294/294/294 296/296/296 295/295/295 
f 295/295/295 296/296/296 297/297/297 
f 296/296/296 298/298/298 297/297/297 
f 297/297/297 298/298/298 299/299/299 
f 298/298/298 292/292/292 299/299/299 
f 299/299/299 292/292/292 288/288/288 
f 292/292/292 287/287/287 288/288/288 
f 288/288/288 287/287/287 287/287/287 
f 287/287/287 292/292/292 287/287/287 
f 287/287/287 292/292/292 292/292/292 
f 292/292/292 298/298/298 292/292/292 
f 292/292/292 298/298/298 294/294/294 
f 298/298/298 296/296/296 294/294/294 
f 294/294/294 296/296/296 296/296/296 
f 296/296/296 295/295/295 296/296/296 
f 296/296/296 295/295/295 295/295/295 
f 295/295/295 297/297/297 295/295/295 
f 295/295/295 297/297/297 300/300/300 
f 297/297/297 297/297/297 300/300/300 
f 300/300/300 297/297/297 301/301/301 
f 297/297/297 302/302/302 301/301/301 
f 301/301/301 302/302/302 303/303/303 
f 302/302/302 304/304/304 303/303/303 
f 303/303/303 304/304/304 274/274/274 
f 304/304/304 304/304/304 274/274/274 
f 274/274/274 304/304/304 283/283/283 
f 304/304/304 304/304/304 283/283/283 
f 283/283/283 304/304/304 299/299/299 
f 304/304/304 304/304/304 299/299/299 
f 299/299/299 304/304/304 297/297/297 
f 304/304/304 302/302/302 297/297/297 
f 297/297/297 302/302/302 302/302/302 
f 302/302/302 303/303/303 302/302/302 
f 302/302/302 303/303/303 303/303/303 
f 303/303/303 274/274/274 303/303/303 
f 303/303/303 274/274/274 272/272/272 
f 274/274/274 272/272/272 272/272/272 
f 272/272/272 272/272/272 305/305/305 
f 272/272/272 305/305/305 305/305/305 
f 305/305/305 305/305/305 306/306/306 
f 305/305/305 307/307/307 306/306/306 
f 306/306/306 307/307/307 308/308/308 
f 307/307/307 309/309/309 308/308/308 
f 308/308/308 309/309/309 310/310/310 
f 309/309/309 311/311/311 310/310/310 
f 310/310/310 311/311/311 312/312/312 
f 311/311/311 311/311/311 312/312/312 
f 312/312/312 311/311/311 305/305/305 
f 311/311/311 311/311/311 305/305/305 
f 305/305/305 311/311/311 307/307/307 
f 311/311/311 309/309/309 307/307/307 
f 307/307/307 309/309/309 309/309/309 
f 309/309/309 313/313/313 309/309/309 
f 309/309/309 313/313/313 313/313/313 
f 313/313/313 314/314/314 313/313/313 
f 313/313/313 314/314/314 315/315/315 
f 314/314/314 316/316/316 315/315/315 
f 315/315/315 316/316/316 317/317/317 
f 316/316/316 318/318/318 317/317/317 
f 317/317/317 318/318/318 317/317/317 
f 318/318/318 319/319/319 317/317/317 
f 317/317/317 319/319/319 320/320/320 
f 319/319/319 321/321/321 320/320/320 
f 320/320/320 321/321/321 322/322/322 
f 321/321/321 322/322/322 322/322/322 
f 322/322/322 322/322/322 323/323/323 
f 322/322/322 323/323/323 323/323/323 
f 323/323/323 323/323/323 324/324/324 
f 323/323/323 325/325/325 324/324/324 
f 324/324/324 325/325/325 326/326/326 
f 325/325/325 327/327/327 326/326/326 
f 326/326/326 327/327/327 328/328/328 
f 327/327/327 327/327/327 328/328/328 
f 328/328/328 327/327/327 314/314/314 
f 327/327/327 316/316/316 314/314/314 
f 314/314/314 316/316/316 316/316/316 
f 316/316/316 319/319/319 316/316/316 
f 316/316/316 319/319/319 319/319/319 
f 319/319/319 329/329/329 319/319/319 
f 319/319/319 329/329/329 321/321/321 
f 329/329/329 329/329/329 321/321/321 
f 321/321/321 329/329/329 330/330/330 
f 329/329/329 329/329/329 330/330/330 
f 330/330/330 329/329/329 331/331/331 
f 329/329/329 332/332/332 331/331/331 
f 331/331/331 332/332/332 333/333/333 
f 332/332/332 332/332/332 333/333/333 
f 333/333/333 332/332/332 334/334/334 
f 332/332/332 335/335/335 334/334/334 
f 334/334/334 335/335/335 336/336/336 
f 335/335/335 323/323/323 336/336/336 
f 336/336/336 323/323/323 337/337/337 
f 323/323/323 337/337/337 337/337/337 
f 337/337/337 337/337/337 336/336/336 
f 337/337/337 336/336/336 336/336/336 
f 336/336/336 336/336/336 334/334/334 
f 336/336/336 338/338/338 334/334/334 
f 334/334/334 338/338/338 338/338/338 
f 338/338/338 323/323/323 338/338/338 
f 338/338/338 323/323/323 323/323/323 
f 323/323/323 335/335/335 323/323/323 
f 323/323/323 335/335/335 325/325/325 
f 335/335/335 339/339/339 325/325/325 
f 325/325/325 339/339/339 327/327/327 
f 339/339/339 339/339/339 327/327/327 
f 327/327/327 339/339/339 316/316/316 
f 339/339/339 339/339/339 316/316/316 
f 316/316/316 339/339/339 318/318/318 
f 339/339/339 339/339/339 318/318/318 
f 318/318/318 339/339/339 319/319/319 
f 339/339/339 339/339/339 319/319/319 
f 319/319/319 339/339/339 329/329/329 
f 339/339/339 339/339/339 329/329/329 
f 329/329/329 339/339/339 332/332/332 
f 339/339/339 335/335/335 332/332/332 
f 332/332/332 335/335/335 335/335/335 
f 335/335/335 340/340/340 335/335/335 
f 335/335/335 340/340/340 340/340/340 
f 340/340/340 338/338/338 340/340/340 
f 340/340/340 338/338/338 341/341/341 
f 338/338/338 338/338/338 341/341/341 
f 341/341/341 338/338/338 342/342/342 
f 338/338/338 343/343/343 342/342/342 
f 342/342/342 343/343/343 344/344/344 
f 343/343/343 343/343/343 344/344/344 
f 344/344/344 343/343/343 345/345/345 
f 343/343/343 337/337/337 345/345/345 
f 345/345/345 337/337/337 346/346/346 
f 337/337/337 347/347/347 346/346/346 
f 346/346/346 347/347/347 347/347/347 
f 347/347/347 338/338/338 347/347/347 
f 347/347/347 338/338/338 338/338/338 
f 338/338/338 336/336/336 338/338/338 
f 338/338/338 336/336/336 343/343/343 
f 336/336/336 337/337/337 343/343/343 
f 343/343/343 337/337/337 337/337/337 
f 337/337/337 348/348/348 337/337/337 
f 337/337/337 348/348/348 348/348/348 
f 348/348/348 349/349/349 348/348/348 
f 348/348/348 349/349/349 350/350/350 
f 349/349/349 351/351/351 350/350/350 
f 350/350/350 351/351/351 352/352/352 
f 351/351/351 353/353/353 352/352/352 
f 352/352/352 353/353/353 354/354/354 
f 353/353/353 355/355/355 354/354/354 
f 354/354/354 355/355/355 356/356/356 
f 355/355/355 357/357/357 356/356/356 
f 356/356/356 357/357/357 358/358/358 
f 357/357/357 359/359/359 358/358/358 
f 358/358/358 359/359/359 360/360/360 
f 359/359/359 361/361/361 360/360/360 
f 360/360/360 361/361/361 360/360/360 
f 361/361/361 362/362/362 360/360/360 
f 360/360/360 362/362/362 363/363/363 
f 362/362/362 362/362/362 363/363/363 
f 363/363/363 362/362/362 364/364/364 
f 362/362/362 365/365/365 364/364/364 
f 364/364/364 365/365/365 366/366/366 
f 365/365/365 365/365/365 366/366/366 
f 366/366/366 365/365/365 367/367/367 
f 365/365/365 368/368/368 367/367/367 
f 367/367/367 368/368/368 369/369/369 
f 368/368/368 370/370/370 369/369/369 
f 369/369/369 370/370/370 371/371/371 
f 370/370/370 371/371/371 371/371/371 
f 371/371/371 371/371/371 370/370/370 
f 371/371/371 370/370/370 370/370/370 
f 370/370/370 370/370/370 372/372/372 
f 370/370/370 368/368/368 372/372/372 
f 372/372/372 368/368/368 373/373/373 
f 368/368/368 365/365/365 373/373/373 
f 373/373/373 365/365/365 373/373/373 
f 365/365/365 362/362/362 373/373/373 
f 373/373/373 362/362/362 374/374/374 
f 362/362/362 361/361/361 374/374/374 
f 374/374/374 361/361/361 374/374/374 
f 361/361/361 375/375/375 374/374/374 
f 374/374/374 375/375/375 376/376/376 
f 375/375/375 375/375/375 376/376/376 
f 376/376/376 375/375/375 377/377/377 
f 375/375/375 375/375/375 377/377/377 
f 377/377/377 375/375/375 378/378/378 
f 375/375/375 379/379/379 378/378/378 
f 378/378/378 379/379/379 380/380/380 
f 379/379/379 381/381/381 380/380/380 
f 380/380/380 381/381/381 382/382/382 
f 381/381/381 383/383/383 382/382/382 
f 382/382/382 383/383/383 384/384/384 
f 383/383/383 383/383/383 384/384/384 
f 384/384/384 383/383/383 385/385/385 
f 383/383/383 383/383/383 385/385/385 
f 385/385/385 383/383/383 353/353/353 
f 383/383/383 383/383/383 353/353/353 
f 353/353/353 383/383/383 355/355/355 
f 383/383/383 381/381/381 355/355/355 
f 355/355/355 381/381/381 357/357/357 
f 381/381/381 379/379/379 357/357/357 
f 357/357/357 379/379/379 359/359/359 
f 379/379/379 375/375/375 359/359/359 
f 359/359/359 375/375/375 361/361/361 
f 375/375/375 361/361/361 361/361/361 
f 361/361/361 361/361/361 374/374/374 
f 361/361/361 374/374/374 374/374/374 
f 374/374/374 374/374/374 373/373/373 
f 374/374/374 376/376/376 373/373/373 
f 373/373/373 376/376/376 372/372/372 
f 376/376/376 372/372/372 372/372/372 
f 372/372/372 372/372/372 353/353/353 
f 372/372/372 353/353/353 353/353/353 
f 353/353/353 353/353/353 385/385/385 
f 353/353/353 351/351/351 385/385/385 
f 385/385/385 351/351/351 386/386/386 
f 351/351/351 349/349/349 386/386/386 
f 386/386/386 349/349/349 387/387/387 
f 349/349/349 348/348/348 387/387/387 
f 387/387/387 348/348/348 348/348/348 
f 348/348/348 385/385/385 348/348/348 
f 348/348/348 385/385/385 385/385/385 
f 385/385/385 386/386/386 385/385/385 
f 385/385/385 386/386/386 388/388/388 
f 386/386/386 387/387/387 388/388/388 
f 388/388/388 387/387/387 389/389/389 
f 387/387/387 389/389/389 389/389/389 
f 389/389/389 389/389/389 390/390/390 
f 389/389/389 390/390/390 390/390/390 
f 390/390/390 390/390/390 391/391/391 
f 390/390/390 392/392/392 391/391/391 
f 391/391/391 392/392/392 391/391/391 
f 392/392/392 393/393/393 391/391/391 
f 391/391/391 393/393/393 394/394/394 
f 393/393/393 393/393/393 394/394/394 
f 394/394/394 393/393/393 395/395/395 
f 393/393/393 396/396/396 395/395/395 
f 395/395/395 396/396/396 397/397/397 
f 396/396/396 396/396/396 397/397/397 
f 397/397/397 396/396/396 398/398/398 
f 396/396/396 399/399/399 398/398/398 
f 398/398/398 399/399/399 400/400/400 
f 399/399/399 400/400/400 400/400/400 
f 400/400/400 400/400/400 390/390/390 
f 400/400/400 390/390/390 390/390/390 
f 390/390/390 390/390/390 401/401/401 
f 390/390/390 391/391/391 401/401/401 
f 401/401/401 391/391/391 394/394/394 
f 391/391/391 394/394/394 394/394/394 
f 394/394/394 394/394/394 395/395/395 
f 394/394/394 395/395/395 395/395/395 
f 395/395/395 395/395/395 402/402/402 
f 395/395/395 397/397/397 402/402/402 
f 402/402/402 397/397/397 397/397/397 
f 397/397/397 392/392/392 397/397/397 
f 397/397/397 392/392/392 392/392/392 
f 392/392/392 403/403/403 392/392/392 
f 392/392/392 403/403/403 393/393/393 
f 403/403/403 404/404/404 393/393/393 
f 393/393/393 404/404/404 396/396/396 
f 404/404/404 404/404/404 396/396/396 
f 396/396/396 404/404/404 399/399/399 
f 404/404/404 405/405/405 399/399/399 
f 399/399/399 405/405/405 399/399/399 
f 405/405/405 406/406/406 399/399/399 
f 399/399/399 406/406/406 400/400/400 
f 406/406/406 406/406/406 400/400/400 
f 400/400/400 406/406/406 407/407/407 
f 406/406/406 408/408/408 407/407/407 
f 407/407/407 408/408/408 409/409/409 
f 408/408/408 409/409/409 409/409/409 
f 409/409/409 409/409/409 403/403/403 
f 409/409/409 403/403/403 403/403/403 
f 403/403/403 403/403/403 404/404/404 
f 403/403/403 410/410/410 404/404/404 
f 404/404/404 410/410/410 405/405/405 
f 410/410/410 411/411/411 405/405/405 
f 405/405/405 411/411/411 412/412/412 
f 411/411/411 413/413/413 412/412/412 
f 412/412/412 413/413/413 414/414/414 
f 413/413/413 415/415/415 414/414/414 
f 414/414/414 415/415/415 414/414/414 
f 415/415/415 416/416/416 414/414/414 
f 414/414/414 416/416/416 414/414/414 
f 416/416/416 417/417/417 414/414/414 
f 414/414/414 417/417/417 418/418/418 
f 417/417/417 419/419/419 418/418/418 
f 418/418/418 419/419/419 409/409/409 
f 419/419/419 419/419/419 409/409/409 
f 409/409/409 419/419/419 420/420/420 
f 419/419/419 419/419/419 420/420/420 
f 420/420/420 419/419/419 421/421/421 
f 419/419/419 422/422/422 421/421/421 
f 421/421/421 422/422/422 423/423/423 
f 422/422/422 422/422/422 423/423/423 
f 423/423/423 422/422/422 424/424/424 
f 422/422/422 425/425/425 424/424/424 
f 424/424/424 425/425/425 426/426/426 
f 425/425/425 427/427/427 426/426/426 
f 426/426/426 427/427/427 428/428/428 
f 427/427/427 428/428/428 428/428/428 
f 428/428/428 428/428/428 405/405/405 
f 428/428/428 405/405/405 405/405/405 
f 405/405/405 405/405/405 406/406/406 
f 405/405/405 412/412/412 406/406/406 
f 406/406/406 412/412/412 408/408/408 
f 412/412/412 414/414/414 408/408/408 
f 408/408/408 414/414/414 408/408/408 
f 414/414/414 418/418/418 408/408/408 
f 408/408/408 418/418/418 409/409/409 
f 418/418/418 409/409/409 409/409/409 
f 409/409/409 409/409/409 427/427/427 
f 409/409/409 427/427/427 427/427/427 
f 427/427/427 427/427/427 429/429/429 
f 427/427/427 425/425/425 429/429/429 
f 429/429/429 425/425/425 430/430/430 
f 425/425/425 422/422/422 430/430/430 
f 430/430/430 422/422/422 430/430/430 
f 422/422/422 419/419/419 430/430/430 
f 430/430/430 419/419/419 430/430/430 
f 419/419/419 417/417/417 430/430/430 
f 430/430/430 417/417/417 430/430/430 
f 417/417/417 416/416/416 430/430/430 
f 430/430/430 416/416/416 429/429/429 
f 416/416/416 429/429/429 429/429/429 
f 429/429/429 429/429/429 431/431/431 
f 429/429/429 431/431/431 431/431/431 
f 431/431/431 431/431/431 432/432/432 
f 431/431/431 433/433/433 432/432/432 
f 432/432/432 433/433/433 434/434/434 
f 433/433/433 435/435/435 434/434/434 
f 434/434/434 435/435/435 435/435/435 
f 435/435/435 431/431/431 435/435/435 
f 435/435/435 431/431/431 431/431/431 
f 431/431/431 436/436/436 431/431/431 
f 431/431/431 436/436/436 433/433/433 
f 436/436/436 436/436/436 433/433/433 
f 433/433/433 436/436/436 437/437/437 
f 436/436/436 438/438/438 437/437/437 
f 437/437/437 438/438/438 439/439/439 
f 438/438/438 440/440/440 439/439/439 
f 439/439/439 440/440/440 439/439/439 
f 440/440/440 441/441/441 439/439/439 
f 439/439/439 441/441/441 442/442/442 
f 441/441/441 443/443/443 442/442/442 
f 442/442/442 443/443/443 444/444/444 
f 443/443/443 445/445/445 444/444/444 
f 444/444/444 445/445/445 445/445/445 
f 445/445/445 444/444/444 445/445/445 
f 445/445/445 444/444/444 444/444/444 
f 444/444/444 446/446/446 444/444/444 
f 444/444/444 446/446/446 442/442/442 
f 446/446/446 447/447/447 442/442/442 
f 442/442/442 447/447/447 439/439/439 
f 447/447/447 447/447/447 439/439/439 
f 439/439/439 447/447/447 437/437/437 
f 447/447/447 448/448/448 437/437/437 
f 437/437/437 448/448/448 433/433/433 
f 448/448/448 448/448/448 433/433/433 
f 433/433/433 448/448/448 435/435/435 
f 448/448/448 448/448/448 435/435/435 
f 435/435/435 448/448/448 449/449/449 
f 448/448/448 448/448/448 449/449/449 
f 449/449/449 448/448/448 450/450/450 
f 448/448/448 447/447/447 450/450/450 
f 450/450/450 447/447/447 446/446/446 
f 447/447/447 446/446/446 446/446/446 
f 446/446/446 446/446/446 451/451/451 
f 446/446/446 451/451/451 451/451/451 
f 451/451/451 451/451/451 452/452/452 
f 451/451/451 453/453/453 452/452/452 
f 452/452/452 453/453/453 454/454/454 
f 453/453/453 455/455/455 454/454/454 
f 454/454/454 455/455/455 455/455/455 
f 455/455/455 451/451/451 455/455/455 
f 455/455/455 451/451/451 451/451/451 
f 451/451/451 456/456/456 451/451/451 
f 451/451/451 456/456/456 453/453/453 
f 456/456/456 456/456/456 453/453/453 
f 453/453/453 456/456/456 457/457/457 
f 456/456/456 458/458/458 457/457/457 
f 457/457/457 458/458/458 459/459/459 
f 458/458/458 460/460/460 459/459/459 
f 459/459/459 460/460/460 459/459/459 
f 460/460/460 461/461/461 459/459/459 
f 459/459/459 461/461/461 462/462/462 
f 461/461/461 463/463/463 462/462/462 
f 462/462/462 463/463/463 464/464/464 
f 463/463/463 465/465/465 464/464/464 
f 464/464/464 465/465/465 465/465/465 
f 465/465/465 464/464/464 465/465/465 
f 465/465/465 464/464/464 464/464/464 
f 464/464/464 466/466/466 464/464/464 
f 464/464/464 466/466/466 462/462/462 
f 466/466/466 467/467/467 462/462/462 
f 462/462/462 467/467/467 459/459/459 
f 467/467/467 467/467/467 459/459/459 
f 459/459/459 467/467/467 457/457/457 
f 467/467/467 468/468/468 457/457/457 
f 457/457/457 468/468/468 453/453/453 
f 468/468/468 468/468/468 453/453/453 
f 453/453/453 468/468/468 455/455/455 
f 468/468/468 468/468/468 455/455/455 
f 455/455/455 468/468/468 469/469/469 
f 468/468/468 468/468/468 469/469/469 
f 469/469/469 468/468/468 470/470/470 
f 468/468/468 467/467/467 470/470/470 
f 470/470/470 467/467/467 466/466/466 
f 467/467/467 466/466/466 466/466/466 
f 466/466/466 466/466/466 471/471/471 
f 466/466/466 471/471/471 471/471/471 
f 471/471/471 471/471/471 472/472/472 
f 471/471/471 473/473/473 472/472/472 
f 472/472/472 473/473/473 474/474/474 
f 473/473/473 475/475/475 474/474/474 
f 474/474/474 475/475/475 476/476/476 
f 475/475/475 475/475/475 476/476/476 
f 476/476/476 475/475/475 477/477/477 
f 475/475/475 478/478/478 477/477/477 
f 477/477/477 478/478/478 477/477/477 
f 478/478/478 479/479/479 477/477/477 
f 477/477/477 479/479/479 477/477/477 
f 479/479/479 480/480/480 477/477/477 
f 477/477/477 480/480/480 477/477/477 
f 480/480/480 481/481/481 477/477/477 
f 477/477/477 481/481/481 476/476/476 
f 481/481/481 482/482/482 476/476/476 
f 476/476/476 482/482/482 483/483/483 
f 482/482/482 482/482/482 483/483/483 
f 483/483/483 482/482/482 484/484/484 
f 482/482/482 485/485/485 484/484/484 
f 484/484/484 485/485/485 486/486/486 
f 485/485/485 487/487/487 486/486/486 
f 486/486/486 487/487/487 488/488/488 
f 487/487/487 488/488/488 488/488/488 
f 488/488/488 488/488/488 474/474/474 
f 488/488/488 474/474/474 474/474/474 
f 474/474/474 474/474/474 483/483/483 
f 474/474/474 476/476/476 483/483/483 
f 483/483/483 476/476/476 476/476/476 
f 476/476/476 471/471/471 476/476/476 
f 476/476/476 471/471/471 471/471/471 
f 471/471/471 478/478/478 471/471/471 
f 471/471/471 478/478/478 473/473/473 
f 478/478/478 475/475/475 473/473/473 
f 473/473/473 475/475/475 475/475/475 
f 475/475/475 489/489/489 475/475/475 
f 475/475/475 489/489/489 489/489/489 
f 489/489/489 490/490/490 489/489/489 
f 489/489/489 490/490/490 485/485/485 
f 490/490/490 490/490/490 485/485/485 
f 485/485/485 490/490/490 487/487/487 
f 490/490/490 491/491/491 487/487/487 
f 487/487/487 491/491/491 492/492/492 
f 491/491/491 493/493/493 492/492/492 
f 492/492/492 493/493/493 494/494/494 
f 493/493/493 495/495/495 494/494/494 
f 494/494/494 495/495/495 496/496/496 
f 495/495/495 497/497/497 496/496/496 
f 496/496/496 497/497/497 498/498/498 
f 497/497/497 499/499/499 498/498/498 
f 498/498/498 499/499/499 492/492/492 
f 499/499/499 488/488/488 492/492/492 
f 492/492/492 488/488/488 487/487/487 
f 488/488/488 487/487/487 487/487/487 
f 487/487/487 487/487/487 492/492/492 
f 487/487/487 492/492/492 492/492/492 
f 492/492/492 492/492/492 498/498/498 
f 492/492/492 494/494/494 498/498/498 
f 498/498/498 494/494/494 496/496/496 
f 494/494/494 496/496/496 496/496/496 
f 496/496/496 496/496/496 495/495/495 
f 496/496/496 495/495/495 495/495/495 
f 495/495/495 495/495/495 497/497/497 
f 495/495/495 500/500/500 497/497/497 
f 497/497/497 500/500/500 497/497/497 
f 500/500/500 501/501/501 497/497/497 
f 497/497/497 501/501/501 502/502/502 
f 501/501/501 503/503/503 502/502/502 
f 502/502/502 503/503/503 504/504/504 
f 503/503/503 474/474/474 504/504/504 
f 504/504/504 474/474/474 504/504/504 
f 474/474/474 483/483/483 504/504/504 
f 504/504/504 483/483/483 504/504/504 
f 483/483/483 499/499/499 504/504/504 
f 504/504/504 499/499/499 504/504/504 
f 499/499/499 497/497/497 504/504/504 
f 504/504/504 497/497/497 502/502/502 
f 497/497/497 502/502/502 502/502/502 
f 502/502/502 502/502/502 503/503/503 
f 502/502/502 503/503/503 503/503/503 
f 503/503/503 503/503/503 474/474/474 
f 503/503/503 472/472/472 474/474/474 
f 474/474/474 472/472/472 472/472/472 
f 472/472/472 505/505/505 472/472/472 
f 472/472/472 505/505/505 505/505/505 
f 505/505/505 506/506/506 505/505/505 
f 505/505/505 506/506/506 507/507/507 
f 506/506/506 508/508/508 507/507/507 
f 507/507/507 508/508/508 509/509/509 
f 508/508/508 510/510/510 509/509/509 
f 509/509/509 510/510/510 511/511/511 
f 510/510/510 512/512/512 511/511/511 
f 511/511/511 512/512/512 511/511/511 
f 512/512/512 505/505/505 511/511/511 
f 511/511/511 505/505/505 511/511/511 
f 505/505/505 507/507/507 511/511/511 
f 511/511/511 507/507/507 509/509/509 
f 507/507/507 509/509/509 509/509/509 
f 509/509/509 509/509/509 513/513/513 
f 509/509/509 513/513/513 513/513/513 
f 513/513/513 513/513/513 514/514/514 
f 513/513/513 515/515/515 514/514/514 
f 514/514/514 515/515/515 514/514/514 
f 515/515/515 516/516/516 514/514/514 
f 514/514/514 516/516/516 517/517/517 
f 516/516/516 518/518/518 517/517/517 
f 517/517/517 518/518/518 519/519/519 
f 518/518/518 520/520/520 519/519/519 
f 519/519/519 520/520/520 521/521/521 
f 520/520/520 522/522/522 521/521/521 
f 521/521/521 522/522/522 523/523/523 
f 522/522/522 524/524/524 523/523/523 
f 523/523/523 524/524/524 525/525/525 
f 524/524/524 525/525/525 525/525/525 
f 525/525/525 525/525/525 518/518/518 
f 525/525/525 518/518/518 518/518/518 
f 518/518/518 518/518/518 520/520/520 
f 518/518/518 516/516/516 520/520/520 
f 520/520/520 516/516/516 522/522/522 
f 516/516/516 515/515/515 522/522/522 
f 522/522/522 515/515/515 524/524/524 
f 515/515/515 515/515/515 524/524/524 
f 524/524/524 515/515/515 526/526/526 
f 515/515/515 527/527/527 526/526/526 
f 526/526/526 527/527/527 528/528/528 
f 527/527/527 527/527/527 528/528/528 
f 528/528/528 527/527/527 529/529/529 
f 527/527/527 530/530/530 529/529/529 
f 529/529/529 530/530/530 531/531/531 
f 530/530/530 531/531/531 531/531/531 
f 531/531/531 531/531/531 530/530/530 
f 531/531/531 530/530/530 530/530/530 
f 530/530/530 530/530/530 532/532/532 
f 530/530/530 527/527/527 532/532/532 
f 532/532/532 527/527/527 532/532/532 
f 527/527/527 515/515/515 532/532/532 
f 532/532/532 515/515/515 532/532/532 
f 515/515/515 513/513/513 532/532/532 
f 532/532/532 513/513/513 532/532/532 
f 513/513/513 533/533/533 532/532/532 
f 532/532/532 533/533/533 534/534/534 
f 533/533/533 535/535/535 534/534/534 
f 534/534/534 535/535/535 536/536/536 
f 535/535/535 537/537/537 536/536/536 
f 536/536/536 537/537/537 536/536/536 
f 537/537/537 538/538/538 536/536/536 
f 536/536/536 538/538/538 536/536/536 
f 538/538/538 531/531/531 536/536/536 
f 536/536/536 531/531/531 536/536/536 
f 531/531/531 530/530/530 536/536/536 
f 536/536/536 530/530/530 534/534/534 
f 530/530/530 532/532/532 534/534/534 
f 534/534/534 532/532/532 532/532/532 
f 532/532/532 539/539/539 532/532/532 
f 532/532/532 539/539/539 539/539/539 
f 539/539/539 540/540/540 539/539/539 
f 539/539/539 540/540/540 541/541/541 
f 540/540/540 542/542/542 541/541/541 
f 541/541/541 542/542/542 543/543/543 
f 542/542/542 542/542/542 543/543/543 
f 543/543/543 542/542/542 544/544/544 
f 542/542/542 545/545/545 544/544/544 
f 544/544/544 545/545/545 544/544/544 
f 545/545/545 546/546/546 544/544/544 
f 544/544/544 546/546/546 547/547/547 
f 546/546/546 548/548/548 547/547/547 
f 547/547/547 548/548/548 549/549/549 
f 548/548/548 550/550/550 549/549/549 
f 549/549/549 550/550/550 550/550/550 
f 550/550/550 540/540/540 550/550/550 
f 550/550/550 540/540/540 540/540/540 
f 540/540/540 551/551/551 540/540/540 
f 540/540/540 551/551/551 542/542/542 
f 551/551/551 545/545/545 542/542/542 
f 542/542/542 545/545/545 545/545/545 
f 545/545/545 543/543/543 545/545/545 
f 545/545/545 543/543/543 543/543/543 
f 543/543/543 544/544/544 543/543/543 
f 543/543/543 544/544/544 552/552/552 
f 544/544/544 547/547/547 552/552/552 
f 552/552/552 547/547/547 553/553/553 
f 547/547/547 549/549/549 553/553/553 
f 553/553/553 549/549/549 549/549/549 
f 549/549/549 554/554/554 549/549/549 
f 549/549/549 554/554/554 554/554/554 
f 554/554/554 555/555/555 554/554/554 
f 554/554/554 555/555/555 556/556/556 
f 555/555/555 557/557/557 556/556/556 
f 556/556/556 557/557/557 557/557/557 
f 557/557/557 558/558/558 557/557/557 
f 557/557/557 558/558/558 558/558/558 
f 558/558/558 559/559/559 558/558/558 
f 558/558/558 559/559/559 560/560/560 
f 559/559/559 559/559/559 560/560/560 
f 560/560/560 559/559/559 561/561/561 
f 559/559/559 559/559/559 561/561/561 
f 561/561/561 559/559/559 562/562/562 
f 559/559/559 563/563/563 562/562/562 
f 562/562/562 563/563/563 564/564/564 
f 563/563/563 565/565/565 564/564/564 
f 564/564/564 565/565/565 566/566/566 
f 565/565/565 567/567/567 566/566/566 
f 566/566/566 567/567/567 568/568/568 
f 567/567/567 569/569/569 568/568/568 
f 568/568/568 569/569/569 568/568/568 
f 569/569/569 570/570/570 568/568/568 
f 568/568/568 570/570/570 571/571/571 
f 570/570/570 571/571/571 571/571/571 
f 571/571/571 571/571/571 572/572/572 
f 571/571/571 572/572/572 572/572/572 
f 572/572/572 572/572/572 573/573/573 
f 572/572/572 574/574/574 573/573/573 
f 573/573/573 574/574/574 575/575/575 
f 574/574/574 575/575/575 575/575/575 
f 575/575/575 575/575/575 576/576/576 
f 575/575/575 576/576/576 576/576/576 
f 576/576/576 576/576/576 577/577/577 
f 576/576/576 578/578/578 577/577/577 
f 577/577/577 578/578/578 579/579/579 
f 578/578/578 579/579/579 579/579/579 
f 579/579/579 579/579/579 580/580/580 
f 579/579/579 580/580/580 580/580/580 
f 580/580/580 580/580/580 581/581/581 
f 580/580/580 582/582/582 581/581/581 
f 581/581/581 582/582/582 583/583/583 
f 582/582/582 583/583/583 583/583/583 
f 583/583/583 583/583/583 584/584/584 
f 583/583/583 584/584/584 584/584/584 
f 584/584/584 584/584/584 585/585/585 
f 584/584/584 586/586/586 585/585/585 
f 585/585/585 586/586/586 587/587/587 
f 586/586/586 587/587/587 587/587/587 
f 587/587/587 587/587/587 588/588/588 
f 587/587/587 588/588/588 588/588/588 
f 588/588/588 588/588/588 589/589/589 
f 588/588/588 590/590/590 589/589/589 
f 589/589/589 590/590/590 591/591/591 
f 590/590/590 591/591/591 591/591/591 
f 591/591/591 591/591/591 592/592/592 
f 591/591/591 592/592/592 592/592/592 
f 592/592/592 592/592/592 593/593/593 
f 592/592/592 594/594/594 593/593/593 
f 593/593/593 594/594/594 595/595/595 
f 594/594/594 595/595/595 595/595/595 
f 595/595/595 595/595/595 596/596/596 
f 595/595/595 596/596/596 596/596/596 
f 596/596/596 596/596/596 597/597/597 
f 596/596/596 598/598/598 597/597/597 
f 597/597/597 598/598/598 599/599/599 
f 598/598/598 599/599/599 599/599/599 
f 599/599/599 599/599/599 600/600/600 
f 599/599/599 600/600/600 600/600/600 
f 600/600/600 600/600/600 601/601/601 
f 600/600/600 602/602/602 601/601/601 
f 601/601/601 602/602/602 603/603/603 
f 602/602/602 604/604/604 603/603/603 
f 603/603/603 604/604/604 604/604/604 
f 604/604/604 601/601/601 604/604/604 
f 604/604/604 601/601/601 601/601/601 
f 601/601/601 603/603/603 601/601/601 
f 601/601/601 603/603/603 605/605/605 
f 603/603/603 606/606/606 605/605/605 
f 605/605/605 606/606/606 607/607/607 
f 606/606/606 606/606/606 607/607/607 
f 607/607/607 606/606/606 608/608/608 
f 606/606/606 609/609/609 608/608/608 
f 608/608/608 609/609/609 610/610/610 
f 609/609/609 611/611/611 610/610/610 
f 610/610/610 611/611/611 612/612/612 
f 611/611/611 612/612/612 612/612/612 
f 612/612/612 612/612/612 611/611/611 
f 612/612/612 611/611/611 611/611/611 
f 611/611/611 611/611/611 613/613/613 
f 611/611/611 609/609/609 613/613/613 
f 613/613/613 609/609/609 614/614/614 
f 609/609/609 606/606/606 614/614/614 
f 614/614/614 606/606/606 614/614/614 
f 606/606/606 603/603/603 614/614/614 
f 614/614/614 603/603/603 614/614/614 
f 603/603/603 604/604/604 614/614/614 
f 614/614/614 604/604/604 615/615/615 
f 604/604/604 616/616/616 615/615/615 
f 615/615/615 616/616/616 617/617/617 
f 616/616/616 618/618/618 617/617/617 
f 617/617/617 618/618/618 619/619/619 
f 618/618/618 619/619/619 619/619/619 
f 619/619/619 619/619/619 615/615/615 
f 619/619/619 615/615/615 615/615/615 
f 615/615/615 615/615/615 614/614/614 
f 615/615/615 613/613/613 614/614/614 
f 614/614/614 613/613/613 613/613/613 
f 613/613/613 620/620/620 613/613/613 
f 613/613/613 620/620/620 620/620/620 
f 620/620/620 621/621/621 620/620/620 
f 620/620/620 621/621/621 622/622/622 
f 621/621/621 623/623/623 622/622/622 
f 622/622/622 623/623/623 624/624/624 
f 623/623/623 625/625/625 624/624/624 
f 624/624/624 625/625/625 626/626/626 
f 625/625/625 627/627/627 626/626/626 
f 626/626/626 627/627/627 628/628/628 
f 627/627/627 629/629/629 628/628/628 
f 628/628/628 629/629/629 629/629/629 
f 629/629/629 630/630/630 629/629/629 
f 629/629/629 630/630/630 630/630/630 
f 630/630/630 631/631/631 630/630/630 
f 630/630/630 631/631/631 632/632/632 
f 631/631/631 633/633/633 632/632/632 
f 632/632/632 633/633/633 633/633/633 
f 633/633/633 632/632/632 633/633/633 
f 633/633/633 632/632/632 632/632/632 
f 632/632/632 634/634/634 632/632/632 
f 632/632/632 634/634/634 630/630/630 
f 634/634/634 634/634/634 630/630/630 
f 630/630/630 634/634/634 635/635/635 
f 634/634/634 636/636/636 635/635/635 
f 635/635/635 636/636/636 637/637/637 
f 636/636/636 638/638/638 637/637/637 
f 637/637/637 638/638/638 639/639/639 
f 638/638/638 640/640/640 639/639/639 
f 639/639/639 640/640/640 641/641/641 
f 640/640/640 642/642/642 641/641/641 
f 641/641/641 642/642/642 643/643/643 
f 642/642/642 644/644/644 643/643/643 
f 643/643/643 644/644/644 644/644/644 
f 644/644/644 637/637/637 644/644/644 
f 644/644/644 637/637/637 637/637/637 
f 637/637/637 639/639/639 637/637/637 
f 637/637/637 639/639/639 635/635/635 
f 639/639/639 641/641/641 635/635/635 
f 635/635/635 641/641/641 630/630/630 
f 641/641/641 643/643/643 630/630/630 
f 630/630/630 643/643/643 630/630/630 
f 643/643/643 645/645/645 630/630/630 
f 630/630/630 645/645/645 646/646/646 
f 645/645/645 647/647/647 646/646/646 
f 646/646/646 647/647/647 646/646/646 
f 647/647/647 648/648/648 646/646/646 
f 646/646/646 648/648/648 649/649/649 
f 648/648/648 650/650/650 649/649/649 
f 649/649/649 650/650/650 650/650/650 
f 650/650/650 630/630/630 650/650/650 
f 650/650/650 630/630/630 630/630/630 
f 630/630/630 646/646/646 630/630/630 
f 630/630/630 646/646/646 631/631/631 
f 646/646/646 649/649/649 631/631/631 
f 631/631/631 649/649/649 651/651/651 
f 649/649/649 652/652/652 651/651/651 
f 651/651/651 652/652/652 653/653/653 
f 652/652/652 652/652/652 653/653/653 
f 653/653/653 652/652/652 654/654/654 
f 652/652/652 652/652/652 654/654/654 
f 654/654/654 652/652/652 655/655/655 
f 652/652/652 652/652/652 655/655/655 
f 655/655/655 652/652/652 650/650/650 
f 652/652/652 649/649/649 650/650/650 
f 650/650/650 649/649/649 649/649/649 
f 649/649/649 631/631/631 649/649/649 
f 649/649/649 631/631/631 631/631/631 
f 631/631/631 651/651/651 631/631/631 
f 631/631/631 651/651/651 633/633/633 
f 651/651/651 653/653/653 633/633/633 
f 633/633/633 653/653/653 653/653/653 
f 653/653/653 656/656/656 653/653/653 
f 653/653/653 656/656/656 656/656/656 
f 656/656/656 657/657/657 656/656/656 
f 656/656/656 657/657/657 658/658/658 
f 657/657/657 659/659/659 658/658/658 
f 658/658/658 659/659/659 660/660/660 
f 659/659/659 659/659/659 660/660/660 
f 660/660/660 659/659/659 661/661/661 
f 659/659/659 662/662/662 661/661/661 
f 661/661/661 662/662/662 663/663/663 
f 662/662/662 664/664/664 663/663/663 
f 663/663/663 664/664/664 665/665/665 
f 664/664/664 666/666/666 665/665/665 
f 665/665/665 666/666/666 667/667/667 
f 666/666/666 667/667/667 667/667/667 
f 667/667/667 667/667/667 657/657/657 
f 667/667/667 657/657/657 657/657/657 
f 657/657/657 657/657/657 659/659/659 
f 657/657/657 668/668/668 659/659/659 
f 659/659/659 668/668/668 662/662/662 
f 668/668/668 669/669/669 662/662/662 
f 662/662/662 669/669/669 664/664/664 
f 669/669/669 670/670/670 664/664/664 
f 664/664/664 670/670/670 666/666/666 
f 670/670/670 666/666/666 666/666/666 
f 666/666/666 666/666/666 671/671/671 
f 666/666/666 671/671/671 671/671/671 
f 671/671/671 671/671/671 672/672/672 
f 671/671/671 673/673/673 672/672/672 
f 672/672/672 673/673/673 674/674/674 
f 673/673/673 674/674/674 674/674/674 
f 674/674/674 674/674/674 675/675/675 
f 674/674/674 675/675/675 675/675/675 
f 675/675/675 675/675/675 676/676/676 
f 675/675/675 677/677/677 676/676/676 
f 676/676/676 677/677/677 676/676/676 
f 677/677/677 678/678/678 676/676/676 
f 676/676/676 678/678/678 676/676/676 
f 678/678/678 679/679/679 676/676/676 
f 676/676/676 679/679/679 680/680/680 
f 679/679/679 681/681/681 680/680/680 
f 680/680/680 681/681/681 682/682/682 
f 681/681/681 683/683/683 682/682/682 
f 682/682/682 683/683/683 684/684/684 
f 683/683/683 685/685/685 684/684/684 
f 684/684/684 685/685/685 686/686/686 
f 685/685/685 685/685/685 686/686/686 
f 686/686/686 685/685/685 687/687/687 
f 685/685/685 688/688/688 687/687/687 
f 687/687/687 688/688/688 688/688/688 
f 688/688/688 689/689/689 688/688/688 
f 688/688/688 689/689/689 689/689/689 
f 689/689/689 690/690/690 689/689/689 
f 689/689/689 690/690/690 691/691/691 
f 690/690/690 692/692/692 691/691/691 
f 691/691/691 692/692/692 692/692/692 
f 692/692/692 693/693/693 692/692/692 
f 692/692/692 693/693/693 693/693/693 
f 693/693/693 694/694/694 693/693/693 
f 693/693/693 694/694/694 695/695/695 
f 694/694/694 696/696/696 695/695/695 
f 695/695/695 696/696/696 696/696/696 
f 696/696/696 697/697/697 696/696/696 
f 696/696/696 697/697/697 697/697/697 
f 697/697/697 698/698/698 697/697/697 
f 697/697/697 698/698/698 699/699/699 
f 698/698/698 700/700/700 699/699/699 
f 699/699/699 700/700/700 700/700/700 
f 700/700/700 701/701/701 700/700/700 
f 700/700/700 701/701/701 701/701/701 
f 701/701/701 702/702/702 701/701/701 
f 701/701/701 702/702/702 703/703/703 
f 702/702/702 704/704/704 703/703/703 
f 703/703/703 704/704/704 704/704/704 
f 704/704/704 705/705/705 704/704/704 
f 704/704/704 705/705/705 705/705/705 
f 705/705/705 706/706/706 705/705/705 
f 705/705/705 706/706/706 707/707/707 
f 706/706/706 708/708/708 707/707/707 
f 707/707/707 708/708/708 708/708/708 
f 708/708/708 709/709/709 708/708/708 
f 708/708/708 709/709/709 709/709/709 
f 709/709/709 710/710/710 709/709/709 
f 709/709/709 710/710/710 711/711/711 
f 710/710/710 712/712/712 711/711/711 
f 711/711/711 712/712/712 712/712/712 
f 712/712/712 713/713/713 712/712/712 
f 712/712/712 713/713/713 713/713/713 
f 713/713/713 714/714/714 713/713/713 
f 713/713/713 714/714/714 715/715/715 
f 714/714/714 716/716/716 715/715/715 
f 715/715/715 716/716/716 716/716/716 
f 716/716/716 717/717/717 716/716/716 
f 716/716/716 717/717/717 717/717/717 
f 717/717/717 718/718/718 717/717/717 
f 717/717/717 718/718/718 719/719/719 
f 718/718/718 720/720/720 719/719/719 
f 719/719/719 720/720/720 721/721/721 
f 720/720/720 721/721/721 721/721/721 
f 721/721/721 721/721/721 718/718/718 
f 721/721/721 718/718/718 718/718/718 
f 718/718/718 718/718/718 720/720/720 
f 718/718/718 722/722/722 720/720/720 
f 720/720/720 722/722/722 723/723/723 
f 722/722/722 724/724/724 723/723/723 
f 723/723/723 724/724/724 723/723/723 
f 724/724/724 725/725/725 723/723/723 
f 723/723/723 725/725/725 726/726/726 
f 725/725/725 727/727/727 726/726/726 
f 726/726/726 727/727/727 728/728/728 
f 727/727/727 729/729/729 728/728/728 
f 728/728/728 729/729/729 729/729/729 
f 729/729/729 728/728/728 729/729/729 
f 729/729/729 728/728/728 728/728/728 
f 728/728/728 730/730/730 728/728/728 
f 728/728/728 730/730/730 726/726/726 
f 730/730/730 731/731/731 726/726/726 
f 726/726/726 731/731/731 723/723/723 
f 731/731/731 731/731/731 723/723/723 
f 723/723/723 731/731/731 720/720/720 
f 731/731/731 731/731/731 720/720/720 
f 720/720/720 731/731/731 721/721/721 
f 731/731/731 732/732/732 721/721/721 
f 721/721/721 732/732/732 733/733/733 
f 732/732/732 734/734/734 733/733/733 
f 733/733/733 734/734/734 735/735/735 
f 734/734/734 736/736/736 735/735/735 
f 735/735/735 736/736/736 736/736/736 
f 736/736/736 732/732/732 736/736/736 
f 736/736/736 732/732/732 732/732/732 
f 732/732/732 731/731/731 732/732/732 
f 732/732/732 731/731/731 730/730/730 
f 731/731/731 730/730/730 730/730/730 
f 730/730/730 730/730/730 737/737/737 
f 730/730/730 737/737/737 737/737/737 
f 737/737/737 737/737/737 738/738/738 
f 737/737/737 739/739/739 738/738/738 
f 738/738/738 739/739/739 740/740/740 
f 739/739/739 741/741/741 740/740/740 
f 740/740/740 741/741/741 742/742/742 
f 741/741/741 743/743/743 742/742/742 
f 742/742/742 743/743/743 744/744/744 
f 743/743/743 745/745/745 744/744/744 
f 744/744/744 745/745/745 746/746/746 

