mtllib model_127.mtl
o model_127
v 29.357175827026367 -266.6285095214844 -25.405481338500977 
v 45.49388885498047 -262.741943359375 -25.405481338500977 
v 29.49903678894043 -266.6285095214844 -23.159944534301758 
v 45.5648193359375 -262.5260009765625 -22.785690307617188 
v 57.091041564941406 -267.4921875 -15.175817489624023 
v 57.7648811340332 -249.57073974609375 -15.300572395324707 
v 59.6445426940918 -249.78668212890625 -25.40548324584961 
v 30.84671974182129 -271.5946960449219 -23.908456802368164 
v 53.47357940673828 -286.70916748046875 -12.680773735046387 
v 37.797916412353516 -289.08428955078125 -21.91242218017578 
v 50.77821731567383 -313.4833679199219 -10.684738159179688 
v 35.4217414855957 -313.9151916503906 -19.16787338256836 
v 46.94796371459961 -339.177978515625 -7.565933704376221 
v 33.43568420410156 -338.7461242675781 -15.051054000854492 
v 32.158935546875 -353.860595703125 -13.179771423339844 
v 45.95493698120117 -354.0765075683594 -5.819403648376465 
v 50.10437774658203 -353.4287414550781 8.402325630187988 
v 51.203800201416016 -338.53021240234375 7.404305934906006 
v 42.05375289916992 -352.1332092285156 21.002277374267578 
v 55.353240966796875 -310.6763916015625 5.283517360687256 
v 58.19046401977539 -280.2315368652344 4.65975284576416 
v 61.240482330322266 -257.5598449707031 0.9171885251998901 
v 57.72941589355469 -237.0473175048828 4.9092512130737305 
v 57.9776725769043 -237.2632598876953 -25.405487060546875 
v 57.7648811340332 -249.57073974609375 -35.385643005371094 
v 45.5648193359375 -262.5260009765625 -27.900522232055664 
v 57.091041564941406 -267.4921875 -35.51039505004883 
v 29.49903678894043 -266.6285095214844 -27.52626609802246 
v 30.84671974182129 -271.5946960449219 -26.777751922607422 
v 53.47357940673828 -286.70916748046875 -38.005428314208984 
v 37.797916412353516 -289.08428955078125 -28.773780822753906 
v 50.77821731567383 -313.4833679199219 -40.00145721435547 
v 35.4217414855957 -313.9151916503906 -31.518321990966797 
v 46.94796371459961 -339.177978515625 -43.12025451660156 
v 33.43568420410156 -338.7461242675781 -35.6351318359375 
v 32.158935546875 -353.860595703125 -37.506412506103516 
v 45.95493698120117 -354.0765075683594 -44.86677932739258 
v 50.10437774658203 -353.42877197265625 -59.08850860595703 
v 51.203800201416016 -338.53021240234375 -58.090492248535156 
v 42.05375289916992 -352.13323974609375 -71.68846130371094 
v 55.353240966796875 -310.6763916015625 -55.9697151184082 
v 58.19046401977539 -280.2315368652344 -55.3459587097168 
v 61.240482330322266 -257.5598449707031 -51.60340118408203 
v 57.72941589355469 -237.04733276367188 -55.5954704284668 
v 43.2241096496582 -337.45062255859375 -71.31420135498047 
v 46.486915588378906 -307.2216796875 -70.06668853759766 
v 45.63574981689453 -273.3220520019531 -70.31620025634766 
v 47.9055290222168 -250.21853637695312 -66.07463836669922 
v 26.555418014526367 -350.83770751953125 -75.43102264404297 
v 28.18682098388672 -336.15509033203125 -75.1815185546875 
v 29.463571548461914 -305.0624694824219 -74.05875396728516 
v 28.25775146484375 -270.2991638183594 -74.30826568603516 
v 24.71122169494629 -243.95681762695312 -70.44095611572266 
v 31.16590690612793 -229.70602416992188 -66.94790649414062 
v 36.663028717041016 -210.2731475830078 -60.83505630493164 
v 58.438720703125 -215.2393341064453 -50.231136322021484 
v 58.61604690551758 -215.23931884765625 -25.405488967895508 
v 58.438720703125 -215.23931884765625 -0.45509013533592224 
v 36.663028717041016 -210.27313232421875 10.148828506469727 
v 31.16590690612793 -229.7060089111328 16.261680603027344 
v 24.71122169494629 -243.95680236816406 19.75473976135254 
v 47.9055290222168 -250.21852111816406 15.388420104980469 
v 28.25775146484375 -270.2991638183594 23.622055053710938 
v 45.63574981689453 -273.3220520019531 19.62999153137207 
v 29.463571548461914 -305.06243896484375 23.37255859375 
v 46.486915588378906 -307.2216491699219 19.3804931640625 
v 28.18682098388672 -336.1550598144531 24.495328903198242 
v 43.2241096496582 -337.4505920410156 20.628019332885742 
v 26.555418014526367 -350.8376770019531 24.744836807250977 
v 38.329898834228516 -134.48484802246094 12.269599914550781 
v 10.596033096313477 -128.8708953857422 15.138895034790039 
v 31.520559310913086 -147.2241973876953 11.77059555053711 
v 9.000094413757324 -142.68984985351562 -1.7026212215423584 
v 7.510550498962402 -124.12065124511719 -2.3263838291168213 
v 11.518131256103516 -111.59723663330078 9.774558067321777 
v 11.979179382324219 -110.7335433959961 -3.3244032859802246 
v 20.56178092956543 -98.42604064941406 7.903274059295654 
v 16.305946350097656 -102.3126220703125 -7.690723419189453 
v 25.10133934020996 -90.43697357177734 -16.672870635986328 
v 14.319890022277832 -102.09671020507812 -25.405508041381836 
v 21.129226684570312 -89.35736846923828 -25.40550994873047 
v 25.10133934020996 -90.43697357177734 -34.013397216796875 
v 16.305946350097656 -102.31262969970703 -42.995540618896484 
v 20.56178092956543 -98.4260482788086 -58.58953857421875 
v 9.673933982849121 -110.7335433959961 -25.405506134033203 
v 5.347167491912842 -124.12065124511719 -25.40550422668457 
v 11.979179382324219 -110.73355102539062 -47.36185836791992 
v 11.518131256103516 -111.59724426269531 -60.460819244384766 
v 7.510550498962402 -124.12065887451172 -48.35987091064453 
v 10.596033096313477 -128.87091064453125 -65.82514953613281 
v 6.482057571411133 -142.4739227294922 -25.405502319335938 
v 11.092545509338379 -157.80433654785156 -25.405498504638672 
v 13.575118064880371 -157.58839416503906 -2.8253870010375977 
v 33.36475372314453 -161.4749755859375 10.024067878723145 
v 17.547231674194336 -192.13577270507812 -0.954101026058197 
v 36.55663299560547 -191.05616760253906 7.903289318084717 
v 36.663028717041016 -210.27313232421875 10.148828506469727 
v 17.121646881103516 -205.52285766601562 -0.3303391933441162 
v 14.993730545043945 -192.13577270507812 -25.405492782592773 
v 14.568145751953125 -205.52285766601562 -25.40549087524414 
v 17.121646881103516 -205.52285766601562 -50.355892181396484 
v 17.547231674194336 -192.13577270507812 -49.73213195800781 
v 36.663028717041016 -210.2731475830078 -60.83505630493164 
v 36.55663299560547 -191.05616760253906 -58.58952331542969 
v 33.36475372314453 -161.47499084472656 -60.71031188964844 
v 13.575118064880371 -157.58840942382812 -47.86085891723633 
v 31.520559310913086 -147.22421264648438 -62.456844329833984 
v 9.000094413757324 -142.6898651123047 -48.9836311340332 
v 38.329898834228516 -134.48486328125 -62.95585250854492 
v 36.663028717041016 -210.27313232421875 10.148828506469727 
v 36.55663299560547 -191.05616760253906 7.903289318084717 
v 58.438720703125 -215.23931884765625 -0.45509013533592224 
v 57.87127685546875 -189.9765625 -2.2016220092773438 
v 58.61604690551758 -215.23931884765625 -25.405488967895508 
v 58.084068298339844 -189.9765625 -25.405494689941406 
v 57.87127685546875 -189.9765625 -48.484615325927734 
v 58.438720703125 -215.2393341064453 -50.231136322021484 
v 36.55663299560547 -191.05616760253906 -58.58952331542969 
v 36.663028717041016 -210.2731475830078 -60.83505630493164 
v 38.329898834228516 -134.48484802246094 12.269599914550781 
v 31.520559310913086 -147.2241973876953 11.77059555053711 
v 70.78064727783203 -148.73565673828125 -1.2036131620407104 
v 33.36475372314453 -161.4749755859375 10.024067878723145 
v 63.54572677612305 -165.14564514160156 -2.825385808944702 
v 63.54572677612305 -165.14564514160156 -47.86085891723633 
v 33.36475372314453 -161.47499084472656 -60.71031188964844 
v 70.78064727783203 -148.73565673828125 -49.482635498046875 
v 31.520559310913086 -147.22421264648438 -62.456844329833984 
v 38.329898834228516 -134.48486328125 -62.95585250854492 
v 69.89401245117188 -134.26895141601562 -52.22718048095703 
v 53.08346176147461 -119.58631896972656 -51.353919982910156 
v 44.00434494018555 -119.58631896972656 -62.20734405517578 
v 48.54390335083008 -110.73355102539062 -50.10640335083008 
v 37.05314636230469 -101.66487121582031 -59.338050842285156 
v 44.678184509277344 -93.67579650878906 -33.88864517211914 
v 35.84732437133789 -91.73249053955078 -38.254966735839844 
v 25.10133934020996 -90.43697357177734 -34.013397216796875 
v 20.56178092956543 -98.4260482788086 -58.58953857421875 
v 46.69970703125 -94.32355499267578 -25.40550994873047 
v 50.317169189453125 -110.7335433959961 -25.405506134033203 
v 54.92765808105469 -119.37037658691406 -25.405506134033203 
v 70.07134246826172 -134.05300903320312 -25.405502319335938 
v 71.06436920166016 -148.51971435546875 -25.405500411987305 
v 63.723052978515625 -165.14564514160156 -25.405498504638672 
v 69.89401245117188 -134.26893615722656 1.5409281253814697 
v 53.08346176147461 -119.58631134033203 0.6676639914512634 
v 48.54390335083008 -110.7335433959961 -0.5798581838607788 
v 44.678184509277344 -93.67578887939453 -16.79762077331543 
v 37.05314636230469 -101.66486358642578 8.651786804199219 
v 35.84732437133789 -91.73249053955078 -12.431302070617676 
v 25.10133934020996 -90.43697357177734 -16.672870635986328 
v 20.56178092956543 -98.42604064941406 7.903274059295654 
v 44.00434494018555 -119.5863037109375 11.521085739135742 
v 38.329898834228516 -134.48484802246094 12.269599914550781 
v 10.596033096313477 -128.8708953857422 15.138895034790039 
v 28.612403869628906 -168.60037231445312 37.96852111816406 
v 17.298974990844727 -166.441162109375 41.212066650390625 
v 26.51995277404785 -178.10089111328125 44.455623626708984 
v 16.625133514404297 -174.86207580566406 47.82392883300781 
v 25.314132690429688 -107.0628890991211 27.988351821899414 
v 21.87399673461914 -111.1653823852539 29.734874725341797 
v 21.767601013183594 -101.01709747314453 16.51116180419922 
v 13.929771423339844 -110.08577728271484 20.253725051879883 
v 20.56178092956543 -98.42604064941406 7.903274059295654 
v 11.518131256103516 -111.59723663330078 9.774558067321777 
v 15.029194831848145 -123.47288513183594 27.863601684570312 
v 14.780937194824219 -160.82720947265625 50.44371795654297 
v 15.312917709350586 -168.38442993164062 56.307064056396484 
v 23.930984497070312 -165.36154174804688 61.42189407348633 
v 23.257144927978516 -157.1565399169922 56.182308197021484 
v 22.58330535888672 -116.9952392578125 32.72892379760742 
v 33.861270904541016 -168.60037231445312 58.053592681884766 
v 23.930984497070312 -165.36154174804688 61.42189407348633 
v 35.315345764160156 -176.5894317626953 65.53871154785156 
v 24.569360733032227 -172.70286560058594 69.4060287475586 
v 21.87399673461914 -209.19351196289062 88.99209594726562 
v 29.32171058654785 -209.8412628173828 88.24357604980469 
v 36.414772033691406 -184.57850646972656 56.431819915771484 
v 32.371726989746094 -213.29600524902344 83.25350189208984 
v 26.69727897644043 -188.68099975585938 51.06747817993164 
v 27.867633819580078 -216.3188934326172 79.01193237304688 
v 35.173484802246094 -175.07798767089844 49.57045364379883 
v 26.51995277404785 -178.10089111328125 44.455623626708984 
v 16.625133514404297 -174.86207580566406 47.82392883300781 
v 26.51995277404785 -178.10089111328125 44.455623626708984 
v 15.880363464355469 -184.79444885253906 54.93479537963867 
v 26.69727897644043 -188.68099975585938 51.06747817993164 
v 27.867633819580078 -216.3188934326172 79.01193237304688 
v 20.38445472717285 -215.67112731933594 79.76044464111328 
v 14.81640338897705 -176.8053436279297 64.04168701171875 
v 17.369905471801758 -212.00048828125 84.75051879882812 
v 24.569360733032227 -172.70286560058594 69.4060287475586 
v 21.87399673461914 -209.19351196289062 88.99209594726562 
v 15.312917709350586 -168.38442993164062 56.307064056396484 
v 23.930984497070312 -165.36154174804688 61.42189407348633 
v 33.861270904541016 -168.60037231445312 58.053592681884766 
v 34.39324951171875 -159.3157501220703 52.93875503540039 
v 23.930984497070312 -165.36154174804688 61.42189407348633 
v 23.257144927978516 -157.1565399169922 56.182308197021484 
v 32.47812271118164 -119.15445709228516 31.730911254882812 
v 22.58330535888672 -116.9952392578125 32.72892379760742 
v 21.87399673461914 -111.1653823852539 29.734874725341797 
v 34.14499282836914 -113.97235870361328 30.857648849487305 
v 25.314132690429688 -107.0628890991211 27.988351821899414 
v 39.67757797241211 -128.43907165527344 24.994306564331055 
v 37.0886116027832 -164.92970275878906 43.95661163330078 
v 35.173484802246094 -175.07798767089844 49.57045364379883 
v 26.51995277404785 -178.10089111328125 44.455623626708984 
v 28.612403869628906 -168.60037231445312 37.96852111816406 
v 38.329898834228516 -134.48484802246094 12.269599914550781 
v 41.947357177734375 -116.56340026855469 22.62401580810547 
v 31.520559310913086 -108.14250183105469 28.487354278564453 
v 35.9537239074707 -103.60813903808594 17.509180068969727 
v 21.767601013183594 -101.01709747314453 16.51116180419922 
v 37.05314636230469 -101.66486358642578 8.651786804199219 
v 20.56178092956543 -98.42604064941406 7.903274059295654 
v 44.00434494018555 -119.5863037109375 11.521085739135742 
v 33.96766662597656 -237.695068359375 96.35246276855469 
v 34.39324951171875 -234.67218017578125 95.60395812988281 
v 30.56299591064453 -237.91099548339844 93.857421875 
v 30.84671974182129 -234.88809204101562 92.98416900634766 
v 16.696063995361328 -234.88809204101562 93.35841369628906 
v 17.01525115966797 -237.91099548339844 94.10692596435547 
v 14.922799110412598 -234.45626831054688 96.35246276855469 
v 15.348382949829102 -237.695068359375 96.97622680664062 
v 18.859447479248047 -251.29811096191406 97.59999084472656 
v 17.121646881103516 -251.51402282714844 99.97027587890625 
v 32.194400787353516 -251.51402282714844 99.47126770019531 
v 29.463571548461914 -251.08216857910156 97.10098266601562 
v 16.341411590576172 -231.6492919921875 92.60990905761719 
v 14.532681465148926 -231.2174530029297 95.60395812988281 
v 16.483272552490234 -224.73980712890625 91.98614501953125 
v 20.06526756286621 -225.60350036621094 88.24358367919922 
v 18.575725555419922 -217.39849853515625 87.99407196044922 
v 21.271087646484375 -219.1258544921875 83.50300598144531 
v 28.32868194580078 -225.8194122314453 87.74457550048828 
v 27.512981414794922 -219.55770874023438 83.00399780273438 
v 32.97463607788086 -224.95574951171875 91.11287689208984 
v 34.81883239746094 -231.43336486816406 94.8554458618164 
v 31.0949764251709 -231.6492919921875 92.23564910888672 
v 15.348382949829102 -237.695068359375 96.97622680664062 
v 18.7530517578125 -237.47915649414062 99.47126007080078 
v 14.922799110412598 -234.45626831054688 96.35246276855469 
v 18.469329833984375 -234.24034118652344 98.84750366210938 
v 32.6199836730957 -234.24034118652344 98.59800720214844 
v 32.30079650878906 -237.47915649414062 99.22175598144531 
v 34.39324951171875 -234.67218017578125 95.60395812988281 
v 33.96766662597656 -237.695068359375 96.35246276855469 
v 30.42113494873047 -251.94586181640625 101.96630096435547 
v 32.194400787353516 -251.51402282714844 99.47126770019531 
v 17.121646881103516 -251.51402282714844 99.97027587890625 
v 19.81700897216797 -251.94586181640625 102.34056091308594 
v 32.97463607788086 -231.0015411376953 97.8494873046875 
v 34.81883239746094 -231.43336486816406 94.8554458618164 
v 32.97463607788086 -224.95574951171875 91.11287689208984 
v 29.392641067504883 -223.87612915039062 94.85543823242188 
v 30.98858070373535 -218.04627990722656 86.9960708618164 
v 28.293216705322266 -216.3188934326172 91.61188507080078 
v 21.129226684570312 -223.6602020263672 95.22969818115234 
v 22.086790084838867 -216.1029815673828 92.11089324951172 
v 16.483272552490234 -224.73980712890625 91.98614501953125 
v 18.575725555419922 -217.39849853515625 87.99407196044922 
v 35.35081100463867 -226.68310546875 89.61585998535156 
v 37.65605545043945 -224.52389526367188 85.62378692626953 
v 37.726985931396484 -234.02442932128906 87.12081909179688 
v 39.145599365234375 -232.72891235351562 84.75052642822266 
v 14.532681465148926 -231.2174530029297 95.60395812988281 
v 18.221071243286133 -230.7855987548828 98.22374725341797 
v 32.158935546875 -353.860595703125 -13.179771423339844 
v 18.433862686157227 -337.23468017578125 -11.308493614196777 
v 16.58966827392578 -352.7809753417969 -9.686715126037598 
v 10.418705940246582 -335.5072937011719 1.915218472480774 
v 8.290787696838379 -351.4854736328125 2.9132351875305176 
v 33.43568420410156 -338.7461242675781 -15.051054000854492 
v 18.32746696472168 -311.7560119628906 -15.051058769226074 
v 35.4217414855957 -313.9151916503906 -19.16787338256836 
v 20.313526153564453 -286.0614013671875 -17.79560661315918 
v 37.797916412353516 -289.08428955078125 -21.91242218017578 
v 13.114068031311035 -267.9240417480469 -20.2906494140625 
v 30.84671974182129 -271.5946960449219 -23.908456802368164 
v 10.170449256896973 -264.9011535644531 -22.411434173583984 
v 29.49903678894043 -266.6285095214844 -23.159944534301758 
v 10.383241653442383 -265.1170654296875 -25.405481338500977 
v 29.357175827026367 -266.6285095214844 -25.405481338500977 
v 29.49903678894043 -266.6285095214844 -27.52626609802246 
v 10.170449256896973 -264.9011535644531 -28.274778366088867 
v 30.84671974182129 -271.5946960449219 -26.777751922607422 
v 13.114068031311035 -267.9240417480469 -30.39556121826172 
v 37.797916412353516 -289.08428955078125 -28.773780822753906 
v 9.532074928283691 -308.5171813964844 -0.9540820717811584 
v 11.234407424926758 -279.36785888671875 -2.7006146907806396 
v -1.533101201057434 -247.84336853027344 -35.63514709472656 
v 20.313526153564453 -286.0614013671875 -32.89059829711914 
v 3.9640207290649414 -258.42352294921875 -44.24303436279297 
v 35.4217414855957 -313.9151916503906 -31.518321990966797 
v 18.32746696472168 -311.7560119628906 -35.63513946533203 
v 33.43568420410156 -338.7461242675781 -35.6351318359375 
v 11.234407424926758 -279.36785888671875 -47.985591888427734 
v 8.78730297088623 -248.4911651611328 -61.708316802978516 
v 4.566930770874023 -222.5806427001953 -54.47270584106445 
v -1.533101201057434 -248.05931091308594 -25.405485153198242 
v -1.533101201057434 -247.84336853027344 -15.051068305969238 
v 3.9640207290649414 -258.4234924316406 -6.443178653717041 
v 8.78730297088623 -248.49114990234375 11.022099494934082 
v 16.02222442626953 -272.8902282714844 14.390406608581543 
v 14.142562866210938 -305.710205078125 15.014171600341797 
v 14.639077186584473 -335.0754699707031 17.010210037231445 
v 12.511157989501953 -350.62176513671875 17.509220123291016 
v 26.555418014526367 -350.8376770019531 24.744836807250977 
v 28.18682098388672 -336.1550598144531 24.495328903198242 
v 29.463571548461914 -305.06243896484375 23.37255859375 
v 28.25775146484375 -270.2991638183594 23.622055053710938 
v 24.71122169494629 -243.95680236816406 19.75473976135254 
v 31.16590690612793 -229.7060089111328 16.261680603027344 
v 4.566930770874023 -222.58062744140625 3.7864789962768555 
v 4.389603614807129 -222.3647003173828 -25.405488967895508 
v 14.568145751953125 -205.52285766601562 -25.40549087524414 
v 17.121646881103516 -205.52285766601562 -50.355892181396484 
v 31.16590690612793 -229.70602416992188 -66.94790649414062 
v 36.663028717041016 -210.2731475830078 -60.83505630493164 
v 17.121646881103516 -205.52285766601562 -0.3303391933441162 
v 36.663028717041016 -210.27313232421875 10.148828506469727 
v 24.71122169494629 -243.95681762695312 -70.44095611572266 
v 16.02222442626953 -272.8902282714844 -65.07661437988281 
v 28.25775146484375 -270.2991638183594 -74.30826568603516 
v 14.142562866210938 -305.710205078125 -65.70037078857422 
v 29.463571548461914 -305.0624694824219 -74.05875396728516 
v 14.639077186584473 -335.0754699707031 -67.69639587402344 
v 28.18682098388672 -336.15509033203125 -75.1815185546875 
v 26.555418014526367 -350.83770751953125 -75.43102264404297 
v 12.511157989501953 -350.6217956542969 -68.19540405273438 
v 8.290787696838379 -351.4854736328125 -53.59941864013672 
v 10.418705940246582 -335.50732421875 -52.60140609741211 
v 16.58966827392578 -352.7809753417969 -40.99946594238281 
v 9.532074928283691 -308.5171813964844 -49.732112884521484 
v 18.433862686157227 -337.23468017578125 -39.37769317626953 
v 32.158935546875 -353.860595703125 -37.506412506103516 
v 26.839139938354492 -371.56610107421875 -10.559975624084473 
v 38.7554817199707 -372.4298095703125 -3.199608087539673 
v 32.158935546875 -353.860595703125 -13.179771423339844 
v 45.95493698120117 -354.0765075683594 -5.819403648376465 
v 36.73395919799805 -394.8855895996094 -3.0748519897460938 
v 23.89552116394043 -391.8627014160156 -10.18571662902832 
v 38.54269027709961 -423.1712341308594 -0.33030372858047485 
v 25.420528411865234 -423.8190002441406 -8.189680099487305 
v 26.44902229309082 -455.9912109375 -7.066906452178955 
v 39.961299896240234 -454.26385498046875 1.1667256355285645 
v 42.443870544433594 -420.79608154296875 13.018158912658691 
v 43.933414459228516 -453.4001770019531 13.766676902770996 
v 40.741539001464844 -395.9651794433594 10.897371292114258 
v 42.33747482299805 -371.3501892089844 10.897367477416992 
v 50.10437774658203 -353.4287414550781 8.402325630187988 
v 42.05375289916992 -352.1332092285156 21.002277374267578 
v 35.27988052368164 -368.543212890625 23.24781608581543 
v 21.767601013183594 -366.3840026855469 26.491369247436523 
v 19.462358474731445 -391.21490478515625 27.614139556884766 
v 33.54207992553711 -394.4537353515625 23.622074127197266 
v 34.81883239746094 -417.9891357421875 24.744848251342773 
v 36.095584869384766 -454.0479431152344 24.99435806274414 
v 20.278059005737305 -415.6139831542969 28.362653732299805 
v 21.342018127441406 -454.6956787109375 29.485431671142578 
v 26.555418014526367 -350.8376770019531 24.744836807250977 
v 21.767601013183594 -366.3840026855469 26.491369247436523 
v 26.555418014526367 -350.8376770019531 24.744836807250977 
v 10.099516868591309 -366.3840026855469 19.255748748779297 
v 12.511157989501953 -350.62176513671875 17.509220123291016 
v 6.659384250640869 -388.1920166015625 20.628026962280273 
v 19.462358474731445 -391.21490478515625 27.614139556884766 
v 7.084967613220215 -415.6139831542969 21.002286911010742 
v 20.278059005737305 -415.6139831542969 28.362653732299805 
v 21.342018127441406 -454.6956787109375 29.485431671142578 
v 7.687877655029297 -455.34344482421875 22.624069213867188 
v 3.0419249534606934 -417.9891357421875 7.154813766479492 
v 3.396575450897217 -455.7752990722656 8.776597023010254 
v 2.651806592941284 -386.8965148925781 6.655801773071289 
v 6.51752233505249 -367.89544677734375 5.4082794189453125 
v 8.290787696838379 -351.4854736328125 2.9132351875305176 
v 16.58966827392578 -352.7809753417969 -9.686715126037598 
v 13.433257102966309 -369.8387451171875 -6.817416667938232 
v 26.839139938354492 -371.56610107421875 -10.559975624084473 
v 23.89552116394043 -391.8627014160156 -10.18571662902832 
v 9.7803316116333 -388.6238708496094 -6.068901538848877 
v 10.84428882598877 -421.4438781738281 -4.946127891540527 
v 11.624526023864746 -456.4230651855469 -3.573850393295288 
v 25.420528411865234 -423.8190002441406 -8.189680099487305 
v 26.44902229309082 -455.9912109375 -7.066906452178955 
v 32.158935546875 -353.860595703125 -13.179771423339844 
v 42.40840530395508 -62.79910659790039 -7.940235137939453 
v 55.14044952392578 -45.9572639465332 -10.934285163879395 
v 38.117103576660156 -59.34432601928711 -6.817467212677002 
v 36.30837631225586 -56.75328826904297 -6.56796407699585 
v 34.39324951171875 -61.71949768066406 -6.942219257354736 
v 60.28291702270508 -42.50253677368164 -25.405517578125 
v 46.0258674621582 -40.12736129760742 -12.556062698364258 
v 35.03162384033203 -40.343318939208984 -10.310525894165039 
v 34.53511047363281 -34.08159255981445 -25.405519485473633 
v 18.50479507446289 -41.63883972167969 -25.405517578125 
v 21.696672439575195 -44.4457893371582 -12.556061744689941 
v 19.781545639038086 -58.26471710205078 -10.31052303314209 
v 23.824588775634766 -71.65184783935547 -13.554073333740234 
v 34.676971435546875 -68.62896728515625 -9.063002586364746 
v 47.94099426269531 -36.45671844482422 -25.405519485473633 
v 13.575118064880371 -58.69659423828125 -25.405515670776367 
v 21.05829620361328 -74.67473602294922 -25.4055118560791 
v 23.54086685180664 -77.04986572265625 -25.4055118560791 
v 27.44205093383789 -78.34540557861328 -16.67287254333496 
v 35.45720672607422 -77.26580047607422 -11.3085355758667 
v 35.10255432128906 -81.80014038085938 -13.554071426391602 
v 47.65727233886719 -82.23198699951172 -12.680807113647461 
v 42.514801025390625 -85.03895568847656 -17.421382904052734 
v 45.31656265258789 -86.33448028564453 -25.40550994873047 
v 39.92583465576172 -72.94737243652344 -9.936264991760254 
v 44.28806686401367 -72.08369445800781 -9.06300163269043 
v 63.01374435424805 -70.35630798339844 -21.787704467773438 
v 68.08528137207031 -70.35630798339844 -25.405513763427734 
v 64.21956634521484 -57.61698532104492 -25.405515670776367 
v 63.01374435424805 -70.35630798339844 -28.898569107055664 
v 63.93584442138672 -73.37921905517578 -25.4055118560791 
v 58.54512023925781 -77.91355895996094 -36.7579460144043 
v 63.86491394042969 -77.04986572265625 -25.4055118560791 
v 55.14044952392578 -45.957271575927734 -39.75199508666992 
v 59.254425048828125 -58.04881286621094 -39.37773895263672 
v 42.40840530395508 -62.799110412597656 -42.74604415893555 
v 60.21198654174805 -69.70858001708984 -37.75596237182617 
v 44.28806686401367 -72.08370208740234 -41.62327194213867 
v 57.906742095947266 -84.60711669921875 -33.38964080810547 
v 60.460243225097656 -87.19815063476562 -25.40550994873047 
v 47.65727233886719 -82.23198699951172 -38.005462646484375 
v 58.54512023925781 -77.91355895996094 -13.928328514099121 
v 60.21198654174805 -69.70857238769531 -12.930313110351562 
v 59.254425048828125 -58.048805236816406 -11.308539390563965 
v 42.40840530395508 -62.79910659790039 -7.940235137939453 
v 55.14044952392578 -45.9572639465332 -10.934285163879395 
v 60.28291702270508 -42.50253677368164 -25.405517578125 
v 44.28806686401367 -72.08369445800781 -9.06300163269043 
v 57.906742095947266 -84.60710906982422 -17.296630859375 
v 47.65727233886719 -82.23198699951172 -12.680807113647461 
v 45.31656265258789 -86.33448028564453 -25.40550994873047 
v 42.40840530395508 -62.79910659790039 -7.940235137939453 
v 38.117103576660156 -59.34432601928711 -6.817467212677002 
v 37.33686828613281 -59.34432601928711 -4.9461870193481445 
v 34.038597106933594 -61.71949768066406 -3.698667287826538 
v 34.39324951171875 -61.71949768066406 -6.942219257354736 
v 33.2938232421875 -68.62896728515625 -4.322425842285156 
v 34.676971435546875 -68.62896728515625 -9.063002586364746 
v 44.28806686401367 -72.08369445800781 -9.06300163269043 
v 37.478729248046875 -73.16328430175781 -6.9422173500061035 
v 39.92583465576172 -72.94737243652344 -9.936264991760254 
v 34.676971435546875 -68.62896728515625 -9.063002586364746 
v 33.2938232421875 -68.62896728515625 -4.322425842285156 
v 38.329898834228516 -134.48486328125 -62.95585250854492 
v 10.596033096313477 -128.87091064453125 -65.82514953613281 
v 28.612403869628906 -168.6003875732422 -88.6547622680664 
v 17.298974990844727 -166.44117736816406 -91.8983154296875 
v 26.51995277404785 -178.10092163085938 -95.14186096191406 
v 16.625133514404297 -174.8621063232422 -98.51016998291016 
v 25.314132690429688 -107.06291198730469 -78.67461395263672 
v 21.87399673461914 -111.1654052734375 -80.42113494873047 
v 21.767601013183594 -101.0171127319336 -67.19742584228516 
v 13.929771423339844 -110.0857925415039 -70.93998718261719 
v 20.56178092956543 -98.4260482788086 -58.58953857421875 
v 11.518131256103516 -111.59724426269531 -60.460819244384766 
v 15.029194831848145 -123.472900390625 -78.54985809326172 
v 14.780937194824219 -160.82723999023438 -101.12996673583984 
v 15.312917709350586 -168.38446044921875 -106.9933090209961 
v 23.930984497070312 -165.361572265625 -112.10813903808594 
v 23.257144927978516 -157.1565704345703 -106.8685531616211 
v 22.58330535888672 -116.9952621459961 -83.4151840209961 
v 33.861270904541016 -168.6003875732422 -108.73983001708984 
v 23.930984497070312 -165.361572265625 -112.10813903808594 
v 35.315345764160156 -176.58946228027344 -116.2249526977539 
v 24.569360733032227 -172.70289611816406 -120.09226989746094 
v 21.87399673461914 -209.19354248046875 -139.67832946777344 
v 29.32171058654785 -209.84130859375 -138.9298095703125 
v 36.414772033691406 -184.5785369873047 -107.11805725097656 
v 32.371726989746094 -213.29603576660156 -133.93972778320312 
v 26.69727897644043 -188.6810302734375 -101.75371551513672 
v 27.867633819580078 -216.3189239501953 -129.69815063476562 
v 35.173484802246094 -175.07801818847656 -100.2566909790039 
v 26.51995277404785 -178.10092163085938 -95.14186096191406 
v 16.625133514404297 -174.8621063232422 -98.51016998291016 
v 26.51995277404785 -178.10092163085938 -95.14186096191406 
v 15.880363464355469 -184.7944793701172 -105.62103271484375 
v 26.69727897644043 -188.6810302734375 -101.75371551513672 
v 27.867633819580078 -216.3189239501953 -129.69815063476562 
v 20.38445472717285 -215.67115783691406 -130.44667053222656 
v 14.81640338897705 -176.8053741455078 -114.7279281616211 
v 17.369905471801758 -212.00051879882812 -135.43675231933594 
v 24.569360733032227 -172.70289611816406 -120.09226989746094 
v 21.87399673461914 -209.19354248046875 -139.67832946777344 
v 15.312917709350586 -168.38446044921875 -106.9933090209961 
v 23.930984497070312 -165.361572265625 -112.10813903808594 
v 33.861270904541016 -168.6003875732422 -108.73983001708984 
v 34.39324951171875 -159.31578063964844 -103.625 
v 23.930984497070312 -165.361572265625 -112.10813903808594 
v 23.257144927978516 -157.1565704345703 -106.8685531616211 
v 32.47812271118164 -119.15447235107422 -82.41716766357422 
v 22.58330535888672 -116.9952621459961 -83.4151840209961 
v 21.87399673461914 -111.1654052734375 -80.42113494873047 
v 34.14499282836914 -113.97237396240234 -81.54390716552734 
v 25.314132690429688 -107.06291198730469 -78.67461395263672 
v 39.67757797241211 -128.4390869140625 -75.6805648803711 
v 37.0886116027832 -164.92971801757812 -94.64285278320312 
v 35.173484802246094 -175.07801818847656 -100.2566909790039 
v 26.51995277404785 -178.10092163085938 -95.14186096191406 
v 28.612403869628906 -168.6003875732422 -88.6547622680664 
v 38.329898834228516 -134.48486328125 -62.95585250854492 
v 41.947357177734375 -116.56341552734375 -73.31027221679688 
v 31.520559310913086 -108.14251708984375 -79.17361450195312 
v 35.9537239074707 -103.608154296875 -68.19544219970703 
v 21.767601013183594 -101.0171127319336 -67.19742584228516 
v 37.05314636230469 -101.66487121582031 -59.338050842285156 
v 20.56178092956543 -98.4260482788086 -58.58953857421875 
v 44.00434494018555 -119.58631896972656 -62.20734405517578 
v 33.96766662597656 -237.6951141357422 -147.03868103027344 
v 34.39324951171875 -234.67222595214844 -146.29017639160156 
v 30.56299591064453 -237.91104125976562 -144.54364013671875 
v 30.84671974182129 -234.8881378173828 -143.67037963867188 
v 16.696063995361328 -234.8881378173828 -144.0446319580078 
v 17.01525115966797 -237.91104125976562 -144.79315185546875 
v 14.922799110412598 -234.45631408691406 -147.03868103027344 
v 15.348382949829102 -237.6951141357422 -147.66244506835938 
v 18.859447479248047 -251.29815673828125 -148.2862091064453 
v 17.121646881103516 -251.51406860351562 -150.656494140625 
v 32.194400787353516 -251.51406860351562 -150.15748596191406 
v 29.463571548461914 -251.08221435546875 -147.78720092773438 
v 16.341411590576172 -231.6493377685547 -143.29612731933594 
v 14.532681465148926 -231.2174835205078 -146.29017639160156 
v 16.483272552490234 -224.73985290527344 -142.67236328125 
v 20.06526756286621 -225.60354614257812 -138.9298095703125 
v 18.575725555419922 -217.39852905273438 -138.6802978515625 
v 21.271087646484375 -219.1259002685547 -134.18923950195312 
v 28.32868194580078 -225.8194580078125 -138.43080139160156 
v 27.512981414794922 -219.5577392578125 -133.6902313232422 
v 32.97463607788086 -224.95578002929688 -141.79910278320312 
v 34.81883239746094 -231.4333953857422 -145.5416717529297 
v 31.0949764251709 -231.6493377685547 -142.921875 
v 15.348382949829102 -237.6951141357422 -147.66244506835938 
v 18.7530517578125 -237.4792022705078 -150.15748596191406 
v 14.922799110412598 -234.45631408691406 -147.03868103027344 
v 18.469329833984375 -234.24037170410156 -149.53372192382812 
v 32.6199836730957 -234.24037170410156 -149.2842254638672 
v 32.30079650878906 -237.4792022705078 -149.90797424316406 
v 34.39324951171875 -234.67222595214844 -146.29017639160156 
v 33.96766662597656 -237.6951141357422 -147.03868103027344 
v 30.42113494873047 -251.94590759277344 -152.65252685546875 
v 32.194400787353516 -251.51406860351562 -150.15748596191406 
v 17.121646881103516 -251.51406860351562 -150.656494140625 
v 19.81700897216797 -251.94590759277344 -153.0267791748047 
v 32.97463607788086 -231.00157165527344 -148.5357208251953 
v 34.81883239746094 -231.4333953857422 -145.5416717529297 
v 32.97463607788086 -224.95578002929688 -141.79910278320312 
v 29.392641067504883 -223.8761749267578 -145.5416717529297 
v 30.98858070373535 -218.0463104248047 -137.6822967529297 
v 28.293216705322266 -216.3189239501953 -142.29811096191406 
v 21.129226684570312 -223.6602325439453 -145.91592407226562 
v 22.086790084838867 -216.10301208496094 -142.797119140625 
v 16.483272552490234 -224.73985290527344 -142.67236328125 
v 18.575725555419922 -217.39852905273438 -138.6802978515625 
v 35.35081100463867 -226.6831512451172 -140.3020782470703 
v 37.65605545043945 -224.52392578125 -136.3100128173828 
v 37.726985931396484 -234.0244598388672 -137.80703735351562 
v 39.145599365234375 -232.72894287109375 -135.43675231933594 
v 14.532681465148926 -231.2174835205078 -146.29017639160156 
v 18.221071243286133 -230.78564453125 -148.90997314453125 
v 26.44902229309082 -455.9912414550781 -43.61924362182617 
v 39.961299896240234 -454.26385498046875 -51.852874755859375 
v 25.420528411865234 -423.8190002441406 -42.49647903442383 
v 38.54269027709961 -423.1712341308594 -50.355857849121094 
v 23.89552116394043 -391.8627014160156 -40.50045394897461 
v 36.73395919799805 -394.8855895996094 -47.6113166809082 
v 26.839139938354492 -371.5661315917969 -40.126197814941406 
v 38.7554817199707 -372.4298095703125 -47.486568450927734 
v 32.158935546875 -353.860595703125 -37.506412506103516 
v 45.95493698120117 -354.0765075683594 -44.86677932739258 
v 43.933414459228516 -453.4001770019531 -64.45282745361328 
v 42.443870544433594 -420.7961120605469 -63.70431900024414 
v 40.741539001464844 -395.9652099609375 -61.58353805541992 
v 42.33747482299805 -371.3501892089844 -61.58354568481445 
v 50.10437774658203 -353.42877197265625 -59.08850860595703 
v 42.05375289916992 -352.13323974609375 -71.68846130371094 
v 35.27988052368164 -368.5432434082031 -73.93399047851562 
v 21.767601013183594 -366.3840026855469 -77.17754364013672 
v 19.462358474731445 -391.2149353027344 -78.30030822753906 
v 33.54207992553711 -394.4537353515625 -74.30824279785156 
v 34.81883239746094 -417.9891357421875 -75.4310073852539 
v 36.095584869384766 -454.0479431152344 -75.68051147460938 
v 26.555418014526367 -350.83770751953125 -75.43102264404297 
v 21.342018127441406 -454.6957092285156 -80.17158508300781 
v 20.278059005737305 -415.614013671875 -79.04881286621094 
v 21.342018127441406 -454.6957092285156 -80.17158508300781 
v 7.687877655029297 -455.3434753417969 -73.31021881103516 
v 20.278059005737305 -415.614013671875 -79.04881286621094 
v 7.084967613220215 -415.614013671875 -71.68844604492188 
v 19.462358474731445 -391.2149353027344 -78.30030822753906 
v 6.659384250640869 -388.1920471191406 -71.31419372558594 
v 21.767601013183594 -366.3840026855469 -77.17754364013672 
v 10.099516868591309 -366.3840026855469 -69.94192504882812 
v 26.555418014526367 -350.83770751953125 -75.43102264404297 
v 12.511157989501953 -350.6217956542969 -68.19540405273438 
v 3.396575450897217 -455.7752990722656 -59.462745666503906 
v 3.0419249534606934 -417.9891357421875 -57.84097671508789 
v 2.651806592941284 -386.8965148925781 -57.34197235107422 
v 6.51752233505249 -367.8954772949219 -56.09445571899414 
v 8.290787696838379 -351.4854736328125 -53.59941864013672 
v 16.58966827392578 -352.7809753417969 -40.99946594238281 
v 13.433257102966309 -369.8387451171875 -43.86875915527344 
v 26.839139938354492 -371.5661315917969 -40.126197814941406 
v 23.89552116394043 -391.8627014160156 -40.50045394897461 
v 9.7803316116333 -388.6238708496094 -44.617271423339844 
v 10.84428882598877 -421.4438781738281 -45.74003219604492 
v 11.624526023864746 -456.4230651855469 -47.11229705810547 
v 32.158935546875 -353.860595703125 -37.506412506103516 
v 26.44902229309082 -455.9912414550781 -43.61924362182617 
v 25.420528411865234 -423.8190002441406 -42.49647903442383 
v 42.40840530395508 -62.799110412597656 -42.74604415893555 
v 38.117103576660156 -59.344329833984375 -43.868812561035156 
v 55.14044952392578 -45.957271575927734 -39.75199508666992 
v 36.30837631225586 -56.753292083740234 -44.118316650390625 
v 35.03162384033203 -40.34332275390625 -40.37575912475586 
v 46.0258674621582 -40.12736511230469 -38.13022232055664 
v 34.53511047363281 -34.08159255981445 -25.405519485473633 
v 47.94099426269531 -36.45671844482422 -25.405519485473633 
v 60.28291702270508 -42.50253677368164 -25.405517578125 
v 34.39324951171875 -61.719505310058594 -43.744056701660156 
v 19.781545639038086 -58.26472473144531 -40.375755310058594 
v 21.696672439575195 -44.44579315185547 -38.13022232055664 
v 18.50479507446289 -41.63883972167969 -25.405517578125 
v 13.575118064880371 -58.69659423828125 -25.405515670776367 
v 23.824588775634766 -71.65185546875 -37.1322021484375 
v 34.676971435546875 -68.62896728515625 -41.62327194213867 
v 35.45720672607422 -77.26580047607422 -39.37773513793945 
v 39.92583465576172 -72.94737243652344 -40.75000762939453 
v 44.28806686401367 -72.08370208740234 -41.62327194213867 
v 47.65727233886719 -82.23198699951172 -38.005462646484375 
v 35.10255432128906 -81.80014038085938 -37.132198333740234 
v 42.514801025390625 -85.0389633178711 -33.26488494873047 
v 45.31656265258789 -86.33448028564453 -25.40550994873047 
v 21.05829620361328 -74.67473602294922 -25.4055118560791 
v 23.54086685180664 -77.04986572265625 -25.4055118560791 
v 27.44205093383789 -78.34540557861328 -34.01340103149414 
v 42.40840530395508 -62.799110412597656 -42.74604415893555 
v 38.117103576660156 -59.344329833984375 -43.868812561035156 
v 37.33686828613281 -59.344329833984375 -45.74009323120117 
v 34.038597106933594 -61.719505310058594 -46.98760986328125 
v 34.39324951171875 -61.719505310058594 -43.744056701660156 
v 33.2938232421875 -68.62896728515625 -46.36384963989258 
v 34.676971435546875 -68.62896728515625 -41.62327194213867 
v 44.28806686401367 -72.08370208740234 -41.62327194213867 
v 37.478729248046875 -73.16328430175781 -43.744056701660156 
v 39.92583465576172 -72.94737243652344 -40.75000762939453 
v 34.676971435546875 -68.62896728515625 -41.62327194213867 
v 33.2938232421875 -68.62896728515625 -46.36384963989258 
v 35.10255432128906 -81.80014038085938 -13.554071426391602 
v 42.514801025390625 -85.03895568847656 -17.421382904052734 
v 35.84732437133789 -91.73249053955078 -12.431302070617676 
v 44.678184509277344 -93.67578887939453 -16.79762077331543 
v 45.31656265258789 -86.33448028564453 -25.40550994873047 
v 46.69970703125 -94.32355499267578 -25.40550994873047 
v 44.678184509277344 -93.67579650878906 -33.88864517211914 
v 42.514801025390625 -85.0389633178711 -33.26488494873047 
v 35.84732437133789 -91.73249053955078 -38.254966735839844 
v 35.10255432128906 -81.80014038085938 -37.132198333740234 
v 27.512981414794922 -219.55770874023438 83.00399780273438 
v 30.98858070373535 -218.04627990722656 86.9960708618164 
v 27.867633819580078 -216.3188934326172 79.01193237304688 
v 32.371726989746094 -213.29600524902344 83.25350189208984 
v 28.293216705322266 -216.3188934326172 91.61188507080078 
v 29.32171058654785 -209.8412628173828 88.24357604980469 
v 22.086790084838867 -216.1029815673828 92.11089324951172 
v 21.87399673461914 -209.19351196289062 88.99209594726562 
v 27.867633819580078 -216.3188934326172 79.01193237304688 
v 27.512981414794922 -219.55770874023438 83.00399780273438 
v 20.38445472717285 -215.67112731933594 79.76044464111328 
v 21.271087646484375 -219.1258544921875 83.50300598144531 
v 17.369905471801758 -212.00048828125 84.75051879882812 
v 18.575725555419922 -217.39849853515625 87.99407196044922 
v 21.87399673461914 -209.19351196289062 88.99209594726562 
v 22.086790084838867 -216.1029815673828 92.11089324951172 
v 29.463571548461914 -251.08216857910156 97.10098266601562 
v 32.194400787353516 -251.51402282714844 99.47126770019531 
v 18.859447479248047 -251.29811096191406 97.59999084472656 
v 17.121646881103516 -251.51402282714844 99.97027587890625 
v 30.42113494873047 -251.94586181640625 101.96630096435547 
v 19.81700897216797 -251.94586181640625 102.34056091308594 
v 30.98858070373535 -218.04627990722656 86.9960708618164 
v 27.512981414794922 -219.55770874023438 83.00399780273438 
v 37.65605545043945 -224.52389526367188 85.62378692626953 
v 33.75487518310547 -225.38758850097656 82.7544937133789 
v 28.32868194580078 -225.8194122314453 87.74457550048828 
v 31.449628829956055 -227.54678344726562 86.74656677246094 
v 36.73395919799805 -233.16073608398438 83.00399780273438 
v 35.315345764160156 -234.45626831054688 85.3742904663086 
v 37.726985931396484 -234.02442932128906 87.12081909179688 
v 39.145599365234375 -232.72891235351562 84.75052642822266 
v 37.726985931396484 -234.02442932128906 87.12081909179688 
v 35.315345764160156 -234.45626831054688 85.3742904663086 
v 35.35081100463867 -226.68310546875 89.61585998535156 
v 31.449628829956055 -227.54678344726562 86.74656677246094 
v 32.97463607788086 -224.95574951171875 91.11287689208984 
v 28.32868194580078 -225.8194122314453 87.74457550048828 
v 21.342018127441406 -454.6956787109375 29.485431671142578 
v 36.095584869384766 -454.0479431152344 24.99435806274414 
v 22.512372970581055 -447.5703125 21.25179672241211 
v 30.598461151123047 -446.92254638671875 18.756755828857422 
v 43.933414459228516 -453.4001770019531 13.766676902770996 
v 34.88976287841797 -446.4906921386719 12.768661499023438 
v 39.961299896240234 -454.26385498046875 1.1667256355285645 
v 32.72637939453125 -446.92254638671875 6.032052040100098 
v 26.44902229309082 -455.9912109375 -7.066906452178955 
v 25.349597930908203 -448.00213623046875 1.4162296056747437 
v 26.44902229309082 -455.9912109375 -7.066906452178955 
v 25.349597930908203 -448.00213623046875 1.4162296056747437 
v 11.624526023864746 -456.4230651855469 -3.573850393295288 
v 17.228042602539062 -448.4339904785156 3.287508487701416 
v 3.396575450897217 -455.7752990722656 8.776597023010254 
v 12.723949432373047 -448.21807861328125 10.024114608764648 
v 7.687877655029297 -455.34344482421875 22.624069213867188 
v 15.06466007232666 -448.00213623046875 17.633989334106445 
v 21.342018127441406 -454.6956787109375 29.485431671142578 
v 22.512372970581055 -447.5703125 21.25179672241211 
v 55.81428909301758 -473.6967468261719 24.869609832763672 
v 39.961299896240234 -473.91265869140625 24.869609832763672 
v 65.14166259765625 -473.6967468261719 22.624073028564453 
v 47.97645950317383 -475.4241027832031 20.5032901763916 
v 70.4969253540039 -474.1285705566406 14.515192031860352 
v 52.19683074951172 -475.85595703125 14.01618480682373 
v 67.73062896728516 -474.5604248046875 3.6617674827575684 
v 50.033447265625 -476.0718688964844 6.90532112121582 
v 59.006168365478516 -474.9922790527344 -0.8293039202690125 
v 23.789125442504883 -473.91265869140625 24.744857788085938 
v 32.33626174926758 -475.4241027832031 20.5032901763916 
v 24.675756454467773 -475.6400451660156 12.643913269042969 
v 36.52116775512695 -475.85595703125 14.01618480682373 
v 15.135591506958008 -473.91265869140625 20.2537841796875 
v 12.369297981262207 -474.3445129394531 11.022136688232422 
v 17.6890926361084 -474.5604248046875 1.416234016418457 
v 26.94553565979004 -474.9922790527344 -0.8293039202690125 
v 34.428714752197266 -476.0718688964844 6.780568599700928 
v 42.763057708740234 -474.9922790527344 -0.8293039202690125 
v 25.349597930908203 -448.00213623046875 1.4162296056747437 
v 26.94553565979004 -474.9922790527344 -0.8293039202690125 
v 17.228042602539062 -448.4339904785156 3.287508487701416 
v 17.6890926361084 -474.5604248046875 1.416234016418457 
v 12.723949432373047 -448.21807861328125 10.024114608764648 
v 12.369297981262207 -474.3445129394531 11.022136688232422 
v 15.06466007232666 -448.00213623046875 17.633989334106445 
v 15.135591506958008 -473.91265869140625 20.2537841796875 
v 22.512372970581055 -447.5703125 21.25179672241211 
v 23.789125442504883 -473.91265869140625 24.744857788085938 
v 55.38870620727539 -464.6280517578125 22.873573303222656 
v 33.577545166015625 -458.1504211425781 22.12506103515625 
v 55.81428909301758 -473.6967468261719 24.869609832763672 
v 39.961299896240234 -473.91265869140625 24.869609832763672 
v 22.512372970581055 -447.5703125 21.25179672241211 
v 23.789125442504883 -473.91265869140625 24.744857788085938 
v 22.512372970581055 -447.5703125 21.25179672241211 
v 30.598461151123047 -446.92254638671875 18.756755828857422 
v 33.577545166015625 -458.1504211425781 22.12506103515625 
v 39.35839080810547 -456.4230651855469 19.25576400756836 
v 55.38870620727539 -464.6280517578125 22.873573303222656 
v 63.86491394042969 -464.4121398925781 20.253782272338867 
v 55.81428909301758 -473.6967468261719 24.869609832763672 
v 65.14166259765625 -473.6967468261719 22.624073028564453 
v 68.75912475585938 -464.843994140625 12.643911361694336 
v 70.4969253540039 -474.1285705566406 14.515192031860352 
v 66.31201934814453 -465.27581787109375 4.0360236167907715 
v 67.73062896728516 -474.5604248046875 3.6617674827575684 
v 58.36779022216797 -465.49176025390625 -0.3302968442440033 
v 59.006168365478516 -474.9922790527344 -0.8293039202690125 
v 34.88976287841797 -446.4906921386719 12.768661499023438 
v 42.33747482299805 -455.9912109375 12.519157409667969 
v 32.72637939453125 -446.92254638671875 6.032052040100098 
v 40.84793472290039 -456.4230651855469 5.533046245574951 
v 35.52813720703125 -458.582275390625 0.5429667234420776 
v 25.349597930908203 -448.00213623046875 1.4162296056747437 
v 59.006168365478516 -474.9922790527344 -0.8293039202690125 
v 58.36779022216797 -465.49176025390625 -0.3302968442440033 
v 42.763057708740234 -474.9922790527344 -0.8293039202690125 
v 35.52813720703125 -458.582275390625 0.5429667234420776 
v 26.94553565979004 -474.9922790527344 -0.8293039202690125 
v 25.349597930908203 -448.00213623046875 1.4162296056747437 
v 35.84732437133789 -91.73249053955078 -12.431302070617676 
v 25.10133934020996 -90.43697357177734 -16.672870635986328 
v 35.10255432128906 -81.80014038085938 -13.554071426391602 
v 27.44205093383789 -78.34540557861328 -16.67287254333496 
v 21.129226684570312 -89.35736846923828 -25.40550994873047 
v 23.54086685180664 -77.04986572265625 -25.4055118560791 
v 27.44205093383789 -78.34540557861328 -34.01340103149414 
v 25.10133934020996 -90.43697357177734 -34.013397216796875 
v 35.10255432128906 -81.80014038085938 -37.132198333740234 
v 35.84732437133789 -91.73249053955078 -38.254966735839844 
v 27.512981414794922 -219.5577392578125 -133.6902313232422 
v 27.867633819580078 -216.3189239501953 -129.69815063476562 
v 30.98858070373535 -218.0463104248047 -137.6822967529297 
v 32.371726989746094 -213.29603576660156 -133.93972778320312 
v 28.293216705322266 -216.3189239501953 -142.29811096191406 
v 29.32171058654785 -209.84130859375 -138.9298095703125 
v 22.086790084838867 -216.10301208496094 -142.797119140625 
v 21.87399673461914 -209.19354248046875 -139.67832946777344 
v 22.086790084838867 -216.10301208496094 -142.797119140625 
v 21.87399673461914 -209.19354248046875 -139.67832946777344 
v 18.575725555419922 -217.39852905273438 -138.6802978515625 
v 17.369905471801758 -212.00051879882812 -135.43675231933594 
v 21.271087646484375 -219.1259002685547 -134.18923950195312 
v 20.38445472717285 -215.67115783691406 -130.44667053222656 
v 27.512981414794922 -219.5577392578125 -133.6902313232422 
v 27.867633819580078 -216.3189239501953 -129.69815063476562 
v 29.463571548461914 -251.08221435546875 -147.78720092773438 
v 32.194400787353516 -251.51406860351562 -150.15748596191406 
v 18.859447479248047 -251.29815673828125 -148.2862091064453 
v 17.121646881103516 -251.51406860351562 -150.656494140625 
v 30.42113494873047 -251.94590759277344 -152.65252685546875 
v 19.81700897216797 -251.94590759277344 -153.0267791748047 
v 30.98858070373535 -218.0463104248047 -137.6822967529297 
v 27.512981414794922 -219.5577392578125 -133.6902313232422 
v 37.65605545043945 -224.52392578125 -136.3100128173828 
v 33.75487518310547 -225.38763427734375 -133.4407196044922 
v 39.145599365234375 -232.72894287109375 -135.43675231933594 
v 36.73395919799805 -233.1607666015625 -133.69021606445312 
v 37.726985931396484 -234.0244598388672 -137.80703735351562 
v 35.315345764160156 -234.45631408691406 -136.0605010986328 
v 31.449628829956055 -227.54681396484375 -137.4327850341797 
v 28.32868194580078 -225.8194580078125 -138.43080139160156 
v 37.726985931396484 -234.0244598388672 -137.80703735351562 
v 35.315345764160156 -234.45631408691406 -136.0605010986328 
v 35.35081100463867 -226.6831512451172 -140.3020782470703 
v 31.449628829956055 -227.54681396484375 -137.4327850341797 
v 32.97463607788086 -224.95578002929688 -141.79910278320312 
v 28.32868194580078 -225.8194580078125 -138.43080139160156 
v 25.349597930908203 -448.0021667480469 -52.102378845214844 
v 32.72637939453125 -446.92254638671875 -56.718204498291016 
v 26.44902229309082 -455.9912414550781 -43.61924362182617 
v 39.961299896240234 -454.26385498046875 -51.852874755859375 
v 34.88976287841797 -446.49072265625 -63.454811096191406 
v 43.933414459228516 -453.4001770019531 -64.45282745361328 
v 30.598461151123047 -446.92254638671875 -69.44290924072266 
v 36.095584869384766 -454.0479431152344 -75.68051147460938 
v 22.512372970581055 -447.5703125 -71.93795013427734 
v 21.342018127441406 -454.6957092285156 -80.17158508300781 
v 22.512372970581055 -447.5703125 -71.93795013427734 
v 21.342018127441406 -454.6957092285156 -80.17158508300781 
v 15.06466007232666 -448.0021667480469 -68.32013702392578 
v 7.687877655029297 -455.3434753417969 -73.31021881103516 
v 12.723949432373047 -448.21807861328125 -60.71026611328125 
v 3.396575450897217 -455.7752990722656 -59.462745666503906 
v 17.228042602539062 -448.4339904785156 -53.97365951538086 
v 11.624526023864746 -456.4230651855469 -47.11229705810547 
v 25.349597930908203 -448.0021667480469 -52.102378845214844 
v 26.44902229309082 -455.9912414550781 -43.61924362182617 
v 55.81428909301758 -473.6967468261719 -75.55575561523438 
v 39.961299896240234 -473.9126892089844 -75.55575561523438 
v 65.14166259765625 -473.6967468261719 -73.31021881103516 
v 47.97645950317383 -475.42413330078125 -71.1894302368164 
v 70.4969253540039 -474.12860107421875 -65.20133209228516 
v 52.19683074951172 -475.85595703125 -64.70233154296875 
v 67.73062896728516 -474.5604248046875 -54.3479118347168 
v 23.789125442504883 -473.9126892089844 -75.43099975585938 
v 32.33626174926758 -475.42413330078125 -71.1894302368164 
v 24.675756454467773 -475.6400451660156 -63.330055236816406 
v 36.52116775512695 -475.85595703125 -64.70233154296875 
v 26.94553565979004 -474.9922790527344 -49.85683822631836 
v 17.6890926361084 -474.5604248046875 -52.10237503051758 
v 12.369297981262207 -474.3445129394531 -61.70827865600586 
v 15.135591506958008 -473.9126892089844 -70.93992614746094 
v 50.033447265625 -476.0718994140625 -57.59146499633789 
v 34.428714752197266 -476.0718994140625 -57.466712951660156 
v 42.763057708740234 -474.9922790527344 -49.85683822631836 
v 59.006168365478516 -474.9922790527344 -49.85683822631836 
v 23.789125442504883 -473.9126892089844 -75.43099975585938 
v 22.512372970581055 -447.5703125 -71.93795013427734 
v 15.135591506958008 -473.9126892089844 -70.93992614746094 
v 15.06466007232666 -448.0021667480469 -68.32013702392578 
v 12.369297981262207 -474.3445129394531 -61.70827865600586 
v 12.723949432373047 -448.21807861328125 -60.71026611328125 
v 17.6890926361084 -474.5604248046875 -52.10237503051758 
v 17.228042602539062 -448.4339904785156 -53.97365951538086 
v 26.94553565979004 -474.9922790527344 -49.85683822631836 
v 25.349597930908203 -448.0021667480469 -52.102378845214844 
v 55.38870620727539 -464.6280822753906 -73.55972290039062 
v 33.577545166015625 -458.15045166015625 -72.81121063232422 
v 55.81428909301758 -473.6967468261719 -75.55575561523438 
v 39.961299896240234 -473.9126892089844 -75.55575561523438 
v 22.512372970581055 -447.5703125 -71.93795013427734 
v 23.789125442504883 -473.9126892089844 -75.43099975585938 
v 55.81428909301758 -473.6967468261719 -75.55575561523438 
v 63.86491394042969 -464.4121398925781 -70.93992614746094 
v 65.14166259765625 -473.6967468261719 -73.31021881103516 
v 68.75912475585938 -464.843994140625 -63.33005905151367 
v 42.33747482299805 -455.9912414550781 -63.20530700683594 
v 39.35839080810547 -456.4230651855469 -69.94190979003906 
v 34.88976287841797 -446.49072265625 -63.454811096191406 
v 30.598461151123047 -446.92254638671875 -69.44290924072266 
v 33.577545166015625 -458.15045166015625 -72.81121063232422 
v 22.512372970581055 -447.5703125 -71.93795013427734 
v 55.38870620727539 -464.6280822753906 -73.55972290039062 
v 32.72637939453125 -446.92254638671875 -56.718204498291016 
v 40.84793472290039 -456.4230651855469 -56.21919631958008 
v 66.31201934814453 -465.2758483886719 -54.72216796875 
v 70.4969253540039 -474.12860107421875 -65.20133209228516 
v 67.73062896728516 -474.5604248046875 -54.3479118347168 
v 58.36779022216797 -465.49176025390625 -50.35585021972656 
v 59.006168365478516 -474.9922790527344 -49.85683822631836 
v 25.349597930908203 -448.0021667480469 -52.102378845214844 
v 35.52813720703125 -458.582275390625 -51.2291145324707 
v 59.006168365478516 -474.9922790527344 -49.85683822631836 
v 42.763057708740234 -474.9922790527344 -49.85683822631836 
v 58.36779022216797 -465.49176025390625 -50.35585021972656 
v 35.52813720703125 -458.582275390625 -51.2291145324707 
v 26.94553565979004 -474.9922790527344 -49.85683822631836 
v 25.349597930908203 -448.0021667480469 -52.102378845214844 
v 37.478729248046875 -73.16328430175781 -6.9422173500061035 
v 44.28806686401367 -72.08369445800781 -9.06300163269043 
v 33.2938232421875 -68.62896728515625 -4.322425842285156 
v 42.40840530395508 -62.79910659790039 -7.940235137939453 
v 34.038597106933594 -61.71949768066406 -3.698667287826538 
v 37.33686828613281 -59.34432601928711 -4.9461870193481445 
v 37.478729248046875 -73.16328430175781 -43.744056701660156 
v 33.2938232421875 -68.62896728515625 -46.36384963989258 
v 44.28806686401367 -72.08370208740234 -41.62327194213867 
v 42.40840530395508 -62.799110412597656 -42.74604415893555 
v 34.038597106933594 -61.719505310058594 -46.98760986328125 
v 37.33686828613281 -59.344329833984375 -45.74009323120117 
vn 0.0006985333748161793 -0.009975573047995567 1.6252302836861077e-9 
vn 0.00462340610101819 -0.008867024444043636 1.444624420088303e-9 
vn 0.0006793965585529804 -0.007874426431953907 -0.006126323249191046 
vn 0.005426463671028614 -0.006779581308364868 -0.004958908073604107 
vn 0.007864844053983688 -0.0012854052474722266 -0.006040857173502445 
vn 0.009854457341134548 -0.0011986935278400779 -0.0012053253594785929 
vn 0.009261619299650192 -0.003771259682253003 6.144174058420049e-10 
vn 0.000434103945735842 -0.002231295919045806 -0.009738217107951641 
vn 0.007818609476089478 -0.0012854052474722266 -0.006100580096244812 
vn 0.0016155651537701488 -0.001242062309756875 -0.00979015976190567 
vn 0.00782101135700941 -0.0015449223574250937 -0.006036969367414713 
vn 0.0012796490918844938 -0.0014152859803289175 -0.009816286154091358 
vn 0.007722456473857164 -0.0015880769351497293 -0.006151558365672827 
vn 0.0012616572203114629 -0.0014585264725610614 -0.009812284260988235 
vn 0.0014302443014457822 -0.0016742945881560445 -0.0097545450553298 
vn 0.007682543247938156 -0.0024860533885657787 -0.005898988340049982 
vn 0.009659746661782265 -0.0021033291704952717 0.0015050924848765135 
vn 0.009832989424467087 -0.0010250034974887967 0.0015038952697068453 
vn 0.006056969054043293 -0.0008945267181843519 0.00790651235729456 
vn 0.009809033013880253 -0.0010250034974887967 0.0016529493732377887 
vn 0.0096382275223732 -0.0008074570796452463 0.002540192101150751 
vn 0.009760931134223938 0.00006554075662279502 0.0021725408732891083 
vn 0.008355587720870972 0.0011986942263320088 0.005361649207770824 
vn 0.009999976493418217 -0.00002184694130846765 3.5593255773291865e-12 
vn 0.009854457341134548 -0.0011986931785941124 0.0012053257087245584 
vn 0.005426463671028614 -0.006779579911381006 0.0049589104019105434 
vn 0.007864844053983688 -0.0012854032684117556 0.0060408576391637325 
vn 0.0006793965585529804 -0.007874423637986183 0.00612632604315877 
vn 0.000434103945735842 -0.0022312928922474384 0.009738218039274216 
vn 0.007818609476089478 -0.0012854032684117556 0.006100580096244812 
vn 0.0016155651537701488 -0.0012420590501278639 0.009790160693228245 
vn 0.00782101135700941 -0.0015449203783646226 0.006036969833076 
vn 0.0012796490918844938 -0.0014152828371152282 0.009816286154091358 
vn 0.007722456473857164 -0.0015880749560892582 0.006151558831334114 
vn 0.0012616572203114629 -0.001458523329347372 0.00981228519231081 
vn 0.0014302443014457822 -0.0016742914449423552 0.0097545450553298 
vn 0.007682543247938156 -0.002486051293089986 0.005898989271372557 
vn 0.009659746661782265 -0.002103329636156559 -0.0015050917863845825 
vn 0.009832989424467087 -0.001025003963150084 -0.0015038949204608798 
vn 0.006056969054043293 -0.000894529337529093 -0.00790651235729456 
vn 0.009809033013880253 -0.001025003963150084 -0.0016529490239918232 
vn 0.0096382275223732 -0.0008074578945524991 -0.0025401918683201075 
vn 0.009760931134223938 0.00006554005085490644 -0.0021725408732891083 
vn 0.008355587720870972 0.0011986924801021814 -0.005361649673432112 
vn 0.00586326140910387 -0.00028397361165843904 -0.008095772005617619 
vn 0.005741525907069445 -0.00019661129044834524 -0.008185122162103653 
vn 0.005157364532351494 0.00045862383558414876 -0.008555188775062561 
vn 0.004988315515220165 0.0013287218753248453 -0.008564531803131104 
vn -0.0010918850312009454 0.0008074558572843671 -0.00990736111998558 
vn -0.001204535597935319 0.0003713112964760512 -0.009920243173837662 
vn -0.001429667230695486 0.00019660835096146911 -0.009895321913063526 
vn -0.0015228517586365342 0.0005459008389152586 -0.009868278168141842 
vn -0.0015604100190103054 0.0018892604857683182 -0.00969514437019825 
vn 0.0003205236280336976 0.002906765090301633 -0.009562843479216099 
vn 0.0006976263830438256 0.0021460240241140127 -0.009742068126797676 
vn 0.00860612466931343 0.0007203244604170322 -0.005041402764618397 
vn 0.009999976493418217 -0.00002184694130846765 3.5593255773291865e-12 
vn 0.00860612466931343 0.0007203260902315378 0.0050414022989571095 
vn 0.0006976263830438256 0.002146027283743024 0.009742068126797676 
vn 0.0003205236280336976 0.0029067681171000004 0.009562842547893524 
vn -0.0015604100190103054 0.0018892636289820075 0.009695143438875675 
vn 0.004988315515220165 0.0013287246692925692 0.008564531803131104 
vn -0.0015228517586365342 0.0005459040985442698 0.009868278168141842 
vn 0.005157364532351494 0.00045862660044804215 0.008555188775062561 
vn -0.001429667230695486 0.0001966115814866498 0.009895321913063526 
vn 0.005741525907069445 -0.00019660862744785845 0.008185122162103653 
vn -0.001204535597935319 0.0003713145270012319 0.009920243173837662 
vn 0.00586326140910387 -0.0002839709632098675 0.008095772005617619 
vn -0.0010918850312009454 0.0008074591169133782 0.009907360188663006 
vn 0.006994462106376886 -0.003932544961571693 0.005967628210783005 
vn -0.009569804184138775 -0.0023588757030665874 0.0016895438311621547 
vn -0.0008112589130178094 -0.0023163913283497095 0.009694132022559643 
vn -0.008860532194375992 -0.00286493101157248 0.0036446049343794584 
vn -0.009878414683043957 0.0010684577282518148 0.0011292998678982258 
vn -0.009210407733917236 0.0036088216584175825 0.0014645112678408623 
vn -0.009052073583006859 0.0042118774726986885 0.000565726135391742 
vn -0.004334326833486557 0.008700028993189335 0.0023501296527683735 
vn -0.008293182589113712 0.005507928319275379 0.0009411961655132473 
vn -0.006627887021750212 0.005434781778603792 0.005151142366230488 
vn -0.00846466701477766 0.005324283614754677 0.00003771928822970949 
vn -0.009124163538217545 0.00409263139590621 -6.667736918153366e-10 
vn -0.006627887021750212 0.005434779915958643 -0.00515114376321435 
vn -0.008293182589113712 0.005507927853614092 -0.0009411979699507356 
vn -0.004334326833486557 0.00870002806186676 -0.0023501324467360973 
vn -0.009177025407552719 0.003972681704908609 -6.472313796024309e-10 
vn -0.009922564961016178 0.0012420606799423695 -2.0235571551729947e-10 
vn -0.009052073583006859 0.004211877007037401 -0.000565727474167943 
vn -0.009210407733917236 0.003608821192756295 -0.0014645124319940805 
vn -0.009878414683043957 0.0010684573790058494 -0.0011293002171441913 
vn -0.009569804184138775 -0.0023588764015585184 -0.0016895430162549019 
vn -0.00983604695647955 -0.0018033768283203244 2.9380997634831374e-10 
vn -0.009785395115613937 -0.0020605928730219603 3.3571587176872697e-10 
vn -0.008332645520567894 -0.0018892611842602491 0.005195931531488895 
vn -0.0008483920828439295 -0.0011118893744423985 0.009901713579893112 
vn -0.008186216466128826 -0.00010923168156296015 0.0057422928512096405 
vn -0.00007550373993581161 0.00019661159603856504 0.009997782297432423 
vn 0.0006976263830438256 0.002146027283743024 0.009742068126797676 
vn -0.007416852284222841 0.0032393820583820343 0.005873390007764101 
vn -0.009993103332817554 -0.00037131289718672633 6.049673956232127e-11 
vn -0.009488728828728199 0.003156582359224558 -5.142715697736833e-10 
vn -0.007416852284222841 0.0032393799629062414 -0.005873390939086676 
vn -0.008186216466128826 -0.00010923355148406699 -0.0057422928512096405 
vn 0.0006976263830438256 0.0021460240241140127 -0.009742068126797676 
vn -0.00007550373993581161 0.00019660833640955389 -0.009997782297432423 
vn -0.0008483920828439295 -0.0011118926340714097 -0.009901713579893112 
vn -0.008332645520567894 -0.0018892629304900765 -0.005195931065827608 
vn -0.0008112589130178094 -0.002316394355148077 -0.009694131091237068 
vn -0.008860532194375992 -0.0028649321757256985 -0.003644604003056884 
vn 0.006994462106376886 -0.003932546824216843 -0.00596762727946043 
vn 0.0006976263830438256 0.002146027283743024 0.009742068126797676 
vn -0.00007550373993581161 0.00019661159603856504 0.009997782297432423 
vn 0.00860612466931343 0.0007203260902315378 0.0050414022989571095 
vn 0.008302010595798492 -0.00045862430124543607 0.005555742420256138 
vn 0.009999976493418217 -0.00002184694130846765 3.5593255773291865e-12 
vn 0.009947329759597778 -0.0010250037303194404 1.6699462646041496e-10 
vn 0.008302010595798492 -0.00045862613478675485 -0.005555742420256138 
vn 0.00860612466931343 0.0007203244604170322 -0.005041402764618397 
vn -0.00007550373993581161 0.00019660833640955389 -0.009997782297432423 
vn 0.0006976263830438256 0.0021460240241140127 -0.009742068126797676 
vn 0.006994462106376886 -0.003932544961571693 0.005967628210783005 
vn -0.0008112589130178094 -0.0023163913283497095 0.009694132022559643 
vn 0.008283736184239388 -0.0020178162958472967 0.00522571848705411 
vn -0.0008483920828439295 -0.0011118893744423985 0.009901713579893112 
vn 0.007897731848061085 -0.0027810975443571806 0.005467296577990055 
vn 0.007897731848061085 -0.00278109940700233 -0.0054672956466674805 
vn -0.0008483920828439295 -0.0011118926340714097 -0.009901713579893112 
vn 0.008283736184239388 -0.002017818158492446 -0.005225717555731535 
vn -0.0008112589130178094 -0.002316394355148077 -0.009694131091237068 
vn 0.006994462106376886 -0.003932546824216843 -0.00596762727946043 
vn 0.007886764593422413 0.0026970519684255123 -0.005524931009858847 
vn 0.0073648495599627495 0.004911447409540415 -0.004651524126529694 
vn 0.00844092108309269 0.0020178162958472967 -0.004967823158949614 
vn 0.008068101480603218 0.004796846769750118 -0.003449058625847101 
vn 0.005162916611880064 0.007765497546643019 -0.0036112789530307055 
vn 0.008560539223253727 0.0035680371802300215 -0.0037398249842226505 
vn 0.003014268819242716 0.006042740773409605 -0.007375598885118961 
vn -0.006627887021750212 0.005434779915958643 -0.00515114376321435 
vn -0.004334326833486557 0.00870002806186676 -0.0023501324467360973 
vn 0.009696818888187408 0.0024437066167593002 -3.9813113916764564e-10 
vn 0.009294222109019756 0.0036901813000440598 -6.01208027806166e-10 
vn 0.007887872867286205 0.0061466628685593605 -1.0014205020780764e-9 
vn 0.009013746865093708 0.0043303994461894035 -7.055130368804896e-10 
vn 0.009851431474089622 -0.0017173540545627475 2.7979304983993813e-10 
vn 0.009488728828728199 -0.003156582359224558 5.142735681751276e-10 
vn 0.007886764593422413 0.0026970538310706615 0.005524930078536272 
vn 0.0073648495599627495 0.004911449272185564 0.004651522263884544 
vn 0.008068101480603218 0.004796847701072693 0.0034490572288632393 
vn 0.008560539223253727 0.0035680383443832397 0.0037398238200694323 
vn 0.005162916611880064 0.007765498943626881 0.0036112763918936253 
vn 0.003014268819242716 0.006042743567377329 0.007375597022473812 
vn -0.006627887021750212 0.005434781778603792 0.005151142366230488 
vn -0.004334326833486557 0.008700028993189335 0.0023501296527683735 
vn 0.00844092108309269 0.0020178179256618023 0.004967822227627039 
vn 0.006994462106376886 -0.003932544961571693 0.005967628210783005 
vn -0.009569804184138775 -0.0023588757030665874 0.0016895438311621547 
vn 0.0027943532913923264 -0.0059025706723332405 -0.007573060691356659 
vn -0.007711808197200298 -0.003811691887676716 -0.0050989240407943726 
vn 0.0007545311818830669 -0.005616859532892704 -0.008239027112722397 
vn -0.008084922097623348 -0.0032806883100420237 -0.004885808099061251 
vn -0.001368031487800181 0.007094203028827906 0.0069138105027377605 
vn -0.004050973802804947 0.004565193317830563 0.007921402342617512 
vn -0.0030270793940871954 0.008846738375723362 0.0035457026679068804 
vn -0.008092851378023624 0.004330400377511978 0.003969054669141769 
vn -0.004334326833486557 0.008700028993189335 0.0023501296527683735 
vn -0.009210407733917236 0.0036088216584175825 0.0014645112678408623 
vn -0.008808696642518044 0.001975003629922867 0.004301887005567551 
vn -0.009194547310471535 0.0018463375745341182 0.00347150512970984 
vn -0.009184285067021847 0.002654953161254525 0.002932596718892455 
vn -0.001015851623378694 0.006249528378248215 0.007740247529000044 
vn -0.002091572619974613 0.005025207065045834 0.008388838730752468 
vn -0.0029092582408338785 0.0040127430111169815 0.008685281500220299 
vn 0.008175011724233627 0.003527186345309019 0.004552816040813923 
vn -0.001015851623378694 0.006249528378248215 0.007740247529000044 
vn 0.00787630770355463 0.0038520507514476776 0.004808897152543068 
vn -0.0009964578785002232 0.006181071046739817 0.007797527592629194 
vn -0.002819916233420372 0.004290975164622068 0.008581118658185005 
vn 0.006433627102524042 0.0029902702663093805 0.007047462742775679 
vn 0.009285161271691322 -0.0023163931909948587 -0.002901742933318019 
vn 0.00958649069070816 -0.002781098475679755 -0.0006038873107172549 
vn 0.0012786865700036287 -0.006146664265543222 -0.0077835386618971825 
vn 0.002668908564373851 -0.007155521307140589 -0.006455651950091124 
vn 0.00898284837603569 -0.0024013149086385965 -0.0036799637600779533 
vn 0.0007545311818830669 -0.005616859532892704 -0.008239027112722397 
vn -0.008084922097623348 -0.0032806883100420237 -0.004885808099061251 
vn 0.0007545311818830669 -0.005616859532892704 -0.008239027112722397 
vn -0.00787630770355463 -0.0038520507514476776 -0.004808897152543068 
vn 0.0012786865700036287 -0.006146664265543222 -0.0077835386618971825 
vn 0.002668908564373851 -0.007155521307140589 -0.006455651950091124 
vn -0.006523055490106344 -0.005760594271123409 -0.004925982095301151 
vn -0.009193199686706066 0.002358876634389162 0.0031497289892286062 
vn -0.009652689099311829 0.00002184736695198808 0.002612491138279438 
vn -0.0009964578785002232 0.006181071046739817 0.007797527592629194 
vn -0.002819916233420372 0.004290975164622068 0.008581118658185005 
vn -0.009184285067021847 0.002654953161254525 0.002932596718892455 
vn -0.001015851623378694 0.006249528378248215 0.007740247529000044 
vn 0.008175011724233627 0.003527186345309019 0.004552816040813923 
vn 0.007143740076571703 0.003198013175278902 0.006224121432751417 
vn -0.001015851623378694 0.006249528378248215 0.007740247529000044 
vn -0.002091572619974613 0.005025207065045834 0.008388838730752468 
vn 0.0050373380072414875 0.002570602111518383 0.0082472562789917 
vn -0.0029092582408338785 0.0040127430111169815 0.008685281500220299 
vn -0.004050973802804947 0.004565193317830563 0.007921402342617512 
vn 0.004686771426349878 0.003239382291212678 0.008218307979404926 
vn -0.001368031487800181 0.007094203028827906 0.0069138105027377605 
vn 0.009692912921309471 -0.0011553028598427773 0.002170876134186983 
vn 0.009793013334274292 -0.0018463371088728309 -0.0008294126600958407 
vn 0.00898284837603569 -0.0024013149086385965 -0.0036799637600779533 
vn 0.0007545311818830669 -0.005616859532892704 -0.008239027112722397 
vn 0.0027943532913923264 -0.0059025706723332405 -0.007573060691356659 
vn 0.006994462106376886 -0.003932544961571693 0.005967628210783005 
vn 0.009004888124763966 0.0016312006628140807 0.00403127446770668 
vn 0.0031292831990867853 0.006418575067073107 0.007000677287578583 
vn 0.005675183143466711 0.00756918964907527 0.00324031850323081 
vn -0.0030270793940871954 0.008846738375723362 0.0035457026679068804 
vn 0.005162916611880064 0.007765498943626881 0.0036112763918936253 
vn -0.004334326833486557 0.008700028993189335 0.0023501296527683735 
vn 0.00844092108309269 0.0020178179256618023 0.004967822227627039 
vn 0.009719093330204487 -0.0016742933075875044 -0.0016540767392143607 
vn 0.009713614359498024 -0.0016312003135681152 -0.0017276803264394403 
vn 0.0029540795367211103 -0.002612803364172578 -0.009189487434923649 
vn 0.0029719569720327854 -0.0025706023443490267 -0.009195622056722641 
vn -0.004978124052286148 -0.002612803131341934 -0.008269917219877243 
vn -0.004864103626459837 -0.0026549540925771 -0.00832416396588087 
vn -0.009731474332511425 -0.0007638983079232275 0.0021713750902563334 
vn -0.009778212755918503 -0.0008510005427524447 0.001913727610372007 
vn -0.003447908442467451 -0.006747397594153881 -0.006525684148073196 
vn -0.007734905928373337 -0.006077498663216829 0.0017986763268709183 
vn 0.00775400223210454 -0.00624952744692564 -0.0009049027576111257 
vn 0.0021417951211333275 -0.0067795817740261555 -0.007032068446278572 
vn -0.005532701034098864 -0.002570602111518383 -0.007923460565507412 
vn -0.009734034538269043 0.0014152846997603774 0.0018015374662354589 
vn -0.009637506678700447 0.002654952695593238 0.00026400061324238777 
vn -0.004460058640688658 -0.004251467529684305 -0.007876097224652767 
vn -0.00991086382418871 0.00037131313001737 0.0012794171925634146 
vn -0.005104886367917061 -0.005760594271123409 -0.0063840183429419994 
vn -0.001332708285190165 -0.007155521307140589 -0.006857288535684347 
vn 0.002093343762680888 -0.005471407901495695 -0.008104418404400349 
vn 0.00908675231039524 0.003568038111552596 0.002167957602068782 
vn 0.00991211086511612 0.0005459022941067815 -0.0012050108052790165 
vn 0.0034643253311514854 -0.0034862677566707134 -0.00870886817574501 
vn -0.009778212755918503 -0.0008510005427524447 0.001913727610372007 
vn -0.0030817845836281776 0.0015449229395017028 0.0093870023265481 
vn -0.009731474332511425 -0.0007638983079232275 0.0021713750902563334 
vn -0.0030099430587142706 0.0015449229395017028 0.009410284459590912 
vn 0.0050208838656544685 0.0011553046060726047 0.008570647798478603 
vn 0.005023387260735035 0.001111892401240766 0.008574921637773514 
vn 0.009713614359498024 -0.0016312003135681152 -0.0017276803264394403 
vn 0.009719093330204487 -0.0016742933075875044 -0.0016540767392143607 
vn 0.003663982730358839 -0.0063513172790408134 0.006799706257879734 
vn 0.00775400223210454 -0.00624952744692564 -0.0009049027576111257 
vn -0.007734905928373337 -0.006077498663216829 0.0017986763268709183 
vn -0.002718975767493248 0.0015880774008110166 0.009491321630775928 
vn 0.005144711583852768 0.00307354424148798 0.008005327545106411 
vn 0.00991211086511612 0.0005459022941067815 -0.0012050108052790165 
vn 0.00908675231039524 0.003568038111552596 0.002167957602068782 
vn 0.004132209811359644 0.004681423306465149 0.007810833863914013 
vn 0.009656238369643688 0.0025283508002758026 0.0006037353887222707 
vn 0.004857671447098255 0.003771261079236865 0.007885468192398548 
vn -0.002764701144769788 0.004604024812579155 0.00843560229986906 
vn -0.0033167065121233463 0.004092632792890072 0.008499989286065102 
vn -0.009637506678700447 0.002654952695593238 0.00026400061324238777 
vn -0.00991086382418871 0.00037131313001737 0.0012794171925634146 
vn 0.0037905187346041203 -0.0011986918980255723 0.00917578861117363 
vn 0.00876429583877325 0.004642766900360584 -0.0012774302158504725 
vn 0.003950977232307196 -0.0068116337060928345 0.006163718178868294 
vn 0.009290355257689953 -0.0028230424504727125 -0.0023915960919111967 
vn -0.009734034538269043 0.0014152846997603774 0.0018015374662354589 
vn -0.00323467911221087 0.0031980136409401894 0.008905591443181038 
vn 0.0014302443014457822 -0.0016742945881560445 -0.0097545450553298 
vn -0.00589308375492692 -0.0007203265558928251 -0.008046905510127544 
vn -0.00580262066796422 -0.00024029472842812538 -0.008140752092003822 
vn -0.00990243162959814 0.0003276455099694431 -0.0013544328976422548 
vn -0.009796207770705223 0.0010250033810734749 -0.0017273357370868325 
vn 0.0012616572203114629 -0.0014585264725610614 -0.009812284260988235 
vn -0.005951894447207451 -0.0007638999377377331 -0.007999463006854057 
vn 0.0012796490918844938 -0.0014152859803289175 -0.009816286154091358 
vn -0.0057335966266691685 -0.001674294238910079 -0.008020137436687946 
vn 0.0016155651537701488 -0.001242062309756875 -0.00979015976190567 
vn -0.006040765438228846 -0.003972683101892471 -0.006908468436449766 
vn 0.000434103945735842 -0.002231295919045806 -0.009738217107951641 
vn -0.0066636670380830765 -0.0072464714758098125 -0.0017561865970492363 
vn 0.0006793965585529804 -0.007874426431953907 -0.006126323249191046 
vn -0.004816005006432533 -0.00876390840858221 1.4278257465250022e-9 
vn 0.0006985333748161793 -0.009975573047995567 1.6252302836861077e-9 
vn 0.0006793965585529804 -0.007874423637986183 0.00612632604315877 
vn -0.0066636670380830765 -0.007246470544487238 0.0017561890417709947 
vn 0.000434103945735842 -0.0022312928922474384 0.009738218039274216 
vn -0.006040765438228846 -0.003972680773586035 0.006908469833433628 
vn 0.0016155651537701488 -0.0012420590501278639 0.009790160693228245 
vn -0.009897211566567421 0.000021846708477823995 -0.0014299402246251702 
vn -0.009865800850093365 -0.001544921426102519 -0.0005283880163915455 
vn -0.009820952080190182 -0.0016312001971527934 -0.0009423838928341866 
vn -0.0057335966266691685 -0.0016742916777729988 0.008020138368010521 
vn -0.009357777424156666 -0.0032393811270594597 -0.0013922704383730888 
vn 0.0012796490918844938 -0.0014152828371152282 0.009816286154091358 
vn -0.005951894447207451 -0.000763897318392992 0.007999463006854057 
vn 0.0012616572203114629 -0.001458523329347372 0.00981228519231081 
vn -0.009865800850093365 -0.0015449213096871972 0.0005283884820528328 
vn -0.007484946865588427 -0.00006554148421855643 -0.006631084252148867 
vn -0.007881034165620804 0.0034862656611949205 -0.005072992295026779 
vn -0.00981984008103609 -0.001889261999167502 0.00003776051744353026 
vn -0.009820952080190182 -0.001631199847906828 0.0009423844167031348 
vn -0.009357777424156666 -0.003239380894228816 0.0013922714861109853 
vn -0.007484946865588427 -0.00006553932325914502 0.006631084252148867 
vn -0.00764267984777689 -0.0005022675613872707 0.006429399363696575 
vn -0.008004001341760159 0.00037131388671696186 0.005983150564134121 
vn -0.0076970322988927364 0.0007638996466994286 0.0063381502404809 
vn -0.0077278101816773415 0.0015449223574250937 0.006155823357403278 
vn -0.0010918850312009454 0.0008074591169133782 0.009907360188663006 
vn -0.001204535597935319 0.0003713145270012319 0.009920243173837662 
vn -0.001429667230695486 0.0001966115814866498 0.009895321913063526 
vn -0.0015228517586365342 0.0005459040985442698 0.009868278168141842 
vn -0.0015604100190103054 0.0018892636289820075 0.009695143438875675 
vn 0.0003205236280336976 0.0029067681171000004 0.009562842547893524 
vn -0.007881034165620804 0.003486267291009426 0.0050729913637042046 
vn -0.009159502573311329 0.00401274161413312 0.00003771308911382221 
vn -0.009488728828728199 0.003156582359224558 -5.142715697736833e-10 
vn -0.007416852284222841 0.0032393799629062414 -0.005873390939086676 
vn 0.0003205236280336976 0.002906765090301633 -0.009562843479216099 
vn 0.0006976263830438256 0.0021460240241140127 -0.009742068126797676 
vn -0.007416852284222841 0.0032393820583820343 0.005873390007764101 
vn 0.0006976263830438256 0.002146027283743024 0.009742068126797676 
vn -0.0015604100190103054 0.0018892604857683182 -0.00969514437019825 
vn -0.00764267984777689 -0.0005022696568630636 -0.006429399363696575 
vn -0.0015228517586365342 0.0005459008389152586 -0.009868278168141842 
vn -0.008004001341760159 0.00037131193676032126 -0.005983150564134121 
vn -0.001429667230695486 0.00019660835096146911 -0.009895321913063526 
vn -0.0076970322988927364 0.0007638976094312966 -0.006338150706142187 
vn -0.001204535597935319 0.0003713112964760512 -0.009920243173837662 
vn -0.0010918850312009454 0.0008074558572843671 -0.00990736111998558 
vn -0.0077278101816773415 0.0015449203783646226 -0.006155823823064566 
vn -0.009796207770705223 0.001025003963150084 0.001727335387840867 
vn -0.00990243162959814 0.00032764594652689993 0.001354432781226933 
vn -0.00580262066796422 -0.00024029207997955382 0.008140752092003822 
vn -0.009897211566567421 0.000021847174139111303 0.0014299401082098484 
vn -0.00589308375492692 -0.000720323936548084 0.008046906441450119 
vn 0.0014302443014457822 -0.0016742914449423552 0.0097545450553298 
vn 0.0011113622458651662 -0.0011118926340714097 -0.009875655174255371 
vn 0.007663065101951361 -0.0022312954533845186 -0.006024844944477081 
vn 0.0014302443014457822 -0.0016742945881560445 -0.0097545450553298 
vn 0.007682543247938156 -0.0024860533885657787 -0.005898988340049982 
vn 0.007771092467010021 -0.0004149740270804614 -0.006279961206018925 
vn 0.0010543890530243516 -0.000414974638260901 -0.009935595095157623 
vn 0.00791801419109106 0.00006553941057063639 -0.006107434630393982 
vn 0.0015033489326015115 -0.0004149746091570705 -0.009877637960016727 
vn 0.0015038372948765755 -0.00032764734351076186 -0.009880846366286278 
vn 0.007871365174651146 0.00010923161607934162 -0.006166820414364338 
vn 0.009882230311632156 0.0005459027015604079 0.0014295175205916166 
vn 0.009888709522783756 0.00041497324127703905 0.0014287118101492524 
vn 0.00992706511169672 0.000021847137759323232 0.0012053638929501176 
vn 0.00960342213511467 -0.0021886806935071945 0.0017274172278121114 
vn 0.009659746661782265 -0.0021033291704952717 0.0015050924848765135 
vn 0.006056969054043293 -0.0008945267181843519 0.00790651235729456 
vn 0.005597380455583334 -0.0006331367185339332 0.008262473158538342 
vn -0.0016711526550352573 0.0011553048389032483 0.009791451506316662 
vn -0.0013539930805563927 0.000414974638260901 0.009899216704070568 
vn 0.005985550116747618 0.00024029471387621015 0.008007212541997433 
vn 0.005969407968223095 0.0005459038075059652 0.008004258386790752 
vn 0.005800294224172831 0.00037131423596292734 0.00813748873770237 
vn -0.0011299088364467025 0.0002839739026967436 0.009931901469826698 
vn -0.0011300384066998959 0.00024029501946642995 0.009933039546012878 
vn -0.0010918850312009454 0.0008074591169133782 0.009907360188663006 
vn -0.0016711526550352573 0.0011553048389032483 0.009791451506316662 
vn -0.0010918850312009454 0.0008074591169133782 0.009907360188663006 
vn -0.007754721213132143 0.0017603831365704536 0.00606344360858202 
vn -0.0077278101816773415 0.0015449223574250937 0.006155823357403278 
vn -0.007882681675255299 0.0008074584766291082 0.0061001102440059185 
vn -0.0013539930805563927 0.000414974638260901 0.009899216704070568 
vn -0.0077776252292096615 0.00006554143328685313 0.0062852404080331326 
vn -0.0011299088364467025 0.0002839739026967436 0.009931901469826698 
vn -0.0011300384066998959 0.00024029501946642995 0.009933039546012878 
vn -0.007729643490165472 0.00010923365334747359 0.006343554239720106 
vn -0.009905836544930935 -0.0001966101845027879 -0.0013548984425142407 
vn -0.009895321913063526 -0.00019661019905470312 -0.0014296671142801642 
vn -0.009885912761092186 0.0008510006591677666 -0.0012427918845787644 
vn -0.009810060262680054 0.001458524726331234 -0.0012788379099220037 
vn -0.009796207770705223 0.0010250033810734749 -0.0017273357370868325 
vn -0.00580262066796422 -0.00024029472842812538 -0.008140752092003822 
vn -0.006102304905653 0.0004149717278778553 -0.007911363616585732 
vn 0.0011113622458651662 -0.0011118926340714097 -0.009875655174255371 
vn 0.0010543890530243516 -0.000414974638260901 -0.009935595095157623 
vn -0.0062246620655059814 0.00024029213818721473 -0.007822777144610882 
vn -0.005880829878151417 -0.00045862654224038124 -0.008074993267655373 
vn -0.005737689323723316 -0.0004149743472225964 -0.008179652504622936 
vn 0.0015033489326015115 -0.0004149746091570705 -0.009877637960016727 
vn 0.0015038372948765755 -0.00032764734351076186 -0.009880846366286278 
vn 0.0014302443014457822 -0.0016742945881560445 -0.0097545450553298 
vn 0.003188834525644779 -0.0003276441711932421 0.009472274221479893 
vn 0.005276771262288094 0.0043304008431732655 0.007307757157832384 
vn 0.0023673526011407375 0.004604024812579155 0.008555618114769459 
vn -0.00022653282212559134 0.0009815319208428264 0.009949134662747383 
vn -0.007362387143075466 0.0018033778760582209 0.006522505544126034 
vn 0.007779244799166918 0.006283578462898731 -1.0237268810442401e-9 
vn 0.0022917676251381636 0.007185975555330515 0.006565786432474852 
vn -0.0010344128822907805 0.006551610305905342 0.0074837421998381615 
vn -0.0013503733789548278 0.009908405132591724 -1.61428692635468e-9 
vn -0.007583448197692633 0.006518536247313023 -1.062004817420359e-9 
vn -0.005870356690138578 0.0049873823300004005 0.006376906298100948 
vn -0.006753941066563129 -0.000545901304576546 0.007354336325079203 
vn -0.006279600318521261 -0.0043697417713701725 0.006439874414354563 
vn -0.007155903615057468 -0.004448177292943001 0.005385792814195156 
vn 0.003011109307408333 0.009535891003906727 -1.5535969177804532e-9 
vn -0.009967275895178318 -0.0008074574870988727 -0.000037772209907416254 
vn -0.008487933315336704 -0.005287247244268656 8.614053914612896e-10 
vn -0.00947484653443098 -0.003198012011125684 5.21025278477083e-10 
vn -0.006812108680605888 -0.002781097311526537 0.006772050634026527 
vn -0.0021695075556635857 -0.004369741305708885 0.008729181252419949 
vn -0.0016347578493878245 -0.0028649300802499056 0.009440325200557709 
vn 0.0008675006101839244 -0.0063513172790408134 0.0076751685701310635 
vn 0.005255828611552715 -0.004251464735716581 0.0073689427226781845 
vn 0.007668240461498499 -0.006418573670089245 1.045720510184367e-9 
vn -0.001143318833783269 -0.008742781355977058 0.00471768993884325 
vn 0.0021164407953619957 -0.002697051502764225 0.0093939658254385 
vn 0.00848357006907463 -0.00115530239418149 0.005166654009371996 
vn 0.009641122072935104 -0.002654952695593238 4.325475533306644e-10 
vn 0.00984383374452591 0.001760382205247879 -2.868032200620263e-10 
vn 0.00848357006907463 -0.0011553040239959955 -0.005166654009371996 
vn 0.009106194600462914 -0.004132458940148354 6.732643886842027e-10 
vn 0.006087837275117636 -0.002697054063901305 -0.007460840046405792 
vn 0.009728017263114452 -0.0023163927253335714 3.7738903668760315e-10 
vn 0.005276771262288094 0.004330398514866829 -0.007307758554816246 
vn 0.006655198987573385 0.0007203240529634058 -0.007428960874676704 
vn 0.003188834525644779 -0.0003276472561992705 -0.009472274221479893 
vn 0.006953307427465916 -0.0010250048944726586 -0.007113429717719555 
vn 0.0021164407953619957 -0.0026970545295625925 -0.009393964894115925 
vn 0.004425519146025181 -0.006875354330986738 -0.005757107399404049 
vn 0.0057784379459917545 -0.008161474019289017 1.329675480832293e-9 
vn 0.0008675006101839244 -0.00635131960734725 -0.007675166241824627 
vn 0.006087837275117636 -0.0026970517355948687 0.007460840977728367 
vn 0.006953307427465916 -0.001025002566166222 0.007113430183380842 
vn 0.006655198987573385 0.0007203264976851642 0.007428960874676704 
vn 0.003188834525644779 -0.0003276441711932421 0.009472274221479893 
vn 0.005276771262288094 0.0043304008431732655 0.007307757157832384 
vn 0.007779244799166918 0.006283578462898731 -1.0237268810442401e-9 
vn 0.0021164407953619957 -0.002697051502764225 0.0093939658254385 
vn 0.004425519146025181 -0.006875352468341589 0.005757109262049198 
vn 0.0008675006101839244 -0.0063513172790408134 0.0076751685701310635 
vn 0.007668240461498499 -0.006418573670089245 1.045720510184367e-9 
vn 0.003188834525644779 -0.0003276441711932421 0.009472274221479893 
vn 0.0023673526011407375 0.004604024812579155 0.008555618114769459 
vn 0.00015059951692819595 0.007820261642336845 0.006230636965483427 
vn -0.008756456896662712 0.004369742702692747 -0.0020566508173942566 
vn -0.007362387143075466 0.0018033778760582209 0.006522505544126034 
vn -0.009370293468236923 -0.001889262581244111 -0.002937394892796874 
vn -0.007155903615057468 -0.004448177292943001 0.005385792814195156 
vn 0.0021164407953619957 -0.002697051502764225 0.0093939658254385 
vn -0.002368335844948888 -0.008499464020133018 0.004706390202045441 
vn -0.001143318833783269 -0.008742781355977058 0.00471768993884325 
vn -0.007155903615057468 -0.004448177292943001 0.005385792814195156 
vn -0.009370293468236923 -0.001889262581244111 -0.002937394892796874 
vn 0.006994462106376886 -0.003932546824216843 -0.00596762727946043 
vn -0.009569804184138775 -0.0023588764015585184 -0.0016895430162549019 
vn 0.0027943532913923264 -0.005902567878365517 0.007573062554001808 
vn -0.007711808197200298 -0.0038116902578622103 0.0050989254377782345 
vn 0.0007545311818830669 -0.00561685673892498 0.008239028975367546 
vn -0.008084922097623348 -0.0032806869130581617 0.004885809496045113 
vn -0.001368031487800181 0.007094200700521469 -0.006913812831044197 
vn -0.004050973802804947 0.004565190989524126 -0.007921404205262661 
vn -0.0030270793940871954 0.008846737444400787 -0.003545705694705248 
vn -0.008092851378023624 0.004330398980528116 -0.003969056066125631 
vn -0.004334326833486557 0.00870002806186676 -0.0023501324467360973 
vn -0.009210407733917236 0.003608821192756295 -0.0014645124319940805 
vn -0.008808696642518044 0.001975002232939005 -0.004301887471228838 
vn -0.009194547310471535 0.0018463364103809 -0.003471505595371127 
vn -0.009184285067021847 0.0026549522299319506 -0.002932597417384386 
vn -0.001015851623378694 0.006249526049941778 -0.007740249391645193 
vn -0.002091572619974613 0.00502520427107811 -0.008388840593397617 
vn -0.0029092582408338785 0.004012740217149258 -0.008685282431542873 
vn 0.008175011724233627 0.003527184948325157 -0.0045528169721364975 
vn -0.001015851623378694 0.006249526049941778 -0.007740249391645193 
vn 0.00787630770355463 0.003852049121633172 -0.0048088980838656425 
vn -0.0009964578785002232 0.006181068252772093 -0.0077975294552743435 
vn -0.002819916233420372 0.0042909723706543446 -0.008581120520830154 
vn 0.006433627102524042 0.002990267938002944 -0.007047463674098253 
vn 0.009285161271691322 -0.002316392259672284 0.00290174363180995 
vn 0.00958649069070816 -0.002781098475679755 0.0006038881838321686 
vn 0.0012786865700036287 -0.006146661471575499 0.007783540990203619 
vn 0.002668908564373851 -0.0071555194444954395 0.00645565427839756 
vn 0.00898284837603569 -0.0024013137444853783 0.003679964691400528 
vn 0.0007545311818830669 -0.00561685673892498 0.008239028975367546 
vn -0.008084922097623348 -0.0032806869130581617 0.004885809496045113 
vn 0.0007545311818830669 -0.00561685673892498 0.008239028975367546 
vn -0.00787630770355463 -0.003852049121633172 0.0048088980838656425 
vn 0.0012786865700036287 -0.006146661471575499 0.007783540990203619 
vn 0.002668908564373851 -0.0071555194444954395 0.00645565427839756 
vn -0.006523055490106344 -0.00576059240847826 0.0049259839579463005 
vn -0.009193199686706066 0.002358875470235944 -0.003149729687720537 
vn -0.009652689099311829 0.00002184651566494722 -0.002612491138279438 
vn -0.0009964578785002232 0.006181068252772093 -0.0077975294552743435 
vn -0.002819916233420372 0.0042909723706543446 -0.008581120520830154 
vn -0.009184285067021847 0.0026549522299319506 -0.002932597417384386 
vn -0.001015851623378694 0.006249526049941778 -0.007740249391645193 
vn 0.008175011724233627 0.003527184948325157 -0.0045528169721364975 
vn 0.007143740076571703 0.003198011079803109 -0.006224122364073992 
vn -0.001015851623378694 0.006249526049941778 -0.007740249391645193 
vn -0.002091572619974613 0.00502520427107811 -0.008388840593397617 
vn 0.0050373380072414875 0.002570599550381303 -0.0082472562789917 
vn -0.0029092582408338785 0.004012740217149258 -0.008685282431542873 
vn -0.004050973802804947 0.004565190989524126 -0.007921404205262661 
vn 0.004686771426349878 0.0032393797300755978 -0.008218308910727501 
vn -0.001368031487800181 0.007094200700521469 -0.006913812831044197 
vn 0.009692912921309471 -0.0011553035583347082 -0.002170875668525696 
vn 0.009793013334274292 -0.0018463368760421872 0.0008294132421724498 
vn 0.00898284837603569 -0.0024013137444853783 0.003679964691400528 
vn 0.0007545311818830669 -0.00561685673892498 0.008239028975367546 
vn 0.0027943532913923264 -0.005902567878365517 0.007573062554001808 
vn 0.006994462106376886 -0.003932546824216843 -0.00596762727946043 
vn 0.009004888124763966 0.0016311993822455406 -0.004031275399029255 
vn 0.0031292831990867853 0.00641857273876667 -0.007000679150223732 
vn 0.005675183143466711 0.007569188717752695 -0.0032403210643678904 
vn -0.0030270793940871954 0.008846737444400787 -0.003545705694705248 
vn 0.005162916611880064 0.007765497546643019 -0.0036112789530307055 
vn -0.004334326833486557 0.00870002806186676 -0.0023501324467360973 
vn 0.00844092108309269 0.0020178162958472967 -0.004967823158949614 
vn 0.009719093330204487 -0.0016742927255108953 0.0016540773212909698 
vn 0.009713614359498024 -0.001631199731491506 0.0017276807921007276 
vn 0.0029540795367211103 -0.0026128003373742104 0.009189488366246223 
vn 0.0029719569720327854 -0.002570599317550659 0.009195622988045216 
vn -0.004978124052286148 -0.0026128003373742104 0.008269918151199818 
vn -0.004864103626459837 -0.002654951298609376 0.008324164897203445 
vn -0.009731474332511425 -0.0007638990064151585 -0.0021713748574256897 
vn -0.009778212755918503 -0.0008510011830367148 -0.0019137273775413632 
vn -0.003447908442467451 -0.006747395731508732 0.006525686476379633 
vn -0.007734905928373337 -0.006077499128878117 -0.0017986743478104472 
vn 0.00775400223210454 -0.006249526981264353 0.0009049047948792577 
vn 0.0021417951211333275 -0.006779579445719719 0.007032070774585009 
vn -0.005532701034098864 -0.002570599550381303 0.007923460565507412 
vn -0.009734034538269043 0.0014152841176837683 -0.0018015379318967462 
vn -0.009637506678700447 0.002654952695593238 -0.0002640014863573015 
vn -0.004460058640688658 -0.004251464735716581 0.007876098155975342 
vn -0.00991086382418871 0.00037131269345991313 -0.0012794173089787364 
vn -0.005104886367917061 -0.00576059240847826 0.006384020205587149 
vn -0.001332708285190165 -0.007155518978834152 0.006857290863990784 
vn 0.002093343762680888 -0.005471405107527971 0.008104420267045498 
vn 0.00908675231039524 0.003568037413060665 -0.002167958766222 
vn 0.00991211086511612 0.000545902643352747 0.0012050105724483728 
vn 0.0034643253311514854 -0.0034862649627029896 0.008708869107067585 
vn -0.009778212755918503 -0.0008510011830367148 -0.0019137273775413632 
vn -0.0030817845836281776 0.0015449199127033353 -0.009387003257870674 
vn -0.009731474332511425 -0.0007638990064151585 -0.0021713748574256897 
vn -0.0030099430587142706 0.0015449199127033353 -0.009410285390913486 
vn 0.0050208838656544685 0.0011553018121048808 -0.008570647798478603 
vn 0.005023387260735035 0.0011118896072730422 -0.008574921637773514 
vn 0.009713614359498024 -0.001631199731491506 0.0017276807921007276 
vn 0.009719093330204487 -0.0016742927255108953 0.0016540773212909698 
vn 0.003663982730358839 -0.00635131960734725 -0.0067997039295732975 
vn 0.00775400223210454 -0.006249526981264353 0.0009049047948792577 
vn -0.007734905928373337 -0.006077499128878117 -0.0017986743478104472 
vn -0.002718975767493248 0.001588074374012649 -0.009491321630775928 
vn 0.005144711583852768 0.0030735416803508997 -0.008005328476428986 
vn 0.00991211086511612 0.000545902643352747 0.0012050105724483728 
vn 0.00908675231039524 0.003568037413060665 -0.002167958766222 
vn 0.004132209811359644 0.004681420512497425 -0.007810835260897875 
vn 0.009656238369643688 0.002528350567445159 -0.0006037362036295235 
vn 0.004857671447098255 0.003771258518099785 -0.007885470055043697 
vn -0.002764701144769788 0.004604022018611431 -0.008435603231191635 
vn -0.0033167065121233463 0.004092629998922348 -0.00849999114871025 
vn -0.009637506678700447 0.002654952695593238 -0.0002640014863573015 
vn -0.00991086382418871 0.00037131269345991313 -0.0012794173089787364 
vn 0.0037905187346041203 -0.001198694808408618 -0.00917578861117363 
vn 0.00876429583877325 0.004642767366021872 0.0012774287024512887 
vn 0.003950977232307196 -0.006811636034399271 -0.006163715850561857 
vn 0.009290355257689953 -0.002823041519150138 0.0023915970232337713 
vn -0.009734034538269043 0.0014152841176837683 -0.0018015379318967462 
vn -0.00323467911221087 0.003198010614141822 -0.008905592374503613 
vn 0.0015038372948765755 -0.00032764411298558116 0.009880846366286278 
vn 0.007871365174651146 0.00010923362424364313 0.006166820414364338 
vn 0.0015033489326015115 -0.0004149714077357203 0.009877637960016727 
vn 0.00791801419109106 0.00006554140418302268 0.006107434630393982 
vn 0.0010543890530243516 -0.0004149714077357203 0.009935595095157623 
vn 0.007771092467010021 -0.0004149719898123294 0.006279961671680212 
vn 0.001111362362280488 -0.0011118893744423985 0.009875656105577946 
vn 0.007663065101951361 -0.0022312933579087257 0.006024845410138369 
vn 0.0014302443014457822 -0.0016742914449423552 0.0097545450553298 
vn 0.007682543247938156 -0.002486051293089986 0.005898989271372557 
vn 0.009888709522783756 0.00041497277561575174 -0.0014287119265645742 
vn 0.009882230311632156 0.0005459022358991206 -0.0014295176370069385 
vn 0.00992706511169672 0.000021846744857612066 -0.0012053638929501176 
vn 0.00960342213511467 -0.002188681159168482 -0.0017274164129048586 
vn 0.009659746661782265 -0.002103329636156559 -0.0015050917863845825 
vn 0.006056969054043293 -0.000894529337529093 -0.00790651235729456 
vn 0.005597380455583334 -0.0006331393960863352 -0.008262473158538342 
vn -0.0016711526550352573 0.0011553015792742372 -0.009791451506316662 
vn -0.0013539930805563927 0.0004149714077357203 -0.009899216704070568 
vn 0.005985550116747618 0.00024029209453146905 -0.008007212541997433 
vn 0.005969407968223095 0.0005459011881612241 -0.008004259318113327 
vn 0.005800294224172831 0.0003713115875143558 -0.00813748873770237 
vn -0.0010918850312009454 0.0008074558572843671 -0.00990736111998558 
vn -0.0011300384066998959 0.00024029178894124925 -0.009933039546012878 
vn -0.0011299088364467025 0.0002839706721715629 -0.009931901469826698 
vn -0.0011300384066998959 0.00024029178894124925 -0.009933039546012878 
vn -0.007729643490165472 0.00010923158697551116 -0.006343554239720106 
vn -0.0011299088364467025 0.0002839706721715629 -0.009931901469826698 
vn -0.0077776252292096615 0.00006553938146680593 -0.00628524087369442 
vn -0.0013539930805563927 0.0004149714077357203 -0.009899216704070568 
vn -0.007882681675255299 0.0008074564975686371 -0.006100110709667206 
vn -0.0016711526550352573 0.0011553015792742372 -0.009791451506316662 
vn -0.007754721213132143 0.0017603812739253044 -0.006063444074243307 
vn -0.0010918850312009454 0.0008074558572843671 -0.00990736111998558 
vn -0.0077278101816773415 0.0015449203783646226 -0.006155823823064566 
vn -0.009895321913063526 -0.0001966097333934158 0.001429667230695486 
vn -0.009905836544930935 -0.00019660974794533104 0.0013548985589295626 
vn -0.009885912761092186 0.000851001066621393 0.0012427916517481208 
vn -0.009810060262680054 0.0014585250755771995 0.0012788373278453946 
vn -0.009796207770705223 0.001025003963150084 0.001727335387840867 
vn -0.00580262066796422 -0.00024029207997955382 0.008140752092003822 
vn -0.006102304905653 0.0004149742890149355 0.007911363616585732 
vn 0.001111362362280488 -0.0011118893744423985 0.009875656105577946 
vn 0.0010543890530243516 -0.0004149714077357203 0.009935595095157623 
vn -0.0062246620655059814 0.0002402946847723797 0.007822777144610882 
vn -0.005880829878151417 -0.0004586238937918097 0.008074993267655373 
vn -0.005737689323723316 -0.0004149716696701944 0.008179652504622936 
vn 0.0014302443014457822 -0.0016742914449423552 0.0097545450553298 
vn 0.0015038372948765755 -0.00032764411298558116 0.009880846366286278 
vn 0.0015033489326015115 -0.0004149714077357203 0.009877637960016727 
vn 0.003188834525644779 -0.0003276472561992705 -0.009472274221479893 
vn 0.0023673526011407375 0.004604022018611431 -0.008555619046092033 
vn 0.005276771262288094 0.004330398514866829 -0.007307758554816246 
vn -0.00022653282212559134 0.0009815286612138152 -0.009949134662747383 
vn -0.0010344128822907805 0.0065516079775989056 -0.007483744528144598 
vn 0.0022917676251381636 0.007185973692685366 -0.006565788760781288 
vn -0.0013503733789548278 0.009908405132591724 -1.61428692635468e-9 
vn 0.003011109307408333 0.009535891003906727 -1.5535969177804532e-9 
vn 0.007779244799166918 0.006283578462898731 -1.0237268810442401e-9 
vn -0.007362387143075466 0.001803375780582428 -0.006522506009787321 
vn -0.006753941066563129 -0.0005459036910906434 -0.007354336325079203 
vn -0.005870356690138578 0.004987380467355251 -0.0063769081607460976 
vn -0.007583448197692633 0.006518536247313023 -1.062004817420359e-9 
vn -0.009967275895178318 -0.0008074574870988727 -0.000037772209907416254 
vn -0.006279600318521261 -0.004369744099676609 -0.006439873017370701 
vn -0.007155903615057468 -0.00444817915558815 -0.005385791417211294 
vn -0.0021695075556635857 -0.004369744099676609 -0.0087291793897748 
vn -0.001143318833783269 -0.008742782287299633 -0.004717687144875526 
vn 0.0021164407953619957 -0.0026970545295625925 -0.009393964894115925 
vn 0.0008675006101839244 -0.00635131960734725 -0.007675166241824627 
vn -0.0016347578493878245 -0.002864933107048273 -0.009440324269235134 
vn 0.005255828611552715 -0.004251467064023018 -0.007368941325694323 
vn 0.007668240461498499 -0.006418573670089245 1.045720510184367e-9 
vn -0.008487933315336704 -0.005287247244268656 8.614053914612896e-10 
vn -0.00947484653443098 -0.003198012011125684 5.21025278477083e-10 
vn -0.006812108680605888 -0.0027810996398329735 -0.006772049702703953 
vn 0.003188834525644779 -0.0003276472561992705 -0.009472274221479893 
vn 0.0023673526011407375 0.004604022018611431 -0.008555619046092033 
vn 0.00015059951692819595 0.007820259779691696 -0.006230639293789864 
vn -0.008756456896662712 0.004369743168354034 0.0020566494204103947 
vn -0.007362387143075466 0.001803375780582428 -0.006522506009787321 
vn -0.009370293468236923 -0.0018892615335062146 0.002937395591288805 
vn -0.007155903615057468 -0.00444817915558815 -0.005385791417211294 
vn 0.0021164407953619957 -0.0026970545295625925 -0.009393964894115925 
vn -0.002368335844948888 -0.008499464951455593 -0.004706387408077717 
vn -0.001143318833783269 -0.008742782287299633 -0.004717687144875526 
vn -0.007155903615057468 -0.00444817915558815 -0.005385791417211294 
vn -0.009370293468236923 -0.0018892615335062146 0.002937395591288805 
vn -0.0016347578493878245 -0.0028649300802499056 0.009440325200557709 
vn 0.005255828611552715 -0.004251464735716581 0.0073689427226781845 
vn 0.003014268819242716 0.006042743567377329 0.007375597022473812 
vn 0.008560539223253727 0.0035680383443832397 0.0037398238200694323 
vn 0.007668240461498499 -0.006418573670089245 1.045720510184367e-9 
vn 0.009696818888187408 0.0024437066167593002 -3.9813113916764564e-10 
vn 0.008560539223253727 0.0035680371802300215 -0.0037398249842226505 
vn 0.005255828611552715 -0.004251467064023018 -0.007368941325694323 
vn 0.003014268819242716 0.006042740773409605 -0.007375598885118961 
vn -0.0016347578493878245 -0.002864933107048273 -0.009440324269235134 
vn 0.002093343762680888 -0.005471407901495695 -0.008104418404400349 
vn 0.009656238369643688 0.0025283508002758026 0.0006037353887222707 
vn 0.002668908564373851 -0.007155521307140589 -0.006455651950091124 
vn 0.00958649069070816 -0.002781098475679755 -0.0006038873107172549 
vn 0.004857671447098255 0.003771261079236865 0.007885468192398548 
vn 0.006433627102524042 0.0029902702663093805 0.007047462742775679 
vn -0.0033167065121233463 0.004092632792890072 0.008499989286065102 
vn -0.002819916233420372 0.004290975164622068 0.008581118658185005 
vn 0.002668908564373851 -0.007155521307140589 -0.006455651950091124 
vn 0.002093343762680888 -0.005471407901495695 -0.008104418404400349 
vn -0.006523055490106344 -0.005760594271123409 -0.004925982095301151 
vn -0.005104886367917061 -0.005760594271123409 -0.0063840183429419994 
vn -0.009652689099311829 0.00002184736695198808 0.002612491138279438 
vn -0.00991086382418871 0.00037131313001737 0.0012794171925634146 
vn -0.002819916233420372 0.004290975164622068 0.008581118658185005 
vn -0.0033167065121233463 0.004092632792890072 0.008499989286065102 
vn 0.0021417951211333275 -0.0067795817740261555 -0.007032068446278572 
vn 0.00775400223210454 -0.00624952744692564 -0.0009049027576111257 
vn -0.003447908442467451 -0.006747397594153881 -0.006525684148073196 
vn -0.007734905928373337 -0.006077498663216829 0.0017986763268709183 
vn 0.003663982730358839 -0.0063513172790408134 0.006799706257879734 
vn -0.00003797774843405932 -0.009883292019367218 -0.0015228580450639129 
vn 0.009656238369643688 0.0025283508002758026 0.0006037353887222707 
vn 0.002093343762680888 -0.005471407901495695 -0.008104418404400349 
vn 0.00876429583877325 0.004642766900360584 -0.0012774302158504725 
vn -0.0002263426431454718 0.0004149713786318898 -0.009988822042942047 
vn -0.001332708285190165 -0.007155521307140589 -0.006857288535684347 
vn -0.006666374392807484 -0.007453821133822203 1.2143853700408158e-9 
vn 0.0005469543393701315 -0.004911449737846851 -0.008693589828908443 
vn -0.004661952145397663 -0.008846737444400787 0.00003784711589105427 
vn 0.003950977232307196 -0.0068116337060928345 0.006163718178868294 
vn 0.009290355257689953 -0.0028230424504727125 -0.0023915960919111967 
vn 0.003950977232307196 -0.0068116337060928345 0.006163718178868294 
vn -0.004661952145397663 -0.008846737444400787 0.00003784711589105427 
vn 0.0037905187346041203 -0.0011986918980255723 0.00917578861117363 
vn -0.006666374392807484 -0.007453821133822203 1.2143853700408158e-9 
vn -0.0023008196149021387 -0.00803329423069954 0.005492941942065954 
vn -0.001332708285190165 -0.007155521307140589 -0.006857288535684347 
vn 0.0009971632389351726 -0.007511793170124292 -0.006525230593979359 
vn -0.0036057201214134693 -0.007540563587099314 -0.00548987090587616 
vn 0.0007725800387561321 -0.007511793170124292 -0.006555614527314901 
vn -0.003478424856439233 -0.007540563587099314 -0.005571397021412849 
vn -0.006052642595022917 -0.007927988655865192 -0.0007159007946029305 
vn -0.006021849345415831 -0.007927988655865192 -0.000940383062697947 
vn -0.004641013219952583 -0.007569188252091408 0.004600911401212215 
vn -0.004693939350545406 -0.007569188252091408 0.004546902142465115 
vn -0.0004342427710071206 -0.007336176000535488 0.006781737320125103 
vn -0.000660211720969528 -0.007336176000535488 0.0067634787410497665 
vn -0.0004342427710071206 -0.007336176000535488 0.006781737320125103 
vn -0.000660211720969528 -0.007336176000535488 0.0067634787410497665 
vn 0.0038012785371392965 -0.007453820202499628 0.005476389545947313 
vn 0.003676090156659484 -0.007453820202499628 0.005561197642236948 
vn 0.0061701093800365925 -0.007765498012304306 0.0012754549970850348 
vn 0.006184959318488836 -0.007765498012304306 0.0012013805098831654 
vn 0.005111310631036758 -0.0077378954738378525 -0.0037415882106870413 
vn 0.004915913566946983 -0.0077101439237594604 -0.004048144444823265 
vn 0.0009971632389351726 -0.007511793170124292 -0.006525230593979359 
vn 0.0007725800387561321 -0.007511793170124292 -0.006555614527314901 
vn 0.0011482591507956386 -0.004642765503376722 0.008782153949141502 
vn 0.00009441505244467407 -0.004987380001693964 0.008667013607919216 
vn 0.005148041993379593 -0.004681420512497425 0.007182058412581682 
vn 0.0002643807092681527 -0.00980731938034296 0.0019356110133230686 
vn 0.008426317945122719 -0.005100564565509558 0.0017266746144741774 
vn 0.0005622317548841238 -0.009969087317585945 0.0005488080205395818 
vn 0.006623261608183384 -0.005580654833465815 -0.004998869262635708 
vn 0.00033524419995956123 -0.009986257180571556 -0.0004028361872769892 
vn 0.0020008734427392483 -0.0059025706723332405 -0.00782024022191763 
vn -0.002019857056438923 -0.005544343031942844 0.008073440752923489 
vn -0.00026370573323220015 -0.009798689745366573 0.0019789233338087797 
vn -0.0007605801802128553 -0.009965559467673302 0.00033036823151633143 
vn -0.00021840007684659213 -0.009990455582737923 0.0003782816347666085 
vn -0.006221596617251635 -0.005544343497604132 0.005527385976165533 
vn -0.00798817165195942 -0.00597288366407156 -0.0007167801377363503 
vn -0.004832427483052015 -0.0057962555438280106 -0.0065613314509391785 
vn -0.0011099785333499312 -0.006317510269582272 -0.007671832572668791 
vn -0.00023897120263427496 -0.009983872063457966 -0.0005149679491296411 
vn -0.000037797013646923006 -0.00635131960734725 -0.007723943796008825 
vn 0.00039617886068299413 0.0021460240241140127 -0.00975897628813982 
vn -0.0011099785333499312 -0.006317510269582272 -0.007671832572668791 
vn -0.005982121918350458 0.00041497169877402484 -0.008002625778317451 
vn -0.004832427483052015 -0.0057962555438280106 -0.0065613314509391785 
vn -0.009915785863995552 0.00019660974794533104 -0.0012800527038052678 
vn -0.00798817165195942 -0.00597288366407156 -0.0007167801377363503 
vn -0.007685342337936163 0.0006331391050480306 0.006366681773215532 
vn -0.006221596617251635 -0.005544343497604132 0.005527385976165533 
vn -0.0014665756607428193 0.0018463386222720146 0.009718034416437149 
vn -0.002019857056438923 -0.005544343031942844 0.008073440752923489 
vn 0.0015767489094287157 0.004290975164622068 0.008893895894289017 
vn 0.0012599609326571226 0.002823043614625931 0.00951014831662178 
vn 0.0011482591507956386 -0.004642765503376722 0.008782153949141502 
vn 0.00009441505244467407 -0.004987380001693964 0.008667013607919216 
vn -0.0014665756607428193 0.0018463386222720146 0.009718034416437149 
vn -0.002019857056438923 -0.005544343031942844 0.008073440752923489 
vn -0.0014665756607428193 0.0018463386222720146 0.009718034416437149 
vn 0.004546206910163164 0.004565193317830563 0.00764794135466218 
vn 0.0012599609326571226 0.002823043614625931 0.00951014831662178 
vn 0.0039052662905305624 0.006907016970217228 0.006086214445531368 
vn 0.0015767489094287157 0.004290975164622068 0.008893895894289017 
vn 0.00496839452534914 0.006146663799881935 0.006126465275883675 
vn 0.0011482591507956386 -0.004642765503376722 0.008782153949141502 
vn 0.005148041993379593 -0.004681420512497425 0.007182058412581682 
vn 0.007912330329418182 0.006077499128878117 0.0006775264046154916 
vn 0.008426317945122719 -0.005100564565509558 0.0017266746144741774 
vn 0.0064816162921488285 0.005471405573189259 -0.005296448245644569 
vn 0.006623261608183384 -0.005580654833465815 -0.004998869262635708 
vn 0.0024214645382016897 0.004251464735716581 -0.00872132834047079 
vn 0.0020008734427392483 -0.0059025706723332405 -0.00782024022191763 
vn 0.0076017542742192745 0.006385006941854954 0.001202089013531804 
vn 0.005242391023784876 0.008499464020133018 0.0005257791490294039 
vn 0.006044826004654169 0.005580653436481953 -0.005684750620275736 
vn 0.004513424821197987 0.007682243827730417 -0.004540057387202978 
vn 0.001725326874293387 0.003239379497244954 -0.00930213276296854 
vn 0.00039617886068299413 0.0021460240241140127 -0.00975897628813982 
vn 0.0020008734427392483 -0.0059025706723332405 -0.00782024022191763 
vn 0.0024214645382016897 0.004251464735716581 -0.00872132834047079 
vn -0.000037797013646923006 -0.00635131960734725 -0.007723943796008825 
vn 0.001725326874293387 0.003239379497244954 -0.00930213276296854 
vn -0.0011099785333499312 -0.006317510269582272 -0.007671832572668791 
vn 0.00039617886068299413 0.0021460240241140127 -0.00975897628813982 
vn 0.003014268819242716 0.006042743567377329 0.007375597022473812 
vn -0.006627887021750212 0.005434781778603792 0.005151142366230488 
vn -0.0016347578493878245 -0.0028649300802499056 0.009440325200557709 
vn -0.006812108680605888 -0.002781097311526537 0.006772050634026527 
vn -0.009124163538217545 0.00409263139590621 -6.667736918153366e-10 
vn -0.00947484653443098 -0.003198012011125684 5.21025278477083e-10 
vn -0.006812108680605888 -0.0027810996398329735 -0.006772049702703953 
vn -0.006627887021750212 0.005434779915958643 -0.00515114376321435 
vn -0.0016347578493878245 -0.002864933107048273 -0.009440324269235134 
vn 0.003014268819242716 0.006042740773409605 -0.007375598885118961 
vn 0.002093343762680888 -0.005471405107527971 0.008104420267045498 
vn 0.002668908564373851 -0.0071555194444954395 0.00645565427839756 
vn 0.009656238369643688 0.002528350567445159 -0.0006037362036295235 
vn 0.00958649069070816 -0.002781098475679755 0.0006038881838321686 
vn 0.004857671447098255 0.003771258518099785 -0.007885470055043697 
vn 0.006433627102524042 0.002990267938002944 -0.007047463674098253 
vn -0.0033167065121233463 0.004092629998922348 -0.00849999114871025 
vn -0.002819916233420372 0.0042909723706543446 -0.008581120520830154 
vn -0.0033167065121233463 0.004092629998922348 -0.00849999114871025 
vn -0.002819916233420372 0.0042909723706543446 -0.008581120520830154 
vn -0.00991086382418871 0.00037131269345991313 -0.0012794173089787364 
vn -0.009652689099311829 0.00002184651566494722 -0.002612491138279438 
vn -0.005104886367917061 -0.00576059240847826 0.006384020205587149 
vn -0.006523055490106344 -0.00576059240847826 0.0049259839579463005 
vn 0.002093343762680888 -0.005471405107527971 0.008104420267045498 
vn 0.002668908564373851 -0.0071555194444954395 0.00645565427839756 
vn 0.0021417951211333275 -0.006779579445719719 0.007032070774585009 
vn 0.00775400223210454 -0.006249526981264353 0.0009049047948792577 
vn -0.003447908442467451 -0.006747395731508732 0.006525686476379633 
vn -0.007734905928373337 -0.006077499128878117 -0.0017986743478104472 
vn 0.003663982730358839 -0.00635131960734725 -0.0067997039295732975 
vn -0.00003797774843405932 -0.009883291088044643 0.0015228611882776022 
vn 0.009656238369643688 0.002528350567445159 -0.0006037362036295235 
vn 0.002093343762680888 -0.005471405107527971 0.008104420267045498 
vn 0.00876429583877325 0.004642767366021872 0.0012774287024512887 
vn -0.0002263426431454718 0.000414974638260901 0.009988822042942047 
vn 0.009290355257689953 -0.002823041519150138 0.0023915970232337713 
vn 0.0005469543393701315 -0.0049114469438791275 0.008693591691553593 
vn 0.003950977232307196 -0.006811636034399271 -0.006163715850561857 
vn -0.004661952145397663 -0.008846737444400787 -0.00003784423097386025 
vn -0.006666374392807484 -0.007453821133822203 1.2143853700408158e-9 
vn -0.001332708285190165 -0.007155518978834152 0.006857290863990784 
vn 0.003950977232307196 -0.006811636034399271 -0.006163715850561857 
vn -0.004661952145397663 -0.008846737444400787 -0.00003784423097386025 
vn 0.0037905187346041203 -0.001198694808408618 -0.00917578861117363 
vn -0.006666374392807484 -0.007453821133822203 1.2143853700408158e-9 
vn -0.0023008196149021387 -0.008033296093344688 -0.00549293914809823 
vn -0.001332708285190165 -0.007155518978834152 0.006857290863990784 
vn -0.000660211720969528 -0.007336178328841925 -0.006763475947082043 
vn -0.004693939350545406 -0.00756918964907527 -0.004546899814158678 
vn -0.0004342427710071206 -0.007336178328841925 -0.0067817349918186665 
vn -0.004641013219952583 -0.00756918964907527 -0.004600908607244492 
vn -0.006021849345415831 -0.007927988655865192 0.0009403856238350272 
vn -0.006052642595022917 -0.007927988655865192 0.0007159033557400107 
vn -0.003478424856439233 -0.0075405617244541645 0.005571399349719286 
vn -0.0036057201214134693 -0.0075405617244541645 0.005489873234182596 
vn 0.0007725800387561321 -0.007511791307479143 0.006555616855621338 
vn 0.0009971632389351726 -0.007511791307479143 0.006525232922285795 
vn 0.0007725800387561321 -0.007511791307479143 0.006555616855621338 
vn 0.0009971632389351726 -0.007511791307479143 0.006525232922285795 
vn 0.004915913566946983 -0.0077101425267755985 0.004048146773129702 
vn 0.005111310631036758 -0.0077378940768539906 0.0037415907718241215 
vn 0.006184959318488836 -0.007765498477965593 -0.0012013779487460852 
vn 0.0061701093800365925 -0.007765498477965593 -0.0012754524359479547 
vn 0.003676090156659484 -0.007453822065144777 -0.005561194848269224 
vn 0.0038012785371392965 -0.007453822065144777 -0.005476387217640877 
vn -0.000660211720969528 -0.007336178328841925 -0.006763475947082043 
vn -0.0004342427710071206 -0.007336178328841925 -0.0067817349918186665 
vn 0.0011482591507956386 -0.004642768297344446 -0.008782152086496353 
vn 0.00009441505244467407 -0.004987382795661688 -0.008667012676596642 
vn 0.005148041993379593 -0.004681422840803862 -0.007182056549936533 
vn 0.0002643807092681527 -0.009807320311665535 -0.0019356078701093793 
vn 0.008426317945122719 -0.005100565031170845 -0.0017266729846596718 
vn 0.0005622317548841238 -0.00996908824890852 -0.0005488047609105706 
vn 0.006623261608183384 -0.005580653436481953 0.004998871125280857 
vn -0.002019857056438923 -0.005544345360249281 -0.00807343889027834 
vn -0.00026370573323220015 -0.009798690676689148 -0.0019789200741797686 
vn -0.0007605801802128553 -0.009965559467673302 -0.0003303649718873203 
vn -0.00021840007684659213 -0.009990455582737923 -0.0003782784042414278 
vn -0.0011099785333499312 -0.006317507475614548 0.00767183443531394 
vn -0.004832427483052015 -0.005796253215521574 0.006561333313584328 
vn -0.00798817165195942 -0.00597288366407156 0.0007167820585891604 
vn -0.006221596617251635 -0.005544344894587994 -0.005527384113520384 
vn 0.00033524419995956123 -0.009986257180571556 0.0004028394469060004 
vn -0.00023897120263427496 -0.009983872063457966 0.0005149712087586522 
vn -0.000037797013646923006 -0.0063513172790408134 0.0077239456586539745 
vn 0.0020008734427392483 -0.005902567878365517 0.007820242084562778 
vn -0.002019857056438923 -0.005544345360249281 -0.00807343889027834 
vn -0.0014665756607428193 0.0018463354790583253 -0.009718034416437149 
vn -0.006221596617251635 -0.005544344894587994 -0.005527384113520384 
vn -0.007685342337936163 0.0006331370095722377 -0.00636668223887682 
vn -0.00798817165195942 -0.00597288366407156 0.0007167820585891604 
vn -0.009915785863995552 0.00019661016995087266 0.001280052587389946 
vn -0.004832427483052015 -0.005796253215521574 0.006561333313584328 
vn -0.005982121918350458 0.00041497431811876595 0.008002625778317451 
vn -0.0011099785333499312 -0.006317507475614548 0.00767183443531394 
vn 0.00039617886068299413 0.002146027283743024 0.009758975356817245 
vn 0.0015767489094287157 0.0042909723706543446 -0.008893897756934166 
vn 0.0012599609326571226 0.0028230403549969196 -0.009510149247944355 
vn 0.0011482591507956386 -0.004642768297344446 -0.008782152086496353 
vn 0.00009441505244467407 -0.004987382795661688 -0.008667012676596642 
vn -0.0014665756607428193 0.0018463354790583253 -0.009718034416437149 
vn -0.002019857056438923 -0.005544345360249281 -0.00807343889027834 
vn 0.0011482591507956386 -0.004642768297344446 -0.008782152086496353 
vn 0.00496839452534914 0.006146661937236786 -0.006126467604190111 
vn 0.005148041993379593 -0.004681422840803862 -0.007182056549936533 
vn 0.007912330329418182 0.006077498663216829 -0.0006775283836759627 
vn 0.005242391023784876 0.008499464020133018 -0.0005257819429971278 
vn 0.0039052662905305624 0.006907015107572079 -0.0060862163081765175 
vn 0.0076017542742192745 0.0063850064761936665 -0.001202091109007597 
vn 0.004546206910163164 0.004565190989524126 -0.007647943217307329 
vn 0.0012599609326571226 0.0028230403549969196 -0.009510149247944355 
vn -0.0014665756607428193 0.0018463354790583253 -0.009718034416437149 
vn 0.0015767489094287157 0.0042909723706543446 -0.008893897756934166 
vn 0.006044826004654169 0.005580655299127102 0.005684748757630587 
vn 0.004513424821197987 0.0076822456903755665 0.004540055058896542 
vn 0.0064816162921488285 0.005471407435834408 0.00529644638299942 
vn 0.008426317945122719 -0.005100565031170845 -0.0017266729846596718 
vn 0.006623261608183384 -0.005580653436481953 0.004998871125280857 
vn 0.0024214645382016897 0.004251467529684305 0.008721326477825642 
vn 0.0020008734427392483 -0.005902567878365517 0.007820242084562778 
vn 0.00039617886068299413 0.002146027283743024 0.009758975356817245 
vn 0.001725326874293387 0.0032393825240433216 0.009302131831645966 
vn 0.0020008734427392483 -0.005902567878365517 0.007820242084562778 
vn -0.000037797013646923006 -0.0063513172790408134 0.0077239456586539745 
vn 0.0024214645382016897 0.004251467529684305 0.008721326477825642 
vn 0.001725326874293387 0.0032393825240433216 0.009302131831645966 
vn -0.0011099785333499312 -0.006317507475614548 0.00767183443531394 
vn 0.00039617886068299413 0.002146027283743024 0.009758975356817245 
vn -0.002368335844948888 -0.008499464020133018 0.004706390202045441 
vn 0.0021164407953619957 -0.002697051502764225 0.0093939658254385 
vn 0.003963027149438858 -0.0010250022169202566 0.009123803116381168 
vn 0.003188834525644779 -0.0003276441711932421 0.009472274221479893 
vn 0.003963027149438858 -0.0010250022169202566 0.009123803116381168 
vn 0.00015059951692819595 0.007820261642336845 0.006230636965483427 
vn -0.002368335844948888 -0.008499464951455593 -0.004706387408077717 
vn 0.003963027149438858 -0.0010250052437186241 -0.009123803116381168 
vn 0.0021164407953619957 -0.0026970545295625925 -0.009393964894115925 
vn 0.003188834525644779 -0.0003276472561992705 -0.009472274221479893 
vn 0.003963027149438858 -0.0010250052437186241 -0.009123803116381168 
vn 0.00015059951692819595 0.007820259779691696 -0.006230639293789864 
vt 0.11233638972043991 0.2367200404405594 
vt 0.1552465856075287 0.2367200404405594 
vt 0.1124555841088295 0.24399735033512115 
vt 0.1550081968307495 0.2465796172618866 
vt 0.16919240355491638 0.2844920754432678 
vt 0.2087651491165161 0.2628948986530304 
vt 0.2087651491165161 0.2367200404405594 
vt 0.11114443838596344 0.2552654445171356 
vt 0.13319551944732666 0.3141882121562958 
vt 0.10053608566522598 0.2951732873916626 
vt 0.09195404499769211 0.3539786636829376 
vt 0.0688302144408226 0.3361375033855438 
vt 0.04916303977370262 0.39059996604919434 
vt 0.03366769105195999 0.3754584789276123 
vt 0.011974199675023556 0.3971730172634125 
vt 0.02794633060693741 0.41161027550697327 
vt 0.040700193494558334 0.4259301424026489 
vt 0.06370483338832855 0.4065631031990051 
vt 0.052381303161382675 0.4421280324459076 
vt 0.1134091466665268 0.37158507108688354 
vt 0.16466300189495087 0.3350811302661896 
vt 0.2034013718366623 0.30667614936828613 
vt 0.24535800516605377 0.29752081632614136 
vt 0.2366567701101303 0.2367200404405594 
vt 0.2087651491165161 0.21042782068252563 
vt 0.1550081968307495 0.22674308717250824 
vt 0.16919240355491638 0.18883062899112701 
vt 0.1124555841088295 0.22944273054599762 
vt 0.11114443838596344 0.21817463636398315 
vt 0.13319551944732666 0.15913450717926025 
vt 0.10053608566522598 0.17814941704273224 
vt 0.09195404499769211 0.11934404075145721 
vt 0.0688302144408226 0.13730256259441376 
vt 0.04916303977370262 0.08284010738134384 
vt 0.03366769105195999 0.09798160940408707 
vt 0.011974199675023556 0.07614967226982117 
vt 0.02794633060693741 0.06182980164885521 
vt 0.040700193494558334 0.047392550855875015 
vt 0.06370483338832855 0.06675959378480911 
vt 0.052381303161382675 0.031194664537906647 
vt 0.1134091466665268 0.10173764079809189 
vt 0.16466300189495087 0.13824157416820526 
vt 0.2034013718366623 0.16676394641399384 
vt 0.24535800516605377 0.17591926455497742 
vt 0.07705467194318771 0.049270566552877426 
vt 0.13212275505065918 0.08154896646738052 
vt 0.19255462288856506 0.11089296638965607 
vt 0.23010104894638062 0.1389458328485489 
vt 0.06358563154935837 0.012062376365065575 
vt 0.08885497599840164 0.030725160613656044 
vt 0.14726053178310394 0.056900009512901306 
vt 0.21281777322292328 0.08389648795127869 
vt 0.2609725594520569 0.10443729162216187 
vt 0.28004375100135803 0.1282646209001541 
vt 0.31055766344070435 0.15725648403167725 
vt 0.2875530421733856 0.19622531533241272 
vt 0.2850499451160431 0.2367200404405594 
vt 0.2875530421733856 0.27721476554870605 
vt 0.31055766344070435 0.3160662055015564 
vt 0.28004375100135803 0.3450580835342407 
vt 0.2609725594520569 0.3690027892589569 
vt 0.23010104894638062 0.33437687158584595 
vt 0.21281777322292328 0.38942620158195496 
vt 0.19255462288856506 0.3625470995903015 
vt 0.14726053178310394 0.41654008626937866 
vt 0.13212275505065918 0.39189112186431885 
vt 0.08885497599840164 0.44259753823280334 
vt 0.07705467194318771 0.42416951060295105 
vt 0.06358563154935837 0.4612603187561035 
vt 0.685187578201294 0.5645512342453003 
vt 0.6470451354980469 0.6014072895050049 
vt 0.6615869402885437 0.5481185913085938 
vt 0.6131937503814697 0.5698330998420715 
vt 0.610690712928772 0.6079803109169006 
vt 0.6352448463439941 0.634272575378418 
vt 0.6086643934249878 0.6361505389213562 
vt 0.6316689848899841 0.664907693862915 
vt 0.5998439192771912 0.6555176377296448 
vt 0.5818455219268799 0.6852137446403503 
vt 0.5634894371032715 0.6544612050056458 
vt 0.5634894371032715 0.6840399503707886 
vt 0.5450142621994019 0.6852137446403503 
vt 0.5270158052444458 0.6555176377296448 
vt 0.49519073963165283 0.664907693862915 
vt 0.5634894371032715 0.6346246600151062 
vt 0.5634894371032715 0.6069239377975464 
vt 0.518195390701294 0.6361505389213562 
vt 0.4916148781776428 0.634272575378418 
vt 0.5162882208824158 0.6079803109169006 
vt 0.4799337685108185 0.6014072895050049 
vt 0.5634894371032715 0.5693636536598206 
vt 0.5634894371032715 0.5353245735168457 
vt 0.6120018362998962 0.5349724292755127 
vt 0.6572959423065186 0.5190092921257019 
vt 0.6029430031776428 0.45433515310287476 
vt 0.6474027633666992 0.4548046588897705 
vt 0.6510977745056152 0.41125816106796265 
vt 0.606399655342102 0.4228783845901489 
vt 0.5634894371032715 0.45550891757011414 
vt 0.5634894371032715 0.42628228664398193 
vt 0.5204600691795349 0.4228783845901489 
vt 0.5239167213439941 0.45433515310287476 
vt 0.47576195001602173 0.41125816106796265 
vt 0.47945699095726013 0.4548046588897705 
vt 0.4695638120174408 0.5190092921257019 
vt 0.5148578882217407 0.5349724292755127 
vt 0.46527278423309326 0.5481185913085938 
vt 0.5137851238250732 0.5698330998420715 
vt 0.4416721761226654 0.5645512342453003 
vt 0.12068004161119461 0.650587797164917 
vt 0.16406701505184174 0.6462448835372925 
vt 0.11162122339010239 0.6009377837181091 
vt 0.1707419455051422 0.5961253643035889 
vt 0.11400511860847473 0.5583302974700928 
vt 0.17050355672836304 0.5583302974700928 
vt 0.1707419455051422 0.5205352306365967 
vt 0.11162122339010239 0.5157228112220764 
vt 0.16406701505184174 0.4704156517982483 
vt 0.12068004161119461 0.4660727381706238 
vt 0.2925592362880707 0.662677526473999 
vt 0.26240289211273193 0.674767255783081 
vt 0.25310567021369934 0.5971817374229431 
vt 0.22974346578121185 0.6677247285842896 
vt 0.22974346578121185 0.6010551452636719 
vt 0.22974346578121185 0.5156053900718689 
vt 0.22974346578121185 0.4489358365535736 
vt 0.25310567021369934 0.5195962190628052 
vt 0.26240289211273193 0.4418932795524597 
vt 0.2925592362880707 0.45398300886154175 
vt 0.2755143344402313 0.5172486901283264 
vt 0.3203316628932953 0.5022245645523071 
vt 0.32629141211509705 0.4688897728919983 
vt 0.34381309151649475 0.5016376972198486 
vt 0.37170469760894775 0.4720589220523834 
vt 0.388153612613678 0.5381416082382202 
vt 0.40150347352027893 0.5201830863952637 
vt 0.4270111918449402 0.5184224247932434 
vt 0.4065096378326416 0.457269549369812 
vt 0.3860081136226654 0.5583302974700928 
vt 0.3463161885738373 0.5583302974700928 
vt 0.32438430190086365 0.5583302974700928 
vt 0.2749183773994446 0.5583302974700928 
vt 0.25012579560279846 0.5583302974700928 
vt 0.22628681361675262 0.5583302974700928 
vt 0.2755143344402313 0.5995292663574219 
vt 0.3203316628932953 0.6145533919334412 
vt 0.34381309151649475 0.6150228977203369 
vt 0.388153612613678 0.5786363482475281 
vt 0.37170469760894775 0.6446016430854797 
vt 0.40150347352027893 0.5964775085449219 
vt 0.4270111918449402 0.5983554720878601 
vt 0.4065096378326416 0.6593910455703735 
vt 0.32629141211509705 0.6477707624435425 
vt 0.8956859111785889 0.05138333514332771 
vt 0.8393067121505737 0.05678263306617737 
vt 0.8930636644363403 0.1476316601037979 
vt 0.8711317777633667 0.1531483232975006 
vt 0.8956859111785889 0.1721632331609726 
vt 0.8758995532989502 0.17580190300941467 
vt 0.7793515920639038 0.056430503726005554 
vt 0.7879336476325989 0.06288618594408035 
vt 0.7851921916007996 0.02978615276515484 
vt 0.8030714392662048 0.04492765665054321 
vt 0.7898407578468323 0.011944999918341637 
vt 0.8165404796600342 0.028729768469929695 
vt 0.8148717284202576 0.07356739789247513 
vt 0.8513453602790833 0.16066038608551025 
vt 0.8567091822624207 0.18084906041622162 
vt 0.8388299345970154 0.1881263703107834 
vt 0.8322741985321045 0.16828982532024384 
vt 0.7935358285903931 0.07568016648292542 
vt 0.6277355551719666 0.9284167885780334 
vt 0.6315498352050781 0.949779212474823 
vt 0.6050885319709778 0.9301774501800537 
vt 0.6074724197387695 0.9524788856506348 
vt 0.5189105272293091 0.9475491046905518 
vt 0.519625723361969 0.9340508580207825 
vt 0.6022278666496277 0.9086976647377014 
vt 0.519625723361969 0.9214916229248047 
vt 0.6003206968307495 0.8865135908126831 
vt 0.5189105272293091 0.9092845320701599 
vt 0.6272587776184082 0.9076412320137024 
vt 0.6285699605941772 0.8868656754493713 
vt 0.9267958402633667 0.6598604917526245 
vt 0.9055790901184082 0.6593910455703735 
vt 0.9260806441307068 0.633920431137085 
vt 0.9036719799041748 0.6321597695350647 
vt 0.9111812710762024 0.5482359528541565 
vt 0.9246503114700317 0.549174964427948 
vt 0.948250949382782 0.6353289484977722 
vt 0.9370465874671936 0.5490576028823853 
vt 0.9704211950302124 0.6343899369239807 
vt 0.9492045044898987 0.5482359528541565 
vt 0.9472973942756653 0.659273624420166 
vt 0.9673221111297607 0.6578651070594788 
vt 0.8189243674278259 0.5184224247932434 
vt 0.8211890459060669 0.4954167306423187 
vt 0.8397834897041321 0.5188919305801392 
vt 0.8433593511581421 0.49799901247024536 
vt 0.8364459872245789 0.3954123854637146 
vt 0.8568283319473267 0.39529502391815186 
vt 0.8599274158477783 0.3800361454486847 
vt 0.8365651965141296 0.38414430618286133 
vt 0.8528949022293091 0.3708808124065399 
vt 0.8097463250160217 0.40292444825172424 
vt 0.8006874918937683 0.4938908517360687 
vt 0.7986611723899841 0.5188919305801392 
vt 0.7788748145103455 0.5194787979125977 
vt 0.7801859974861145 0.4941256046295166 
vt 0.7788748145103455 0.39623403549194336 
vt 0.8174940347671509 0.37933188676834106 
vt 0.8414521813392639 0.37369781732559204 
vt 0.8292943239212036 0.35468292236328125 
vt 0.8532525300979614 0.3434148132801056 
vt 0.8198779225349426 0.3384850323200226 
vt 0.8493191003799438 0.3253389298915863 
vt 0.7956812977790833 0.36912018060684204 
vt 0.9818639159202576 0.32979920506477356 
vt 0.9835326671600342 0.3200570046901703 
vt 0.9693484306335449 0.3278038203716278 
vt 0.9704211950302124 0.3181789815425873 
vt 0.9277493953704834 0.3179442286491394 
vt 0.9287029504776001 0.3274516761302948 
vt 0.9177370071411133 0.3198222517967224 
vt 0.9191673398017883 0.3295644521713257 
vt 0.9335899353027344 0.36853328347206116 
vt 0.9251270890235901 0.3717024326324463 
vt 0.9754273891448975 0.3717024326324463 
vt 0.9652957916259766 0.3686506748199463 
vt 0.9266766309738159 0.30855414271354675 
vt 0.9163066744804382 0.3101974129676819 
vt 0.9220280051231384 0.2880133390426636 
vt 0.9378809332847595 0.2860179543495178 
vt 0.9265574216842651 0.26371651887893677 
vt 0.9427679777145386 0.26207324862480164 
vt 0.962792694568634 0.28613534569740295 
vt 0.9612431526184082 0.2625427544116974 
vt 0.9795992374420166 0.2883654832839966 
vt 0.9853205680847168 0.3105495572090149 
vt 0.9714939594268799 0.30855414271354675 
vt 0.10733020305633545 0.9104582667350769 
vt 0.0948147252202034 0.9116320610046387 
vt 0.10840295255184174 0.9005987048149109 
vt 0.09529150277376175 0.9016550779342651 
vt 0.054526813328266144 0.9016550779342651 
vt 0.05512278899550438 0.9116320610046387 
vt 0.044037654995918274 0.9005987048149109 
vt 0.04511040821671486 0.9106930494308472 
vt 0.06012897938489914 0.9552959203720093 
vt 0.051070161163806915 0.953183114528656 
vt 0.10244320333003998 0.953183114528656 
vt 0.09195404499769211 0.955413281917572 
vt 0.05416923016309738 0.8920302391052246 
vt 0.044037654995918274 0.8899174928665161 
vt 0.04618316516280174 0.8667944073677063 
vt 0.06227448955178261 0.868789792060852 
vt 0.04832867532968521 0.841558575630188 
vt 0.06525436788797379 0.843436598777771 
vt 0.08778221905231476 0.868789792060852 
vt 0.08444476127624512 0.8432018160820007 
vt 0.10554227232933044 0.8670291304588318 
vt 0.1013704463839531 0.841558575630188 
vt 0.03664756566286087 0.8697288036346436 
vt 0.02544323541224003 0.8590475916862488 
vt 0.019602680578827858 0.8874526023864746 
vt 0.01280856505036354 0.8808795213699341 
vt 0.10899893194437027 0.8905043601989746 
vt 0.09564909338951111 0.8919128775596619 
vt 0.3079353868961334 0.09140855073928833 
vt 0.34464743733406067 0.09739472717046738 
vt 0.321285218000412 0.07427165657281876 
vt 0.3593084216117859 0.08107946068048477 
vt 0.33284714818000793 0.05854327231645584 
vt 0.3292712867259979 0.11288835853338242 
vt 0.38660407066345215 0.1343681663274765 
vt 0.36324185132980347 0.15244406461715698 
vt 0.4241504967212677 0.17873629927635193 
vt 0.3906567096710205 0.19481681287288666 
vt 0.46360406279563904 0.21547497808933258 
vt 0.4192635118961334 0.21805725991725922 
vt 0.4739740192890167 0.22697782516479492 
vt 0.42534247040748596 0.22897322475910187 
vt 0.4739740192890167 0.23601578176021576 
vt 0.4259384274482727 0.23601578176021576 
vt 0.42534247040748596 0.24305833876132965 
vt 0.4739740192890167 0.24493636190891266 
vt 0.4192635118961334 0.2539743185043335 
vt 0.46360406279563904 0.25655657052993774 
vt 0.3906567096710205 0.27721476554870605 
vt 0.40877434611320496 0.11640963703393936 
vt 0.46181613206863403 0.15843024849891663 
vt 0.5264198184013367 0.2570260763168335 
vt 0.4241504967212677 0.2932952642440796 
vt 0.5068718194961548 0.2809707820415497 
vt 0.36324185132980347 0.31958749890327454 
vt 0.38660407066345215 0.3376634120941162 
vt 0.3292712867259979 0.3591431975364685 
vt 0.46181613206863403 0.3136013150215149 
vt 0.5353594422340393 0.30890628695487976 
vt 0.5762433409690857 0.2837878167629242 
vt 0.5255854725837708 0.23601578176021576 
vt 0.5264198184013367 0.21488811075687408 
vt 0.5068718194961548 0.19106078147888184 
vt 0.5353594422340393 0.16312529146671295 
vt 0.491853266954422 0.12932099401950836 
vt 0.42808395624160767 0.09610359370708466 
vt 0.37277746200561523 0.06359043717384338 
vt 0.3452434241771698 0.04422340169548988 
vt 0.3589508533477783 0.028612392023205757 
vt 0.38457778096199036 0.04527978226542473 
vt 0.4427449405193329 0.07086775451898575 
vt 0.5085405707359314 0.10279402136802673 
vt 0.5550265908241272 0.13260753452777863 
vt 0.5874476432800293 0.13659831881523132 
vt 0.5762433409690857 0.18824374675750732 
vt 0.5768393278121948 0.23601578176021576 
vt 0.6151009202003479 0.23601578176021576 
vt 0.6164120435714722 0.27721476554870605 
vt 0.5874476432800293 0.3354332447052002 
vt 0.6270204186439514 0.31806161999702454 
vt 0.6164120435714722 0.19481681287288666 
vt 0.6270204186439514 0.15396995842456818 
vt 0.5550265908241272 0.33930665254592896 
vt 0.491853266954422 0.34271055459976196 
vt 0.5085405707359314 0.36912018060684204 
vt 0.42808395624160767 0.37592798471450806 
vt 0.4427449405193329 0.40116381645202637 
vt 0.37277746200561523 0.4083237648010254 
vt 0.38457778096199036 0.4267517924308777 
vt 0.3589508533477783 0.4434191882610321 
vt 0.3452434241771698 0.42780816555023193 
vt 0.33284714818000793 0.41337090730667114 
vt 0.3593084216117859 0.39095211029052734 
vt 0.321285218000412 0.3976425230503082 
vt 0.40877434611320496 0.35562193393707275 
vt 0.34464743733406067 0.3745194673538208 
vt 0.3079353868961334 0.3806230127811432 
vt 0.5199832916259766 0.8633905053138733 
vt 0.5166458487510681 0.8437886834144592 
vt 0.480648934841156 0.8658553957939148 
vt 0.4742124080657959 0.8451972007751465 
vt 0.5715947151184082 0.8436713218688965 
vt 0.5671845078468323 0.8658553957939148 
vt 0.6267820000648499 0.8414412140846252 
vt 0.6253516674041748 0.8605734705924988 
vt 0.6762479543685913 0.8559958338737488 
vt 0.675055980682373 0.8395631909370422 
vt 0.6279739737510681 0.8241869211196899 
vt 0.6752943992614746 0.826417088508606 
vt 0.5739786028862 0.8217220306396484 
vt 0.5150963068008423 0.8226610422134399 
vt 0.4723052978515625 0.8257128000259399 
vt 0.4762387275695801 0.8059936165809631 
vt 0.5156922936439514 0.8017681241035461 
vt 0.5175994038581848 0.7822836637496948 
vt 0.5693300366401672 0.7768843770027161 
vt 0.5729058980941772 0.7995379567146301 
vt 0.6284507513046265 0.8065805435180664 
vt 0.6769630908966064 0.8126840591430664 
vt 0.6280931830406189 0.7874482274055481 
vt 0.6793469786643982 0.7966035604476929 
vt 0.4817216992378235 0.7841616868972778 
vt 0.40901273488998413 0.6926084160804749 
vt 0.44679754972457886 0.6892045140266418 
vt 0.4067480266094208 0.7125623226165771 
vt 0.44417527318000793 0.7126797437667847 
vt 0.36050036549568176 0.7112712264060974 
vt 0.35489821434020996 0.6892045140266418 
vt 0.2991149425506592 0.7200744152069092 
vt 0.2949431240558624 0.7012942433357239 
vt 0.24261651933193207 0.7118580937385559 
vt 0.24547719955444336 0.727703869342804 
vt 0.3016180396080017 0.7377981543540955 
vt 0.24738432466983795 0.7430800795555115 
vt 0.3637186586856842 0.731929361820221 
vt 0.40615206956863403 0.7333378791809082 
vt 0.4447712302207947 0.733807384967804 
vt 0.447393536567688 0.7554045915603638 
vt 0.4074632227420807 0.7538787126541138 
vt 0.40972790122032166 0.77312833070755 
vt 0.3607387840747833 0.7757106423377991 
vt 0.3638378381729126 0.753057062625885 
vt 0.30221402645111084 0.7559914588928223 
vt 0.24821868538856506 0.7585737109184265 
vt 0.3009028732776642 0.7752411365509033 
vt 0.24845707416534424 0.7746542692184448 
vt 0.4508501887321472 0.7793492674827576 
vt 0.7805435657501221 0.6715981364250183 
vt 0.7927014231681824 0.7373287081718445 
vt 0.7633794546127319 0.674767255783081 
vt 0.7551550269126892 0.6804013252258301 
vt 0.753963053226471 0.6636165380477905 
vt 0.792224645614624 0.7882698774337769 
vt 0.7584924697875977 0.7385024428367615 
vt 0.7329847812652588 0.7212481498718262 
vt 0.7061659097671509 0.7616255283355713 
vt 0.6689770221710205 0.7163183689117432 
vt 0.7043779492378235 0.7011768817901611 
vt 0.7098609209060669 0.666433572769165 
vt 0.7180854082107544 0.6284037232398987 
vt 0.7543206810951233 0.6397892236709595 
vt 0.7487185001373291 0.7792319059371948 
vt 0.6624212861061096 0.6585693955421448 
vt 0.6868562698364258 0.6056327819824219 
vt 0.6931736469268799 0.5969469547271729 
vt 0.7236875295639038 0.6037548184394836 
vt 0.7546782493591309 0.6105626225471497 
vt 0.7514599561691284 0.5942473411560059 
vt 0.7927014231681824 0.5900217890739441 
vt 0.773391842842102 0.5742934346199036 
vt 0.7804243564605713 0.5470621585845947 
vt 0.770531177520752 0.6244129538536072 
vt 0.7851921916007996 0.6262909770011902 
vt 0.3117496371269226 0.8690245747566223 
vt 0.3192588984966278 0.8772408962249756 
vt 0.30376356840133667 0.9021245837211609 
vt 0.32998645305633545 0.8804100155830383 
vt 0.3246226906776428 0.8686724305152893 
vt 0.35847407579421997 0.8704330921173096 
vt 0.3295096755027771 0.8609256148338318 
vt 0.3315359950065613 0.964451253414154 
vt 0.3423827290534973 0.9225479960441589 
vt 0.4030529856681824 0.9291210770606995 
vt 0.35120317339897156 0.8914433717727661 
vt 0.4046025276184082 0.8939082622528076 
vt 0.356328547000885 0.85212242603302 
vt 0.34083321690559387 0.8426149487495422 
vt 0.3916102647781372 0.8525919318199158 
vt 0.3080545663833618 0.8390936851501465 
vt 0.2924400269985199 0.854822039604187 
vt 0.2684818506240845 0.8765366077423096 
vt 0.2357032150030136 0.8250085711479187 
vt 0.2357032150030136 0.9048242568969727 
vt 0.276825487613678 0.945553719997406 
vt 0.2665747106075287 0.8081064224243164 
vt 0.32545703649520874 0.8329901099205017 
vt 0.30948492884635925 0.8015333414077759 
vt 0.36348024010658264 0.8061110377311707 
vt 0.012093394994735718 0.35526978969573975 
vt 0.01745717041194439 0.33954140543937683 
vt 0.023536115884780884 0.33836767077445984 
vt 0.028423110023140907 0.32639530301094055 
vt 0.01864911988377571 0.3262779414653778 
vt 0.026754379272460938 0.3059718906879425 
vt 0.012093394994735718 0.30573713779449463 
vt 0.8233345746994019 0.7315772771835327 
vt 0.8179708123207092 0.7106842994689941 
vt 0.8264336585998535 0.7183137536048889 
vt 0.8300094604492188 0.6984772086143494 
vt 0.8179708123207092 0.6902608871459961 
vt 0.9136843681335449 0.8741890788078308 
vt 0.857185959815979 0.868789792060852 
vt 0.9109429121017456 0.7779407501220703 
vt 0.889011025428772 0.7724241018295288 
vt 0.9136843681335449 0.753409206867218 
vt 0.8938980102539062 0.7497705221176147 
vt 0.7972308397293091 0.8691419363021851 
vt 0.8059321045875549 0.8628036379814148 
vt 0.8030714392662048 0.8957862854003906 
vt 0.8210698366165161 0.8806447982788086 
vt 0.8077200055122375 0.9136274456977844 
vt 0.8344197273254395 0.8969600200653076 
vt 0.8328701853752136 0.85212242603302 
vt 0.8692246675491333 0.7649120688438416 
vt 0.8747076392173767 0.744723379611969 
vt 0.8567091822624207 0.7374460697174072 
vt 0.8501534461975098 0.7572826147079468 
vt 0.8114150762557983 0.849892258644104 
vt 0.9105852842330933 0.5187745690345764 
vt 0.9318020343780518 0.5225306153297424 
vt 0.9122540354728699 0.49612098932266235 
vt 0.9345434904098511 0.4984685182571411 
vt 0.9296565055847168 0.4098496437072754 
vt 0.9160682559013367 0.41067126393318176 
vt 0.8907989263534546 0.49330398440361023 
vt 0.903552770614624 0.41067126393318176 
vt 0.8685094714164734 0.4913085699081421 
vt 0.8913949131965637 0.4098496437072754 
vt 0.8897261619567871 0.5183050632476807 
vt 0.8689862489700317 0.5195962190628052 
vt 0.9718515276908875 0.9298253059387207 
vt 0.9713747501373291 0.9085802435874939 
vt 0.9459862112998962 0.9291210770606995 
vt 0.9441983103752136 0.9065848588943481 
vt 0.8601658344268799 0.9142143130302429 
vt 0.8612385988235474 0.9277125597000122 
vt 0.9472973942756653 0.9511877298355103 
vt 0.8611193895339966 0.9400370121002197 
vt 0.9464629888534546 0.9733718037605286 
vt 0.8601658344268799 0.9521267414093018 
vt 0.9712555408477783 0.9502487182617188 
vt 0.969944417476654 0.9703200459480286 
vt 0.1689540147781372 0.8678507804870605 
vt 0.16668930649757385 0.8447276949882507 
vt 0.14809489250183105 0.8682029247283936 
vt 0.14451904594898224 0.8473100066184998 
vt 0.1514323502779007 0.7448407411575317 
vt 0.1310500055551529 0.7446060180664062 
vt 0.12795093655586243 0.7293471097946167 
vt 0.1513131558895111 0.7334553003311157 
vt 0.13498343527317047 0.7201917767524719 
vt 0.17813202738761902 0.7522354125976562 
vt 0.18731003999710083 0.8432018160820007 
vt 0.18921716511249542 0.8682029247283936 
vt 0.2090035378932953 0.8689071536064148 
vt 0.20769238471984863 0.843436598777771 
vt 0.2090035378932953 0.7456623911857605 
vt 0.17050355672836304 0.7286428809165955 
vt 0.14642615616321564 0.7231261730194092 
vt 0.15858404338359833 0.7039939165115356 
vt 0.1346258521080017 0.6927257776260376 
vt 0.1680004596710205 0.6877959966659546 
vt 0.13855929672718048 0.6746498942375183 
vt 0.1921970397233963 0.7184311151504517 
vt 0.9848437905311584 0.05478724092245102 
vt 0.9865125417709351 0.06441207230091095 
vt 0.9723283052444458 0.05678263306617737 
vt 0.9734010696411133 0.06629008799791336 
vt 0.9307292699813843 0.06652484089136124 
vt 0.931682825088501 0.057017382234334946 
vt 0.9207168817520142 0.06476420164108276 
vt 0.9221472144126892 0.055021993815898895 
vt 0.9365698099136353 0.016053160652518272 
vt 0.928106963634491 0.012766632251441479 
vt 0.9784072637557983 0.012766632251441479 
vt 0.9682756662368774 0.015935784205794334 
vt 0.9296565055847168 0.07603229582309723 
vt 0.9192865490913391 0.0743890330195427 
vt 0.9250078797340393 0.09657309949398041 
vt 0.9408608078956604 0.09856849163770676 
vt 0.929537296295166 0.12086992710828781 
vt 0.9457478523254395 0.12239581346511841 
vt 0.9657725691795349 0.09833373874425888 
vt 0.9642230272293091 0.12204369157552719 
vt 0.9825791120529175 0.09610359370708466 
vt 0.9883004426956177 0.07391952723264694 
vt 0.9745930433273315 0.07603229582309723 
vt 0.7717231512069702 0.8834617733955383 
vt 0.7590884566307068 0.8824054002761841 
vt 0.7726767063140869 0.8934387564659119 
vt 0.7596844434738159 0.8923823833465576 
vt 0.7188005447387695 0.8922650218009949 
vt 0.7193965315818787 0.8822880387306213 
vt 0.7083113789558411 0.8934387564659119 
vt 0.7093841433525085 0.8832270503044128 
vt 0.7244027256965637 0.8387415409088135 
vt 0.7154631018638611 0.840854287147522 
vt 0.7667169570922852 0.840854287147522 
vt 0.7562277913093567 0.838506817817688 
vt 0.718442976474762 0.9020072221755981 
vt 0.7083113789558411 0.9040026068687439 
vt 0.7105761170387268 0.9272430539131165 
vt 0.7265482544898987 0.9252476692199707 
vt 0.712721586227417 0.9524788856506348 
vt 0.7296472787857056 0.950483500957489 
vt 0.7520559430122375 0.925130307674408 
vt 0.7488377094268799 0.950835645198822 
vt 0.769815981388092 0.9268909096717834 
vt 0.7657634019851685 0.9524788856506348 
vt 0.7009212970733643 0.9241912961006165 
vt 0.6897169947624207 0.934989869594574 
vt 0.6839956045150757 0.9064674973487854 
vt 0.6770823001861572 0.9131579399108887 
vt 0.773272693157196 0.9035331010818481 
vt 0.7600420117378235 0.9021245837211609 
vt 0.02246336080133915 0.6126753687858582 
vt 0.03879307582974434 0.6139665246009827 
vt 0.0178147554397583 0.6636165380477905 
vt 0.036885954439640045 0.6622080206871033 
vt 0.01245098002254963 0.7217176556587219 
vt 0.03474044427275658 0.7173747420310974 
vt 0.015073269605636597 0.7690201997756958 
vt 0.0345020554959774 0.7723067402839661 
vt 0.01245098002254963 0.8083411455154419 
vt 0.03319090977311134 0.8147968649864197 
vt 0.051904525607824326 0.6137317419052124 
vt 0.05416923016309738 0.6610342860221863 
vt 0.05667232349514961 0.7150272130966187 
vt 0.055718764662742615 0.7739499807357788 
vt 0.05261969566345215 0.8166748285293579 
vt 0.07240606844425201 0.8126840591430664 
vt 0.07669708132743835 0.7732457518577576 
vt 0.09612587094306946 0.7713677287101746 
vt 0.10148964822292328 0.7196049094200134 
vt 0.07884259521961212 0.7160836458206177 
vt 0.07181008905172348 0.6605647802352905 
vt 0.06573114544153214 0.6120885014533997 
vt 0.09421875327825546 0.8071674108505249 
vt 0.081822469830513 0.6096236109733582 
vt 0.09100048243999481 0.6609169244766235 
vt 0.5232015252113342 0.0802578330039978 
vt 0.5261814594268799 0.06441207230091095 
vt 0.5756473541259766 0.09093904495239258 
vt 0.5798192024230957 0.07215888798236847 
vt 0.6354832649230957 0.10302877426147461 
vt 0.6410853862762451 0.08084471523761749 
vt 0.6897169947624207 0.09950749576091766 
vt 0.6874522566795349 0.07967095077037811 
vt 0.7275018095970154 0.10302877426147461 
vt 0.7248795032501221 0.07955357432365417 
vt 0.5280885696411133 0.04915319383144379 
vt 0.5823222994804382 0.05431773513555527 
vt 0.6443036794662476 0.060303911566734314 
vt 0.6868562698364258 0.05877802520990372 
vt 0.7253562808036804 0.058308519423007965 
vt 0.7280977368354797 0.03671133518218994 
vt 0.688048243522644 0.038354601711034775 
vt 0.690312922000885 0.019104935228824615 
vt 0.6414430141448975 0.016405288130044937 
vt 0.6444228887557983 0.03917623311281204 
vt 0.5827990770339966 0.03624183312058449 
vt 0.5289229154586792 0.03365955874323845 
vt 0.731554388999939 0.012884007766842842 
vt 0.5291613340377808 0.01746167242527008 
vt 0.5814878940582275 0.016992168501019478 
vt 0.7581349015235901 0.24129770696163177 
vt 0.7409707903862 0.23812855780124664 
vt 0.7702928185462952 0.1755671501159668 
vt 0.7327463626861572 0.2324945032596588 
vt 0.7105761170387268 0.1915302872657776 
vt 0.7362030148506165 0.17427600920200348 
vt 0.6837572455406189 0.15115293860435486 
vt 0.7263098359107971 0.13366390764713287 
vt 0.7699351906776428 0.12462595850229263 
vt 0.7316735982894897 0.24927927553653717 
vt 0.6874522566795349 0.24634487926959991 
vt 0.6819692850112915 0.21171894669532776 
vt 0.6465683579444885 0.19657744467258453 
vt 0.6400126814842224 0.2543264329433441 
vt 0.6956767439842224 0.2844920754432678 
vt 0.7319120168685913 0.2731066048145294 
vt 0.7322695851325989 0.3023332357406616 
vt 0.74812251329422 0.2884828448295593 
vt 0.7629026770591736 0.2864874601364136 
vt 0.7702928185462952 0.3228740096092224 
vt 0.7291705012321472 0.31864848732948303 
vt 0.7509831786155701 0.3386023938655853 
vt 0.7580156922340393 0.36571627855300903 
vt 0.6644476056098938 0.30726301670074463 
vt 0.6707649827003479 0.3158314526081085 
vt 0.7012788653373718 0.30914103984832764 
vt 0.2311737984418869 0.412079781293869 
vt 0.2469075471162796 0.4065631031990051 
vt 0.24809949100017548 0.40057694911956787 
vt 0.2601381838321686 0.3957645297050476 
vt 0.2601381838321686 0.40538933873176575 
vt 0.2805205285549164 0.39740777015686035 
vt 0.28063973784446716 0.412079781293869 
vt 0.4501350224018097 0.6066892147064209 
vt 0.4447712302207947 0.6275821328163147 
vt 0.45323407649993896 0.6198353171348572 
vt 0.456809937953949 0.6396718621253967 
vt 0.4447712302207947 0.64788818359375 
vt 0.3140143156051636 0.19786858558654785 
vt 0.32259637117385864 0.21488811075687408 
vt 0.33749574422836304 0.19563843309879303 
vt 0.34214434027671814 0.21477073431015015 
vt 0.32545703649520874 0.23296400904655457 
vt 0.3433363139629364 0.23296400904655457 
vt 0.34214434027671814 0.25103992223739624 
vt 0.32259637117385864 0.2509225308895111 
vt 0.33749574422836304 0.27017220854759216 
vt 0.3140143156051636 0.2680594325065613 
vt 0.7004445195198059 0.5461231470108032 
vt 0.7168934345245361 0.5478838086128235 
vt 0.6985374093055725 0.5310990214347839 
vt 0.7155823111534119 0.5289862751960754 
vt 0.7334615588188171 0.5508182048797607 
vt 0.7329847812652588 0.5279299020767212 
vt 0.7524135112762451 0.5509355664253235 
vt 0.7520559430122375 0.5279299020767212 
vt 0.9427679777145386 0.20596753060817719 
vt 0.9279877543449402 0.20408950746059418 
vt 0.9455094337463379 0.18718737363815308 
vt 0.9297757148742676 0.18566147983074188 
vt 0.9464629888534546 0.16993309557437897 
vt 0.9266766309738159 0.16934621334075928 
vt 0.9464629888534546 0.1527961939573288 
vt 0.9235775470733643 0.15291357040405273 
vt 0.4508501887321472 0.46689438819885254 
vt 0.4435792863368988 0.4747585654258728 
vt 0.4508501887321472 0.4350854754447937 
vt 0.4435792863368988 0.4295687973499298 
vt 0.436189204454422 0.46912452578544617 
vt 0.436189204454422 0.43743300437927246 
vt 0.6093795299530029 0.3956471383571625 
vt 0.612121045589447 0.37768861651420593 
vt 0.5786272287368774 0.3956471383571625 
vt 0.58470618724823 0.38109251856803894 
vt 0.593407392501831 0.35902583599090576 
vt 0.5831566452980042 0.36512938141822815 
vt 0.5646814107894897 0.3769843578338623 
vt 0.5607479810714722 0.3701765537261963 
vt 0.5537154674530029 0.37522372603416443 
vt 0.5590792298316956 0.3822662830352783 
vt 0.8807865381240845 0.02192196063697338 
vt 0.8787602186203003 0.013118759728968143 
vt 0.8581395149230957 0.0296687763184309 
vt 0.8546828627586365 0.015348903834819794 
vt 0.8482463359832764 0.029903527349233627 
vt 0.8439552783966064 0.013118759728968143 
vt 0.6793469786643982 0.7966035604476929 
vt 0.6769630908966064 0.8126840591430664 
vt 0.6867371201515198 0.7978947162628174 
vt 0.6838763952255249 0.8135057091712952 
vt 0.6752943992614746 0.826417088508606 
vt 0.6819692850112915 0.8267691731452942 
vt 0.675055980682373 0.8395631909370422 
vt 0.6818500757217407 0.839328408241272 
vt 0.6762479543685913 0.8559958338737488 
vt 0.6835188269615173 0.8552915453910828 
vt 0.24845707416534424 0.7746542692184448 
vt 0.24094779789447784 0.7746542692184448 
vt 0.24821868538856506 0.7585737109184265 
vt 0.24059021472930908 0.7589258551597595 
vt 0.24738432466983795 0.7430800795555115 
vt 0.2396366447210312 0.7437843680381775 
vt 0.24547719955444336 0.727703869342804 
vt 0.23784872889518738 0.7287602424621582 
vt 0.24261651933193207 0.7118580937385559 
vt 0.23510724306106567 0.7133839726448059 
vt 0.7255946397781372 0.4114929139614105 
vt 0.7254754900932312 0.4449450671672821 
vt 0.7210652828216553 0.3925953805446625 
vt 0.7178469896316528 0.42792555689811707 
vt 0.7052122950553894 0.3821488916873932 
vt 0.7043779492378235 0.41900497674942017 
vt 0.6839956045150757 0.38754820823669434 
vt 0.6893593668937683 0.42358264327049255 
vt 0.6751751899719238 0.4049198627471924 
vt 0.7254754900932312 0.47886672616004944 
vt 0.7179661989212036 0.46102556586265564 
vt 0.7016364932060242 0.47734084725379944 
vt 0.7043779492378235 0.45222237706184387 
vt 0.7166550159454346 0.49612098932266235 
vt 0.6987757682800293 0.5016376972198486 
vt 0.6797046065330505 0.49119120836257935 
vt 0.6751751899719238 0.4725284278392792 
vt 0.6893593668937683 0.45680004358291626 
vt 0.6751751899719238 0.43895888328552246 
vt 0.06871102005243301 0.5549263954162598 
vt 0.013642930425703526 0.56431645154953 
vt 0.06680390238761902 0.5393153429031372 
vt 0.012689369730651379 0.5451841950416565 
vt 0.06680390238761902 0.5242912173271179 
vt 0.01280856505036354 0.5235869884490967 
vt 0.06728067994117737 0.5096192359924316 
vt 0.013166150078177452 0.5049241781234741 
vt 0.06871102005243301 0.4941256046295166 
vt 0.014119709841907024 0.4855571687221527 
vt 0.45144617557525635 0.8892132043838501 
vt 0.46634554862976074 0.9356940984725952 
vt 0.4342820942401886 0.8882741928100586 
vt 0.4342820942401886 0.9218437671661377 
vt 0.4897077679634094 0.958465039730072 
vt 0.4345204830169678 0.9558827877044678 
vt 0.8772106766700745 0.5489401817321777 
vt 0.8646952509880066 0.5583302974700928 
vt 0.8769723176956177 0.5808664560317993 
vt 0.8656488060951233 0.5890827775001526 
vt 0.865291178226471 0.6322771310806274 
vt 0.855040431022644 0.644484281539917 
vt 0.8778066635131836 0.6447190046310425 
vt 0.86302649974823 0.658099889755249 
vt 0.8415713906288147 0.6485924124717712 
vt 0.8444320559501648 0.6643208265304565 
vt 0.8286983370780945 0.6443668603897095 
vt 0.8219042420387268 0.6591562628746033 
vt 0.8188051581382751 0.632042407989502 
vt 0.8059321045875549 0.6451885104179382 
vt 0.8522989749908447 0.562438428401947 
vt 0.8494382500648499 0.5920171737670898 
vt 0.8403794765472412 0.5589171648025513 
vt 0.8338237404823303 0.5883785486221313 
vt 0.8216658234596252 0.5795753598213196 
vt 0.827625572681427 0.5489401817321777 
vt 0.421409010887146 0.01264925580471754 
vt 0.42283937335014343 0.0296687763184309 
vt 0.4554987847805023 0.01264925580471754 
vt 0.471232533454895 0.045397158712148666 
vt 0.4889926016330719 0.01300138421356678 
vt 0.4926876425743103 0.06863760948181152 
vt 0.24190135300159454 0.011944999918341637 
vt 0.21949268877506256 0.013118759728968143 
vt 0.23880228400230408 0.03530282527208328 
vt 0.22056545317173004 0.04117162525653839 
vt 0.20018310844898224 0.015114151872694492 
vt 0.20018310844898224 0.04328439384698868 
vt 0.17980076372623444 0.04117162525653839 
vt 0.18075431883335114 0.013118759728968143 
vt 0.1615639179944992 0.03530282527208328 
vt 0.15846484899520874 0.011944999918341637 
vt 0.4401226341724396 0.8020028471946716 
vt 0.4251040816307068 0.8000074625015259 
vt 0.4417913556098938 0.8184354901313782 
vt 0.4229585528373718 0.8170269727706909 
vt 0.4447712302207947 0.8349854946136475 
vt 0.42188581824302673 0.8345159888267517 
vt 0.44489043951034546 0.8538830280303955 
vt 0.42188581824302673 0.85364830493927 
vt 0.2637140452861786 0.06570320576429367 
vt 0.2865994870662689 0.06570320576429367 
vt 0.26681309938430786 0.04915319383144379 
vt 0.2865994870662689 0.048683688044548035 
vt 0.2699121832847595 0.03283792734146118 
vt 0.2856459319591522 0.031312040984630585 
vt 0.2681242525577545 0.014527272433042526 
vt 0.2829044461250305 0.012531880289316177 
vt 0.6464492082595825 0.34670135378837585 
vt 0.6385822892189026 0.3539786636829376 
vt 0.6782742738723755 0.34670135378837585 
vt 0.6837572455406189 0.3539786636829376 
vt 0.6441844701766968 0.3612559735774994 
vt 0.675890326499939 0.3612559735774994 
vt 0.5105668902397156 0.749653160572052 
vt 0.4926876425743103 0.7524701952934265 
vt 0.5105668902397156 0.7189006209373474 
vt 0.49602508544921875 0.7251215577125549 
vt 0.497217059135437 0.6994162201881409 
vt 0.4919724762439728 0.7050502896308899 
vt 0.4901845455169678 0.6941342949867249 
vt 0.48505914211273193 0.7010595202445984 
vt 0.48005297780036926 0.7234783172607422 
vt 0.4739740192890167 0.733807384967804 
vt 0.8251224756240845 0.9733718037605286 
vt 0.8163020610809326 0.9712590575218201 
vt 0.8328701853752136 0.9507182240486145 
vt 0.8185667395591736 0.9473143219947815 
vt 0.8329893350601196 0.9408586621284485 
vt 0.8163020610809326 0.936515748500824 
vt 0.023059334605932236 0.6053980588912964 
vt 0.039031464606523514 0.6070412993431091 
vt 0.02246336080133915 0.6126753687858582 
vt 0.03879307582974434 0.6139665246009827 
vt 0.05166613683104515 0.6069239377975464 
vt 0.051904525607824326 0.6137317419052124 
vt 0.06489677727222443 0.6051632761955261 
vt 0.06573114544153214 0.6120885014533997 
vt 0.08051132410764694 0.6022288799285889 
vt 0.081822469830513 0.6096236109733582 
vt 0.5156922936439514 0.0787319466471672 
vt 0.5232015252113342 0.0802578330039978 
vt 0.5184337496757507 0.06335568428039551 
vt 0.5261814594268799 0.06441207230091095 
vt 0.5203408598899841 0.04833155870437622 
vt 0.5280885696411133 0.04915319383144379 
vt 0.5212944149971008 0.033307433128356934 
vt 0.5289229154586792 0.03365955874323845 
vt 0.5216520428657532 0.01757904887199402 
vt 0.5291613340377808 0.01746167242527008 
vt 0.012331784702837467 0.1875395029783249 
vt 0.012331784702837467 0.22099165618419647 
vt 0.016742000356316566 0.1687593311071396 
vt 0.01996026560664177 0.20397213101387024 
vt 0.032714128494262695 0.15819549560546875 
vt 0.033548496663570404 0.19505156576633453 
vt 0.05381164327263832 0.1635947972536087 
vt 0.01245098002254963 0.254913330078125 
vt 0.01996026560664177 0.23718954622745514 
vt 0.03628997877240181 0.25350481271743774 
vt 0.03342929854989052 0.22826896607875824 
vt 0.06275127083063126 0.24869239330291748 
vt 0.058221861720085144 0.26735517382621765 
vt 0.0391506589949131 0.2776842713356018 
vt 0.02127140946686268 0.27228495478630066 
vt 0.048567064106464386 0.19962921738624573 
vt 0.0484478697180748 0.23284663259983063 
vt 0.06275127083063126 0.21500548720359802 
vt 0.06275127083063126 0.18096643686294556 
vt 0.2135329395532608 0.9599909782409668 
vt 0.20495089888572693 0.9054111242294312 
vt 0.1941041648387909 0.9609299302101135 
vt 0.189336359500885 0.9069370031356812 
vt 0.1755097359418869 0.9612820744514465 
vt 0.17479456961154938 0.9072891473770142 
vt 0.15381625294685364 0.9613994359970093 
vt 0.1597760021686554 0.9072891473770142 
vt 0.1347450464963913 0.9604604840278625 
vt 0.14416144788265228 0.9054111242294312 
vt 0.8862695097923279 0.7037591338157654 
vt 0.9327555894851685 0.7186658978462219 
vt 0.8853159546852112 0.6866222620010376 
vt 0.9189289808273315 0.6866222620010376 
vt 0.9554026126861572 0.7420237064361572 
vt 0.9528995156288147 0.6867396235466003 
vt 0.7999723553657532 0.2192310094833374 
vt 0.80021071434021 0.24211934208869934 
vt 0.7865033149719238 0.23402039706707 
vt 0.7961580753326416 0.25538283586502075 
vt 0.8526565432548523 0.24763600528240204 
vt 0.8556364178657532 0.23143811523914337 
vt 0.8822168707847595 0.24470160901546478 
vt 0.8863887190818787 0.23237712681293488 
vt 0.8638608455657959 0.2201700210571289 
vt 0.8956859111785889 0.2198178917169571 
vt 0.812368631362915 0.23179024457931519 
vt 0.8857927322387695 0.2566739618778229 
vt 0.8563515543937683 0.263247013092041 
vt 0.8003299236297607 0.2684115469455719 
vt 0.7803051471710205 0.25256580114364624 
vt 0.7855497598648071 0.2752193808555603 
vt 0.8126069903373718 0.2782711386680603 
vt 0.7994955778121948 0.29106512665748596 
vt 0.8956859111785889 0.26946794986724854 
vt 0.8651720285415649 0.2754541337490082 
vt 0.5557417869567871 0.7494184374809265 
vt 0.589831531047821 0.7494184374809265 
vt 0.5571721196174622 0.7325162887573242 
vt 0.6056845188140869 0.7166705131530762 
vt 0.6233253479003906 0.7491836547851562 
vt 0.6270204186439514 0.6934300661087036 
vt 0.9488468766212463 0.836276650428772 
vt 0.9704211950302124 0.8349854946136475 
vt 0.9378809332847595 0.8535309433937073 
vt 0.9704211950302124 0.8632731437683105 
vt 0.9439598917961121 0.8730153441429138 
vt 0.9559985995292664 0.8778277635574341 
vt 0.9458670020103455 0.8092801570892334 
vt 0.9349010586738586 0.7921432852745056 
vt 0.9674413204193115 0.8106886744499207 
vt 0.9674413204193115 0.7822836637496948 
vt 0.9409800171852112 0.7725414633750916 
vt 0.9530187249183655 0.7677290439605713 
s on 
f 1/1/1 2/2/2 3/3/3 
f 2/2/2 4/4/4 3/3/3 
f 3/3/3 4/4/4 5/5/5 
f 4/4/4 4/4/4 5/5/5 
f 5/5/5 4/4/4 6/6/6 
f 4/4/4 4/4/4 6/6/6 
f 6/6/6 4/4/4 7/7/7 
f 4/4/4 2/2/2 7/7/7 
f 7/7/7 2/2/2 2/2/2 
f 2/2/2 3/3/3 2/2/2 
f 2/2/2 3/3/3 3/3/3 
f 3/3/3 5/5/5 3/3/3 
f 3/3/3 5/5/5 8/8/8 
f 5/5/5 9/9/9 8/8/8 
f 8/8/8 9/9/9 10/10/10 
f 9/9/9 11/11/11 10/10/10 
f 10/10/10 11/11/11 12/12/12 
f 11/11/11 13/13/13 12/12/12 
f 12/12/12 13/13/13 14/14/14 
f 13/13/13 13/13/13 14/14/14 
f 14/14/14 13/13/13 15/15/15 
f 13/13/13 13/13/13 15/15/15 
f 15/15/15 13/13/13 16/16/16 
f 13/13/13 13/13/13 16/16/16 
f 16/16/16 13/13/13 17/17/17 
f 13/13/13 18/18/18 17/17/17 
f 17/17/17 18/18/18 19/19/19 
f 18/18/18 19/19/19 19/19/19 
f 19/19/19 19/19/19 13/13/13 
f 19/19/19 13/13/13 13/13/13 
f 13/13/13 13/13/13 18/18/18 
f 13/13/13 11/11/11 18/18/18 
f 18/18/18 11/11/11 20/20/20 
f 11/11/11 9/9/9 20/20/20 
f 20/20/20 9/9/9 21/21/21 
f 9/9/9 5/5/5 21/21/21 
f 21/21/21 5/5/5 22/22/22 
f 5/5/5 6/6/6 22/22/22 
f 22/22/22 6/6/6 23/23/23 
f 6/6/6 6/6/6 23/23/23 
f 23/23/23 6/6/6 24/24/24 
f 6/6/6 7/7/7 24/24/24 
f 24/24/24 7/7/7 25/25/25 
f 7/7/7 26/26/26 25/25/25 
f 25/25/25 26/26/26 27/27/27 
f 26/26/26 28/28/28 27/27/27 
f 27/27/27 28/28/28 27/27/27 
f 28/28/28 29/29/29 27/27/27 
f 27/27/27 29/29/29 30/30/30 
f 29/29/29 31/31/31 30/30/30 
f 30/30/30 31/31/31 32/32/32 
f 31/31/31 33/33/33 32/32/32 
f 32/32/32 33/33/33 34/34/34 
f 33/33/33 35/35/35 34/34/34 
f 34/34/34 35/35/35 34/34/34 
f 35/35/35 36/36/36 34/34/34 
f 34/34/34 36/36/36 34/34/34 
f 36/36/36 37/37/37 34/34/34 
f 34/34/34 37/37/37 34/34/34 
f 37/37/37 38/38/38 34/34/34 
f 34/34/34 38/38/38 39/39/39 
f 38/38/38 40/40/40 39/39/39 
f 39/39/39 40/40/40 40/40/40 
f 40/40/40 7/7/7 40/40/40 
f 40/40/40 7/7/7 7/7/7 
f 7/7/7 2/2/2 7/7/7 
f 7/7/7 2/2/2 26/26/26 
f 2/2/2 2/2/2 26/26/26 
f 26/26/26 2/2/2 28/28/28 
f 2/2/2 1/1/1 28/28/28 
f 28/28/28 1/1/1 1/1/1 
f 1/1/1 34/34/34 1/1/1 
f 1/1/1 34/34/34 34/34/34 
f 34/34/34 39/39/39 34/34/34 
f 34/34/34 39/39/39 32/32/32 
f 39/39/39 41/41/41 32/32/32 
f 32/32/32 41/41/41 30/30/30 
f 41/41/41 42/42/42 30/30/30 
f 30/30/30 42/42/42 27/27/27 
f 42/42/42 43/43/43 27/27/27 
f 27/27/27 43/43/43 25/25/25 
f 43/43/43 44/44/44 25/25/25 
f 25/25/25 44/44/44 24/24/24 
f 44/44/44 24/24/24 24/24/24 
f 24/24/24 24/24/24 39/39/39 
f 24/24/24 39/39/39 39/39/39 
f 39/39/39 39/39/39 41/41/41 
f 39/39/39 45/45/45 41/41/41 
f 41/41/41 45/45/45 41/41/41 
f 45/45/45 46/46/46 41/41/41 
f 41/41/41 46/46/46 42/42/42 
f 46/46/46 47/47/47 42/42/42 
f 42/42/42 47/47/47 43/43/43 
f 47/47/47 48/48/48 43/43/43 
f 43/43/43 48/48/48 44/44/44 
f 48/48/48 44/44/44 44/44/44 
f 44/44/44 44/44/44 39/39/39 
f 44/44/44 39/39/39 39/39/39 
f 39/39/39 39/39/39 45/45/45 
f 39/39/39 40/40/40 45/45/45 
f 45/45/45 40/40/40 45/45/45 
f 40/40/40 49/49/49 45/45/45 
f 45/45/45 49/49/49 45/45/45 
f 49/49/49 50/50/50 45/45/45 
f 45/45/45 50/50/50 46/46/46 
f 50/50/50 51/51/51 46/46/46 
f 46/46/46 51/51/51 47/47/47 
f 51/51/51 52/52/52 47/47/47 
f 47/47/47 52/52/52 48/48/48 
f 52/52/52 53/53/53 48/48/48 
f 48/48/48 53/53/53 44/44/44 
f 53/53/53 54/54/54 44/44/44 
f 44/44/44 54/54/54 44/44/44 
f 54/54/54 55/55/55 44/44/44 
f 44/44/44 55/55/55 44/44/44 
f 55/55/55 56/56/56 44/44/44 
f 44/44/44 56/56/56 24/24/24 
f 56/56/56 57/57/57 24/24/24 
f 24/24/24 57/57/57 24/24/24 
f 57/57/57 58/58/58 24/24/24 
f 24/24/24 58/58/58 23/23/23 
f 58/58/58 59/59/59 23/23/23 
f 23/23/23 59/59/59 23/23/23 
f 59/59/59 60/60/60 23/23/23 
f 23/23/23 60/60/60 23/23/23 
f 60/60/60 61/61/61 23/23/23 
f 23/23/23 61/61/61 62/62/62 
f 61/61/61 63/63/63 62/62/62 
f 62/62/62 63/63/63 64/64/64 
f 63/63/63 65/65/65 64/64/64 
f 64/64/64 65/65/65 66/66/66 
f 65/65/65 67/67/67 66/66/66 
f 66/66/66 67/67/67 68/68/68 
f 67/67/67 69/69/69 68/68/68 
f 68/68/68 69/69/69 68/68/68 
f 69/69/69 19/19/19 68/68/68 
f 68/68/68 19/19/19 68/68/68 
f 19/19/19 18/18/18 68/68/68 
f 68/68/68 18/18/18 68/68/68 
f 18/18/18 20/20/20 68/68/68 
f 68/68/68 20/20/20 66/66/66 
f 20/20/20 21/21/21 66/66/66 
f 66/66/66 21/21/21 64/64/64 
f 21/21/21 22/22/22 64/64/64 
f 64/64/64 22/22/22 62/62/62 
f 22/22/22 23/23/23 62/62/62 
f 62/62/62 23/23/23 23/23/23 
f 23/23/23 70/70/70 23/23/23 
f 23/23/23 70/70/70 70/70/70 
f 70/70/70 71/71/71 70/70/70 
f 70/70/70 71/71/71 72/72/72 
f 71/71/71 71/71/71 72/72/72 
f 72/72/72 71/71/71 73/73/73 
f 71/71/71 71/71/71 73/73/73 
f 73/73/73 71/71/71 74/74/74 
f 71/71/71 75/75/75 74/74/74 
f 74/74/74 75/75/75 76/76/76 
f 75/75/75 77/77/77 76/76/76 
f 76/76/76 77/77/77 78/78/78 
f 77/77/77 79/79/79 78/78/78 
f 78/78/78 79/79/79 80/80/80 
f 79/79/79 81/81/81 80/80/80 
f 80/80/80 81/81/81 80/80/80 
f 81/81/81 82/82/82 80/80/80 
f 80/80/80 82/82/82 83/83/83 
f 82/82/82 84/84/84 83/83/83 
f 83/83/83 84/84/84 84/84/84 
f 84/84/84 83/83/83 84/84/84 
f 84/84/84 83/83/83 83/83/83 
f 83/83/83 85/85/85 83/83/83 
f 83/83/83 85/85/85 80/80/80 
f 85/85/85 85/85/85 80/80/80 
f 80/80/80 85/85/85 78/78/78 
f 85/85/85 85/85/85 78/78/78 
f 78/78/78 85/85/85 76/76/76 
f 85/85/85 86/86/86 76/76/76 
f 76/76/76 86/86/86 74/74/74 
f 86/86/86 74/74/74 74/74/74 
f 74/74/74 74/74/74 86/86/86 
f 74/74/74 86/86/86 86/86/86 
f 86/86/86 86/86/86 87/87/87 
f 86/86/86 85/85/85 87/87/87 
f 87/87/87 85/85/85 87/87/87 
f 85/85/85 83/83/83 87/87/87 
f 87/87/87 83/83/83 87/87/87 
f 83/83/83 84/84/84 87/87/87 
f 87/87/87 84/84/84 87/87/87 
f 84/84/84 88/88/88 87/87/87 
f 87/87/87 88/88/88 89/89/89 
f 88/88/88 90/90/90 89/89/89 
f 89/89/89 90/90/90 90/90/90 
f 90/90/90 87/87/87 90/90/90 
f 90/90/90 87/87/87 87/87/87 
f 87/87/87 89/89/89 87/87/87 
f 87/87/87 89/89/89 86/86/86 
f 89/89/89 91/91/91 86/86/86 
f 86/86/86 91/91/91 74/74/74 
f 91/91/91 91/91/91 74/74/74 
f 74/74/74 91/91/91 73/73/73 
f 91/91/91 92/92/92 73/73/73 
f 73/73/73 92/92/92 73/73/73 
f 92/92/92 93/93/93 73/73/73 
f 73/73/73 93/93/93 72/72/72 
f 93/93/93 93/93/93 72/72/72 
f 72/72/72 93/93/93 94/94/94 
f 93/93/93 95/95/95 94/94/94 
f 94/94/94 95/95/95 96/96/96 
f 95/95/95 95/95/95 96/96/96 
f 96/96/96 95/95/95 97/97/97 
f 95/95/95 95/95/95 97/97/97 
f 97/97/97 95/95/95 98/98/98 
f 95/95/95 99/99/99 98/98/98 
f 98/98/98 99/99/99 100/100/100 
f 99/99/99 99/99/99 100/100/100 
f 100/100/100 99/99/99 101/101/101 
f 99/99/99 102/102/102 101/101/101 
f 101/101/101 102/102/102 103/103/103 
f 102/102/102 102/102/102 103/103/103 
f 103/103/103 102/102/102 104/104/104 
f 102/102/102 102/102/102 104/104/104 
f 104/104/104 102/102/102 105/105/105 
f 102/102/102 106/106/106 105/105/105 
f 105/105/105 106/106/106 107/107/107 
f 106/106/106 106/106/106 107/107/107 
f 107/107/107 106/106/106 108/108/108 
f 106/106/106 92/92/92 108/108/108 
f 108/108/108 92/92/92 108/108/108 
f 92/92/92 91/91/91 108/108/108 
f 108/108/108 91/91/91 108/108/108 
f 91/91/91 89/89/89 108/108/108 
f 108/108/108 89/89/89 108/108/108 
f 89/89/89 90/90/90 108/108/108 
f 108/108/108 90/90/90 107/107/107 
f 90/90/90 109/109/109 107/107/107 
f 107/107/107 109/109/109 109/109/109 
f 109/109/109 95/95/95 109/109/109 
f 109/109/109 95/95/95 95/95/95 
f 95/95/95 93/93/93 95/95/95 
f 95/95/95 93/93/93 99/99/99 
f 93/93/93 92/92/92 99/99/99 
f 99/99/99 92/92/92 99/99/99 
f 92/92/92 106/106/106 99/99/99 
f 99/99/99 106/106/106 102/102/102 
f 106/106/106 102/102/102 102/102/102 
f 102/102/102 102/102/102 110/110/110 
f 102/102/102 110/110/110 110/110/110 
f 110/110/110 110/110/110 111/111/111 
f 110/110/110 112/112/112 111/111/111 
f 111/111/111 112/112/112 113/113/113 
f 112/112/112 114/114/114 113/113/113 
f 113/113/113 114/114/114 115/115/115 
f 114/114/114 114/114/114 115/115/115 
f 115/115/115 114/114/114 116/116/116 
f 114/114/114 117/117/117 116/116/116 
f 116/116/116 117/117/117 118/118/118 
f 117/117/117 119/119/119 118/118/118 
f 118/118/118 119/119/119 119/119/119 
f 119/119/119 120/120/120 119/119/119 
f 119/119/119 120/120/120 120/120/120 
f 120/120/120 121/121/121 120/120/120 
f 120/120/120 121/121/121 122/122/122 
f 121/121/121 123/123/123 122/122/122 
f 122/122/122 123/123/123 124/124/124 
f 123/123/123 111/111/111 124/124/124 
f 124/124/124 111/111/111 113/113/113 
f 111/111/111 113/113/113 113/113/113 
f 113/113/113 113/113/113 116/116/116 
f 113/113/113 116/116/116 116/116/116 
f 116/116/116 116/116/116 125/125/125 
f 116/116/116 118/118/118 125/125/125 
f 125/125/125 118/118/118 125/125/125 
f 118/118/118 126/126/126 125/125/125 
f 125/125/125 126/126/126 127/127/127 
f 126/126/126 128/128/128 127/127/127 
f 127/127/127 128/128/128 127/127/127 
f 128/128/128 129/129/129 127/127/127 
f 127/127/127 129/129/129 130/130/130 
f 129/129/129 129/129/129 130/130/130 
f 130/130/130 129/129/129 131/131/131 
f 129/129/129 132/132/132 131/131/131 
f 131/131/131 132/132/132 133/133/133 
f 132/132/132 134/134/134 133/133/133 
f 133/133/133 134/134/134 135/135/135 
f 134/134/134 134/134/134 135/135/135 
f 135/135/135 134/134/134 136/136/136 
f 134/134/134 134/134/134 136/136/136 
f 136/136/136 134/134/134 137/137/137 
f 134/134/134 138/138/138 137/137/137 
f 137/137/137 138/138/138 138/138/138 
f 138/138/138 135/135/135 138/138/138 
f 138/138/138 135/135/135 135/135/135 
f 135/135/135 139/139/139 135/135/135 
f 135/135/135 139/139/139 133/133/133 
f 139/139/139 140/140/140 133/133/133 
f 133/133/133 140/140/140 131/131/131 
f 140/140/140 141/141/141 131/131/131 
f 131/131/131 141/141/141 130/130/130 
f 141/141/141 142/142/142 130/130/130 
f 130/130/130 142/142/142 127/127/127 
f 142/142/142 143/143/143 127/127/127 
f 127/127/127 143/143/143 125/125/125 
f 143/143/143 144/144/144 125/125/125 
f 125/125/125 144/144/144 116/116/116 
f 144/144/144 144/144/144 116/116/116 
f 116/116/116 144/144/144 115/115/115 
f 144/144/144 144/144/144 115/115/115 
f 115/115/115 144/144/144 113/113/113 
f 144/144/144 144/144/144 113/113/113 
f 113/113/113 144/144/144 124/124/124 
f 144/144/144 143/143/143 124/124/124 
f 124/124/124 143/143/143 122/122/122 
f 143/143/143 142/142/142 122/122/122 
f 122/122/122 142/142/142 145/145/145 
f 142/142/142 141/141/141 145/145/145 
f 145/145/145 141/141/141 146/146/146 
f 141/141/141 140/140/140 146/146/146 
f 146/146/146 140/140/140 147/147/147 
f 140/140/140 139/139/139 147/147/147 
f 147/147/147 139/139/139 147/147/147 
f 139/139/139 148/148/148 147/147/147 
f 147/147/147 148/148/148 149/149/149 
f 148/148/148 150/150/150 149/149/149 
f 149/149/149 150/150/150 149/149/149 
f 150/150/150 151/151/151 149/149/149 
f 149/149/149 151/151/151 152/152/152 
f 151/151/151 152/152/152 152/152/152 
f 152/152/152 152/152/152 122/122/122 
f 152/152/152 122/122/122 122/122/122 
f 122/122/122 122/122/122 120/120/120 
f 122/122/122 145/145/145 120/120/120 
f 120/120/120 145/145/145 120/120/120 
f 145/145/145 146/146/146 120/120/120 
f 120/120/120 146/146/146 153/153/153 
f 146/146/146 147/147/147 153/153/153 
f 153/153/153 147/147/147 149/149/149 
f 147/147/147 149/149/149 149/149/149 
f 149/149/149 149/149/149 154/154/154 
f 149/149/149 154/154/154 154/154/154 
f 154/154/154 154/154/154 155/155/155 
f 154/154/154 156/156/156 155/155/155 
f 155/155/155 156/156/156 157/157/157 
f 156/156/156 158/158/158 157/157/157 
f 157/157/157 158/158/158 159/159/159 
f 158/158/158 159/159/159 159/159/159 
f 159/159/159 159/159/159 160/160/160 
f 159/159/159 160/160/160 160/160/160 
f 160/160/160 160/160/160 161/161/161 
f 160/160/160 162/162/162 161/161/161 
f 161/161/161 162/162/162 163/163/163 
f 162/162/162 164/164/164 163/163/163 
f 163/163/163 164/164/164 163/163/163 
f 164/164/164 165/165/165 163/163/163 
f 163/163/163 165/165/165 166/166/166 
f 165/165/165 155/155/155 166/166/166 
f 166/166/166 155/155/155 166/166/166 
f 155/155/155 157/157/157 166/166/166 
f 166/166/166 157/157/157 167/167/167 
f 157/157/157 159/159/159 167/167/167 
f 167/167/167 159/159/159 167/167/167 
f 159/159/159 168/168/168 167/167/167 
f 167/167/167 168/168/168 167/167/167 
f 168/168/168 169/169/169 167/167/167 
f 167/167/167 169/169/169 167/167/167 
f 169/169/169 170/170/170 167/167/167 
f 167/167/167 170/170/170 167/167/167 
f 170/170/170 171/171/171 167/167/167 
f 167/167/167 171/171/171 166/166/166 
f 171/171/171 171/171/171 166/166/166 
f 166/166/166 171/171/171 163/163/163 
f 171/171/171 161/161/161 163/163/163 
f 163/163/163 161/161/161 161/161/161 
f 161/161/161 172/172/172 161/161/161 
f 161/161/161 172/172/172 172/172/172 
f 172/172/172 173/173/173 172/172/172 
f 172/172/172 173/173/173 174/174/174 
f 173/173/173 175/175/175 174/174/174 
f 174/174/174 175/175/175 174/174/174 
f 175/175/175 176/176/176 174/174/174 
f 174/174/174 176/176/176 174/174/174 
f 176/176/176 177/177/177 174/174/174 
f 174/174/174 177/177/177 178/178/178 
f 177/177/177 179/179/179 178/178/178 
f 178/178/178 179/179/179 180/180/180 
f 179/179/179 181/181/181 180/180/180 
f 180/180/180 181/181/181 181/181/181 
f 181/181/181 172/172/172 181/181/181 
f 181/181/181 172/172/172 172/172/172 
f 172/172/172 174/174/174 172/172/172 
f 172/172/172 174/174/174 182/182/182 
f 174/174/174 178/178/178 182/182/182 
f 182/182/182 178/178/178 183/183/183 
f 178/178/178 180/180/180 183/183/183 
f 183/183/183 180/180/180 180/180/180 
f 180/180/180 184/184/184 180/180/180 
f 180/180/180 184/184/184 184/184/184 
f 184/184/184 185/185/185 184/184/184 
f 184/184/184 185/185/185 186/186/186 
f 185/185/185 187/187/187 186/186/186 
f 186/186/186 187/187/187 186/186/186 
f 187/187/187 188/188/188 186/186/186 
f 186/186/186 188/188/188 186/186/186 
f 188/188/188 189/189/189 186/186/186 
f 186/186/186 189/189/189 190/190/190 
f 189/189/189 191/191/191 190/190/190 
f 190/190/190 191/191/191 192/192/192 
f 191/191/191 193/193/193 192/192/192 
f 192/192/192 193/193/193 193/193/193 
f 193/193/193 184/184/184 193/193/193 
f 193/193/193 184/184/184 184/184/184 
f 184/184/184 186/186/186 184/184/184 
f 184/184/184 186/186/186 194/194/194 
f 186/186/186 190/190/190 194/194/194 
f 194/194/194 190/190/190 195/195/195 
f 190/190/190 192/192/192 195/195/195 
f 195/195/195 192/192/192 192/192/192 
f 192/192/192 196/196/196 192/192/192 
f 192/192/192 196/196/196 196/196/196 
f 196/196/196 197/197/197 196/196/196 
f 196/196/196 197/197/197 198/198/198 
f 197/197/197 197/197/197 198/198/198 
f 198/198/198 197/197/197 199/199/199 
f 197/197/197 200/200/200 199/199/199 
f 199/199/199 200/200/200 201/201/201 
f 200/200/200 200/200/200 201/201/201 
f 201/201/201 200/200/200 202/202/202 
f 200/200/200 203/203/203 202/202/202 
f 202/202/202 203/203/203 204/204/204 
f 203/203/203 204/204/204 204/204/204 
f 204/204/204 204/204/204 203/203/203 
f 204/204/204 203/203/203 203/203/203 
f 203/203/203 203/203/203 205/205/205 
f 203/203/203 200/200/200 205/205/205 
f 205/205/205 200/200/200 205/205/205 
f 200/200/200 197/197/197 205/205/205 
f 205/205/205 197/197/197 206/206/206 
f 197/197/197 196/196/196 206/206/206 
f 206/206/206 196/196/196 206/206/206 
f 196/196/196 207/207/207 206/206/206 
f 206/206/206 207/207/207 206/206/206 
f 207/207/207 208/208/208 206/206/206 
f 206/206/206 208/208/208 206/206/206 
f 208/208/208 209/209/209 206/206/206 
f 206/206/206 209/209/209 206/206/206 
f 209/209/209 210/210/210 206/206/206 
f 206/206/206 210/210/210 205/205/205 
f 210/210/210 211/211/211 205/205/205 
f 205/205/205 211/211/211 203/203/203 
f 211/211/211 212/212/212 203/203/203 
f 203/203/203 212/212/212 204/204/204 
f 212/212/212 213/213/213 204/204/204 
f 204/204/204 213/213/213 214/214/214 
f 213/213/213 215/215/215 214/214/214 
f 214/214/214 215/215/215 216/216/216 
f 215/215/215 216/216/216 216/216/216 
f 216/216/216 216/216/216 210/210/210 
f 216/216/216 210/210/210 210/210/210 
f 210/210/210 210/210/210 211/211/211 
f 210/210/210 217/217/217 211/211/211 
f 211/211/211 217/217/217 213/213/213 
f 217/217/217 215/215/215 213/213/213 
f 213/213/213 215/215/215 215/215/215 
f 215/215/215 211/211/211 215/215/215 
f 215/215/215 211/211/211 211/211/211 
f 211/211/211 213/213/213 211/211/211 
f 211/211/211 213/213/213 212/212/212 
f 213/213/213 212/212/212 212/212/212 
f 212/212/212 212/212/212 218/218/218 
f 212/212/212 218/218/218 218/218/218 
f 218/218/218 218/218/218 219/219/219 
f 218/218/218 220/220/220 219/219/219 
f 219/219/219 220/220/220 221/221/221 
f 220/220/220 220/220/220 221/221/221 
f 221/221/221 220/220/220 222/222/222 
f 220/220/220 223/223/223 222/222/222 
f 222/222/222 223/223/223 224/224/224 
f 223/223/223 223/223/223 224/224/224 
f 224/224/224 223/223/223 225/225/225 
f 223/223/223 226/226/226 225/225/225 
f 225/225/225 226/226/226 227/227/227 
f 226/226/226 227/227/227 227/227/227 
f 227/227/227 227/227/227 218/218/218 
f 227/227/227 218/218/218 218/218/218 
f 218/218/218 218/218/218 220/220/220 
f 218/218/218 228/228/228 220/220/220 
f 220/220/220 228/228/228 220/220/220 
f 228/228/228 229/229/229 220/220/220 
f 220/220/220 229/229/229 223/223/223 
f 229/229/229 226/226/226 223/223/223 
f 223/223/223 226/226/226 226/226/226 
f 226/226/226 224/224/224 226/226/226 
f 226/226/226 224/224/224 224/224/224 
f 224/224/224 230/230/230 224/224/224 
f 224/224/224 230/230/230 222/222/222 
f 230/230/230 221/221/221 222/222/222 
f 222/222/222 221/221/221 221/221/221 
f 221/221/221 224/224/224 221/221/221 
f 221/221/221 224/224/224 224/224/224 
f 224/224/224 231/231/231 224/224/224 
f 224/224/224 231/231/231 230/230/230 
f 231/231/231 232/232/232 230/230/230 
f 230/230/230 232/232/232 233/233/233 
f 232/232/232 234/234/234 233/233/233 
f 233/233/233 234/234/234 233/233/233 
f 234/234/234 235/235/235 233/233/233 
f 233/233/233 235/235/235 236/236/236 
f 235/235/235 237/237/237 236/236/236 
f 236/236/236 237/237/237 237/237/237 
f 237/237/237 238/238/238 237/237/237 
f 237/237/237 238/238/238 238/238/238 
f 238/238/238 239/239/239 238/238/238 
f 238/238/238 239/239/239 236/236/236 
f 239/239/239 240/240/240 236/236/236 
f 236/236/236 240/240/240 233/233/233 
f 240/240/240 240/240/240 233/233/233 
f 233/233/233 240/240/240 230/230/230 
f 240/240/240 240/240/240 230/230/230 
f 230/230/230 240/240/240 221/221/221 
f 240/240/240 240/240/240 221/221/221 
f 221/221/221 240/240/240 219/219/219 
f 240/240/240 239/239/239 219/219/219 
f 219/219/219 239/239/239 239/239/239 
f 239/239/239 241/241/241 239/239/239 
f 239/239/239 241/241/241 241/241/241 
f 241/241/241 242/242/242 241/241/241 
f 241/241/241 242/242/242 243/243/243 
f 242/242/242 242/242/242 243/243/243 
f 243/243/243 242/242/242 244/244/244 
f 242/242/242 242/242/242 244/244/244 
f 244/244/244 242/242/242 245/245/245 
f 242/242/242 246/246/246 245/245/245 
f 245/245/245 246/246/246 247/247/247 
f 246/246/246 246/246/246 247/247/247 
f 247/247/247 246/246/246 248/248/248 
f 246/246/246 249/249/249 248/248/248 
f 248/248/248 249/249/249 250/250/250 
f 249/249/249 250/250/250 250/250/250 
f 250/250/250 250/250/250 241/241/241 
f 250/250/250 241/241/241 241/241/241 
f 241/241/241 241/241/241 242/242/242 
f 241/241/241 251/251/251 242/242/242 
f 242/242/242 251/251/251 242/242/242 
f 251/251/251 252/252/252 242/242/242 
f 242/242/242 252/252/252 246/246/246 
f 252/252/252 249/249/249 246/246/246 
f 246/246/246 249/249/249 249/249/249 
f 249/249/249 247/247/247 249/249/249 
f 249/249/249 247/247/247 247/247/247 
f 247/247/247 253/253/253 247/247/247 
f 247/247/247 253/253/253 245/245/245 
f 253/253/253 244/244/244 245/245/245 
f 245/245/245 244/244/244 244/244/244 
f 244/244/244 247/247/247 244/244/244 
f 244/244/244 247/247/247 247/247/247 
f 247/247/247 254/254/254 247/247/247 
f 247/247/247 254/254/254 253/253/253 
f 254/254/254 255/255/255 253/253/253 
f 253/253/253 255/255/255 256/256/256 
f 255/255/255 257/257/257 256/256/256 
f 256/256/256 257/257/257 256/256/256 
f 257/257/257 258/258/258 256/256/256 
f 256/256/256 258/258/258 259/259/259 
f 258/258/258 260/260/260 259/259/259 
f 259/259/259 260/260/260 261/261/261 
f 260/260/260 262/262/262 261/261/261 
f 261/261/261 262/262/262 262/262/262 
f 262/262/262 255/255/255 262/262/262 
f 262/262/262 255/255/255 255/255/255 
f 255/255/255 263/263/263 255/255/255 
f 255/255/255 263/263/263 257/257/257 
f 263/263/263 263/263/263 257/257/257 
f 257/257/257 263/263/263 264/264/264 
f 263/263/263 265/265/265 264/264/264 
f 264/264/264 265/265/265 266/266/266 
f 265/265/265 266/266/266 266/266/266 
f 266/266/266 266/266/266 261/261/261 
f 266/266/266 261/261/261 261/261/261 
f 261/261/261 261/261/261 259/259/259 
f 261/261/261 267/267/267 259/259/259 
f 259/259/259 267/267/267 268/268/268 
f 267/267/267 243/243/243 268/268/268 
f 268/268/268 243/243/243 268/268/268 
f 243/243/243 244/244/244 268/268/268 
f 268/268/268 244/244/244 268/268/268 
f 244/244/244 253/253/253 268/268/268 
f 268/268/268 253/253/253 268/268/268 
f 253/253/253 256/256/256 268/268/268 
f 268/268/268 256/256/256 259/259/259 
f 256/256/256 259/259/259 259/259/259 
f 259/259/259 259/259/259 269/269/269 
f 259/259/259 269/269/269 269/269/269 
f 269/269/269 269/269/269 270/270/270 
f 269/269/269 271/271/271 270/270/270 
f 270/270/270 271/271/271 272/272/272 
f 271/271/271 273/273/273 272/272/272 
f 272/272/272 273/273/273 273/273/273 
f 273/273/273 269/269/269 273/273/273 
f 273/273/273 269/269/269 269/269/269 
f 269/269/269 270/270/270 269/269/269 
f 269/269/269 270/270/270 274/274/274 
f 270/270/270 275/275/275 274/274/274 
f 274/274/274 275/275/275 276/276/276 
f 275/275/275 277/277/277 276/276/276 
f 276/276/276 277/277/277 278/278/278 
f 277/277/277 279/279/279 278/278/278 
f 278/278/278 279/279/279 280/280/280 
f 279/279/279 281/281/281 280/280/280 
f 280/280/280 281/281/281 282/282/282 
f 281/281/281 283/283/283 282/282/282 
f 282/282/282 283/283/283 284/284/284 
f 283/283/283 283/283/283 284/284/284 
f 284/284/284 283/283/283 285/285/285 
f 283/283/283 286/286/286 285/285/285 
f 285/285/285 286/286/286 287/287/287 
f 286/286/286 288/288/288 287/287/287 
f 287/287/287 288/288/288 289/289/289 
f 288/288/288 289/289/289 289/289/289 
f 289/289/289 289/289/289 275/275/275 
f 289/289/289 275/275/275 275/275/275 
f 275/275/275 275/275/275 290/290/290 
f 275/275/275 270/270/270 290/290/290 
f 290/290/290 270/270/270 272/272/272 
f 270/270/270 272/272/272 272/272/272 
f 272/272/272 272/272/272 290/290/290 
f 272/272/272 290/290/290 290/290/290 
f 290/290/290 290/290/290 275/275/275 
f 290/290/290 291/291/291 275/275/275 
f 275/275/275 291/291/291 277/277/277 
f 291/291/291 277/277/277 277/277/277 
f 277/277/277 277/277/277 288/288/288 
f 277/277/277 288/288/288 288/288/288 
f 288/288/288 288/288/288 292/292/292 
f 288/288/288 286/286/286 292/292/292 
f 292/292/292 286/286/286 283/283/283 
f 286/286/286 283/283/283 283/283/283 
f 283/283/283 283/283/283 289/289/289 
f 283/283/283 289/289/289 289/289/289 
f 289/289/289 289/289/289 293/293/293 
f 289/289/289 288/288/288 293/293/293 
f 293/293/293 288/288/288 294/294/294 
f 288/288/288 292/292/292 294/294/294 
f 294/294/294 292/292/292 292/292/292 
f 292/292/292 289/289/289 292/292/292 
f 292/292/292 289/289/289 289/289/289 
f 289/289/289 293/293/293 289/289/289 
f 289/289/289 293/293/293 295/295/295 
f 293/293/293 296/296/296 295/295/295 
f 295/295/295 296/296/296 297/297/297 
f 296/296/296 297/297/297 297/297/297 
f 297/297/297 297/297/297 296/296/296 
f 297/297/297 296/296/296 296/296/296 
f 296/296/296 296/296/296 298/298/298 
f 296/296/296 293/293/293 298/298/298 
f 298/298/298 293/293/293 298/298/298 
f 293/293/293 294/294/294 298/298/298 
f 298/298/298 294/294/294 299/299/299 
f 294/294/294 294/294/294 299/299/299 
f 299/299/299 294/294/294 300/300/300 
f 294/294/294 292/292/292 300/300/300 
f 300/300/300 292/292/292 301/301/301 
f 292/292/292 283/283/283 301/301/301 
f 301/301/301 283/283/283 302/302/302 
f 283/283/283 281/281/281 302/302/302 
f 302/302/302 281/281/281 302/302/302 
f 281/281/281 279/279/279 302/302/302 
f 302/302/302 279/279/279 303/303/303 
f 279/279/279 277/277/277 303/303/303 
f 303/303/303 277/277/277 303/303/303 
f 277/277/277 291/291/291 303/303/303 
f 303/303/303 291/291/291 304/304/304 
f 291/291/291 291/291/291 304/304/304 
f 304/304/304 291/291/291 305/305/305 
f 291/291/291 290/290/290 305/305/305 
f 305/305/305 290/290/290 306/306/306 
f 290/290/290 272/272/272 306/306/306 
f 306/306/306 272/272/272 307/307/307 
f 272/272/272 273/273/273 307/307/307 
f 307/307/307 273/273/273 307/307/307 
f 273/273/273 308/308/308 307/307/307 
f 307/307/307 308/308/308 307/307/307 
f 308/308/308 309/309/309 307/307/307 
f 307/307/307 309/309/309 307/307/307 
f 309/309/309 310/310/310 307/307/307 
f 307/307/307 310/310/310 307/307/307 
f 310/310/310 311/311/311 307/307/307 
f 307/307/307 311/311/311 306/306/306 
f 311/311/311 312/312/312 306/306/306 
f 306/306/306 312/312/312 305/305/305 
f 312/312/312 313/313/313 305/305/305 
f 305/305/305 313/313/313 304/304/304 
f 313/313/313 314/314/314 304/304/304 
f 304/304/304 314/314/314 304/304/304 
f 314/314/314 315/315/315 304/304/304 
f 304/304/304 315/315/315 303/303/303 
f 315/315/315 315/315/315 303/303/303 
f 303/303/303 315/315/315 302/302/302 
f 315/315/315 315/315/315 302/302/302 
f 302/302/302 315/315/315 301/301/301 
f 315/315/315 316/316/316 301/301/301 
f 301/301/301 316/316/316 300/300/300 
f 316/316/316 317/317/317 300/300/300 
f 300/300/300 317/317/317 300/300/300 
f 317/317/317 318/318/318 300/300/300 
f 300/300/300 318/318/318 319/319/319 
f 318/318/318 320/320/320 319/319/319 
f 319/319/319 320/320/320 320/320/320 
f 320/320/320 316/316/316 320/320/320 
f 320/320/320 316/316/316 316/316/316 
f 316/316/316 315/315/315 316/316/316 
f 316/316/316 315/315/315 317/317/317 
f 315/315/315 315/315/315 317/317/317 
f 317/317/317 315/315/315 321/321/321 
f 315/315/315 314/314/314 321/321/321 
f 321/321/321 314/314/314 322/322/322 
f 314/314/314 322/322/322 322/322/322 
f 322/322/322 322/322/322 300/300/300 
f 322/322/322 300/300/300 300/300/300 
f 300/300/300 300/300/300 299/299/299 
f 300/300/300 319/319/319 299/299/299 
f 299/299/299 319/319/319 299/299/299 
f 319/319/319 323/323/323 299/299/299 
f 299/299/299 323/323/323 324/324/324 
f 323/323/323 325/325/325 324/324/324 
f 324/324/324 325/325/325 326/326/326 
f 325/325/325 327/327/327 326/326/326 
f 326/326/326 327/327/327 328/328/328 
f 327/327/327 329/329/329 328/328/328 
f 328/328/328 329/329/329 328/328/328 
f 329/329/329 330/330/330 328/328/328 
f 328/328/328 330/330/330 328/328/328 
f 330/330/330 331/331/331 328/328/328 
f 328/328/328 331/331/331 328/328/328 
f 331/331/331 332/332/332 328/328/328 
f 328/328/328 332/332/332 333/333/333 
f 332/332/332 334/334/334 333/333/333 
f 333/333/333 334/334/334 334/334/334 
f 334/334/334 299/299/299 334/334/334 
f 334/334/334 299/299/299 299/299/299 
f 299/299/299 324/324/324 299/299/299 
f 299/299/299 324/324/324 298/298/298 
f 324/324/324 335/335/335 298/298/298 
f 298/298/298 335/335/335 296/296/296 
f 335/335/335 335/335/335 296/296/296 
f 296/296/296 335/335/335 336/336/336 
f 335/335/335 333/333/333 336/336/336 
f 336/336/336 333/333/333 336/336/336 
f 333/333/333 334/334/334 336/336/336 
f 336/336/336 334/334/334 336/336/336 
f 334/334/334 337/337/337 336/336/336 
f 336/336/336 337/337/337 336/336/336 
f 337/337/337 297/297/297 336/336/336 
f 336/336/336 297/297/297 296/296/296 
f 297/297/297 296/296/296 296/296/296 
f 296/296/296 296/296/296 328/328/328 
f 296/296/296 328/328/328 328/328/328 
f 328/328/328 328/328/328 326/326/326 
f 328/328/328 333/333/333 326/326/326 
f 326/326/326 333/333/333 326/326/326 
f 333/333/333 335/335/335 326/326/326 
f 326/326/326 335/335/335 324/324/324 
f 335/335/335 324/324/324 324/324/324 
f 324/324/324 324/324/324 338/338/338 
f 324/324/324 338/338/338 338/338/338 
f 338/338/338 338/338/338 339/339/339 
f 338/338/338 340/340/340 339/339/339 
f 339/339/339 340/340/340 341/341/341 
f 340/340/340 341/341/341 341/341/341 
f 341/341/341 341/341/341 339/339/339 
f 341/341/341 339/339/339 339/339/339 
f 339/339/339 339/339/339 338/338/338 
f 339/339/339 342/342/342 338/338/338 
f 338/338/338 342/342/342 343/343/343 
f 342/342/342 344/344/344 343/343/343 
f 343/343/343 344/344/344 345/345/345 
f 344/344/344 344/344/344 345/345/345 
f 345/345/345 344/344/344 346/346/346 
f 344/344/344 344/344/344 346/346/346 
f 346/346/346 344/344/344 347/347/347 
f 344/344/344 348/348/348 347/347/347 
f 347/347/347 348/348/348 349/349/349 
f 348/348/348 349/349/349 349/349/349 
f 349/349/349 349/349/349 344/344/344 
f 349/349/349 344/344/344 344/344/344 
f 344/344/344 344/344/344 348/348/348 
f 344/344/344 342/342/342 348/348/348 
f 348/348/348 342/342/342 350/350/350 
f 342/342/342 339/339/339 350/350/350 
f 350/350/350 339/339/339 351/351/351 
f 339/339/339 341/341/341 351/351/351 
f 351/351/351 341/341/341 351/351/351 
f 341/341/341 352/352/352 351/351/351 
f 351/351/351 352/352/352 351/351/351 
f 352/352/352 353/353/353 351/351/351 
f 351/351/351 353/353/353 354/354/354 
f 353/353/353 355/355/355 354/354/354 
f 354/354/354 355/355/355 354/354/354 
f 355/355/355 356/356/356 354/354/354 
f 354/354/354 356/356/356 354/354/354 
f 356/356/356 357/357/357 354/354/354 
f 354/354/354 357/357/357 351/351/351 
f 357/357/357 357/357/357 351/351/351 
f 351/351/351 357/357/357 350/350/350 
f 357/357/357 358/358/358 350/350/350 
f 350/350/350 358/358/358 348/348/348 
f 358/358/358 358/358/358 348/348/348 
f 348/348/348 358/358/358 349/349/349 
f 358/358/358 358/358/358 349/349/349 
f 349/349/349 358/358/358 359/359/359 
f 358/358/358 360/360/360 359/359/359 
f 359/359/359 360/360/360 361/361/361 
f 360/360/360 361/361/361 361/361/361 
f 361/361/361 361/361/361 353/353/353 
f 361/361/361 353/353/353 353/353/353 
f 353/353/353 353/353/353 355/355/355 
f 353/353/353 362/362/362 355/355/355 
f 355/355/355 362/362/362 362/362/362 
f 362/362/362 358/358/358 362/362/362 
f 362/362/362 358/358/358 358/358/358 
f 358/358/358 357/357/357 358/358/358 
f 358/358/358 357/357/357 360/360/360 
f 357/357/357 356/356/356 360/360/360 
f 360/360/360 356/356/356 356/356/356 
f 356/356/356 363/363/363 356/356/356 
f 356/356/356 363/363/363 363/363/363 
f 363/363/363 364/364/364 363/363/363 
f 363/363/363 364/364/364 365/365/365 
f 364/364/364 366/366/366 365/365/365 
f 365/365/365 366/366/366 366/366/366 
f 366/366/366 365/365/365 366/366/366 
f 366/366/366 365/365/365 365/365/365 
f 365/365/365 367/367/367 365/365/365 
f 365/365/365 367/367/367 363/363/363 
f 367/367/367 367/367/367 363/363/363 
f 363/363/363 367/367/367 368/368/368 
f 367/367/367 369/369/369 368/368/368 
f 368/368/368 369/369/369 370/370/370 
f 369/369/369 369/369/369 370/370/370 
f 370/370/370 369/369/369 371/371/371 
f 369/369/369 369/369/369 371/371/371 
f 371/371/371 369/369/369 372/372/372 
f 369/369/369 373/373/373 372/372/372 
f 372/372/372 373/373/373 374/374/374 
f 373/373/373 374/374/374 374/374/374 
f 374/374/374 374/374/374 369/369/369 
f 374/374/374 369/369/369 369/369/369 
f 369/369/369 369/369/369 373/373/373 
f 369/369/369 367/367/367 373/373/373 
f 373/373/373 367/367/367 375/375/375 
f 367/367/367 365/365/365 375/375/375 
f 375/375/375 365/365/365 376/376/376 
f 365/365/365 366/366/366 376/376/376 
f 376/376/376 366/366/366 376/376/376 
f 366/366/366 377/377/377 376/376/376 
f 376/376/376 377/377/377 376/376/376 
f 377/377/377 378/378/378 376/376/376 
f 376/376/376 378/378/378 379/379/379 
f 378/378/378 380/380/380 379/379/379 
f 379/379/379 380/380/380 379/379/379 
f 380/380/380 381/381/381 379/379/379 
f 379/379/379 381/381/381 379/379/379 
f 381/381/381 382/382/382 379/379/379 
f 379/379/379 382/382/382 376/376/376 
f 382/382/382 382/382/382 376/376/376 
f 376/376/376 382/382/382 375/375/375 
f 382/382/382 383/383/383 375/375/375 
f 375/375/375 383/383/383 373/373/373 
f 383/383/383 383/383/383 373/373/373 
f 373/373/373 383/383/383 374/374/374 
f 383/383/383 383/383/383 374/374/374 
f 374/374/374 383/383/383 384/384/384 
f 383/383/383 385/385/385 384/384/384 
f 384/384/384 385/385/385 386/386/386 
f 385/385/385 386/386/386 386/386/386 
f 386/386/386 386/386/386 378/378/378 
f 386/386/386 378/378/378 378/378/378 
f 378/378/378 378/378/378 380/380/380 
f 378/378/378 387/387/387 380/380/380 
f 380/380/380 387/387/387 387/387/387 
f 387/387/387 383/383/383 387/387/387 
f 387/387/387 383/383/383 383/383/383 
f 383/383/383 382/382/382 383/383/383 
f 383/383/383 382/382/382 385/385/385 
f 382/382/382 381/381/381 385/385/385 
f 385/385/385 381/381/381 381/381/381 
f 381/381/381 388/388/388 381/381/381 
f 381/381/381 388/388/388 388/388/388 
f 388/388/388 389/389/389 388/388/388 
f 388/388/388 389/389/389 390/390/390 
f 389/389/389 391/391/391 390/390/390 
f 390/390/390 391/391/391 392/392/392 
f 391/391/391 392/392/392 392/392/392 
f 392/392/392 392/392/392 393/393/393 
f 392/392/392 393/393/393 393/393/393 
f 393/393/393 393/393/393 389/389/389 
f 393/393/393 394/394/394 389/389/389 
f 389/389/389 394/394/394 395/395/395 
f 394/394/394 396/396/396 395/395/395 
f 395/395/395 396/396/396 395/395/395 
f 396/396/396 397/397/397 395/395/395 
f 395/395/395 397/397/397 398/398/398 
f 397/397/397 399/399/399 398/398/398 
f 398/398/398 399/399/399 391/391/391 
f 399/399/399 399/399/399 391/391/391 
f 391/391/391 399/399/399 392/392/392 
f 399/399/399 400/400/400 392/392/392 
f 392/392/392 400/400/400 401/401/401 
f 400/400/400 401/401/401 401/401/401 
f 401/401/401 401/401/401 389/389/389 
f 401/401/401 389/389/389 389/389/389 
f 389/389/389 389/389/389 391/391/391 
f 389/389/389 395/395/395 391/391/391 
f 391/391/391 395/395/395 398/398/398 
f 395/395/395 398/398/398 398/398/398 
f 398/398/398 398/398/398 393/393/393 
f 398/398/398 393/393/393 393/393/393 
f 393/393/393 393/393/393 394/394/394 
f 393/393/393 402/402/402 394/394/394 
f 394/394/394 402/402/402 396/396/396 
f 402/402/402 396/396/396 396/396/396 
f 396/396/396 396/396/396 397/397/397 
f 396/396/396 397/397/397 397/397/397 
f 397/397/397 397/397/397 399/399/399 
f 397/397/397 403/403/403 399/399/399 
f 399/399/399 403/403/403 400/400/400 
f 403/403/403 404/404/404 400/400/400 
f 400/400/400 404/404/404 400/400/400 
f 404/404/404 405/405/405 400/400/400 
f 400/400/400 405/405/405 400/400/400 
f 405/405/405 406/406/406 400/400/400 
f 400/400/400 406/406/406 407/407/407 
f 406/406/406 408/408/408 407/407/407 
f 407/407/407 408/408/408 409/409/409 
f 408/408/408 410/410/410 409/409/409 
f 409/409/409 410/410/410 411/411/411 
f 410/410/410 411/411/411 411/411/411 
f 411/411/411 411/411/411 400/400/400 
f 411/411/411 400/400/400 400/400/400 
f 400/400/400 400/400/400 401/401/401 
f 400/400/400 407/407/407 401/401/401 
f 401/401/401 407/407/407 412/412/412 
f 407/407/407 407/407/407 412/412/412 
f 412/412/412 407/407/407 413/413/413 
f 407/407/407 409/409/409 413/413/413 
f 413/413/413 409/409/409 409/409/409 
f 409/409/409 414/414/414 409/409/409 
f 409/409/409 414/414/414 414/414/414 
f 414/414/414 415/415/415 414/414/414 
f 414/414/414 415/415/415 416/416/416 
f 415/415/415 415/415/415 416/416/416 
f 416/416/416 415/415/415 417/417/417 
f 415/415/415 418/418/418 417/417/417 
f 417/417/417 418/418/418 419/419/419 
f 418/418/418 418/418/418 419/419/419 
f 419/419/419 418/418/418 420/420/420 
f 418/418/418 418/418/418 420/420/420 
f 420/420/420 418/418/418 414/414/414 
f 418/418/418 415/415/415 414/414/414 
f 414/414/414 415/415/415 415/415/415 
f 415/415/415 421/421/421 415/415/415 
f 415/415/415 421/421/421 421/421/421 
f 421/421/421 422/422/422 421/421/421 
f 421/421/421 422/422/422 423/423/423 
f 422/422/422 424/424/424 423/423/423 
f 423/423/423 424/424/424 425/425/425 
f 424/424/424 419/419/419 425/425/425 
f 425/425/425 419/419/419 426/426/426 
f 419/419/419 427/427/427 426/426/426 
f 426/426/426 427/427/427 426/426/426 
f 427/427/427 428/428/428 426/426/426 
f 426/426/426 428/428/428 425/425/425 
f 428/428/428 425/425/425 425/425/425 
f 425/425/425 425/425/425 419/419/419 
f 425/425/425 419/419/419 419/419/419 
f 419/419/419 419/419/419 417/417/417 
f 419/419/419 424/424/424 417/417/417 
f 417/417/417 424/424/424 417/417/417 
f 424/424/424 422/422/422 417/417/417 
f 417/417/417 422/422/422 416/416/416 
f 422/422/422 416/416/416 416/416/416 
f 416/416/416 416/416/416 419/419/419 
f 416/416/416 419/419/419 419/419/419 
f 419/419/419 419/419/419 427/427/427 
f 419/419/419 420/420/420 427/427/427 
f 427/427/427 420/420/420 429/429/429 
f 420/420/420 414/414/414 429/429/429 
f 429/429/429 414/414/414 430/430/430 
f 414/414/414 431/431/431 430/430/430 
f 430/430/430 431/431/431 432/432/432 
f 431/431/431 431/431/431 432/432/432 
f 432/432/432 431/431/431 433/433/433 
f 431/431/431 431/431/431 433/433/433 
f 433/433/433 431/431/431 434/434/434 
f 431/431/431 416/416/416 434/434/434 
f 434/434/434 416/416/416 434/434/434 
f 416/416/416 422/422/422 434/434/434 
f 434/434/434 422/422/422 421/421/421 
f 422/422/422 421/421/421 421/421/421 
f 421/421/421 421/421/421 414/414/414 
f 421/421/421 414/414/414 414/414/414 
f 414/414/414 414/414/414 431/431/431 
f 414/414/414 416/416/416 431/431/431 
f 431/431/431 416/416/416 416/416/416 
f 416/416/416 432/432/432 416/416/416 
f 416/416/416 432/432/432 432/432/432 
f 432/432/432 435/435/435 432/432/432 
f 432/432/432 435/435/435 430/430/430 
f 435/435/435 435/435/435 430/430/430 
f 430/430/430 435/435/435 429/429/429 
f 435/435/435 436/436/436 429/429/429 
f 429/429/429 436/436/436 427/427/427 
f 436/436/436 437/437/437 427/427/427 
f 427/427/427 437/437/437 427/427/427 
f 437/437/437 438/438/438 427/427/427 
f 427/427/427 438/438/438 428/428/428 
f 438/438/438 428/428/428 428/428/428 
f 428/428/428 428/428/428 436/436/436 
f 428/428/428 436/436/436 436/436/436 
f 436/436/436 436/436/436 437/437/437 
f 436/436/436 435/435/435 437/437/437 
f 437/437/437 435/435/435 435/435/435 
f 435/435/435 439/439/439 435/435/435 
f 435/435/435 439/439/439 439/439/439 
f 439/439/439 440/440/440 439/439/439 
f 439/439/439 440/440/440 441/441/441 
f 440/440/440 440/440/440 441/441/441 
f 441/441/441 440/440/440 442/442/442 
f 440/440/440 443/443/443 442/442/442 
f 442/442/442 443/443/443 444/444/444 
f 443/443/443 445/445/445 444/444/444 
f 444/444/444 445/445/445 445/445/445 
f 445/445/445 446/446/446 445/445/445 
f 445/445/445 446/446/446 446/446/446 
f 446/446/446 447/447/447 446/446/446 
f 446/446/446 447/447/447 448/448/448 
f 447/447/447 447/447/447 448/448/448 
f 448/448/448 447/447/447 449/449/449 
f 447/447/447 450/450/450 449/449/449 
f 449/449/449 450/450/450 450/450/450 
f 450/450/450 451/451/451 450/450/450 
f 450/450/450 451/451/451 451/451/451 
f 451/451/451 452/452/452 451/451/451 
f 451/451/451 452/452/452 453/453/453 
f 452/452/452 454/454/454 453/453/453 
f 453/453/453 454/454/454 455/455/455 
f 454/454/454 456/456/456 455/455/455 
f 455/455/455 456/456/456 456/456/456 
f 456/456/456 457/457/457 456/456/456 
f 456/456/456 457/457/457 457/457/457 
f 457/457/457 458/458/458 457/457/457 
f 457/457/457 458/458/458 459/459/459 
f 458/458/458 460/460/460 459/459/459 
f 459/459/459 460/460/460 461/461/461 
f 460/460/460 460/460/460 461/461/461 
f 461/461/461 460/460/460 462/462/462 
f 460/460/460 463/463/463 462/462/462 
f 462/462/462 463/463/463 452/452/452 
f 463/463/463 463/463/463 452/452/452 
f 452/452/452 463/463/463 454/454/454 
f 463/463/463 464/464/464 454/454/454 
f 454/454/454 464/464/464 456/456/456 
f 464/464/464 464/464/464 456/456/456 
f 456/456/456 464/464/464 465/465/465 
f 464/464/464 464/464/464 465/465/465 
f 465/465/465 464/464/464 466/466/466 
f 464/464/464 464/464/464 466/466/466 
f 466/466/466 464/464/464 467/467/467 
f 464/464/464 464/464/464 467/467/467 
f 467/467/467 464/464/464 468/468/468 
f 464/464/464 463/463/463 468/468/468 
f 468/468/468 463/463/463 468/468/468 
f 463/463/463 460/460/460 468/468/468 
f 468/468/468 460/460/460 458/458/458 
f 460/460/460 458/458/458 458/458/458 
f 458/458/458 458/458/458 469/469/469 
f 458/458/458 469/469/469 469/469/469 
f 469/469/469 469/469/469 470/470/470 
f 469/469/469 471/471/471 470/470/470 
f 470/470/470 471/471/471 472/472/472 
f 471/471/471 471/471/471 472/472/472 
f 472/472/472 471/471/471 473/473/473 
f 471/471/471 471/471/471 473/473/473 
f 473/473/473 471/471/471 474/474/474 
f 471/471/471 475/475/475 474/474/474 
f 474/474/474 475/475/475 476/476/476 
f 475/475/475 477/477/477 476/476/476 
f 476/476/476 477/477/477 478/478/478 
f 477/477/477 478/478/478 478/478/478 
f 478/478/478 478/478/478 469/469/469 
f 478/478/478 469/469/469 469/469/469 
f 469/469/469 469/469/469 471/471/471 
f 469/469/469 479/479/479 471/471/471 
f 471/471/471 479/479/479 475/475/475 
f 479/479/479 480/480/480 475/475/475 
f 475/475/475 480/480/480 477/477/477 
f 480/480/480 477/477/477 477/477/477 
f 477/477/477 477/477/477 481/481/481 
f 477/477/477 481/481/481 481/481/481 
f 481/481/481 481/481/481 482/482/482 
f 481/481/481 483/483/483 482/482/482 
f 482/482/482 483/483/483 484/484/484 
f 483/483/483 483/483/483 484/484/484 
f 484/484/484 483/483/483 485/485/485 
f 483/483/483 483/483/483 485/485/485 
f 485/485/485 483/483/483 486/486/486 
f 483/483/483 487/487/487 486/486/486 
f 486/486/486 487/487/487 488/488/488 
f 487/487/487 489/489/489 488/488/488 
f 488/488/488 489/489/489 490/490/490 
f 489/489/489 490/490/490 490/490/490 
f 490/490/490 490/490/490 481/481/481 
f 490/490/490 481/481/481 481/481/481 
f 481/481/481 481/481/481 483/483/483 
f 481/481/481 491/491/491 483/483/483 
f 483/483/483 491/491/491 487/487/487 
f 491/491/491 492/492/492 487/487/487 
f 487/487/487 492/492/492 489/489/489 
f 492/492/492 489/489/489 489/489/489 
f 489/489/489 489/489/489 493/493/493 
f 489/489/489 493/493/493 493/493/493 
f 493/493/493 493/493/493 494/494/494 
f 493/493/493 495/495/495 494/494/494 
f 494/494/494 495/495/495 494/494/494 
f 495/495/495 496/496/496 494/494/494 
f 494/494/494 496/496/496 497/497/497 
f 496/496/496 498/498/498 497/497/497 
f 497/497/497 498/498/498 497/497/497 
f 498/498/498 499/499/499 497/497/497 
f 497/497/497 499/499/499 500/500/500 
f 499/499/499 501/501/501 500/500/500 
f 500/500/500 501/501/501 501/501/501 
f 501/501/501 500/500/500 501/501/501 
f 501/501/501 500/500/500 500/500/500 
f 500/500/500 502/502/502 500/500/500 
f 500/500/500 502/502/502 497/497/497 
f 502/502/502 502/502/502 497/497/497 
f 497/497/497 502/502/502 494/494/494 
f 502/502/502 503/503/503 494/494/494 
f 494/494/494 503/503/503 493/493/493 
f 503/503/503 503/503/503 493/493/493 
f 493/493/493 503/503/503 504/504/504 
f 503/503/503 503/503/503 504/504/504 
f 504/504/504 503/503/503 505/505/505 
f 503/503/503 503/503/503 505/505/505 
f 505/505/505 503/503/503 506/506/506 
f 503/503/503 503/503/503 506/506/506 
f 506/506/506 503/503/503 507/507/507 
f 503/503/503 502/502/502 507/507/507 
f 507/507/507 502/502/502 508/508/508 
f 502/502/502 500/500/500 508/508/508 
f 508/508/508 500/500/500 509/509/509 
f 500/500/500 501/501/501 509/509/509 
f 509/509/509 501/501/501 510/510/510 
f 501/501/501 511/511/511 510/510/510 
f 510/510/510 511/511/511 512/512/512 
f 511/511/511 513/513/513 512/512/512 
f 512/512/512 513/513/513 513/513/513 
f 513/513/513 507/507/507 513/513/513 
f 513/513/513 507/507/507 507/507/507 
f 507/507/507 508/508/508 507/507/507 
f 507/507/507 508/508/508 514/514/514 
f 508/508/508 510/510/510 514/514/514 
f 514/514/514 510/510/510 512/512/512 
f 510/510/510 512/512/512 512/512/512 
f 512/512/512 512/512/512 508/508/508 
f 512/512/512 508/508/508 508/508/508 
f 508/508/508 508/508/508 510/510/510 
f 508/508/508 509/509/509 510/510/510 
f 510/510/510 509/509/509 509/509/509 
f 509/509/509 515/515/515 509/509/509 
f 509/509/509 515/515/515 515/515/515 
f 515/515/515 516/516/516 515/515/515 
f 515/515/515 516/516/516 517/517/517 
f 516/516/516 518/518/518 517/517/517 
f 517/517/517 518/518/518 517/517/517 
f 518/518/518 519/519/519 517/517/517 
f 517/517/517 519/519/519 520/520/520 
f 519/519/519 521/521/521 520/520/520 
f 520/520/520 521/521/521 520/520/520 
f 521/521/521 522/522/522 520/520/520 
f 520/520/520 522/522/522 523/523/523 
f 522/522/522 524/524/524 523/523/523 
f 523/523/523 524/524/524 524/524/524 
f 524/524/524 515/515/515 524/524/524 
f 524/524/524 515/515/515 515/515/515 
f 515/515/515 517/517/517 515/515/515 
f 515/515/515 517/517/517 525/525/525 
f 517/517/517 517/517/517 525/525/525 
f 525/525/525 517/517/517 526/526/526 
f 517/517/517 520/520/520 526/526/526 
f 526/526/526 520/520/520 523/523/523 
f 520/520/520 523/523/523 523/523/523 
f 523/523/523 523/523/523 521/521/521 
f 523/523/523 521/521/521 521/521/521 
f 521/521/521 521/521/521 527/527/527 
f 521/521/521 519/519/519 527/527/527 
f 527/527/527 519/519/519 518/518/518 
f 519/519/519 518/518/518 518/518/518 
f 518/518/518 518/518/518 521/521/521 
f 518/518/518 521/521/521 521/521/521 
f 521/521/521 521/521/521 528/528/528 
f 521/521/521 527/527/527 528/528/528 
f 528/528/528 527/527/527 529/529/529 
f 527/527/527 530/530/530 529/529/529 
f 529/529/529 530/530/530 531/531/531 
f 530/530/530 530/530/530 531/531/531 
f 531/531/531 530/530/530 532/532/532 
f 530/530/530 533/533/533 532/532/532 
f 532/532/532 533/533/533 534/534/534 
f 533/533/533 534/534/534 534/534/534 
f 534/534/534 534/534/534 535/535/535 
f 534/534/534 535/535/535 535/535/535 
f 535/535/535 535/535/535 536/536/536 
f 535/535/535 533/533/533 536/536/536 
f 536/536/536 533/533/533 537/537/537 
f 533/533/533 530/530/530 537/537/537 
f 537/537/537 530/530/530 537/537/537 
f 530/530/530 527/527/527 537/537/537 
f 537/537/537 527/527/527 537/537/537 
f 527/527/527 518/518/518 537/537/537 
f 537/537/537 518/518/518 537/537/537 
f 518/518/518 516/516/516 537/537/537 
f 537/537/537 516/516/516 536/536/536 
f 516/516/516 536/536/536 536/536/536 
f 536/536/536 536/536/536 538/538/538 
f 536/536/536 538/538/538 538/538/538 
f 538/538/538 538/538/538 539/539/539 
f 538/538/538 540/540/540 539/539/539 
f 539/539/539 540/540/540 539/539/539 
f 540/540/540 541/541/541 539/539/539 
f 539/539/539 541/541/541 539/539/539 
f 541/541/541 542/542/542 539/539/539 
f 539/539/539 542/542/542 543/543/543 
f 542/542/542 544/544/544 543/543/543 
f 543/543/543 544/544/544 543/543/543 
f 544/544/544 545/545/545 543/543/543 
f 543/543/543 545/545/545 546/546/546 
f 545/545/545 547/547/547 546/546/546 
f 546/546/546 547/547/547 547/547/547 
f 547/547/547 538/538/538 547/547/547 
f 547/547/547 538/538/538 538/538/538 
f 538/538/538 539/539/539 538/538/538 
f 538/538/538 539/539/539 548/548/548 
f 539/539/539 539/539/539 548/548/548 
f 548/548/548 539/539/539 549/549/549 
f 539/539/539 543/543/543 549/549/549 
f 549/549/549 543/543/543 546/546/546 
f 543/543/543 546/546/546 546/546/546 
f 546/546/546 546/546/546 544/544/544 
f 546/546/546 544/544/544 544/544/544 
f 544/544/544 544/544/544 550/550/550 
f 544/544/544 542/542/542 550/550/550 
f 550/550/550 542/542/542 541/541/541 
f 542/542/542 541/541/541 541/541/541 
f 541/541/541 541/541/541 544/544/544 
f 541/541/541 544/544/544 544/544/544 
f 544/544/544 544/544/544 551/551/551 
f 544/544/544 550/550/550 551/551/551 
f 551/551/551 550/550/550 552/552/552 
f 550/550/550 553/553/553 552/552/552 
f 552/552/552 553/553/553 554/554/554 
f 553/553/553 553/553/553 554/554/554 
f 554/554/554 553/553/553 555/555/555 
f 553/553/553 556/556/556 555/555/555 
f 555/555/555 556/556/556 557/557/557 
f 556/556/556 558/558/558 557/557/557 
f 557/557/557 558/558/558 559/559/559 
f 558/558/558 559/559/559 559/559/559 
f 559/559/559 559/559/559 552/552/552 
f 559/559/559 552/552/552 552/552/552 
f 552/552/552 552/552/552 560/560/560 
f 552/552/552 554/554/554 560/560/560 
f 560/560/560 554/554/554 560/560/560 
f 554/554/554 561/561/561 560/560/560 
f 560/560/560 561/561/561 562/562/562 
f 561/561/561 563/563/563 562/562/562 
f 562/562/562 563/563/563 563/563/563 
f 563/563/563 558/558/558 563/563/563 
f 563/563/563 558/558/558 558/558/558 
f 558/558/558 556/556/556 558/558/558 
f 558/558/558 556/556/556 564/564/564 
f 556/556/556 565/565/565 564/564/564 
f 564/564/564 565/565/565 540/540/540 
f 565/565/565 565/565/565 540/540/540 
f 540/540/540 565/565/565 541/541/541 
f 565/565/565 565/565/565 541/541/541 
f 541/541/541 565/565/565 550/550/550 
f 565/565/565 565/565/565 550/550/550 
f 550/550/550 565/565/565 553/553/553 
f 565/565/565 556/556/556 553/553/553 
f 553/553/553 556/556/556 556/556/556 
f 556/556/556 566/566/566 556/556/556 
f 556/556/556 566/566/566 566/566/566 
f 566/566/566 567/567/567 566/566/566 
f 566/566/566 567/567/567 568/568/568 
f 567/567/567 569/569/569 568/568/568 
f 568/568/568 569/569/569 570/570/570 
f 569/569/569 571/571/571 570/570/570 
f 570/570/570 571/571/571 572/572/572 
f 571/571/571 573/573/573 572/572/572 
f 572/572/572 573/573/573 574/574/574 
f 573/573/573 575/575/575 574/574/574 
f 574/574/574 575/575/575 575/575/575 
f 575/575/575 567/567/567 575/575/575 
f 575/575/575 567/567/567 567/567/567 
f 567/567/567 576/576/576 567/567/567 
f 567/567/567 576/576/576 569/569/569 
f 576/576/576 577/577/577 569/569/569 
f 569/569/569 577/577/577 571/571/571 
f 577/577/577 578/578/578 571/571/571 
f 571/571/571 578/578/578 573/573/573 
f 578/578/578 579/579/579 573/573/573 
f 573/573/573 579/579/579 575/575/575 
f 579/579/579 579/579/579 575/575/575 
f 575/575/575 579/579/579 580/580/580 
f 579/579/579 579/579/579 580/580/580 
f 580/580/580 579/579/579 581/581/581 
f 579/579/579 582/582/582 581/581/581 
f 581/581/581 582/582/582 583/583/583 
f 582/582/582 582/582/582 583/583/583 
f 583/583/583 582/582/582 584/584/584 
f 582/582/582 582/582/582 584/584/584 
f 584/584/584 582/582/582 585/585/585 
f 582/582/582 579/579/579 585/585/585 
f 585/585/585 579/579/579 585/585/585 
f 579/579/579 578/578/578 585/585/585 
f 585/585/585 578/578/578 586/586/586 
f 578/578/578 577/577/577 586/586/586 
f 586/586/586 577/577/577 587/587/587 
f 577/577/577 576/576/576 587/587/587 
f 587/587/587 576/576/576 576/576/576 
f 576/576/576 581/581/581 576/576/576 
f 576/576/576 581/581/581 581/581/581 
f 581/581/581 583/583/583 581/581/581 
f 581/581/581 583/583/583 588/588/588 
f 583/583/583 588/588/588 588/588/588 
f 588/588/588 588/588/588 587/587/587 
f 588/588/588 587/587/587 587/587/587 
f 587/587/587 587/587/587 586/586/586 
f 587/587/587 589/589/589 586/586/586 
f 586/586/586 589/589/589 586/586/586 
f 589/589/589 590/590/590 586/586/586 
f 586/586/586 590/590/590 585/585/585 
f 590/590/590 584/584/584 585/585/585 
f 585/585/585 584/584/584 584/584/584 
f 584/584/584 591/591/591 584/584/584 
f 584/584/584 591/591/591 591/591/591 
f 591/591/591 592/592/592 591/591/591 
f 591/591/591 592/592/592 593/593/593 
f 592/592/592 594/594/594 593/593/593 
f 593/593/593 594/594/594 595/595/595 
f 594/594/594 596/596/596 595/595/595 
f 595/595/595 596/596/596 597/597/597 
f 596/596/596 598/598/598 597/597/597 
f 597/597/597 598/598/598 599/599/599 
f 598/598/598 600/600/600 599/599/599 
f 599/599/599 600/600/600 600/600/600 
f 600/600/600 592/592/592 600/600/600 
f 600/600/600 592/592/592 592/592/592 
f 592/592/592 601/601/601 592/592/592 
f 592/592/592 601/601/601 594/594/594 
f 601/601/601 602/602/602 594/594/594 
f 594/594/594 602/602/602 596/596/596 
f 602/602/602 603/603/603 596/596/596 
f 596/596/596 603/603/603 598/598/598 
f 603/603/603 604/604/604 598/598/598 
f 598/598/598 604/604/604 600/600/600 
f 604/604/604 604/604/604 600/600/600 
f 600/600/600 604/604/604 605/605/605 
f 604/604/604 604/604/604 605/605/605 
f 605/605/605 604/604/604 606/606/606 
f 604/604/604 607/607/607 606/606/606 
f 606/606/606 607/607/607 608/608/608 
f 607/607/607 607/607/607 608/608/608 
f 608/608/608 607/607/607 609/609/609 
f 607/607/607 607/607/607 609/609/609 
f 609/609/609 607/607/607 610/610/610 
f 607/607/607 604/604/604 610/610/610 
f 610/610/610 604/604/604 610/610/610 
f 604/604/604 603/603/603 610/610/610 
f 610/610/610 603/603/603 611/611/611 
f 603/603/603 602/602/602 611/611/611 
f 611/611/611 602/602/602 612/612/612 
f 602/602/602 601/601/601 612/612/612 
f 612/612/612 601/601/601 601/601/601 
f 601/601/601 606/606/606 601/601/601 
f 601/601/601 606/606/606 606/606/606 
f 606/606/606 608/608/608 606/606/606 
f 606/606/606 608/608/608 613/613/613 
f 608/608/608 613/613/613 613/613/613 
f 613/613/613 613/613/613 612/612/612 
f 613/613/613 612/612/612 612/612/612 
f 612/612/612 612/612/612 611/611/611 
f 612/612/612 614/614/614 611/611/611 
f 611/611/611 614/614/614 611/611/611 
f 614/614/614 615/615/615 611/611/611 
f 611/611/611 615/615/615 610/610/610 
f 615/615/615 609/609/609 610/610/610 
f 610/610/610 609/609/609 609/609/609 
f 609/609/609 616/616/616 609/609/609 
f 609/609/609 616/616/616 616/616/616 
f 616/616/616 617/617/617 616/616/616 
f 616/616/616 617/617/617 618/618/618 
f 617/617/617 619/619/619 618/618/618 
f 618/618/618 619/619/619 618/618/618 
f 619/619/619 620/620/620 618/618/618 
f 618/618/618 620/620/620 621/621/621 
f 620/620/620 622/622/622 621/621/621 
f 621/621/621 622/622/622 621/621/621 
f 622/622/622 623/623/623 621/621/621 
f 621/621/621 623/623/623 621/621/621 
f 623/623/623 624/624/624 621/621/621 
f 621/621/621 624/624/624 618/618/618 
f 624/624/624 618/618/618 618/618/618 
f 618/618/618 618/618/618 617/617/617 
f 618/618/618 617/617/617 617/617/617 
f 617/617/617 617/617/617 619/619/619 
f 617/617/617 625/625/625 619/619/619 
f 619/619/619 625/625/625 619/619/619 
f 625/625/625 626/626/626 619/619/619 
f 619/619/619 626/626/626 627/627/627 
f 626/626/626 628/628/628 627/627/627 
f 627/627/627 628/628/628 620/620/620 
f 628/628/628 622/622/622 620/620/620 
f 620/620/620 622/622/622 622/622/622 
f 622/622/622 619/619/619 622/622/622 
f 622/622/622 619/619/619 619/619/619 
f 619/619/619 627/627/627 619/619/619 
f 619/619/619 627/627/627 620/620/620 
f 627/627/627 620/620/620 620/620/620 
f 620/620/620 620/620/620 628/628/628 
f 620/620/620 628/628/628 628/628/628 
f 628/628/628 628/628/628 629/629/629 
f 628/628/628 626/626/626 629/629/629 
f 629/629/629 626/626/626 630/630/630 
f 626/626/626 625/625/625 630/630/630 
f 630/630/630 625/625/625 630/630/630 
f 625/625/625 631/631/631 630/630/630 
f 630/630/630 631/631/631 632/632/632 
f 631/631/631 633/633/633 632/632/632 
f 632/632/632 633/633/633 632/632/632 
f 633/633/633 634/634/634 632/632/632 
f 632/632/632 634/634/634 632/632/632 
f 634/634/634 635/635/635 632/632/632 
f 632/632/632 635/635/635 636/636/636 
f 635/635/635 635/635/635 636/636/636 
f 636/636/636 635/635/635 637/637/637 
f 635/635/635 638/638/638 637/637/637 
f 637/637/637 638/638/638 638/638/638 
f 638/638/638 629/629/629 638/638/638 
f 638/638/638 629/629/629 629/629/629 
f 629/629/629 630/630/630 629/629/629 
f 629/629/629 630/630/630 639/639/639 
f 630/630/630 630/630/630 639/639/639 
f 639/639/639 630/630/630 640/640/640 
f 630/630/630 630/630/630 640/640/640 
f 640/640/640 630/630/630 641/641/641 
f 630/630/630 632/632/632 641/641/641 
f 641/641/641 632/632/632 636/636/636 
f 632/632/632 636/636/636 636/636/636 
f 636/636/636 636/636/636 642/642/642 
f 636/636/636 642/642/642 642/642/642 
f 642/642/642 642/642/642 643/643/643 
f 642/642/642 644/644/644 643/643/643 
f 643/643/643 644/644/644 643/643/643 
f 644/644/644 645/645/645 643/643/643 
f 643/643/643 645/645/645 646/646/646 
f 645/645/645 647/647/647 646/646/646 
f 646/646/646 647/647/647 648/648/648 
f 647/647/647 648/648/648 648/648/648 
f 648/648/648 648/648/648 649/649/649 
f 648/648/648 649/649/649 649/649/649 
f 649/649/649 649/649/649 650/650/650 
f 649/649/649 651/651/651 650/650/650 
f 650/650/650 651/651/651 650/650/650 
f 651/651/651 652/652/652 650/650/650 
f 650/650/650 652/652/652 653/653/653 
f 652/652/652 653/653/653 653/653/653 
f 653/653/653 653/653/653 654/654/654 
f 653/653/653 654/654/654 654/654/654 
f 654/654/654 654/654/654 655/655/655 
f 654/654/654 656/656/656 655/655/655 
f 655/655/655 656/656/656 655/655/655 
f 656/656/656 657/657/657 655/655/655 
f 655/655/655 657/657/657 658/658/658 
f 657/657/657 659/659/659 658/658/658 
f 658/658/658 659/659/659 658/658/658 
f 659/659/659 660/660/660 658/658/658 
f 658/658/658 660/660/660 661/661/661 
f 660/660/660 662/662/662 661/661/661 
f 661/661/661 662/662/662 663/663/663 
f 662/662/662 663/663/663 663/663/663 
f 663/663/663 663/663/663 664/664/664 
f 663/663/663 664/664/664 664/664/664 
f 664/664/664 664/664/664 665/665/665 
f 664/664/664 666/666/666 665/665/665 
f 665/665/665 666/666/666 665/665/665 
f 666/666/666 667/667/667 665/665/665 
f 665/665/665 667/667/667 668/668/668 
f 667/667/667 669/669/669 668/668/668 
f 668/668/668 669/669/669 670/670/670 
f 669/669/669 671/671/671 670/670/670 
f 670/670/670 671/671/671 671/671/671 
f 671/671/671 672/672/672 671/671/671 
f 671/671/671 672/672/672 672/672/672 
f 672/672/672 673/673/673 672/672/672 
f 672/672/672 673/673/673 674/674/674 
f 673/673/673 675/675/675 674/674/674 
f 674/674/674 675/675/675 676/676/676 
f 675/675/675 677/677/677 676/676/676 
f 676/676/676 677/677/677 678/678/678 
f 677/677/677 679/679/679 678/678/678 
f 678/678/678 679/679/679 679/679/679 
f 679/679/679 680/680/680 679/679/679 
f 679/679/679 680/680/680 680/680/680 
f 680/680/680 681/681/681 680/680/680 
f 680/680/680 681/681/681 682/682/682 
f 681/681/681 681/681/681 682/682/682 
f 682/682/682 681/681/681 683/683/683 
f 681/681/681 684/684/684 683/683/683 
f 683/683/683 684/684/684 685/685/685 
f 684/684/684 685/685/685 685/685/685 
f 685/685/685 685/685/685 686/686/686 
f 685/685/685 686/686/686 686/686/686 
f 686/686/686 686/686/686 687/687/687 
f 686/686/686 688/688/688 687/687/687 
f 687/687/687 688/688/688 687/687/687 
f 688/688/688 689/689/689 687/687/687 
f 687/687/687 689/689/689 690/690/690 
f 689/689/689 689/689/689 690/690/690 
f 690/690/690 689/689/689 691/691/691 
f 689/689/689 692/692/692 691/691/691 
f 691/691/691 692/692/692 693/693/693 
f 692/692/692 692/692/692 693/693/693 
f 693/693/693 692/692/692 694/694/694 
f 692/692/692 692/692/692 694/694/694 
f 694/694/694 692/692/692 695/695/695 
f 692/692/692 689/689/689 695/695/695 
f 695/695/695 689/689/689 688/688/688 
f 689/689/689 688/688/688 688/688/688 
f 688/688/688 688/688/688 696/696/696 
f 688/688/688 696/696/696 696/696/696 
f 696/696/696 696/696/696 697/697/697 
f 696/696/696 698/698/698 697/697/697 
f 697/697/697 698/698/698 699/699/699 
f 698/698/698 700/700/700 699/699/699 
f 699/699/699 700/700/700 701/701/701 
f 700/700/700 701/701/701 701/701/701 
f 701/701/701 701/701/701 702/702/702 
f 701/701/701 702/702/702 702/702/702 
f 702/702/702 702/702/702 703/703/703 
f 702/702/702 704/704/704 703/703/703 
f 703/703/703 704/704/704 703/703/703 
f 704/704/704 705/705/705 703/703/703 
f 703/703/703 705/705/705 706/706/706 
f 705/705/705 707/707/707 706/706/706 
f 706/706/706 707/707/707 708/708/708 
f 707/707/707 709/709/709 708/708/708 
f 708/708/708 709/709/709 710/710/710 
f 709/709/709 711/711/711 710/710/710 
f 710/710/710 711/711/711 711/711/711 
f 711/711/711 712/712/712 711/711/711 
f 711/711/711 712/712/712 712/712/712 
f 712/712/712 713/713/713 712/712/712 
f 712/712/712 713/713/713 714/714/714 
f 713/713/713 715/715/715 714/714/714 
f 714/714/714 715/715/715 716/716/716 
f 715/715/715 717/717/717 716/716/716 
f 716/716/716 717/717/717 718/718/718 
f 717/717/717 719/719/719 718/718/718 
f 718/718/718 719/719/719 720/720/720 
f 719/719/719 721/721/721 720/720/720 
f 720/720/720 721/721/721 721/721/721 
f 721/721/721 722/722/722 721/721/721 
f 721/721/721 722/722/722 722/722/722 
f 722/722/722 723/723/723 722/722/722 
f 722/722/722 723/723/723 724/724/724 
f 723/723/723 725/725/725 724/724/724 
f 724/724/724 725/725/725 726/726/726 
f 725/725/725 727/727/727 726/726/726 
f 726/726/726 727/727/727 728/728/728 
f 727/727/727 729/729/729 728/728/728 
f 728/728/728 729/729/729 730/730/730 
f 729/729/729 730/730/730 730/730/730 
f 730/730/730 730/730/730 723/723/723 
f 730/730/730 723/723/723 723/723/723 
f 723/723/723 723/723/723 725/725/725 
f 723/723/723 731/731/731 725/725/725 
f 725/725/725 731/731/731 732/732/732 
f 731/731/731 733/733/733 732/732/732 
f 732/732/732 733/733/733 732/732/732 
f 733/733/733 734/734/734 732/732/732 
f 732/732/732 734/734/734 727/727/727 
f 734/734/734 729/729/729 727/727/727 
f 727/727/727 729/729/729 729/729/729 
f 729/729/729 732/732/732 729/729/729 
f 729/729/729 732/732/732 732/732/732 
f 732/732/732 727/727/727 732/732/732 
f 732/732/732 727/727/727 725/725/725 
f 727/727/727 725/725/725 725/725/725 
f 725/725/725 725/725/725 735/735/735 
f 725/725/725 735/735/735 735/735/735 
f 735/735/735 735/735/735 731/731/731 
f 735/735/735 736/736/736 731/731/731 
f 731/731/731 736/736/736 733/733/733 
f 736/736/736 737/737/737 733/733/733 
f 733/733/733 737/737/737 733/733/733 
f 737/737/737 738/738/738 733/733/733 
f 733/733/733 738/738/738 734/734/734 
f 738/738/738 739/739/739 734/734/734 
f 734/734/734 739/739/739 729/729/729 
f 739/739/739 740/740/740 729/729/729 
f 729/729/729 740/740/740 730/730/730 
f 740/740/740 730/730/730 730/730/730 
f 730/730/730 730/730/730 739/739/739 
f 730/730/730 739/739/739 739/739/739 
f 739/739/739 739/739/739 740/740/740 
f 739/739/739 738/738/738 740/740/740 
f 740/740/740 738/738/738 738/738/738 
f 738/738/738 741/741/741 738/738/738 
f 738/738/738 741/741/741 741/741/741 
f 741/741/741 742/742/742 741/741/741 
f 741/741/741 742/742/742 743/743/743 
f 742/742/742 744/744/744 743/743/743 
f 743/743/743 744/744/744 745/745/745 
f 744/744/744 746/746/746 745/745/745 
f 745/745/745 746/746/746 747/747/747 
f 746/746/746 748/748/748 747/747/747 
f 747/747/747 748/748/748 749/749/749 
f 748/748/748 750/750/750 749/749/749 
f 749/749/749 750/750/750 750/750/750 
f 750/750/750 751/751/751 750/750/750 
f 750/750/750 751/751/751 751/751/751 
f 751/751/751 752/752/752 751/751/751 
f 751/751/751 752/752/752 753/753/753 
f 752/752/752 752/752/752 753/753/753 
f 753/753/753 752/752/752 754/754/754 
f 752/752/752 755/755/755 754/754/754 
f 754/754/754 755/755/755 756/756/756 
f 755/755/755 756/756/756 756/756/756 
f 756/756/756 756/756/756 757/757/757 
f 756/756/756 757/757/757 757/757/757 
f 757/757/757 757/757/757 758/758/758 
f 757/757/757 759/759/759 758/758/758 
f 758/758/758 759/759/759 760/760/760 
f 759/759/759 761/761/761 760/760/760 
f 760/760/760 761/761/761 762/762/762 
f 761/761/761 763/763/763 762/762/762 
f 762/762/762 763/763/763 762/762/762 
f 763/763/763 764/764/764 762/762/762 
f 762/762/762 764/764/764 765/765/765 
f 764/764/764 766/766/766 765/765/765 
f 765/765/765 766/766/766 767/767/767 
f 766/766/766 768/768/768 767/767/767 
f 767/767/767 768/768/768 769/769/769 
f 768/768/768 770/770/770 769/769/769 
f 769/769/769 770/770/770 770/770/770 
f 770/770/770 758/758/758 770/770/770 
f 770/770/770 758/758/758 758/758/758 
f 758/758/758 760/760/760 758/758/758 
f 758/758/758 760/760/760 771/771/771 
f 760/760/760 772/772/772 771/771/771 
f 771/771/771 772/772/772 773/773/773 
f 772/772/772 773/773/773 773/773/773 
f 773/773/773 773/773/773 760/760/760 
f 773/773/773 760/760/760 760/760/760 
f 760/760/760 760/760/760 772/772/772 
f 760/760/760 762/762/762 772/772/772 
f 772/772/772 762/762/762 772/772/772 
f 762/762/762 765/765/765 772/772/772 
f 772/772/772 765/765/765 774/774/774 
f 765/765/765 767/767/767 774/774/774 
f 774/774/774 767/767/767 775/775/775 
f 767/767/767 769/769/769 775/775/775 
f 775/775/775 769/769/769 769/769/769 
f 769/769/769 775/775/775 769/769/769 
f 769/769/769 775/775/775 775/775/775 
f 775/775/775 776/776/776 775/775/775 
f 775/775/775 776/776/776 774/774/774 
f 776/776/776 773/773/773 774/774/774 
f 774/774/774 773/773/773 772/772/772 
f 773/773/773 772/772/772 772/772/772 
f 772/772/772 772/772/772 777/777/777 
f 772/772/772 777/777/777 777/777/777 
f 777/777/777 777/777/777 778/778/778 
f 777/777/777 779/779/779 778/778/778 
f 778/778/778 779/779/779 780/780/780 
f 779/779/779 781/781/781 780/780/780 
f 780/780/780 781/781/781 782/782/782 
f 781/781/781 782/782/782 782/782/782 
f 782/782/782 782/782/782 783/783/783 
f 782/782/782 783/783/783 783/783/783 
f 783/783/783 783/783/783 784/784/784 
f 783/783/783 785/785/785 784/784/784 
f 784/784/784 785/785/785 784/784/784 
f 785/785/785 786/786/786 784/784/784 
f 784/784/784 786/786/786 787/787/787 
f 786/786/786 788/788/788 787/787/787 
f 787/787/787 788/788/788 787/787/787 
f 788/788/788 789/789/789 787/787/787 
f 787/787/787 789/789/789 790/790/790 
f 789/789/789 791/791/791 790/790/790 
f 790/790/790 791/791/791 792/792/792 
f 791/791/791 792/792/792 792/792/792 
f 792/792/792 792/792/792 793/793/793 
f 792/792/792 793/793/793 793/793/793 
f 793/793/793 793/793/793 794/794/794 
f 793/793/793 795/795/795 794/794/794 
f 794/794/794 795/795/795 796/796/796 
f 795/795/795 797/797/797 796/796/796 
f 796/796/796 797/797/797 798/798/798 
f 797/797/797 799/799/799 798/798/798 
f 798/798/798 799/799/799 800/800/800 
f 799/799/799 800/800/800 800/800/800 
f 800/800/800 800/800/800 801/801/801 
f 800/800/800 801/801/801 801/801/801 
f 801/801/801 801/801/801 802/802/802 
f 801/801/801 803/803/803 802/802/802 
f 802/802/802 803/803/803 804/804/804 
f 803/803/803 805/805/805 804/804/804 
f 804/804/804 805/805/805 806/806/806 
f 805/805/805 807/807/807 806/806/806 
f 806/806/806 807/807/807 808/808/808 
f 807/807/807 808/808/808 808/808/808 
f 808/808/808 808/808/808 809/809/809 
f 808/808/808 809/809/809 809/809/809 
f 809/809/809 809/809/809 810/810/810 
f 809/809/809 811/811/811 810/810/810 
f 810/810/810 811/811/811 810/810/810 
f 811/811/811 812/812/812 810/810/810 
f 810/810/810 812/812/812 813/813/813 
f 812/812/812 814/814/814 813/813/813 
f 813/813/813 814/814/814 814/814/814 
f 814/814/814 815/815/815 814/814/814 
f 814/814/814 815/815/815 815/815/815 
f 815/815/815 816/816/816 815/815/815 
f 815/815/815 816/816/816 817/817/817 
f 816/816/816 818/818/818 817/817/817 
f 817/817/817 818/818/818 819/819/819 
f 818/818/818 820/820/820 819/819/819 
f 819/819/819 820/820/820 821/821/821 
f 820/820/820 820/820/820 821/821/821 
f 821/821/821 820/820/820 822/822/822 
f 820/820/820 820/820/820 822/822/822 
f 822/822/822 820/820/820 823/823/823 
f 820/820/820 818/818/818 823/823/823 
f 823/823/823 818/818/818 824/824/824 
f 818/818/818 816/816/816 824/824/824 
f 824/824/824 816/816/816 816/816/816 
f 816/816/816 825/825/825 816/816/816 
f 816/816/816 825/825/825 825/825/825 
f 825/825/825 826/826/826 825/825/825 
f 825/825/825 826/826/826 827/827/827 
f 826/826/826 828/828/828 827/827/827 
f 827/827/827 828/828/828 829/829/829 
f 828/828/828 830/830/830 829/829/829 
f 829/829/829 830/830/830 830/830/830 
f 830/830/830 831/831/831 830/830/830 
f 830/830/830 831/831/831 831/831/831 
f 831/831/831 832/832/832 831/831/831 
f 831/831/831 832/832/832 833/833/833 
f 832/832/832 832/832/832 833/833/833 
f 833/833/833 832/832/832 834/834/834 
f 832/832/832 835/835/835 834/834/834 
f 834/834/834 835/835/835 836/836/836 
f 835/835/835 837/837/837 836/836/836 
f 836/836/836 837/837/837 838/838/838 
f 837/837/837 839/839/839 838/838/838 
f 838/838/838 839/839/839 840/840/840 
f 839/839/839 840/840/840 840/840/840 
f 840/840/840 840/840/840 841/841/841 
f 840/840/840 841/841/841 841/841/841 
f 841/841/841 841/841/841 842/842/842 
f 841/841/841 843/843/843 842/842/842 
f 842/842/842 843/843/843 844/844/844 
f 843/843/843 845/845/845 844/844/844 
f 844/844/844 845/845/845 846/846/846 
f 845/845/845 847/847/847 846/846/846 
f 846/846/846 847/847/847 848/848/848 
f 847/847/847 849/849/849 848/848/848 
f 848/848/848 849/849/849 850/850/850 
f 849/849/849 850/850/850 850/850/850 
f 850/850/850 850/850/850 851/851/851 
f 850/850/850 851/851/851 851/851/851 
f 851/851/851 851/851/851 852/852/852 
f 851/851/851 853/853/853 852/852/852 
f 852/852/852 853/853/853 854/854/854 
f 853/853/853 855/855/855 854/854/854 
f 854/854/854 855/855/855 856/856/856 
f 855/855/855 857/857/857 856/856/856 
f 856/856/856 857/857/857 857/857/857 
f 857/857/857 852/852/852 857/857/857 
f 857/857/857 852/852/852 852/852/852 
f 852/852/852 854/854/854 852/852/852 
f 852/852/852 854/854/854 858/858/858 
f 854/854/854 859/859/859 858/858/858 
f 858/858/858 859/859/859 860/860/860 
f 859/859/859 861/861/861 860/860/860 
f 860/860/860 861/861/861 860/860/860 
f 861/861/861 862/862/862 860/860/860 
f 860/860/860 862/862/862 860/860/860 
f 862/862/862 863/863/863 860/860/860 
f 860/860/860 863/863/863 860/860/860 
f 863/863/863 864/864/864 860/860/860 
f 860/860/860 864/864/864 858/858/858 
f 864/864/864 865/865/865 858/858/858 
f 858/858/858 865/865/865 865/865/865 
f 865/865/865 854/854/854 865/865/865 
f 865/865/865 854/854/854 854/854/854 
f 854/854/854 856/856/856 854/854/854 
f 854/854/854 856/856/856 859/859/859 
f 856/856/856 856/856/856 859/859/859 
f 859/859/859 856/856/856 861/861/861 
f 856/856/856 866/866/866 861/861/861 
f 861/861/861 866/866/866 867/867/867 
f 866/866/866 868/868/868 867/867/867 
f 867/867/867 868/868/868 867/867/867 
f 868/868/868 862/862/862 867/867/867 
f 867/867/867 862/862/862 861/861/861 
f 862/862/862 861/861/861 861/861/861 
f 861/861/861 861/861/861 856/856/856 
f 861/861/861 856/856/856 856/856/856 
f 856/856/856 856/856/856 866/866/866 
f 856/856/856 857/857/857 866/866/866 
f 866/866/866 857/857/857 866/866/866 
f 857/857/857 869/869/869 866/866/866 
f 866/866/866 869/869/869 868/868/868 
f 869/869/869 868/868/868 868/868/868 
f 868/868/868 868/868/868 870/870/870 
f 868/868/868 870/870/870 870/870/870 
f 870/870/870 870/870/870 871/871/871 
f 870/870/870 872/872/872 871/871/871 
f 871/871/871 872/872/872 873/873/873 
f 872/872/872 874/874/874 873/873/873 
f 873/873/873 874/874/874 875/875/875 
f 874/874/874 876/876/876 875/875/875 
f 875/875/875 876/876/876 877/877/877 
f 876/876/876 878/878/878 877/877/877 
f 877/877/877 878/878/878 879/879/879 
f 878/878/878 879/879/879 879/879/879 
f 879/879/879 879/879/879 880/880/880 
f 879/879/879 880/880/880 880/880/880 
f 880/880/880 880/880/880 881/881/881 
f 880/880/880 882/882/882 881/881/881 
f 881/881/881 882/882/882 881/881/881 
f 882/882/882 883/883/883 881/881/881 
f 881/881/881 883/883/883 884/884/884 
f 883/883/883 885/885/885 884/884/884 
f 884/884/884 885/885/885 885/885/885 
f 885/885/885 886/886/886 885/885/885 
f 885/885/885 886/886/886 886/886/886 
f 886/886/886 887/887/887 886/886/886 
f 886/886/886 887/887/887 888/888/888 
f 887/887/887 887/887/887 888/888/888 
f 888/888/888 887/887/887 889/889/889 
f 887/887/887 887/887/887 889/889/889 
f 889/889/889 887/887/887 890/890/890 
f 887/887/887 891/891/891 890/890/890 
f 890/890/890 891/891/891 892/892/892 
f 891/891/891 891/891/891 892/892/892 
f 892/892/892 891/891/891 893/893/893 
f 891/891/891 894/894/894 893/893/893 
f 893/893/893 894/894/894 895/895/895 
f 894/894/894 895/895/895 895/895/895 
f 895/895/895 895/895/895 886/886/886 
f 895/895/895 886/886/886 886/886/886 
f 886/886/886 886/886/886 887/887/887 
f 886/886/886 896/896/896 887/887/887 
f 887/887/887 896/896/896 891/891/891 
f 896/896/896 894/894/894 891/891/891 
f 891/891/891 894/894/894 894/894/894 
f 894/894/894 892/892/892 894/894/894 
f 894/894/894 892/892/892 892/892/892 
f 892/892/892 897/897/897 892/892/892 
f 892/892/892 897/897/897 890/890/890 
f 897/897/897 898/898/898 890/890/890 
f 890/890/890 898/898/898 889/889/889 
f 898/898/898 899/899/899 889/889/889 
f 889/889/889 899/899/899 900/900/900 
f 899/899/899 899/899/899 900/900/900 
f 900/900/900 899/899/899 901/901/901 
f 899/899/899 902/902/902 901/901/901 
f 901/901/901 902/902/902 903/903/903 
f 902/902/902 903/903/903 903/903/903 
f 903/903/903 903/903/903 897/897/897 
f 903/903/903 897/897/897 897/897/897 
f 897/897/897 897/897/897 898/898/898 
f 897/897/897 904/904/904 898/898/898 
f 898/898/898 904/904/904 898/898/898 
f 904/904/904 905/905/905 898/898/898 
f 898/898/898 905/905/905 899/899/899 
f 905/905/905 902/902/902 899/899/899 
f 899/899/899 902/902/902 902/902/902 
f 902/902/902 889/889/889 902/902/902 
f 902/902/902 889/889/889 889/889/889 
f 889/889/889 900/900/900 889/889/889 
f 889/889/889 900/900/900 888/888/888 
f 900/900/900 888/888/888 888/888/888 
f 888/888/888 888/888/888 906/906/906 
f 888/888/888 906/906/906 906/906/906 
f 906/906/906 906/906/906 907/907/907 
f 906/906/906 908/908/908 907/907/907 
f 907/907/907 908/908/908 907/907/907 
f 908/908/908 909/909/909 907/907/907 
f 907/907/907 909/909/909 910/910/910 
f 909/909/909 911/911/911 910/910/910 
f 910/910/910 911/911/911 911/911/911 
f 911/911/911 912/912/912 911/911/911 
f 911/911/911 912/912/912 912/912/912 
f 912/912/912 913/913/913 912/912/912 
f 912/912/912 913/913/913 914/914/914 
f 913/913/913 915/915/915 914/914/914 
f 914/914/914 915/915/915 916/916/916 
f 915/915/915 917/917/917 916/916/916 
f 916/916/916 917/917/917 917/917/917 
f 917/917/917 918/918/918 917/917/917 
f 917/917/917 918/918/918 918/918/918 
f 918/918/918 919/919/919 918/918/918 
f 918/918/918 919/919/919 920/920/920 
f 919/919/919 919/919/919 920/920/920 
f 920/920/920 919/919/919 921/921/921 
f 919/919/919 922/922/922 921/921/921 
f 921/921/921 922/922/922 923/923/923 

