mtllib model_107.mtl
o model_107
v 1112.2691650390625 -247.42279052734375 259.0614013671875 
v 1133.417236328125 -247.42279052734375 258.8496398925781 
v 1121.692626953125 -229.00863647460938 254.72067260742188 
v 1142.329345703125 -237.2632598876953 249.85061645507812 
v 1146.52978515625 -229.00863647460938 240.4281005859375 
v 1117.4556884765625 -292.7173767089844 260.4377136230469 
v 1132.4676513671875 -292.2940673828125 259.27313232421875 
v 1120.2681884765625 -332.7205505371094 254.19134521484375 
v 1131.371826171875 -332.9322204589844 253.34437561035156 
v 1119.5377197265625 -341.8218078613281 251.6504364013672 
v 1130.276123046875 -337.37701416015625 252.28565979003906 
v 1128.8515625 -343.51507568359375 250.803466796875 
v 1139.918701171875 -332.0856018066406 246.88624572753906 
v 1138.6768798828125 -345.2083435058594 244.76882934570312 
v 1142.62158203125 -330.8156433105469 237.0402374267578 
v 1140.6492919921875 -346.478271484375 235.76979064941406 
v 1143.75390625 -292.7173767089844 250.5917205810547 
v 1142.8406982421875 -255.88906860351562 252.92088317871094 
v 1144.593994140625 -249.5393524169922 242.86312866210938 
v 1148.9404296875 -241.07308959960938 230.8997039794922 
v 1150.07275390625 -229.00863647460938 231.53492736816406 
v 1152.410400390625 -215.6742401123047 237.569580078125 
v 1129.1802978515625 -210.80613708496094 252.60325622558594 
v 1152.410400390625 -215.6742401123047 215.1249237060547 
v 1152.1546630859375 -229.00863647460938 215.1249237060547 
v 1150.07275390625 -229.00863647460938 198.6090545654297 
v 1152.410400390625 -215.67425537109375 192.57440185546875 
v 1146.52978515625 -229.00863647460938 189.71588134765625 
v 1121.692626953125 -229.00865173339844 175.4232940673828 
v 1129.1802978515625 -210.80615234375 177.54071044921875 
v 1147.1507568359375 -293.9873352050781 237.56959533691406 
v 1143.7904052734375 -260.9688415527344 239.15765380859375 
v 1112.2691650390625 -247.4228057861328 171.0825958251953 
v 1133.417236328125 -247.4228057861328 171.29434204101562 
v 1142.329345703125 -237.26327514648438 180.29336547851562 
v 1142.8406982421875 -255.8890838623047 177.22311401367188 
v 1132.4676513671875 -292.2940979003906 170.87086486816406 
v 1143.75390625 -292.7174072265625 179.55227661132812 
v 1131.371826171875 -332.9322204589844 176.7996368408203 
v 1120.2681884765625 -332.7205810546875 175.95266723632812 
v 1119.5377197265625 -341.8218078613281 178.4935760498047 
v 1130.276123046875 -337.3770446777344 177.8583526611328 
v 1128.8515625 -343.51507568359375 179.34054565429688 
v 1139.918701171875 -332.0856018066406 183.2577667236328 
v 1138.6768798828125 -345.2083435058594 185.3751983642578 
v 1142.62158203125 -330.8156433105469 193.10377502441406 
v 1140.6492919921875 -346.478271484375 194.37423706054688 
v 1117.4556884765625 -292.7174072265625 169.70628356933594 
v 1147.1507568359375 -293.9873352050781 192.5744171142578 
v 1143.7904052734375 -260.9688415527344 190.98634338378906 
v 1144.593994140625 -249.53936767578125 187.28085327148438 
v 1148.9404296875 -241.07310485839844 199.24427795410156 
v 1148.9404296875 -241.07308959960938 215.1249237060547 
v 1147.2237548828125 -247.8461151123047 226.34725952148438 
v 1145.6531982421875 -252.71421813964844 231.1114501953125 
v 1141.0145263671875 -256.1007385253906 218.4069366455078 
v 1147.2237548828125 -247.8461151123047 215.1249237060547 
v 1147.2237548828125 -247.8461151123047 203.79673767089844 
v 1145.6531982421875 -252.71421813964844 199.03253173828125 
v 1141.0145263671875 -256.1007385253906 211.737060546875 
v 1141.0145263671875 -256.1007385253906 215.1249237060547 
v 1123.190185546875 -260.5455322265625 219.35977172851562 
v 1123.0440673828125 -260.5455322265625 215.1249237060547 
v 1123.190185546875 -260.5455322265625 210.7842254638672 
v 1137.61767578125 -268.8001403808594 203.79673767089844 
v 1141.306640625 -295.2572937011719 204.74957275390625 
v 1138.3846435546875 -329.33404541015625 202.42042541503906 
v 1124.0302734375 -273.6682434082031 210.8900909423828 
v 1128.486328125 -296.3155517578125 211.52532958984375 
v 1128.88818359375 -328.2757873535156 207.6081085205078 
v 1127.1348876953125 -338.2236633300781 207.6081085205078 
v 1136.8505859375 -346.68994140625 202.84390258789062 
v 1125.89306640625 -345.63165283203125 207.6081085205078 
v 1128.7054443359375 -142.44091796875 250.06234741210938 
v 1126.6600341796875 -159.1618194580078 253.2384796142578 
v 1100.80029296875 -143.7108612060547 248.89776611328125 
v 1097.0382080078125 -154.92869567871094 238.94589233398438 
v 1103.7222900390625 -184.98397827148438 242.968994140625 
v 1103.7222900390625 -184.98397827148438 215.1249237060547 
v 1100.1793212890625 -206.14968872070312 237.569580078125 
v 1100.1793212890625 -206.14968872070312 215.1249237060547 
v 1100.1793212890625 -206.14968872070312 192.57440185546875 
v 1103.7222900390625 -184.98397827148438 187.1749725341797 
v 1129.1802978515625 -210.80615234375 177.54071044921875 
v 1130.276123046875 -184.7723388671875 176.270263671875 
v 1126.6600341796875 -159.1618194580078 176.90548706054688 
v 1097.0382080078125 -154.92869567871094 191.1980743408203 
v 1097.0382080078125 -154.92869567871094 215.12490844726562 
v 1095.759765625 -138.20777893066406 233.5464630126953 
v 1097.3668212890625 -127.83659362792969 247.83905029296875 
v 1097.549560546875 -128.68321228027344 231.7466583251953 
v 1095.832763671875 -138.41944885253906 215.12490844726562 
v 1095.759765625 -138.20777893066406 196.5974884033203 
v 1100.80029296875 -143.71087646484375 181.24620056152344 
v 1128.7054443359375 -142.44093322753906 180.08160400390625 
v 1130.276123046875 -184.77232360839844 253.8737030029297 
v 1129.1802978515625 -210.80613708496094 252.60325622558594 
v 1097.3668212890625 -127.83660125732422 182.30490112304688 
v 1097.549560546875 -128.6832275390625 198.3972930908203 
v 1102.553466796875 -116.61876678466797 201.14993286132812 
v 1107.119140625 -114.50220489501953 183.68121337890625 
v 1108.79931640625 -104.13101959228516 207.18458557128906 
v 1101.2750244140625 -116.19544982910156 215.12490844726562 
v 1105.548583984375 -103.07272338867188 215.12490844726562 
v 1108.79931640625 -104.13101959228516 222.95936584472656 
v 1102.553466796875 -116.61875915527344 228.99400329589844 
v 1107.119140625 -114.502197265625 246.4627227783203 
v 1096.89208984375 -128.89486694335938 215.12490844726562 
v 1087.5416259765625 -241.07308959960938 230.8997039794922 
v 1088.2720947265625 -256.3123779296875 226.34725952148438 
v 1092.7281494140625 -260.3338928222656 243.81597900390625 
v 1096.234619140625 -268.3768310546875 230.2644805908203 
v 1088.2720947265625 -256.3123779296875 215.1249237060547 
v 1087.5416259765625 -241.07308959960938 215.1249237060547 
v 1091.2672119140625 -229.00863647460938 240.3222198486328 
v 1099.010498046875 -252.07925415039062 254.08546447753906 
v 1098.8643798828125 -295.0456237792969 241.48681640625 
v 1102.26123046875 -296.1039123535156 228.46469116210938 
v 1113.5841064453125 -296.7388610839844 219.78326416015625 
v 1108.21484375 -273.6682434082031 220.8419647216797 
v 1105.3658447265625 -264.9903259277344 218.4069366455078 
v 1105.3658447265625 -264.9903259277344 215.12493896484375 
v 1123.190185546875 -260.5455322265625 219.35977172851562 
v 1123.0440673828125 -260.5455322265625 215.1249237060547 
v 1124.0302734375 -273.6682434082031 219.25390625 
v 1128.486328125 -296.3155517578125 218.61868286132812 
v 1128.88818359375 -328.2757873535156 222.53591918945312 
v 1117.784423828125 -328.0641174316406 223.27700805664062 
v 1127.1348876953125 -338.2236328125 222.53591918945312 
v 1116.5791015625 -343.9383850097656 223.3828887939453 
v 1125.89306640625 -345.63165283203125 222.53591918945312 
v 1109.237548828125 -328.9107360839844 229.84100341796875 
v 1106.53466796875 -330.1806640625 239.68701171875 
v 1109.52978515625 -342.456787109375 229.4175262451172 
v 1107.557373046875 -341.18682861328125 238.41656494140625 
v 1110.80810546875 -331.66229248046875 249.003662109375 
v 1111.3560791015625 -340.9751892089844 246.88624572753906 
v 1119.5377197265625 -341.8218078613281 251.6504364013672 
v 1120.2681884765625 -332.7205505371094 254.19134521484375 
v 1117.4556884765625 -292.7173767089844 260.4377136230469 
v 1104.7449951171875 -293.7756652832031 253.6619873046875 
v 1112.2691650390625 -247.42279052734375 259.0614013671875 
v 1121.692626953125 -229.00863647460938 254.72067260742188 
v 1129.1802978515625 -210.80613708496094 252.60325622558594 
v 1100.1793212890625 -206.14968872070312 237.569580078125 
v 1091.2672119140625 -229.00863647460938 215.1249237060547 
v 1100.1793212890625 -206.14968872070312 215.1249237060547 
v 1100.1793212890625 -206.14968872070312 192.57440185546875 
v 1091.2672119140625 -229.00863647460938 189.82176208496094 
v 1129.1802978515625 -210.80615234375 177.54071044921875 
v 1121.692626953125 -229.00865173339844 175.4232940673828 
v 1112.2691650390625 -247.4228057861328 171.0825958251953 
v 1099.010498046875 -252.0792694091797 176.05853271484375 
v 1104.7449951171875 -293.77569580078125 176.48202514648438 
v 1117.4556884765625 -292.7174072265625 169.70628356933594 
v 1110.80810546875 -331.66229248046875 181.14035034179688 
v 1120.2681884765625 -332.7205810546875 175.95266723632812 
v 1119.5377197265625 -341.8218078613281 178.4935760498047 
v 1111.3560791015625 -340.9751892089844 183.25778198242188 
v 1107.557373046875 -341.1868591308594 191.72744750976562 
v 1106.53466796875 -330.1806945800781 190.45700073242188 
v 1109.52978515625 -342.456787109375 200.7264862060547 
v 1098.8643798828125 -295.0456237792969 188.6571807861328 
v 1092.7281494140625 -260.3338928222656 186.32801818847656 
v 1087.5416259765625 -241.07310485839844 199.24427795410156 
v 1088.2720947265625 -256.3123779296875 203.79673767089844 
v 1105.3658447265625 -264.9903259277344 211.737060546875 
v 1123.190185546875 -260.5455322265625 210.7842254638672 
v 1124.0302734375 -273.6682434082031 210.8900909423828 
v 1108.21484375 -273.6682434082031 209.30203247070312 
v 1128.486328125 -296.3155517578125 211.52532958984375 
v 1096.234619140625 -268.3768310546875 199.8795166015625 
v 1113.5841064453125 -296.7388610839844 210.36074829101562 
v 1128.88818359375 -328.2757873535156 207.6081085205078 
v 1117.784423828125 -328.0641174316406 206.86700439453125 
v 1127.1348876953125 -338.2236633300781 207.6081085205078 
v 1116.5791015625 -343.9383850097656 206.76113891601562 
v 1125.89306640625 -345.63165283203125 207.6081085205078 
v 1109.237548828125 -328.9107360839844 200.30300903320312 
v 1102.26123046875 -296.1039123535156 201.6793212890625 
v 1125.89306640625 -345.63165283203125 222.53591918945312 
v 1127.1348876953125 -338.2236328125 222.53591918945312 
v 1136.8505859375 -346.6899108886719 227.30010986328125 
v 1138.3846435546875 -329.33404541015625 227.7235870361328 
v 1141.306640625 -295.2572937011719 225.39442443847656 
v 1128.486328125 -296.3155517578125 218.61868286132812 
v 1124.0302734375 -273.6682434082031 219.25390625 
v 1137.61767578125 -268.8001403808594 226.34725952148438 
v 1128.88818359375 -328.2757873535156 222.53591918945312 
v 1125.89306640625 -345.63165283203125 222.53591918945312 
v 1124.2860107421875 -349.8647766113281 222.00656127929688 
v 1116.5791015625 -343.9383850097656 223.3828887939453 
v 1113.510986328125 -353.2513122558594 221.90069580078125 
v 1121.7657470703125 -356.6378173828125 220.94784545898438 
v 1115.921630859375 -383.7298889160156 220.20675659179688 
v 1106.0233154296875 -379.0734558105469 221.1595916748047 
v 1115.958251953125 -454.42333984375 227.1942596435547 
v 1110.44287109375 -453.57672119140625 227.72361755371094 
v 1098.645263671875 -375.26361083984375 228.25296020507812 
v 1106.279052734375 -452.9417419433594 231.64083862304688 
v 1096.599853515625 -373.9936828613281 238.84005737304688 
v 1105.0372314453125 -452.7300720214844 237.4637451171875 
v 1100.61767578125 -375.47528076171875 248.79193115234375 
v 1107.2286376953125 -452.7300720214844 242.9690399169922 
v 1109.16455078125 -379.49676513671875 254.40309143066406 
v 1111.9769287109375 -453.36505126953125 246.03929138183594 
v 1115.9947509765625 -353.46295166015625 253.55612182617188 
v 1108.872314453125 -350.71142578125 248.2625732421875 
v 1105.548583984375 -349.8647766113281 238.7341766357422 
v 1107.3382568359375 -350.71142578125 228.6764373779297 
v 1109.52978515625 -342.456787109375 229.4175262451172 
v 1107.557373046875 -341.18682861328125 238.41656494140625 
v 1111.3560791015625 -340.9751892089844 246.88624572753906 
v 1119.5377197265625 -341.8218078613281 251.6504364013672 
v 1119.5377197265625 -341.8218078613281 251.6504364013672 
v 1125.9295654296875 -351.7696838378906 251.96804809570312 
v 1128.8515625 -343.51507568359375 250.803466796875 
v 1138.6768798828125 -345.2083435058594 244.76882934570312 
v 1115.9947509765625 -353.46295166015625 253.55612182617188 
v 1124.2493896484375 -356.6378173828125 252.7091522216797 
v 1109.16455078125 -379.49676513671875 254.40309143066406 
v 1119.0628662109375 -384.3648681640625 253.55612182617188 
v 1111.9769287109375 -453.36505126953125 246.03929138183594 
v 1117.4923095703125 -454.0000305175781 245.5099334716797 
v 1126.4774169921875 -388.1746826171875 246.35690307617188 
v 1121.692626953125 -454.42333984375 241.59271240234375 
v 1128.5228271484375 -389.44464111328125 235.76979064941406 
v 1122.89794921875 -454.8466491699219 235.76980590820312 
v 1124.505126953125 -387.7513732910156 225.8179168701172 
v 1120.7430419921875 -454.635009765625 230.26451110839844 
v 1115.921630859375 -383.7298889160156 220.20675659179688 
v 1115.958251953125 -454.42333984375 227.1942596435547 
v 1121.7657470703125 -356.6378173828125 220.94784545898438 
v 1128.8515625 -359.38934326171875 226.34727478027344 
v 1132.1754150390625 -360.4476318359375 235.8756561279297 
v 1130.3856201171875 -359.38934326171875 245.93341064453125 
v 1140.6492919921875 -346.478271484375 235.76979064941406 
v 1136.8505859375 -346.6899108886719 227.30010986328125 
v 1125.89306640625 -345.63165283203125 222.53591918945312 
v 1124.2860107421875 -349.8647766113281 222.00656127929688 
v 1126.62353515625 -178.8459014892578 281.6119079589844 
v 1126.3314208984375 -172.28456115722656 278.9651184082031 
v 1117.053955078125 -176.0943603515625 287.22308349609375 
v 1117.126953125 -169.95632934570312 285.10565185546875 
v 1126.80615234375 -160.00845336914062 272.61285400390625 
v 1116.7252197265625 -157.0452423095703 279.70623779296875 
v 1125.6373291015625 -139.90101623535156 260.01422119140625 
v 1120.779541015625 -137.14947509765625 269.1191101074219 
v 1121.98486328125 -131.64639282226562 267.8486633300781 
v 1126.7696533203125 -130.79977416992188 258.95550537109375 
v 1118.5880126953125 -123.81510925292969 266.3664855957031 
v 1128.7054443359375 -142.44091796875 250.06234741210938 
v 1125.4547119140625 -164.02993774414062 263.7196960449219 
v 1125.1259765625 -176.94100952148438 268.6956481933594 
v 1125.3087158203125 -183.2907257080078 272.18939208984375 
v 1114.4241943359375 -184.77232360839844 268.3780212402344 
v 1114.7894287109375 -179.2692413330078 264.7784118652344 
v 1113.7667236328125 -166.14649963378906 259.802490234375 
v 1100.80029296875 -143.7108612060547 248.89776611328125 
v 1102.4073486328125 -140.95932006835938 259.27313232421875 
v 1097.3668212890625 -127.83659362792969 247.83905029296875 
v 1100.1063232421875 -128.47154235839844 258.21441650390625 
v 1107.119140625 -114.502197265625 246.4627227783203 
v 1108.1053466796875 -117.46538543701172 257.15570068359375 
v 1104.7449951171875 -130.16481018066406 267.21343994140625 
v 1109.9315185546875 -123.18013000488281 266.0488586425781 
v 1118.5880126953125 -123.81510925292969 266.3664855957031 
v 1113.07275390625 -131.43475341796875 267.95452880859375 
v 1121.98486328125 -131.64639282226562 267.8486633300781 
v 1120.779541015625 -137.14947509765625 269.1191101074219 
v 1106.0233154296875 -137.78445434570312 268.6956481933594 
v 1103.685791015625 -163.60662841796875 266.0488586425781 
v 1105.511962890625 -176.94100952148438 270.81304931640625 
v 1106.096435546875 -182.02078247070312 274.30682373046875 
v 1106.71728515625 -172.28456115722656 281.0825500488281 
v 1107.2652587890625 -177.99928283691406 282.98822021484375 
v 1117.053955078125 -176.0943603515625 287.22308349609375 
v 1117.126953125 -169.95632934570312 285.10565185546875 
v 1116.7252197265625 -157.0452423095703 279.70623779296875 
v 1105.146728515625 -159.16180419921875 275.78900146484375 
v 1117.6749267578125 -182.444091796875 292.1990051269531 
v 1106.9730224609375 -184.77232360839844 288.0700378417969 
v 1117.053955078125 -176.0943603515625 287.22308349609375 
v 1107.2652587890625 -177.99928283691406 282.98822021484375 
v 1106.2059326171875 -189.85206604003906 277.4829406738281 
v 1106.096435546875 -182.02078247070312 274.30682373046875 
v 1114.4241943359375 -184.77232360839844 268.3780212402344 
v 1115.373779296875 -192.1802978515625 271.0248107910156 
v 1125.600830078125 -190.06373596191406 275.2596435546875 
v 1125.3087158203125 -183.2907257080078 272.18939208984375 
v 1127.2080078125 -184.9839630126953 285.84674072265625 
v 1126.62353515625 -178.8459014892578 281.6119079589844 
v 1117.053955078125 -176.0943603515625 287.22308349609375 
v 1117.6749267578125 -182.444091796875 292.1990051269531 
v 1125.7469482421875 -224.3521728515625 301.8332824707031 
v 1118.6610107421875 -222.65892028808594 306.4916076660156 
v 1118.62451171875 -229.0086212158203 306.9150695800781 
v 1123.920654296875 -230.06690979003906 303.5272216796875 
v 1123.6650390625 -228.16200256347656 294.2105712890625 
v 1121.98486328125 -233.0301055908203 297.8101806640625 
v 1116.9443359375 -228.58531188964844 291.14031982421875 
v 1117.3096923828125 -232.81846618652344 295.48101806640625 
v 1109.89501953125 -227.1037139892578 295.79864501953125 
v 1110.735107421875 -224.14051818847656 303.5272216796875 
v 1118.6610107421875 -222.65892028808594 306.4916076660156 
v 1118.62451171875 -229.0086212158203 306.9150695800781 
v 1112.6708984375 -230.06690979003906 304.6918029785156 
v 1112.013427734375 -231.76016235351562 298.9747619628906 
v 1133.4903564453125 -245.3061981201172 311.78515625 
v 1133.4537353515625 -247.42279052734375 309.5618591308594 
v 1127.9384765625 -239.1681671142578 310.19708251953125 
v 1127.098388671875 -241.91970825195312 306.4916076660156 
v 1126.2947998046875 -238.53318786621094 311.3616638183594 
v 1124.4320068359375 -240.86141967773438 305.3270263671875 
v 1126.7696533203125 -242.76632690429688 314.11431884765625 
v 1125.7469482421875 -243.40130615234375 309.2442626953125 
v 1126.002685546875 -247.21112060546875 311.8910217285156 
v 1127.098388671875 -247.21112060546875 316.0199890136719 
v 1127.2445068359375 -250.59764099121094 317.3963317871094 
v 1126.185302734375 -250.38597106933594 313.4790954589844 
v 1126.8427734375 -266.4718933105469 321.7370300292969 
v 1126.0391845703125 -265.4136047363281 318.8785095214844 
v 1112.013427734375 -231.76016235351562 298.9747619628906 
v 1112.6708984375 -230.06690979003906 304.6918029785156 
v 1109.420166015625 -238.9564971923828 306.068115234375 
v 1110.2967529296875 -237.89822387695312 312.1027526855469 
v 1108.0687255859375 -243.6129608154297 310.3029479980469 
v 1109.1280517578125 -243.18963623046875 315.17303466796875 
v 1107.8131103515625 -247.63442993164062 312.9497375488281 
v 1108.9088134765625 -247.63442993164062 316.97283935546875 
v 1109.34716796875 -251.0209503173828 318.1374206542969 
v 1108.2513427734375 -250.8092803955078 314.3260498046875 
v 1112.780517578125 -265.6252746582031 319.1961364746094 
v 1113.5841064453125 -266.6835632324219 322.1605224609375 
v 1112.013427734375 -231.76016235351562 298.9747619628906 
v 1109.420166015625 -238.9564971923828 306.068115234375 
v 1116.688720703125 -239.5914764404297 302.468505859375 
v 1116.2503662109375 -243.6129608154297 306.59747314453125 
v 1125.7469482421875 -243.40130615234375 309.2442626953125 
v 1126.002685546875 -247.21112060546875 311.8910217285156 
v 1124.4320068359375 -240.86141967773438 305.3270263671875 
v 1117.3096923828125 -232.81846618652344 295.48101806640625 
v 1121.98486328125 -233.0301055908203 297.8101806640625 
v 1129.9473876953125 -239.1681671142578 301.5156555175781 
v 1127.098388671875 -241.91970825195312 306.4916076660156 
v 1134.98779296875 -245.72950744628906 307.65618896484375 
v 1133.4537353515625 -247.42279052734375 309.5618591308594 
v 1108.0687255859375 -243.6129608154297 310.3029479980469 
v 1107.8131103515625 -247.63442993164062 312.9497375488281 
v 1116.3599853515625 -247.42279052734375 309.13836669921875 
v 1116.688720703125 -250.59764099121094 311.1499328613281 
v 1126.185302734375 -250.38597106933594 313.4790954589844 
v 1126.0391845703125 -265.4136047363281 318.8785095214844 
v 1119.0263671875 -264.99029541015625 317.6080627441406 
v 1108.2513427734375 -250.8092803955078 314.3260498046875 
v 1112.780517578125 -265.6252746582031 319.1961364746094 
v 1142.5850830078125 -98.62793731689453 224.1239471435547 
v 1142.80419921875 -94.39479064941406 224.75917053222656 
v 1138.4942626953125 -86.5634765625 229.41748046875 
v 1143.9365234375 -85.08187103271484 225.0767822265625 
v 1141.9276123046875 -77.88554382324219 228.14703369140625 
v 1145.141845703125 -73.86404418945312 222.53587341308594 
v 1147.369873046875 -84.44689178466797 219.25387573242188 
v 1148.465576171875 -76.19229888916016 215.12490844726562 
v 1146.7855224609375 -68.57262420654297 221.47715759277344 
v 1142.43896484375 -68.57262420654297 226.45309448242188 
v 1141.306640625 -72.80574798583984 227.93528747558594 
v 1133.8189697265625 -68.99596405029297 231.85252380371094 
v 1144.3382568359375 -100.95613861083984 215.12490844726562 
v 1145.5435791015625 -96.93466186523438 215.12490844726562 
v 1142.8406982421875 -61.799583435058594 227.08831787109375 
v 1148.100341796875 -60.95296096801758 215.12489318847656 
v 1129.7647705078125 -53.121673583984375 229.6292266845703 
v 1131.298828125 -48.888553619384766 215.12489318847656 
v 1129.7647705078125 -53.12167739868164 200.5146942138672 
v 1142.8406982421875 -61.79958724975586 203.05560302734375 
v 1133.8189697265625 -68.99596405029297 198.29141235351562 
v 1142.43896484375 -68.5726318359375 203.69082641601562 
v 1146.7855224609375 -68.5726318359375 208.66676330566406 
v 1147.9542236328125 -68.78429412841797 215.12489318847656 
v 1145.141845703125 -73.86404418945312 207.60806274414062 
v 1141.306640625 -72.80575561523438 202.20863342285156 
v 1141.9276123046875 -77.88554382324219 201.9969024658203 
v 1138.4942626953125 -86.56348419189453 200.7264404296875 
v 1143.9365234375 -85.08187866210938 205.06715393066406 
v 1147.369873046875 -84.4468994140625 210.8900604248047 
v 1153.1773681640625 -84.0235824584961 215.12490844726562 
v 1148.2099609375 -87.62177276611328 215.12490844726562 
v 1142.80419921875 -94.39479064941406 205.384765625 
v 1142.5850830078125 -98.62793731689453 206.02000427246094 
v 1138.4942626953125 -86.5634765625 229.41748046875 
v 1131.4449462890625 -88.25672912597656 231.64077758789062 
v 1142.5850830078125 -98.62793731689453 224.1239471435547 
v 1132.2119140625 -97.56964111328125 225.18264770507812 
v 1124.4320068359375 -88.46839141845703 231.4290313720703 
v 1124.870361328125 -81.27204132080078 233.44058227539062 
v 1120.049072265625 -78.73216247558594 233.334716796875 
v 1111.3560791015625 -85.71685028076172 228.57052612304688 
v 1118.0401611328125 -75.34566497802734 233.54644775390625 
v 1105.98681640625 -80.6370849609375 231.00555419921875 
v 1104.598876953125 -64.5511245727539 228.14703369140625 
v 1118.25927734375 -71.53583526611328 233.01710510253906 
v 1121.3638916015625 -69.63092041015625 233.65232849121094 
v 1114.89892578125 -55.87321090698242 231.00555419921875 
v 1123.8841552734375 -71.53583526611328 234.71102905273438 
v 1129.7647705078125 -53.121673583984375 229.6292266845703 
v 1133.8189697265625 -68.99596405029297 231.85252380371094 
v 1131.298828125 -48.888553619384766 215.12489318847656 
v 1112.9266357421875 -50.37013244628906 215.12489318847656 
v 1100.6541748046875 -63.492881774902344 215.12489318847656 
v 1099.960205078125 -80.6370849609375 215.12490844726562 
v 1108.5435791015625 -90.3733139038086 215.12490844726562 
v 1112.050048828125 -90.1616439819336 223.48870849609375 
v 1119.9759521484375 -93.54816436767578 227.40594482421875 
v 1127.5732421875 -99.47456359863281 223.48870849609375 
v 1133.34423828125 -101.16780853271484 215.12490844726562 
v 1144.3382568359375 -100.95613861083984 215.12490844726562 
v 1130.093505859375 -101.37947845458984 215.12490844726562 
v 1123.8841552734375 -71.53583526611328 234.71102905273438 
v 1120.9256591796875 -69.20758056640625 235.76974487304688 
v 1121.3638916015625 -69.63092041015625 233.65232849121094 
v 1117.6749267578125 -71.53583526611328 236.51084899902344 
v 1118.25927734375 -71.53583526611328 233.01710510253906 
v 1117.4556884765625 -75.34566497802734 236.1932373046875 
v 1118.0401611328125 -75.34566497802734 233.54644775390625 
v 1119.3916015625 -78.94383239746094 235.24038696289062 
v 1120.049072265625 -78.73216247558594 233.334716796875 
v 1124.870361328125 -81.27204132080078 233.44058227539062 
v 1125.89306640625 -345.63165283203125 207.6081085205078 
v 1124.2860107421875 -349.8647766113281 208.13746643066406 
v 1116.5791015625 -343.9383850097656 206.76113891601562 
v 1113.510986328125 -353.2513122558594 208.2433319091797 
v 1121.7657470703125 -356.6378173828125 209.1961669921875 
v 1115.921630859375 -383.72991943359375 209.93727111816406 
v 1106.0233154296875 -379.0734558105469 208.98443603515625 
v 1115.958251953125 -454.42333984375 202.94979858398438 
v 1110.44287109375 -453.57672119140625 202.42044067382812 
v 1098.645263671875 -375.26361083984375 201.8910675048828 
v 1106.279052734375 -452.9417419433594 198.5032196044922 
v 1096.599853515625 -373.9936828613281 191.30397033691406 
v 1105.0372314453125 -452.7301025390625 192.68031311035156 
v 1100.61767578125 -375.47528076171875 181.3520965576172 
v 1107.2286376953125 -452.7301025390625 187.17501831054688 
v 1109.16455078125 -379.49676513671875 175.74093627929688 
v 1111.9769287109375 -453.36505126953125 184.10476684570312 
v 1115.9947509765625 -353.46295166015625 176.58790588378906 
v 1108.872314453125 -350.71142578125 181.88145446777344 
v 1105.548583984375 -349.8647766113281 191.4098358154297 
v 1107.3382568359375 -350.71142578125 201.46759033203125 
v 1109.52978515625 -342.456787109375 200.7264862060547 
v 1107.557373046875 -341.1868591308594 191.72744750976562 
v 1111.3560791015625 -340.9751892089844 183.25778198242188 
v 1119.5377197265625 -341.8218078613281 178.4935760498047 
v 1119.5377197265625 -341.8218078613281 178.4935760498047 
v 1125.9295654296875 -351.76971435546875 178.17596435546875 
v 1128.8515625 -343.51507568359375 179.34054565429688 
v 1138.6768798828125 -345.2083435058594 185.3751983642578 
v 1115.9947509765625 -353.46295166015625 176.58790588378906 
v 1124.2493896484375 -356.6378173828125 177.43487548828125 
v 1109.16455078125 -379.49676513671875 175.74093627929688 
v 1119.0628662109375 -384.3648681640625 176.58790588378906 
v 1111.9769287109375 -453.36505126953125 184.10476684570312 
v 1117.4923095703125 -454.0000305175781 184.6341094970703 
v 1126.4774169921875 -388.1747131347656 183.78713989257812 
v 1121.692626953125 -454.42333984375 188.5513458251953 
v 1128.5228271484375 -389.44464111328125 194.37423706054688 
v 1122.89794921875 -454.8466491699219 194.37425231933594 
v 1124.505126953125 -387.75140380859375 204.32611083984375 
v 1120.7430419921875 -454.635009765625 199.87953186035156 
v 1115.921630859375 -383.72991943359375 209.93727111816406 
v 1115.958251953125 -454.42333984375 202.94979858398438 
v 1121.7657470703125 -356.6378173828125 209.1961669921875 
v 1128.8515625 -359.38934326171875 203.7967529296875 
v 1132.1754150390625 -360.4476318359375 194.2683563232422 
v 1130.3856201171875 -359.38934326171875 184.2106170654297 
v 1140.6492919921875 -346.478271484375 194.37423706054688 
v 1136.8505859375 -346.68994140625 202.84390258789062 
v 1125.89306640625 -345.63165283203125 207.6081085205078 
v 1124.2860107421875 -349.8647766113281 208.13746643066406 
v 1126.62353515625 -178.84593200683594 148.5320587158203 
v 1126.3314208984375 -172.28457641601562 151.1788330078125 
v 1117.053955078125 -176.09439086914062 142.9208984375 
v 1117.126953125 -169.9563446044922 145.03831481933594 
v 1126.80615234375 -160.0084686279297 157.53109741210938 
v 1116.7252197265625 -157.04527282714844 150.43772888183594 
v 1125.6373291015625 -139.90103149414062 170.12973022460938 
v 1120.779541015625 -137.1494903564453 161.0248260498047 
v 1121.98486328125 -131.6464080810547 162.29527282714844 
v 1126.7696533203125 -130.79978942871094 171.18844604492188 
v 1118.5880126953125 -123.81512451171875 163.7774658203125 
v 1128.7054443359375 -142.44093322753906 180.08160400390625 
v 1125.4547119140625 -164.0299530029297 166.42425537109375 
v 1125.1259765625 -176.9410400390625 161.4483184814453 
v 1125.3087158203125 -183.29074096679688 157.95457458496094 
v 1114.4241943359375 -184.7723388671875 161.76593017578125 
v 1114.7894287109375 -179.26925659179688 165.3655548095703 
v 1105.511962890625 -176.9410400390625 159.33090209960938 
v 1106.096435546875 -182.0207977294922 155.837158203125 
v 1106.71728515625 -172.28457641601562 149.06141662597656 
v 1107.2652587890625 -177.99929809570312 147.15573120117188 
v 1117.053955078125 -176.09439086914062 142.9208984375 
v 1117.126953125 -169.9563446044922 145.03831481933594 
v 1116.7252197265625 -157.04527282714844 150.43772888183594 
v 1105.146728515625 -159.16183471679688 154.35496520996094 
v 1120.779541015625 -137.1494903564453 161.0248260498047 
v 1106.0233154296875 -137.78448486328125 161.4483184814453 
v 1104.7449951171875 -130.1648406982422 162.93051147460938 
v 1113.07275390625 -131.4347686767578 162.1894073486328 
v 1121.98486328125 -131.6464080810547 162.29527282714844 
v 1118.5880126953125 -123.81512451171875 163.7774658203125 
v 1109.9315185546875 -123.18014526367188 164.0950927734375 
v 1108.1053466796875 -117.46539306640625 172.98825073242188 
v 1100.1063232421875 -128.4715576171875 171.92953491210938 
v 1107.119140625 -114.50220489501953 183.68121337890625 
v 1097.3668212890625 -127.83660125732422 182.30490112304688 
v 1102.4073486328125 -140.95933532714844 170.87083435058594 
v 1103.685791015625 -163.6066436767578 164.0950927734375 
v 1113.7667236328125 -166.14651489257812 170.3414764404297 
v 1100.80029296875 -143.71087646484375 181.24620056152344 
v 1118.62451171875 -229.00865173339844 123.22889709472656 
v 1112.6708984375 -230.0669403076172 125.45219421386719 
v 1118.6610107421875 -222.65895080566406 123.65238189697266 
v 1110.735107421875 -224.1405487060547 126.61676788330078 
v 1117.6749267578125 -182.44412231445312 137.94496154785156 
v 1106.9730224609375 -184.77235412597656 142.0739288330078 
v 1117.053955078125 -176.09439086914062 142.9208984375 
v 1107.2652587890625 -177.99929809570312 147.15573120117188 
v 1112.013427734375 -231.76019287109375 131.16921997070312 
v 1109.89501953125 -227.10372924804688 134.34535217285156 
v 1117.3096923828125 -232.8184814453125 134.6629638671875 
v 1116.9443359375 -228.58534240722656 139.00367736816406 
v 1121.98486328125 -233.03013610839844 132.33380126953125 
v 1123.6650390625 -228.1620330810547 135.93341064453125 
v 1123.920654296875 -230.0669403076172 126.61676788330078 
v 1125.7469482421875 -224.35218811035156 128.31069946289062 
v 1118.62451171875 -229.00865173339844 123.22889709472656 
v 1118.6610107421875 -222.65895080566406 123.65238189697266 
v 1127.2080078125 -184.98399353027344 144.29721069335938 
v 1117.6749267578125 -182.44412231445312 137.94496154785156 
v 1117.053955078125 -176.09439086914062 142.9208984375 
v 1126.62353515625 -178.84593200683594 148.5320587158203 
v 1125.3087158203125 -183.29074096679688 157.95457458496094 
v 1125.600830078125 -190.0637664794922 154.8843231201172 
v 1114.4241943359375 -184.7723388671875 161.76593017578125 
v 1115.373779296875 -192.18032836914062 159.11915588378906 
v 1106.2059326171875 -189.8520965576172 152.66102600097656 
v 1106.096435546875 -182.0207977294922 155.837158203125 
v 1133.4903564453125 -245.3062286376953 118.35883331298828 
v 1127.9384765625 -239.16819763183594 119.9468994140625 
v 1133.4537353515625 -247.42282104492188 120.58212280273438 
v 1127.098388671875 -241.91973876953125 123.65238189697266 
v 1126.2947998046875 -238.53321838378906 118.78231811523438 
v 1124.4320068359375 -240.86143493652344 124.81696319580078 
v 1126.7696533203125 -242.766357421875 116.02967071533203 
v 1125.7469482421875 -243.40133666992188 120.89974212646484 
v 1126.002685546875 -247.21115112304688 118.25296783447266 
v 1127.098388671875 -247.21115112304688 114.1240005493164 
v 1127.2445068359375 -250.59767150878906 112.74766540527344 
v 1126.185302734375 -250.38600158691406 116.6648941040039 
v 1126.8427734375 -266.4719543457031 108.4069595336914 
v 1126.0391845703125 -265.41363525390625 111.2654800415039 
v 1112.013427734375 -231.76019287109375 131.16921997070312 
v 1112.6708984375 -230.0669403076172 125.45219421386719 
v 1109.420166015625 -238.95652770996094 124.07586669921875 
v 1110.2967529296875 -237.89825439453125 118.04122161865234 
v 1108.0687255859375 -243.6129913330078 119.84103393554688 
v 1109.1280517578125 -243.18966674804688 114.9709701538086 
v 1107.8131103515625 -247.63446044921875 117.19425964355469 
v 1108.9088134765625 -247.63446044921875 113.17115783691406 
v 1109.34716796875 -251.02098083496094 112.00657653808594 
v 1108.2513427734375 -250.80931091308594 115.81793212890625 
v 1112.780517578125 -265.62530517578125 110.94786834716797 
v 1113.5841064453125 -266.68359375 107.98348236083984 
v 1112.013427734375 -231.76019287109375 131.16921997070312 
v 1109.420166015625 -238.95652770996094 124.07586669921875 
v 1116.688720703125 -239.5915069580078 127.67548370361328 
v 1116.2503662109375 -243.6129913330078 123.54651641845703 
v 1125.7469482421875 -243.40133666992188 120.89974212646484 
v 1126.002685546875 -247.21115112304688 118.25296783447266 
v 1124.4320068359375 -240.86143493652344 124.81696319580078 
v 1117.3096923828125 -232.8184814453125 134.6629638671875 
v 1121.98486328125 -233.03013610839844 132.33380126953125 
v 1129.9473876953125 -239.16819763183594 128.62832641601562 
v 1127.098388671875 -241.91973876953125 123.65238189697266 
v 1134.98779296875 -245.7295379638672 122.48780822753906 
v 1133.4537353515625 -247.42282104492188 120.58212280273438 
v 1108.0687255859375 -243.6129913330078 119.84103393554688 
v 1107.8131103515625 -247.63446044921875 117.19425964355469 
v 1116.3599853515625 -247.42282104492188 121.00560760498047 
v 1116.688720703125 -250.59767150878906 118.99406433105469 
v 1126.185302734375 -250.38600158691406 116.6648941040039 
v 1126.0391845703125 -265.41363525390625 111.2654800415039 
v 1119.0263671875 -264.9903259277344 112.53592681884766 
v 1108.2513427734375 -250.80931091308594 115.81793212890625 
v 1112.780517578125 -265.62530517578125 110.94786834716797 
v 1138.4942626953125 -86.56348419189453 200.7264404296875 
v 1131.4449462890625 -88.25672912597656 198.50315856933594 
v 1142.5850830078125 -98.62793731689453 206.02000427246094 
v 1132.2119140625 -97.56964874267578 204.96128845214844 
v 1124.4320068359375 -88.46839904785156 198.71490478515625 
v 1124.870361328125 -81.27204132080078 196.70335388183594 
v 1120.049072265625 -78.73217010498047 196.80921936035156 
v 1111.3560791015625 -85.71685791015625 201.5734100341797 
v 1118.0401611328125 -75.34567260742188 196.59747314453125 
v 1105.98681640625 -80.6370849609375 199.1383819580078 
v 1104.598876953125 -64.55113220214844 201.9969024658203 
v 1118.25927734375 -71.53584289550781 197.1268310546875 
v 1121.3638916015625 -69.63092041015625 196.49160766601562 
v 1114.89892578125 -55.87321853637695 199.1383819580078 
v 1123.8841552734375 -71.53584289550781 195.43289184570312 
v 1129.7647705078125 -53.12167739868164 200.5146942138672 
v 1133.8189697265625 -68.99596405029297 198.29141235351562 
v 1131.298828125 -48.888553619384766 215.12489318847656 
v 1112.9266357421875 -50.37013244628906 215.12489318847656 
v 1100.6541748046875 -63.492881774902344 215.12489318847656 
v 1099.960205078125 -80.6370849609375 215.12490844726562 
v 1108.5435791015625 -90.3733139038086 215.12490844726562 
v 1112.050048828125 -90.1616439819336 206.6552276611328 
v 1119.9759521484375 -93.54817199707031 202.7379913330078 
v 1127.5732421875 -99.47456359863281 206.6552276611328 
v 1133.34423828125 -101.16780853271484 215.12490844726562 
v 1144.3382568359375 -100.95613861083984 215.12490844726562 
v 1130.093505859375 -101.37947845458984 215.12490844726562 
v 1123.8841552734375 -71.53584289550781 195.43289184570312 
v 1120.9256591796875 -69.20758819580078 194.3741912841797 
v 1121.3638916015625 -69.63092041015625 196.49160766601562 
v 1117.6749267578125 -71.53584289550781 193.63308715820312 
v 1118.25927734375 -71.53584289550781 197.1268310546875 
v 1117.4556884765625 -75.34567260742188 193.95069885253906 
v 1118.0401611328125 -75.34567260742188 196.59747314453125 
v 1119.3916015625 -78.94384002685547 194.90353393554688 
v 1120.049072265625 -78.73217010498047 196.80921936035156 
v 1124.870361328125 -81.27204132080078 196.70335388183594 
v 1129.1802978515625 -210.80615234375 177.54071044921875 
v 1130.276123046875 -184.7723388671875 176.270263671875 
v 1152.410400390625 -215.67425537109375 192.57440185546875 
v 1154.2000732421875 -184.3489990234375 189.71588134765625 
v 1152.410400390625 -215.6742401123047 215.1249237060547 
v 1154.2000732421875 -184.3489990234375 215.1249237060547 
v 1154.2000732421875 -184.3489990234375 240.42808532714844 
v 1152.410400390625 -215.6742401123047 237.569580078125 
v 1156.3551025390625 -163.8182830810547 191.1980743408203 
v 1126.6600341796875 -159.1618194580078 176.90548706054688 
v 1155.9898681640625 -147.7323455810547 193.31549072265625 
v 1128.7054443359375 -142.44093322753906 180.08160400390625 
v 1142.25634765625 -132.70469665527344 194.05657958984375 
v 1129.874267578125 -130.79978942871094 181.4579315185547 
v 1132.1754150390625 -116.1954574584961 203.902587890625 
v 1123.2998046875 -115.98381042480469 183.2577362060547 
v 1124.6146240234375 -108.57581329345703 207.18458557128906 
v 1116.7252197265625 -106.2475814819336 203.26734924316406 
v 1107.119140625 -114.50220489501953 183.68121337890625 
v 1108.79931640625 -104.13101959228516 207.18458557128906 
v 1127.865478515625 -109.42243194580078 215.12490844726562 
v 1132.1754150390625 -116.19544982910156 215.12490844726562 
v 1142.25634765625 -132.70469665527344 215.12490844726562 
v 1155.9898681640625 -147.7323455810547 215.12490844726562 
v 1156.3551025390625 -163.8182830810547 215.12490844726562 
v 1156.3551025390625 -163.81826782226562 238.94589233398438 
v 1130.276123046875 -184.77232360839844 253.8737030029297 
v 1126.6600341796875 -159.1618194580078 253.2384796142578 
v 1155.9898681640625 -147.73233032226562 236.82846069335938 
v 1142.25634765625 -132.70469665527344 236.08737182617188 
v 1129.1802978515625 -210.80613708496094 252.60325622558594 
v 1128.7054443359375 -142.44091796875 250.06234741210938 
v 1129.874267578125 -130.79977416992188 248.68601989746094 
v 1132.1754150390625 -116.19544982910156 226.24136352539062 
v 1123.2998046875 -115.98380279541016 246.88621520996094 
v 1124.6146240234375 -108.5758056640625 222.95936584472656 
v 1116.7252197265625 -106.2475814819336 226.8765869140625 
v 1107.119140625 -114.502197265625 246.4627227783203 
v 1108.79931640625 -104.13101959228516 222.95936584472656 
v 1107.119140625 -114.502197265625 246.4627227783203 
v 1123.2998046875 -115.98380279541016 246.88621520996094 
v 1108.1053466796875 -117.46538543701172 257.15570068359375 
v 1121.4005126953125 -118.73534393310547 257.5791931152344 
v 1109.9315185546875 -123.18013000488281 266.0488586425781 
v 1129.874267578125 -130.79977416992188 248.68601989746094 
v 1127.865478515625 -109.42243194580078 215.12490844726562 
v 1124.6146240234375 -108.5758056640625 222.95936584472656 
v 1130.093505859375 -101.37947845458984 215.12490844726562 
v 1127.5732421875 -99.47456359863281 223.48870849609375 
v 1116.7252197265625 -106.2475814819336 226.8765869140625 
v 1119.9759521484375 -93.54816436767578 227.40594482421875 
v 1108.79931640625 -104.13101959228516 222.95936584472656 
v 1112.050048828125 -90.1616439819336 223.48870849609375 
v 1105.548583984375 -103.07272338867188 215.12490844726562 
v 1108.5435791015625 -90.3733139038086 215.12490844726562 
v 1112.050048828125 -90.1616439819336 206.6552276611328 
v 1108.79931640625 -104.13101959228516 207.18458557128906 
v 1119.9759521484375 -93.54817199707031 202.7379913330078 
v 1116.7252197265625 -106.2475814819336 203.26734924316406 
v 1127.5732421875 -99.47456359863281 206.6552276611328 
v 1124.6146240234375 -108.57581329345703 207.18458557128906 
v 1130.093505859375 -101.37947845458984 215.12490844726562 
v 1127.865478515625 -109.42243194580078 215.12490844726562 
v 1117.053955078125 -481.51544189453125 226.66490173339844 
v 1107.922607421875 -468.3927001953125 227.51187133789062 
v 1109.602783203125 -481.51544189453125 227.406005859375 
v 1102.188232421875 -468.3927001953125 232.17019653320312 
v 1103.831787109375 -481.51544189453125 232.805419921875 
v 1100.4715576171875 -468.1810302734375 239.0518035888672 
v 1102.1151123046875 -481.51544189453125 240.74574279785156 
v 1103.4300537109375 -467.9693908691406 245.7216796875 
v 1105.07373046875 -481.7270812988281 248.3684539794922 
v 1109.9315185546875 -467.7577209472656 249.32130432128906 
v 1111.648193359375 -481.7270812988281 252.60330200195312 
v 1111.9769287109375 -453.36505126953125 246.03929138183594 
v 1107.2286376953125 -452.7300720214844 242.9690399169922 
v 1105.0372314453125 -452.7300720214844 237.4637451171875 
v 1106.279052734375 -452.9417419433594 231.64083862304688 
v 1110.44287109375 -453.57672119140625 227.72361755371094 
v 1115.3372802734375 -468.6043701171875 226.77078247070312 
v 1115.958251953125 -454.42333984375 227.1942596435547 
v 1129.80126953125 -466.276123046875 247.09800720214844 
v 1154.16357421875 -476.0123596191406 250.27413940429688 
v 1117.4923095703125 -454.0000305175781 245.5099334716797 
v 1117.2730712890625 -467.7577209472656 249.21542358398438 
v 1109.9315185546875 -467.7577209472656 249.32130432128906 
v 1111.648193359375 -481.7270812988281 252.60330200195312 
v 1119.0628662109375 -481.9387512207031 251.86219787597656 
v 1154.7479248046875 -482.150390625 251.86219787597656 
v 1111.9769287109375 -453.36505126953125 246.03929138183594 
v 1152.7391357421875 -481.7270812988281 226.66490173339844 
v 1159.3135986328125 -481.7270812988281 230.7938690185547 
v 1123.2998046875 -481.9387512207031 231.32322692871094 
v 1126.148681640625 -482.1504211425781 238.5224609375 
v 1117.053955078125 -481.51544189453125 226.66490173339844 
v 1113.2188720703125 -481.9387512207031 237.14613342285156 
v 1109.602783203125 -481.51544189453125 227.406005859375 
v 1103.831787109375 -481.51544189453125 232.805419921875 
v 1113.4014892578125 -481.9387512207031 243.0749053955078 
v 1102.1151123046875 -481.51544189453125 240.74574279785156 
v 1111.648193359375 -481.7270812988281 252.60330200195312 
v 1105.07373046875 -481.7270812988281 248.3684539794922 
v 1119.0628662109375 -481.9387512207031 251.86219787597656 
v 1124.505126953125 -482.150390625 246.03929138183594 
v 1160.592041015625 -482.150390625 246.46278381347656 
v 1162.3087158203125 -481.9387512207031 238.4165802001953 
v 1154.7479248046875 -482.150390625 251.86219787597656 
v 1115.958251953125 -454.42333984375 227.1942596435547 
v 1128.3768310546875 -466.6994323730469 229.09994506835938 
v 1115.3372802734375 -468.6043701171875 226.77078247070312 
v 1152.227783203125 -476.6473388671875 228.67645263671875 
v 1117.053955078125 -481.51544189453125 226.66490173339844 
v 1152.7391357421875 -481.7270812988281 226.66490173339844 
v 1126.8427734375 -266.4718933105469 321.7370300292969 
v 1127.2445068359375 -250.59764099121094 317.3963317871094 
v 1120.596923828125 -267.10687255859375 323.43096923828125 
v 1118.80712890625 -251.0209503173828 320.57244873046875 
v 1113.5841064453125 -266.6835632324219 322.1605224609375 
v 1109.34716796875 -251.0209503173828 318.1374206542969 
v 1118.551513671875 -247.42279052734375 319.7254638671875 
v 1108.9088134765625 -247.63442993164062 316.97283935546875 
v 1118.3323974609375 -242.76632690429688 317.8197937011719 
v 1109.1280517578125 -243.18963623046875 315.17303466796875 
v 1118.4053955078125 -237.26324462890625 314.6436767578125 
v 1110.2967529296875 -237.89822387695312 312.1027526855469 
v 1118.62451171875 -229.0086212158203 306.9150695800781 
v 1112.6708984375 -230.06690979003906 304.6918029785156 
v 1127.098388671875 -247.21112060546875 316.0199890136719 
v 1126.7696533203125 -242.76632690429688 314.11431884765625 
v 1126.2947998046875 -238.53318786621094 311.3616638183594 
v 1123.920654296875 -230.06690979003906 303.5272216796875 
v 1127.9384765625 -239.1681671142578 310.19708251953125 
v 1131.006591796875 -235.99331665039062 304.79766845703125 
v 1133.4903564453125 -245.3061981201172 311.78515625 
v 1135.0244140625 -243.40130615234375 309.8794860839844 
v 1126.0391845703125 -265.4136047363281 318.8785095214844 
v 1119.0263671875 -264.99029541015625 317.6080627441406 
v 1126.8427734375 -266.4718933105469 321.7370300292969 
v 1112.780517578125 -265.6252746582031 319.1961364746094 
v 1120.596923828125 -267.10687255859375 323.43096923828125 
v 1113.5841064453125 -266.6835632324219 322.1605224609375 
v 1123.920654296875 -230.06690979003906 303.5272216796875 
v 1121.98486328125 -233.0301055908203 297.8101806640625 
v 1131.006591796875 -235.99331665039062 304.79766845703125 
v 1129.9473876953125 -239.1681671142578 301.5156555175781 
v 1135.0244140625 -243.40130615234375 309.8794860839844 
v 1134.98779296875 -245.72950744628906 307.65618896484375 
v 1133.4903564453125 -245.3061981201172 311.78515625 
v 1133.4537353515625 -247.42279052734375 309.5618591308594 
v 1117.4923095703125 -454.0000305175781 245.5099334716797 
v 1121.692626953125 -454.42333984375 241.59271240234375 
v 1129.80126953125 -466.276123046875 247.09800720214844 
v 1133.6729736328125 -466.6994323730469 243.1807861328125 
v 1154.16357421875 -476.0123596191406 250.27413940429688 
v 1159.7884521484375 -476.2239990234375 245.61581420898438 
v 1154.7479248046875 -482.150390625 251.86219787597656 
v 1160.592041015625 -482.150390625 246.46278381347656 
v 1161.4686279296875 -476.4356689453125 238.84007263183594 
v 1162.3087158203125 -481.9387512207031 238.4165802001953 
v 1122.89794921875 -454.8466491699219 235.76980590820312 
v 1134.8416748046875 -466.9111022949219 237.56961059570312 
v 1120.7430419921875 -454.635009765625 230.26451110839844 
v 1132.8328857421875 -466.9111022949219 232.27606201171875 
v 1115.958251953125 -454.42333984375 227.1942596435547 
v 1128.3768310546875 -466.6994323730469 229.09994506835938 
v 1158.546630859375 -476.4356689453125 232.38194274902344 
v 1159.3135986328125 -481.7270812988281 230.7938690185547 
v 1152.227783203125 -476.6473388671875 228.67645263671875 
v 1152.7391357421875 -481.7270812988281 226.66490173339844 
v 1119.3916015625 -78.94383239746094 235.24038696289062 
v 1124.870361328125 -81.27204132080078 233.44058227539062 
v 1117.4556884765625 -75.34566497802734 236.1932373046875 
v 1123.8841552734375 -71.53583526611328 234.71102905273438 
v 1120.9256591796875 -69.20758056640625 235.76974487304688 
v 1117.6749267578125 -71.53583526611328 236.51084899902344 
v 1107.119140625 -114.50220489501953 183.68121337890625 
v 1108.1053466796875 -117.46539306640625 172.98825073242188 
v 1123.2998046875 -115.98381042480469 183.2577362060547 
v 1121.4005126953125 -118.73535919189453 172.5647735595703 
v 1129.874267578125 -130.79978942871094 181.4579315185547 
v 1109.9315185546875 -123.18014526367188 164.0950927734375 
v 1111.648193359375 -481.72711181640625 177.54075622558594 
v 1105.07373046875 -481.72711181640625 181.77560424804688 
v 1109.9315185546875 -467.75775146484375 180.82275390625 
v 1103.4300537109375 -467.9693908691406 184.42237854003906 
v 1111.9769287109375 -453.36505126953125 184.10476684570312 
v 1107.2286376953125 -452.7301025390625 187.17501831054688 
v 1100.4715576171875 -468.1810607910156 191.09225463867188 
v 1105.0372314453125 -452.7301025390625 192.68031311035156 
v 1102.188232421875 -468.3927001953125 197.97386169433594 
v 1106.279052734375 -452.9417419433594 198.5032196044922 
v 1107.922607421875 -468.3927001953125 202.63218688964844 
v 1109.602783203125 -481.51544189453125 202.73806762695312 
v 1117.053955078125 -481.51544189453125 203.47915649414062 
v 1115.3372802734375 -468.6043701171875 203.373291015625 
v 1110.44287109375 -453.57672119140625 202.42044067382812 
v 1115.958251953125 -454.42333984375 202.94979858398438 
v 1103.831787109375 -481.51544189453125 197.33863830566406 
v 1102.1151123046875 -481.51544189453125 189.3983154296875 
v 1111.9769287109375 -453.36505126953125 184.10476684570312 
v 1117.4923095703125 -454.0000305175781 184.6341094970703 
v 1109.9315185546875 -467.75775146484375 180.82275390625 
v 1117.2730712890625 -467.75775146484375 180.9286346435547 
v 1111.648193359375 -481.72711181640625 177.54075622558594 
v 1119.0628662109375 -481.9387512207031 178.2818603515625 
v 1154.7479248046875 -482.1504211425781 178.2818603515625 
v 1154.16357421875 -476.0123596191406 179.8699188232422 
v 1129.80126953125 -466.2761535644531 183.04605102539062 
v 1152.7391357421875 -481.72711181640625 203.47915649414062 
v 1159.3135986328125 -481.72711181640625 199.35018920898438 
v 1123.2998046875 -481.9387512207031 198.82083129882812 
v 1126.148681640625 -482.1504211425781 191.62161254882812 
v 1117.053955078125 -481.51544189453125 203.47915649414062 
v 1113.2188720703125 -481.9387512207031 192.9979248046875 
v 1109.602783203125 -481.51544189453125 202.73806762695312 
v 1103.831787109375 -481.51544189453125 197.33863830566406 
v 1113.4014892578125 -481.9387512207031 187.06915283203125 
v 1102.1151123046875 -481.51544189453125 189.3983154296875 
v 1111.648193359375 -481.72711181640625 177.54075622558594 
v 1105.07373046875 -481.72711181640625 181.77560424804688 
v 1162.3087158203125 -481.9387512207031 191.72747802734375 
v 1124.505126953125 -482.1504211425781 184.10476684570312 
v 1160.592041015625 -482.1504211425781 183.6812744140625 
v 1119.0628662109375 -481.9387512207031 178.2818603515625 
v 1154.7479248046875 -482.1504211425781 178.2818603515625 
v 1115.958251953125 -454.42333984375 202.94979858398438 
v 1115.3372802734375 -468.6043701171875 203.373291015625 
v 1128.3768310546875 -466.699462890625 201.04412841796875 
v 1152.227783203125 -476.6473388671875 201.4676055908203 
v 1117.053955078125 -481.51544189453125 203.47915649414062 
v 1152.7391357421875 -481.72711181640625 203.47915649414062 
v 1126.8427734375 -266.4719543457031 108.4069595336914 
v 1127.2445068359375 -250.59767150878906 112.74766540527344 
v 1120.596923828125 -267.10693359375 106.7130355834961 
v 1118.80712890625 -251.02098083496094 109.57154083251953 
v 1113.5841064453125 -266.68359375 107.98348236083984 
v 1109.34716796875 -251.02098083496094 112.00657653808594 
v 1118.551513671875 -247.42282104492188 110.41851043701172 
v 1108.9088134765625 -247.63446044921875 113.17115783691406 
v 1118.3323974609375 -242.766357421875 112.32418823242188 
v 1109.1280517578125 -243.18966674804688 114.9709701538086 
v 1118.4053955078125 -237.26327514648438 115.50031280517578 
v 1110.2967529296875 -237.89825439453125 118.04122161865234 
v 1118.62451171875 -229.00865173339844 123.22889709472656 
v 1112.6708984375 -230.0669403076172 125.45219421386719 
v 1127.098388671875 -247.21115112304688 114.1240005493164 
v 1126.7696533203125 -242.766357421875 116.02967071533203 
v 1126.2947998046875 -238.53321838378906 118.78231811523438 
v 1123.920654296875 -230.0669403076172 126.61676788330078 
v 1127.9384765625 -239.16819763183594 119.9468994140625 
v 1131.006591796875 -235.99334716796875 125.3463134765625 
v 1133.4903564453125 -245.3062286376953 118.35883331298828 
v 1135.0244140625 -243.40133666992188 120.26451110839844 
v 1126.0391845703125 -265.41363525390625 111.2654800415039 
v 1119.0263671875 -264.9903259277344 112.53592681884766 
v 1126.8427734375 -266.4719543457031 108.4069595336914 
v 1112.780517578125 -265.62530517578125 110.94786834716797 
v 1120.596923828125 -267.10693359375 106.7130355834961 
v 1113.5841064453125 -266.68359375 107.98348236083984 
v 1123.920654296875 -230.0669403076172 126.61676788330078 
v 1121.98486328125 -233.03013610839844 132.33380126953125 
v 1131.006591796875 -235.99334716796875 125.3463134765625 
v 1129.9473876953125 -239.16819763183594 128.62832641601562 
v 1135.0244140625 -243.40133666992188 120.26451110839844 
v 1134.98779296875 -245.7295379638672 122.48780822753906 
v 1133.4903564453125 -245.3062286376953 118.35883331298828 
v 1133.4537353515625 -247.42282104492188 120.58212280273438 
v 1117.4923095703125 -454.0000305175781 184.6341094970703 
v 1121.692626953125 -454.42333984375 188.5513458251953 
v 1129.80126953125 -466.2761535644531 183.04605102539062 
v 1133.6729736328125 -466.699462890625 186.96327209472656 
v 1154.16357421875 -476.0123596191406 179.8699188232422 
v 1159.7884521484375 -476.2240295410156 184.5282440185547 
v 1154.7479248046875 -482.1504211425781 178.2818603515625 
v 1160.592041015625 -482.1504211425781 183.6812744140625 
v 1161.4686279296875 -476.4356689453125 191.30398559570312 
v 1162.3087158203125 -481.9387512207031 191.72747802734375 
v 1122.89794921875 -454.8466491699219 194.37425231933594 
v 1134.8416748046875 -466.9111022949219 192.57444763183594 
v 1120.7430419921875 -454.635009765625 199.87953186035156 
v 1132.8328857421875 -466.9111022949219 197.8679962158203 
v 1115.958251953125 -454.42333984375 202.94979858398438 
v 1128.3768310546875 -466.699462890625 201.04412841796875 
v 1158.546630859375 -476.4356689453125 197.76211547851562 
v 1159.3135986328125 -481.72711181640625 199.35018920898438 
v 1152.227783203125 -476.6473388671875 201.4676055908203 
v 1152.7391357421875 -481.72711181640625 203.47915649414062 
v 1119.3916015625 -78.94384002685547 194.90353393554688 
v 1124.870361328125 -81.27204132080078 196.70335388183594 
v 1117.4556884765625 -75.34567260742188 193.95069885253906 
v 1123.8841552734375 -71.53584289550781 195.43289184570312 
v 1120.9256591796875 -69.20758819580078 194.3741912841797 
v 1117.6749267578125 -71.53584289550781 193.63308715820312 
v 1088.52783203125 -70.47754669189453 219.04212951660156 
v 1095.39453125 -69.41925048828125 223.1710968017578 
v 1088.4547119140625 -67.72600555419922 215.01902770996094 
v 1095.284912109375 -63.492881774902344 215.12489318847656 
v 1088.52783203125 -70.47754669189453 211.101806640625 
v 1095.39453125 -69.41925048828125 206.97283935546875 
v 1104.3797607421875 -70.26587677001953 210.8900604248047 
v 1104.3797607421875 -67.09104919433594 215.12489318847656 
v 1104.3797607421875 -70.26587677001953 219.25387573242188 
v 1104.3797607421875 -70.26587677001953 210.8900604248047 
v 1095.39453125 -69.41925048828125 206.97283935546875 
v 1104.3797607421875 -75.13400268554688 212.47811889648438 
v 1095.5771484375 -79.15550231933594 210.0430908203125 
v 1088.600830078125 -75.13400268554688 212.6898651123047 
v 1088.52783203125 -70.47754669189453 211.101806640625 
v 1104.3797607421875 -75.13400268554688 212.47811889648438 
v 1095.5771484375 -79.15550231933594 210.0430908203125 
v 1104.3797607421875 -75.13400268554688 217.66580200195312 
v 1095.5771484375 -79.15550231933594 220.10084533691406 
v 1088.600830078125 -75.13400268554688 217.4540557861328 
v 1088.600830078125 -75.13400268554688 212.6898651123047 
v 1104.3797607421875 -75.13400268554688 217.66580200195312 
v 1095.5771484375 -79.15550231933594 220.10084533691406 
v 1104.3797607421875 -70.26587677001953 219.25387573242188 
v 1095.39453125 -69.41925048828125 223.1710968017578 
v 1088.52783203125 -70.47754669189453 219.04212951660156 
v 1088.600830078125 -75.13400268554688 217.4540557861328 
v 1127.5732421875 -99.47456359863281 206.6552276611328 
v 1130.093505859375 -101.37947845458984 215.12490844726562 
v 1119.9759521484375 -93.54817199707031 202.7379913330078 
v 1112.050048828125 -90.1616439819336 206.6552276611328 
v 1108.5435791015625 -90.3733139038086 215.12490844726562 
v 1112.050048828125 -90.1616439819336 223.48870849609375 
v 1119.9759521484375 -93.54816436767578 227.40594482421875 
v 1127.5732421875 -99.47456359863281 223.48870849609375 
v 1088.52783203125 -70.47754669189453 219.04212951660156 
v 1088.600830078125 -75.13400268554688 217.4540557861328 
v 1088.4547119140625 -67.72600555419922 215.01902770996094 
v 1088.600830078125 -75.13400268554688 212.6898651123047 
v 1088.52783203125 -70.47754669189453 211.101806640625 
vn -0.0024088313803076744 0.0018033783417195082 0.009536528028547764 
vn 0.0032752377446740866 0.0016742944717407227 0.009298901073634624 
vn -0.0003582156205084175 0.0029067681171000004 0.009561505168676376 
vn 0.007109727244824171 0.002906767651438713 0.006403318140655756 
vn 0.007959805428981781 -0.0003276447532698512 0.006044347770512104 
vn -0.0019322518492117524 -0.0008509992621839046 0.009774569422006607 
vn 0.003296756185591221 -0.0007203237037174404 0.009413423016667366 
vn -0.0019685968291014433 -0.0020178155973553658 0.009594427421689034 
vn 0.003647936275228858 -0.0022738638799637556 0.009028959088027477 
vn -0.0020976841915398836 -0.0003276441420894116 0.009772020392119884 
vn 0.0030796590726822615 -0.002654951298609376 0.009136023931205273 
vn 0.0033649755641818047 -0.001588074374012649 0.009281969629228115 
vn 0.008107059635221958 -0.0016742920270189643 0.0056100208312273026 
vn 0.008051740936934948 -0.0028230410534888506 0.005215352866798639 
vn 0.009898371063172817 -0.0011553033255040646 -0.0008291697013191879 
vn 0.009459294378757477 -0.0031150926370173693 -0.0009044014732353389 
vn 0.008422183804214 -0.0005459015956148505 0.005363657604902983 
vn 0.008396033197641373 0.0001966108538908884 0.005428440403193235 
vn 0.00978145282715559 -0.0007203249260783195 0.0019504636293277144 
vn 0.00970395840704441 -0.0017603819724172354 0.0016535567119717598 
vn 0.009663838893175125 -0.0016742926090955734 0.0019511409336701035 
vn 0.008702791295945644 -0.0011986925965175033 0.004777505993843079 
vn 0.0010552755557000637 -0.00006553878483828157 0.00994394812732935 
vn 0.009963723830878735 -0.0008510008337907493 1.3864591419388006e-10 
vn 0.009899342432618141 -0.0014152844669297338 2.3057955544913966e-10 
vn 0.009663838893175125 -0.0016742933075875044 -0.0019511403515934944 
vn 0.008702791295945644 -0.001198694109916687 -0.004777505528181791 
vn 0.007959805428981781 -0.0003276467032264918 -0.006044347770512104 
vn -0.0003582156205084175 0.002906765090301633 -0.009561506099998951 
vn 0.0010552755557000637 -0.00006554202263941988 -0.00994394812732935 
vn 0.00991711113601923 -0.00010923282388830557 -0.0012802237179130316 
vn 0.009953423403203487 -0.0008510008919984102 -0.0004529481229837984 
vn -0.0024088313803076744 0.0018033753149211407 -0.009536528028547764 
vn 0.0032752377446740866 0.0016742914449423552 -0.009298901073634624 
vn 0.007109727244824171 0.00290676555596292 -0.006403319071978331 
vn 0.008396033197641373 0.00019660907855723053 -0.005428440403193235 
vn 0.003296756185591221 -0.0007203267887234688 -0.009413423016667366 
vn 0.008422183804214 -0.0005459033418446779 -0.005363657604902983 
vn 0.003647936275228858 -0.002273866906762123 -0.009028958156704903 
vn -0.0019685968291014433 -0.002017818856984377 -0.009594427421689034 
vn -0.0020976841915398836 -0.0003276473144069314 -0.009772020392119884 
vn 0.0030796590726822615 -0.0026549540925771 -0.009136022999882698 
vn 0.0033649755641818047 -0.0015880774008110166 -0.009281969629228115 
vn 0.008107059635221958 -0.0016742938896641135 -0.005610020365566015 
vn 0.008051740936934948 -0.002823042916134 -0.005215351935476065 
vn 0.009898371063172817 -0.001155303092673421 0.0008291701087728143 
vn 0.009459294378757477 -0.0031150924041867256 0.0009044025209732354 
vn -0.0019322518492117524 -0.0008510024636052549 -0.009774569422006607 
vn 0.00991711113601923 -0.00010923240915872157 0.0012802237179130316 
vn 0.009953423403203487 -0.0008510007755830884 0.0004529483849182725 
vn 0.00978145282715559 -0.0007203255663625896 -0.0019504633964970708 
vn 0.00970395840704441 -0.0017603824380785227 -0.0016535561298951507 
vn 0.009776297956705093 -0.0021033294033259153 3.4267652604391685e-10 
vn 0.009325808845460415 -0.003608821425586939 -0.00007551109592895955 
vn 0.009453246369957924 -0.0032393811270594597 -0.0003775602381210774 
vn 0.006988367065787315 -0.006747397128492594 -0.0023738916497677565 
vn 0.009032581932842731 -0.0042909737676382065 6.990897305492183e-10 
vn 0.009325808845460415 -0.003608821425586939 0.00007551226735813543 
vn 0.009453246369957924 -0.003239380894228816 0.0003775613149628043 
vn 0.006988367065787315 -0.006747396197170019 0.0023738937452435493 
vn 0.005526149179786444 -0.008334367536008358 1.3578435043015702e-9 
vn 0.0025037014856934547 -0.007482878863811493 -0.006143125705420971 
vn 0.0024225162342190742 -0.009702134877443314 1.5806814745999986e-9 
vn 0.0025037014856934547 -0.007482877001166344 0.006143128499388695 
vn 0.007086514960974455 -0.0011986922472715378 0.006953016854822636 
vn 0.007177039980888367 0.00002184807635785546 0.006963448598980904 
vn 0.007233534939587116 -0.0008945268928073347 0.006846589967608452 
vn 0.0015597600722685456 -0.0005895242793485522 0.00986000057309866 
vn 0.0020982050336897373 -0.0002402918180450797 0.009774445556104183 
vn 0.0022652638144791126 -0.000807455915492028 0.009706523269414902 
vn 0.001802201964892447 -0.00019660836551338434 0.009834297932684422 
vn 0.007173772901296616 -0.0022312933579087257 0.0065998719073832035 
vn 0.001950675155967474 -0.00015292114403564483 0.009806705638766289 
vn 0.007957221008837223 0.0004149739979766309 0.006042385473847389 
vn 0.0004526468983385712 0.0003713145270012319 0.009982846677303314 
vn -0.009020774625241756 -0.003730755764991045 0.002169579965993762 
vn -0.008901046589016914 -0.001846336293965578 0.0041668228805065155 
vn -0.00788188073784113 -0.0004586242139339447 0.0061372327618300915 
vn -0.009997112676501274 -0.0002402934042038396 3.915090820982847e-11 
vn -0.008352547883987427 0.002231295220553875 0.0050255609676241875 
vn -0.009641047567129135 0.002654952695593238 -0.000037719484680565074 
vn -0.008352547883987427 0.0022312935907393694 -0.005025561898946762 
vn -0.00788188073784113 -0.0004586262220982462 -0.0061372327618300915 
vn 0.0010552755557000637 -0.00006554202263941988 -0.00994394812732935 
vn 0.000603541499003768 -0.0002839739026967436 -0.009977729991078377 
vn 0.0004526468983385712 0.0003713112964760512 -0.009982846677303314 
vn -0.008901046589016914 -0.00184633769094944 -0.004166821949183941 
vn -0.009892990812659264 -0.0014585249591618776 -0.00003776391895371489 
vn -0.00996358972042799 0.00019661009719129652 0.000829594093374908 
vn -0.009542406536638737 0.0023588764015585184 0.0018379830289632082 
vn -0.00962913315743208 0.002697052899748087 0.00007543955143773928 
vn -0.009993103332817554 0.00037131289718672633 -6.049260398155454e-11 
vn -0.00996358972042799 0.00019660982070490718 -0.0008295941515825689 
vn -0.009020774625241756 -0.003730756463482976 -0.0021695788018405437 
vn 0.007957221008837223 0.00041497201891615987 -0.0060423859395086765 
vn 0.000603541499003768 -0.0002839706721715629 0.009977729991078377 
vn 0.0010552755557000637 -0.00006553878483828157 0.00994394812732935 
vn -0.009542406536638737 0.0023588757030665874 -0.001837983843870461 
vn -0.00962913315743208 0.002697052899748087 -0.00007544042455265298 
vn -0.008884829469025135 0.004448177758604288 -0.0011284984648227692 
vn -0.004391178954392672 0.008499464020133018 -0.002911471528932452 
vn -0.007357757538557053 0.004409001674503088 -0.005140438210219145 
vn -0.009194295853376389 0.003932545892894268 -6.406924435431449e-10 
vn -0.009446462616324425 0.0032806876115500927 0.00003770861076191068 
vn -0.007357757538557053 0.004409003537148237 0.005140436813235283 
vn -0.008884829469025135 0.004448178224265575 0.0011284969514235854 
vn -0.004391178954392672 0.008499464951455593 0.0029114687349647284 
vn -0.009663880802690983 0.002570600714534521 0.000037714027712354437 
vn -0.009864424355328083 0.0008074577199295163 0.0014286849182099104 
vn -0.009176325052976608 -0.003972681704908609 -0.00011335351882735267 
vn -0.009328528307378292 -0.0016742924926802516 0.0031898769084364176 
vn -0.008448120206594467 -0.0036495369859039783 -0.003912817686796188 
vn -0.008394233882427216 -0.005434780847281218 8.85441664433273e-10 
vn -0.009922564961016178 0.0012420606799423695 -2.0235571551729947e-10 
vn -0.008249981328845024 0.00294854654930532 0.004821190610527992 
vn -0.006429197732359171 0.0006767393206246197 0.0076293800957500935 
vn -0.00972762517631054 -0.0019321506842970848 0.0012806664453819394 
vn -0.008233864791691303 -0.0016742938896641135 -0.005422195419669151 
vn -0.0035264031030237675 -0.0008945295703597367 -0.009314735420048237 
vn -0.0035961081739515066 -0.0016312014777213335 -0.009187337942421436 
vn -0.0032003996893763542 -0.008085031062364578 -0.004938594065606594 
vn -0.0011335997842252254 -0.009935540147125721 1.6187083895502496e-9 
vn 0.0025037014856934547 -0.007482878863811493 -0.006143125705420971 
vn 0.0024225162342190742 -0.009702134877443314 1.5806814745999986e-9 
vn 0.0015597600722685456 -0.0005895274807699025 -0.00986000057309866 
vn 0.0020982050336897373 -0.00024029500491451472 -0.009774445556104183 
vn 0.0022652638144791126 -0.0008074590587057173 -0.009706523269414902 
vn -0.003439946100115776 -0.0006767396116629243 -0.009365297853946686 
vn 0.001802201964892447 -0.00019661156693473458 -0.009834297932684422 
vn -0.0035274941474199295 0.0012854028027504683 -0.009268469177186489 
vn 0.001950675155967474 -0.00015292434545699507 -0.009806705638766289 
vn -0.008297019638121128 -0.001025004661642015 -0.0054871514439582825 
vn -0.00983840599656105 -0.0015449211932718754 0.0009049708023667336 
vn -0.008396130986511707 0.0011986924801021814 -0.005297936499118805 
vn -0.009937907569110394 0.0008510009502060711 0.0007167953881435096 
vn -0.007134582847356796 -0.0018892609514296055 0.006747474893927574 
vn -0.007530926261097193 0.0003276467905379832 0.0065709808841347694 
vn -0.0020976841915398836 -0.0003276441420894116 0.009772020392119884 
vn -0.0019685968291014433 -0.0020178155973553658 0.009594427421689034 
vn -0.0019322518492117524 -0.0008509992621839046 0.009774569422006607 
vn -0.006799199152737856 -0.0014585237950086594 0.007186348084360361 
vn -0.0024088313803076744 0.0018033783417195082 0.009536528028547764 
vn -0.0003582156205084175 0.0029067681171000004 0.009561505168676376 
vn 0.0010552755557000637 -0.00006553878483828157 0.00994394812732935 
vn -0.008352547883987427 0.002231295220553875 0.0050255609676241875 
vn -0.009446462616324425 0.0032806876115500927 -0.000037709676689701155 
vn -0.009641047567129135 0.002654952695593238 -0.000037719484680565074 
vn -0.008352547883987427 0.0022312935907393694 -0.005025561898946762 
vn -0.008249981328845024 0.002948544919490814 -0.004821191541850567 
vn 0.0010552755557000637 -0.00006554202263941988 -0.00994394812732935 
vn -0.0003582156205084175 0.002906765090301633 -0.009561506099998951 
vn -0.0024088313803076744 0.0018033753149211407 -0.009536528028547764 
vn -0.006429197732359171 0.0006767368759028614 -0.007629380561411381 
vn -0.006799199152737856 -0.001458526123315096 -0.007186347618699074 
vn -0.0019322518492117524 -0.0008510024636052549 -0.009774569422006607 
vn -0.007134582847356796 -0.0018892631633207202 -0.006747474428266287 
vn -0.0019685968291014433 -0.002017818856984377 -0.009594427421689034 
vn -0.0020976841915398836 -0.0003276473144069314 -0.009772020392119884 
vn -0.007530926261097193 0.00032764466595835984 -0.006570981349796057 
vn -0.009937907569110394 0.0008510007173754275 -0.0007167956791818142 
vn -0.00983840599656105 -0.0015449215425178409 -0.0009049702784977853 
vn -0.008396130986511707 0.0011986942263320088 0.005297936033457518 
vn -0.00972762517631054 -0.0019321510335430503 -0.0012806658633053303 
vn -0.009328528307378292 -0.001674293540418148 -0.0031898764427751303 
vn -0.009864424355328083 0.000807457254268229 -0.001428685151040554 
vn -0.009176325052976608 -0.003972681704908609 0.000113354813947808 
vn -0.0032003996893763542 -0.008085029199719429 0.004938596859574318 
vn 0.0025037014856934547 -0.007482877001166344 0.006143128499388695 
vn 0.0015597600722685456 -0.0005895242793485522 0.00986000057309866 
vn -0.0035961081739515066 -0.0016311985673382878 0.009187338873744011 
vn 0.0020982050336897373 -0.0002402918180450797 0.009774445556104183 
vn -0.008448120206594467 -0.00364953582175076 0.00391281908378005 
vn -0.0035264031030237675 -0.0008945264853537083 0.009314735420048237 
vn 0.0022652638144791126 -0.000807455915492028 0.009706523269414902 
vn -0.003439946100115776 -0.0006767365848645568 0.009365297853946686 
vn 0.001802201964892447 -0.00019660836551338434 0.009834297932684422 
vn -0.0035274941474199295 0.0012854058295488358 0.009268469177186489 
vn 0.001950675155967474 -0.00015292114403564483 0.009806705638766289 
vn -0.008297019638121128 -0.0010250027989968657 0.00548715190961957 
vn -0.008233864791691303 -0.0016742921434342861 0.005422195885330439 
vn 0.001950675155967474 -0.00015292434545699507 -0.009806705638766289 
vn 0.001802201964892447 -0.00019661156693473458 -0.009834297932684422 
vn 0.007173772901296616 -0.0022312954533845186 -0.006599870976060629 
vn 0.007233534939587116 -0.0008945291629061103 -0.006846589967608452 
vn 0.007177039980888367 0.00002184580807806924 -0.006963448598980904 
vn 0.0020982050336897373 -0.00024029500491451472 -0.009774445556104183 
vn 0.0015597600722685456 -0.0005895274807699025 -0.00986000057309866 
vn 0.007086514960974455 -0.0011986944591626525 -0.006953016389161348 
vn 0.0022652638144791126 -0.0008074590587057173 -0.009706523269414902 
vn 0.001950675155967474 -0.00015292434545699507 -0.009806705638766289 
vn 0.0021723334211856127 0.00015292115858756006 -0.009759998880326748 
vn -0.0035274941474199295 0.0012854028027504683 -0.009268469177186489 
vn -0.0037001052405685186 0.0020178158301860094 -0.009068497456610203 
vn 0.0024662651121616364 0.0001092310412786901 -0.009690490551292896 
vn 0.002004773821681738 -0.0006331396289169788 -0.009776503778994083 
vn -0.004444590304046869 0.0001966084964806214 -0.008955833502113819 
vn 0.0018009976483881474 0.0004149714077357203 -0.009827726520597935 
vn -0.004035059362649918 -0.00006554189894814044 -0.009149535559117794 
vn -0.008761617355048656 0.0010250029154121876 -0.0047099292278289795 
vn -0.008603548631072044 0.00045862438855692744 -0.00507627846673131 
vn -0.009873341768980026 0.001328723388724029 0.0008669624803587794 
vn -0.009928387589752674 0.0008945281733758748 0.0007917926413938403 
vn -0.007789424620568752 0.0008074584766291082 0.006218752358108759 
vn -0.007659305352717638 0.0008945290464907885 0.006366699002683163 
vn -0.0026851585134863853 -0.00010923104855464771 0.009632132947444916 
vn -0.002428421750664711 0.0007639002287760377 0.009670534171164036 
vn -0.002061541425064206 0.0015449229395017028 0.009662466123700142 
vn -0.007173996418714523 0.002654953859746456 0.006440884433686733 
vn -0.009506317786872387 0.0029902691021561623 0.0008295889711007476 
vn -0.00815634522587061 0.0028230410534888506 -0.0050501953810453415 
vn -0.008396130986511707 0.0011986924801021814 -0.005297936499118805 
vn -0.009937907569110394 0.0008510009502060711 0.0007167953881435096 
vn -0.007530926261097193 0.0003276467905379832 0.0065709808841347694 
vn -0.0020976841915398836 -0.0003276441420894116 0.009772020392119884 
vn -0.0020976841915398836 -0.0003276441420894116 0.009772020392119884 
vn 0.003893808228895068 -0.00037131141289137304 0.009203281253576279 
vn 0.0033649755641818047 -0.001588074374012649 0.009281969629228115 
vn 0.008051740936934948 -0.0028230410534888506 0.005215352866798639 
vn -0.002061541425064206 0.0015449229395017028 0.009662466123700142 
vn 0.004171193111687899 -0.0002839708176907152 0.009084080345928669 
vn -0.0026851585134863853 -0.00010923104855464771 0.009632132947444916 
vn 0.003773672506213188 -0.0008509993203915656 0.009221453219652176 
vn -0.002428421750664711 0.0007639002287760377 0.009670534171164036 
vn 0.0033463062718510628 0.0016742944717407227 0.009273562580347061 
vn 0.008607530035078526 -0.0010684566805139184 0.004976829048246145 
vn 0.008211467415094376 0.003527186345309019 0.004486731253564358 
vn 0.009901462122797966 -0.001068457611836493 -0.0009052332025021315 
vn 0.009250350296497345 0.0036495362874120474 -0.0010544724063947797 
vn 0.0075746942311525345 -0.0009815313387662172 -0.006454502698034048 
vn 0.007213713601231575 0.0024437056854367256 -0.006480018142610788 
vn 0.002004773821681738 -0.0006331396289169788 -0.009776503778994083 
vn 0.0018009976483881474 0.0004149714077357203 -0.009827726520597935 
vn 0.0024662651121616364 0.0001092310412786901 -0.009690490551292896 
vn 0.007168307434767485 -0.0020605940371751785 -0.00666103046387434 
vn 0.009424323216080666 -0.0032393811270594597 -0.0008297861786559224 
vn 0.00816511083394289 -0.0023163920268416405 0.005288221407681704 
vn 0.009459294378757477 -0.0031150926370173693 -0.0009044014732353389 
vn 0.007173772901296616 -0.0022312954533845186 -0.006599870976060629 
vn 0.001950675155967474 -0.00015292434545699507 -0.009806705638766289 
vn 0.0021723334211856127 0.00015292115858756006 -0.009759998880326748 
vn 0.009177700616419315 0.0022738659754395485 0.0032556632068008184 
vn 0.009058898314833641 0.0016742936568334699 0.0038901278749108315 
vn 0.0007723003509454429 0.004835141357034445 0.008719229139387608 
vn 0.0011855080956593156 0.00352718704380095 0.009281892329454422 
vn 0.009195004589855671 0.0015449220081791282 0.0036145681515336037 
vn 0.0018735460471361876 0.003972683101892471 0.008983741514384747 
vn 0.009345142170786858 0.0003276462957728654 0.0035441447980701923 
vn 0.004315693862736225 0.002358877332881093 0.008706921711564064 
vn 0.005554480478167534 0.0019321521976962686 0.008087924681603909 
vn 0.0090248491615057 0.00184633769094944 0.0038914172910153866 
vn 0.0033204802311956882 0.005471407901495695 0.007683625910431147 
vn 0.007957221008837223 0.0004149739979766309 0.006042385473847389 
vn 0.007995582185685635 -0.002612802665680647 -0.005407765507698059 
vn 0.007808700669556856 -0.0026549536269158125 -0.005654680076986551 
vn 0.007919642142951488 -0.002443707548081875 -0.0055953157134354115 
vn -0.0015401573618873954 -0.004526275210082531 -0.008782980963587761 
vn -0.0007925113313831389 -0.004604024812579155 -0.008841656148433685 
vn -0.0019842186011373997 -0.004526275210082531 -0.008693428710103035 
vn -0.009020774625241756 -0.003730755764991045 0.002169579965993762 
vn -0.009767342358827591 -0.001631199731491506 0.001392196281813085 
vn -0.009542406536638737 0.0023588764015585184 0.0018379830289632082 
vn -0.00903649628162384 0.002358876634389162 0.0035745545756071806 
vn -0.004391178954392672 0.008499464951455593 0.0029114687349647284 
vn -0.0036391946487128735 0.008406086824834347 0.004011727403849363 
vn -0.0058543081395328045 0.0022738666739314795 0.00778181292116642 
vn -0.002484650816768408 0.006007871590554714 0.007598156575113535 
vn 0.0033204802311956882 0.005471407901495695 0.007683625910431147 
vn -0.00020748961833305657 0.0019321524305269122 0.009809370152652264 
vn 0.005554480478167534 0.0019321521976962686 0.008087924681603909 
vn 0.004315693862736225 0.002358877332881093 0.008706921711564064 
vn -0.006197660695761442 0.0016312012448906898 0.007676469627767801 
vn -0.009592454880475998 -0.002146025886759162 -0.0018383110873401165 
vn -0.008942174725234509 -0.002739102579653263 -0.003540456760674715 
vn -0.0092777656391263 -0.0021033298689872026 -0.00308205490000546 
vn -0.007886805571615696 0.0014585258904844522 0.00597252044826746 
vn -0.008352547883987427 0.002231295220553875 0.0050255609676241875 
vn 0.0007723003509454429 0.004835141357034445 0.008719229139387608 
vn 0.0011855080956593156 0.00352718704380095 0.009281892329454422 
vn 0.0018735460471361876 0.003972683101892471 0.008983741514384747 
vn -0.007558676414191723 0.00210333033464849 0.006200194824486971 
vn 0.0009974678978323936 0.004835141357034445 0.00869634747505188 
vn -0.00804154947400093 0.002612802665680647 0.005339170340448618 
vn 0.0007723003509454429 0.004835141357034445 0.008719229139387608 
vn -0.008352547883987427 0.002231295220553875 0.0050255609676241875 
vn -0.009093774482607841 -0.0020605935715138912 -0.003613477572798729 
vn -0.0092777656391263 -0.0021033298689872026 -0.00308205490000546 
vn -0.0015401573618873954 -0.004526275210082531 -0.008782980963587761 
vn -0.000866737391334027 -0.004132460802793503 -0.009064852260053158 
vn 0.007906578481197357 -0.0024860533885657787 -0.005595136433839798 
vn 0.007919642142951488 -0.002443707548081875 -0.0055953157134354115 
vn 0.009092206135392189 0.0021886813919991255 0.003541391110047698 
vn 0.009177700616419315 0.0022738659754395485 0.0032556632068008184 
vn 0.0007723003509454429 0.004835141357034445 0.008719229139387608 
vn 0.0009974678978323936 0.004835141357034445 0.00869634747505188 
vn 0.009147963486611843 -0.00019660931138787419 0.004034365992993116 
vn 0.0010919199557974935 0.0021033308003097773 0.009715127758681774 
vn 0.0010541711235418916 0.004290975164622068 0.008970855735242367 
vn 0.00881662406027317 0.00328068807721138 0.003391789272427559 
vn 0.007549266330897808 -0.004330400377511978 -0.004925060085952282 
vn 0.005486509762704372 -0.004873341880738735 -0.006793287117034197 
vn -0.0009791709017008543 -0.005831805523484945 -0.00806419737637043 
vn -0.0009790132753551006 -0.0068753547966480255 -0.007195208687335253 
vn -0.008791400119662285 -0.003811691654846072 -0.0028604697436094284 
vn -0.00787031278014183 0.00019661097030621022 0.0061659966595470905 
vn 0.0010919199557974935 0.0021033308003097773 0.009715127758681774 
vn 0.0010541711235418916 0.004290975164622068 0.008970855735242367 
vn -0.0079151326790452 0.0025283514987677336 0.005564001388847828 
vn -0.008320111781358719 -0.004251466598361731 -0.0035638129338622093 
vn 0.002042688662186265 -0.002697051502764225 0.00941027794033289 
vn 0.00035833980655297637 -0.00983208417892456 0.0017893342301249504 
vn 0.00015095128037501127 0.00032764734351076186 0.009993490763008595 
vn -0.004690507426857948 -0.008805659599602222 -0.0006778623792342842 
vn 0.006646623834967613 0.003730757161974907 0.006473317742347717 
vn 0.0009970403043553233 -0.008285759016871452 -0.005509275011718273 
vn 0.008723162114620209 0.002781099174171686 0.004021432716399431 
vn 0.007615834940224886 -0.003404230112209916 -0.00551455095410347 
vn 0.007175838574767113 -0.003115093568339944 -0.006229248363524675 
vn 0.008873898535966873 0.001975003629922867 0.004165728576481342 
vn 0.008844105526804924 0.001198694109916687 0.004510534927248955 
vn 0.006906617432832718 -0.0027391030453145504 -0.006692977622151375 
vn 0.00711304834112525 -0.005796253681182861 0.003975925967097282 
vn 0.005451064556837082 -0.005937783978879452 -0.005918497685343027 
vn -0.008320111781358719 -0.004251466598361731 -0.0035638129338622093 
vn -0.0079151326790452 0.0025283514987677336 0.005564001388847828 
vn -0.008894463069736958 -0.0017173547530546784 -0.004235471598803997 
vn -0.006892197299748659 0.0053242845460772514 0.0049142250791192055 
vn -0.009079255163669586 -0.0014585255412384868 -0.003929355647414923 
vn -0.007085446268320084 0.0038520509842783213 0.0059125423431396484 
vn -0.00903649628162384 -0.002358876634389162 -0.0035745545756071806 
vn -0.0071552288718521595 0.0020178183913230896 0.0066881319507956505 
vn -0.007118129171431065 0.0004149741434957832 0.0070114219561219215 
vn -0.008642083965241909 -0.0032806883100420237 -0.003814638825133443 
vn -0.006445714738219976 -0.006682643201202154 -0.0037141679786145687 
vn -0.004938080441206694 -0.006811634171754122 0.005405275151133537 
vn -0.008320111781358719 -0.004251466598361731 -0.0035638129338622093 
vn -0.008894463069736958 -0.0017173547530546784 -0.004235471598803997 
vn -0.0011667655780911446 -0.006843560840934515 -0.007197522558271885 
vn -0.000829516735393554 -0.006385008338838816 -0.0076513770036399364 
vn 0.007615834940224886 -0.003404230112209916 -0.00551455095410347 
vn 0.007175838574767113 -0.003115093568339944 -0.006229248363524675 
vn 0.0009970403043553233 -0.008285759016871452 -0.005509275011718273 
vn -0.0009790132753551006 -0.0068753547966480255 -0.007195208687335253 
vn 0.005486509762704372 -0.004873341880738735 -0.006793287117034197 
vn 0.004436558578163385 -0.0021886823233217 -0.0086906049400568 
vn -0.004690507426857948 -0.008805659599602222 -0.0006778623792342842 
vn 0.006970216520130634 -0.005471407435834408 -0.004634628538042307 
vn 0.00035833980655297637 -0.00983208417892456 0.0017893342301249504 
vn -0.009079255163669586 -0.0014585255412384868 -0.003929355647414923 
vn -0.00903649628162384 -0.002358876634389162 -0.0035745545756071806 
vn -0.0005285987863317132 -0.005471407901495695 -0.008353698998689651 
vn -0.00041552650509402156 -0.004604024812579155 -0.008867371827363968 
vn 0.006906617432832718 -0.0027391030453145504 -0.006692977622151375 
vn 0.005451064556837082 -0.005937783978879452 -0.005918497685343027 
vn -0.00001888401857286226 -0.006938548292964697 -0.00720112444832921 
vn -0.008642083965241909 -0.0032806883100420237 -0.003814638825133443 
vn -0.006445714738219976 -0.006682643201202154 -0.0037141679786145687 
vn 0.005298151168972254 -0.006317507941275835 0.005658505950123072 
vn 0.008030347526073456 -0.0016311990329995751 0.0057317279279232025 
vn 0.004100844729691744 -0.0019321494037285447 0.008913465775549412 
vn 0.007985744625329971 -0.0010684565640985966 0.005923367105424404 
vn 0.006630830932408571 0.00010923383524641395 0.00748466094955802 
vn 0.008746822364628315 -0.00006553961429744959 0.0048465244472026825 
vn 0.008285356685519218 -0.0011118900729343295 0.005487856455147266 
vn 0.009951713494956493 0.0009815302910283208 -1.5991188928587974e-10 
vn 0.00899034459143877 -0.00010923190711764619 0.004377415869385004 
vn 0.006784677039831877 -0.00045862403931096196 0.0073319729417562485 
vn 0.00656871497631073 0.000981531455181539 0.007475866470485926 
vn 0.003436592174693942 0.0008074590004980564 0.009356166236102581 
vn 0.0062324577011168 -0.00782026071101427 1.2740846155878671e-9 
vn 0.009785395115613937 -0.0020605928730219603 3.3571384561170703e-10 
vn 0.006618968676775694 0.003568038810044527 0.006592294666916132 
vn 0.00885690189898014 0.004642766900360584 -7.564042170393748e-10 
vn 0.002225667703896761 0.007032343186438084 0.006752225570380688 
vn 0.002633883384987712 0.009646899066865444 -1.571682450851597e-9 
vn 0.002225667703896761 0.007032340858131647 -0.006752227898687124 
vn 0.006618968676775694 0.003568036714568734 -0.006592295598238707 
vn 0.003436592174693942 0.0008074559736996889 -0.009356166236102581 
vn 0.006784677039831877 -0.0004586264258250594 -0.007331972476094961 
vn 0.00899034459143877 -0.00010923333320533857 -0.004377415869385004 
vn 0.009993103332817554 -0.00037131289718672633 6.04946717719379e-11 
vn 0.008746822364628315 -0.00006554119318025187 -0.0048465244472026825 
vn 0.00656871497631073 0.0009815290104597807 -0.007475866936147213 
vn 0.006630830932408571 0.0001092313978006132 -0.00748466094955802 
vn 0.004100844729691744 -0.0019321523141115904 -0.008913464844226837 
vn 0.007985744625329971 -0.0010684584267437458 -0.005923367105424404 
vn 0.008285356685519218 -0.001111891819164157 -0.005487855989485979 
vn 0.009893063455820084 -0.0014585249591618776 2.376243368740205e-10 
vn 0.008815992623567581 -0.004719987045973539 7.689850423098221e-10 
vn 0.008030347526073456 -0.0016312008956447244 -0.005731726996600628 
vn 0.005298151168972254 -0.006317509803920984 -0.0056585040874779224 
vn 0.004100844729691744 -0.0019321494037285447 0.008913465775549412 
vn 0.0013728925259783864 -0.003321930533275008 0.009331664070487022 
vn 0.005298151168972254 -0.006317507941275835 0.005658505950123072 
vn 0.000678566109854728 -0.00739528052508831 0.0066969674080610275 
vn -0.0014103848952800035 -0.0044481768272817135 0.008844464085996151 
vn 0.000018868578990804963 -0.002358874538913369 0.009717785753309727 
vn -0.0054489970207214355 -0.0067150830291211605 0.0050215632654726505 
vn -0.004538389854133129 -0.005507926922291517 0.007004695013165474 
vn -0.00800001434981823 -0.0022312933579087257 0.00556965870782733 
vn -0.006162183824926615 -0.0030319339130073786 0.00726875988766551 
vn -0.007222927175462246 0.002990270033478737 0.006235993001610041 
vn -0.007979149930179119 0.004251466598361731 0.004272961523383856 
vn -0.0016309571219608188 0.008522404357790947 0.004970774054527283 
vn -0.003186344401910901 0.006077500060200691 0.007274008821696043 
vn 0.0026283692568540573 0.0009380396222695708 0.00960269570350647 
vn 0.002225667703896761 0.007032343186438084 0.006752225570380688 
vn 0.003436592174693942 0.0008074590004980564 0.009356166236102581 
vn 0.002633883384987712 0.009646899066865444 -1.571682450851597e-9 
vn -0.004310696851462126 0.009023185819387436 -1.4700656247867983e-9 
vn -0.009277932345867157 0.0037307559978216887 -0.00003770778130274266 
vn -0.009341717697679996 -0.003568037645891309 0.000037771533243358135 
vn -0.009942756034433842 0.0010684574954211712 -1.7407210395337103e-10 
vn -0.006832871586084366 0.0008945292211137712 0.007246494758874178 
vn -0.00015090226952452213 -0.0004149713786318898 0.009990246035158634 
vn 0.006177227012813091 -0.002612800570204854 0.00741721922531724 
vn 0.0006549396202899516 -0.009978529997169971 1.6257120094564925e-9 
vn 0.0062324577011168 -0.00782026071101427 1.2740846155878671e-9 
vn 0.009013746865093708 -0.0043303994461894035 7.055130368804896e-10 
vn 0.0026283692568540573 0.0009380396222695708 0.00960269570350647 
vn 0.0005826778360642493 0.008085031062364578 0.005856001749634743 
vn -0.0016309571219608188 0.008522404357790947 0.004970774054527283 
vn -0.00633417209610343 0.0038116921205073595 0.0067341867834329605 
vn -0.007979149930179119 0.004251466598361731 0.004272961523383856 
vn -0.007017778232693672 -0.0025705997832119465 0.006644005421549082 
vn -0.00800001434981823 -0.0022312933579087257 0.00556965870782733 
vn -0.004702216479927301 -0.006747395731508732 0.005688744131475687 
vn -0.0054489970207214355 -0.0067150830291211605 0.0050215632654726505 
vn 0.000018868578990804963 -0.002358874538913369 0.009717785753309727 
vn 0.001950675155967474 -0.00015292114403564483 0.009806705638766289 
vn 0.0021723334211856127 0.00015292433090507984 0.009759998880326748 
vn -0.0035274941474199295 0.0012854058295488358 0.009268469177186489 
vn -0.0037001052405685186 0.0020178186241537333 0.009068496525287628 
vn 0.0024662651121616364 0.00010923419904429466 0.009690490551292896 
vn 0.002004773821681738 -0.0006331364274956286 0.009776503778994083 
vn -0.004444590304046869 0.0001966114214155823 0.008955833502113819 
vn 0.0018009976483881474 0.0004149746091570705 0.009827726520597935 
vn -0.004035059362649918 -0.00006553891580551863 0.009149535559117794 
vn -0.008761617355048656 0.0010250044288113713 0.004709928762167692 
vn -0.008603548631072044 0.0004586260474752635 0.00507627846673131 
vn -0.009873341768980026 0.0013287231558933854 -0.0008669628878124058 
vn -0.009928387589752674 0.0008945278823375702 -0.0007917929324321449 
vn -0.007789424620568752 0.0008074564975686371 -0.006218752358108759 
vn -0.007659305352717638 0.0008945270092226565 -0.00636669946834445 
vn -0.0026851585134863853 -0.00010923418449237943 -0.009632132947444916 
vn -0.002428421750664711 0.0007638970855623484 -0.009670534171164036 
vn -0.002061541425064206 0.0015449197962880135 -0.009662467055022717 
vn -0.007173996418714523 0.0026549517642706633 -0.006440885365009308 
vn -0.009506317786872387 0.0029902688693255186 -0.0008295899024233222 
vn -0.00815634522587061 0.002823042683303356 0.005050194449722767 
vn -0.008396130986511707 0.0011986942263320088 0.005297936033457518 
vn -0.009937907569110394 0.0008510007173754275 -0.0007167956791818142 
vn -0.007530926261097193 0.00032764466595835984 -0.006570981349796057 
vn -0.0020976841915398836 -0.0003276473144069314 -0.009772020392119884 
vn -0.0020976841915398836 -0.0003276473144069314 -0.009772020392119884 
vn 0.003893808228895068 -0.0003713144105859101 -0.009203281253576279 
vn 0.0033649755641818047 -0.0015880774008110166 -0.009281969629228115 
vn 0.008051740936934948 -0.002823042916134 -0.005215351935476065 
vn -0.002061541425064206 0.0015449197962880135 -0.009662467055022717 
vn 0.004171193111687899 -0.0002839737571775913 -0.009084079414606094 
vn -0.0026851585134863853 -0.00010923418449237943 -0.009632132947444916 
vn 0.003773672506213188 -0.0008510023471899331 -0.009221453219652176 
vn -0.002428421750664711 0.0007638970855623484 -0.009670534171164036 
vn 0.0033463062718510628 0.0016742914449423552 -0.009273563511669636 
vn 0.008607530035078526 -0.001068458310328424 -0.004976828582584858 
vn 0.008211467415094376 0.003527184948325157 -0.00448673265054822 
vn 0.009901462122797966 -0.0010684573790058494 0.0009052335517480969 
vn 0.009250350296497345 0.003649536520242691 0.0010544712422415614 
vn 0.0075746942311525345 -0.0009815292432904243 0.006454503163695335 
vn 0.007213713601231575 0.0024437077809125185 0.006480017676949501 
vn 0.002004773821681738 -0.0006331364274956286 0.009776503778994083 
vn 0.0018009976483881474 0.0004149746091570705 0.009827726520597935 
vn 0.0024662651121616364 0.00010923419904429466 0.009690490551292896 
vn 0.007168307434767485 -0.0020605919416993856 0.006661030929535627 
vn 0.009424323216080666 -0.003239380894228816 0.0008297872846014798 
vn 0.00816511083394289 -0.002316393656656146 -0.005288220942020416 
vn 0.009459294378757477 -0.0031150924041867256 0.0009044025209732354 
vn 0.007173772901296616 -0.0022312933579087257 0.0065998719073832035 
vn 0.001950675155967474 -0.00015292114403564483 0.009806705638766289 
vn 0.0021723334211856127 0.00015292433090507984 0.009759998880326748 
vn 0.009177700616419315 0.0022738648112863302 -0.0032556639052927494 
vn 0.009058898314833641 0.0016742923762649298 -0.0038901283405721188 
vn 0.0007723003509454429 0.004835138563066721 -0.008719231002032757 
vn 0.0011855080956593156 0.0035271840170025826 -0.009281893260776997 
vn 0.009195004589855671 0.00154492084402591 -0.003614568617194891 
vn 0.0018735460471361876 0.0039726803079247475 -0.008983742445707321 
vn 0.009345142170786858 0.0003276451607234776 -0.003544145030900836 
vn 0.004315693862736225 0.002358874538913369 -0.008706922642886639 
vn 0.005554480478167534 0.0019321495201438665 -0.008087925612926483 
vn 0.0090248491615057 0.0018463364103809 -0.0038914179895073175 
vn 0.0033204802311956882 0.005471405107527971 -0.007683627773076296 
vn 0.007957221008837223 0.00041497201891615987 -0.0060423859395086765 
vn 0.007995582185685635 -0.0026128008030354977 0.005407766439020634 
vn 0.007808700669556856 -0.0026549517642706633 0.005654681008309126 
vn 0.007919642142951488 -0.0024437056854367256 0.005595316644757986 
vn -0.0015401573618873954 -0.00452627195045352 0.00878298282623291 
vn -0.0007925113313831389 -0.004604022018611431 0.00884165707975626 
vn -0.008942174725234509 -0.002739101415500045 0.0035404576919972897 
vn -0.0092777656391263 -0.0021033287048339844 0.0030820555984973907 
vn -0.007886805571615696 0.0014585239114239812 -0.005972520913928747 
vn -0.008352547883987427 0.0022312935907393694 -0.005025561898946762 
vn 0.0007723003509454429 0.004835138563066721 -0.008719231002032757 
vn 0.0011855080956593156 0.0035271840170025826 -0.009281893260776997 
vn 0.0018735460471361876 0.0039726803079247475 -0.008983742445707321 
vn -0.007558676414191723 0.002103328239172697 -0.006200195290148258 
vn 0.004315693862736225 0.002358874538913369 -0.008706922642886639 
vn -0.006197660695761442 0.0016311988001689315 -0.007676470093429089 
vn -0.0058543081395328045 0.0022738641127943993 -0.007781813386827707 
vn -0.00020748961833305657 0.0019321492873132229 -0.009809370152652264 
vn 0.005554480478167534 0.0019321495201438665 -0.008087925612926483 
vn 0.0033204802311956882 0.005471405107527971 -0.007683627773076296 
vn -0.002484650816768408 0.006007869262248278 -0.007598158437758684 
vn -0.0036391946487128735 0.008406085893511772 -0.004011730197817087 
vn -0.00903649628162384 0.002358875470235944 -0.0035745552740991116 
vn -0.004391178954392672 0.008499464020133018 -0.002911471528932452 
vn -0.009542406536638737 0.0023588757030665874 -0.001837983843870461 
vn -0.009767342358827591 -0.0016312001971527934 -0.001392195699736476 
vn -0.009592454880475998 -0.002146025188267231 0.0018383117858320475 
vn -0.0019842186011373997 -0.004526272416114807 0.008693430572748184 
vn -0.009020774625241756 -0.003730756463482976 -0.0021695788018405437 
vn 0.0010541711235418916 0.0042909723706543446 -0.008970857597887516 
vn -0.0079151326790452 0.0025283496361225843 -0.0055640023201704025 
vn 0.0010919199557974935 0.0021033277735114098 -0.009715128690004349 
vn -0.00787031278014183 0.0001966089621419087 -0.0061659966595470905 
vn 0.0009974678978323936 0.004835138563066721 -0.008696349337697029 
vn -0.00804154947400093 0.0026128010358661413 -0.0053391712717711926 
vn 0.0007723003509454429 0.004835138563066721 -0.008719231002032757 
vn -0.008352547883987427 0.0022312935907393694 -0.005025561898946762 
vn -0.008320111781358719 -0.004251465667039156 0.0035638143308460712 
vn -0.008791400119662285 -0.0038116907235234976 0.0028604711405932903 
vn -0.0009790132753551006 -0.006875352468341589 0.007195211015641689 
vn -0.0009791709017008543 -0.0058318027295172215 0.00806419923901558 
vn 0.005486509762704372 -0.004873339552432299 0.006793288979679346 
vn 0.007549266330897808 -0.004330398980528116 0.004925061482936144 
vn 0.00881662406027317 0.0032806871458888054 -0.003391790436580777 
vn 0.009147963486611843 -0.00019661062106024474 -0.004034365992993116 
vn 0.0010541711235418916 0.0042909723706543446 -0.008970857597887516 
vn 0.0010919199557974935 0.0021033277735114098 -0.009715128690004349 
vn 0.009092206135392189 0.002188680227845907 -0.003541391808539629 
vn 0.0009974678978323936 0.004835138563066721 -0.008696349337697029 
vn 0.0007723003509454429 0.004835138563066721 -0.008719231002032757 
vn 0.009177700616419315 0.0022738648112863302 -0.0032556639052927494 
vn 0.007919642142951488 -0.0024437056854367256 0.005595316644757986 
vn 0.007906578481197357 -0.0024860515259206295 0.005595137365162373 
vn -0.0015401573618873954 -0.00452627195045352 0.00878298282623291 
vn -0.000866737391334027 -0.004132457543164492 0.009064853191375732 
vn -0.009093774482607841 -0.002060592407360673 0.00361347827129066 
vn -0.0092777656391263 -0.0021033287048339844 0.0030820555984973907 
vn 0.002042688662186265 -0.0026970545295625925 -0.009410277009010315 
vn 0.00015095128037501127 0.0003276440838817507 -0.009993490763008595 
vn 0.00035833980655297637 -0.00983208417892456 -0.0017893309704959393 
vn -0.004690507426857948 -0.008805659599602222 0.0006778652314096689 
vn 0.006646623834967613 0.003730755066499114 -0.006473319139331579 
vn 0.0009970403043553233 -0.008285757154226303 0.005509277805685997 
vn 0.008723162114620209 0.0027810977771878242 -0.004021433647722006 
vn 0.007615834940224886 -0.0034042284823954105 0.0055145518854260445 
vn 0.007175838574767113 -0.003115091472864151 0.00622924929484725 
vn 0.008873898535966873 0.001975002232939005 -0.00416572904214263 
vn 0.008844105526804924 0.0011986925965175033 -0.004510535392910242 
vn 0.006906617432832718 -0.0027391009498387575 0.006692978553473949 
vn 0.00711304834112525 -0.005796255078166723 -0.003975924104452133 
vn 0.005451064556837082 -0.0059377821162343025 0.005918499547988176 
vn -0.008320111781358719 -0.004251465667039156 0.0035638143308460712 
vn -0.0079151326790452 0.0025283496361225843 -0.0055640023201704025 
vn -0.008894463069736958 -0.0017173533560708165 0.004235472064465284 
vn -0.006892197299748659 0.0053242831490933895 -0.004914226941764355 
vn -0.009079255163669586 -0.0014585242606699467 0.00392935611307621 
vn -0.007085446268320084 0.003852049121633172 -0.00591254374012351 
vn -0.00903649628162384 -0.002358875470235944 0.0035745552740991116 
vn -0.0071552288718521595 0.002017816063016653 -0.006688132416456938 
vn -0.007118129171431065 0.0004149718733970076 -0.0070114219561219215 
vn -0.008642083965241909 -0.0032806869130581617 0.003814639989286661 
vn -0.006445714738219976 -0.0066826422698795795 0.0037141700740903616 
vn -0.004938080441206694 -0.006811635568737984 -0.005405272822827101 
vn -0.008320111781358719 -0.004251465667039156 0.0035638143308460712 
vn -0.008894463069736958 -0.0017173533560708165 0.004235472064465284 
vn -0.0011667655780911446 -0.0068435585126280785 0.0071975248865783215 
vn -0.000829516735393554 -0.006385005544871092 0.007651378866285086 
vn 0.007615834940224886 -0.0034042284823954105 0.0055145518854260445 
vn 0.007175838574767113 -0.003115091472864151 0.00622924929484725 
vn 0.0009970403043553233 -0.008285757154226303 0.005509277805685997 
vn -0.0009790132753551006 -0.006875352468341589 0.007195211015641689 
vn 0.005486509762704372 -0.004873339552432299 0.006793288979679346 
vn 0.004436558578163385 -0.0021886795293539762 0.008690605871379375 
vn -0.004690507426857948 -0.008805659599602222 0.0006778652314096689 
vn 0.006970216520130634 -0.005471406038850546 0.004634630400687456 
vn 0.00035833980655297637 -0.00983208417892456 -0.0017893309704959393 
vn -0.009079255163669586 -0.0014585242606699467 0.00392935611307621 
vn -0.00903649628162384 -0.002358875470235944 0.0035745552740991116 
vn -0.0005285987863317132 -0.005471405107527971 0.008353699930012226 
vn -0.00041552650509402156 -0.004604022018611431 0.008867373690009117 
vn 0.006906617432832718 -0.0027391009498387575 0.006692978553473949 
vn 0.005451064556837082 -0.0059377821162343025 0.005918499547988176 
vn -0.00001888401857286226 -0.006938545498996973 0.007201126776635647 
vn -0.008642083965241909 -0.0032806869130581617 0.003814639989286661 
vn -0.006445714738219976 -0.0066826422698795795 0.0037141700740903616 
vn 0.004100844729691744 -0.0019321523141115904 -0.008913464844226837 
vn 0.0013728925259783864 -0.0033219335600733757 -0.009331663139164448 
vn 0.005298151168972254 -0.006317509803920984 -0.0056585040874779224 
vn 0.000678566109854728 -0.007395282853394747 -0.006696965079754591 
vn -0.0014103848952800035 -0.004448179621249437 -0.008844462223351002 
vn 0.000018868578990804963 -0.0023588775657117367 -0.009717784821987152 
vn -0.0054489970207214355 -0.006715084426105022 -0.005021560937166214 
vn -0.004538389854133129 -0.005507929250597954 -0.007004693616181612 
vn -0.00800001434981823 -0.002231295220553875 -0.005569657776504755 
vn -0.006162183824926615 -0.003031936241313815 -0.0072687589563429356 
vn -0.007222927175462246 0.002990267938002944 -0.006235993932932615 
vn -0.007979149930179119 0.004251465201377869 -0.004272962920367718 
vn -0.0016309571219608188 0.008522403426468372 -0.0049707768484950066 
vn -0.003186344401910901 0.006077497731894255 -0.007274010684341192 
vn 0.0026283692568540573 0.0009380365372635424 -0.00960269570350647 
vn 0.002225667703896761 0.007032340858131647 -0.006752227898687124 
vn 0.003436592174693942 0.0008074559736996889 -0.009356166236102581 
vn 0.002633883384987712 0.009646899066865444 -1.571682450851597e-9 
vn -0.004310696851462126 0.009023185819387436 -1.4700656247867983e-9 
vn -0.009277932345867157 0.0037307559978216887 -0.00003770778130274266 
vn -0.009341717697679996 -0.003568037645891309 0.000037771533243358135 
vn -0.009942756034433842 0.0010684574954211712 -1.7407210395337103e-10 
vn -0.006832871586084366 0.0008945268345996737 -0.007246495224535465 
vn -0.00015090226952452213 -0.000414974638260901 -0.009990246035158634 
vn 0.006177227012813091 -0.0026128028985112906 -0.007417218293994665 
vn 0.0006549396202899516 -0.009978529997169971 1.6257120094564925e-9 
vn 0.0062324577011168 -0.00782026071101427 1.2740846155878671e-9 
vn 0.009013746865093708 -0.0043303994461894035 7.055130368804896e-10 
vn 0.0026283692568540573 0.0009380365372635424 -0.00960269570350647 
vn 0.0005826778360642493 0.008085029199719429 -0.005856004543602467 
vn -0.0016309571219608188 0.008522403426468372 -0.0049707768484950066 
vn -0.00633417209610343 0.0038116900250315666 -0.006734188180416822 
vn -0.007979149930179119 0.004251465201377869 -0.004272962920367718 
vn -0.007017778232693672 -0.0025706018786877394 -0.0066440049558877945 
vn -0.00800001434981823 -0.002231295220553875 -0.005569657776504755 
vn -0.004702216479927301 -0.006747397594153881 -0.0056887418031692505 
vn -0.0054489970207214355 -0.006715084426105022 -0.005021560937166214 
vn 0.000018868578990804963 -0.0023588775657117367 -0.009717784821987152 
vn 0.0010552755557000637 -0.00006554202263941988 -0.00994394812732935 
vn 0.000603541499003768 -0.0002839739026967436 -0.009977729991078377 
vn 0.008702791295945644 -0.001198694109916687 -0.004777505528181791 
vn 0.00846443697810173 -0.0005022694822400808 -0.005301040131598711 
vn 0.009963723830878735 -0.0008510008337907493 1.3864591419388006e-10 
vn 0.009967347607016563 -0.0008074574870988727 1.3155178335555462e-10 
vn 0.00846443697810173 -0.0005022677942179143 0.005301040597259998 
vn 0.008702791295945644 -0.0011986925965175033 0.004777505993843079 
vn 0.008555341511964798 0.00024029256019275635 -0.0051718843169510365 
vn 0.0004526468983385712 0.0003713112964760512 -0.009982846677303314 
vn 0.008393744938075542 0.003156581660732627 -0.0044250464998185635 
vn 0.007957221008837223 0.00041497201891615987 -0.0060423859395086765 
vn 0.007485791575163603 0.005398050881922245 -0.003850191133096814 
vn 0.008114555850625038 0.0034042284823954105 -0.00475028483197093 
vn 0.007466282229870558 0.0063850064761936665 -0.0018671693978831172 
vn 0.005001155659556389 0.007847417145967484 -0.0036614867858588696 
vn 0.00783359631896019 0.003690180601552129 -0.005001734010875225 
vn 0.0017578384140506387 0.006007869262248278 -0.007798430044203997 
vn -0.004391178954392672 0.008499464020133018 -0.002911471528932452 
vn -0.007357757538557053 0.004409001674503088 -0.005140438210219145 
vn 0.009652630425989628 0.0026128017343580723 -4.256802688118455e-10 
vn 0.008097868412733078 0.0058672428131103516 -9.55897028198649e-10 
vn 0.007994091138243675 0.00600787065923214 -9.788082566686285e-10 
vn 0.009294222109019756 0.0036901813000440598 -6.01208027806166e-10 
vn 0.009991385973989964 -0.0004149730084463954 6.760781517956005e-11 
vn 0.008555341511964798 0.00024029424821492285 0.0051718843169510365 
vn 0.000603541499003768 -0.0002839706721715629 0.009977729991078377 
vn 0.0004526468983385712 0.0003713145270012319 0.009982846677303314 
vn 0.008393744938075542 0.003156583057716489 0.0044250451028347015 
vn 0.007485791575163603 0.005398052278906107 0.0038501895032823086 
vn 0.0010552755557000637 -0.00006553878483828157 0.00994394812732935 
vn 0.007957221008837223 0.0004149739979766309 0.006042385473847389 
vn 0.008114555850625038 0.003404230112209916 0.0047502839006483555 
vn 0.007466282229870558 0.006385007407516241 0.0018671673024073243 
vn 0.005001155659556389 0.007847418077290058 0.0036614842247217894 
vn 0.00783359631896019 0.0036901822313666344 0.005001732613891363 
vn 0.0017578384140506387 0.006007871590554714 0.007798428181558847 
vn -0.004391178954392672 0.008499464951455593 0.0029114687349647284 
vn -0.007357757538557053 0.004409003537148237 0.005140436813235283 
vn -0.004391178954392672 0.008499464951455593 0.0029114687349647284 
vn 0.005001155659556389 0.007847418077290058 0.0036614842247217894 
vn -0.0036391946487128735 0.008406086824834347 0.004011727403849363 
vn 0.005116614047437906 0.007540563587099314 0.004118272103369236 
vn -0.002484650816768408 0.006007871590554714 0.007598156575113535 
vn 0.008114555850625038 0.003404230112209916 0.0047502839006483555 
vn 0.009652630425989628 0.0026128017343580723 -4.256802688118455e-10 
vn 0.00783359631896019 0.0036901822313666344 0.005001732613891363 
vn 0.009013746865093708 -0.0043303994461894035 7.055130368804896e-10 
vn 0.006177227012813091 -0.002612800570204854 0.00741721922531724 
vn 0.0017578384140506387 0.006007871590554714 0.007798428181558847 
vn -0.00015090226952452213 -0.0004149713786318898 0.009990246035158634 
vn -0.007357757538557053 0.004409003537148237 0.005140436813235283 
vn -0.006832871586084366 0.0008945292211137712 0.007246494758874178 
vn -0.009446462616324425 0.0032806876115500927 0.00003770861076191068 
vn -0.009942756034433842 0.0010684574954211712 -1.7407210395337103e-10 
vn -0.006832871586084366 0.0008945268345996737 -0.007246495224535465 
vn -0.007357757538557053 0.004409001674503088 -0.005140438210219145 
vn -0.00015090226952452213 -0.000414974638260901 -0.009990246035158634 
vn 0.0017578384140506387 0.006007869262248278 -0.007798430044203997 
vn 0.006177227012813091 -0.0026128028985112906 -0.007417218293994665 
vn 0.00783359631896019 0.003690180601552129 -0.005001734010875225 
vn 0.009013746865093708 -0.0043303994461894035 7.055130368804896e-10 
vn 0.009652630425989628 0.0026128017343580723 -4.256802688118455e-10 
vn -0.00026433810126036406 -0.006584557704627514 -0.007521550636738539 
vn -0.004172388464212418 0.00015292126045096666 -0.009086682461202145 
vn -0.002838308457285166 -0.006418575067073107 -0.007123616058379412 
vn -0.008627532981336117 0.0004149721935391426 -0.0050391932018101215 
vn -0.0062340437434613705 -0.006811635568737984 -0.003839051118120551 
vn -0.009928387589752674 0.0008945281733758748 0.0007917926413938403 
vn -0.007333848625421524 -0.0067473966628313065 0.000829041819088161 
vn -0.007627515587955713 0.0015880769351497293 0.00626889243721962 
vn -0.0057871113531291485 -0.006146661937236786 0.005359840113669634 
vn -0.0025187742430716753 0.0021460270509123802 0.009436648339033127 
vn -0.0018359464593231678 -0.005580652970820665 0.008092318661510944 
vn -0.002428421750664711 0.0007639002287760377 0.009670534171164036 
vn -0.007659305352717638 0.0008945290464907885 0.006366699002683163 
vn -0.009928387589752674 0.0008945281733758748 0.0007917926413938403 
vn -0.008603548631072044 0.00045862438855692744 -0.00507627846673131 
vn -0.004035059362649918 -0.00006554189894814044 -0.009149535559117794 
vn 0.0000377268333977554 0.0008074558572843671 -0.009967275895178318 
vn 0.0018009976483881474 0.0004149714077357203 -0.009827726520597935 
vn 0.003327100770547986 0.006007871590554714 0.007268828805536032 
vn 0.0034907194785773754 0.005580655299127102 0.0075280251912772655 
vn 0.0033463062718510628 0.0016742944717407227 0.009273562580347061 
vn 0.0006595695158466697 0.0026549543254077435 0.00961853377521038 
vn -0.0025187742430716753 0.0021460270509123802 0.009436648339033127 
vn -0.0018359464593231678 -0.005580652970820665 0.008092318661510944 
vn 0.0001321996096521616 -0.006283577065914869 0.007778122089803219 
vn 0.0029578381218016148 -0.005398050416260958 0.007881132885813713 
vn -0.002428421750664711 0.0007639002287760377 0.009670534171164036 
vn 0.0022027597296983004 -0.005507929250597954 -0.008050501346588135 
vn 0.006253629457205534 -0.005250110756605864 -0.005773080512881279 
vn -0.00007669857586733997 -0.009992268867790699 -0.000385588122298941 
vn -0.00003888926585204899 -0.009998473338782787 -0.0001703833695501089 
vn -0.00026433810126036406 -0.006584557704627514 -0.007521550636738539 
vn -0.0002537210239097476 -0.00999389123171568 -0.000240335677517578 
vn -0.002838308457285166 -0.006418575067073107 -0.007123616058379412 
vn -0.0062340437434613705 -0.006811635568737984 -0.003839051118120551 
vn -0.00021845221635885537 -0.009997613728046417 1.6288211890369553e-9 
vn -0.007333848625421524 -0.0067473966628313065 0.000829041819088161 
vn -0.0018359464593231678 -0.005580652970820665 0.008092318661510944 
vn -0.0057871113531291485 -0.006146661937236786 0.005359840113669634 
vn 0.0001321996096521616 -0.006283577065914869 0.007778122089803219 
vn -0.000019445375073701143 -0.00999961793422699 0.00008519738912582397 
vn 0.007017448544502258 -0.005724822171032429 0.004240498878061771 
vn 0.00809849426150322 -0.005796254612505436 -0.0009043378522619605 
vn 0.0029578381218016148 -0.005398050416260958 0.007881132885813713 
vn 0.0018009976483881474 0.0004149714077357203 -0.009827726520597935 
vn 0.003355391090735793 0.003690179903060198 -0.00866740569472313 
vn 0.0000377268333977554 0.0008074558572843671 -0.009967275895178318 
vn 0.0030277713667601347 0.00502520427107811 -0.00809814315289259 
vn -0.00026433810126036406 -0.006584557704627514 -0.007521550636738539 
vn 0.0022027597296983004 -0.005507929250597954 -0.008050501346588135 
vn 0.00711304834112525 -0.005796253681182861 0.003975925967097282 
vn 0.008844105526804924 0.001198694109916687 0.004510534927248955 
vn 0.0007168932934291661 -0.007185973692685366 0.00691721448674798 
vn 0.00045275711454451084 0.002401316072791815 0.00969683937728405 
vn -0.004938080441206694 -0.006811634171754122 0.005405275151133537 
vn -0.007118129171431065 0.0004149741434957832 0.0070114219561219215 
vn 0.00050905323587358 0.003404230810701847 0.009388933889567852 
vn -0.0071552288718521595 0.0020178183913230896 0.0066881319507956505 
vn 0.0004338120052125305 0.004604024812579155 0.00886649638414383 
vn -0.007085446268320084 0.0038520509842783213 0.0059125423431396484 
vn 0.0005464675487019122 0.006146664265543222 0.007868919521570206 
vn -0.006892197299748659 0.0053242845460772514 0.0049142250791192055 
vn 0.0010541711235418916 0.004290975164622068 0.008970855735242367 
vn -0.0079151326790452 0.0025283514987677336 0.005564001388847828 
vn 0.008873898535966873 0.001975003629922867 0.004165728576481342 
vn 0.008723162114620209 0.002781099174171686 0.004021432716399431 
vn 0.006646623834967613 0.003730757161974907 0.006473317742347717 
vn 0.00881662406027317 0.00328068807721138 0.003391789272427559 
vn 0.00015095128037501127 0.00032764734351076186 0.009993490763008595 
vn 0.0077517153695225716 0.00631750887259841 -1.0292549035284537e-9 
vn 0.002042688662186265 -0.002697051502764225 0.00941027794033289 
vn 0.009023688733577728 0.002906766952946782 0.0031817848794162273 
vn 0.005451064556837082 -0.005937783978879452 -0.005918497685343027 
vn -0.00001888401857286226 -0.006938548292964697 -0.00720112444832921 
vn 0.00711304834112525 -0.005796253681182861 0.003975925967097282 
vn -0.006445714738219976 -0.006682643201202154 -0.0037141679786145687 
vn 0.0007168932934291661 -0.007185973692685366 0.00691721448674798 
vn -0.004938080441206694 -0.006811634171754122 0.005405275151133537 
vn 0.00881662406027317 0.00328068807721138 0.003391789272427559 
vn 0.005486509762704372 -0.004873341880738735 -0.006793287117034197 
vn 0.0077517153695225716 0.00631750887259841 -1.0292549035284537e-9 
vn 0.004436558578163385 -0.0021886823233217 -0.0086906049400568 
vn 0.009023688733577728 0.002906766952946782 0.0031817848794162273 
vn 0.006970216520130634 -0.005471407435834408 -0.004634628538042307 
vn 0.002042688662186265 -0.002697051502764225 0.00941027794033289 
vn 0.00035833980655297637 -0.00983208417892456 0.0017893342301249504 
vn 0.0033463062718510628 0.0016742944717407227 0.009273562580347061 
vn 0.008211467415094376 0.003527186345309019 0.004486731253564358 
vn 0.003327100770547986 0.006007871590554714 0.007268828805536032 
vn 0.00476861884817481 0.008476362563669682 0.002326274523511529 
vn 0.0034907194785773754 0.005580655299127102 0.0075280251912772655 
vn 0.007022493053227663 0.006042742636054754 0.0037642859388142824 
vn 0.0029578381218016148 -0.005398050416260958 0.007881132885813713 
vn 0.007017448544502258 -0.005724822171032429 0.004240498878061771 
vn 0.007991544902324677 0.00597288366407156 -0.0006781354313716292 
vn 0.00809849426150322 -0.005796254612505436 -0.0009043378522619605 
vn 0.009250350296497345 0.0036495362874120474 -0.0010544724063947797 
vn 0.0050839148461818695 0.008590244688093662 -0.0006012482917867601 
vn 0.007213713601231575 0.0024437056854367256 -0.006480018142610788 
vn 0.004878307227045298 0.0077101425267755985 -0.00409338716417551 
vn 0.0018009976483881474 0.0004149714077357203 -0.009827726520597935 
vn 0.003355391090735793 0.003690179903060198 -0.00866740569472313 
vn 0.0062009477987885475 0.00618106871843338 -0.004831421654671431 
vn 0.006253629457205534 -0.005250110756605864 -0.005773080512881279 
vn 0.0030277713667601347 0.00502520427107811 -0.00809814315289259 
vn 0.0022027597296983004 -0.005507929250597954 -0.008050501346588135 
vn -0.004702216479927301 -0.006747395731508732 0.005688744131475687 
vn 0.000018868578990804963 -0.002358874538913369 0.009717785753309727 
vn -0.007017778232693672 -0.0025705997832119465 0.006644005421549082 
vn 0.0026283692568540573 0.0009380396222695708 0.00960269570350647 
vn 0.0005826778360642493 0.008085031062364578 0.005856001749634743 
vn -0.00633417209610343 0.0038116921205073595 0.0067341867834329605 
vn -0.004391178954392672 0.008499464020133018 -0.002911471528932452 
vn -0.0036391946487128735 0.008406085893511772 -0.004011730197817087 
vn 0.005001155659556389 0.007847417145967484 -0.0036614867858588696 
vn 0.005116614047437906 0.007540562190115452 -0.0041182744316756725 
vn 0.008114555850625038 0.0034042284823954105 -0.00475028483197093 
vn -0.002484650816768408 0.006007869262248278 -0.007598158437758684 
vn -0.0018359464593231678 -0.005580655299127102 -0.008092316798865795 
vn -0.0057871113531291485 -0.006146663799881935 -0.005359838251024485 
vn -0.0025187742430716753 0.0021460240241140127 -0.009436649270355701 
vn -0.007627515587955713 0.0015880748396739364 -0.006268893368542194 
vn -0.002428421750664711 0.0007638970855623484 -0.009670534171164036 
vn -0.007659305352717638 0.0008945270092226565 -0.00636669946834445 
vn -0.009928387589752674 0.0008945278823375702 -0.0007917929324321449 
vn -0.009928387589752674 0.0008945278823375702 -0.0007917929324321449 
vn -0.008627532981336117 0.0004149738233536482 0.005039192736148834 
vn -0.008603548631072044 0.0004586260474752635 0.00507627846673131 
vn -0.004172388464212418 0.00015292422904167324 0.009086682461202145 
vn -0.002838308457285166 -0.00641857273876667 0.007123617921024561 
vn -0.00026433810126036406 -0.006584555376321077 0.007521552965044975 
vn 0.0000377268333977554 0.0008074591169133782 0.009967275895178318 
vn -0.004035059362649918 -0.00006553891580551863 0.009149535559117794 
vn 0.0018009976483881474 0.0004149746091570705 0.009827726520597935 
vn -0.0062340437434613705 -0.006811634171754122 0.0038390534464269876 
vn -0.007333848625421524 -0.0067473966628313065 -0.0008290396071970463 
vn -0.002428421750664711 0.0007638970855623484 -0.009670534171164036 
vn 0.0033463062718510628 0.0016742914449423552 -0.009273563511669636 
vn -0.0025187742430716753 0.0021460240241140127 -0.009436649270355701 
vn 0.0006595695158466697 0.0026549510657787323 -0.009618534706532955 
vn -0.0018359464593231678 -0.005580655299127102 -0.008092316798865795 
vn 0.0001321996096521616 -0.006283579394221306 -0.00777812022715807 
vn 0.0029578381218016148 -0.0053980532102286816 -0.007881131023168564 
vn 0.0034907194785773754 0.005580652970820665 -0.007528027053922415 
vn 0.003327100770547986 0.006007869262248278 -0.007268831133842468 
vn 0.0022027597296983004 -0.005507926922291517 0.008050503209233284 
vn 0.006253629457205534 -0.005250108893960714 0.005773081909865141 
vn -0.00007669857586733997 -0.009992268867790699 0.00038559138192795217 
vn -0.00003888926585204899 -0.009998473338782787 0.00017038662917912006 
vn -0.00026433810126036406 -0.006584555376321077 0.007521552965044975 
vn -0.0002537210239097476 -0.00999389123171568 0.00024033893714658916 
vn -0.002838308457285166 -0.00641857273876667 0.007123617921024561 
vn -0.0062340437434613705 -0.006811634171754122 0.0038390534464269876 
vn -0.00021845221635885537 -0.009997613728046417 1.6288211890369553e-9 
vn -0.007333848625421524 -0.0067473966628313065 -0.0008290396071970463 
vn -0.0018359464593231678 -0.005580655299127102 -0.008092316798865795 
vn -0.0057871113531291485 -0.006146663799881935 -0.005359838251024485 
vn 0.00809849426150322 -0.005796254146844149 0.0009043397731147707 
vn -0.000019445375073701143 -0.00999961793422699 -0.00008519412949681282 
vn 0.007017448544502258 -0.005724823568016291 -0.004240497015416622 
vn 0.0001321996096521616 -0.006283579394221306 -0.00777812022715807 
vn 0.0029578381218016148 -0.0053980532102286816 -0.007881131023168564 
vn 0.0018009976483881474 0.0004149746091570705 0.009827726520597935 
vn 0.0000377268333977554 0.0008074591169133782 0.009967275895178318 
vn 0.003355391090735793 0.0036901826970279217 0.008667404763400555 
vn 0.0030277713667601347 0.005025207065045834 0.00809814129024744 
vn -0.00026433810126036406 -0.006584555376321077 0.007521552965044975 
vn 0.0022027597296983004 -0.005507926922291517 0.008050503209233284 
vn 0.00711304834112525 -0.005796255078166723 -0.003975924104452133 
vn 0.008844105526804924 0.0011986925965175033 -0.004510535392910242 
vn 0.0007168932934291661 -0.007185976020991802 -0.006917212158441544 
vn 0.00045275711454451084 0.0024013128131628036 -0.009696840308606625 
vn -0.004938080441206694 -0.006811635568737984 -0.005405272822827101 
vn -0.007118129171431065 0.0004149718733970076 -0.0070114219561219215 
vn 0.00050905323587358 0.0034042277839034796 -0.009388934820890427 
vn -0.0071552288718521595 0.002017816063016653 -0.006688132416456938 
vn 0.0004338120052125305 0.004604022018611431 -0.008866498246788979 
vn -0.007085446268320084 0.003852049121633172 -0.00591254374012351 
vn 0.0005464675487019122 0.006146661471575499 -0.007868921384215355 
vn -0.006892197299748659 0.0053242831490933895 -0.004914226941764355 
vn 0.0010541711235418916 0.0042909723706543446 -0.008970857597887516 
vn -0.0079151326790452 0.0025283496361225843 -0.0055640023201704025 
vn 0.008873898535966873 0.001975002232939005 -0.00416572904214263 
vn 0.008723162114620209 0.0027810977771878242 -0.004021433647722006 
vn 0.006646623834967613 0.003730755066499114 -0.006473319139331579 
vn 0.00881662406027317 0.0032806871458888054 -0.003391790436580777 
vn 0.00015095128037501127 0.0003276440838817507 -0.009993490763008595 
vn 0.0077517153695225716 0.00631750887259841 -1.0292549035284537e-9 
vn 0.002042688662186265 -0.0026970545295625925 -0.009410277009010315 
vn 0.009023688733577728 0.0029067660216242075 -0.003181785810738802 
vn 0.005451064556837082 -0.0059377821162343025 0.005918499547988176 
vn -0.00001888401857286226 -0.006938545498996973 0.007201126776635647 
vn 0.00711304834112525 -0.005796255078166723 -0.003975924104452133 
vn -0.006445714738219976 -0.0066826422698795795 0.0037141700740903616 
vn 0.0007168932934291661 -0.007185976020991802 -0.006917212158441544 
vn -0.004938080441206694 -0.006811635568737984 -0.005405272822827101 
vn 0.00881662406027317 0.0032806871458888054 -0.003391790436580777 
vn 0.005486509762704372 -0.004873339552432299 0.006793288979679346 
vn 0.0077517153695225716 0.00631750887259841 -1.0292549035284537e-9 
vn 0.004436558578163385 -0.0021886795293539762 0.008690605871379375 
vn 0.009023688733577728 0.0029067660216242075 -0.003181785810738802 
vn 0.006970216520130634 -0.005471406038850546 0.004634630400687456 
vn 0.002042688662186265 -0.0026970545295625925 -0.009410277009010315 
vn 0.00035833980655297637 -0.00983208417892456 -0.0017893309704959393 
vn 0.0033463062718510628 0.0016742914449423552 -0.009273563511669636 
vn 0.008211467415094376 0.003527184948325157 -0.00448673265054822 
vn 0.003327100770547986 0.006007869262248278 -0.007268831133842468 
vn 0.00476861884817481 0.008476361632347107 -0.002326277317479253 
vn 0.0034907194785773754 0.005580652970820665 -0.007528027053922415 
vn 0.007022493053227663 0.00604274170473218 -0.0037642880342900753 
vn 0.0029578381218016148 -0.0053980532102286816 -0.007881131023168564 
vn 0.007017448544502258 -0.005724823568016291 -0.004240497015416622 
vn 0.007991544902324677 0.00597288366407156 0.0006781335105188191 
vn 0.00809849426150322 -0.005796254146844149 0.0009043397731147707 
vn 0.009250350296497345 0.003649536520242691 0.0010544712422415614 
vn 0.0050839148461818695 0.008590245619416237 0.0006012454978190362 
vn 0.007213713601231575 0.0024437077809125185 0.006480017676949501 
vn 0.004878307227045298 0.0077101439237594604 0.004093384835869074 
vn 0.0018009976483881474 0.0004149746091570705 0.009827726520597935 
vn 0.003355391090735793 0.0036901826970279217 0.008667404763400555 
vn 0.0062009477987885475 0.006181070581078529 0.004831419792026281 
vn 0.006253629457205534 -0.005250108893960714 0.005773081909865141 
vn 0.0030277713667601347 0.005025207065045834 0.00809814129024744 
vn 0.0022027597296983004 -0.005507926922291517 0.008050503209233284 
vn -0.004702216479927301 -0.006747397594153881 -0.0056887418031692505 
vn 0.000018868578990804963 -0.0023588775657117367 -0.009717784821987152 
vn -0.007017778232693672 -0.0025706018786877394 -0.0066440049558877945 
vn 0.0026283692568540573 0.0009380365372635424 -0.00960269570350647 
vn 0.0005826778360642493 0.008085029199719429 -0.005856004543602467 
vn -0.00633417209610343 0.0038116900250315666 -0.006734188180416822 
vn -0.007997404783964157 0.0018892629304900765 0.005698437802493572 
vn -0.0006030008662492037 0.0029485474806278944 0.009536375291645527 
vn -0.007967764511704445 0.006042742170393467 -9.844879356180058e-10 
vn -0.0007411912083625793 0.009972425177693367 0.00003698969157994725 
vn -0.007997404783964157 0.0018892610678449273 -0.005698438733816147 
vn -0.0006030008662492037 0.0029485442209988832 -0.009536376222968102 
vn 0.004071872681379318 0.0031150910072028637 -0.008585806004703045 
vn 0.003710477612912655 0.009286138229072094 -1.5129069108610338e-9 
vn 0.004071872681379318 0.0031150938011705875 0.00858580507338047 
vn 0.004071872681379318 0.0031150910072028637 -0.008585806004703045 
vn -0.0006030008662492037 0.0029485442209988832 -0.009536376222968102 
vn 0.004689448978751898 -0.007032342720776796 -0.005343708209693432 
vn -0.0003967643133364618 -0.008136148564517498 -0.005800487939268351 
vn -0.008036168292164803 -0.004796847701072693 -0.0035228191409260035 
vn -0.007997404783964157 0.0018892610678449273 -0.005698438733816147 
vn 0.004689448978751898 -0.007032342720776796 -0.005343708209693432 
vn -0.0003967643133364618 -0.008136148564517498 -0.005800487939268351 
vn 0.004689448978751898 -0.007032340858131647 0.005343710537999868 
vn -0.0003967643133364618 -0.008136146701872349 0.0058004907332360744 
vn -0.008036168292164803 -0.004796846304088831 0.003522820770740509 
vn -0.008036168292164803 -0.004796847701072693 -0.0035228191409260035 
vn 0.004689448978751898 -0.007032340858131647 0.005343710537999868 
vn -0.0003967643133364618 -0.008136146701872349 0.0058004907332360744 
vn 0.004071872681379318 0.0031150938011705875 0.00858580507338047 
vn -0.0006030008662492037 0.0029485474806278944 0.009536375291645527 
vn -0.007997404783964157 0.0018892629304900765 0.005698437802493572 
vn -0.008036168292164803 -0.004796846304088831 0.003522820770740509 
vn 0.006177227012813091 -0.0026128028985112906 -0.007417218293994665 
vn 0.009013746865093708 -0.0043303994461894035 7.055130368804896e-10 
vn -0.00015090226952452213 -0.000414974638260901 -0.009990246035158634 
vn -0.006832871586084366 0.0008945268345996737 -0.007246495224535465 
vn -0.009942756034433842 0.0010684574954211712 -1.7407210395337103e-10 
vn -0.006832871586084366 0.0008945292211137712 0.007246494758874178 
vn -0.00015090226952452213 -0.0004149713786318898 0.009990246035158634 
vn 0.006177227012813091 -0.002612800570204854 0.00741721922531724 
vn -0.007997404783964157 0.0018892629304900765 0.005698437802493572 
vn -0.008036168292164803 -0.004796846304088831 0.003522820770740509 
vn -0.007967764511704445 0.006042742170393467 -9.844879356180058e-10 
vn -0.008036168292164803 -0.004796847701072693 -0.0035228191409260035 
vn -0.007997404783964157 0.0018892610678449273 -0.005698438733816147 
vt 0.5334336757659912 0.5062577128410339 
vt 0.516729474067688 0.4673623740673065 
vt 0.560757040977478 0.4711686372756958 
vt 0.5293769836425781 0.43489012122154236 
vt 0.5452460050582886 0.4109819531440735 
vt 0.44084447622299194 0.5332584381103516 
vt 0.4302253723144531 0.5048303604125977 
vt 0.35839712619781494 0.555025577545166 
vt 0.35135748982429504 0.5339721441268921 
vt 0.3393065631389618 0.5622812509536743 
vt 0.34264740347862244 0.5387299656867981 
vt 0.3307158052921295 0.5452719926834106 
vt 0.3434826135635376 0.5143460631370544 
vt 0.31806832551956177 0.5255269408226013 
vt 0.33560776710510254 0.49567151069641113 
vt 0.3066139817237854 0.5111345052719116 
vt 0.41686198115348816 0.4796138107776642 
vt 0.49155378341674805 0.44940152764320374 
vt 0.4997865855693817 0.423828125 
vt 0.5151783227920532 0.39135587215423584 
vt 0.5432175993919373 0.38980957865715027 
vt 0.5716148018836975 0.38754960894584656 
vt 0.5911826491355896 0.4413132071495056 
vt 0.5687512159347534 0.35329315066337585 
vt 0.541308581829071 0.35329315066337585 
vt 0.5432175993919373 0.31677672266960144 
vt 0.5716148018836975 0.31903672218322754 
vt 0.5452460050582886 0.2956043481826782 
vt 0.560757040977478 0.2354176789522171 
vt 0.5911826491355896 0.2652731239795685 
vt 0.4015895128250122 0.45844143629074097 
vt 0.46971896290779114 0.4235902428627014 
vt 0.5335530042648315 0.20032860338687897 
vt 0.516729474067688 0.23922394216060638 
vt 0.5293769836425781 0.27169620990753174 
vt 0.49155378341674805 0.25718480348587036 
vt 0.4302253723144531 0.20175595581531525 
vt 0.4169812798500061 0.22697250545024872 
vt 0.35135748982429504 0.172614187002182 
vt 0.3585164546966553 0.1514417976140976 
vt 0.3393065631389618 0.1443050354719162 
vt 0.34276673197746277 0.1678563505411148 
vt 0.33083513379096985 0.16131430864334106 
vt 0.3434826135635376 0.19224026799201965 
vt 0.31806832551956177 0.1810593456029892 
vt 0.33572709560394287 0.21091479063034058 
vt 0.30673331022262573 0.19545181095600128 
vt 0.44084447622299194 0.17332786321640015 
vt 0.4015895128250122 0.24802595376968384 
vt 0.4698382616043091 0.2829960584640503 
vt 0.4997865855693817 0.2827581763267517 
vt 0.5151783227920532 0.3151114881038666 
vt 0.5123147964477539 0.35329315066337585 
vt 0.496565043926239 0.38267281651496887 
vt 0.48582661151885986 0.3968273997306824 
vt 0.4647076725959778 0.3630467355251312 
vt 0.4946559965610504 0.35329315066337585 
vt 0.496565043926239 0.32391348481178284 
vt 0.48582661151885986 0.3097589313983917 
vt 0.4647076725959778 0.34353959560394287 
vt 0.4647076725959778 0.35329315066337585 
vt 0.4154301881790161 0.36292779445648193 
vt 0.4153108596801758 0.35329315066337585 
vt 0.4154301881790161 0.34365853667259216 
vt 0.4342820942401886 0.306190550327301 
vt 0.38500460982322693 0.26788991689682007 
vt 0.32665908336639404 0.22923247516155243 
vt 0.4008736312389374 0.32272404432296753 
vt 0.3666299283504486 0.2898949384689331 
vt 0.31544336676597595 0.24778805673122406 
vt 0.29683005809783936 0.2377965897321701 
vt 0.2957562208175659 0.21020111441612244 
vt 0.2828701138496399 0.23042194545269012 
vt 0.5954779982566833 0.3454427123069763 
vt 0.6118243336677551 0.3779149651527405 
vt 0.6427271366119385 0.3254598081111908 
vt 0.6741072535514832 0.35115212202072144 
vt 0.6739879250526428 0.42763441801071167 
vt 0.716225802898407 0.4271586239337921 
vt 0.6806696653366089 0.4772348999977112 
vt 0.716225802898407 0.4744991362094879 
vt 0.7517820000648499 0.4772348999977112 
vt 0.7584636807441711 0.42763441801071167 
vt 0.813468337059021 0.491508424282074 
vt 0.8137069940567017 0.43167856335639954 
vt 0.8206273317337036 0.3779149651527405 
vt 0.7583443522453308 0.35115212202072144 
vt 0.716225802898407 0.35222265124320984 
vt 0.6780446767807007 0.3160630464553833 
vt 0.6492895483970642 0.2947717308998108 
vt 0.681624174118042 0.2959611713886261 
vt 0.716225802898407 0.31665778160095215 
vt 0.7544069290161133 0.3160630464553833 
vt 0.7897244691848755 0.3254598081111908 
vt 0.8369736075401306 0.3454427123069763 
vt 0.6187446117401123 0.43167856335639954 
vt 0.618983268737793 0.491508424282074 
vt 0.7831621170043945 0.2947717308998108 
vt 0.750827431678772 0.2959611713886261 
vt 0.7453389167785645 0.26896044611930847 
vt 0.7817302942276001 0.26336997747421265 
vt 0.7337652444839478 0.23969972133636475 
vt 0.716225802898407 0.2688415050506592 
vt 0.716225802898407 0.24005655944347382 
vt 0.6986863613128662 0.23969972133636475 
vt 0.6871126890182495 0.26896044611930847 
vt 0.6506019830703735 0.26336997747421265 
vt 0.716225802898407 0.2967938184738159 
vt 0.10699831694364548 0.2593258321285248 
vt 0.14219653606414795 0.25480586290359497 
vt 0.13909432291984558 0.2983401119709015 
vt 0.1744118630886078 0.2795466482639313 
vt 0.14386695623397827 0.22744828462600708 
vt 0.10902668535709381 0.22744828462600708 
vt 0.08146469295024872 0.2734803855419159 
vt 0.11117437481880188 0.3184419870376587 
vt 0.20722375810146332 0.3454427123069763 
vt 0.23013243079185486 0.32867133617401123 
vt 0.25638195872306824 0.31427887082099915 
vt 0.21855877339839935 0.26693835854530334 
vt 0.2045987993478775 0.23827236890792847 
vt 0.2045987993478775 0.22744828462600708 
vt 0.2575750946998596 0.2367260754108429 
vt 0.2568592131137848 0.22744828462600708 
vt 0.25805237889289856 0.2627752423286438 
vt 0.2832280397415161 0.3006000816822052 
vt 0.3166365325450897 0.3574562668800354 
vt 0.2975459694862366 0.3691129684448242 
vt 0.32498863339424133 0.3761307895183563 
vt 0.3152047395706177 0.3977789580821991 
vt 0.331670343875885 0.38980957865715027 
vt 0.2802451550960541 0.3831486105918884 
vt 0.2659272253513336 0.3988494873046875 
vt 0.2989777624607086 0.4057483375072479 
vt 0.2835859954357147 0.41490718722343445 
vt 0.2539956271648407 0.41609665751457214 
vt 0.27081918716430664 0.4272775650024414 
vt 0.26151254773139954 0.44309738278388977 
vt 0.24337650835514069 0.43512800335884094 
vt 0.17035511136054993 0.39088010787963867 
vt 0.18741729855537415 0.36625826358795166 
vt 0.08898159861564636 0.3406848907470703 
vt 0.04817552864551544 0.3279576599597931 
vt 0.011426200158894062 0.30963999032974243 
vt 0.03170992061495781 0.25992053747177124 
vt 0.08361238241195679 0.22744828462600708 
vt 0.03182923421263695 0.22744828462600708 
vt 0.03170992061495781 0.19497603178024292 
vt 0.08146469295024872 0.18129724264144897 
vt 0.011426200158894062 0.14513765275478363 
vt 0.04817552864551544 0.12681996822357178 
vt 0.08898159861564636 0.11409275233745575 
vt 0.11117437481880188 0.13645459711551666 
vt 0.18741729855537415 0.0886383056640625 
vt 0.17035511136054993 0.06389754265546799 
vt 0.2539956271648407 0.03868098929524422 
vt 0.24349582195281982 0.019649628549814224 
vt 0.26151254773139954 0.011680246330797672 
vt 0.2709384858608246 0.027500063180923462 
vt 0.28370532393455505 0.03987044841051102 
vt 0.2659272253513336 0.05592815950512886 
vt 0.2989777624607086 0.049148235470056534 
vt 0.20734307169914246 0.10933490842580795 
vt 0.13909432291984558 0.15655647218227386 
vt 0.10699831694364548 0.19545181095600128 
vt 0.14219653606414795 0.1999717652797699 
vt 0.2045987993478775 0.2166242003440857 
vt 0.2575750946998596 0.21817050874233246 
vt 0.25805237889289856 0.19212132692337036 
vt 0.21855877339839935 0.18795821070671082 
vt 0.28334736824035645 0.15429650247097015 
vt 0.1744118630886078 0.17534993588924408 
vt 0.25638195872306824 0.1406177133321762 
vt 0.31675583124160767 0.09744030982255936 
vt 0.2976652979850769 0.08566465973854065 
vt 0.32510796189308167 0.07876578718423843 
vt 0.3153240382671356 0.05699867382645607 
vt 0.33178967237472534 0.0649680569767952 
vt 0.280364453792572 0.07174797356128693 
vt 0.23013243079185486 0.12622524797916412 
vt 0.2828701138496399 0.4760454297065735 
vt 0.2967107594013214 0.4687897264957428 
vt 0.2957562208175659 0.4963851869106293 
vt 0.32665908336639404 0.4773538410663605 
vt 0.38500460982322693 0.43869638442993164 
vt 0.3666299283504486 0.4165724217891693 
vt 0.4008736312389374 0.38386228680610657 
vt 0.4342820942401886 0.40039578080177307 
vt 0.31544336676597595 0.45879825949668884 
vt 0.7993890643119812 0.5126807689666748 
vt 0.7989118099212646 0.5238617062568665 
vt 0.7780315279960632 0.515654444694519 
vt 0.7785087823867798 0.5392057299613953 
vt 0.7979573011398315 0.5411089062690735 
vt 0.7993890643119812 0.6053397059440613 
vt 0.7786280512809753 0.597013533115387 
vt 0.788292646408081 0.7617537379264832 
vt 0.7771962881088257 0.7594937682151794 
vt 0.7587023377418518 0.5910662412643433 
vt 0.765622615814209 0.7577095627784729 
vt 0.7382992506027222 0.5888062119483948 
vt 0.7533330917358398 0.757114827632904 
vt 0.7172996401786804 0.5911851525306702 
vt 0.7412821650505066 0.7581853270530701 
vt 0.6963000297546387 0.5989166498184204 
vt 0.7301858067512512 0.7610400319099426 
vt 0.6921240091323853 0.5369457602500916 
vt 0.7125270366668701 0.5351616144180298 
vt 0.7349584102630615 0.5346857905387878 
vt 0.7577477693557739 0.5363510251045227 
vt 0.7566739320755005 0.5155354738235474 
vt 0.7359129786491394 0.513513445854187 
vt 0.7152712941169739 0.510896623134613 
vt 0.6942716836929321 0.5074471831321716 
vt 0.8314850926399231 0.2142452895641327 
vt 0.8146615028381348 0.19604654610157013 
vt 0.8341100215911865 0.19557076692581177 
vt 0.8384053707122803 0.172614187002182 
vt 0.8054741621017456 0.21472106873989105 
vt 0.8034458160400391 0.19687916338443756 
vt 0.7476059198379517 0.2154347449541092 
vt 0.7419980764389038 0.19331078231334686 
vt 0.5913019776344299 0.17463625967502594 
vt 0.5918985605239868 0.16369323432445526 
vt 0.7365095615386963 0.1715436726808548 
vt 0.5916599035263062 0.1523933708667755 
vt 0.7342424988746643 0.14918182790279388 
vt 0.5913019776344299 0.1407366544008255 
vt 0.7368674874305725 0.12681996822357178 
vt 0.5913019776344299 0.12919889390468597 
vt 0.7434298396110535 0.10552863776683807 
vt 0.5917792320251465 0.11801797151565552 
vt 0.8034458160400391 0.11171383410692215 
vt 0.8018947243690491 0.1313399225473404 
vt 0.8016560673713684 0.1538207232952118 
vt 0.8023719787597656 0.17653940618038177 
vt 0.8382861018180847 0.15441544353961945 
vt 0.8347066044807434 0.13669249415397644 
vt 0.8281441926956177 0.11385486274957657 
vt 0.818479597568512 0.1134980246424675 
vt 0.8310077786445618 0.7824503183364868 
vt 0.8279055953025818 0.797556459903717 
vt 0.8108434081077576 0.779238760471344 
vt 0.8075025677680969 0.7932744026184082 
vt 0.8238488435745239 0.8280066251754761 
vt 0.8003435730934143 0.8224161863327026 
vt 0.8144229054450989 0.8808186650276184 
vt 0.795570969581604 0.8721356391906738 
vt 0.790559709072113 0.8835543990135193 
vt 0.8045196533203125 0.8969953060150146 
vt 0.7798212170600891 0.8967574238777161 
vt 0.8339906930923462 0.8924753665924072 
vt 0.8423428535461426 0.8324076533317566 
vt 0.8479506969451904 0.8007680177688599 
vt 0.8490245342254639 0.7856618762016296 
vt 0.8695468902587891 0.7883976101875305 
vt 0.8679957389831543 0.802314281463623 
vt 0.8679957389831543 0.83431077003479 
vt 0.8863704204559326 0.8966385126113892 
vt 0.906057596206665 0.8851007223129272 
vt 0.9040291905403137 0.9244718551635742 
vt 0.919182300567627 0.908295214176178 
vt 0.9282503724098206 0.9454063177108765 
vt 0.9382728934288025 0.9245907664299011 
vt 0.9311138987541199 0.8943784832954407 
vt 0.9436420798301697 0.9044889211654663 
vt 0.958556592464447 0.8977090120315552 
vt 0.9440000653266907 0.8867659568786621 
vt 0.9598690867424011 0.881056547164917 
vt 0.9539032578468323 0.8702324628829956 
vt 0.9264606237411499 0.878439724445343 
vt 0.8920975923538208 0.832169771194458 
vt 0.887802243232727 0.8021953701972961 
vt 0.8883988261222839 0.7888734340667725 
vt 0.9077280163764954 0.8000543117523193 
vt 0.9051030278205872 0.7868513464927673 
vt 0.9237163066864014 0.781855583190918 
vt 0.9276537895202637 0.7957722544670105 
vt 0.933977484703064 0.8249140381813049 
vt 0.9120233654975891 0.829552948474884 
vt 0.9518749117851257 0.21983574330806732 
vt 0.953545331954956 0.24184074997901917 
vt 0.9708461761474609 0.22150099277496338 
vt 0.9722779393196106 0.24279232323169708 
vt 0.9558123350143433 0.2627752423286438 
vt 0.9740676879882812 0.2612289488315582 
vt 0.9743063449859619 0.281806617975235 
vt 0.9565282464027405 0.28323397040367126 
vt 0.9565282464027405 0.30369266867637634 
vt 0.9727551937103271 0.3044063448905945 
vt 0.9543805718421936 0.32498401403427124 
vt 0.9708461761474609 0.3242703378200531 
vt 0.9704881906509399 0.3465132415294647 
vt 0.9517555832862854 0.3468700647354126 
vt 0.8635810613632202 0.3115431070327759 
vt 0.8603595495223999 0.3262924253940582 
vt 0.8473541140556335 0.3233187794685364 
vt 0.8506949543952942 0.30963999032974243 
vt 0.8642969727516174 0.2958422303199768 
vt 0.8511722087860107 0.2947717308998108 
vt 0.8672798871994019 0.28359079360961914 
vt 0.8545130491256714 0.28359079360961914 
vt 0.8659673929214478 0.2687225639820099 
vt 0.863223135471344 0.2543300986289978 
vt 0.8603595495223999 0.23946183919906616 
vt 0.8473541140556335 0.24219758808612823 
vt 0.8503369688987732 0.25611427426338196 
vt 0.8532005548477173 0.2695551812648773 
vt 0.016556788235902786 0.3750602900981903 
vt 0.012619360350072384 0.38160231709480286 
vt 0.03719845414161682 0.37815287709236145 
vt 0.03385760635137558 0.38897696137428284 
vt 0.04220972955226898 0.3766065835952759 
vt 0.04030067101120949 0.3931400775909424 
vt 0.05497654154896736 0.3750602900981903 
vt 0.050681162625551224 0.3867169916629791 
vt 0.06237413361668587 0.3850517272949219 
vt 0.0666695088148117 0.3755360543727875 
vt 0.07585684210062027 0.3763686716556549 
vt 0.07120351493358612 0.3850517272949219 
vt 0.11558906733989716 0.38421911001205444 
vt 0.11010053008794785 0.38992851972579956 
vt 0.8146615028381348 0.7101311683654785 
vt 0.8183603286743164 0.7246425747871399 
vt 0.8401951193809509 0.7141753435134888 
vt 0.8459222912788391 0.7285677790641785 
vt 0.8558255434036255 0.7164353132247925 
vt 0.8609561324119568 0.7276161909103394 
vt 0.8677571415901184 0.7166731953620911 
vt 0.8727684020996094 0.7259509563446045 
vt 0.8817170858383179 0.7244046926498413 
vt 0.8765864968299866 0.7159594893455505 
vt 0.9164380431175232 0.7101311683654785 
vt 0.9222845435142517 0.7154837250709534 
vt 0.7238620519638062 0.9013963341712952 
vt 0.69832843542099 0.9013963341712952 
vt 0.7078737020492554 0.9192382097244263 
vt 0.692959189414978 0.9216171503067017 
vt 0.6954648494720459 0.9462389945983887 
vt 0.6842491030693054 0.9494504928588867 
vt 0.7056066989898682 0.939815878868103 
vt 0.7314982414245605 0.915194034576416 
vt 0.7298278212547302 0.9279212951660156 
vt 0.718134880065918 0.9512346982955933 
vt 0.7028624415397644 0.9469526410102844 
vt 0.6992829442024231 0.9684818983078003 
vt 0.6920046806335449 0.9665787220001221 
vt 0.6826980113983154 0.9015152454376221 
vt 0.6711243391036987 0.9038941860198975 
vt 0.6817435026168823 0.9245907664299011 
vt 0.6730334162712097 0.9274454712867737 
vt 0.6757776737213135 0.9517104625701904 
vt 0.6378352046012878 0.9596798419952393 
vt 0.6359261274337769 0.9421948194503784 
vt 0.6631301641464233 0.9072246551513672 
vt 0.6292444467544556 0.9279212951660156 
vt 0.21235434710979462 0.7926796674728394 
vt 0.19553078711032867 0.7882786989212036 
vt 0.16856537759304047 0.7567579746246338 
vt 0.16009393334388733 0.7836397886276245 
vt 0.13444100320339203 0.7687715291976929 
vt 0.11940717697143555 0.7908955216407776 
vt 0.15985530614852905 0.8073100447654724 
vt 0.13086152076721191 0.8195614814758301 
vt 0.10234498977661133 0.7951775193214417 
vt 0.10234498977661133 0.7741240859031677 
vt 0.11654359847307205 0.7675820589065552 
vt 0.10115183144807816 0.7365371584892273 
vt 0.21533724665641785 0.8319318890571594 
vt 0.19839437305927277 0.8294339776039124 
vt 0.08051016181707382 0.7754325270652771 
vt 0.08015221357345581 0.8120678663253784 
vt 0.03540871664881706 0.7443876266479492 
vt 0.011664832010865211 0.8019574880599976 
vt 0.017869263887405396 0.8639283180236816 
vt 0.07001035660505295 0.8472759127616882 
vt 0.07860110700130463 0.8904532790184021 
vt 0.09053270518779755 0.8547694683074951 
vt 0.096498504281044 0.8346676230430603 
vt 0.10150977969169617 0.8151604533195496 
vt 0.11165163666009903 0.8435885906219482 
vt 0.10222567617893219 0.8651177883148193 
vt 0.11976512521505356 0.8691619634628296 
vt 0.14887823164463043 0.8904532790184021 
vt 0.14852029085159302 0.8623820543289185 
vt 0.15508265793323517 0.839544415473938 
vt 0.1532929241657257 0.8227730393409729 
vt 0.1673722118139267 0.8249140381813049 
vt 0.18383781611919403 0.8680914640426636 
vt 0.20113864541053772 0.8686861991882324 
vt 0.5953587293624878 0.6797999143600464 
vt 0.5877224802970886 0.653156042098999 
vt 0.6482157111167908 0.6748042106628418 
vt 0.6279319524765015 0.6400719881057739 
vt 0.5792510509490967 0.6299615502357483 
vt 0.5569389462471008 0.6414993405342102 
vt 0.5427403450012207 0.63008052110672 
vt 0.5525242686271667 0.5914230346679688 
vt 0.5300928354263306 0.6284152269363403 
vt 0.5287804007530212 0.5905904173851013 
vt 0.4842755198478699 0.5984408855438232 
vt 0.5191158056259155 0.6330541372299194 
vt 0.5162522196769714 0.6445919275283813 
vt 0.4707928001880646 0.636979341506958 
vt 0.5252009034156799 0.6512528657913208 
vt 0.4631565809249878 0.6895534992218018 
vt 0.5278258323669434 0.6895534992218018 
vt 0.40373721718788147 0.6882451176643372 
vt 0.41423702239990234 0.6171153783798218 
vt 0.4574294090270996 0.5603781342506409 
vt 0.5203089118003845 0.5342100262641907 
vt 0.5697057843208313 0.5424172878265381 
vt 0.5707796216011047 0.5758411288261414 
vt 0.5924951434135437 0.6047450304031372 
vt 0.6291251182556152 0.6197322010993958 
vt 0.6677834987640381 0.628534197807312 
vt 0.6837718486785889 0.6674295663833618 
vt 0.6634881496429443 0.6169964671134949 
vt 0.08241921663284302 0.08958987891674042 
vt 0.07191941142082214 0.08114471286535263 
vt 0.07084556668996811 0.08875725418329239 
vt 0.05939123034477234 0.0755542516708374 
vt 0.057840123772621155 0.08768673986196518 
vt 0.04566989094018936 0.07543530315160751 
vt 0.04519262909889221 0.08495098352432251 
vt 0.0313519723713398 0.07888473570346832 
vt 0.0313519723713398 0.08602149784564972 
vt 0.012619360350072384 0.08958987891674042 
vt 0.24958093464374542 0.8167067766189575 
vt 0.2607966363430023 0.8162310123443604 
vt 0.25256383419036865 0.7952964901924133 
vt 0.2760690748691559 0.7958912253379822 
vt 0.27797815203666687 0.8152794241905212 
vt 0.3422894775867462 0.8167067766189575 
vt 0.3339373469352722 0.7960101962089539 
vt 0.4987127482891083 0.8056448101997375 
vt 0.49632641673088074 0.7945828437805176 
vt 0.32797154784202576 0.776027262210846 
vt 0.49453669786453247 0.782926082611084 
vt 0.32570454478263855 0.7556874752044678 
vt 0.49405941367149353 0.7706746459007263 
vt 0.3280908763408661 0.7346340417861938 
vt 0.49513325095176697 0.7585421800613403 
vt 0.3358463943004608 0.7136995196342468 
vt 0.49799683690071106 0.7474802136421204 
vt 0.2738020718097687 0.709417462348938 
vt 0.2720123529434204 0.7298762202262878 
vt 0.2716543972492218 0.752357006072998 
vt 0.2733248174190521 0.7750756740570068 
vt 0.2524445056915283 0.7741240859031677 
vt 0.2504161596298218 0.7531896233558655 
vt 0.24779120087623596 0.7326119542121887 
vt 0.24433103203773499 0.7115585207939148 
vt 0.5302121639251709 0.8936648368835449 
vt 0.5470357537269592 0.8754661083221436 
vt 0.527706503868103 0.8748713731765747 
vt 0.523291826248169 0.8520337343215942 
vt 0.5562230348587036 0.8941406011581421 
vt 0.5582514405250549 0.876298725605011 
vt 0.6140913367271423 0.8947353363037109 
vt 0.6196991801261902 0.8727303147315979 
vt 0.7705146074295044 0.8540558218955994 
vt 0.7697986960411072 0.8431127667427063 
vt 0.6251876950263977 0.8509632349014282 
vt 0.7700373530387878 0.8318129181861877 
vt 0.6274546980857849 0.8286013603210449 
vt 0.7705146074295044 0.8201562166213989 
vt 0.6249490976333618 0.8062395453453064 
vt 0.7703952789306641 0.808618426322937 
vt 0.6183866858482361 0.7848292589187622 
vt 0.7699180245399475 0.7974375486373901 
vt 0.5582514405250549 0.7911334037780762 
vt 0.5598025321960449 0.8107594847679138 
vt 0.5601604580879211 0.833240270614624 
vt 0.5594446063041687 0.8559589385986328 
vt 0.5235304832458496 0.8338350057601929 
vt 0.5271099805831909 0.815993070602417 
vt 0.5336723327636719 0.7932744026184082 
vt 0.5433369278907776 0.7929175496101379 
vt 0.8257579207420349 0.5549066066741943 
vt 0.8410303592681885 0.5516951084136963 
vt 0.8225363492965698 0.5346857905387878 
vt 0.8366156816482544 0.5314742922782898 
vt 0.8713366389274597 0.5477698445320129 
vt 0.8657287359237671 0.5242185592651367 
vt 0.9241936206817627 0.5383731126785278 
vt 0.9156028628349304 0.5194607377052307 
vt 0.9269378781318665 0.5144649744033813 
vt 0.9404205679893494 0.5285006165504456 
vt 0.9400626420974731 0.5037598609924316 
vt 0.935886561870575 0.5578802824020386 
vt 0.8757513165473938 0.5663254261016846 
vt 0.8441325426101685 0.5717969536781311 
vt 0.8289794325828552 0.5729864239692688 
vt 0.831723690032959 0.5934451222419739 
vt 0.8456836938858032 0.5918988585472107 
vt 0.8455643653869629 0.6117628216743469 
vt 0.8322009444236755 0.6122385859489441 
vt 0.843416690826416 0.6316267848014832 
vt 0.830172598361969 0.6290099620819092 
vt 0.8252806067466736 0.6476845145225525 
vt 0.8392406105995178 0.6516097187995911 
vt 0.868234395980835 0.657913863658905 
vt 0.87300705909729 0.635908842086792 
vt 0.9135744571685791 0.6777778267860413 
vt 0.9218072891235352 0.6504202485084534 
vt 0.9376763105392456 0.6550591588020325 
vt 0.9301593899726868 0.667905330657959 
vt 0.9244322180747986 0.683725118637085 
vt 0.9411364793777466 0.682535707950592 
vt 0.9478181600570679 0.6675484776496887 
vt 0.9679825901985168 0.6621959209442139 
vt 0.9516362547874451 0.6431645750999451 
vt 0.9887435436248779 0.6520854830741882 
vt 0.9678632616996765 0.6279394626617432 
vt 0.9284889698028564 0.6298425793647766 
vt 0.8755126595497131 0.6159259080886841 
vt 0.87766033411026 0.5918988585472107 
vt 0.9399433135986328 0.610216498374939 
vt 0.3717605173587799 0.9345822334289551 
vt 0.37474343180656433 0.9206655621528625 
vt 0.3848852813243866 0.9373180270195007 
vt 0.3877488672733307 0.9224497675895691 
vt 0.4762813448905945 0.9569441080093384 
vt 0.4779517650604248 0.9349390864372253 
vt 0.4952525794506073 0.9552788734436035 
vt 0.49668437242507935 0.933987557888031 
vt 0.3776070177555084 0.9072246551513672 
vt 0.3903738260269165 0.9080572724342346 
vt 0.37891948223114014 0.8931890726089478 
vt 0.3916862905025482 0.8931890726089478 
vt 0.3755786418914795 0.8820081353187561 
vt 0.3887034058570862 0.8809376358985901 
vt 0.37510135769844055 0.8671398758888245 
vt 0.3881068229675293 0.865236759185791 
vt 0.3717605173587799 0.8534610867500305 
vt 0.38476595282554626 0.8504874110221863 
vt 0.47878697514533997 0.8517958521842957 
vt 0.47616201639175415 0.8297908306121826 
vt 0.4948946237564087 0.8301476836204529 
vt 0.4952525794506073 0.8525094985961914 
vt 0.4971616268157959 0.8723735213279724 
vt 0.48093464970588684 0.8730871677398682 
vt 0.4987127482891083 0.8949732184410095 
vt 0.48093464970588684 0.8935458660125732 
vt 0.480218768119812 0.9140046238899231 
vt 0.49847412109375 0.9155508875846863 
vt 0.3729536831378937 0.1218242421746254 
vt 0.3698514699935913 0.10124658048152924 
vt 0.36639130115509033 0.12574945390224457 
vt 0.3589937090873718 0.10445812344551086 
vt 0.3714025616645813 0.09613190591335297 
vt 0.354817658662796 0.0980350449681282 
vt 0.3729536831378937 0.08340468257665634 
vt 0.36138004064559937 0.08780568838119507 
vt 0.36293113231658936 0.07603003084659576 
vt 0.3724764287471771 0.07174797356128693 
vt 0.37164121866226196 0.062589131295681 
vt 0.36293113231658936 0.06710908561944962 
vt 0.3637663424015045 0.022742224857211113 
vt 0.35815849900245667 0.0282137393951416 
vt 0.3483745753765106 0.6667158603668213 
vt 0.34467577934265137 0.6812272667884827 
vt 0.3229602873325348 0.6707600355148315 
vt 0.3172331154346466 0.6851524710655212 
vt 0.3072105646133423 0.6730200052261353 
vt 0.302079975605011 0.6843198537826538 
vt 0.29527896642684937 0.6732578873634338 
vt 0.29038700461387634 0.682535707950592 
vt 0.2813189923763275 0.6809893846511841 
vt 0.28656890988349915 0.672663152217865 
vt 0.2465980350971222 0.6667158603668213 
vt 0.240870863199234 0.6721873879432678 
vt 0.20638854801654816 0.9743102192878723 
vt 0.18073560297489166 0.9743102192878723 
vt 0.19040019810199738 0.9564683437347412 
vt 0.17548570036888123 0.9540894031524658 
vt 0.17787201702594757 0.9294675588607788 
vt 0.1667756289243698 0.9262560606002808 
vt 0.18801388144493103 0.9358906745910645 
vt 0.2139054536819458 0.9605124592781067 
vt 0.21223503351211548 0.9477852582931519 
vt 0.20066137611865997 0.9244718551635742 
vt 0.18538892269134521 0.9287539124488831 
vt 0.1818094551563263 0.9072246551513672 
vt 0.17453117668628693 0.9092467427253723 
vt 0.1651052087545395 0.9741912484169006 
vt 0.15365086495876312 0.97181236743927 
vt 0.16426999866962433 0.9511157274246216 
vt 0.15544061362743378 0.948261022567749 
vt 0.15830419957637787 0.923996090888977 
vt 0.12036170810461044 0.9161456227302551 
vt 0.11845265328884125 0.9335117340087891 
vt 0.14565670490264893 0.9684818983078003 
vt 0.11165163666009903 0.9477852582931519 
vt 0.580921471118927 0.022147493436932564 
vt 0.5732852220535278 0.048791397362947464 
vt 0.63377845287323 0.027143225073814392 
vt 0.6134947538375854 0.06187545880675316 
vt 0.5648137927055359 0.07186692208051682 
vt 0.54250168800354 0.06044810637831688 
vt 0.5283030867576599 0.07186692208051682 
vt 0.538087010383606 0.11040542274713516 
vt 0.5156556367874146 0.07353216409683228 
vt 0.5143431425094604 0.11135699599981308 
vt 0.4698382616043091 0.10350655764341354 
vt 0.5046785473823547 0.06877432763576508 
vt 0.5018149614334106 0.05735550820827484 
vt 0.45623624324798584 0.0649680569767952 
vt 0.5106443166732788 0.050694532692432404 
vt 0.4487193524837494 0.012393921613693237 
vt 0.5133886337280273 0.012393921613693237 
vt 0.3892999589443207 0.013702328316867352 
vt 0.39979979395866394 0.08483203500509262 
vt 0.4429921805858612 0.14156927168369293 
vt 0.5058717131614685 0.16773739457130432 
vt 0.5552685260772705 0.15953011810779572 
vt 0.556342363357544 0.12610629200935364 
vt 0.5780578851699829 0.09720242023468018 
vt 0.6146879196166992 0.08221522718667984 
vt 0.6533463001251221 0.07341322302818298 
vt 0.6693346500396729 0.03451787680387497 
vt 0.6490508913993835 0.08495098352432251 
vt 0.35302790999412537 0.3089263141155243 
vt 0.3614993393421173 0.3193935453891754 
vt 0.3538631200790405 0.3204640746116638 
vt 0.36710718274116516 0.33200183510780334 
vt 0.35493695735931396 0.3334291875362396 
vt 0.36710718274116516 0.3456806242465973 
vt 0.3576812446117401 0.34627532958984375 
vt 0.3636470437049866 0.3599541485309601 
vt 0.35648807883262634 0.3599541485309601 
vt 0.35302790999412537 0.3787476122379303 
vt 0.01297730766236782 0.6977607607841492 
vt 0.02061353251338005 0.6365035772323608 
vt 0.07716931402683258 0.7097743153572083 
vt 0.07645341753959656 0.6356709599494934 
vt 0.11654359847307205 0.7096553444862366 
vt 0.11654359847307205 0.6368604302406311 
vt 0.15663377940654755 0.6356709599494934 
vt 0.15591788291931152 0.7097743153572083 
vt 0.07955563813447952 0.5903525352478027 
vt 0.011903463862836361 0.5731053948402405 
vt 0.08051016181707382 0.5626381039619446 
vt 0.022164639085531235 0.5295711159706116 
vt 0.07358983904123306 0.5236238241195679 
vt 0.03469282016158104 0.5063766837120056 
vt 0.0913679227232933 0.48020854592323303 
vt 0.04018135741353035 0.4710496962070465 
vt 0.0974530354142189 0.45499199628829956 
vt 0.08420895785093307 0.43833956122398376 
vt 0.029323600232601166 0.4379827082157135 
vt 0.08707254379987717 0.4169292747974396 
vt 0.11654359847307205 0.46105822920799255 
vt 0.11654359847307205 0.4796138107776642 
vt 0.11654359847307205 0.5212448835372925 
vt 0.11654359847307205 0.5625191926956177 
vt 0.11654359847307205 0.5926125049591064 
vt 0.15353155136108398 0.5903525352478027 
vt 0.21247366070747375 0.6365035772323608 
vt 0.22118373215198517 0.5731053948402405 
vt 0.15257702767848969 0.5626381039619446 
vt 0.15949735045433044 0.5236238241195679 
vt 0.22010987997055054 0.6977607607841492 
vt 0.21092255413532257 0.5295711159706116 
vt 0.19839437305927277 0.5063766837120056 
vt 0.1417192667722702 0.48020854592323303 
vt 0.19290584325790405 0.4710496962070465 
vt 0.1356341540813446 0.45499199628829956 
vt 0.14887823164463043 0.43833956122398376 
vt 0.20376358926296234 0.4379827082157135 
vt 0.14601464569568634 0.4169292747974396 
vt 0.7689634561538696 0.9454063177108765 
vt 0.7983152270317078 0.9354149103164673 
vt 0.7646681070327759 0.9225687384605408 
vt 0.7880540490150452 0.915194034576416 
vt 0.7638328671455383 0.9010394811630249 
vt 0.8209852576255798 0.9123393297195435 
vt 0.16808810830116272 0.012631813995540142 
vt 0.14959412813186646 0.015248625539243221 
vt 0.1705937385559082 0.03083055280148983 
vt 0.15162250399589539 0.03606417775154114 
vt 0.12966835498809814 0.017032815143465996 
vt 0.13121946156024933 0.045698802918195724 
vt 0.10974258184432983 0.018222276121377945 
vt 0.1109357476234436 0.049148235470056534 
vt 0.09112928807735443 0.018460167571902275 
vt 0.09112928807735443 0.047126155346632004 
vt 0.07120351493358612 0.049148235470056534 
vt 0.0723966732621193 0.018222276121377945 
vt 0.0509197972714901 0.045698802918195724 
vt 0.05247090384364128 0.017032815143465996 
vt 0.030516760423779488 0.03606417775154114 
vt 0.03254513069987297 0.015248625539243221 
vt 0.01154551561921835 0.03083055280148983 
vt 0.014051152393221855 0.012631813995540142 
vt 0.6631301641464233 0.5064955949783325 
vt 0.6374772787094116 0.5283816456794739 
vt 0.6644426584243774 0.5229101777076721 
vt 0.6386703848838806 0.5425362586975098 
vt 0.6657551527023315 0.5400384068489075 
vt 0.6395056247711182 0.5557392239570618 
vt 0.6670676469802856 0.5581181645393372 
vt 0.6393862962722778 0.5692991018295288 
vt 0.6677834987640381 0.5758411288261414 
vt 0.6373579502105713 0.584405243396759 
vt 0.6675449013710022 0.5926125049591064 
vt 0.6039494276046753 0.5777442455291748 
vt 0.6049039959907532 0.566087543964386 
vt 0.6052619218826294 0.5538361072540283 
vt 0.6050233244895935 0.5414657592773438 
vt 0.6045460104942322 0.5296900868415833 
vt 0.6354488730430603 0.5129187107086182 
vt 0.6039494276046753 0.518271267414093 
vt 0.8335134387016296 0.9518294334411621 
vt 0.780417799949646 0.9741912484169006 
vt 0.8609561324119568 0.9244718551635742 
vt 0.8605981469154358 0.9558736085891724 
vt 0.8759899139404297 0.9559925198554993 
vt 0.8721718192100525 0.9858480095863342 
vt 0.856302797794342 0.985491156578064 
vt 0.7789860367774963 0.9858480095863342 
vt 0.8719331622123718 0.9232823848724365 
vt 0.3506415784358978 0.5895199179649353 
vt 0.3641242980957031 0.5985597968101501 
vt 0.2866882085800171 0.5973703265190125 
vt 0.29265400767326355 0.6130712032318115 
vt 0.2732055187225342 0.5883304476737976 
vt 0.26437613368034363 0.6096217632293701 
vt 0.2574557960033417 0.5895199179649353 
vt 0.24528555572032928 0.6005818843841553 
vt 0.2646147608757019 0.62270587682724 
vt 0.2414674460887909 0.6171153783798218 
vt 0.2607966363430023 0.6418561339378357 
vt 0.24731393158435822 0.6328162550926208 
vt 0.27666565775871277 0.6405477523803711 
vt 0.28883591294288635 0.629604697227478 
vt 0.36627197265625 0.6307941675186157 
vt 0.3700900971889496 0.6143796443939209 
vt 0.3541017472743988 0.6418561339378357 
vt 0.9830163717269897 0.3791044354438782 
vt 0.9565282464027405 0.4074136018753052 
vt 0.9519942402839661 0.37922337651252747 
vt 0.9351706504821777 0.45974981784820557 
vt 0.9250288009643555 0.3837433457374573 
vt 0.9250288009643555 0.46117717027664185 
vt 0.24230265617370605 0.8508442640304565 
vt 0.2828701138496399 0.857862114906311 
vt 0.23645617067813873 0.8660693764686584 
vt 0.2752338647842407 0.878915548324585 
vt 0.23418916761875153 0.8839112520217896 
vt 0.2718930244445801 0.9028236865997314 
vt 0.283824622631073 0.8814134001731873 
vt 0.28072240948677063 0.905678391456604 
vt 0.29527896642684937 0.8842681050300598 
vt 0.29265400767326355 0.9074625968933105 
vt 0.30995482206344604 0.8870038390159607 
vt 0.30804577469825745 0.907819390296936 
vt 0.33727818727493286 0.8916427493095398 
vt 0.3362043499946594 0.907819390296936 
vt 0.29205742478370667 0.8600031137466431 
vt 0.30363109707832336 0.8632146716117859 
vt 0.3162785768508911 0.8669019937515259 
vt 0.3440791964530945 0.8771313428878784 
vt 0.3178296983242035 0.8616683483123779 
vt 0.33441460132598877 0.8557210564613342 
vt 0.3068526089191437 0.8437075018882751 
vt 0.3142502009868622 0.8413286209106445 
vt 0.6132560968399048 0.27871400117874146 
vt 0.605739176273346 0.2947717308998108 
vt 0.6211309432983398 0.27871400117874146 
vt 0.6062164306640625 0.31082943081855774 
vt 0.6216081976890564 0.2947717308998108 
vt 0.6140913367271423 0.31082943081855774 
vt 0.592256486415863 0.20651379227638245 
vt 0.5881997346878052 0.2225715070962906 
vt 0.6150458455085754 0.21127162873744965 
vt 0.6143299341201782 0.2225715070962906 
vt 0.6393862962722778 0.21365055441856384 
vt 0.6399828791618347 0.2212630957365036 
vt 0.6469032168388367 0.2129368782043457 
vt 0.6476191282272339 0.22054941952228546 
vt 0.8082184195518494 0.06044810637831688 
vt 0.8010594844818115 0.05152715742588043 
vt 0.7699180245399475 0.06544383615255356 
vt 0.7618045210838318 0.05687972530722618 
vt 0.7113338708877563 0.07293743640184402 
vt 0.7027431130409241 0.062589131295681 
vt 0.7023851275444031 0.08090681582689285 
vt 0.6928398609161377 0.0673469752073288 
vt 0.6994022727012634 0.05057558789849281 
vt 0.6896183490753174 0.04938612878322601 
vt 0.7987924814224243 0.04022728651762009 
vt 0.7589409351348877 0.044271450489759445 
vt 0.802133321762085 0.02952214516699314 
vt 0.762520432472229 0.0317821204662323 
vt 0.8095309138298035 0.021076979115605354 
vt 0.7711111903190613 0.023574845865368843 
vt 0.7022658586502075 0.03844309598207474 
vt 0.6946296095848083 0.03285263478755951 
vt 0.7118111252784729 0.02857057750225067 
vt 0.7052487134933472 0.021076979115605354 
vt 0.9512783288955688 0.045698802918195724 
vt 0.9325457215309143 0.05640394240617752 
vt 0.9568861722946167 0.03202001377940178 
vt 0.9325457215309143 0.021790655329823494 
vt 0.9423296451568604 0.012512868270277977 
vt 0.9547384977340698 0.018579114228487015 
vt 0.9887435436248779 0.4928168058395386 
vt 0.9659541845321655 0.48853474855422974 
vt 0.978721022605896 0.5221964716911316 
vt 0.958556592464447 0.511967122554779 
vt 0.9556930065155029 0.5449151396751404 
vt 0.9444773197174072 0.4877021312713623 
vt 0.6071709990501404 0.9856100678443909 
vt 0.590347409248352 0.9858480095863342 
vt 0.5989381670951843 0.9553977847099304 
vt 0.5837850570678711 0.9574198722839355 
vt 0.592256486415863 0.9219740033149719 
vt 0.5805635452270508 0.9229255318641663 
vt 0.5701830387115479 0.9575388431549072 
vt 0.5682739615440369 0.9232823848724365 
vt 0.5570582747459412 0.9567062258720398 
vt 0.5559844374656677 0.9230445027351379 
vt 0.542859673500061 0.9555167555809021 
vt 0.5373710989952087 0.9823985695838928 
vt 0.5209054946899414 0.9810901284217834 
vt 0.5273485779762268 0.953494668006897 
vt 0.5441721677780151 0.9225687384605408 
vt 0.5327178239822388 0.9219740033149719 
vt 0.5545526146888733 0.9838259220123291 
vt 0.5725693702697754 0.9850153923034668 
vt 0.8915010094642639 0.1881961077451706 
vt 0.8926941752433777 0.17725308239459991 
vt 0.9241936206817627 0.19224026799201965 
vt 0.9240742921829224 0.17677728831768036 
vt 0.9540225863456726 0.18843400478363037 
vt 0.9536646604537964 0.172614187002182 
vt 0.9540225863456726 0.09529928117990494 
vt 0.9424489736557007 0.09672663360834122 
vt 0.9200175404548645 0.14977654814720154 
vt 0.5773419737815857 0.7052543759346008 
vt 0.5639786124229431 0.7141753435134888 
vt 0.6414147019386292 0.7129858732223511 
vt 0.6354488730430603 0.7286867499351501 
vt 0.6547780632972717 0.7039459943771362 
vt 0.6636074781417847 0.7252373099327087 
vt 0.6706470847129822 0.7052543759346008 
vt 0.6828173398971558 0.7161974310874939 
vt 0.663368821144104 0.7383213639259338 
vt 0.686635434627533 0.7327309250831604 
vt 0.6671869158744812 0.7574716806411743 
vt 0.6806696653366089 0.7484317421913147 
vt 0.5580127835273743 0.7299951314926147 
vt 0.6392669677734375 0.7452202439308167 
vt 0.5618308782577515 0.7465286254882812 
vt 0.6514372229576111 0.7562822103500366 
vt 0.574001133441925 0.7574716806411743 
vt 0.06941377371549606 0.9713366031646729 
vt 0.03839161619544029 0.9712176322937012 
vt 0.042925622314214706 0.9431463479995728 
vt 0.021687375381588936 0.8906911611557007 
vt 0.011426200158894062 0.9668166041374207 
vt 0.011426200158894062 0.8893827795982361 
vt 0.8981826901435852 0.11337907612323761 
vt 0.891262412071228 0.07269954681396484 
vt 0.883029580116272 0.11908848583698273 
vt 0.8702627420425415 0.0803120881319046 
vt 0.8651321530342102 0.12146740406751633 
vt 0.8462802767753601 0.08376152068376541 
vt 0.8677571415901184 0.07174797356128693 
vt 0.843416690826416 0.07484057545661926 
vt 0.864774227142334 0.06032916158437729 
vt 0.8416269421577454 0.06294596940279007 
vt 0.8621492981910706 0.045579854398965836 
vt 0.8412689566612244 0.047601938247680664 
vt 0.8573766350746155 0.018341222777962685 
vt 0.8412689566612244 0.019411735236644745 
vt 0.8891146779060364 0.06354070454835892 
vt 0.8858931660652161 0.05200294032692909 
vt 0.8821943402290344 0.03927571699023247 
vt 0.8719331622123718 0.011561299674212933 
vt 0.8873249292373657 0.0377294197678566 
vt 0.8934100866317749 0.021195925772190094 
vt 0.9054610133171082 0.048672452569007874 
vt 0.9078472852706909 0.04141674563288689 
vt 0.21975193917751312 0.7283298969268799 
vt 0.21975193917751312 0.7460528612136841 
vt 0.2125929743051529 0.7249994277954102 
vt 0.2125929743051529 0.7603263854980469 
vt 0.20543400943279266 0.739272952079773 
vt 0.20543400943279266 0.7569958567619324 
vt 0.2559046745300293 0.5249322652816772 
vt 0.23967771232128143 0.5290953516960144 
vt 0.2511320412158966 0.5022135376930237 
vt 0.23967771232128143 0.5028082728385925 
vt 0.24874572455883026 0.47782960534095764 
vt 0.24110950529575348 0.4772348999977112 
vt 0.24934230744838715 0.4702170789241791 
vt 0.24170607328414917 0.46962234377861023 
vt 0.859762966632843 0.3598351776599884 
vt 0.8685923218727112 0.3669719398021698 
vt 0.854751706123352 0.39813581109046936 
vt 0.8633424639701843 0.4063430726528168 
vt 0.8472347855567932 0.4566572308540344 
vt 0.8576152920722961 0.4653402864933014 
vt 0.8392406105995178 0.4655781686306 
vt 0.8528426289558411 0.47521281242370605 
vt 0.8695468902587891 0.4686707854270935 
vt 0.8707400560379028 0.4784243404865265 
vt 0.8799273371696472 0.3693508803844452 
vt 0.8758706450462341 0.40919777750968933 
vt 0.8906658291816711 0.3660203814506531 
vt 0.8883988261222839 0.40551045536994934 
vt 0.8991372585296631 0.3585267961025238 
vt 0.8966315984725952 0.39694634079933167 
vt 0.8817170858383179 0.46581608057022095 
vt 0.8873249292373657 0.4734286069869995 
vt 0.8915010094642639 0.45618143677711487 
vt 0.8991372585296631 0.4628424346446991 
vt 0.952590823173523 0.7395108342170715 
vt 0.9714427590370178 0.7502159476280212 
vt 0.9469829797744751 0.7259509563446045 
vt 0.9714427590370178 0.715721607208252 
vt 0.9615395069122314 0.7064438462257385 
vt 0.9492499828338623 0.7123911380767822 
vt 0.46971896290779114 0.09280141443014145 
vt 0.4545658230781555 0.09981923550367355 
vt 0.47651997208595276 0.09720242023468018 
vt 0.46876442432403564 0.10897807031869888 
vt 0.4833209812641144 0.10184131562709808 
vt 0.48260506987571716 0.11849375069141388 
vt 0.465423583984375 0.12943679094314575 
vt 0.45826461911201477 0.12467894703149796 
vt 0.45110565423965454 0.11980216205120087 
vt 0.4602929949760437 0.12598735094070435 
vt 0.47174733877182007 0.11123804748058319 
vt 0.45182156562805176 0.12027794122695923 
vt 0.45504307746887207 0.1005329117178917 
vt 0.46971896290779114 0.09303931146860123 
vt 0.4778324365615845 0.0981539860367775 
vt 0.46267932653427124 0.12753364443778992 
vt 0.47711655497550964 0.11528221517801285 
vt 0.4538499414920807 0.12170529365539551 
vt 0.4596964120864868 0.10362550616264343 
vt 0.4722245931625366 0.09470455348491669 
vt 0.4805767238140106 0.10017607361078262 
vt 0.45182156562805176 0.12027794122695923 
vt 0.45504307746887207 0.1005329117178917 
vt 0.4602929949760437 0.12598735094070435 
vt 0.47174733877182007 0.11123804748058319 
vt 0.4778324365615845 0.0981539860367775 
vt 0.46971896290779114 0.09303931146860123 
vt 0.24445034563541412 0.96812504529953 
vt 0.25864896178245544 0.981803834438324 
vt 0.24445034563541412 0.9455252885818481 
vt 0.25996142625808716 0.9319654703140259 
vt 0.27988719940185547 0.9335117340087891 
vt 0.2944437563419342 0.947190523147583 
vt 0.29492101073265076 0.9677681922912598 
vt 0.2783360779285431 0.9829933047294617 
vt 0.45981574058532715 0.10766966640949249 
vt 0.4676905870437622 0.10148447751998901 
vt 0.46327587962150574 0.11718534678220749 
vt 0.4760427176952362 0.10707493871450424 
vt 0.47329843044281006 0.11670956760644913 
s on 
f 1/1/1 2/2/2 3/3/3 
f 2/2/2 4/4/4 3/3/3 
f 3/3/3 4/4/4 5/5/5 
f 4/4/4 5/5/5 5/5/5 
f 5/5/5 5/5/5 1/1/1 
f 5/5/5 1/1/1 1/1/1 
f 1/1/1 1/1/1 2/2/2 
f 1/1/1 6/6/6 2/2/2 
f 2/2/2 6/6/6 7/7/7 
f 6/6/6 8/8/8 7/7/7 
f 7/7/7 8/8/8 9/9/9 
f 8/8/8 10/10/10 9/9/9 
f 9/9/9 10/10/10 11/11/11 
f 10/10/10 12/12/12 11/11/11 
f 11/11/11 12/12/12 13/13/13 
f 12/12/12 14/14/14 13/13/13 
f 13/13/13 14/14/14 15/15/15 
f 14/14/14 16/16/16 15/15/15 
f 15/15/15 16/16/16 16/16/16 
f 16/16/16 11/11/11 16/16/16 
f 16/16/16 11/11/11 11/11/11 
f 11/11/11 13/13/13 11/11/11 
f 11/11/11 13/13/13 9/9/9 
f 13/13/13 17/17/17 9/9/9 
f 9/9/9 17/17/17 7/7/7 
f 17/17/17 18/18/18 7/7/7 
f 7/7/7 18/18/18 2/2/2 
f 18/18/18 18/18/18 2/2/2 
f 2/2/2 18/18/18 4/4/4 
f 18/18/18 19/19/19 4/4/4 
f 4/4/4 19/19/19 4/4/4 
f 19/19/19 20/20/20 4/4/4 
f 4/4/4 20/20/20 5/5/5 
f 20/20/20 21/21/21 5/5/5 
f 5/5/5 21/21/21 5/5/5 
f 21/21/21 22/22/22 5/5/5 
f 5/5/5 22/22/22 3/3/3 
f 22/22/22 23/23/23 3/3/3 
f 3/3/3 23/23/23 23/23/23 
f 23/23/23 22/22/22 23/23/23 
f 23/23/23 22/22/22 22/22/22 
f 22/22/22 21/21/21 22/22/22 
f 22/22/22 21/21/21 24/24/24 
f 21/21/21 25/25/25 24/24/24 
f 24/24/24 25/25/25 24/24/24 
f 25/25/25 26/26/26 24/24/24 
f 24/24/24 26/26/26 27/27/27 
f 26/26/26 28/28/28 27/27/27 
f 27/27/27 28/28/28 27/27/27 
f 28/28/28 29/29/29 27/27/27 
f 27/27/27 29/29/29 30/30/30 
f 29/29/29 30/30/30 30/30/30 
f 30/30/30 30/30/30 25/25/25 
f 30/30/30 25/25/25 25/25/25 
f 25/25/25 25/25/25 20/20/20 
f 25/25/25 21/21/21 20/20/20 
f 20/20/20 21/21/21 21/21/21 
f 21/21/21 15/15/15 21/21/21 
f 21/21/21 15/15/15 15/15/15 
f 15/15/15 31/31/31 15/15/15 
f 15/15/15 31/31/31 13/13/13 
f 31/31/31 31/31/31 13/13/13 
f 13/13/13 31/31/31 17/17/17 
f 31/31/31 32/32/32 17/17/17 
f 17/17/17 32/32/32 18/18/18 
f 32/32/32 19/19/19 18/18/18 
f 18/18/18 19/19/19 19/19/19 
f 19/19/19 33/33/33 19/19/19 
f 19/19/19 33/33/33 33/33/33 
f 33/33/33 29/29/29 33/33/33 
f 33/33/33 29/29/29 34/34/34 
f 29/29/29 35/35/35 34/34/34 
f 34/34/34 35/35/35 34/34/34 
f 35/35/35 36/36/36 34/34/34 
f 34/34/34 36/36/36 37/37/37 
f 36/36/36 38/38/38 37/37/37 
f 37/37/37 38/38/38 37/37/37 
f 38/38/38 39/39/39 37/37/37 
f 37/37/37 39/39/39 40/40/40 
f 39/39/39 39/39/39 40/40/40 
f 40/40/40 39/39/39 41/41/41 
f 39/39/39 42/42/42 41/41/41 
f 41/41/41 42/42/42 43/43/43 
f 42/42/42 44/44/44 43/43/43 
f 43/43/43 44/44/44 45/45/45 
f 44/44/44 46/46/46 45/45/45 
f 45/45/45 46/46/46 47/47/47 
f 46/46/46 47/47/47 47/47/47 
f 47/47/47 47/47/47 28/28/28 
f 47/47/47 28/28/28 28/28/28 
f 28/28/28 28/28/28 29/29/29 
f 28/28/28 35/35/35 29/29/29 
f 29/29/29 35/35/35 35/35/35 
f 35/35/35 33/33/33 35/35/35 
f 35/35/35 33/33/33 33/33/33 
f 33/33/33 34/34/34 33/33/33 
f 33/33/33 34/34/34 48/48/48 
f 34/34/34 37/37/37 48/48/48 
f 48/48/48 37/37/37 40/40/40 
f 37/37/37 40/40/40 40/40/40 
f 40/40/40 40/40/40 42/42/42 
f 40/40/40 42/42/42 42/42/42 
f 42/42/42 42/42/42 44/44/44 
f 42/42/42 39/39/39 44/44/44 
f 44/44/44 39/39/39 44/44/44 
f 39/39/39 38/38/38 44/44/44 
f 44/44/44 38/38/38 49/49/49 
f 38/38/38 38/38/38 49/49/49 
f 49/49/49 38/38/38 50/50/50 
f 38/38/38 36/36/36 50/50/50 
f 50/50/50 36/36/36 51/51/51 
f 36/36/36 35/35/35 51/51/51 
f 51/51/51 35/35/35 52/52/52 
f 35/35/35 28/28/28 52/52/52 
f 52/52/52 28/28/28 52/52/52 
f 28/28/28 26/26/26 52/52/52 
f 52/52/52 26/26/26 52/52/52 
f 26/26/26 25/25/25 52/52/52 
f 52/52/52 25/25/25 53/53/53 
f 25/25/25 20/20/20 53/53/53 
f 53/53/53 20/20/20 54/54/54 
f 20/20/20 19/19/19 54/54/54 
f 54/54/54 19/19/19 55/55/55 
f 19/19/19 32/32/32 55/55/55 
f 55/55/55 32/32/32 55/55/55 
f 32/32/32 56/56/56 55/55/55 
f 55/55/55 56/56/56 54/54/54 
f 56/56/56 57/57/57 54/54/54 
f 54/54/54 57/57/57 53/53/53 
f 57/57/57 58/58/58 53/53/53 
f 53/53/53 58/58/58 52/52/52 
f 58/58/58 58/58/58 52/52/52 
f 52/52/52 58/58/58 51/51/51 
f 58/58/58 59/59/59 51/51/51 
f 51/51/51 59/59/59 50/50/50 
f 59/59/59 59/59/59 50/50/50 
f 50/50/50 59/59/59 60/60/60 
f 59/59/59 58/58/58 60/60/60 
f 60/60/60 58/58/58 60/60/60 
f 58/58/58 57/57/57 60/60/60 
f 60/60/60 57/57/57 61/61/61 
f 57/57/57 56/56/56 61/61/61 
f 61/61/61 56/56/56 61/61/61 
f 56/56/56 62/62/62 61/61/61 
f 61/61/61 62/62/62 61/61/61 
f 62/62/62 63/63/63 61/61/61 
f 61/61/61 63/63/63 61/61/61 
f 63/63/63 64/64/64 61/61/61 
f 61/61/61 64/64/64 60/60/60 
f 64/64/64 65/65/65 60/60/60 
f 60/60/60 65/65/65 50/50/50 
f 65/65/65 65/65/65 50/50/50 
f 50/50/50 65/65/65 49/49/49 
f 65/65/65 66/66/66 49/49/49 
f 49/49/49 66/66/66 46/46/46 
f 66/66/66 67/67/67 46/46/46 
f 46/46/46 67/67/67 47/47/47 
f 67/67/67 47/47/47 47/47/47 
f 47/47/47 47/47/47 49/49/49 
f 47/47/47 49/49/49 49/49/49 
f 49/49/49 49/49/49 44/44/44 
f 49/49/49 46/46/46 44/44/44 
f 44/44/44 46/46/46 46/46/46 
f 46/46/46 64/64/64 46/46/46 
f 46/46/46 64/64/64 64/64/64 
f 64/64/64 68/68/68 64/64/64 
f 64/64/64 68/68/68 65/65/65 
f 68/68/68 68/68/68 65/65/65 
f 65/65/65 68/68/68 66/66/66 
f 68/68/68 69/69/69 66/66/66 
f 66/66/66 69/69/69 67/67/67 
f 69/69/69 70/70/70 67/67/67 
f 67/67/67 70/70/70 67/67/67 
f 70/70/70 71/71/71 67/67/67 
f 67/67/67 71/71/71 72/72/72 
f 71/71/71 73/73/73 72/72/72 
f 72/72/72 73/73/73 73/73/73 
f 73/73/73 67/67/67 73/73/73 
f 73/73/73 67/67/67 67/67/67 
f 67/67/67 72/72/72 67/67/67 
f 67/67/67 72/72/72 47/47/47 
f 72/72/72 47/47/47 47/47/47 
f 47/47/47 47/47/47 74/74/74 
f 47/47/47 74/74/74 74/74/74 
f 74/74/74 74/74/74 75/75/75 
f 74/74/74 76/76/76 75/75/75 
f 75/75/75 76/76/76 75/75/75 
f 76/76/76 77/77/77 75/75/75 
f 75/75/75 77/77/77 78/78/78 
f 77/77/77 79/79/79 78/78/78 
f 78/78/78 79/79/79 80/80/80 
f 79/79/79 79/79/79 80/80/80 
f 80/80/80 79/79/79 81/81/81 
f 79/79/79 79/79/79 81/81/81 
f 81/81/81 79/79/79 82/82/82 
f 79/79/79 83/83/83 82/82/82 
f 82/82/82 83/83/83 84/84/84 
f 83/83/83 83/83/83 84/84/84 
f 84/84/84 83/83/83 85/85/85 
f 83/83/83 83/83/83 85/85/85 
f 85/85/85 83/83/83 86/86/86 
f 83/83/83 83/83/83 86/86/86 
f 86/86/86 83/83/83 87/87/87 
f 83/83/83 79/79/79 87/87/87 
f 87/87/87 79/79/79 88/88/88 
f 79/79/79 77/77/77 88/88/88 
f 88/88/88 77/77/77 89/89/89 
f 77/77/77 76/76/76 89/89/89 
f 89/89/89 76/76/76 89/89/89 
f 76/76/76 90/90/90 89/89/89 
f 89/89/89 90/90/90 89/89/89 
f 90/90/90 91/91/91 89/89/89 
f 89/89/89 91/91/91 89/89/89 
f 91/91/91 92/92/92 89/89/89 
f 89/89/89 92/92/92 88/88/88 
f 92/92/92 93/93/93 88/88/88 
f 88/88/88 93/93/93 87/87/87 
f 93/93/93 94/94/94 87/87/87 
f 87/87/87 94/94/94 86/86/86 
f 94/94/94 95/95/95 86/86/86 
f 86/86/86 95/95/95 95/95/95 
f 95/95/95 75/75/75 95/95/95 
f 95/95/95 75/75/75 75/75/75 
f 75/75/75 78/78/78 75/75/75 
f 75/75/75 78/78/78 96/96/96 
f 78/78/78 78/78/78 96/96/96 
f 96/96/96 78/78/78 97/97/97 
f 78/78/78 80/80/80 97/97/97 
f 97/97/97 80/80/80 80/80/80 
f 80/80/80 94/94/94 80/80/80 
f 80/80/80 94/94/94 94/94/94 
f 94/94/94 93/93/93 94/94/94 
f 94/94/94 93/93/93 98/98/98 
f 93/93/93 99/99/99 98/98/98 
f 98/98/98 99/99/99 98/98/98 
f 99/99/99 100/100/100 98/98/98 
f 98/98/98 100/100/100 101/101/101 
f 100/100/100 100/100/100 101/101/101 
f 101/101/101 100/100/100 102/102/102 
f 100/100/100 103/103/103 102/102/102 
f 102/102/102 103/103/103 104/104/104 
f 103/103/103 103/103/103 104/104/104 
f 104/104/104 103/103/103 105/105/105 
f 103/103/103 106/106/106 105/105/105 
f 105/105/105 106/106/106 107/107/107 
f 106/106/106 106/106/106 107/107/107 
f 107/107/107 106/106/106 90/90/90 
f 106/106/106 106/106/106 90/90/90 
f 90/90/90 106/106/106 91/91/91 
f 106/106/106 108/108/108 91/91/91 
f 91/91/91 108/108/108 92/92/92 
f 108/108/108 99/99/99 92/92/92 
f 92/92/92 99/99/99 93/93/93 
f 99/99/99 93/93/93 93/93/93 
f 93/93/93 93/93/93 99/99/99 
f 93/93/93 99/99/99 99/99/99 
f 99/99/99 99/99/99 100/100/100 
f 99/99/99 108/108/108 100/100/100 
f 100/100/100 108/108/108 103/103/103 
f 108/108/108 106/106/106 103/103/103 
f 103/103/103 106/106/106 106/106/106 
f 106/106/106 109/109/109 106/106/106 
f 106/106/106 109/109/109 109/109/109 
f 109/109/109 110/110/110 109/109/109 
f 109/109/109 110/110/110 111/111/111 
f 110/110/110 112/112/112 111/111/111 
f 111/111/111 112/112/112 112/112/112 
f 112/112/112 110/110/110 112/112/112 
f 112/112/112 110/110/110 110/110/110 
f 110/110/110 109/109/109 110/110/110 
f 110/110/110 109/109/109 113/113/113 
f 109/109/109 109/109/109 113/113/113 
f 113/113/113 109/109/109 114/114/114 
f 109/109/109 109/109/109 114/114/114 
f 114/114/114 109/109/109 115/115/115 
f 109/109/109 111/111/111 115/115/115 
f 115/115/115 111/111/111 116/116/116 
f 111/111/111 111/111/111 116/116/116 
f 116/116/116 111/111/111 117/117/117 
f 111/111/111 111/111/111 117/117/117 
f 117/117/117 111/111/111 118/118/118 
f 111/111/111 112/112/112 118/118/118 
f 118/118/118 112/112/112 119/119/119 
f 112/112/112 112/112/112 119/119/119 
f 119/119/119 112/112/112 120/120/120 
f 112/112/112 110/110/110 120/120/120 
f 120/120/120 110/110/110 121/121/121 
f 110/110/110 122/122/122 121/121/121 
f 121/121/121 122/122/122 123/123/123 
f 122/122/122 124/124/124 123/123/123 
f 123/123/123 124/124/124 124/124/124 
f 124/124/124 110/110/110 124/124/124 
f 124/124/124 110/110/110 110/110/110 
f 110/110/110 113/113/113 110/110/110 
f 110/110/110 113/113/113 122/122/122 
f 113/113/113 122/122/122 122/122/122 
f 122/122/122 122/122/122 123/123/123 
f 122/122/122 123/123/123 123/123/123 
f 123/123/123 123/123/123 121/121/121 
f 123/123/123 125/125/125 121/121/121 
f 121/121/121 125/125/125 120/120/120 
f 125/125/125 126/126/126 120/120/120 
f 120/120/120 126/126/126 119/119/119 
f 126/126/126 127/127/127 119/119/119 
f 119/119/119 127/127/127 128/128/128 
f 127/127/127 129/129/129 128/128/128 
f 128/128/128 129/129/129 130/130/130 
f 129/129/129 131/131/131 130/130/130 
f 130/130/130 131/131/131 131/131/131 
f 131/131/131 119/119/119 131/131/131 
f 131/131/131 119/119/119 119/119/119 
f 119/119/119 128/128/128 119/119/119 
f 119/119/119 128/128/128 118/118/118 
f 128/128/128 132/132/132 118/118/118 
f 118/118/118 132/132/132 117/117/117 
f 132/132/132 132/132/132 117/117/117 
f 117/117/117 132/132/132 133/133/133 
f 132/132/132 134/134/134 133/133/133 
f 133/133/133 134/134/134 133/133/133 
f 134/134/134 135/135/135 133/133/133 
f 133/133/133 135/135/135 136/136/136 
f 135/135/135 137/137/137 136/136/136 
f 136/136/136 137/137/137 136/136/136 
f 137/137/137 138/138/138 136/136/136 
f 136/136/136 138/138/138 136/136/136 
f 138/138/138 139/139/139 136/136/136 
f 136/136/136 139/139/139 136/136/136 
f 139/139/139 140/140/140 136/136/136 
f 136/136/136 140/140/140 141/141/141 
f 140/140/140 142/142/142 141/141/141 
f 141/141/141 142/142/142 116/116/116 
f 142/142/142 142/142/142 116/116/116 
f 116/116/116 142/142/142 115/115/115 
f 142/142/142 143/143/143 115/115/115 
f 115/115/115 143/143/143 115/115/115 
f 143/143/143 144/144/144 115/115/115 
f 115/115/115 144/144/144 115/115/115 
f 144/144/144 145/145/145 115/115/115 
f 115/115/115 145/145/145 146/146/146 
f 145/145/145 147/147/147 146/146/146 
f 146/146/146 147/147/147 146/146/146 
f 147/147/147 148/148/148 146/146/146 
f 146/146/146 148/148/148 149/149/149 
f 148/148/148 150/150/150 149/149/149 
f 149/149/149 150/150/150 149/149/149 
f 150/150/150 151/151/151 149/149/149 
f 149/149/149 151/151/151 149/149/149 
f 151/151/151 152/152/152 149/149/149 
f 149/149/149 152/152/152 153/153/153 
f 152/152/152 152/152/152 153/153/153 
f 153/153/153 152/152/152 154/154/154 
f 152/152/152 155/155/155 154/154/154 
f 154/154/154 155/155/155 156/156/156 
f 155/155/155 157/157/157 156/156/156 
f 156/156/156 157/157/157 156/156/156 
f 157/157/157 158/158/158 156/156/156 
f 156/156/156 158/158/158 156/156/156 
f 158/158/158 159/159/159 156/156/156 
f 156/156/156 159/159/159 156/156/156 
f 159/159/159 160/160/160 156/156/156 
f 156/156/156 160/160/160 161/161/161 
f 160/160/160 162/162/162 161/161/161 
f 161/161/161 162/162/162 162/162/162 
f 162/162/162 128/128/128 162/162/162 
f 162/162/162 128/128/128 128/128/128 
f 128/128/128 130/130/130 128/128/128 
f 128/128/128 130/130/130 132/132/132 
f 130/130/130 134/134/134 132/132/132 
f 132/132/132 134/134/134 134/134/134 
f 134/134/134 136/136/136 134/134/134 
f 134/134/134 136/136/136 136/136/136 
f 136/136/136 141/141/141 136/136/136 
f 136/136/136 141/141/141 133/133/133 
f 141/141/141 141/141/141 133/133/133 
f 133/133/133 141/141/141 117/117/117 
f 141/141/141 116/116/116 117/117/117 
f 117/117/117 116/116/116 116/116/116 
f 116/116/116 156/156/156 116/116/116 
f 116/116/116 156/156/156 156/156/156 
f 156/156/156 161/161/161 156/156/156 
f 156/156/156 161/161/161 154/154/154 
f 161/161/161 163/163/163 154/154/154 
f 154/154/154 163/163/163 153/153/153 
f 163/163/163 164/164/164 153/153/153 
f 153/153/153 164/164/164 149/149/149 
f 164/164/164 165/165/165 149/149/149 
f 149/149/149 165/165/165 114/114/114 
f 165/165/165 165/165/165 114/114/114 
f 114/114/114 165/165/165 113/113/113 
f 165/165/165 166/166/166 113/113/113 
f 113/113/113 166/166/166 122/122/122 
f 166/166/166 167/167/167 122/122/122 
f 122/122/122 167/167/167 168/168/168 
f 167/167/167 167/167/167 168/168/168 
f 168/168/168 167/167/167 169/169/169 
f 167/167/167 170/170/170 169/169/169 
f 169/169/169 170/170/170 171/171/171 
f 170/170/170 171/171/171 171/171/171 
f 171/171/171 171/171/171 149/149/149 
f 171/171/171 149/149/149 149/149/149 
f 149/149/149 149/149/149 146/146/146 
f 149/149/149 114/114/114 146/146/146 
f 146/146/146 114/114/114 115/115/115 
f 114/114/114 115/115/115 115/115/115 
f 115/115/115 115/115/115 165/165/165 
f 115/115/115 165/165/165 165/165/165 
f 165/165/165 165/165/165 166/166/166 
f 165/165/165 164/164/164 166/166/166 
f 166/166/166 164/164/164 166/166/166 
f 164/164/164 172/172/172 166/166/166 
f 166/166/166 172/172/172 170/170/170 
f 172/172/172 173/173/173 170/170/170 
f 170/170/170 173/173/173 171/171/171 
f 173/173/173 173/173/173 171/171/171 
f 171/171/171 173/173/173 174/174/174 
f 173/173/173 175/175/175 174/174/174 
f 174/174/174 175/175/175 176/176/176 
f 175/175/175 177/177/177 176/176/176 
f 176/176/176 177/177/177 178/178/178 
f 177/177/177 178/178/178 178/178/178 
f 178/178/178 178/178/178 122/122/122 
f 178/178/178 122/122/122 122/122/122 
f 122/122/122 122/122/122 124/124/124 
f 122/122/122 168/168/168 124/124/124 
f 124/124/124 168/168/168 168/168/168 
f 168/168/168 166/166/166 168/168/168 
f 168/168/168 166/166/166 166/166/166 
f 166/166/166 170/170/170 166/166/166 
f 166/166/166 170/170/170 167/167/167 
f 170/170/170 167/167/167 167/167/167 
f 167/167/167 167/167/167 175/175/175 
f 167/167/167 175/175/175 175/175/175 
f 175/175/175 175/175/175 177/177/177 
f 175/175/175 179/179/179 177/177/177 
f 177/177/177 179/179/179 162/162/162 
f 179/179/179 179/179/179 162/162/162 
f 162/162/162 179/179/179 161/161/161 
f 179/179/179 179/179/179 161/161/161 
f 161/161/161 179/179/179 163/163/163 
f 179/179/179 180/180/180 163/163/163 
f 163/163/163 180/180/180 164/164/164 
f 180/180/180 180/180/180 164/164/164 
f 164/164/164 180/180/180 172/172/172 
f 180/180/180 180/180/180 172/172/172 
f 172/172/172 180/180/180 173/173/173 
f 180/180/180 180/180/180 173/173/173 
f 173/173/173 180/180/180 175/175/175 
f 180/180/180 179/179/179 175/175/175 
f 175/175/175 179/179/179 179/179/179 
f 179/179/179 181/181/181 179/179/179 
f 179/179/179 181/181/181 181/181/181 
f 181/181/181 182/182/182 181/181/181 
f 181/181/181 182/182/182 183/183/183 
f 182/182/182 184/184/184 183/183/183 
f 183/183/183 184/184/184 16/16/16 
f 184/184/184 184/184/184 16/16/16 
f 16/16/16 184/184/184 15/15/15 
f 184/184/184 184/184/184 15/15/15 
f 15/15/15 184/184/184 185/185/185 
f 184/184/184 186/186/186 185/185/185 
f 185/185/185 186/186/186 185/185/185 
f 186/186/186 187/187/187 185/185/185 
f 185/185/185 187/187/187 188/188/188 
f 187/187/187 62/62/62 188/188/188 
f 188/188/188 62/62/62 188/188/188 
f 62/62/62 56/56/56 188/188/188 
f 188/188/188 56/56/56 188/188/188 
f 56/56/56 32/32/32 188/188/188 
f 188/188/188 32/32/32 188/188/188 
f 32/32/32 31/31/31 188/188/188 
f 188/188/188 31/31/31 185/185/185 
f 31/31/31 15/15/15 185/185/185 
f 185/185/185 15/15/15 15/15/15 
f 15/15/15 182/182/182 15/15/15 
f 15/15/15 182/182/182 182/182/182 
f 182/182/182 189/189/189 182/182/182 
f 182/182/182 189/189/189 184/184/184 
f 189/189/189 186/186/186 184/184/184 
f 184/184/184 186/186/186 186/186/186 
f 186/186/186 190/190/190 186/186/186 
f 186/186/186 190/190/190 190/190/190 
f 190/190/190 191/191/191 190/190/190 
f 190/190/190 191/191/191 192/192/192 
f 191/191/191 191/191/191 192/192/192 
f 192/192/192 191/191/191 193/193/193 
f 191/191/191 194/194/194 193/193/193 
f 193/193/193 194/194/194 193/193/193 
f 194/194/194 195/195/195 193/193/193 
f 193/193/193 195/195/195 196/196/196 
f 195/195/195 197/197/197 196/196/196 
f 196/196/196 197/197/197 196/196/196 
f 197/197/197 198/198/198 196/196/196 
f 196/196/196 198/198/198 199/199/199 
f 198/198/198 200/200/200 199/199/199 
f 199/199/199 200/200/200 201/201/201 
f 200/200/200 202/202/202 201/201/201 
f 201/201/201 202/202/202 203/203/203 
f 202/202/202 204/204/204 203/203/203 
f 203/203/203 204/204/204 205/205/205 
f 204/204/204 206/206/206 205/205/205 
f 205/205/205 206/206/206 206/206/206 
f 206/206/206 205/205/205 206/206/206 
f 206/206/206 205/205/205 205/205/205 
f 205/205/205 207/207/207 205/205/205 
f 205/205/205 207/207/207 203/203/203 
f 207/207/207 208/208/208 203/203/203 
f 203/203/203 208/208/208 201/201/201 
f 208/208/208 209/209/209 201/201/201 
f 201/201/201 209/209/209 199/199/199 
f 209/209/209 210/210/210 199/199/199 
f 199/199/199 210/210/210 196/196/196 
f 210/210/210 210/210/210 196/196/196 
f 196/196/196 210/210/210 193/193/193 
f 210/210/210 210/210/210 193/193/193 
f 193/193/193 210/210/210 192/192/192 
f 210/210/210 210/210/210 192/192/192 
f 192/192/192 210/210/210 211/211/211 
f 210/210/210 210/210/210 211/211/211 
f 211/211/211 210/210/210 212/212/212 
f 210/210/210 209/209/209 212/212/212 
f 212/212/212 209/209/209 213/213/213 
f 209/209/209 208/208/208 213/213/213 
f 213/213/213 208/208/208 214/214/214 
f 208/208/208 207/207/207 214/214/214 
f 214/214/214 207/207/207 207/207/207 
f 207/207/207 215/215/215 207/207/207 
f 207/207/207 215/215/215 215/215/215 
f 215/215/215 216/216/216 215/215/215 
f 215/215/215 216/216/216 217/217/217 
f 216/216/216 218/218/218 217/217/217 
f 217/217/217 218/218/218 218/218/218 
f 218/218/218 215/215/215 218/218/218 
f 218/218/218 215/215/215 215/215/215 
f 215/215/215 219/219/219 215/215/215 
f 215/215/215 219/219/219 216/216/216 
f 219/219/219 219/219/219 216/216/216 
f 216/216/216 219/219/219 220/220/220 
f 219/219/219 221/221/221 220/220/220 
f 220/220/220 221/221/221 222/222/222 
f 221/221/221 223/223/223 222/222/222 
f 222/222/222 223/223/223 222/222/222 
f 223/223/223 224/224/224 222/222/222 
f 222/222/222 224/224/224 225/225/225 
f 224/224/224 226/226/226 225/225/225 
f 225/225/225 226/226/226 227/227/227 
f 226/226/226 228/228/228 227/227/227 
f 227/227/227 228/228/228 229/229/229 
f 228/228/228 230/230/230 229/229/229 
f 229/229/229 230/230/230 231/231/231 
f 230/230/230 232/232/232 231/231/231 
f 231/231/231 232/232/232 232/232/232 
f 232/232/232 231/231/231 232/232/232 
f 232/232/232 231/231/231 231/231/231 
f 231/231/231 233/233/233 231/231/231 
f 231/231/231 233/233/233 229/229/229 
f 233/233/233 234/234/234 229/229/229 
f 229/229/229 234/234/234 227/227/227 
f 234/234/234 235/235/235 227/227/227 
f 227/227/227 235/235/235 225/225/225 
f 235/235/235 236/236/236 225/225/225 
f 225/225/225 236/236/236 222/222/222 
f 236/236/236 236/236/236 222/222/222 
f 222/222/222 236/236/236 220/220/220 
f 236/236/236 236/236/236 220/220/220 
f 220/220/220 236/236/236 216/216/216 
f 236/236/236 236/236/236 216/216/216 
f 216/216/216 236/236/236 218/218/218 
f 236/236/236 236/236/236 218/218/218 
f 218/218/218 236/236/236 237/237/237 
f 236/236/236 235/235/235 237/237/237 
f 237/237/237 235/235/235 238/238/238 
f 235/235/235 234/234/234 238/238/238 
f 238/238/238 234/234/234 239/239/239 
f 234/234/234 234/234/234 239/239/239 
f 239/239/239 234/234/234 240/240/240 
f 234/234/234 233/233/233 240/240/240 
f 240/240/240 233/233/233 233/233/233 
f 233/233/233 241/241/241 233/233/233 
f 233/233/233 241/241/241 241/241/241 
f 241/241/241 242/242/242 241/241/241 
f 241/241/241 242/242/242 243/243/243 
f 242/242/242 242/242/242 243/243/243 
f 243/243/243 242/242/242 244/244/244 
f 242/242/242 245/245/245 244/244/244 
f 244/244/244 245/245/245 246/246/246 
f 245/245/245 247/247/247 246/246/246 
f 246/246/246 247/247/247 248/248/248 
f 247/247/247 247/247/247 248/248/248 
f 248/248/248 247/247/247 249/249/249 
f 247/247/247 250/250/250 249/249/249 
f 249/249/249 250/250/250 251/251/251 
f 250/250/250 251/251/251 251/251/251 
f 251/251/251 251/251/251 250/250/250 
f 251/251/251 250/250/250 250/250/250 
f 250/250/250 250/250/250 252/252/252 
f 250/250/250 247/247/247 252/252/252 
f 252/252/252 247/247/247 252/252/252 
f 247/247/247 245/245/245 252/252/252 
f 252/252/252 245/245/245 253/253/253 
f 245/245/245 242/242/242 253/253/253 
f 253/253/253 242/242/242 254/254/254 
f 242/242/242 241/241/241 254/254/254 
f 254/254/254 241/241/241 254/254/254 
f 241/241/241 255/255/255 254/254/254 
f 254/254/254 255/255/255 254/254/254 
f 255/255/255 256/256/256 254/254/254 
f 254/254/254 256/256/256 254/254/254 
f 256/256/256 257/257/257 254/254/254 
f 254/254/254 257/257/257 254/254/254 
f 257/257/257 258/258/258 254/254/254 
f 254/254/254 258/258/258 253/253/253 
f 258/258/258 259/259/259 253/253/253 
f 253/253/253 259/259/259 252/252/252 
f 259/259/259 252/252/252 252/252/252 
f 252/252/252 252/252/252 258/258/258 
f 252/252/252 258/258/258 258/258/258 
f 258/258/258 258/258/258 259/259/259 
f 258/258/258 260/260/260 259/259/259 
f 259/259/259 260/260/260 261/261/261 
f 260/260/260 262/262/262 261/261/261 
f 261/261/261 262/262/262 263/263/263 
f 262/262/262 262/262/262 263/263/263 
f 263/263/263 262/262/262 264/264/264 
f 262/262/262 265/265/265 264/264/264 
f 264/264/264 265/265/265 266/266/266 
f 265/265/265 265/265/265 266/266/266 
f 266/266/266 265/265/265 267/267/267 
f 265/265/265 268/268/268 267/267/267 
f 267/267/267 268/268/268 269/269/269 
f 268/268/268 268/268/268 269/269/269 
f 269/269/269 268/268/268 270/270/270 
f 268/268/268 265/265/265 270/270/270 
f 270/270/270 265/265/265 271/271/271 
f 265/265/265 262/262/262 271/271/271 
f 271/271/271 262/262/262 271/271/271 
f 262/262/262 260/260/260 271/271/271 
f 271/271/271 260/260/260 272/272/272 
f 260/260/260 258/258/258 272/272/272 
f 272/272/272 258/258/258 272/272/272 
f 258/258/258 257/257/257 272/272/272 
f 272/272/272 257/257/257 273/273/273 
f 257/257/257 256/256/256 273/273/273 
f 273/273/273 256/256/256 273/273/273 
f 256/256/256 274/274/274 273/273/273 
f 273/273/273 274/274/274 275/275/275 
f 274/274/274 276/276/276 275/275/275 
f 275/275/275 276/276/276 275/275/275 
f 276/276/276 277/277/277 275/275/275 
f 275/275/275 277/277/277 275/275/275 
f 277/277/277 278/278/278 275/275/275 
f 275/275/275 278/278/278 275/275/275 
f 278/278/278 279/279/279 275/275/275 
f 275/275/275 279/279/279 280/280/280 
f 279/279/279 270/270/270 280/280/280 
f 280/280/280 270/270/270 280/280/280 
f 270/270/270 271/271/271 280/280/280 
f 280/280/280 271/271/271 280/280/280 
f 271/271/271 272/272/272 280/280/280 
f 280/280/280 272/272/272 280/280/280 
f 272/272/272 273/273/273 280/280/280 
f 280/280/280 273/273/273 275/275/275 
f 273/273/273 275/275/275 275/275/275 
f 275/275/275 275/275/275 281/281/281 
f 275/275/275 281/281/281 281/281/281 
f 281/281/281 281/281/281 282/282/282 
f 281/281/281 283/283/283 282/282/282 
f 282/282/282 283/283/283 282/282/282 
f 283/283/283 284/284/284 282/282/282 
f 282/282/282 284/284/284 285/285/285 
f 284/284/284 286/286/286 285/285/285 
f 285/285/285 286/286/286 285/285/285 
f 286/286/286 287/287/287 285/285/285 
f 285/285/285 287/287/287 288/288/288 
f 287/287/287 287/287/287 288/288/288 
f 288/288/288 287/287/287 289/289/289 
f 287/287/287 290/290/290 289/289/289 
f 289/289/289 290/290/290 291/291/291 
f 290/290/290 292/292/292 291/291/291 
f 291/291/291 292/292/292 291/291/291 
f 292/292/292 293/293/293 291/291/291 
f 291/291/291 293/293/293 291/291/291 
f 293/293/293 294/294/294 291/291/291 
f 291/291/291 294/294/294 295/295/295 
f 294/294/294 296/296/296 295/295/295 
f 295/295/295 296/296/296 295/295/295 
f 296/296/296 297/297/297 295/295/295 
f 295/295/295 297/297/297 295/295/295 
f 297/297/297 298/298/298 295/295/295 
f 295/295/295 298/298/298 299/299/299 
f 298/298/298 300/300/300 299/299/299 
f 299/299/299 300/300/300 301/301/301 
f 300/300/300 302/302/302 301/301/301 
f 301/301/301 302/302/302 301/301/301 
f 302/302/302 303/303/303 301/301/301 
f 301/301/301 303/303/303 288/288/288 
f 303/303/303 303/303/303 288/288/288 
f 288/288/288 303/303/303 285/285/285 
f 303/303/303 304/304/304 285/285/285 
f 285/285/285 304/304/304 282/282/282 
f 304/304/304 305/305/305 282/282/282 
f 282/282/282 305/305/305 281/281/281 
f 305/305/305 281/281/281 281/281/281 
f 281/281/281 281/281/281 295/295/295 
f 281/281/281 295/295/295 295/295/295 
f 295/295/295 295/295/295 291/291/291 
f 295/295/295 299/299/299 291/291/291 
f 291/291/291 299/299/299 289/289/289 
f 299/299/299 301/301/301 289/289/289 
f 289/289/289 301/301/301 288/288/288 
f 301/301/301 288/288/288 288/288/288 
f 288/288/288 288/288/288 306/306/306 
f 288/288/288 306/306/306 306/306/306 
f 306/306/306 306/306/306 307/307/307 
f 306/306/306 305/305/305 307/307/307 
f 307/307/307 305/305/305 307/307/307 
f 305/305/305 304/304/304 307/307/307 
f 307/307/307 304/304/304 308/308/308 
f 304/304/304 303/303/303 308/308/308 
f 308/308/308 303/303/303 302/302/302 
f 303/303/303 302/302/302 302/302/302 
f 302/302/302 302/302/302 309/309/309 
f 302/302/302 309/309/309 309/309/309 
f 309/309/309 309/309/309 310/310/310 
f 309/309/309 311/311/311 310/310/310 
f 310/310/310 311/311/311 312/312/312 
f 311/311/311 313/313/313 312/312/312 
f 312/312/312 313/313/313 314/314/314 
f 313/313/313 315/315/315 314/314/314 
f 314/314/314 315/315/315 316/316/316 
f 315/315/315 315/315/315 316/316/316 
f 316/316/316 315/315/315 317/317/317 
f 315/315/315 318/318/318 317/317/317 
f 317/317/317 318/318/318 317/317/317 
f 318/318/318 319/319/319 317/317/317 
f 317/317/317 319/319/319 320/320/320 
f 319/319/319 321/321/321 320/320/320 
f 320/320/320 321/321/321 322/322/322 
f 321/321/321 322/322/322 322/322/322 
f 322/322/322 322/322/322 323/323/323 
f 322/322/322 323/323/323 323/323/323 
f 323/323/323 323/323/323 324/324/324 
f 323/323/323 325/325/325 324/324/324 
f 324/324/324 325/325/325 326/326/326 
f 325/325/325 327/327/327 326/326/326 
f 326/326/326 327/327/327 328/328/328 
f 327/327/327 329/329/329 328/328/328 
f 328/328/328 329/329/329 330/330/330 
f 329/329/329 329/329/329 330/330/330 
f 330/330/330 329/329/329 331/331/331 
f 329/329/329 332/332/332 331/331/331 
f 331/331/331 332/332/332 331/331/331 
f 332/332/332 333/333/333 331/331/331 
f 331/331/331 333/333/333 334/334/334 
f 333/333/333 334/334/334 334/334/334 
f 334/334/334 334/334/334 335/335/335 
f 334/334/334 335/335/335 335/335/335 
f 335/335/335 335/335/335 336/336/336 
f 335/335/335 337/337/337 336/336/336 
f 336/336/336 337/337/337 338/338/338 
f 337/337/337 339/339/339 338/338/338 
f 338/338/338 339/339/339 340/340/340 
f 339/339/339 340/340/340 340/340/340 
f 340/340/340 340/340/340 339/339/339 
f 340/340/340 339/339/339 339/339/339 
f 339/339/339 339/339/339 341/341/341 
f 339/339/339 337/337/337 341/341/341 
f 341/341/341 337/337/337 342/342/342 
f 337/337/337 335/335/335 342/342/342 
f 342/342/342 335/335/335 335/335/335 
f 335/335/335 342/342/342 335/335/335 
f 335/335/335 342/342/342 342/342/342 
f 342/342/342 343/343/343 342/342/342 
f 342/342/342 343/343/343 341/341/341 
f 343/343/343 344/344/344 341/341/341 
f 341/341/341 344/344/344 345/345/345 
f 344/344/344 346/346/346 345/345/345 
f 345/345/345 346/346/346 347/347/347 
f 346/346/346 347/347/347 347/347/347 
f 347/347/347 347/347/347 336/336/336 
f 347/347/347 336/336/336 336/336/336 
f 336/336/336 336/336/336 348/348/348 
f 336/336/336 338/338/338 348/348/348 
f 348/348/348 338/338/338 349/349/349 
f 338/338/338 350/350/350 349/349/349 
f 349/349/349 350/350/350 351/351/351 
f 350/350/350 340/340/340 351/351/351 
f 351/351/351 340/340/340 351/351/351 
f 340/340/340 352/352/352 351/351/351 
f 351/351/351 352/352/352 351/351/351 
f 352/352/352 353/353/353 351/351/351 
f 351/351/351 353/353/353 351/351/351 
f 353/353/353 354/354/354 351/351/351 
f 351/351/351 354/354/354 355/355/355 
f 354/354/354 356/356/356 355/355/355 
f 355/355/355 356/356/356 356/356/356 
f 356/356/356 340/340/340 356/356/356 
f 356/356/356 340/340/340 340/340/340 
f 340/340/340 350/350/350 340/340/340 
f 340/340/340 350/350/350 338/338/338 
f 350/350/350 338/338/338 338/338/338 
f 338/338/338 338/338/338 349/349/349 
f 338/338/338 349/349/349 349/349/349 
f 349/349/349 349/349/349 355/355/355 
f 349/349/349 351/351/351 355/355/355 
f 355/355/355 351/351/351 351/351/351 
f 351/351/351 357/357/357 351/351/351 
f 351/351/351 357/357/357 357/357/357 
f 357/357/357 358/358/358 357/357/357 
f 357/357/357 358/358/358 359/359/359 
f 358/358/358 360/360/360 359/359/359 
f 359/359/359 360/360/360 361/361/361 
f 360/360/360 360/360/360 361/361/361 
f 361/361/361 360/360/360 362/362/362 
f 360/360/360 363/363/363 362/362/362 
f 362/362/362 363/363/363 362/362/362 
f 363/363/363 364/364/364 362/362/362 
f 362/362/362 364/364/364 362/362/362 
f 364/364/364 365/365/365 362/362/362 
f 362/362/362 365/365/365 362/362/362 
f 365/365/365 366/366/366 362/362/362 
f 362/362/362 366/366/366 362/362/362 
f 366/366/366 367/367/367 362/362/362 
f 362/362/362 367/367/367 361/361/361 
f 367/367/367 368/368/368 361/361/361 
f 361/361/361 368/368/368 359/359/359 
f 368/368/368 359/359/359 359/359/359 
f 359/359/359 359/359/359 357/357/357 
f 359/359/359 357/357/357 357/357/357 
f 357/357/357 357/357/357 358/358/358 
f 357/357/357 369/369/369 358/358/358 
f 358/358/358 369/369/369 358/358/358 
f 369/369/369 370/370/370 358/358/358 
f 358/358/358 370/370/370 358/358/358 
f 370/370/370 363/363/363 358/358/358 
f 358/358/358 363/363/363 360/360/360 
f 363/363/363 360/360/360 360/360/360 
f 360/360/360 360/360/360 367/367/367 
f 360/360/360 367/367/367 367/367/367 
f 367/367/367 367/367/367 368/368/368 
f 367/367/367 366/366/366 368/368/368 
f 368/368/368 366/366/366 371/371/371 
f 366/366/366 365/365/365 371/371/371 
f 371/371/371 365/365/365 371/371/371 
f 365/365/365 372/372/372 371/371/371 
f 371/371/371 372/372/372 373/373/373 
f 372/372/372 372/372/372 373/373/373 
f 373/373/373 372/372/372 374/374/374 
f 372/372/372 372/372/372 374/374/374 
f 374/374/374 372/372/372 375/375/375 
f 372/372/372 376/376/376 375/375/375 
f 375/375/375 376/376/376 377/377/377 
f 376/376/376 376/376/376 377/377/377 
f 377/377/377 376/376/376 378/378/378 
f 376/376/376 376/376/376 378/378/378 
f 378/378/378 376/376/376 379/379/379 
f 376/376/376 372/372/372 379/379/379 
f 379/379/379 372/372/372 380/380/380 
f 372/372/372 365/365/365 380/380/380 
f 380/380/380 365/365/365 380/380/380 
f 365/365/365 364/364/364 380/380/380 
f 380/380/380 364/364/364 379/379/379 
f 364/364/364 381/381/381 379/379/379 
f 379/379/379 381/381/381 378/378/378 
f 381/381/381 382/382/382 378/378/378 
f 378/378/378 382/382/382 377/377/377 
f 382/382/382 383/383/383 377/377/377 
f 377/377/377 383/383/383 384/384/384 
f 383/383/383 383/383/383 384/384/384 
f 384/384/384 383/383/383 385/385/385 
f 383/383/383 381/381/381 385/385/385 
f 385/385/385 381/381/381 386/386/386 
f 381/381/381 364/364/364 386/386/386 
f 386/386/386 364/364/364 387/387/387 
f 364/364/364 363/363/363 387/387/387 
f 387/387/387 363/363/363 388/388/388 
f 363/363/363 370/370/370 388/388/388 
f 388/388/388 370/370/370 389/389/389 
f 370/370/370 369/369/369 389/389/389 
f 389/389/389 369/369/369 389/389/389 
f 369/369/369 390/390/390 389/389/389 
f 389/389/389 390/390/390 389/389/389 
f 390/390/390 384/384/384 389/389/389 
f 389/389/389 384/384/384 389/389/389 
f 384/384/384 385/385/385 389/389/389 
f 389/389/389 385/385/385 389/389/389 
f 385/385/385 386/386/386 389/389/389 
f 389/389/389 386/386/386 388/388/388 
f 386/386/386 387/387/387 388/388/388 
f 388/388/388 387/387/387 387/387/387 
f 387/387/387 368/368/368 387/387/387 
f 387/387/387 368/368/368 368/368/368 
f 368/368/368 371/371/371 368/368/368 
f 368/368/368 371/371/371 373/373/373 
f 371/371/371 373/373/373 373/373/373 
f 373/373/373 373/373/373 382/382/382 
f 373/373/373 382/382/382 382/382/382 
f 382/382/382 382/382/382 383/383/383 
f 382/382/382 381/381/381 383/383/383 
f 383/383/383 381/381/381 381/381/381 
f 381/381/381 391/391/391 381/381/381 
f 381/381/381 391/391/391 391/391/391 
f 391/391/391 392/392/392 391/391/391 
f 391/391/391 392/392/392 393/393/393 
f 392/392/392 392/392/392 393/393/393 
f 393/393/393 392/392/392 394/394/394 
f 392/392/392 392/392/392 394/394/394 
f 394/394/394 392/392/392 395/395/395 
f 392/392/392 396/396/396 395/395/395 
f 395/395/395 396/396/396 395/395/395 
f 396/396/396 397/397/397 395/395/395 
f 395/395/395 397/397/397 398/398/398 
f 397/397/397 399/399/399 398/398/398 
f 398/398/398 399/399/399 400/400/400 
f 399/399/399 399/399/399 400/400/400 
f 400/400/400 399/399/399 401/401/401 
f 399/399/399 402/402/402 401/401/401 
f 401/401/401 402/402/402 401/401/401 
f 402/402/402 403/403/403 401/401/401 
f 401/401/401 403/403/403 404/404/404 
f 403/403/403 405/405/405 404/404/404 
f 404/404/404 405/405/405 406/406/406 
f 405/405/405 405/405/405 406/406/406 
f 406/406/406 405/405/405 407/407/407 
f 405/405/405 392/392/392 407/407/407 
f 407/407/407 392/392/392 391/391/391 
f 392/392/392 391/391/391 391/391/391 
f 391/391/391 391/391/391 392/392/392 
f 391/391/391 392/392/392 392/392/392 
f 392/392/392 392/392/392 396/396/396 
f 392/392/392 405/405/405 396/396/396 
f 396/396/396 405/405/405 405/405/405 
f 405/405/405 406/406/406 405/405/405 
f 405/405/405 406/406/406 406/406/406 
f 406/406/406 408/408/408 406/406/406 
f 406/406/406 408/408/408 404/404/404 
f 408/408/408 409/409/409 404/404/404 
f 404/404/404 409/409/409 401/401/401 
f 409/409/409 410/410/410 401/401/401 
f 401/401/401 410/410/410 400/400/400 
f 410/410/410 411/411/411 400/400/400 
f 400/400/400 411/411/411 398/398/398 
f 411/411/411 412/412/412 398/398/398 
f 398/398/398 412/412/412 398/398/398 
f 412/412/412 413/413/413 398/398/398 
f 398/398/398 413/413/413 395/395/395 
f 413/413/413 414/414/414 395/395/395 
f 395/395/395 414/414/414 395/395/395 
f 414/414/414 415/415/415 395/395/395 
f 395/395/395 415/415/415 394/394/394 
f 415/415/415 416/416/416 394/394/394 
f 394/394/394 416/416/416 393/393/393 
f 416/416/416 417/417/417 393/393/393 
f 393/393/393 417/417/417 417/417/417 
f 417/417/417 416/416/416 417/417/417 
f 417/417/417 416/416/416 416/416/416 
f 416/416/416 415/415/415 416/416/416 
f 416/416/416 415/415/415 418/418/418 
f 415/415/415 418/418/418 418/418/418 
f 418/418/418 418/418/418 419/419/419 
f 418/418/418 419/419/419 419/419/419 
f 419/419/419 419/419/419 420/420/420 
f 419/419/419 421/421/421 420/420/420 
f 420/420/420 421/421/421 422/422/422 
f 421/421/421 423/423/423 422/422/422 
f 422/422/422 423/423/423 424/424/424 
f 423/423/423 425/425/425 424/424/424 
f 424/424/424 425/425/425 426/426/426 
f 425/425/425 427/427/427 426/426/426 
f 426/426/426 427/427/427 428/428/428 
f 427/427/427 428/428/428 428/428/428 
f 428/428/428 428/428/428 429/429/429 
f 428/428/428 429/429/429 429/429/429 
f 429/429/429 429/429/429 430/430/430 
f 429/429/429 431/431/431 430/430/430 
f 430/430/430 431/431/431 430/430/430 
f 431/431/431 432/432/432 430/430/430 
f 430/430/430 432/432/432 433/433/433 
f 432/432/432 432/432/432 433/433/433 
f 433/433/433 432/432/432 434/434/434 
f 432/432/432 435/435/435 434/434/434 
f 434/434/434 435/435/435 436/436/436 
f 435/435/435 435/435/435 436/436/436 
f 436/436/436 435/435/435 437/437/437 
f 435/435/435 438/438/438 437/437/437 
f 437/437/437 438/438/438 439/439/439 
f 438/438/438 440/440/440 439/439/439 
f 439/439/439 440/440/440 441/441/441 
f 440/440/440 442/442/442 441/441/441 
f 441/441/441 442/442/442 443/443/443 
f 442/442/442 444/444/444 443/443/443 
f 443/443/443 444/444/444 445/445/445 
f 444/444/444 445/445/445 445/445/445 
f 445/445/445 445/445/445 444/444/444 
f 445/445/445 444/444/444 444/444/444 
f 444/444/444 444/444/444 446/446/446 
f 444/444/444 442/442/442 446/446/446 
f 446/446/446 442/442/442 447/447/447 
f 442/442/442 440/440/440 447/447/447 
f 447/447/447 440/440/440 448/448/448 
f 440/440/440 438/438/438 448/448/448 
f 448/448/448 438/438/438 449/449/449 
f 438/438/438 435/435/435 449/449/449 
f 449/449/449 435/435/435 449/449/449 
f 435/435/435 432/432/432 449/449/449 
f 449/449/449 432/432/432 449/449/449 
f 432/432/432 431/431/431 449/449/449 
f 449/449/449 431/431/431 449/449/449 
f 431/431/431 450/450/450 449/449/449 
f 449/449/449 450/450/450 449/449/449 
f 450/450/450 451/451/451 449/449/449 
f 449/449/449 451/451/451 448/448/448 
f 451/451/451 452/452/452 448/448/448 
f 448/448/448 452/452/452 447/447/447 
f 452/452/452 453/453/453 447/447/447 
f 447/447/447 453/453/453 446/446/446 
f 453/453/453 446/446/446 446/446/446 
f 446/446/446 446/446/446 454/454/454 
f 446/446/446 454/454/454 454/454/454 
f 454/454/454 454/454/454 455/455/455 
f 454/454/454 456/456/456 455/455/455 
f 455/455/455 456/456/456 457/457/457 
f 456/456/456 457/457/457 457/457/457 
f 457/457/457 457/457/457 454/454/454 
f 457/457/457 454/454/454 454/454/454 
f 454/454/454 454/454/454 458/458/458 
f 454/454/454 455/455/455 458/458/458 
f 458/458/458 455/455/455 458/458/458 
f 455/455/455 459/459/459 458/458/458 
f 458/458/458 459/459/459 460/460/460 
f 459/459/459 461/461/461 460/460/460 
f 460/460/460 461/461/461 462/462/462 
f 461/461/461 461/461/461 462/462/462 
f 462/462/462 461/461/461 463/463/463 
f 461/461/461 464/464/464 463/463/463 
f 463/463/463 464/464/464 465/465/465 
f 464/464/464 466/466/466 465/465/465 
f 465/465/465 466/466/466 467/467/467 
f 466/466/466 468/468/468 467/467/467 
f 467/467/467 468/468/468 469/469/469 
f 468/468/468 470/470/470 469/469/469 
f 469/469/469 470/470/470 471/471/471 
f 470/470/470 471/471/471 471/471/471 
f 471/471/471 471/471/471 470/470/470 
f 471/471/471 470/470/470 470/470/470 
f 470/470/470 470/470/470 472/472/472 
f 470/470/470 468/468/468 472/472/472 
f 472/472/472 468/468/468 473/473/473 
f 468/468/468 466/466/466 473/473/473 
f 473/473/473 466/466/466 474/474/474 
f 466/466/466 464/464/464 474/474/474 
f 474/474/474 464/464/464 475/475/475 
f 464/464/464 461/461/461 475/475/475 
f 475/475/475 461/461/461 475/475/475 
f 461/461/461 459/459/459 475/475/475 
f 475/475/475 459/459/459 475/475/475 
f 459/459/459 455/455/455 475/475/475 
f 475/475/475 455/455/455 475/475/475 
f 455/455/455 457/457/457 475/475/475 
f 475/475/475 457/457/457 475/475/475 
f 457/457/457 476/476/476 475/475/475 
f 475/475/475 476/476/476 474/474/474 
f 476/476/476 477/477/477 474/474/474 
f 474/474/474 477/477/477 473/473/473 
f 477/477/477 478/478/478 473/473/473 
f 473/473/473 478/478/478 473/473/473 
f 478/478/478 479/479/479 473/473/473 
f 473/473/473 479/479/479 472/472/472 
f 479/479/479 472/472/472 472/472/472 
f 472/472/472 472/472/472 480/480/480 
f 472/472/472 480/480/480 480/480/480 
f 480/480/480 480/480/480 481/481/481 
f 480/480/480 482/482/482 481/481/481 
f 481/481/481 482/482/482 481/481/481 
f 482/482/482 483/483/483 481/481/481 
f 481/481/481 483/483/483 484/484/484 
f 483/483/483 485/485/485 484/484/484 
f 484/484/484 485/485/485 486/486/486 
f 485/485/485 487/487/487 486/486/486 
f 486/486/486 487/487/487 486/486/486 
f 487/487/487 488/488/488 486/486/486 
f 486/486/486 488/488/488 489/489/489 
f 488/488/488 490/490/490 489/489/489 
f 489/489/489 490/490/490 490/490/490 
f 490/490/490 489/489/489 490/490/490 
f 490/490/490 489/489/489 489/489/489 
f 489/489/489 491/491/491 489/489/489 
f 489/489/489 491/491/491 486/486/486 
f 491/491/491 491/491/491 486/486/486 
f 486/486/486 491/491/491 484/484/484 
f 491/491/491 492/492/492 484/484/484 
f 484/484/484 492/492/492 481/481/481 
f 492/492/492 493/493/493 481/481/481 
f 481/481/481 493/493/493 480/480/480 
f 493/493/493 493/493/493 480/480/480 
f 480/480/480 493/493/493 494/494/494 
f 493/493/493 493/493/493 494/494/494 
f 494/494/494 493/493/493 495/495/495 
f 493/493/493 496/496/496 495/495/495 
f 495/495/495 496/496/496 495/495/495 
f 496/496/496 497/497/497 495/495/495 
f 495/495/495 497/497/497 498/498/498 
f 497/497/497 499/499/499 498/498/498 
f 498/498/498 499/499/499 500/500/500 
f 499/499/499 499/499/499 500/500/500 
f 500/500/500 499/499/499 501/501/501 
f 499/499/499 499/499/499 501/501/501 
f 501/501/501 499/499/499 502/502/502 
f 499/499/499 499/499/499 502/502/502 
f 502/502/502 499/499/499 503/503/503 
f 499/499/499 504/504/504 503/503/503 
f 503/503/503 504/504/504 505/505/505 
f 504/504/504 506/506/506 505/505/505 
f 505/505/505 506/506/506 505/505/505 
f 506/506/506 507/507/507 505/505/505 
f 505/505/505 507/507/507 505/505/505 
f 507/507/507 508/508/508 505/505/505 
f 505/505/505 508/508/508 509/509/509 
f 508/508/508 508/508/508 509/509/509 
f 509/509/509 508/508/508 510/510/510 
f 508/508/508 507/507/507 510/510/510 
f 510/510/510 507/507/507 511/511/511 
f 507/507/507 507/507/507 511/511/511 
f 511/511/511 507/507/507 512/512/512 
f 507/507/507 513/513/513 512/512/512 
f 512/512/512 513/513/513 514/514/514 
f 513/513/513 513/513/513 514/514/514 
f 514/514/514 513/513/513 515/515/515 
f 513/513/513 513/513/513 515/515/515 
f 515/515/515 513/513/513 516/516/516 
f 513/513/513 506/506/506 516/516/516 
f 516/516/516 506/506/506 517/517/517 
f 506/506/506 504/504/504 517/517/517 
f 517/517/517 504/504/504 497/497/497 
f 504/504/504 499/499/499 497/497/497 
f 497/497/497 499/499/499 499/499/499 
f 499/499/499 497/497/497 499/499/499 
f 499/499/499 497/497/497 497/497/497 
f 497/497/497 496/496/496 497/497/497 
f 497/497/497 496/496/496 517/517/517 
f 496/496/496 518/518/518 517/517/517 
f 517/517/517 518/518/518 516/516/516 
f 518/518/518 519/519/519 516/516/516 
f 516/516/516 519/519/519 515/515/515 
f 519/519/519 515/515/515 515/515/515 
f 515/515/515 515/515/515 513/513/513 
f 515/515/515 513/513/513 513/513/513 
f 513/513/513 513/513/513 506/506/506 
f 513/513/513 507/507/507 506/506/506 
f 506/506/506 507/507/507 507/507/507 
f 507/507/507 496/496/496 507/507/507 
f 507/507/507 496/496/496 496/496/496 
f 496/496/496 493/493/493 496/496/496 
f 496/496/496 493/493/493 518/518/518 
f 493/493/493 492/492/492 518/518/518 
f 518/518/518 492/492/492 519/519/519 
f 492/492/492 491/491/491 519/519/519 
f 519/519/519 491/491/491 491/491/491 
f 491/491/491 520/520/520 491/491/491 
f 491/491/491 520/520/520 520/520/520 
f 520/520/520 521/521/521 520/520/520 
f 520/520/520 521/521/521 522/522/522 
f 521/521/521 523/523/523 522/522/522 
f 522/522/522 523/523/523 524/524/524 
f 523/523/523 525/525/525 524/524/524 
f 524/524/524 525/525/525 526/526/526 
f 525/525/525 527/527/527 526/526/526 
f 526/526/526 527/527/527 527/527/527 
f 527/527/527 521/521/521 527/527/527 
f 527/527/527 521/521/521 521/521/521 
f 521/521/521 528/528/528 521/521/521 
f 521/521/521 528/528/528 523/523/523 
f 528/528/528 529/529/529 523/523/523 
f 523/523/523 529/529/529 525/525/525 
f 529/529/529 525/525/525 525/525/525 
f 525/525/525 525/525/525 528/528/528 
f 525/525/525 528/528/528 528/528/528 
f 528/528/528 528/528/528 529/529/529 
f 528/528/528 530/530/530 529/529/529 
f 529/529/529 530/530/530 531/531/531 
f 530/530/530 532/532/532 531/531/531 
f 531/531/531 532/532/532 533/533/533 
f 532/532/532 534/534/534 533/533/533 
f 533/533/533 534/534/534 535/535/535 
f 534/534/534 536/536/536 535/535/535 
f 535/535/535 536/536/536 535/535/535 
f 536/536/536 537/537/537 535/535/535 
f 535/535/535 537/537/537 538/538/538 
f 537/537/537 539/539/539 538/538/538 
f 538/538/538 539/539/539 538/538/538 
f 539/539/539 540/540/540 538/538/538 
f 538/538/538 540/540/540 538/538/538 
f 540/540/540 541/541/541 538/538/538 
f 538/538/538 541/541/541 538/538/538 
f 541/541/541 542/542/542 538/538/538 
f 538/538/538 542/542/542 543/543/543 
f 542/542/542 544/544/544 543/543/543 
f 543/543/543 544/544/544 545/545/545 
f 544/544/544 546/546/546 545/545/545 
f 545/545/545 546/546/546 545/545/545 
f 546/546/546 531/531/531 545/545/545 
f 545/545/545 531/531/531 545/545/545 
f 531/531/531 533/533/533 545/545/545 
f 545/545/545 533/533/533 543/543/543 
f 533/533/533 535/535/535 543/543/543 
f 543/543/543 535/535/535 538/538/538 
f 535/535/535 538/538/538 538/538/538 
f 538/538/538 538/538/538 544/544/544 
f 538/538/538 544/544/544 544/544/544 
f 544/544/544 544/544/544 546/546/546 
f 544/544/544 547/547/547 546/546/546 
f 546/546/546 547/547/547 546/546/546 
f 547/547/547 527/527/527 546/546/546 
f 546/546/546 527/527/527 546/546/546 
f 527/527/527 525/525/525 546/546/546 
f 546/546/546 525/525/525 546/546/546 
f 525/525/525 529/529/529 546/546/546 
f 546/546/546 529/529/529 531/531/531 
f 529/529/529 531/531/531 531/531/531 
f 531/531/531 531/531/531 548/548/548 
f 531/531/531 548/548/548 548/548/548 
f 548/548/548 548/548/548 549/549/549 
f 548/548/548 550/550/550 549/549/549 
f 549/549/549 550/550/550 549/549/549 
f 550/550/550 551/551/551 549/549/549 
f 549/549/549 551/551/551 552/552/552 
f 551/551/551 553/553/553 552/552/552 
f 552/552/552 553/553/553 554/554/554 
f 553/553/553 555/555/555 554/554/554 
f 554/554/554 555/555/555 554/554/554 
f 555/555/555 556/556/556 554/554/554 
f 554/554/554 556/556/556 557/557/557 
f 556/556/556 556/556/556 557/557/557 
f 557/557/557 556/556/556 558/558/558 
f 556/556/556 559/559/559 558/558/558 
f 558/558/558 559/559/559 560/560/560 
f 559/559/559 561/561/561 560/560/560 
f 560/560/560 561/561/561 561/561/561 
f 561/561/561 562/562/562 561/561/561 
f 561/561/561 562/562/562 562/562/562 
f 562/562/562 563/563/563 562/562/562 
f 562/562/562 563/563/563 564/564/564 
f 563/563/563 565/565/565 564/564/564 
f 564/564/564 565/565/565 566/566/566 
f 565/565/565 567/567/567 566/566/566 
f 566/566/566 567/567/567 568/568/568 
f 567/567/567 569/569/569 568/568/568 
f 568/568/568 569/569/569 568/568/568 
f 569/569/569 570/570/570 568/568/568 
f 568/568/568 570/570/570 571/571/571 
f 570/570/570 570/570/570 571/571/571 
f 571/571/571 570/570/570 572/572/572 
f 570/570/570 573/573/573 572/572/572 
f 572/572/572 573/573/573 573/573/573 
f 573/573/573 574/574/574 573/573/573 
f 573/573/573 574/574/574 574/574/574 
f 574/574/574 575/575/575 574/574/574 
f 574/574/574 575/575/575 576/576/576 
f 575/575/575 577/577/577 576/576/576 
f 576/576/576 577/577/577 578/578/578 
f 577/577/577 579/579/579 578/578/578 
f 578/578/578 579/579/579 579/579/579 
f 579/579/579 578/578/578 579/579/579 
f 579/579/579 578/578/578 578/578/578 
f 578/578/578 580/580/580 578/578/578 
f 578/578/578 580/580/580 576/576/576 
f 580/580/580 581/581/581 576/576/576 
f 576/576/576 581/581/581 574/574/574 
f 581/581/581 574/574/574 574/574/574 
f 574/574/574 574/574/574 581/581/581 
f 574/574/574 581/581/581 581/581/581 
f 581/581/581 581/581/581 582/582/582 
f 581/581/581 580/580/580 582/582/582 
f 582/582/582 580/580/580 583/583/583 
f 580/580/580 584/584/584 583/583/583 
f 583/583/583 584/584/584 585/585/585 
f 584/584/584 586/586/586 585/585/585 
f 585/585/585 586/586/586 586/586/586 
f 586/586/586 575/575/575 586/586/586 
f 586/586/586 575/575/575 575/575/575 
f 575/575/575 587/587/587 575/575/575 
f 575/575/575 587/587/587 577/577/577 
f 587/587/587 588/588/588 577/577/577 
f 577/577/577 588/588/588 589/589/589 
f 588/588/588 590/590/590 589/589/589 
f 589/589/589 590/590/590 579/579/579 
f 590/590/590 590/590/590 579/579/579 
f 579/579/579 590/590/590 591/591/591 
f 590/590/590 590/590/590 591/591/591 
f 591/591/591 590/590/590 592/592/592 
f 590/590/590 590/590/590 592/592/592 
f 592/592/592 590/590/590 593/593/593 
f 590/590/590 594/594/594 593/593/593 
f 593/593/593 594/594/594 595/595/595 
f 594/594/594 595/595/595 595/595/595 
f 595/595/595 595/595/595 579/579/579 
f 595/595/595 579/579/579 579/579/579 
f 579/579/579 579/579/579 589/589/589 
f 579/579/579 577/577/577 589/589/589 
f 589/589/589 577/577/577 577/577/577 
f 577/577/577 588/588/588 577/577/577 
f 577/577/577 588/588/588 588/588/588 
f 588/588/588 594/594/594 588/588/588 
f 588/588/588 594/594/594 590/590/590 
f 594/594/594 590/590/590 590/590/590 
f 590/590/590 590/590/590 596/596/596 
f 590/590/590 596/596/596 596/596/596 
f 596/596/596 596/596/596 597/597/597 
f 596/596/596 598/598/598 597/597/597 
f 597/597/597 598/598/598 597/597/597 
f 598/598/598 599/599/599 597/597/597 
f 597/597/597 599/599/599 597/597/597 
f 599/599/599 600/600/600 597/597/597 
f 597/597/597 600/600/600 601/601/601 
f 600/600/600 600/600/600 601/601/601 
f 601/601/601 600/600/600 602/602/602 
f 600/600/600 603/603/603 602/602/602 
f 602/602/602 603/603/603 604/604/604 
f 603/603/603 605/605/605 604/604/604 
f 604/604/604 605/605/605 604/604/604 
f 605/605/605 606/606/606 604/604/604 
f 604/604/604 606/606/606 607/607/607 
f 606/606/606 606/606/606 607/607/607 
f 607/607/607 606/606/606 608/608/608 
f 606/606/606 609/609/609 608/608/608 
f 608/608/608 609/609/609 610/610/610 
f 609/609/609 611/611/611 610/610/610 
f 610/610/610 611/611/611 610/610/610 
f 611/611/611 612/612/612 610/610/610 
f 610/610/610 612/612/612 597/597/597 
f 612/612/612 596/596/596 597/597/597 
f 597/597/597 596/596/596 596/596/596 
f 596/596/596 597/597/597 596/596/596 
f 596/596/596 597/597/597 597/597/597 
f 597/597/597 601/601/601 597/597/597 
f 597/597/597 601/601/601 610/610/610 
f 601/601/601 610/610/610 610/610/610 
f 610/610/610 610/610/610 611/611/611 
f 610/610/610 611/611/611 611/611/611 
f 611/611/611 611/611/611 613/613/613 
f 611/611/611 609/609/609 613/613/613 
f 613/613/613 609/609/609 614/614/614 
f 609/609/609 606/606/606 614/614/614 
f 614/614/614 606/606/606 615/615/615 
f 606/606/606 605/605/605 615/615/615 
f 615/615/615 605/605/605 616/616/616 
f 605/605/605 603/603/603 616/616/616 
f 616/616/616 603/603/603 617/617/617 
f 603/603/603 603/603/603 617/617/617 
f 617/617/617 603/603/603 618/618/618 
f 603/603/603 600/600/600 618/618/618 
f 618/618/618 600/600/600 619/619/619 
f 600/600/600 600/600/600 619/619/619 
f 619/619/619 600/600/600 620/620/620 
f 600/600/600 599/599/599 620/620/620 
f 620/620/620 599/599/599 621/621/621 
f 599/599/599 598/598/598 621/621/621 
f 621/621/621 598/598/598 622/622/622 
f 598/598/598 622/622/622 622/622/622 
f 622/622/622 622/622/622 621/621/621 
f 622/622/622 621/621/621 621/621/621 
f 621/621/621 621/621/621 620/620/620 
f 621/621/621 623/623/623 620/620/620 
f 620/620/620 623/623/623 623/623/623 
f 623/623/623 624/624/624 623/623/623 
f 623/623/623 624/624/624 624/624/624 
f 624/624/624 625/625/625 624/624/624 
f 624/624/624 625/625/625 626/626/626 
f 625/625/625 627/627/627 626/626/626 
f 626/626/626 627/627/627 628/628/628 
f 627/627/627 629/629/629 628/628/628 
f 628/628/628 629/629/629 630/630/630 
f 629/629/629 631/631/631 630/630/630 
f 630/630/630 631/631/631 632/632/632 
f 631/631/631 633/633/633 632/632/632 
f 632/632/632 633/633/633 633/633/633 
f 633/633/633 634/634/634 633/633/633 
f 633/633/633 634/634/634 634/634/634 
f 634/634/634 635/635/635 634/634/634 
f 634/634/634 635/635/635 636/636/636 
f 635/635/635 637/637/637 636/636/636 
f 636/636/636 637/637/637 638/638/638 
f 637/637/637 639/639/639 638/638/638 
f 638/638/638 639/639/639 638/638/638 
f 639/639/639 640/640/640 638/638/638 
f 638/638/638 640/640/640 641/641/641 
f 640/640/640 641/641/641 641/641/641 
f 641/641/641 641/641/641 637/637/637 
f 641/641/641 637/637/637 637/637/637 
f 637/637/637 637/637/637 642/642/642 
f 637/637/637 635/635/635 642/642/642 
f 642/642/642 635/635/635 642/642/642 
f 635/635/635 643/643/643 642/642/642 
f 642/642/642 643/643/643 644/644/644 
f 643/643/643 645/645/645 644/644/644 
f 644/644/644 645/645/645 646/646/646 
f 645/645/645 647/647/647 646/646/646 
f 646/646/646 647/647/647 648/648/648 
f 647/647/647 649/649/649 648/648/648 
f 648/648/648 649/649/649 650/650/650 
f 649/649/649 649/649/649 650/650/650 
f 650/650/650 649/649/649 651/651/651 
f 649/649/649 652/652/652 651/651/651 
f 651/651/651 652/652/652 653/653/653 
f 652/652/652 653/653/653 653/653/653 
f 653/653/653 653/653/653 650/650/650 
f 653/653/653 650/650/650 650/650/650 
f 650/650/650 650/650/650 648/648/648 
f 650/650/650 654/654/654 648/648/648 
f 648/648/648 654/654/654 648/648/648 
f 654/654/654 655/655/655 648/648/648 
f 648/648/648 655/655/655 646/646/646 
f 655/655/655 656/656/656 646/646/646 
f 646/646/646 656/656/656 644/644/644 
f 656/656/656 657/657/657 644/644/644 
f 644/644/644 657/657/657 642/642/642 
f 657/657/657 658/658/658 642/642/642 
f 642/642/642 658/658/658 637/637/637 
f 658/658/658 658/658/658 637/637/637 
f 637/637/637 658/658/658 639/639/639 
f 658/658/658 658/658/658 639/639/639 
f 639/639/639 658/658/658 640/640/640 
f 658/658/658 659/659/659 640/640/640 
f 640/640/640 659/659/659 660/660/660 
f 659/659/659 659/659/659 660/660/660 
f 660/660/660 659/659/659 661/661/661 
f 659/659/659 659/659/659 661/661/661 
f 661/661/661 659/659/659 662/662/662 
f 659/659/659 657/657/657 662/662/662 
f 662/662/662 657/657/657 662/662/662 
f 657/657/657 656/656/656 662/662/662 
f 662/662/662 656/656/656 663/663/663 
f 656/656/656 655/655/655 663/663/663 
f 663/663/663 655/655/655 655/655/655 
f 655/655/655 659/659/659 655/655/655 
f 655/655/655 659/659/659 659/659/659 
f 659/659/659 658/658/658 659/659/659 
f 659/659/659 658/658/658 657/657/657 
f 658/658/658 657/657/657 657/657/657 
f 657/657/657 657/657/657 640/640/640 
f 657/657/657 640/640/640 640/640/640 
f 640/640/640 640/640/640 641/641/641 
f 640/640/640 660/660/660 641/641/641 
f 641/641/641 660/660/660 664/664/664 
f 660/660/660 664/664/664 664/664/664 
f 664/664/664 664/664/664 661/661/661 
f 664/664/664 661/661/661 661/661/661 
f 661/661/661 661/661/661 665/665/665 
f 661/661/661 662/662/662 665/665/665 
f 665/665/665 662/662/662 665/665/665 
f 662/662/662 663/663/663 665/665/665 
f 665/665/665 663/663/663 666/666/666 
f 663/663/663 667/667/667 666/666/666 
f 666/666/666 667/667/667 668/668/668 
f 667/667/667 669/669/669 668/668/668 
f 668/668/668 669/669/669 668/668/668 
f 669/669/669 670/670/670 668/668/668 
f 668/668/668 670/670/670 671/671/671 
f 670/670/670 672/672/672 671/671/671 
f 671/671/671 672/672/672 672/672/672 
f 672/672/672 663/663/663 672/672/672 
f 672/672/672 663/663/663 663/663/663 
f 663/663/663 655/655/655 663/663/663 
f 663/663/663 655/655/655 667/667/667 
f 655/655/655 654/654/654 667/667/667 
f 667/667/667 654/654/654 669/669/669 
f 654/654/654 669/669/669 669/669/669 
f 669/669/669 669/669/669 673/673/673 
f 669/669/669 673/673/673 673/673/673 
f 673/673/673 673/673/673 674/674/674 
f 673/673/673 675/675/675 674/674/674 
f 674/674/674 675/675/675 676/676/676 
f 675/675/675 677/677/677 676/676/676 
f 676/676/676 677/677/677 676/676/676 
f 677/677/677 251/251/251 676/676/676 
f 676/676/676 251/251/251 676/676/676 
f 251/251/251 250/250/250 676/676/676 
f 676/676/676 250/250/250 678/678/678 
f 250/250/250 252/252/252 678/678/678 
f 678/678/678 252/252/252 252/252/252 
f 252/252/252 678/678/678 252/252/252 
f 252/252/252 678/678/678 678/678/678 
f 678/678/678 674/674/674 678/678/678 
f 678/678/678 674/674/674 676/676/676 
f 674/674/674 676/676/676 676/676/676 
f 676/676/676 676/676/676 679/679/679 
f 676/676/676 679/679/679 679/679/679 
f 679/679/679 679/679/679 680/680/680 
f 679/679/679 681/681/681 680/680/680 
f 680/680/680 681/681/681 680/680/680 
f 681/681/681 682/682/682 680/680/680 
f 680/680/680 682/682/682 683/683/683 
f 682/682/682 684/684/684 683/683/683 
f 683/683/683 684/684/684 685/685/685 
f 684/684/684 686/686/686 685/685/685 
f 685/685/685 686/686/686 687/687/687 
f 686/686/686 688/688/688 687/687/687 
f 687/687/687 688/688/688 687/687/687 
f 688/688/688 689/689/689 687/687/687 
f 687/687/687 689/689/689 690/690/690 
f 689/689/689 691/691/691 690/690/690 
f 690/690/690 691/691/691 692/692/692 
f 691/691/691 693/693/693 692/692/692 
f 692/692/692 693/693/693 694/694/694 
f 693/693/693 695/695/695 694/694/694 
f 694/694/694 695/695/695 696/696/696 
f 695/695/695 696/696/696 696/696/696 
f 696/696/696 696/696/696 697/697/697 
f 696/696/696 697/697/697 697/697/697 
f 697/697/697 697/697/697 698/698/698 
f 697/697/697 699/699/699 698/698/698 
f 698/698/698 699/699/699 700/700/700 
f 699/699/699 701/701/701 700/700/700 
f 700/700/700 701/701/701 702/702/702 
f 701/701/701 703/703/703 702/702/702 
f 702/702/702 703/703/703 704/704/704 
f 703/703/703 705/705/705 704/704/704 
f 704/704/704 705/705/705 706/706/706 
f 705/705/705 707/707/707 706/706/706 
f 706/706/706 707/707/707 707/707/707 
f 707/707/707 706/706/706 707/707/707 
f 707/707/707 706/706/706 706/706/706 
f 706/706/706 708/708/708 706/706/706 
f 706/706/706 708/708/708 704/704/704 
f 708/708/708 709/709/709 704/704/704 
f 704/704/704 709/709/709 702/702/702 
f 709/709/709 710/710/710 702/702/702 
f 702/702/702 710/710/710 700/700/700 
f 710/710/710 711/711/711 700/700/700 
f 700/700/700 711/711/711 698/698/698 
f 711/711/711 712/712/712 698/698/698 
f 698/698/698 712/712/712 713/713/713 
f 712/712/712 714/714/714 713/713/713 
f 713/713/713 714/714/714 714/714/714 
f 714/714/714 698/698/698 714/714/714 
f 714/714/714 698/698/698 698/698/698 
f 698/698/698 713/713/713 698/698/698 
f 698/698/698 713/713/713 697/697/697 
f 713/713/713 697/697/697 697/697/697 
f 697/697/697 697/697/697 715/715/715 
f 697/697/697 715/715/715 715/715/715 
f 715/715/715 715/715/715 716/716/716 
f 715/715/715 717/717/717 716/716/716 
f 716/716/716 717/717/717 718/718/718 
f 717/717/717 719/719/719 718/718/718 
f 718/718/718 719/719/719 718/718/718 
f 719/719/719 720/720/720 718/718/718 
f 718/718/718 720/720/720 718/718/718 
f 720/720/720 721/721/721 718/718/718 
f 718/718/718 721/721/721 718/718/718 
f 721/721/721 722/722/722 718/718/718 
f 718/718/718 722/722/722 716/716/716 
f 722/722/722 716/716/716 716/716/716 
f 716/716/716 716/716/716 717/717/717 
f 716/716/716 717/717/717 717/717/717 
f 717/717/717 717/717/717 719/719/719 
f 717/717/717 723/723/723 719/719/719 
f 719/719/719 723/723/723 723/723/723 
f 723/723/723 724/724/724 723/723/723 
f 723/723/723 724/724/724 724/724/724 
f 724/724/724 725/725/725 724/724/724 
f 724/724/724 725/725/725 726/726/726 
f 725/725/725 727/727/727 726/726/726 
f 726/726/726 727/727/727 728/728/728 
f 727/727/727 729/729/729 728/728/728 
f 728/728/728 729/729/729 730/730/730 
f 729/729/729 729/729/729 730/730/730 
f 730/730/730 729/729/729 731/731/731 
f 729/729/729 732/732/732 731/731/731 
f 731/731/731 732/732/732 733/733/733 
f 732/732/732 734/734/734 733/733/733 
f 733/733/733 734/734/734 735/735/735 
f 734/734/734 735/735/735 735/735/735 
f 735/735/735 735/735/735 726/726/726 
f 735/735/735 726/726/726 726/726/726 
f 726/726/726 726/726/726 724/724/724 
f 726/726/726 728/728/728 724/724/724 
f 724/724/724 728/728/728 728/728/728 
f 728/728/728 734/734/734 728/728/728 
f 728/728/728 734/734/734 734/734/734 
f 734/734/734 732/732/732 734/734/734 
f 734/734/734 732/732/732 736/736/736 
f 732/732/732 737/737/737 736/736/736 
f 736/736/736 737/737/737 738/738/738 
f 737/737/737 737/737/737 738/738/738 
f 738/738/738 737/737/737 739/739/739 
f 737/737/737 727/727/727 739/739/739 
f 739/739/739 727/727/727 725/725/725 
f 727/727/727 725/725/725 725/725/725 
f 725/725/725 725/725/725 732/732/732 
f 725/725/725 732/732/732 732/732/732 
f 732/732/732 732/732/732 737/737/737 
f 732/732/732 729/729/729 737/737/737 
f 737/737/737 729/729/729 727/727/727 
f 729/729/729 727/727/727 727/727/727 
f 727/727/727 727/727/727 736/736/736 
f 727/727/727 736/736/736 736/736/736 
f 736/736/736 736/736/736 740/740/740 
f 736/736/736 738/738/738 740/740/740 
f 740/740/740 738/738/738 738/738/738 
f 738/738/738 741/741/741 738/738/738 
f 738/738/738 741/741/741 741/741/741 
f 741/741/741 742/742/742 741/741/741 
f 741/741/741 742/742/742 743/743/743 
f 742/742/742 744/744/744 743/743/743 
f 743/743/743 744/744/744 745/745/745 
f 744/744/744 746/746/746 745/745/745 
f 745/745/745 746/746/746 746/746/746 
f 746/746/746 747/747/747 746/746/746 
f 746/746/746 747/747/747 747/747/747 
f 747/747/747 748/748/748 747/747/747 
f 747/747/747 748/748/748 749/749/749 
f 748/748/748 750/750/750 749/749/749 
f 749/749/749 750/750/750 751/751/751 
f 750/750/750 750/750/750 751/751/751 
f 751/751/751 750/750/750 752/752/752 
f 750/750/750 753/753/753 752/752/752 
f 752/752/752 753/753/753 754/754/754 
f 753/753/753 755/755/755 754/754/754 
f 754/754/754 755/755/755 756/756/756 
f 755/755/755 757/757/757 756/756/756 
f 756/756/756 757/757/757 758/758/758 
f 757/757/757 759/759/759 758/758/758 
f 758/758/758 759/759/759 760/760/760 
f 759/759/759 760/760/760 760/760/760 
f 760/760/760 760/760/760 748/748/748 
f 760/760/760 748/748/748 748/748/748 
f 748/748/748 748/748/748 750/750/750 
f 748/748/748 761/761/761 750/750/750 
f 750/750/750 761/761/761 753/753/753 
f 761/761/761 762/762/762 753/753/753 
f 753/753/753 762/762/762 755/755/755 
f 762/762/762 763/763/763 755/755/755 
f 755/755/755 763/763/763 757/757/757 
f 763/763/763 764/764/764 757/757/757 
f 757/757/757 764/764/764 759/759/759 
f 764/764/764 759/759/759 759/759/759 
f 759/759/759 759/759/759 763/763/763 
f 759/759/759 763/763/763 763/763/763 
f 763/763/763 763/763/763 764/764/764 
f 763/763/763 765/765/765 764/764/764 
f 764/764/764 765/765/765 766/766/766 
f 765/765/765 767/767/767 766/766/766 
f 766/766/766 767/767/767 768/768/768 
f 767/767/767 768/768/768 768/768/768 
f 768/768/768 768/768/768 769/769/769 
f 768/768/768 769/769/769 769/769/769 
f 769/769/769 769/769/769 770/770/770 
f 769/769/769 771/771/771 770/770/770 
f 770/770/770 771/771/771 772/772/772 
f 771/771/771 773/773/773 772/772/772 
f 772/772/772 773/773/773 774/774/774 
f 773/773/773 774/774/774 774/774/774 
f 774/774/774 774/774/774 775/775/775 
f 774/774/774 775/775/775 775/775/775 
f 775/775/775 775/775/775 776/776/776 
f 775/775/775 777/777/777 776/776/776 
f 776/776/776 777/777/777 778/778/778 
f 777/777/777 779/779/779 778/778/778 
f 778/778/778 779/779/779 780/780/780 
f 779/779/779 781/781/781 780/780/780 
f 780/780/780 781/781/781 782/782/782 
f 781/781/781 782/782/782 782/782/782 
f 782/782/782 782/782/782 783/783/783 
f 782/782/782 783/783/783 783/783/783 
f 783/783/783 783/783/783 784/784/784 
f 783/783/783 785/785/785 784/784/784 
f 784/784/784 785/785/785 786/786/786 
f 785/785/785 787/787/787 786/786/786 
f 786/786/786 787/787/787 788/788/788 
f 787/787/787 789/789/789 788/788/788 
f 788/788/788 789/789/789 788/788/788 
f 789/789/789 790/790/790 788/788/788 
f 788/788/788 790/790/790 791/791/791 
f 790/790/790 792/792/792 791/791/791 
f 791/791/791 792/792/792 792/792/792 
f 792/792/792 784/784/784 792/792/792 
f 792/792/792 784/784/784 784/784/784 
f 784/784/784 786/786/786 784/784/784 
f 784/784/784 786/786/786 793/793/793 
f 786/786/786 794/794/794 793/793/793 
f 793/793/793 794/794/794 795/795/795 
f 794/794/794 796/796/796 795/795/795 
f 795/795/795 796/796/796 797/797/797 
f 796/796/796 796/796/796 797/797/797 
f 797/797/797 796/796/796 798/798/798 
f 796/796/796 796/796/796 798/798/798 
f 798/798/798 796/796/796 799/799/799 
f 796/796/796 791/791/791 799/799/799 
f 799/799/799 791/791/791 799/799/799 
f 791/791/791 792/792/792 799/799/799 
f 799/799/799 792/792/792 799/799/799 
f 792/792/792 800/800/800 799/799/799 
f 799/799/799 800/800/800 801/801/801 
f 800/800/800 802/802/802 801/801/801 
f 801/801/801 802/802/802 802/802/802 
f 802/802/802 786/786/786 802/802/802 
f 802/802/802 786/786/786 786/786/786 
f 786/786/786 788/788/788 786/786/786 
f 786/786/786 788/788/788 794/794/794 
f 788/788/788 791/791/791 794/794/794 
f 794/794/794 791/791/791 796/796/796 
f 791/791/791 796/796/796 796/796/796 
f 796/796/796 796/796/796 798/798/798 
f 796/796/796 798/798/798 798/798/798 
f 798/798/798 798/798/798 801/801/801 
f 798/798/798 799/799/799 801/801/801 
f 801/801/801 799/799/799 799/799/799 
f 799/799/799 803/803/803 799/799/799 
f 799/799/799 803/803/803 803/803/803 
f 803/803/803 804/804/804 803/803/803 
f 803/803/803 804/804/804 805/805/805 
f 804/804/804 806/806/806 805/805/805 
f 805/805/805 806/806/806 805/805/805 
f 806/806/806 807/807/807 805/805/805 
f 805/805/805 807/807/807 808/808/808 
f 807/807/807 808/808/808 808/808/808 
f 808/808/808 808/808/808 809/809/809 
f 808/808/808 809/809/809 809/809/809 
f 809/809/809 809/809/809 810/810/810 
f 809/809/809 811/811/811 810/810/810 
f 810/810/810 811/811/811 812/812/812 
f 811/811/811 813/813/813 812/812/812 
f 812/812/812 813/813/813 489/489/489 
f 813/813/813 491/491/491 489/489/489 
f 489/489/489 491/491/491 491/491/491 
f 491/491/491 810/810/810 491/491/491 
f 491/491/491 810/810/810 810/810/810 
f 810/810/810 812/812/812 810/810/810 
f 810/810/810 812/812/812 814/814/814 
f 812/812/812 812/812/812 814/814/814 
f 814/814/814 812/812/812 490/490/490 
f 812/812/812 489/489/489 490/490/490 
f 490/490/490 489/489/489 489/489/489 
f 489/489/489 815/815/815 489/489/489 
f 489/489/489 815/815/815 815/815/815 
f 815/815/815 816/816/816 815/815/815 
f 815/815/815 816/816/816 817/817/817 
f 816/816/816 818/818/818 817/817/817 
f 817/817/817 818/818/818 819/819/819 
f 818/818/818 818/818/818 819/819/819 
f 819/819/819 818/818/818 820/820/820 
f 818/818/818 821/821/821 820/820/820 
f 820/820/820 821/821/821 822/822/822 
f 821/821/821 823/823/823 822/822/822 
f 822/822/822 823/823/823 824/824/824 
f 823/823/823 823/823/823 824/824/824 
f 824/824/824 823/823/823 825/825/825 
f 823/823/823 826/826/826 825/825/825 
f 825/825/825 826/826/826 825/825/825 
f 826/826/826 827/827/827 825/825/825 
f 825/825/825 827/827/827 825/825/825 
f 827/827/827 828/828/828 825/825/825 
f 825/825/825 828/828/828 829/829/829 
f 828/828/828 830/830/830 829/829/829 
f 829/829/829 830/830/830 830/830/830 
f 830/830/830 826/826/826 830/830/830 
f 830/830/830 826/826/826 826/826/826 
f 826/826/826 823/823/823 826/826/826 
f 826/826/826 823/823/823 831/831/831 
f 823/823/823 821/821/821 831/831/831 
f 831/831/831 821/821/821 832/832/832 
f 821/821/821 818/818/818 832/832/832 
f 832/832/832 818/818/818 816/816/816 
f 818/818/818 816/816/816 816/816/816 
f 816/816/816 816/816/816 824/824/824 
f 816/816/816 824/824/824 824/824/824 
f 824/824/824 824/824/824 829/829/829 
f 824/824/824 825/825/825 829/829/829 
f 829/829/829 825/825/825 825/825/825 
f 825/825/825 833/833/833 825/825/825 
f 825/825/825 833/833/833 833/833/833 
f 833/833/833 834/834/834 833/833/833 
f 833/833/833 834/834/834 835/835/835 
f 834/834/834 836/836/836 835/835/835 
f 835/835/835 836/836/836 837/837/837 
f 836/836/836 836/836/836 837/837/837 
f 837/837/837 836/836/836 838/838/838 
f 836/836/836 836/836/836 838/838/838 
f 838/838/838 836/836/836 839/839/839 
f 836/836/836 836/836/836 839/839/839 
f 839/839/839 836/836/836 840/840/840 
f 836/836/836 834/834/834 840/840/840 
f 840/840/840 834/834/834 841/841/841 
f 834/834/834 841/841/841 841/841/841 
f 841/841/841 841/841/841 842/842/842 
f 841/841/841 842/842/842 842/842/842 
f 842/842/842 842/842/842 843/843/843 
f 842/842/842 844/844/844 843/843/843 
f 843/843/843 844/844/844 845/845/845 
f 844/844/844 846/846/846 845/845/845 
f 845/845/845 846/846/846 847/847/847 
f 846/846/846 848/848/848 847/847/847 
f 847/847/847 848/848/848 847/847/847 
f 848/848/848 849/849/849 847/847/847 
f 847/847/847 849/849/849 850/850/850 
f 849/849/849 851/851/851 850/850/850 
f 850/850/850 851/851/851 852/852/852 
f 851/851/851 853/853/853 852/852/852 
f 852/852/852 853/853/853 853/853/853 
f 853/853/853 843/843/843 853/853/853 
f 853/853/853 843/843/843 843/843/843 
f 843/843/843 845/845/845 843/843/843 
f 843/843/843 845/845/845 854/854/854 
f 845/845/845 855/855/855 854/854/854 
f 854/854/854 855/855/855 856/856/856 
f 855/855/855 857/857/857 856/856/856 
f 856/856/856 857/857/857 858/858/858 
f 857/857/857 858/858/858 858/858/858 
f 858/858/858 858/858/858 844/844/844 
f 858/858/858 844/844/844 844/844/844 
f 844/844/844 844/844/844 846/846/846 
f 844/844/844 842/842/842 846/846/846 
f 846/846/846 842/842/842 842/842/842 
f 842/842/842 852/852/852 842/842/842 
f 842/842/842 852/852/852 852/852/852 
f 852/852/852 857/857/857 852/852/852 
f 852/852/852 857/857/857 850/850/850 
f 857/857/857 855/855/855 850/850/850 
f 850/850/850 855/855/855 847/847/847 
f 855/855/855 845/845/845 847/847/847 
f 847/847/847 845/845/845 845/845/845 
f 845/845/845 859/859/859 845/845/845 
f 845/845/845 859/859/859 859/859/859 
f 859/859/859 860/860/860 859/859/859 
f 859/859/859 860/860/860 861/861/861 
f 860/860/860 860/860/860 861/861/861 
f 861/861/861 860/860/860 862/862/862 
f 860/860/860 863/863/863 862/862/862 
f 862/862/862 863/863/863 864/864/864 
f 863/863/863 864/864/864 864/864/864 
f 864/864/864 864/864/864 865/865/865 
f 864/864/864 865/865/865 865/865/865 
f 865/865/865 865/865/865 866/866/866 
f 865/865/865 867/867/867 866/866/866 
f 866/866/866 867/867/867 868/868/868 
f 867/867/867 869/869/869 868/868/868 
f 868/868/868 869/869/869 868/868/868 
f 869/869/869 870/870/870 868/868/868 
f 868/868/868 870/870/870 871/871/871 
f 870/870/870 872/872/872 871/871/871 
f 871/871/871 872/872/872 873/873/873 
f 872/872/872 874/874/874 873/873/873 
f 873/873/873 874/874/874 875/875/875 
f 874/874/874 876/876/876 875/875/875 
f 875/875/875 876/876/876 877/877/877 
f 876/876/876 878/878/878 877/877/877 
f 877/877/877 878/878/878 878/878/878 
f 878/878/878 866/866/866 878/878/878 
f 878/878/878 866/866/866 866/866/866 
f 866/866/866 868/868/868 866/866/866 
f 866/866/866 868/868/868 879/879/879 
f 868/868/868 871/871/871 879/879/879 
f 879/879/879 871/871/871 880/880/880 
f 871/871/871 873/873/873 880/880/880 
f 880/880/880 873/873/873 881/881/881 
f 873/873/873 875/875/875 881/881/881 
f 881/881/881 875/875/875 882/882/882 
f 875/875/875 877/877/877 882/882/882 
f 882/882/882 877/877/877 877/877/877 
f 877/877/877 881/881/881 877/877/877 
f 877/877/877 881/881/881 881/881/881 
f 881/881/881 882/882/882 881/881/881 
f 881/881/881 882/882/882 883/883/883 
f 882/882/882 884/884/884 883/883/883 
f 883/883/883 884/884/884 885/885/885 
f 884/884/884 886/886/886 885/885/885 
f 885/885/885 886/886/886 886/886/886 
f 886/886/886 887/887/887 886/886/886 
f 886/886/886 887/887/887 887/887/887 
f 887/887/887 888/888/888 887/887/887 
f 887/887/887 888/888/888 889/889/889 
f 888/888/888 890/890/890 889/889/889 
f 889/889/889 890/890/890 891/891/891 
f 890/890/890 892/892/892 891/891/891 
f 891/891/891 892/892/892 892/892/892 
f 892/892/892 893/893/893 892/892/892 
f 892/892/892 893/893/893 893/893/893 
f 893/893/893 894/894/894 893/893/893 
f 893/893/893 894/894/894 895/895/895 
f 894/894/894 896/896/896 895/895/895 
f 895/895/895 896/896/896 897/897/897 
f 896/896/896 898/898/898 897/897/897 
f 897/897/897 898/898/898 899/899/899 
f 898/898/898 900/900/900 899/899/899 
f 899/899/899 900/900/900 900/900/900 
f 900/900/900 901/901/901 900/900/900 
f 900/900/900 901/901/901 901/901/901 
f 901/901/901 902/902/902 901/901/901 
f 901/901/901 902/902/902 903/903/903 
f 902/902/902 904/904/904 903/903/903 
f 903/903/903 904/904/904 905/905/905 
f 904/904/904 906/906/906 905/905/905 
f 905/905/905 906/906/906 907/907/907 
f 906/906/906 906/906/906 907/907/907 
f 907/907/907 906/906/906 908/908/908 
f 906/906/906 909/909/909 908/908/908 
f 908/908/908 909/909/909 910/910/910 
f 909/909/909 910/910/910 910/910/910 
f 910/910/910 910/910/910 902/902/902 
f 910/910/910 902/902/902 902/902/902 
f 902/902/902 902/902/902 904/904/904 
f 902/902/902 911/911/911 904/904/904 
f 904/904/904 911/911/911 912/912/912 
f 911/911/911 913/913/913 912/912/912 
f 912/912/912 913/913/913 914/914/914 
f 913/913/913 915/915/915 914/914/914 
f 914/914/914 915/915/915 914/914/914 
f 915/915/915 916/916/916 914/914/914 
f 914/914/914 916/916/916 914/914/914 
f 916/916/916 917/917/917 914/914/914 
f 914/914/914 917/917/917 909/909/909 
f 917/917/917 917/917/917 909/909/909 
f 909/909/909 917/917/917 910/910/910 
f 917/917/917 917/917/917 910/910/910 
f 910/910/910 917/917/917 918/918/918 
f 917/917/917 919/919/919 918/918/918 
f 918/918/918 919/919/919 920/920/920 
f 919/919/919 920/920/920 920/920/920 
f 920/920/920 920/920/920 904/904/904 
f 920/920/920 904/904/904 904/904/904 
f 904/904/904 904/904/904 906/906/906 
f 904/904/904 912/912/912 906/906/906 
f 906/906/906 912/912/912 909/909/909 
f 912/912/912 914/914/914 909/909/909 
f 909/909/909 914/914/914 914/914/914 
f 914/914/914 916/916/916 914/914/914 
f 914/914/914 916/916/916 916/916/916 
f 916/916/916 919/919/919 916/916/916 
f 916/916/916 919/919/919 917/917/917 
f 919/919/919 917/917/917 917/917/917 
f 917/917/917 917/917/917 921/921/921 
f 917/917/917 921/921/921 921/921/921 
f 921/921/921 921/921/921 922/922/922 
f 921/921/921 923/923/923 922/922/922 
f 922/922/922 923/923/923 924/924/924 
f 923/923/923 923/923/923 924/924/924 
f 924/924/924 923/923/923 925/925/925 
f 923/923/923 926/926/926 925/925/925 
f 925/925/925 926/926/926 926/926/926 
f 926/926/926 927/927/927 926/926/926 
f 926/926/926 927/927/927 927/927/927 
f 927/927/927 928/928/928 927/927/927 
f 927/927/927 928/928/928 929/929/929 
f 928/928/928 930/930/930 929/929/929 
f 929/929/929 930/930/930 931/931/931 
f 930/930/930 930/930/930 931/931/931 
f 931/931/931 930/930/930 932/932/932 
f 930/930/930 930/930/930 932/932/932 
f 932/932/932 930/930/930 933/933/933 
f 930/930/930 930/930/930 933/933/933 
f 933/933/933 930/930/930 934/934/934 
f 930/930/930 928/928/928 934/934/934 
f 934/934/934 928/928/928 935/935/935 
f 928/928/928 935/935/935 935/935/935 
f 935/935/935 935/935/935 936/936/936 
f 935/935/935 936/936/936 936/936/936 
f 936/936/936 936/936/936 937/937/937 
f 936/936/936 938/938/938 937/937/937 
f 937/937/937 938/938/938 937/937/937 
f 938/938/938 939/939/939 937/937/937 
f 937/937/937 939/939/939 937/937/937 
f 939/939/939 940/940/940 937/937/937 
f 937/937/937 940/940/940 941/941/941 
f 940/940/940 941/941/941 941/941/941 
f 941/941/941 941/941/941 942/942/942 
f 941/941/941 942/942/942 942/942/942 
f 942/942/942 942/942/942 943/943/943 
f 942/942/942 944/944/944 943/943/943 
f 943/943/943 944/944/944 943/943/943 
f 944/944/944 945/945/945 943/943/943 
f 943/943/943 945/945/945 943/943/943 
f 945/945/945 946/946/946 943/943/943 
f 943/943/943 946/946/946 947/947/947 
f 946/946/946 947/947/947 947/947/947 
f 947/947/947 947/947/947 948/948/948 
f 947/947/947 948/948/948 948/948/948 
f 948/948/948 948/948/948 949/949/949 
f 948/948/948 950/950/950 949/949/949 
f 949/949/949 950/950/950 949/949/949 
f 950/950/950 951/951/951 949/949/949 
f 949/949/949 951/951/951 949/949/949 
f 951/951/951 952/952/952 949/949/949 
f 949/949/949 952/952/952 953/953/953 
f 952/952/952 953/953/953 953/953/953 
f 953/953/953 953/953/953 954/954/954 
f 953/953/953 954/954/954 954/954/954 
f 954/954/954 954/954/954 955/955/955 
f 954/954/954 956/956/956 955/955/955 
f 955/955/955 956/956/956 955/955/955 
f 956/956/956 957/957/957 955/955/955 
f 955/955/955 957/957/957 955/955/955 
f 957/957/957 958/958/958 955/955/955 
f 955/955/955 958/958/958 955/955/955 
f 958/958/958 959/959/959 955/955/955 
f 955/955/955 959/959/959 955/955/955 
f 959/959/959 960/960/960 955/955/955 
f 955/955/955 960/960/960 961/961/961 
f 960/960/960 961/961/961 961/961/961 
f 961/961/961 961/961/961 962/962/962 
f 961/961/961 962/962/962 962/962/962 
f 962/962/962 962/962/962 963/963/963 
f 962/962/962 964/964/964 963/963/963 
f 963/963/963 964/964/964 965/965/965 
f 964/964/964 966/966/966 965/965/965 

