mtllib model_80.mtl
o model_80
v -202.0489959716797 -119.63142395019531 1057.226806640625 
v -214.82418823242188 -119.40673828125 1056.4385986328125 
v -194.49423217773438 -146.8185577392578 1049.2667236328125 
v -216.26724243164062 -146.5938720703125 1040.7548828125 
v -225.81680297851562 -113.3402099609375 1040.676025390625 
v -220.51148986816406 -146.59388732910156 1011.83056640625 
v -229.8912811279297 -111.5427017211914 1011.8305053710938 
v -225.81680297851562 -113.34021759033203 983.0638427734375 
v -224.7133026123047 -93.56775665283203 981.2510986328125 
v -231.20700073242188 -93.1183853149414 1011.8305053710938 
v -224.7133026123047 -93.5677490234375 1042.48876953125 
v -216.81900024414062 -65.9312515258789 1020.8939819335938 
v -220.4690399169922 -83.45682525634766 1047.138671875 
v -205.31707763671875 -70.64967346191406 1025.622802734375 
v -220.04461669921875 -65.9312515258789 1011.8305053710938 
v -216.81900024414062 -65.9312515258789 1002.8458251953125 
v -220.4690399169922 -83.45683288574219 976.6011352539062 
v -205.31707763671875 -70.64967346191406 998.1170654296875 
v -214.82418823242188 -119.40675354003906 967.30126953125 
v -216.26724243164062 -146.59388732910156 982.9850463867188 
v -202.0489959716797 -119.63143920898438 966.5131225585938 
v -194.49423217773438 -146.81857299804688 974.4732055664062 
v -210.32528686523438 -169.7366485595703 984.8765258789062 
v -216.30967712402344 -169.7366485595703 1011.83056640625 
v -207.0996551513672 -203.2150115966797 985.7434692382812 
v -216.73410034179688 -202.99032592773438 1011.83056640625 
v -207.0996551513672 -203.21499633789062 1037.9964599609375 
v -210.32528686523438 -169.7366485595703 1038.8634033203125 
v -185.11444091796875 -203.66436767578125 1048.87255859375 
v -188.0005340576172 -170.18601989746094 1048.08447265625 
v -188.0005340576172 -170.18601989746094 975.6553955078125 
v -185.11444091796875 -203.6643829345703 974.8673095703125 
v -202.0489959716797 -119.63142395019531 1057.226806640625 
v -185.11444091796875 -102.33053588867188 1053.601318359375 
v -170.853759765625 -111.54269409179688 1045.0107421875 
v -184.1807098388672 -92.21961212158203 1042.2523193359375 
v -199.54489135742188 -80.31119537353516 1048.3209228515625 
v -194.49423217773438 -146.8185577392578 1049.2667236328125 
v -165.8879852294922 -146.5938720703125 1037.760009765625 
v -188.0005340576172 -170.18601989746094 1048.08447265625 
v -165.2089080810547 -169.7366485595703 1037.6024169921875 
v -164.78448486328125 -203.21499633789062 1037.6024169921875 
v -157.69659423828125 -202.99032592773438 1011.83056640625 
v -160.45535278320312 -169.7366485595703 1011.83056640625 
v -165.2089080810547 -169.7366485595703 986.1375122070312 
v -164.78448486328125 -203.2150115966797 986.1375122070312 
v -188.0005340576172 -170.18601989746094 975.6553955078125 
v -185.11444091796875 -203.6643829345703 974.8673095703125 
v -185.11444091796875 -203.66436767578125 1048.87255859375 
v -165.8879852294922 -146.59388732910156 985.9799194335938 
v -194.49423217773438 -146.81857299804688 974.4732055664062 
v -170.853759765625 -111.54270935058594 978.7291259765625 
v -202.0489959716797 -119.63143920898438 966.5131225585938 
v -185.11444091796875 -102.33055114746094 970.1384887695312 
v -184.1807098388672 -92.21961975097656 981.487548828125 
v -199.54489135742188 -80.31121063232422 975.4189453125 
v -192.71165466308594 -75.1434097290039 1002.1365356445312 
v -205.31707763671875 -70.64967346191406 998.1170654296875 
v -220.4690399169922 -83.45683288574219 976.6011352539062 
v -192.71165466308594 -75.1434097290039 1011.8305053710938 
v -182.01614379882812 -90.64682006835938 1011.8305053710938 
v -165.54844665527344 -111.5427017211914 1011.8305053710938 
v -161.00711059570312 -146.59388732910156 1011.83056640625 
v -192.71165466308594 -75.1434097290039 1021.6033325195312 
v -205.31707763671875 -70.64967346191406 1025.622802734375 
v -220.4690399169922 -83.45682525634766 1047.138671875 
v -188.63717651367188 -160.9738311767578 1077.7181396484375 
v -200.6908416748047 -160.07508850097656 1080.08251953125 
v -189.8255615234375 -154.68260192871094 1076.9300537109375 
v -202.4309844970703 -153.7838592529297 1079.29443359375 
v -193.26339721679688 -141.4260711669922 1077.40283203125 
v -207.6089630126953 -139.62857055664062 1078.3486328125 
v -199.75711059570312 -111.31800842285156 1075.5902099609375 
v -213.5084686279297 -111.09332275390625 1074.7232666015625 
v -199.03558349609375 -101.43179321289062 1074.5655517578125 
v -216.30967712402344 -104.35270690917969 1073.3834228515625 
v -215.46083068847656 -94.0171127319336 1072.1224365234375 
v -202.85540771484375 -90.87149047851562 1072.674072265625 
v -201.62457275390625 -86.37775421142578 1063.0589599609375 
v -191.1837158203125 -101.88116455078125 1062.349609375 
v -185.11444091796875 -102.33053588867188 1053.601318359375 
v -199.54489135742188 -80.31119537353516 1048.3209228515625 
v -218.68646240234375 -88.6246109008789 1059.4334716796875 
v -220.4690399169922 -83.45682525634766 1047.138671875 
v -193.6029510498047 -115.5870590209961 1064.87158203125 
v -188.72206115722656 -145.0210418701172 1067.3148193359375 
v -186.5999298095703 -157.3788299560547 1067.472412109375 
v -185.66619873046875 -164.11944580078125 1068.7333984375 
v -194.57911682128906 -166.3663330078125 1062.1920166015625 
v -195.93728637695312 -159.1763458251953 1060.4581298828125 
v -198.90826416015625 -146.8185577392578 1058.2513427734375 
v -202.0489959716797 -119.63142395019531 1057.226806640625 
v -214.82418823242188 -119.40673828125 1056.4385986328125 
v -211.8532257080078 -144.79637145996094 1058.7242431640625 
v -221.31790161132812 -115.36237335205078 1063.610595703125 
v -217.0736541748047 -141.2013702392578 1069.206298828125 
v -208.37294006347656 -158.05291748046875 1062.9012451171875 
v -211.68345642089844 -155.5813446044922 1072.280029296875 
v -206.54791259765625 -165.46755981445312 1064.4775390625 
v -209.64620971679688 -162.54664611816406 1073.3045654296875 
v -200.6908416748047 -160.07508850097656 1080.08251953125 
v -202.4309844970703 -153.7838592529297 1079.29443359375 
v -207.6089630126953 -139.62857055664062 1078.3486328125 
v -213.5084686279297 -111.09332275390625 1074.7232666015625 
v -223.65223693847656 -99.1849136352539 1059.9852294921875 
v -224.7133026123047 -93.5677490234375 1042.48876953125 
v -216.30967712402344 -104.35270690917969 1073.3834228515625 
v -215.46083068847656 -94.0171127319336 1072.1224365234375 
v -218.68646240234375 -88.6246109008789 1059.4334716796875 
v -220.4690399169922 -83.45682525634766 1047.138671875 
v -171.53285217285156 -233.9971160888672 1089.3824462890625 
v -173.9096221923828 -228.15524291992188 1088.673095703125 
v -176.03175354003906 -236.019287109375 1085.2841796875 
v -178.9178466796875 -230.40213012695312 1084.2596435546875 
v -173.8671875 -235.12054443359375 1079.7672119140625 
v -176.75326538085938 -229.9527587890625 1078.269775390625 
v -199.247802734375 -189.95846557617188 1077.087646484375 
v -190.5895233154297 -185.6894073486328 1084.023193359375 
v -197.16812133789062 -168.3885040283203 1081.2646484375 
v -206.8025665283203 -172.432861328125 1075.82666015625 
v -200.6908416748047 -160.07508850097656 1080.08251953125 
v -209.64620971679688 -162.54664611816406 1073.3045654296875 
v -204.25601196289062 -177.3759765625 1068.1029052734375 
v -206.54791259765625 -165.46755981445312 1064.4775390625 
v -194.57911682128906 -166.3663330078125 1062.1920166015625 
v -192.2872314453125 -178.27474975585938 1064.4775390625 
v -186.21795654296875 -191.30657958984375 1064.87158203125 
v -196.99835205078125 -192.87937927246094 1067.7877197265625 
v -169.5804901123047 -227.25650024414062 1076.61474609375 
v -167.20370483398438 -232.42430114746094 1078.269775390625 
v -162.70480346679688 -230.40213012695312 1082.3680419921875 
v -164.5298309326172 -225.00962829589844 1080.949462890625 
v -177.26258850097656 -187.03753662109375 1071.334228515625 
v -182.52545166015625 -174.45506286621094 1069.1275634765625 
v -185.66619873046875 -164.11944580078125 1068.7333984375 
v -184.77490234375 -169.28724670410156 1077.7969970703125 
v -188.63717651367188 -160.9738311767578 1077.7181396484375 
v -200.6908416748047 -160.07508850097656 1080.08251953125 
v -197.16812133789062 -168.3885040283203 1081.2646484375 
v -190.5895233154297 -185.6894073486328 1084.023193359375 
v -179.25738525390625 -184.11659240722656 1081.0283203125 
v -166.65196228027344 -225.23431396484375 1087.01806640625 
v -164.86936950683594 -231.30087280273438 1087.885009765625 
v -171.53285217285156 -233.9971160888672 1089.3824462890625 
v -173.9096221923828 -228.15524291992188 1088.673095703125 
v -185.11444091796875 -203.66436767578125 1048.87255859375 
v -203.8740234375 -225.9084014892578 1047.6904296875 
v -207.0996551513672 -203.21499633789062 1037.9964599609375 
v -212.8293914794922 -223.66151428222656 1036.89306640625 
v -184.47781372070312 -222.3134002685547 1050.76416015625 
v -203.36471557617188 -266.57672119140625 1049.7396240234375 
v -186.21795654296875 -265.2286071777344 1052.89208984375 
v -201.79434204101562 -314.43505859375 1046.50830078125 
v -191.31105041503906 -316.9066162109375 1047.217529296875 
v -194.2820281982422 -332.4100341796875 1046.74462890625 
v -204.72288513183594 -328.36566162109375 1046.1141357421875 
v -211.9805450439453 -326.7928466796875 1038.3116455078125 
v -208.8397979736328 -313.7610168457031 1038.548095703125 
v -211.81077575683594 -328.8150329589844 1027.9871826171875 
v -212.48985290527344 -273.3173522949219 1038.23291015625 
v -213.55091857910156 -238.49085998535156 1036.2625732421875 
v -217.49807739257812 -221.86402893066406 1024.2042236328125 
v -220.2568359375 -221.18995666503906 1011.83056640625 
v -216.73410034179688 -202.99032592773438 1011.83056640625 
v -207.0996551513672 -203.2150115966797 985.7434692382812 
v -217.49807739257812 -221.86402893066406 999.5357666015625 
v -214.99395751953125 -245.23146057128906 1011.83056640625 
v -212.5323028564453 -245.45614624023438 1006.5501098632812 
v -212.5323028564453 -245.45614624023438 1017.1898193359375 
v -209.17933654785156 -253.0955047607422 1024.677001953125 
v -208.9246826171875 -281.8554382324219 1025.3076171875 
v -208.54270935058594 -315.5585021972656 1028.0660400390625 
v -204.2984619140625 -333.0840759277344 1021.1304931640625 
v -201.03038024902344 -318.47943115234375 1021.0516967773438 
v -194.53668212890625 -287.02325439453125 1018.1356201171875 
v -192.96630859375 -261.408935546875 1018.2144165039062 
v -192.3296661376953 -245.905517578125 1019.0025024414062 
v -193.26339721679688 -245.905517578125 1011.83056640625 
v -192.3296661376953 -245.905517578125 1004.7373657226562 
v -192.96630859375 -261.408935546875 1005.5255126953125 
v -209.17933654785156 -253.0955047607422 999.0628662109375 
v -194.53668212890625 -287.02325439453125 1005.6043701171875 
v -208.9246826171875 -281.85546875 998.432373046875 
v -201.03038024902344 -318.47943115234375 1002.6882934570312 
v -213.55091857910156 -238.49087524414062 987.4773559570312 
v -212.8293914794922 -223.66152954101562 986.8468627929688 
v -203.8740234375 -225.9084014892578 976.0494995117188 
v -185.11444091796875 -203.6643829345703 974.8673095703125 
v -184.47781372070312 -222.31341552734375 972.9757690429688 
v -203.36471557617188 -266.5767517089844 974.0003662109375 
v -186.21795654296875 -265.2286376953125 970.8478393554688 
v -201.79434204101562 -314.43505859375 977.231689453125 
v -191.31105041503906 -316.9066162109375 976.5223999023438 
v -194.2820281982422 -332.4100341796875 976.9952392578125 
v -204.72288513183594 -328.36566162109375 977.6257934570312 
v -211.9805450439453 -326.7928466796875 985.42822265625 
v -208.8397979736328 -313.7610168457031 985.1918334960938 
v -211.81077575683594 -328.8150329589844 995.7527465820312 
v -212.48985290527344 -273.3173522949219 985.507080078125 
v -208.54270935058594 -315.5585021972656 995.6739501953125 
v -204.2984619140625 -333.0840759277344 1002.6094360351562 
v -211.81077575683594 -328.8150329589844 1027.9871826171875 
v -204.2984619140625 -333.0840759277344 1021.1304931640625 
v -213.8480224609375 -344.99249267578125 1027.6719970703125 
v -206.335693359375 -348.8121643066406 1020.7364501953125 
v -206.67523193359375 -373.3030700683594 1019.633056640625 
v -216.73410034179688 -370.8315124511719 1025.3076171875 
v -204.2135772705078 -446.1016540527344 1024.5194091796875 
v -211.17413330078125 -445.65228271484375 1027.908447265625 
v -219.28065490722656 -370.38214111328125 1035.3167724609375 
v -213.1689453125 -445.65228271484375 1034.6075439453125 
v -211.9805450439453 -326.7928466796875 1038.3116455078125 
v -214.10267639160156 -343.19500732421875 1037.8388671875 
v -206.9723358154297 -344.31842041015625 1045.641357421875 
v -212.91427612304688 -372.17962646484375 1044.0650634765625 
v -208.96713256835938 -445.876953125 1040.36083984375 
v -201.11526489257812 -375.3252258300781 1046.3505859375 
v -196.53147888183594 -347.6887512207031 1046.2718505859375 
v -194.2820281982422 -332.4100341796875 1046.74462890625 
v -204.72288513183594 -328.36566162109375 1046.1141357421875 
v -202.21876525878906 -445.4275817871094 1042.0947265625 
v -206.335693359375 -348.8121643066406 1020.7364501953125 
v -204.2984619140625 -333.0840759277344 1021.1304931640625 
v -195.89483642578125 -352.1824951171875 1021.366943359375 
v -193.85760498046875 -337.1284484863281 1021.760986328125 
v -186.5999298095703 -338.7012634277344 1029.484619140625 
v -188.76449584960938 -353.305908203125 1029.090576171875 
v -189.01914978027344 -351.2837219238281 1039.3363037109375 
v -190.88662719726562 -378.021484375 1040.6761474609375 
v -201.11526489257812 -375.3252258300781 1046.3505859375 
v -202.21876525878906 -445.4275817871094 1042.0947265625 
v -196.36170959472656 -442.9560241699219 1037.6024169921875 
v -188.29763793945312 -378.4708557128906 1030.430419921875 
v -194.876220703125 -376.6733703613281 1021.6821899414062 
v -206.67523193359375 -373.3030700683594 1019.633056640625 
v -197.59254455566406 -445.4275817871094 1026.095703125 
v -204.2135772705078 -446.1016540527344 1024.5194091796875 
v -186.7696990966797 -336.6790771484375 1039.8092041015625 
v -194.2820281982422 -332.4100341796875 1046.74462890625 
v -196.53147888183594 -347.6887512207031 1046.2718505859375 
v -194.876220703125 -442.9560241699219 1032.558349609375 
v -201.03038024902344 -318.47943115234375 1021.0516967773438 
v -204.2984619140625 -333.0840759277344 1021.1304931640625 
v -190.5895233154297 -320.95098876953125 1021.760986328125 
v -193.85760498046875 -337.1284484863281 1021.760986328125 
v -186.5999298095703 -338.7012634277344 1029.484619140625 
v -194.53668212890625 -287.02325439453125 1018.1356201171875 
v -177.68701171875 -285.450439453125 1021.2092895507812 
v -192.96630859375 -261.408935546875 1018.2144165039062 
v -173.9945068359375 -257.8139343261719 1021.1304931640625 
v -192.3296661376953 -245.905517578125 1019.0025024414062 
v -171.957275390625 -245.905517578125 1018.1355590820312 
v -170.0897979736328 -246.35491943359375 1011.83056640625 
v -193.26339721679688 -245.905517578125 1011.83056640625 
v -192.3296661376953 -245.905517578125 1004.7373657226562 
v -171.957275390625 -245.905517578125 1005.6043090820312 
v -173.9945068359375 -257.8139343261719 1002.6094360351562 
v -192.96630859375 -261.408935546875 1005.5255126953125 
v -177.68701171875 -285.450439453125 1002.5306396484375 
v -194.53668212890625 -287.02325439453125 1005.6043701171875 
v -190.5895233154297 -320.95098876953125 1001.9789428710938 
v -201.03038024902344 -318.47943115234375 1002.6882934570312 
v -204.2984619140625 -333.0840759277344 1002.6094360351562 
v -193.85760498046875 -337.1284484863281 1001.9789428710938 
v -186.5999298095703 -338.7012634277344 994.2553100585938 
v -183.5016326904297 -321.62506103515625 994.09765625 
v -186.7696990966797 -336.6790771484375 983.9307861328125 
v -168.39210510253906 -278.4851379394531 991.102783203125 
v -164.19029235839844 -244.78208923339844 992.36376953125 
v -163.1716766357422 -221.6393280029297 999.0628662109375 
v -160.28558349609375 -221.86402893066406 1011.83056640625 
v -157.69659423828125 -202.99032592773438 1011.83056640625 
v -163.1716766357422 -221.6393280029297 1024.677001953125 
v -164.78448486328125 -203.2150115966797 986.1375122070312 
v -168.60430908203125 -230.17745971679688 979.4384765625 
v -171.8723907470703 -270.1717224121094 978.0198364257812 
v -183.75628662109375 -319.82757568359375 983.6155395507812 
v -194.2820281982422 -332.4100341796875 976.9952392578125 
v -191.31105041503906 -316.9066162109375 976.5223999023438 
v -186.21795654296875 -265.2286376953125 970.8478393554688 
v -184.47781372070312 -222.31341552734375 972.9757690429688 
v -185.11444091796875 -203.6643829345703 974.8673095703125 
v -164.78448486328125 -203.21499633789062 1037.6024169921875 
v -168.60430908203125 -230.1774444580078 1044.301513671875 
v -164.19029235839844 -244.78208923339844 1031.3760986328125 
v -171.8723907470703 -270.1717224121094 1045.7200927734375 
v -186.21795654296875 -265.2286071777344 1052.89208984375 
v -191.31105041503906 -316.9066162109375 1047.217529296875 
v -185.11444091796875 -203.66436767578125 1048.87255859375 
v -184.47781372070312 -222.3134002685547 1050.76416015625 
v -168.39210510253906 -278.4851379394531 1032.63720703125 
v -183.75628662109375 -319.8275451660156 1040.1243896484375 
v -194.2820281982422 -332.4100341796875 1046.74462890625 
v -186.7696990966797 -336.6790771484375 1039.8092041015625 
v -183.5016326904297 -321.62506103515625 1029.642333984375 
v -188.89183044433594 -62.33625411987305 1020.7363891601562 
v -200.5635223388672 -56.943748474121094 1025.14990234375 
v -188.5098419189453 -54.69689178466797 1029.878662109375 
v -199.9693145751953 -38.74411392211914 1033.1099853515625 
v -203.40716552734375 -46.608158111572266 1031.1396484375 
v -214.27244567871094 -47.731590270996094 1026.804931640625 
v -209.17933654785156 -40.76628494262695 1032.400634765625 
v -218.21958923339844 -36.2725715637207 1029.878662109375 
v -210.0706329345703 -31.104753494262695 1031.53369140625 
v -212.7020721435547 -28.183837890625 1039.5726318359375 
v -201.9216766357422 -30.65538215637207 1033.740478515625 
v -213.2962646484375 -53.348777770996094 1020.4999389648438 
v -217.54051208496094 -53.348777770996094 1034.3709716796875 
v -216.5643310546875 -61.66219711303711 1025.8592529296875 
v -217.1160888671875 -38.51942825317383 1032.08544921875 
v -218.09226989746094 -19.421051025390625 1034.134521484375 
v -201.9216766357422 -30.65538215637207 1033.740478515625 
v -201.53968811035156 -25.936935424804688 1036.1837158203125 
v -200.0117645263672 -11.78169059753418 1029.6422119140625 
v -215.8003692626953 -14.702604293823242 1028.696533203125 
v -200.0117645263672 -5.490447044372559 1011.8305053710938 
v -221.65744018554688 -9.759474754333496 1011.8305053710938 
v -229.46685791015625 -24.81351089477539 1011.8305053710938 
v -222.718505859375 -43.237876892089844 1025.071044921875 
v -227.2598419189453 -45.48473358154297 1011.8305053710938 
v -228.5331268310547 -60.08939743041992 1011.8305053710938 
v -173.48519897460938 -49.529075622558594 1011.8305053710938 
v -174.20672607421875 -63.68436813354492 1011.8305053710938 
v -174.673583984375 -62.78562545776367 1018.8448486328125 
v -188.42495727539062 -64.13374328613281 1011.8305053710938 
v -188.89183044433594 -62.33625411987305 1020.7363891601562 
v -188.5098419189453 -54.69689178466797 1029.878662109375 
v -177.2201385498047 -54.69689178466797 1024.677001953125 
v -177.17770385742188 -41.889713287353516 1025.622802734375 
v -173.9945068359375 -35.823204040527344 1011.8305053710938 
v -173.2305450439453 -47.28221893310547 1015.613525390625 
v -168.01011657714844 -46.158790588378906 1011.8305053710938 
v -199.9693145751953 -38.74411392211914 1033.1099853515625 
v -177.55967712402344 -31.778810501098633 1026.804931640625 
v -172.25436401367188 -29.08258628845215 1011.8305053710938 
v -180.8277587890625 -14.702605247497559 1024.9923095703125 
v -176.62594604492188 -11.781693458557129 1011.8305053710938 
v -200.0117645263672 -11.78169059753418 1029.6422119140625 
v -200.0117645263672 -5.490447044372559 1011.8305053710938 
v -201.9216766357422 -30.65538215637207 1033.740478515625 
v -201.53968811035156 -25.936935424804688 1036.1837158203125 
v -203.40716552734375 -46.608158111572266 1031.1396484375 
v -209.17933654785156 -40.76628494262695 1032.400634765625 
v -209.85842895507812 -40.990970611572266 1034.686279296875 
v -210.0706329345703 -31.104753494262695 1031.53369140625 
v -210.7497100830078 -31.329439163208008 1034.9227294921875 
v -201.9216766357422 -30.65538215637207 1033.740478515625 
v -202.6007537841797 -31.329437255859375 1036.34130859375 
v -199.9693145751953 -38.74411392211914 1033.1099853515625 
v -188.63717651367188 -160.97384643554688 946.0217895507812 
v -200.6908416748047 -160.07510375976562 943.6574096679688 
v -189.8255615234375 -154.6826171875 946.8098754882812 
v -202.4309844970703 -153.78387451171875 944.4454956054688 
v -193.26339721679688 -141.4261016845703 946.3370361328125 
v -207.6089630126953 -139.6285858154297 945.3912353515625 
v -199.75711059570312 -111.31803131103516 948.1497192382812 
v -213.5084686279297 -111.09333801269531 949.0166625976562 
v -199.03558349609375 -101.43180847167969 949.1742553710938 
v -216.30967712402344 -104.35272216796875 950.3564453125 
v -215.46083068847656 -94.01713562011719 951.6174926757812 
v -202.85540771484375 -90.87151336669922 951.0657958984375 
v -201.62457275390625 -86.37776947021484 960.6809692382812 
v -191.1837158203125 -101.88117980957031 961.3902587890625 
v -185.11444091796875 -102.33055114746094 970.1384887695312 
v -199.54489135742188 -80.31121063232422 975.4189453125 
v -218.68646240234375 -88.62462615966797 964.3063354492188 
v -220.4690399169922 -83.45683288574219 976.6011352539062 
v -193.6029510498047 -115.58707427978516 958.8682861328125 
v -188.72206115722656 -145.0210723876953 956.425048828125 
v -186.5999298095703 -157.37884521484375 956.2674560546875 
v -185.66619873046875 -164.1194610595703 955.0064697265625 
v -194.57911682128906 -166.36634826660156 961.5479125976562 
v -195.93728637695312 -159.17636108398438 963.2817993164062 
v -198.90826416015625 -146.81857299804688 965.488525390625 
v -211.8532257080078 -144.79638671875 965.0156860351562 
v -214.82418823242188 -119.40675354003906 967.30126953125 
v -221.31790161132812 -115.36238861083984 960.1292724609375 
v -224.7133026123047 -93.56775665283203 981.2510986328125 
v -223.65223693847656 -99.18492889404297 963.754638671875 
v -218.68646240234375 -88.62462615966797 964.3063354492188 
v -220.4690399169922 -83.45683288574219 976.6011352539062 
v -202.0489959716797 -119.63143920898438 966.5131225585938 
v -215.46083068847656 -94.01713562011719 951.6174926757812 
v -216.30967712402344 -104.35272216796875 950.3564453125 
v -213.5084686279297 -111.09333801269531 949.0166625976562 
v -217.0736541748047 -141.20138549804688 954.5335693359375 
v -208.37294006347656 -158.0529327392578 960.838623046875 
v -206.54791259765625 -165.4675750732422 959.2623291015625 
v -211.68345642089844 -155.58135986328125 951.4598388671875 
v -209.64620971679688 -162.5466766357422 950.435302734375 
v -200.6908416748047 -160.07510375976562 943.6574096679688 
v -202.4309844970703 -153.78387451171875 944.4454956054688 
v -207.6089630126953 -139.6285858154297 945.3912353515625 
v -171.53285217285156 -233.9971466064453 934.3574829101562 
v -176.03175354003906 -236.01931762695312 938.4557495117188 
v -173.9096221923828 -228.1552734375 935.0667724609375 
v -178.9178466796875 -230.4021453857422 939.4802856445312 
v -190.5895233154297 -185.68943786621094 939.7167358398438 
v -199.247802734375 -189.95849609375 946.6522827148438 
v -197.16812133789062 -168.38851928710938 942.4752197265625 
v -206.8025665283203 -172.43289184570312 947.9132690429688 
v -200.6908416748047 -160.07510375976562 943.6574096679688 
v -209.64620971679688 -162.5466766357422 950.435302734375 
v -173.8671875 -235.12057495117188 943.97265625 
v -176.75326538085938 -229.95277404785156 945.4700927734375 
v -196.99835205078125 -192.87939453125 955.9522094726562 
v -204.25601196289062 -177.37599182128906 955.636962890625 
v -206.54791259765625 -165.4675750732422 959.2623291015625 
v -194.57911682128906 -166.36634826660156 961.5479125976562 
v -192.2872314453125 -178.27476501464844 959.2623291015625 
v -182.52545166015625 -174.455078125 954.6123657226562 
v -185.66619873046875 -164.1194610595703 955.0064697265625 
v -184.77490234375 -169.28726196289062 945.9429321289062 
v -188.63717651367188 -160.97384643554688 946.0217895507812 
v -200.6908416748047 -160.07510375976562 943.6574096679688 
v -197.16812133789062 -168.38851928710938 942.4752197265625 
v -190.5895233154297 -185.68943786621094 939.7167358398438 
v -179.25738525390625 -184.11660766601562 942.7116088867188 
v -173.9096221923828 -228.1552734375 935.0667724609375 
v -167.20370483398438 -232.42431640625 945.4700927734375 
v -177.26258850097656 -187.0375518798828 952.4056396484375 
v -186.21795654296875 -191.3065948486328 958.8682861328125 
v -169.5804901123047 -227.25653076171875 947.1251831054688 
v -162.70480346679688 -230.4021453857422 941.371826171875 
v -164.5298309326172 -225.0096435546875 942.7904663085938 
v -166.65196228027344 -225.2343292236328 936.7218627929688 
v -171.53285217285156 -233.9971466064453 934.3574829101562 
v -164.86936950683594 -231.30088806152344 935.8549194335938 
v -206.335693359375 -348.8121643066406 1003.0035400390625 
v -213.8480224609375 -344.99249267578125 996.0679931640625 
v -204.2984619140625 -333.0840759277344 1002.6094360351562 
v -211.81077575683594 -328.8150329589844 995.7527465820312 
v -211.9805450439453 -326.7928466796875 985.42822265625 
v -206.67523193359375 -373.3030700683594 1004.10693359375 
v -216.73410034179688 -370.8315124511719 998.432373046875 
v -214.10267639160156 -343.19500732421875 985.901123046875 
v -219.28065490722656 -370.38214111328125 988.4231567382812 
v -206.9723358154297 -344.3184509277344 978.0986328125 
v -204.72288513183594 -328.36566162109375 977.6257934570312 
v -194.2820281982422 -332.4100341796875 976.9952392578125 
v -196.53147888183594 -347.6887512207031 977.4681396484375 
v -212.91427612304688 -372.17962646484375 979.6749267578125 
v -213.1689453125 -445.65228271484375 989.1324462890625 
v -211.17413330078125 -445.65228271484375 995.83154296875 
v -204.2135772705078 -446.1016540527344 999.2205200195312 
v -208.96713256835938 -445.876953125 983.379150390625 
v -201.11526489257812 -375.32525634765625 977.3893432617188 
v -202.21876525878906 -445.4275817871094 981.645263671875 
v -206.335693359375 -348.8121643066406 1003.0035400390625 
v -195.89483642578125 -352.1824951171875 1002.373046875 
v -204.2984619140625 -333.0840759277344 1002.6094360351562 
v -193.85760498046875 -337.1284484863281 1001.9789428710938 
v -186.5999298095703 -338.7012634277344 994.2553100585938 
v -188.76449584960938 -353.305908203125 994.6493530273438 
v -189.01914978027344 -351.2837219238281 984.4036865234375 
v -190.88662719726562 -378.021484375 983.0638427734375 
v -201.11526489257812 -375.32525634765625 977.3893432617188 
v -202.21876525878906 -445.4275817871094 981.645263671875 
v -196.36170959472656 -442.9560241699219 986.1375732421875 
v -188.29763793945312 -378.4708557128906 993.3095703125 
v -194.876220703125 -376.6733703613281 1002.0578002929688 
v -206.67523193359375 -373.3030700683594 1004.10693359375 
v -197.59254455566406 -445.4275817871094 997.644287109375 
v -204.2135772705078 -446.1016540527344 999.2205200195312 
v -186.7696990966797 -336.6790771484375 983.9307861328125 
v -194.2820281982422 -332.4100341796875 976.9952392578125 
v -196.53147888183594 -347.6887512207031 977.4681396484375 
v -194.876220703125 -442.9560241699219 991.1815795898438 
v -201.9216766357422 -30.65538787841797 989.9993286132812 
v -210.0706329345703 -31.104759216308594 992.2061157226562 
v -212.7020721435547 -28.183847427368164 984.1671752929688 
v -217.1160888671875 -38.51943588256836 991.6544189453125 
v -218.09226989746094 -19.421056747436523 989.6052856445312 
v -201.9216766357422 -30.65538787841797 989.9993286132812 
v -201.53968811035156 -25.93694305419922 987.55615234375 
v -200.0117645263672 -11.781696319580078 994.0975952148438 
v -215.8003692626953 -14.70261001586914 995.0433959960938 
v -200.0117645263672 -5.490447044372559 1011.8305053710938 
v -221.65744018554688 -9.759474754333496 1011.8305053710938 
v -229.46685791015625 -24.81351089477539 1011.8305053710938 
v -222.718505859375 -43.23788070678711 998.6687622070312 
v -227.2598419189453 -45.48473358154297 1011.8305053710938 
v -228.5331268310547 -60.08939743041992 1011.8305053710938 
v -216.5643310546875 -61.662200927734375 997.880615234375 
v -217.54051208496094 -53.348785400390625 989.3688354492188 
v -218.21958923339844 -36.272579193115234 993.8612060546875 
v -209.17933654785156 -40.766292572021484 991.3391723632812 
v -214.27244567871094 -47.73159408569336 996.9348754882812 
v -203.40716552734375 -46.6081657409668 992.6001586914062 
v -200.5635223388672 -56.94375228881836 998.5899658203125 
v -199.9693145751953 -38.74412155151367 990.6298217773438 
v -188.5098419189453 -54.6968994140625 993.8612060546875 
v -188.89183044433594 -62.33625793457031 1003.0034790039062 
v -213.2962646484375 -53.34878158569336 1003.2399291992188 
v -173.48519897460938 -49.529075622558594 1011.8305053710938 
v -174.20672607421875 -63.68436813354492 1011.8305053710938 
v -174.673583984375 -62.78562927246094 1004.89501953125 
v -188.42495727539062 -64.13374328613281 1011.8305053710938 
v -188.89183044433594 -62.33625793457031 1003.0034790039062 
v -188.5098419189453 -54.6968994140625 993.8612060546875 
v -177.2201385498047 -54.696895599365234 999.0628051757812 
v -177.17770385742188 -41.88971710205078 998.1170654296875 
v -173.9945068359375 -35.823204040527344 1011.8305053710938 
v -173.2305450439453 -47.28221893310547 1008.1263427734375 
v -168.01011657714844 -46.158790588378906 1011.8305053710938 
v -199.9693145751953 -38.74412155151367 990.6298217773438 
v -177.55967712402344 -31.77881622314453 996.9348754882812 
v -172.25436401367188 -29.08258628845215 1011.8305053710938 
v -180.8277587890625 -14.702609062194824 998.74755859375 
v -176.62594604492188 -11.781693458557129 1011.8305053710938 
v -200.0117645263672 -11.781696319580078 994.0975952148438 
v -200.0117645263672 -5.490447044372559 1011.8305053710938 
v -201.9216766357422 -30.65538787841797 989.9993286132812 
v -201.53968811035156 -25.93694305419922 987.55615234375 
v -203.40716552734375 -46.6081657409668 992.6001586914062 
v -209.17933654785156 -40.766292572021484 991.3391723632812 
v -209.85842895507812 -40.9909782409668 989.0535888671875 
v -210.0706329345703 -31.104759216308594 992.2061157226562 
v -210.7497100830078 -31.32944679260254 988.817138671875 
v -201.9216766357422 -30.65538787841797 989.9993286132812 
v -202.6007537841797 -31.32944679260254 987.3984985351562 
v -199.9693145751953 -38.74412155151367 990.6298217773438 
v -151.1604461669922 -246.13021850585938 1075.9053955078125 
v -156.2111053466797 -239.61428833007812 1079.6884765625 
v -155.5320281982422 -236.019287109375 1077.2452392578125 
v -162.70480346679688 -230.40213012695312 1082.3680419921875 
v -157.4419403076172 -240.06365966796875 1083.55029296875 
v -159.2669677734375 -242.08584594726562 1090.2493896484375 
v -154.00408935546875 -253.76954650878906 1090.48583984375 
v -162.95945739746094 -256.9151611328125 1092.534912109375 
v -166.69439697265625 -245.2314453125 1091.746826171875 
v -164.86936950683594 -231.30087280273438 1087.885009765625 
v -171.53285217285156 -233.9971160888672 1089.3824462890625 
v -149.9296112060547 -244.33270263671875 1074.013916015625 
v -150.9906768798828 -251.74737548828125 1084.7325439453125 
v -147.383056640625 -274.89013671875 1089.4613037109375 
v -153.19769287109375 -276.9123229980469 1090.7222900390625 
v -157.61170959472656 -277.3616943359375 1089.3824462890625 
v -171.57528686523438 -258.2633056640625 1088.830810546875 
v -174.4613800048828 -246.13021850585938 1086.6240234375 
v -176.03175354003906 -236.019287109375 1085.2841796875 
v -144.32720947265625 -273.0926513671875 1087.01806640625 
v -162.0681610107422 -465.4247131347656 1030.036376953125 
v -161.64373779296875 -459.80755615234375 1029.8787841796875 
v -156.9326171875 -465.4247131347656 1037.1295166015625 
v -156.59307861328125 -459.80755615234375 1037.1295166015625 
v -159.3518524169922 -465.4247131347656 1049.109130859375 
v -159.05474853515625 -459.80755615234375 1049.1878662109375 
v -167.54324340820312 -465.4247131347656 1052.89208984375 
v -167.20370483398438 -459.5828552246094 1053.2861328125 
v -196.36170959472656 -442.9560241699219 1037.6024169921875 
v -202.21876525878906 -445.4275817871094 1042.0947265625 
v -197.59254455566406 -445.4275817871094 1026.095703125 
v -194.876220703125 -442.9560241699219 1032.558349609375 
v -196.48902893066406 -465.4247131347656 1023.8101806640625 
v -162.0681610107422 -465.4247131347656 1030.036376953125 
v -193.51806640625 -465.4247131347656 1032.4007568359375 
v -156.9326171875 -465.4247131347656 1037.1295166015625 
v -193.51806640625 -465.4247131347656 1032.4007568359375 
v -156.9326171875 -465.4247131347656 1037.1295166015625 
v -195.25820922851562 -465.4247131347656 1038.3905029296875 
v -159.3518524169922 -465.4247131347656 1049.109130859375 
v -204.2135772705078 -446.1016540527344 1024.5194091796875 
v -204.59555053710938 -465.42474365234375 1021.83984375 
v -211.17413330078125 -445.65228271484375 1027.908447265625 
v -213.25381469726562 -465.4247131347656 1026.174560546875 
v -213.1689453125 -445.65228271484375 1034.6075439453125 
v -215.8428192138672 -465.4247131347656 1035.0804443359375 
v -208.96713256835938 -445.876953125 1040.36083984375 
v -210.45262145996094 -465.4247131347656 1042.646484375 
v -202.21876525878906 -445.4275817871094 1042.0947265625 
v -202.21876525878906 -465.4247131347656 1044.61669921875 
v -202.21876525878906 -465.4247131347656 1044.61669921875 
v -167.54324340820312 -465.4247131347656 1052.89208984375 
v -202.21876525878906 -445.4275817871094 1042.0947265625 
v -167.20370483398438 -459.5828552246094 1053.2861328125 
v -162.0681610107422 -465.4247131347656 1030.036376953125 
v -196.48902893066406 -465.4247131347656 1023.8101806640625 
v -161.64373779296875 -459.80755615234375 1029.8787841796875 
v -197.59254455566406 -445.4275817871094 1026.095703125 
v -204.2135772705078 -446.1016540527344 1024.5194091796875 
v -204.59555053710938 -465.42474365234375 1021.83984375 
v -195.25820922851562 -465.4247131347656 1038.3905029296875 
v -159.3518524169922 -465.4247131347656 1049.109130859375 
v -202.21876525878906 -465.4247131347656 1044.61669921875 
v -167.54324340820312 -465.4247131347656 1052.89208984375 
v -157.61170959472656 -277.3616943359375 1089.3824462890625 
v -171.57528686523438 -258.2633056640625 1088.830810546875 
v -155.95645141601562 -276.0135803222656 1086.8604736328125 
v -167.75546264648438 -257.5892333984375 1086.072265625 
v -174.4613800048828 -246.13021850585938 1086.6240234375 
v -171.02352905273438 -245.2314453125 1082.9197998046875 
v -176.03175354003906 -236.019287109375 1085.2841796875 
v -173.8671875 -235.12054443359375 1079.7672119140625 
v -162.5350341796875 -242.08584594726562 1081.343505859375 
v -167.20370483398438 -232.42430114746094 1078.269775390625 
v -144.32720947265625 -273.0926513671875 1087.01806640625 
v -149.29296875 -273.7667236328125 1085.67822265625 
v -157.484375 -254.44363403320312 1084.023193359375 
v -150.9906768798828 -251.74737548828125 1084.7325439453125 
v -157.4419403076172 -240.06365966796875 1083.55029296875 
v -158.7152099609375 -239.83897399902344 1075.9053955078125 
v -156.2111053466797 -239.61428833007812 1079.6884765625 
v -152.73081970214844 -246.57958984375 1072.9105224609375 
v -151.1604461669922 -246.13021850585938 1075.9053955078125 
v -151.0755615234375 -245.00677490234375 1071.2554931640625 
v -149.9296112060547 -244.33270263671875 1074.013916015625 
v -157.3570556640625 -236.46865844726562 1073.69873046875 
v -155.5320281982422 -236.019287109375 1077.2452392578125 
v -162.70480346679688 -230.40213012695312 1082.3680419921875 
v -192.71165466308594 -75.1434097290039 1021.6033325195312 
v -192.71165466308594 -75.1434097290039 1011.8305053710938 
v -188.42495727539062 -64.13374328613281 1011.8305053710938 
v -192.71165466308594 -75.1434097290039 1002.1365356445312 
v -188.89183044433594 -62.33625793457031 1003.0034790039062 
v -205.31707763671875 -70.64967346191406 998.1170654296875 
v -200.5635223388672 -56.94375228881836 998.5899658203125 
v -216.81900024414062 -65.9312515258789 1002.8458251953125 
v -213.2962646484375 -53.34878158569336 1003.2399291992188 
v -220.04461669921875 -65.9312515258789 1011.8305053710938 
v -215.88525390625 -53.12409591674805 1011.8305053710938 
v -188.89183044433594 -62.33625411987305 1020.7363891601562 
v -205.31707763671875 -70.64967346191406 1025.622802734375 
v -200.5635223388672 -56.943748474121094 1025.14990234375 
v -216.81900024414062 -65.9312515258789 1020.8939819335938 
v -213.2962646484375 -53.348777770996094 1020.4999389648438 
v -220.04461669921875 -65.9312515258789 1011.8305053710938 
v -215.88525390625 -53.12409591674805 1011.8305053710938 
v -213.2962646484375 -53.348777770996094 1020.4999389648438 
v -216.5643310546875 -61.66219711303711 1025.8592529296875 
v -215.88525390625 -53.12409591674805 1011.8305053710938 
v -228.5331268310547 -60.08939743041992 1011.8305053710938 
v -144.32720947265625 -273.0926513671875 936.7218627929688 
v -147.383056640625 -274.8901672363281 934.2786865234375 
v -150.9906768798828 -251.74740600585938 939.0074462890625 
v -154.00408935546875 -253.7695770263672 933.2540893554688 
v -157.4419403076172 -240.0636749267578 940.1896362304688 
v -159.2669677734375 -242.08587646484375 933.4905395507812 
v -162.95945739746094 -256.9151916503906 931.2049560546875 
v -153.19769287109375 -276.912353515625 933.0176391601562 
v -157.61170959472656 -277.3617248535156 934.3574829101562 
v -171.57528686523438 -258.2633361816406 934.9091796875 
v -166.69439697265625 -245.23147583007812 931.9931030273438 
v -164.86936950683594 -231.30088806152344 935.8549194335938 
v -162.70480346679688 -230.4021453857422 941.371826171875 
v -156.2111053466797 -239.6143035888672 944.0514526367188 
v -155.5320281982422 -236.01931762695312 946.49462890625 
v -151.1604461669922 -246.13023376464844 947.83447265625 
v -149.9296112060547 -244.33273315429688 949.7260131835938 
v -174.4613800048828 -246.13023376464844 937.1159057617188 
v -171.53285217285156 -233.9971466064453 934.3574829101562 
v -176.03175354003906 -236.01931762695312 938.4557495117188 
v -162.0681610107422 -465.42474365234375 993.70361328125 
v -156.9326171875 -465.42474365234375 986.6104736328125 
v -161.64373779296875 -459.80755615234375 993.8612670898438 
v -156.59307861328125 -459.80755615234375 986.6104736328125 
v -197.59254455566406 -445.4275817871094 997.644287109375 
v -194.876220703125 -442.9560241699219 991.1815795898438 
v -159.05474853515625 -459.80755615234375 974.5520629882812 
v -196.36170959472656 -442.9560241699219 986.1375732421875 
v -167.20370483398438 -459.5828857421875 970.4537963867188 
v -202.21876525878906 -445.4275817871094 981.645263671875 
v -159.3518524169922 -465.42474365234375 974.6309204101562 
v -167.54324340820312 -465.42474365234375 970.847900390625 
v -156.9326171875 -465.42474365234375 986.6104736328125 
v -193.51806640625 -465.42474365234375 991.3392333984375 
v -162.0681610107422 -465.42474365234375 993.70361328125 
v -196.48902893066406 -465.42474365234375 999.9298706054688 
v -159.3518524169922 -465.42474365234375 974.6309204101562 
v -195.25820922851562 -465.42474365234375 985.3494262695312 
v -156.9326171875 -465.42474365234375 986.6104736328125 
v -193.51806640625 -465.42474365234375 991.3392333984375 
v -202.21876525878906 -465.42474365234375 979.1232299804688 
v -202.21876525878906 -445.4275817871094 981.645263671875 
v -210.45262145996094 -465.42474365234375 981.0935668945312 
v -208.96713256835938 -445.876953125 983.379150390625 
v -215.8428192138672 -465.42474365234375 988.6596069335938 
v -213.1689453125 -445.65228271484375 989.1324462890625 
v -213.25381469726562 -465.42474365234375 997.5654296875 
v -211.17413330078125 -445.65228271484375 995.83154296875 
v -204.59555053710938 -465.42474365234375 1001.900146484375 
v -204.2135772705078 -446.1016540527344 999.2205200195312 
v -167.20370483398438 -459.5828857421875 970.4537963867188 
v -202.21876525878906 -445.4275817871094 981.645263671875 
v -167.54324340820312 -465.42474365234375 970.847900390625 
v -202.21876525878906 -465.42474365234375 979.1232299804688 
v -162.0681610107422 -465.42474365234375 993.70361328125 
v -196.48902893066406 -465.42474365234375 999.9298706054688 
v -161.64373779296875 -459.80755615234375 993.8612670898438 
v -197.59254455566406 -445.4275817871094 997.644287109375 
v -204.2135772705078 -446.1016540527344 999.2205200195312 
v -204.59555053710938 -465.42474365234375 1001.900146484375 
v -167.54324340820312 -465.42474365234375 970.847900390625 
v -202.21876525878906 -465.42474365234375 979.1232299804688 
v -159.3518524169922 -465.42474365234375 974.6309204101562 
v -195.25820922851562 -465.42474365234375 985.3494262695312 
v -171.57528686523438 -258.2633361816406 934.9091796875 
v -155.95645141601562 -276.01361083984375 936.8795166015625 
v -157.61170959472656 -277.3617248535156 934.3574829101562 
v -144.32720947265625 -273.0926513671875 936.7218627929688 
v -167.75546264648438 -257.5892639160156 937.6676025390625 
v -174.4613800048828 -246.13023376464844 937.1159057617188 
v -171.02352905273438 -245.23147583007812 940.8201293945312 
v -176.03175354003906 -236.01931762695312 938.4557495117188 
v -173.8671875 -235.12057495117188 943.97265625 
v -162.5350341796875 -242.08587646484375 942.3963623046875 
v -167.20370483398438 -232.42431640625 945.4700927734375 
v -157.484375 -254.44366455078125 939.7167358398438 
v -149.29296875 -273.7667236328125 938.0617065429688 
v -150.9906768798828 -251.74740600585938 939.0074462890625 
v -157.4419403076172 -240.0636749267578 940.1896362304688 
v -158.7152099609375 -239.8389892578125 947.83447265625 
v -156.2111053466797 -239.6143035888672 944.0514526367188 
v -152.73081970214844 -246.57960510253906 950.829345703125 
v -151.1604461669922 -246.13023376464844 947.83447265625 
v -151.0755615234375 -245.0067901611328 952.4844360351562 
v -149.9296112060547 -244.33273315429688 949.7260131835938 
v -157.3570556640625 -236.46868896484375 950.041259765625 
v -155.5320281982422 -236.01931762695312 946.49462890625 
v -162.70480346679688 -230.4021453857422 941.371826171875 
v -215.88525390625 -53.12409591674805 1011.8305053710938 
v -228.5331268310547 -60.08939743041992 1011.8305053710938 
v -213.2962646484375 -53.34878158569336 1003.2399291992188 
v -216.5643310546875 -61.662200927734375 997.880615234375 
v -215.8428192138672 -465.4247131347656 1035.0804443359375 
v -213.25381469726562 -465.4247131347656 1026.174560546875 
v -210.45262145996094 -465.4247131347656 1042.646484375 
v -204.59555053710938 -465.42474365234375 1021.83984375 
v -202.21876525878906 -465.4247131347656 1044.61669921875 
v -196.48902893066406 -465.4247131347656 1023.8101806640625 
v -195.25820922851562 -465.4247131347656 1038.3905029296875 
v -193.51806640625 -465.4247131347656 1032.4007568359375 
v -215.8428192138672 -465.42474365234375 988.6596069335938 
v -210.45262145996094 -465.42474365234375 981.0935668945312 
v -213.25381469726562 -465.42474365234375 997.5654296875 
v -204.59555053710938 -465.42474365234375 1001.900146484375 
v -202.21876525878906 -465.42474365234375 979.1232299804688 
v -196.48902893066406 -465.42474365234375 999.9298706054688 
v -195.25820922851562 -465.42474365234375 985.3494262695312 
v -193.51806640625 -465.42474365234375 991.3392333984375 
vn 0.008733483962714672 -0.004526273347437382 0.0017997506074607372 
vn -0.009323363192379475 -0.003608821425586939 -0.0002265146467834711 
vn 0.00032090541208162904 -0.0018892604857683182 0.009814668446779251 
vn -0.0077447062358260155 -0.0030319341458380222 0.005552197806537151 
vn -0.009295144118368626 -0.0012420600978657603 0.003472402226179838 
vn -0.009696745313704014 -0.0024437066167593002 -0.00003774852302740328 
vn -0.009905431419610977 -0.001372016966342926 2.235324286781193e-10 
vn -0.009295144118368626 -0.0012420612620189786 -0.0034724019933491945 
vn -0.009707425720989704 0.0015880756545811892 -0.0018010841449722648 
vn -0.009803027845919132 0.001975002931430936 -3.217674182653951e-10 
vn -0.009707425720989704 0.0015880762366577983 0.0018010835628956556 
vn -0.0070457058027386665 0.00444817915558815 0.005529171321541071 
vn -0.006450154818594456 0.006938547361642122 0.0032018835190683603 
vn 0.0014815086033195257 0.005724824033677578 0.008064212277531624 
vn -0.009357217699289322 0.003527185646817088 -0.00003773706703213975 
vn -0.0070457058027386665 0.004448177292943001 -0.005529172718524933 
vn -0.006450154818594456 0.006938546430319548 -0.003201885847374797 
vn 0.0014815086033195257 0.0057248217053711414 -0.008064214140176773 
vn -0.009323363192379475 -0.003608821192756295 0.0002265158254886046 
vn -0.0077447062358260155 -0.0030319360084831715 -0.005552196409553289 
vn 0.008733483962714672 -0.004526273813098669 -0.0017997490940615535 
vn 0.00032090541208162904 -0.0018892636289820075 -0.009814668446779251 
vn -0.007502828724682331 -0.0013287243200466037 -0.006476268172264099 
vn -0.009905431419610977 -0.001372016966342926 2.235324286781193e-10 
vn -0.007372068706899881 0.001025002682581544 -0.0066784704104065895 
vn -0.009947329759597778 0.0010250037303194404 -1.669925725478194e-10 
vn -0.007372068706899881 0.0010250047780573368 0.0066784704104065895 
vn -0.007502828724682331 -0.0013287222245708108 0.006476268172264099 
vn 0.0005281409248709679 0.001025005360133946 0.009933299385011196 
vn 0.00037735330988653004 -0.0002839706721715629 0.009988841600716114 
vn 0.00037735330988653004 -0.0002839739026967436 -0.009988841600716114 
vn 0.0005281409248709679 0.0010250021005049348 -0.009933299385011196 
vn 0.008733483962714672 -0.004526273347437382 0.0017997506074607372 
vn 0.007589800748974085 0.0019750038627535105 0.006204375997185707 
vn 0.007914969697594643 0.002146026585251093 0.005722571164369583 
vn 0.007139845285564661 0.006181070115417242 0.0032889179419726133 
vn 0.0030382906552404165 0.008522404357790947 0.004258804023265839 
vn 0.00032090541208162904 -0.0018892604857683182 0.009814668446779251 
vn 0.008007976226508617 0.00019661094120237976 0.005986121948808432 
vn 0.00037735330988653004 -0.0002839706721715629 0.009988841600716114 
vn 0.007866406813263893 0.0003713139158207923 0.006162935867905617 
vn 0.00805126316845417 0.00028397326241247356 0.005924231838434935 
vn 0.009994630701839924 -0.0003276457136962563 5.33803695690338e-11 
vn 0.009993103332817554 0.00037131289718672633 -6.04946717719379e-11 
vn 0.007866406813263893 0.0003713119076564908 -0.006162936333566904 
vn 0.00805126316845417 0.00028397131245583296 -0.005924231838434935 
vn 0.00037735330988653004 -0.0002839739026967436 -0.009988841600716114 
vn 0.0005281409248709679 0.0010250021005049348 -0.009933299385011196 
vn 0.0005281409248709679 0.001025005360133946 0.009933299385011196 
vn 0.008007976226508617 0.00019660899124573916 -0.005986121948808432 
vn 0.00032090541208162904 -0.0018892636289820075 -0.009814668446779251 
vn 0.007914969697594643 0.0021460247226059437 -0.005722572095692158 
vn 0.008733483962714672 -0.004526273813098669 -0.0017997490940615535 
vn 0.007589800748974085 0.0019750017672777176 -0.006204376462846994 
vn 0.007139845285564661 0.0061810691840946674 -0.0032889200374484062 
vn 0.0030382906552404165 0.008522403426468372 -0.0042588068172335625 
vn 0.008447184227406979 0.0036901808343827724 -0.003876551054418087 
vn 0.0014815086033195257 0.0057248217053711414 -0.008064214140176773 
vn -0.006450154818594456 0.006938546430319548 -0.003201885847374797 
vn 0.009927896782755852 0.001198693411424756 -1.9529232397896834e-10 
vn 0.008224106393754482 0.00568894250318408 -9.268482092927854e-10 
vn 0.009326114319264889 0.003608821425586939 -5.879527975594101e-10 
vn 0.009974023327231407 0.000720325275324285 -1.1735611094021436e-10 
vn 0.008447184227406979 0.0036901819985359907 0.0038765498902648687 
vn 0.0014815086033195257 0.005724824033677578 0.008064212277531624 
vn -0.006450154818594456 0.006938547361642122 0.0032018835190683603 
vn 0.006481398828327656 0.0022312954533845186 0.007280987687408924 
vn -0.0020620361901819706 0.0006767396698705852 0.009761661291122437 
vn 0.006691372953355312 0.0018463381566107273 0.0071983723901212215 
vn -0.0023931509349495173 0.000021848523829248734 0.009709395468235016 
vn 0.005760439205914736 0.001588077167980373 0.008018438704311848 
vn -0.0036165500059723854 -0.000021845422452315688 0.00932309404015541 
vn 0.004576418548822403 0.0010250051273033023 0.008832086808979511 
vn -0.004509082064032555 0.00041497446363791823 0.008916052058339119 
vn 0.004931652452796698 0.0021033305674791336 0.008441256359219551 
vn -0.005842774640768766 0.0009380393894389272 0.008061145432293415 
vn -0.004731056280434132 0.004873341880738735 0.00733945844694972 
vn 0.0026064079720526934 0.006215359084308147 0.007387553807348013 
vn 0.003268994390964508 0.008236516267061234 0.00463394820690155 
vn 0.009229511022567749 0.0011118915863335133 0.0036850804463028908 
vn 0.007589800748974085 0.0019750038627535105 0.006204375997185707 
vn 0.0030382906552404165 0.008522404357790947 0.004258804023265839 
vn -0.0061775450594723225 0.006811635568737984 0.0039293197914958 
vn -0.006450154818594456 0.006938547361642122 0.0032018835190683603 
vn 0.009896717965602875 -0.0011118907714262605 0.0009047999046742916 
vn 0.009567285887897015 0.0015449209604412317 -0.002465818077325821 
vn 0.009362807497382164 0.001111890422180295 -0.0033318977802991867 
vn 0.00908543448895216 0.001975002232939005 -0.0036816091742366552 
vn 0.0018205238739028573 -0.0016312015941366553 -0.009696642868220806 
vn 0.0025209742598235607 -0.0014585264725610614 -0.0095664719119668 
vn 0.0029215943068265915 -0.0008074590587057173 -0.009529548697173595 
vn 0.008733483962714672 -0.004526273347437382 0.0017997506074607372 
vn -0.009323363192379475 -0.003608821425586939 -0.0002265146467834711 
vn -0.005470611620694399 -0.002570602111518383 -0.007966455072164536 
vn -0.009675148874521255 -0.001975002698600292 0.0015782475238665938 
vn -0.009617962874472141 -0.0020605926401913166 0.0018024290911853313 
vn -0.00631710235029459 -0.003445281879976392 -0.006944368127733469 
vn -0.009097340516746044 -0.0025283501017838717 0.0032933030743151903 
vn -0.006541529204696417 -0.0033219330944120884 -0.006795083172619343 
vn -0.009220940060913563 -0.0018463364103809 0.0034007790964096785 
vn -0.0020620361901819706 0.0006767396698705852 0.009761661291122437 
vn -0.0023931509349495173 0.000021848523829248734 0.009709395468235016 
vn -0.0036165500059723854 -0.000021845422452315688 0.00932309404015541 
vn -0.004509082064032555 0.00041497446363791823 0.008916052058339119 
vn -0.009790947660803795 0.0001966102863661945 0.0020245234481990337 
vn -0.009707425720989704 0.0015880762366577983 0.0018010835628956556 
vn -0.005842774640768766 0.0009380393894389272 0.008061145432293415 
vn -0.004731056280434132 0.004873341880738735 0.00733945844694972 
vn -0.0061775450594723225 0.006811635568737984 0.0039293197914958 
vn -0.006450154818594456 0.006938547361642122 0.0032018835190683603 
vn -0.0027012410573661327 0.0006331396289169788 0.009607414714992046 
vn -0.002392876660451293 0.00015292433090507984 0.00970828253775835 
vn -0.009172702208161354 -0.0031565821263939142 0.0024284827522933483 
vn -0.008639812469482422 -0.003932545427232981 0.003144635120406747 
vn -0.00462733767926693 -0.004092632792890072 -0.007863720878958702 
vn -0.0054576341062784195 -0.004835141357034445 -0.0068436567671597 
vn -0.008499457500874996 -0.003404228715226054 0.004021250177174807 
vn -0.001820565783418715 0.0005459040985442698 0.009817714802920818 
vn -0.0012053130194544792 0.0009815318044275045 0.009878451935946941 
vn -0.00873587466776371 -0.0022738645784556866 0.0043027931824326515 
vn -0.0020620361901819706 0.0006767396698705852 0.009761661291122437 
vn -0.009220940060913563 -0.0018463364103809 0.0034007790964096785 
vn -0.007431415840983391 -0.0035680385772138834 -0.005660667549818754 
vn -0.006541529204696417 -0.0033219330944120884 -0.006795083172619343 
vn 0.0018205238739028573 -0.0016312015941366553 -0.009696642868220806 
vn 0.00069769675610587 -0.0008945296285673976 -0.009935443289577961 
vn 0.0017843723762780428 -0.0010684591252356768 -0.00978132989257574 
vn -0.006374595686793327 -0.003972682636231184 -0.0066016907803714275 
vn 0.002811182988807559 -0.0017603837186470628 -0.00943389069288969 
vn 0.0011293910210952163 -0.000414974638260901 -0.009927349165081978 
vn 0.008353747427463531 0.005471406504511833 -0.0005278422613628209 
vn 0.0092467674985528 0.002188680460676551 -0.00311559927649796 
vn 0.008691588416695595 0.0024437059182673693 -0.00429937057197094 
vn 0.008305572904646397 0.002528349868953228 -0.004962348844856024 
vn 0.00908543448895216 0.001975002232939005 -0.0036816091742366552 
vn 0.007256050128489733 0.0036088223569095135 0.005858851131051779 
vn 0.006481398828327656 0.0022312954533845186 0.007280987687408924 
vn -0.0020620361901819706 0.0006767396698705852 0.009761661291122437 
vn -0.0012053130194544792 0.0009815318044275045 0.009878451935946941 
vn -0.001820565783418715 0.0005459040985442698 0.009817714802920818 
vn 0.006863273214548826 0.0034862675238400698 0.006382899824529886 
vn 0.006190931890159845 0.003031936241313815 0.0072442893870174885 
vn 0.005287623032927513 0.0035680390428751707 0.007701308000832796 
vn -0.0027012410573661327 0.0006331396289169788 0.009607414714992046 
vn -0.002392876660451293 0.00015292433090507984 0.00970828253775835 
vn 0.0005281409248709679 0.001025005360133946 0.009933299385011196 
vn -0.0051207817159593105 0.001111892401240766 0.008517117239534855 
vn -0.007372068706899881 0.0010250047780573368 0.0066784704104065895 
vn -0.008541898801922798 0.0011553040239959955 0.0050696381367743015 
vn 0.0010741627775132656 0.0012854058295488358 0.009858696721494198 
vn -0.004911971744149923 -0.0001529213332105428 0.008709141984581947 
vn 0.001577900373376906 -0.0004149714077357203 0.009866003878414631 
vn -0.004377415869385004 -0.00010923115041805431 0.00899034459143877 
vn 0.0025191884487867355 -0.0011553015792742372 0.009608276188373566 
vn 0.0029937366489320993 -0.000807455915492028 0.0095071317628026 
vn -0.004325078334659338 0.0005459039239212871 0.008999760262668133 
vn -0.009273932315409184 0.0016312005463987589 0.00336650712415576 
vn -0.00944498460739851 0.0006331385811790824 0.0032235714606940746 
vn -0.00882081687450409 0.001674292259849608 -0.0044034007005393505 
vn -0.009718835353851318 -0.00041497263009659946 0.0023177664261311293 
vn -0.009375381283462048 -0.0007203246932476759 0.0034034322015941143 
vn -0.009584438055753708 0.00037131336284801364 0.0028285454027354717 
vn -0.00999978557229042 0.00006554040737682953 -1.0675840420026894e-11 
vn -0.009947329759597778 0.0010250037303194404 -1.669925725478194e-10 
vn -0.007372068706899881 0.001025002682581544 -0.0066784704104065895 
vn -0.009584438055753708 0.0003713124606292695 -0.0028285456355661154 
vn -0.007201051339507103 -0.006938546895980835 -0.000037766778405057266 
vn -0.007493304088711739 -0.006518536247313023 0.0011657990980893373 
vn -0.007493304088711739 -0.006518536247313023 -0.0011657970026135445 
vn -0.007834773510694504 -0.001717354985885322 -0.005972187966108322 
vn -0.008005224168300629 -0.0003276467032264918 -0.005984064657241106 
vn -0.008613062091171741 0.0008510000188834965 -0.005009087268263102 
vn -0.0032263887114822865 0.0006767365848645568 -0.009440997615456581 
vn -0.002685260958969593 0.00006553883576998487 -0.009632500819861889 
vn -0.0016526458784937859 -0.0003713145270012319 -0.009855500422418118 
vn -0.0010172049514949322 -0.0007639002287760377 -0.00991875771433115 
vn -0.0005472789634950459 -0.007654200773686171 -0.006411996204406023 
vn -0.00017476678476668894 -0.009998473338782787 1.628961299182663e-9 
vn -0.0005472789634950459 -0.007654198445379734 0.006411998998373747 
vn -0.0010172049514949322 -0.0007638970273546875 0.00991875771433115 
vn -0.007834773510694504 -0.0017173531232401729 0.0059721884317696095 
vn -0.0016526458784937859 -0.0003713112964760512 0.009855500422418118 
vn -0.008005224168300629 -0.0003276447532698512 0.005984065122902393 
vn -0.002685260958969593 0.00006554197170771658 0.009632500819861889 
vn -0.009375381283462048 -0.0007203257991932333 -0.0034034319687634706 
vn -0.008541898801922798 0.00115530239418149 -0.005069638602435589 
vn -0.0051207817159593105 0.0011118896072730422 -0.008517117239534855 
vn 0.0005281409248709679 0.0010250021005049348 -0.009933299385011196 
vn 0.0010741627775132656 0.0012854026863351464 -0.009858697652816772 
vn -0.004911971744149923 -0.00015292417083401233 -0.008709141984581947 
vn 0.001577900373376906 -0.0004149746091570705 -0.009866002947092056 
vn -0.004377415869385004 -0.00010923408262897283 -0.00899034459143877 
vn 0.0025191884487867355 -0.0011553047224879265 -0.009608275257050991 
vn 0.0029937366489320993 -0.0008074590587057173 -0.0095071317628026 
vn -0.004325078334659338 0.0005459010135382414 -0.008999761193990707 
vn -0.009273932315409184 0.0016311994986608624 -0.003366507589817047 
vn -0.00944498460739851 0.000633137533441186 -0.0032235716935247183 
vn -0.00882081687450409 0.0016742936568334699 0.004403400234878063 
vn -0.009718835353851318 -0.00041497338679619133 -0.0023177661933004856 
vn -0.008613062091171741 0.0008510016486980021 0.005009087268263102 
vn -0.0032263887114822865 0.0006767396116629243 0.009440997615456581 
vn -0.00882081687450409 0.001674292259849608 -0.0044034007005393505 
vn -0.0032263887114822865 0.0006767365848645568 -0.009440997615456581 
vn -0.008667120710015297 0.0013287224574014544 -0.004807859659194946 
vn -0.0028469718527048826 0.0005895243375562131 -0.009568030945956707 
vn -0.0019507869146764278 -0.00010923421359620988 -0.009807268157601357 
vn -0.008182309567928314 0.00032764478237368166 -0.0057395524345338345 
vn -0.0012794173089787364 0.0003713112964760512 -0.00991086382418871 
vn -0.007726986892521381 0.00028397125424817204 -0.006341374479234219 
vn -0.00976884737610817 0.0004149733576923609 0.002097003161907196 
vn -0.009845558553934097 0.0002839725639205426 0.0017275206046178937 
vn -0.009273932315409184 0.0016312005463987589 0.00336650712415576 
vn -0.009377771988511086 0.0012854047818109393 0.003225697437301278 
vn -0.004441620782017708 0.00041497446363791823 0.008949849754571915 
vn -0.005365801975131035 -0.00006553903222084045 0.008438238874077797 
vn -0.005551870912313461 0.0003713142650667578 0.008308961987495422 
vn 0.001784220919944346 -0.00045862363185733557 0.009828846901655197 
vn 0.0027389556635171175 -0.0005459008971229196 0.009602089412510395 
vn 0.0029937366489320993 -0.000807455915492028 0.0095071317628026 
vn -0.004325078334659338 0.0005459039239212871 0.008999760262668133 
vn -0.00024521947489120066 0.00180337845813483 0.009832989424467087 
vn -0.0028469718527048826 0.0005895243375562131 -0.009568030945956707 
vn -0.0032263887114822865 0.0006767365848645568 -0.009440997615456581 
vn 0.004377415869385004 -0.00010923408262897283 -0.00899034459143877 
vn 0.004153165966272354 -0.0005895273643545806 -0.009077646769583225 
vn 0.00928316917270422 -0.0015017380937933922 -0.003401109017431736 
vn 0.009457102976739407 -0.0006331385811790824 -0.0031878419686108828 
vn 0.00869959220290184 -0.0009380372939631343 0.00484119588509202 
vn 0.00820920243859291 -0.0006331371259875596 0.005675219930708408 
vn 0.001784220919944346 -0.00045862363185733557 0.009828846901655197 
vn -0.00024521947489120066 0.00180337845813483 0.009832989424467087 
vn 0.006402390077710152 0.0049873823300004005 0.005842552520334721 
vn 0.009777741506695747 -0.0005459028179757297 -0.002024294575676322 
vn 0.005298382602632046 -0.00037131429417058825 -0.00847285520285368 
vn -0.0019507869146764278 -0.00010923421359620988 -0.009807268157601357 
vn 0.0040480890311300755 0.00188926060218364 -0.00894671306014061 
vn -0.0012794173089787364 0.0003713112964760512 -0.00991086382418871 
vn 0.008819153532385826 -0.0015880751889199018 0.004438529256731272 
vn 0.0029937366489320993 -0.000807455915492028 0.0095071317628026 
vn 0.0027389556635171175 -0.0005459008971229196 0.009602089412510395 
vn 0.008343061432242393 0.005100564565509558 -0.0020922606345266104 
vn -0.002685260958969593 0.00006553883576998487 -0.009632500819861889 
vn -0.0032263887114822865 0.0006767365848645568 -0.009440997615456581 
vn 0.004460132215172052 -0.001285405713133514 -0.008857480250298977 
vn 0.004153165966272354 -0.0005895273643545806 -0.009077646769583225 
vn 0.00928316917270422 -0.0015017380937933922 -0.003401109017431736 
vn -0.0016526458784937859 -0.0003713145270012319 -0.009855500422418118 
vn 0.00528054591268301 -0.0014585262397304177 -0.008365915156900883 
vn -0.0010172049514949322 -0.0007639002287760377 -0.00991875771433115 
vn 0.005153099074959755 -0.001111892401240766 -0.008497603237628937 
vn -0.0005472789634950459 -0.007654200773686171 -0.006411996204406023 
vn 0.007093304302543402 -0.005867243278771639 -0.00390646792948246 
vn 0.006060134619474411 -0.007954543456435204 1.2959622264219206e-9 
vn -0.00017476678476668894 -0.009998473338782787 1.628961299182663e-9 
vn -0.0005472789634950459 -0.007654198445379734 0.006411998998373747 
vn 0.007093304302543402 -0.005867242347449064 0.003906469792127609 
vn 0.005153099074959755 -0.0011118896072730422 0.008497604168951511 
vn -0.0010172049514949322 -0.0007638970273546875 0.00991875771433115 
vn 0.00528054591268301 -0.0014585235621780157 0.008365916088223457 
vn -0.0016526458784937859 -0.0003713112964760512 0.009855500422418118 
vn 0.004460132215172052 -0.0012854028027504683 0.008857480250298977 
vn -0.002685260958969593 0.00006554197170771658 0.009632500819861889 
vn -0.0032263887114822865 0.0006767396116629243 0.009440997615456581 
vn 0.004153165966272354 -0.000589524395763874 0.009077646769583225 
vn 0.00928316917270422 -0.001501736929640174 0.0034011094830930233 
vn 0.00931931659579277 -0.002358875470235944 0.0027542761527001858 
vn 0.008819153532385826 -0.0015880765859037638 -0.0044385287910699844 
vn 0.009661906398832798 -0.0021460254210978746 0.0014290355611592531 
vn 0.009888057596981525 -0.0013287231558933854 0.000678829092066735 
vn 0.009707066230475903 -0.0015017378609627485 -0.0018755419878289104 
vn 0.009686049073934555 -0.002486052457243204 4.050301483093932e-10 
vn 0.009994630701839924 -0.0003276457136962563 5.33803695690338e-11 
vn 0.009707066230475903 -0.0015017372788861394 0.0018755424534901977 
vn 0.00805126316845417 0.00028397131245583296 -0.005924231838434935 
vn 0.007484232075512409 0.00015292166790459305 -0.006630450952798128 
vn 0.007482422050088644 -0.0012854053638875484 -0.006508539896458387 
vn 0.008241802453994751 -0.002188681857660413 -0.005223252344876528 
vn 0.0029937366489320993 -0.0008074590587057173 -0.0095071317628026 
vn 0.0025191884487867355 -0.0011553047224879265 -0.009608275257050991 
vn 0.001577900373376906 -0.0004149746091570705 -0.009866002947092056 
vn 0.0010741627775132656 0.0012854026863351464 -0.009858697652816772 
vn 0.0005281409248709679 0.0010250021005049348 -0.009933299385011196 
vn 0.00805126316845417 0.00028397326241247356 0.005924231838434935 
vn 0.007484232075512409 0.00015292382158804685 0.006630450952798128 
vn 0.009888057596981525 -0.001328723388724029 -0.0006788286846131086 
vn 0.007482422050088644 -0.0012854031519964337 0.006508539896458387 
vn 0.001577900373376906 -0.0004149714077357203 0.009866003878414631 
vn 0.0025191884487867355 -0.0011553015792742372 0.009608276188373566 
vn 0.0005281409248709679 0.001025005360133946 0.009933299385011196 
vn 0.0010741627775132656 0.0012854058295488358 0.009858696721494198 
vn 0.009661906398832798 -0.002146025886759162 -0.0014290348626673222 
vn 0.008241802453994751 -0.0021886799950152636 0.005223253276199102 
vn 0.0029937366489320993 -0.000807455915492028 0.0095071317628026 
vn 0.008819153532385826 -0.0015880751889199018 0.004438529256731272 
vn 0.00931931659579277 -0.0023588764015585184 -0.002754275454208255 
vn 0.003683109302073717 -0.006617377512156963 0.006530315615236759 
vn -0.0012803950812667608 -0.003198010614141822 0.00938793458044529 
vn 0.0013358743162825704 -0.004092629998922348 0.00902584195137024 
vn 0.002537210239097476 -0.0019750013016164303 0.00946899875998497 
vn -0.0015414927620440722 -0.004604022018611431 0.008742241188883781 
vn 0.004589230287820101 -0.004211876075714827 0.007822982966899872 
vn -0.00774163706228137 -0.004642766434699297 0.004302531480789185 
vn 0.004883201792836189 -0.004052723757922649 0.007728503551334143 
vn -0.0027795617934316397 -0.005507926922291517 0.007869992405176163 
vn 0.0004904209636151791 -0.0007638970273546875 0.009958712384104729 
vn 0.0040483963675796986 0.0035680390428751707 0.00841900147497654 
vn 0.00043394931708462536 -0.006682641338557005 0.007426573429256678 
vn 0.0004904874367639422 -0.0018463354790583253 0.009815827012062073 
vn 0.001628595171496272 -0.008867023512721062 0.004327074624598026 
vn 0.0010925323003903031 -0.0024860508274286985 0.009624236263334751 
vn -0.0055593159049749374 0.0033219330944120884 0.007619630545377731 
vn 0.0040483963675796986 0.0035680390428751707 0.00841900147497654 
vn 0.001372114522382617 0.0027391035109758377 0.009519170969724655 
vn 0.0009019023855216801 0.006843560840934515 0.007235485594719648 
vn -0.0044193207286298275 0.00671508489176631 0.005947877187281847 
vn 0.00021845221635885537 0.009997613728046417 -1.6288211890369553e-9 
vn -0.005849537439644337 0.008110666647553444 -1.3213967697822682e-9 
vn -0.009785322472453117 0.0020605928730219603 0.00003771947740460746 
vn -0.008710476569831371 -0.000589525094255805 0.004876479506492615 
vn -0.009932967834174633 -0.0011553032090887427 -0.00003773317075683735 
vn -0.006501843221485615 -0.00759767135605216 -0.000037755460652988404 
vn 0.009294222109019756 -0.0036901813000440598 6.01208027806166e-10 
vn 0.006827613804489374 -0.007306414190679789 1.1903683594383097e-9 
vn 0.0064160944893956184 -0.006617377977818251 0.003878665389493108 
vn 0.0060948338359594345 -0.007927988655865192 1.2916359093395613e-9 
vn 0.003683109302073717 -0.006617377512156963 0.006530315615236759 
vn 0.0013358743162825704 -0.004092629998922348 0.00902584195137024 
vn 0.0065185148268938065 -0.002612800570204854 0.007119145710021257 
vn 0.007176629267632961 -0.00010923148511210456 0.006963049992918968 
vn 0.009999403730034828 0.00010923262016149238 -1.7796287013482903e-11 
vn 0.00879073515534401 -0.0007203245186246932 0.004712122958153486 
vn 0.009905431419610977 -0.001372016966342926 2.2353037476552373e-10 
vn 0.002537210239097476 -0.0019750013016164303 0.00946899875998497 
vn 0.007055465131998062 0.0005022697732783854 0.0070688147097826 
vn 0.009963723830878735 0.0008510008337907493 -1.3864591419388006e-10 
vn 0.005719861481338739 0.005324285011738539 0.006239805370569229 
vn 0.007231398951262236 0.006907016038894653 -1.1252979659204243e-9 
vn 0.0009019023855216801 0.006843560840934515 0.007235485594719648 
vn 0.00021845221635885537 0.009997613728046417 -1.6288211890369553e-9 
vn 0.0040483963675796986 0.0035680390428751707 0.00841900147497654 
vn 0.001372114522382617 0.0027391035109758377 0.009519170969724655 
vn -0.0015414927620440722 -0.004604022018611431 0.008742241188883781 
vn -0.00774163706228137 -0.004642766434699297 0.004302531480789185 
vn -0.006753727328032255 -0.004758461844176054 0.005634200293570757 
vn -0.0027795617934316397 -0.005507926922291517 0.007869992405176163 
vn -0.007114906795322895 0.00510056596249342 0.004833459388464689 
vn 0.0040483963675796986 0.0035680390428751707 0.00841900147497654 
vn 0.00392504408955574 0.005025207065045834 0.007703332230448723 
vn 0.002537210239097476 -0.0019750013016164303 0.00946899875998497 
vn 0.006481398828327656 0.002231293125078082 -0.007280988618731499 
vn -0.0020620361901819706 0.0006767365266568959 -0.009761661291122437 
vn 0.006691372953355312 0.0018463358283042908 -0.007198372855782509 
vn -0.0023931509349495173 0.000021845360606675968 -0.009709395468235016 
vn 0.005760439205914736 0.0015880746068432927 -0.008018438704311848 
vn -0.0036165500059723854 -0.00002184846016461961 -0.00932309404015541 
vn 0.004576418548822403 0.0010250023333355784 -0.008832086808979511 
vn -0.004509082064032555 0.00041497155325487256 -0.008916052058339119 
vn 0.004931652452796698 0.0021033280063420534 -0.008441256359219551 
vn -0.005842774640768766 0.0009380367700941861 -0.008061145432293415 
vn -0.004731056280434132 0.004873339552432299 -0.007339459843933582 
vn 0.0026064079720526934 0.006215356756001711 -0.007387555669993162 
vn 0.003268994390964508 0.008236514404416084 -0.004633951000869274 
vn 0.009229511022567749 0.001111890422180295 -0.003685080911964178 
vn 0.007589800748974085 0.0019750017672777176 -0.006204376462846994 
vn 0.0030382906552404165 0.008522403426468372 -0.0042588068172335625 
vn -0.0061775450594723225 0.006811634171754122 -0.0039293221198022366 
vn -0.006450154818594456 0.006938546430319548 -0.003201885847374797 
vn 0.009896717965602875 -0.001111891120672226 -0.0009047994972206652 
vn 0.009567285887897015 0.0015449217753484845 0.0024658176116645336 
vn 0.009362807497382164 0.0011118914699181914 0.0033318973146378994 
vn 0.00908543448895216 0.001975003397092223 0.0036816084757447243 
vn 0.0018205238739028573 -0.001631198450922966 0.009696642868220806 
vn 0.0025209742598235607 -0.001458523329347372 0.009566472843289375 
vn 0.0029215943068265915 -0.000807455915492028 0.009529548697173595 
vn -0.005470611620694399 -0.002570599550381303 0.00796645600348711 
vn -0.009323363192379475 -0.003608821192756295 0.0002265158254886046 
vn -0.009675148874521255 -0.0019750031642615795 -0.0015782469417899847 
vn -0.009707425720989704 0.0015880756545811892 -0.0018010841449722648 
vn -0.009790947660803795 0.0001966096315300092 -0.0020245234481990337 
vn -0.0061775450594723225 0.006811634171754122 -0.0039293221198022366 
vn -0.006450154818594456 0.006938546430319548 -0.003201885847374797 
vn 0.008733483962714672 -0.004526273813098669 -0.0017997490940615535 
vn -0.004731056280434132 0.004873339552432299 -0.007339459843933582 
vn -0.005842774640768766 0.0009380367700941861 -0.008061145432293415 
vn -0.004509082064032555 0.00041497155325487256 -0.008916052058339119 
vn -0.009617962874472141 -0.002060593105852604 -0.0018024285091087222 
vn -0.00631710235029459 -0.0034452795516699553 0.006944369059056044 
vn -0.006541529204696417 -0.003321930766105652 0.006795084569603205 
vn -0.009097340516746044 -0.00252835126593709 -0.0032933021429926157 
vn -0.009220940060913563 -0.0018463375745341182 -0.0034007783979177475 
vn -0.0020620361901819706 0.0006767365266568959 -0.009761661291122437 
vn -0.0023931509349495173 0.000021845360606675968 -0.009709395468235016 
vn -0.0036165500059723854 -0.00002184846016461961 -0.00932309404015541 
vn -0.0027012410573661327 0.0006331364857032895 -0.009607415646314621 
vn -0.009172702208161354 -0.003156582824885845 -0.0024284818209707737 
vn -0.002392876660451293 0.00015292117313947529 -0.00970828253775835 
vn -0.008639812469482422 -0.003932546824216843 -0.003144633723422885 
vn -0.001820565783418715 0.0005459008971229196 -0.009817715734243393 
vn -0.008499457500874996 -0.0034042298793792725 -0.004021249245852232 
vn -0.0012053130194544792 0.0009815286612138152 -0.009878452867269516 
vn -0.00873587466776371 -0.0022738659754395485 -0.004302792251110077 
vn -0.0020620361901819706 0.0006767365266568959 -0.009761661291122437 
vn -0.009220940060913563 -0.0018463375745341182 -0.0034007783979177475 
vn -0.00462733767926693 -0.004092629998922348 0.007863721810281277 
vn -0.0054576341062784195 -0.004835139028728008 0.006843658164143562 
vn -0.006374595686793327 -0.003972680773586035 0.006601691711694002 
vn -0.007431415840983391 -0.003568036714568734 0.005660668481141329 
vn -0.006541529204696417 -0.003321930766105652 0.006795084569603205 
vn 0.0018205238739028573 -0.001631198450922966 0.009696642868220806 
vn 0.00069769675610587 -0.0008945264271460474 0.009935443289577961 
vn 0.008305572904646397 0.0025283514987677336 0.0049623483791947365 
vn 0.00908543448895216 0.001975003397092223 0.0036816084757447243 
vn 0.007256050128489733 0.0036088204942643642 -0.005858852062374353 
vn 0.006481398828327656 0.002231293125078082 -0.007280988618731499 
vn -0.0020620361901819706 0.0006767365266568959 -0.009761661291122437 
vn -0.0012053130194544792 0.0009815286612138152 -0.009878452867269516 
vn -0.001820565783418715 0.0005459008971229196 -0.009817715734243393 
vn 0.006863273214548826 0.003486265428364277 -0.006382901221513748 
vn -0.002392876660451293 0.00015292117313947529 -0.00970828253775835 
vn 0.0011293910210952163 -0.0004149714077357203 0.009927350096404552 
vn 0.008691588416695595 0.002443707315251231 0.004299369640648365 
vn 0.0017843723762780428 -0.0010684558656066656 0.00978132989257574 
vn 0.002811182988807559 -0.0017603806918486953 0.009433891624212265 
vn 0.008353747427463531 0.005471406504511833 0.0005278404569253325 
vn 0.0092467674985528 0.0021886813919991255 0.003115598578006029 
vn 0.006190931890159845 0.0030319339130073786 -0.00724429078400135 
vn -0.0027012410573661327 0.0006331364857032895 -0.009607415646314621 
vn 0.005287623032927513 0.0035680364817380905 -0.007701309397816658 
vn -0.0028469718527048826 0.0005895274225622416 0.009568030945956707 
vn -0.008667120710015297 0.00132872408721596 0.004807859659194946 
vn -0.0032263887114822865 0.0006767396116629243 0.009440997615456581 
vn -0.00882081687450409 0.0016742936568334699 0.004403400234878063 
vn -0.009273932315409184 0.0016311994986608624 -0.003366507589817047 
vn -0.0019507869146764278 -0.00010923101945081726 0.009807268157601357 
vn -0.008182309567928314 0.00032764667412266135 0.0057395524345338345 
vn -0.009377771988511086 0.0012854037340730429 -0.0032256976701319218 
vn -0.00976884737610817 0.0004149726592004299 -0.002097003161907196 
vn -0.004441620782017708 0.00041497155325487256 -0.008949849754571915 
vn -0.004325078334659338 0.0005459010135382414 -0.008999761193990707 
vn 0.0029937366489320993 -0.0008074590587057173 -0.0095071317628026 
vn 0.0027389556635171175 -0.0005459040403366089 -0.00960208848118782 
vn -0.005365801975131035 -0.00006554178253281862 -0.008438238874077797 
vn -0.009845558553934097 0.0002839720109477639 -0.0017275207210332155 
vn -0.007726986892521381 0.00028397332062013447 0.006341374479234219 
vn -0.0012794173089787364 0.0003713145270012319 0.00991086382418871 
vn -0.005551870912313461 0.0003713115584105253 -0.008308961987495422 
vn 0.001784220919944346 -0.0004586268332786858 -0.009828845970332623 
vn -0.00024521947489120066 0.0018033751985058188 -0.009832990355789661 
vn -0.0028469718527048826 0.0005895274225622416 0.009568030945956707 
vn 0.004377415869385004 -0.00010923115041805431 0.00899034459143877 
vn -0.0032263887114822865 0.0006767396116629243 0.009440997615456581 
vn 0.004153165966272354 -0.000589524395763874 0.009077646769583225 
vn 0.00928316917270422 -0.001501736929640174 0.0034011094830930233 
vn 0.009457102976739407 -0.000633137533441186 0.0031878422014415264 
vn 0.00869959220290184 -0.000938038865569979 -0.004841195419430733 
vn 0.00820920243859291 -0.0006331389886327088 -0.005675219930708408 
vn 0.001784220919944346 -0.0004586268332786858 -0.009828845970332623 
vn -0.00024521947489120066 0.0018033751985058188 -0.009832990355789661 
vn 0.006402390077710152 0.004987380467355251 -0.00584255438297987 
vn 0.009777741506695747 -0.0005459021194837987 0.002024294575676322 
vn 0.005298382602632046 -0.00037131152930669487 0.00847285520285368 
vn -0.0019507869146764278 -0.00010923101945081726 0.009807268157601357 
vn 0.0040480890311300755 0.0018892635125666857 0.008946712128818035 
vn -0.0012794173089787364 0.0003713145270012319 0.00991086382418871 
vn 0.008819153532385826 -0.0015880765859037638 -0.0044385287910699844 
vn 0.0029937366489320993 -0.0008074590587057173 -0.0095071317628026 
vn 0.0027389556635171175 -0.0005459040403366089 -0.00960208848118782 
vn 0.008343061432242393 0.005100565496832132 0.002092259004712105 
vn 0.0040483963675796986 0.0035680364817380905 -0.008419002406299114 
vn -0.0027795617934316397 -0.005507929250597954 -0.007869990542531013 
vn 0.0004904209636151791 -0.0007639002869836986 -0.009958711452782154 
vn 0.0010925323003903031 -0.002486053854227066 -0.009624235332012177 
vn -0.0055593159049749374 0.003321930766105652 -0.007619631942361593 
vn 0.0040483963675796986 0.0035680364817380905 -0.008419002406299114 
vn 0.001372114522382617 0.00273910048417747 -0.00951917190104723 
vn 0.0009019023855216801 0.0068435585126280785 -0.007235487457364798 
vn -0.0044193207286298275 0.006715082563459873 -0.0059478795155882835 
vn 0.00021845221635885537 0.009997613728046417 -1.6288211890369553e-9 
vn -0.005849537439644337 0.008110666647553444 -1.3213967697822682e-9 
vn -0.009785322472453117 0.0020605928730219603 0.00003771947740460746 
vn -0.008710476569831371 -0.0005895266658626497 -0.004876479506492615 
vn -0.009932967834174633 -0.0011553032090887427 -0.00003773317075683735 
vn -0.006501843221485615 -0.00759767135605216 -0.000037755460652988404 
vn 0.001628595171496272 -0.008867024444043636 -0.004327071830630302 
vn 0.0004904874367639422 -0.0018463386222720146 -0.009815827012062073 
vn 0.004883201792836189 -0.004052726551890373 -0.007728502154350281 
vn -0.00774163706228137 -0.004642767831683159 -0.004302529618144035 
vn 0.004589230287820101 -0.004211878404021263 -0.007822982035577297 
vn -0.0015414927620440722 -0.004604024812579155 -0.008742240257561207 
vn -0.0012803950812667608 -0.0031980136409401894 -0.009387933649122715 
vn 0.002537210239097476 -0.0019750043284147978 -0.009468997828662395 
vn 0.0013358743162825704 -0.004092632792890072 -0.009025841020047665 
vn 0.003683109302073717 -0.0066173798404634 -0.00653031375259161 
vn 0.00043394931708462536 -0.006682644132524729 -0.007426571566611528 
vn 0.009294222109019756 -0.0036901813000440598 6.01208027806166e-10 
vn 0.006827613804489374 -0.007306414190679789 1.1903683594383097e-9 
vn 0.0064160944893956184 -0.006617379374802113 -0.003878663294017315 
vn 0.0060948338359594345 -0.007927988655865192 1.2916359093395613e-9 
vn 0.003683109302073717 -0.0066173798404634 -0.00653031375259161 
vn 0.0013358743162825704 -0.004092632792890072 -0.009025841020047665 
vn 0.0065185148268938065 -0.0026128028985112906 -0.007119144778698683 
vn 0.007176629267632961 -0.00010923375521088019 -0.006963049527257681 
vn 0.009999403730034828 0.00010923262016149238 -1.7796287013482903e-11 
vn 0.00879073515534401 -0.0007203260320238769 -0.004712122958153486 
vn 0.009905431419610977 -0.001372016966342926 2.2353037476552373e-10 
vn 0.002537210239097476 -0.0019750043284147978 -0.009468997828662395 
vn 0.007055465131998062 0.0005022675031796098 -0.0070688147097826 
vn 0.009963723830878735 0.0008510008337907493 -1.3864591419388006e-10 
vn 0.00568939745426178 0.0053612180054187775 -0.0062360321171581745 
vn 0.007231398951262236 0.006907016038894653 -1.1252979659204243e-9 
vn 0.0009019023855216801 0.0068435585126280785 -0.007235487457364798 
vn 0.00021845221635885537 0.009997613728046417 -1.6288211890369553e-9 
vn 0.0040483963675796986 0.0035680364817380905 -0.008419002406299114 
vn 0.001372114522382617 0.00273910048417747 -0.00951917190104723 
vn -0.0015414927620440722 -0.004604024812579155 -0.008742240257561207 
vn -0.00774163706228137 -0.004642767831683159 -0.004302529618144035 
vn -0.006753727328032255 -0.004758463706821203 -0.005634198430925608 
vn -0.0027795617934316397 -0.005507929250597954 -0.007869990542531013 
vn -0.007114906795322895 0.00510056409984827 -0.0048334612511098385 
vn 0.0040483963675796986 0.0035680364817380905 -0.008419002406299114 
vn 0.00392504408955574 0.00502520427107811 -0.007703333627432585 
vn 0.002537210239097476 -0.0019750043284147978 -0.009468997828662395 
vn 0.003968054428696632 -0.0068435585126280785 0.006117209326475859 
vn 0.006956502795219421 -0.0038116900250315666 0.006089177913963795 
vn 0.007229828275740147 0.006907016038894653 0.00015068853099364787 
vn 0.008353747427463531 0.005471406504511833 -0.0005278422613628209 
vn 0.009898641146719456 0.001285404316149652 0.0006038501742295921 
vn 0.005072991829365492 0.0034862677566707134 0.00788103323429823 
vn 0.005174662452191114 0.0021460270509123802 0.008283563889563084 
vn -0.0012043284950777888 -0.0004149714077357203 0.00991853792220354 
vn -0.0019322518492117524 0.0008510024636052549 0.009774569422006607 
vn 0.005287623032927513 0.0035680390428751707 0.007701308000832796 
vn -0.0027012410573661327 0.0006331396289169788 0.009607414714992046 
vn 0.009994546882808208 0.00024029337510000914 -0.0002264724171254784 
vn 0.008818702772259712 0.00286493101157248 -0.003744683461263776 
vn 0.00615869602188468 -0.006452017463743687 0.00452127680182457 
vn 0.0016777969431132078 -0.008007196709513664 0.005750634707510471 
vn -0.004772943910211325 -0.008678401820361614 0.0013799791922792792 
vn -0.00895205419510603 -0.004092630930244923 0.0017638287972658873 
vn -0.009562277235090733 -0.0026128015015274286 0.0013176199281588197 
vn -0.009172702208161354 -0.0031565821263939142 0.0024284827522933483 
vn 0.009307417087256908 -0.0023163931909948587 -0.002829542150720954 
vn 0.00517277279868722 0.00015292134776245803 -0.008556812070310116 
vn 0.005164967384189367 0.004012740682810545 -0.007564458530396223 
vn 0.009753786027431488 -0.000676738447509706 -0.002098969416692853 
vn 0.008718464523553848 0.004526273347437382 -0.001871155691333115 
vn 0.00784392561763525 -0.000676737108733505 0.006165619473904371 
vn 0.007066917605698109 0.0044872695580124855 0.005470200441777706 
vn 0.0008296574815176427 0.00015292437456082553 0.00996435061097145 
vn 0.001278855954296887 0.003972683101892471 0.009087481535971165 
vn 0.006402390077710152 0.0049873823300004005 0.005842552520334721 
vn -0.00024521947489120066 0.00180337845813483 0.009832989424467087 
vn 0.0040480890311300755 0.00188926060218364 -0.00894671306014061 
vn 0.008343061432242393 0.005100564565509558 -0.0020922606345266104 
vn 2.068231052255163e-15 -0.009999999776482582 1.629209989140179e-9 
vn 2.068231052255163e-15 -0.009999999776482582 1.629209989140179e-9 
vn 2.068231052255163e-15 -0.009999999776482582 1.629209989140179e-9 
vn 2.068231052255163e-15 -0.009999999776482582 1.629209989140179e-9 
vn 2.068231052255163e-15 -0.009999999776482582 1.629209989140179e-9 
vn 2.068231052255163e-15 -0.009999999776482582 1.629209989140179e-9 
vn 2.068231052255163e-15 -0.009999999776482582 1.629209989140179e-9 
vn 2.068231052255163e-15 -0.009999999776482582 1.629209989140179e-9 
vn -0.0012794173089787364 0.0003713112964760512 -0.00991086382418871 
vn -0.0011110565392300487 0.0013287216424942017 -0.009848861023783684 
vn -0.007726986892521381 0.00028397125424817204 -0.006341374479234219 
vn -0.0075960769318044186 0.0013720159186050296 -0.006357451900839806 
vn -0.009845558553934097 0.0002839725639205426 0.0017275206046178937 
vn -0.009760354645550251 0.0013720171991735697 0.0016890955157577991 
vn -0.005551870912313461 0.0003713142650667578 0.008308961987495422 
vn -0.005594383925199509 0.0013287246692925692 0.008181525394320488 
vn -0.00024521947489120066 0.00180337845813483 0.009832989424467087 
vn -0.0024638923350721598 0.0010684591252356768 0.009632633998990059 
vn -0.0024638923350721598 0.0010684591252356768 0.009632633998990059 
vn 0.0008296574815176427 0.00015292437456082553 0.00996435061097145 
vn -0.00024521947489120066 0.00180337845813483 0.009832989424467087 
vn 0.001278855954296887 0.003972683101892471 0.009087481535971165 
vn 0.00517277279868722 0.00015292134776245803 -0.008556812070310116 
vn 0.0019489845726639032 0.0010684559820219874 -0.009749864228069782 
vn 0.005164967384189367 0.004012740682810545 -0.007564458530396223 
vn 0.0040480890311300755 0.00188926060218364 -0.00894671306014061 
vn -0.0012794173089787364 0.0003713112964760512 -0.00991086382418871 
vn -0.0011110565392300487 0.0013287216424942017 -0.009848861023783684 
vn 2.068231052255163e-15 -0.009999999776482582 1.629209989140179e-9 
vn 2.068231052255163e-15 -0.009999999776482582 1.629209989140179e-9 
vn 2.068231052255163e-15 -0.009999999776482582 1.629209989140179e-9 
vn 2.068231052255163e-15 -0.009999999776482582 1.629209989140179e-9 
vn -0.004772943910211325 -0.008678401820361614 0.0013799791922792792 
vn -0.00895205419510603 -0.004092630930244923 0.0017638287972658873 
vn -0.0013531777076423168 -0.006146664265543222 -0.007770935073494911 
vn -0.0038678625132888556 -0.0030319364741444588 -0.008709018118679523 
vn -0.009562277235090733 -0.0026128015015274286 0.0013176199281588197 
vn -0.0042115761898458 -0.00315658375620842 -0.008502858690917492 
vn -0.009172702208161354 -0.0031565821263939142 0.0024284827522933483 
vn -0.00462733767926693 -0.004092632792890072 -0.007863720878958702 
vn -0.0002453296910971403 -0.0044090040028095245 -0.008972207084298134 
vn 0.0011293910210952163 -0.000414974638260901 -0.009927349165081978 
vn 0.009307417087256908 -0.0023163931909948587 -0.002829542150720954 
vn 0.0014282971387729049 -0.005250111222267151 -0.00839024968445301 
vn 0.000509178324136883 -0.0011553048389032483 -0.009919979609549046 
vn 0.008818702772259712 0.00286493101157248 -0.003744683461263776 
vn 0.009898641146719456 0.001285404316149652 0.0006038501742295921 
vn -0.005519241094589233 -0.006875354330986738 -0.0047188433818519115 
vn 0.006956502795219421 -0.0038116900250315666 0.006089177913963795 
vn -0.0027138772420585155 -0.009078915230929852 -0.003195021999999881 
vn 0.003968054428696632 -0.0068435585126280785 0.006117209326475859 
vn 0.004047411493957043 -0.002316394355148077 -0.008846060372889042 
vn 0.009994546882808208 0.00024029337510000914 -0.0002264724171254784 
vn -0.00039587210630998015 0.004012740217149258 -0.00915102194994688 
vn 0.007229828275740147 0.006907016038894653 0.00015068853099364787 
vn 0.008353747427463531 0.005471406504511833 -0.0005278422613628209 
vn 0.008447184227406979 0.0036901819985359907 0.0038765498902648687 
vn 0.009927896782755852 0.001198693411424756 -1.9529232397896834e-10 
vn 0.0060948338359594345 -0.007927988655865192 1.2916359093395613e-9 
vn 0.008447184227406979 0.0036901808343827724 -0.003876551054418087 
vn 0.003683109302073717 -0.0066173798404634 -0.00653031375259161 
vn 0.0014815086033195257 0.0057248217053711414 -0.008064214140176773 
vn -0.0012803950812667608 -0.0031980136409401894 -0.009387933649122715 
vn -0.0070457058027386665 0.004448177292943001 -0.005529172718524933 
vn 0.00043394931708462536 -0.006682644132524729 -0.007426571566611528 
vn -0.009357217699289322 0.003527185646817088 -0.00003773706703213975 
vn -0.004892260301858187 -0.008721488527953625 -0.000037762201827717945 
vn 0.003683109302073717 -0.006617377512156963 0.006530315615236759 
vn 0.0014815086033195257 0.005724824033677578 0.008064212277531624 
vn -0.0012803950812667608 -0.003198010614141822 0.00938793458044529 
vn -0.0070457058027386665 0.00444817915558815 0.005529171321541071 
vn 0.00043394931708462536 -0.006682641338557005 0.007426573429256678 
vn -0.009357217699289322 0.003527185646817088 -0.00003773706703213975 
vn -0.004892260301858187 -0.008721488527953625 -0.000037762201827717945 
vn 0.00043394931708462536 -0.006682641338557005 0.007426573429256678 
vn 0.001628595171496272 -0.008867023512721062 0.004327074624598026 
vn -0.004892260301858187 -0.008721488527953625 -0.000037762201827717945 
vn -0.006501843221485615 -0.00759767135605216 -0.000037755460652988404 
vn 0.009307417087256908 -0.002316392259672284 0.002829542849212885 
vn 0.00615869602188468 -0.006452018860727549 -0.0045212749391794205 
vn 0.008818702772259712 0.0028649321757256985 0.003744682529941201 
vn 0.005174662452191114 0.0021460242569446564 -0.008283564820885658 
vn 0.009898641146719456 0.0012854041997343302 -0.0006038506398908794 
vn 0.005072991829365492 0.0034862651955336332 -0.007881034165620804 
vn -0.0012043284950777888 -0.000414974638260901 -0.00991853792220354 
vn 0.0016777969431132078 -0.008007198572158813 -0.005750632379204035 
vn -0.004772943910211325 -0.008678402751684189 -0.0013799763983115554 
vn -0.00895205419510603 -0.00409263139590621 -0.0017638274002820253 
vn -0.0019322518492117524 0.0008509992621839046 -0.009774569422006607 
vn 0.005287623032927513 0.0035680364817380905 -0.007701309397816658 
vn 0.008353747427463531 0.005471406504511833 0.0005278404569253325 
vn 0.006956502795219421 -0.0038116921205073595 -0.006089176516979933 
vn 0.007229828275740147 0.006907016038894653 -0.00015069077198859304 
vn 0.003968054428696632 -0.006843560840934515 -0.006117206998169422 
vn 0.009994546882808208 0.00024029344785958529 0.00022647232981398702 
vn -0.009562277235090733 -0.002612801967188716 -0.0013176191132515669 
vn -0.0027012410573661327 0.0006331364857032895 -0.009607415646314621 
vn -0.009172702208161354 -0.003156582824885845 -0.0024284818209707737 
vn 0.00517277279868722 0.00015292414173018187 0.008556812070310116 
vn 0.009753786027431488 -0.0006767377490177751 0.0020989696495234966 
vn 0.005164967384189367 0.0040127430111169815 0.007564457133412361 
vn 0.008718464523553848 0.004526273813098669 0.0018711541779339314 
vn 0.0040480890311300755 0.0018892635125666857 0.008946712128818035 
vn 0.008343061432242393 0.005100565496832132 0.002092259004712105 
vn 0.007066917605698109 0.004487267695367336 -0.005470202304422855 
vn 0.006402390077710152 0.004987380467355251 -0.00584255438297987 
vn 0.001278855954296887 0.0039726803079247475 -0.00908748246729374 
vn -0.00024521947489120066 0.0018033751985058188 -0.009832990355789661 
vn 0.00784392561763525 -0.0006767390877939761 -0.006165619473904371 
vn 0.0008296574815176427 0.0001529211294837296 -0.00996435061097145 
vn 2.068231052255163e-15 -0.009999999776482582 1.629209989140179e-9 
vn 2.068231052255163e-15 -0.009999999776482582 1.629209989140179e-9 
vn 2.068231052255163e-15 -0.009999999776482582 1.629209989140179e-9 
vn 2.068231052255163e-15 -0.009999999776482582 1.629209989140179e-9 
vn 2.068231052255163e-15 -0.009999999776482582 1.629209989140179e-9 
vn 2.068231052255163e-15 -0.009999999776482582 1.629209989140179e-9 
vn 2.068231052255163e-15 -0.009999999776482582 1.629209989140179e-9 
vn 2.068231052255163e-15 -0.009999999776482582 1.629209989140179e-9 
vn -0.0024638923350721598 0.0010684559820219874 -0.009632633998990059 
vn -0.00024521947489120066 0.0018033751985058188 -0.009832990355789661 
vn -0.005594383925199509 0.0013287219917401671 -0.008181525394320488 
vn -0.005551870912313461 0.0003713115584105253 -0.008308961987495422 
vn -0.009760354645550251 0.0013720167335122824 -0.0016890959814190865 
vn -0.009845558553934097 0.0002839720109477639 -0.0017275207210332155 
vn -0.0075960769318044186 0.0013720180140808225 0.006357451435178518 
vn -0.007726986892521381 0.00028397332062013447 0.006341374479234219 
vn -0.0011110565392300487 0.0013287249021232128 0.00984886009246111 
vn -0.0012794173089787364 0.0003713145270012319 0.00991086382418871 
vn 0.001278855954296887 0.0039726803079247475 -0.00908748246729374 
vn -0.00024521947489120066 0.0018033751985058188 -0.009832990355789661 
vn 0.0008296574815176427 0.0001529211294837296 -0.00996435061097145 
vn -0.0024638923350721598 0.0010684559820219874 -0.009632633998990059 
vn 0.00517277279868722 0.00015292414173018187 0.008556812070310116 
vn 0.0019489845726639032 0.0010684591252356768 0.009749864228069782 
vn 0.005164967384189367 0.0040127430111169815 0.007564457133412361 
vn 0.0040480890311300755 0.0018892635125666857 0.008946712128818035 
vn -0.0012794173089787364 0.0003713145270012319 0.00991086382418871 
vn -0.0011110565392300487 0.0013287249021232128 0.00984886009246111 
vn 2.068231052255163e-15 -0.009999999776482582 1.629209989140179e-9 
vn 2.068231052255163e-15 -0.009999999776482582 1.629209989140179e-9 
vn 2.068231052255163e-15 -0.009999999776482582 1.629209989140179e-9 
vn 2.068231052255163e-15 -0.009999999776482582 1.629209989140179e-9 
vn -0.00895205419510603 -0.00409263139590621 -0.0017638274002820253 
vn -0.0013531777076423168 -0.006146661471575499 0.00777093693614006 
vn -0.004772943910211325 -0.008678402751684189 -0.0013799763983115554 
vn 0.009307417087256908 -0.002316392259672284 0.002829542849212885 
vn -0.0038678625132888556 -0.003031933680176735 0.008709019050002098 
vn -0.009562277235090733 -0.002612801967188716 -0.0013176191132515669 
vn -0.0042115761898458 -0.003156580962240696 0.008502859622240067 
vn -0.009172702208161354 -0.003156582824885845 -0.0024284818209707737 
vn -0.00462733767926693 -0.004092629998922348 0.007863721810281277 
vn -0.0002453296910971403 -0.004409001208841801 0.008972208946943283 
vn 0.0011293910210952163 -0.0004149714077357203 0.009927350096404552 
vn 0.000509178324136883 -0.0011553015792742372 0.00991998054087162 
vn 0.0014282971387729049 -0.005250108893960714 0.00839025154709816 
vn 0.008818702772259712 0.0028649321757256985 0.003744682529941201 
vn 0.009898641146719456 0.0012854041997343302 -0.0006038506398908794 
vn -0.005519241094589233 -0.006875352468341589 0.004718845244497061 
vn 0.006956502795219421 -0.0038116921205073595 -0.006089176516979933 
vn -0.0027138772420585155 -0.009078914299607277 0.0031950250267982483 
vn 0.003968054428696632 -0.006843560840934515 -0.006117206998169422 
vn 0.004047411493957043 -0.0023163913283497095 0.008846061304211617 
vn 0.009994546882808208 0.00024029344785958529 0.00022647232981398702 
vn -0.00039587210630998015 0.0040127430111169815 0.009151021018624306 
vn 0.007229828275740147 0.006907016038894653 -0.00015069077198859304 
vn 0.008353747427463531 0.005471406504511833 0.0005278404569253325 
vn -0.004892260301858187 -0.008721488527953625 -0.000037762201827717945 
vn -0.006501843221485615 -0.00759767135605216 -0.000037755460652988404 
vn 0.00043394931708462536 -0.006682644132524729 -0.007426571566611528 
vn 0.001628595171496272 -0.008867024444043636 -0.004327071830630302 
vn 2.068231052255163e-15 -0.009999999776482582 1.629209989140179e-9 
vn 2.068231052255163e-15 -0.009999999776482582 1.629209989140179e-9 
vn 2.068231052255163e-15 -0.009999999776482582 1.629209989140179e-9 
vn 2.068231052255163e-15 -0.009999999776482582 1.629209989140179e-9 
vn 2.068231052255163e-15 -0.009999999776482582 1.629209989140179e-9 
vn 2.068231052255163e-15 -0.009999999776482582 1.629209989140179e-9 
vn 2.068231052255163e-15 -0.009999999776482582 1.629209989140179e-9 
vn 2.068231052255163e-15 -0.009999999776482582 1.629209989140179e-9 
vn 2.068231052255163e-15 -0.009999999776482582 1.629209989140179e-9 
vn 2.068231052255163e-15 -0.009999999776482582 1.629209989140179e-9 
vn 2.068231052255163e-15 -0.009999999776482582 1.629209989140179e-9 
vn 2.068231052255163e-15 -0.009999999776482582 1.629209989140179e-9 
vn 2.068231052255163e-15 -0.009999999776482582 1.629209989140179e-9 
vn 2.068231052255163e-15 -0.009999999776482582 1.629209989140179e-9 
vn 2.068231052255163e-15 -0.009999999776482582 1.629209989140179e-9 
vn 2.068231052255163e-15 -0.009999999776482582 1.629209989140179e-9 
vt 0.44615522027015686 0.6238441467285156 
vt 0.43576696515083313 0.600142240524292 
vt 0.5053800940513611 0.6182461977005005 
vt 0.49260374903678894 0.568103015422821 
vt 0.4223936200141907 0.5626241564750671 
vt 0.49272316694259644 0.5062875151634216 
vt 0.41881147027015686 0.5062875151634216 
vt 0.4223936200141907 0.4498317241668701 
vt 0.38310936093330383 0.44506752490997314 
vt 0.38346758484840393 0.5062875151634216 
vt 0.38310936093330383 0.5675074458122253 
vt 0.3238844871520996 0.5254634022712708 
vt 0.36125826835632324 0.577631413936615 
vt 0.30979469418525696 0.548212468624115 
vt 0.3261531889438629 0.5062875151634216 
vt 0.3238844871520996 0.4869924783706665 
vt 0.36125826835632324 0.43494361639022827 
vt 0.30979469418525696 0.46424344182014465 
vt 0.43576696515083313 0.4124327600002289 
vt 0.49260374903678894 0.4443528950214386 
vt 0.44615522027015686 0.388611763715744 
vt 0.5053800940513611 0.39420968294143677 
vt 0.5446643233299255 0.44602036476135254 
vt 0.5437090992927551 0.5062875151634216 
vt 0.6160685420036316 0.44995084404945374 
vt 0.6134416460990906 0.5062875151634216 
vt 0.6160685420036316 0.5625050663948059 
vt 0.5446643233299255 0.5664355158805847 
vt 0.6238298416137695 0.6153876781463623 
vt 0.554216742515564 0.6218193769454956 
vt 0.554216742515564 0.39063653349876404 
vt 0.6238298416137695 0.39718732237815857 
vt 0.01259566005319357 0.6449257135391235 
vt 0.052596334367990494 0.672558069229126 
vt 0.0808953195810318 0.6426627039909363 
vt 0.0816117525100708 0.6872079968452454 
vt 0.06071587651968002 0.728656530380249 
vt 0.025610804557800293 0.5812045335769653 
vt 0.08841783553361893 0.5739391446113586 
vt 0.03587963432073593 0.5285601615905762 
vt 0.08638794720172882 0.5251060724258423 
vt 0.08388044685125351 0.4528093636035919 
vt 0.14191126823425293 0.4516183137893677 
vt 0.14191126823425293 0.523557722568512 
vt 0.19743460416793823 0.5251060724258423 
vt 0.19994211196899414 0.4528093636035919 
vt 0.24782350659370422 0.5285601615905762 
vt 0.24830113351345062 0.454238623380661 
vt 0.03552142158150673 0.454238623380661 
vt 0.19540470838546753 0.5739391446113586 
vt 0.25821173191070557 0.5812045335769653 
vt 0.20292723178863525 0.6426627039909363 
vt 0.2712268829345703 0.6449257135391235 
vt 0.23122622072696686 0.672558069229126 
vt 0.20209139585494995 0.6872079968452454 
vt 0.22310668230056763 0.728656530380249 
vt 0.1622101217508316 0.7284183502197266 
vt 0.17713575065135956 0.7537876963615417 
vt 0.2380322962999344 0.7643880248069763 
vt 0.14191126823425293 0.7285374402999878 
vt 0.14191126823425293 0.6899474263191223 
vt 0.14191126823425293 0.6394469141960144 
vt 0.14191126823425293 0.5715570449829102 
vt 0.12149301916360855 0.7284183502197266 
vt 0.1066868007183075 0.7537876963615417 
vt 0.04579025134444237 0.7643880248069763 
vt 0.7852653861045837 0.7076940536499023 
vt 0.7598321437835693 0.7101952433586121 
vt 0.7840713858604431 0.7213911414146423 
vt 0.7569664120674133 0.7237732410430908 
vt 0.7796533703804016 0.7493808269500732 
vt 0.7498021125793457 0.7543832063674927 
vt 0.7712950110435486 0.8133401870727539 
vt 0.7429960370063782 0.8151267766952515 
vt 0.7625784873962402 0.8329924941062927 
vt 0.7383392453193665 0.8294193744659424 
vt 0.7428766489028931 0.8503818511962891 
vt 0.7579216957092285 0.8512156009674072 
vt 0.764369547367096 0.8681284785270691 
vt 0.7903998494148254 0.8419253826141357 
vt 0.8132061958312988 0.8505009412765503 
vt 0.7820414900779724 0.8944507241249084 
vt 0.7426378130912781 0.8786097168922424 
vt 0.7471752166748047 0.9049319624900818 
vt 0.8007880449295044 0.8113154172897339 
vt 0.80269855260849 0.7444974780082703 
vt 0.8052060604095459 0.7188899517059326 
vt 0.8059225082397461 0.7044782042503357 
vt 0.8296840786933899 0.7063838839530945 
vt 0.8292064666748047 0.722463071346283 
vt 0.8307586908340454 0.7484279870986938 
vt 0.8268183469772339 0.8042882084846497 
vt 0.8538038730621338 0.8098861575126648 
vt 0.854281485080719 0.7584328055381775 
vt 0.8739833235740662 0.8196527361869812 
vt 0.8764908313751221 0.765579104423523 
vt 0.8544009327888489 0.7297284603118896 
vt 0.8757743835449219 0.7341353893280029 
vt 0.8548785448074341 0.7131729125976562 
vt 0.8758938312530518 0.7182943820953369 
vt 0.9002524018287659 0.7162696123123169 
vt 0.900610625743866 0.730681300163269 
vt 0.903476357460022 0.762839674949646 
vt 0.903476357460022 0.8240596652030945 
vt 0.8698041439056396 0.8535977005958557 
vt 0.8366095423698425 0.8724162578582764 
vt 0.8998942375183105 0.8391859531402588 
vt 0.9010882377624512 0.8612204194068909 
vt 0.8756549954414368 0.8769422769546509 
vt 0.8517739772796631 0.8923068046569824 
vt 0.5086040496826172 0.9416162967681885 
vt 0.49535006284713745 0.9451894164085388 
vt 0.5041860342025757 0.9292293787002563 
vt 0.4911709129810333 0.9312541484832764 
vt 0.500126302242279 0.9173188805580139 
vt 0.4879469573497772 0.9183908104896545 
vt 0.3995872735977173 0.9451894164085388 
vt 0.4025723934173584 0.9700823426246643 
vt 0.36245229840278625 0.9756802916526794 
vt 0.36066123843193054 0.9515019655227661 
vt 0.3433475196361542 0.9779433012008667 
vt 0.33845189213752747 0.9536458849906921 
vt 0.3693777918815613 0.9324451684951782 
vt 0.34251168370246887 0.9322069883346558 
vt 0.3500341773033142 0.9062420725822449 
vt 0.3772585391998291 0.9067184925079346 
vt 0.4065127670764923 0.9039791226387024 
vt 0.4031694233417511 0.9256561994552612 
vt 0.4867529273033142 0.9023116230964661 
vt 0.49821579456329346 0.9020734429359436 
vt 0.49929043650627136 0.8888527750968933 
vt 0.487469345331192 0.8877807855606079 
vt 0.4044828712940216 0.8807536363601685 
vt 0.3763032853603363 0.8817064762115479 
vt 0.3533775210380554 0.8815873265266418 
vt 0.36651208996772766 0.8620541095733643 
vt 0.3474072813987732 0.8606248497962952 
vt 0.33845189213752747 0.8356128334999084 
vt 0.35755670070648193 0.8359701633453369 
vt 0.3981544077396393 0.8377566933631897 
vt 0.399945467710495 0.8614585995674133 
vt 0.48926040530204773 0.8747983574867249 
vt 0.5020367503166199 0.8768231272697449 
vt 0.505260705947876 0.8615776896476746 
vt 0.49188733100891113 0.8586000800132751 
vt 0.5557690262794495 0.12372224032878876 
vt 0.5006039142608643 0.140635147690773 
vt 0.5376194715499878 0.16910123825073242 
vt 0.49749937653541565 0.16767197847366333 
vt 0.5229326486587524 0.10907232761383057 
vt 0.4269310235977173 0.10264065861701965 
vt 0.44627460837364197 0.07334082573652267 
vt 0.33689963817596436 0.05225924029946327 
vt 0.3451385796070099 0.03284512460231781 
vt 0.3188694715499878 0.01926715485751629 
vt 0.31254100799560547 0.03951500356197357 
vt 0.3021527826786041 0.05654701963067055 
vt 0.3249591290950775 0.07048230618238449 
vt 0.2880629897117615 0.07024409621953964 
vt 0.3992290496826172 0.120982825756073 
vt 0.46669286489486694 0.16231225430965424 
vt 0.49618589878082275 0.19447061419487 
vt 0.49630531668663025 0.2190062403678894 
vt 0.5309327840805054 0.2190062403678894 
vt 0.5376194715499878 0.26879212260246277 
vt 0.49618589878082275 0.2435418665409088 
vt 0.44006556272506714 0.2190062403678894 
vt 0.43576696515083313 0.23341794312000275 
vt 0.43576696515083313 0.20459453761577606 
vt 0.42108017206192017 0.17577113211154938 
vt 0.369974821805954 0.13146406412124634 
vt 0.30991411209106445 0.08644237369298935 
vt 0.271823912858963 0.08370295912027359 
vt 0.2946302592754364 0.10109228640794754 
vt 0.3431087136268616 0.14849607646465302 
vt 0.3752286434173584 0.18101175129413605 
vt 0.38621389865875244 0.20542827248573303 
vt 0.38884082436561584 0.2190062403678894 
vt 0.38621389865875244 0.23258420825004578 
vt 0.3752286434173584 0.25688162446022034 
vt 0.42108017206192017 0.2622413635253906 
vt 0.3431087136268616 0.2895163893699646 
vt 0.369974821805954 0.30654841661453247 
vt 0.2946302592754364 0.33692020177841187 
vt 0.46669286489486694 0.2757002115249634 
vt 0.49749937653541565 0.27022138237953186 
vt 0.5006039142608643 0.2973773181438446 
vt 0.5557690262794495 0.31429022550582886 
vt 0.5229326486587524 0.32894015312194824 
vt 0.4269310235977173 0.33537182211875916 
vt 0.44627460837364197 0.36467164754867554 
vt 0.33689963817596436 0.3856341242790222 
vt 0.3451385796070099 0.4051673412322998 
vt 0.3188694715499878 0.41874533891677856 
vt 0.31254100799560547 0.3983783721923828 
vt 0.3021527826786041 0.38146546483039856 
vt 0.3249591290950775 0.3674110770225525 
vt 0.2880629897117615 0.36776837706565857 
vt 0.3992290496826172 0.3170296549797058 
vt 0.30991411209106445 0.35157009959220886 
vt 0.271823912858963 0.3543095290660858 
vt 0.6001876592636108 0.2454475462436676 
vt 0.5775007009506226 0.23818214237689972 
vt 0.5999488830566406 0.20995426177978516 
vt 0.5772619247436523 0.20411811769008636 
vt 0.5790529847145081 0.15850089490413666 
vt 0.6024563312530518 0.16397972404956818 
vt 0.5994712114334106 0.010929805226624012 
vt 0.6151133179664612 0.013550114817917347 
vt 0.622755229473114 0.16564719378948212 
vt 0.6296806931495667 0.01474116463214159 
vt 0.6222776174545288 0.25009265542030334 
vt 0.6222776174545288 0.21412293612957 
vt 0.6454421877861023 0.21471846103668213 
vt 0.644128680229187 0.16326509416103363 
vt 0.6444869041442871 0.014383849687874317 
vt 0.6687261462211609 0.15814357995986938 
vt 0.668845534324646 0.21102620661258698 
vt 0.668845534324646 0.24437560141086578 
vt 0.6453227400779724 0.24973532557487488 
vt 0.6586961150169373 0.014622059650719166 
vt 0.6884279847145081 0.6436155438423157 
vt 0.7213837504386902 0.6449257135391235 
vt 0.6832935214042664 0.6661264300346375 
vt 0.7149358987808228 0.6674365401268005 
vt 0.7133836150169373 0.6898282766342163 
vt 0.682338297367096 0.6883990168571472 
vt 0.6859204769134521 0.7103143930435181 
vt 0.6366062164306641 0.7091233134269714 
vt 0.6397107243537903 0.733420729637146 
vt 0.49726054072380066 0.7146021723747253 
vt 0.5041860342025757 0.7000713348388672 
vt 0.6361285448074341 0.6879225969314575 
vt 0.6392331123352051 0.6658881902694702 
vt 0.6440092921257019 0.6408761739730835 
vt 0.49905163049697876 0.6749401688575745 
vt 0.49654412269592285 0.6611239910125732 
vt 0.7173239588737488 0.7113863229751587 
vt 0.7236524224281311 0.733420729637146 
vt 0.6912936568260193 0.7324678897857666 
vt 0.5047830939292908 0.6891136765480042 
vt 0.03265570104122162 0.35014083981513977 
vt 0.011162799783051014 0.3693167567253113 
vt 0.04698430001735687 0.36574360728263855 
vt 0.02274508588016033 0.3874207139015198 
vt 0.03611844405531883 0.40302345156669617 
vt 0.07647733390331268 0.29761552810668945 
vt 0.10525394231081009 0.31238454580307007 
vt 0.10429870337247849 0.2592637240886688 
vt 0.14644867181777954 0.2685539126396179 
vt 0.11432871967554092 0.23258420825004578 
vt 0.16758334636688232 0.23842035233974457 
vt 0.17092669010162354 0.21972087025642395 
vt 0.11373169720172882 0.21972087025642395 
vt 0.11432871967554092 0.2067384272813797 
vt 0.16758334636688232 0.2009022831916809 
vt 0.14644867181777954 0.17076870799064636 
vt 0.10429870337247849 0.18005891144275665 
vt 0.10525394231081009 0.1269380748271942 
vt 0.07647733390331268 0.14170709252357483 
vt 0.04698430001735687 0.07357903569936752 
vt 0.03265570104122162 0.08930089324712753 
vt 0.011162799783051014 0.07012499123811722 
vt 0.02274508588016033 0.051901925355196 
vt 0.03611844405531883 0.03641827404499054 
vt 0.06238754466176033 0.05857180431485176 
vt 0.05152168869972229 0.02367403917014599 
vt 0.1349857896566391 0.11943446099758148 
vt 0.19373305141925812 0.16481345891952515 
vt 0.2399427741765976 0.19316045939922333 
vt 0.2395845651626587 0.21972087025642395 
vt 0.2752866744995117 0.21972087025642395 
vt 0.2399427741765976 0.24628128111362457 
vt 0.27934643626213074 0.173984557390213 
vt 0.23337550461292267 0.1483769714832306 
vt 0.1631653606891632 0.10692843794822693 
vt 0.07802960276603699 0.04368368163704872 
vt 0.06823839247226715 0.010810700245201588 
vt 0.09259700775146484 0.028319135308265686 
vt 0.1853746920824051 0.08263101428747177 
vt 0.25904756784439087 0.12241208553314209 
vt 0.29080930352211 0.13551363348960876 
vt 0.27934643626213074 0.2654571831226349 
vt 0.23337550461292267 0.2910647690296173 
vt 0.19373305141925812 0.27462828159332275 
vt 0.1631653606891632 0.33251330256462097 
vt 0.1853746920824051 0.3566916286945343 
vt 0.09259700775146484 0.411122590303421 
vt 0.29080930352211 0.3038089871406555 
vt 0.25904756784439087 0.3169105648994446 
vt 0.1349857896566391 0.319888174533844 
vt 0.07802960276603699 0.39563894271850586 
vt 0.06823839247226715 0.42851194739341736 
vt 0.05152168869972229 0.41576769948005676 
vt 0.06238754466176033 0.38086992502212524 
vt 0.12077659368515015 0.7752265930175781 
vt 0.14131425321102142 0.8114345073699951 
vt 0.15695630013942719 0.7746310830116272 
vt 0.20304663479328156 0.8150076866149902 
vt 0.17665812373161316 0.8226304054260254 
vt 0.1625683456659317 0.8602675795555115 
vt 0.19504649937152863 0.8426400423049927 
vt 0.19803161919116974 0.8692004084587097 
vt 0.22143501043319702 0.8613395094871521 
vt 0.23588301241397858 0.8755130171775818 
vt 0.23421134054660797 0.8471660017967224 
vt 0.1379709094762802 0.8560988903045654 
vt 0.15719512104988098 0.8798007965087891 
vt 0.12997077405452728 0.8818255662918091 
vt 0.19564352929592133 0.8789670467376709 
vt 0.2445995807647705 0.8994531035423279 
vt 0.2615550756454468 0.8562179803848267 
vt 0.2706298530101776 0.8664610385894775 
vt 0.2947496771812439 0.8976665139198303 
vt 0.25749531388282776 0.9125546813011169 
vt 0.31337684392929077 0.9430455565452576 
vt 0.25845056772232056 0.9611495137214661 
vt 0.2124796360731125 0.9578145742416382 
vt 0.17235955595970154 0.9037408828735352 
vt 0.15612046420574188 0.9376857876777649 
vt 0.12077659368515015 0.9278001189231873 
vt 0.775593638420105 0.43279972672462463 
vt 0.8058030605316162 0.4599556624889374 
vt 0.8129673600196838 0.4434000551700592 
vt 0.845923125743866 0.46507716178894043 
vt 0.8486694693565369 0.437444806098938 
vt 0.843296229839325 0.40349987149238586 
vt 0.8135644197463989 0.4189835488796234 
vt 0.7970865368843079 0.38980281352996826 
vt 0.7539812922477722 0.3930186331272125 
vt 0.7777429223060608 0.42017459869384766 
vt 0.759235143661499 0.42601072788238525 
vt 0.8486694693565369 0.3483542799949646 
vt 0.7864594459533691 0.3649098575115204 
vt 0.7440707087516785 0.3757484257221222 
vt 0.7677128911018372 0.32608163356781006 
vt 0.7315331697463989 0.3273918032646179 
vt 0.7993552088737488 0.28594323992729187 
vt 0.7511155605316162 0.26378971338272095 
vt 0.8418633937835693 0.3266771733760834 
vt 0.8345797061920166 0.3135755956172943 
vt 0.28698834776878357 0.5658400058746338 
vt 0.28471964597702026 0.5956162214279175 
vt 0.2921227514743805 0.5951398015022278 
vt 0.2955855131149292 0.6211047172546387 
vt 0.2990482449531555 0.6120527386665344 
vt 0.3204217553138733 0.6121718287467957 
vt 0.31242161989212036 0.6059783697128296 
vt 0.3204217553138733 0.5814427733421326 
vt 0.4617972671985626 0.7637925148010254 
vt 0.4594091773033142 0.7892809510231018 
vt 0.4481850862503052 0.7651026844978333 
vt 0.44579699635505676 0.79213947057724 
vt 0.42012491822242737 0.7693904638290405 
vt 0.41522932052612305 0.7992858290672302 
vt 0.35612383484840393 0.7777277827262878 
vt 0.3543327748775482 0.8060747981071472 
vt 0.33654141426086426 0.7865415811538696 
vt 0.34012356400489807 0.810719907283783 
vt 0.3192276954650879 0.8061938881874084 
vt 0.3183918595314026 0.7911866307258606 
vt 0.3014363646507263 0.7847549915313721 
vt 0.3275860548019409 0.7586709856987 
vt 0.3191083073616028 0.7359219193458557 
vt 0.27504783868789673 0.7671274542808533 
vt 0.2909287214279175 0.8064321279525757 
vt 0.2646596133708954 0.8019061088562012 
vt 0.35815373063087463 0.7483088374137878 
vt 0.4250205159187317 0.746403157711029 
vt 0.450573205947876 0.7439019680023193 
vt 0.46514061093330383 0.7431873679161072 
vt 0.4632301330566406 0.7194854617118835 
vt 0.44711044430732727 0.7199618816375732 
vt 0.4211995601654053 0.7182943820953369 
vt 0.41105014085769653 0.6948307156562805 
vt 0.35970598459243774 0.6953071355819702 
vt 0.3499147891998291 0.6750592589378357 
vt 0.2971377670764923 0.7124582529067993 
vt 0.3158843517303467 0.679347038269043 
vt 0.2926003932952881 0.6733918190002441 
vt 0.2771971523761749 0.6973319053649902 
vt 0.36531803011894226 0.7223439812660217 
vt 0.30836185812950134 0.648022472858429 
vt 0.33045175671577454 0.6492134928703308 
vt 0.34549680352211 0.6456403732299805 
vt 0.4040052592754364 0.672558069229126 
vt 0.43982675671577454 0.6947116255760193 
vt 0.4564240574836731 0.6941160559654236 
vt 0.4354087710380554 0.6733918190002441 
vt 0.4511702358722687 0.6732727289199829 
vt 0.4533195197582245 0.6487370729446411 
vt 0.43887150287628174 0.6483797430992126 
vt 0.4067515730857849 0.6456403732299805 
vt 0.8831775188446045 0.1151466816663742 
vt 0.8955956101417542 0.1195535659790039 
vt 0.8797147870063782 0.1283673346042633 
vt 0.8936851620674133 0.13265511393547058 
vt 0.8547590970993042 0.22126923501491547 
vt 0.8797147870063782 0.22412775456905365 
vt 0.8491470813751221 0.26128852367401123 
vt 0.8733863234519958 0.2630750834941864 
vt 0.8468784093856812 0.2803453207015991 
vt 0.87123703956604 0.2852286100387573 
vt 0.9075361490249634 0.12360313534736633 
vt 0.9064614772796631 0.1357518434524536 
vt 0.8991777896881104 0.22055460512638092 
vt 0.8923717141151428 0.2543804347515106 
vt 0.8927299380302429 0.2811790406703949 
vt 0.9186407923698425 0.27367544174194336 
vt 0.9181631803512573 0.246400386095047 
vt 0.9431188106536865 0.2473532259464264 
vt 0.9433576464653015 0.2703405022621155 
vt 0.9628206491470337 0.2572389543056488 
vt 0.9642534852027893 0.2762957513332367 
vt 0.9892091751098633 0.2852286100387573 
vt 0.9888509511947632 0.26617181301116943 
vt 0.9871792793273926 0.22567611932754517 
vt 0.963417649269104 0.22377043962478638 
vt 0.96628338098526 0.1318213790655136 
vt 0.922819972038269 0.12550881505012512 
vt 0.9440740942955017 0.21924445033073425 
vt 0.9209095239639282 0.21721966564655304 
vt 0.922581136226654 0.13694289326667786 
vt 0.9360739588737488 0.1244368702173233 
vt 0.9370291829109192 0.13634736835956573 
vt 0.9500443339347839 0.13444168865680695 
vt 0.9632982611656189 0.11848162114620209 
vt 0.9481338262557983 0.12169745564460754 
vt 0.7321301698684692 0.5358255505561829 
vt 0.7093238234519958 0.5416616797447205 
vt 0.7317719459533691 0.5697704553604126 
vt 0.7092044353485107 0.5770358443260193 
vt 0.6869950890541077 0.581680953502655 
vt 0.7303391098976135 0.49008920788764954 
vt 0.7068163156509399 0.49556803703308105 
vt 0.6869950890541077 0.5457112789154053 
vt 0.6865174770355225 0.497235506772995 
vt 0.6639499068260193 0.5463067889213562 
vt 0.6639499068260193 0.5813236236572266 
vt 0.6404271721839905 0.5759639143943787 
vt 0.6404271721839905 0.5426145195960999 
vt 0.6651439666748047 0.4948534071445465 
vt 0.6795920133590698 0.3463294804096222 
vt 0.6941593885421753 0.34513843059539795 
vt 0.709801435470581 0.3425181210041046 
vt 0.6647857427597046 0.3459721803665161 
vt 0.6405465602874756 0.48973190784454346 
vt 0.6505765914916992 0.34621039032936096 
vt 0.7770264744758606 0.0470186211168766 
vt 0.7545783519744873 0.05214013531804085 
vt 0.7758324146270752 0.014026534743607044 
vt 0.7532649040222168 0.020458204671740532 
vt 0.7308167219161987 0.022006569430232048 
vt 0.7322496175765991 0.05309297516942024 
vt 0.7103984951972961 0.04951982572674751 
vt 0.7115925550460815 0.09871018677949905 
vt 0.6872339248657227 0.09573256224393845 
vt 0.7060999274253845 0.2380630373954773 
vt 0.72066730260849 0.23115494847297668 
vt 0.7328466176986694 0.09918660670518875 
vt 0.7548171281814575 0.09608987718820572 
vt 0.7798922061920166 0.09144478291273117 
vt 0.7457423806190491 0.23627646267414093 
vt 0.7594739198684692 0.23889677226543427 
vt 0.7093238234519958 0.018076105043292046 
vt 0.6872339248657227 0.011763540096580982 
vt 0.6881891489028931 0.044040996581315994 
vt 0.7315331697463989 0.230678528547287 
vt 0.8195346593856812 0.5633388161659241 
vt 0.832430362701416 0.577512264251709 
vt 0.8178629875183105 0.5916857719421387 
vt 0.8582218885421753 0.5951398015022278 
vt 0.8091464042663574 0.6156259179115295 
vt 0.7921909093856812 0.5723907947540283 
vt 0.7831161022186279 0.5826337933540344 
vt 0.758996307849884 0.613839328289032 
vt 0.7962507009506226 0.6287274360656738 
vt 0.7403691411018372 0.6592183113098145 
vt 0.7952954173088074 0.677322268486023 
vt 0.8412663340568542 0.6739873290061951 
vt 0.8813864588737488 0.6199136972427368 
vt 0.8976255059242249 0.6538586020469666 
vt 0.9329693913459778 0.6439728736877441 
vt 0.9237751960754395 0.597998321056366 
vt 0.8966702818870544 0.595973551273346 
vt 0.8557143807411194 0.5853732228279114 
vt 0.8586995005607605 0.5588127970695496 
vt 0.8911776542663574 0.5764403343200684 
vt 0.8770878314971924 0.5388031601905823 
vt 0.9124317169189453 0.5276073217391968 
vt 0.8506993651390076 0.5311804413795471 
vt 0.8967896699905396 0.4908038377761841 
vt 0.9329693913459778 0.4913993775844574 
vt 0.9157750606536865 0.5722716450691223 
vt 0.6561886072158813 0.7896382808685303 
vt 0.6834129691123962 0.8198909759521484 
vt 0.6668156385421753 0.8270372748374939 
vt 0.6885473728179932 0.859910249710083 
vt 0.6608453989028931 0.8627687692642212 
vt 0.6269344091415405 0.8572899103164673 
vt 0.6423376202583313 0.8276327848434448 
vt 0.6132028102874756 0.8110771775245667 
vt 0.6164267659187317 0.7680802941322327 
vt 0.6435316801071167 0.7919012904167175 
vt 0.6493825316429138 0.7733209133148193 
vt 0.5717692971229553 0.8627687692642212 
vt 0.5883665680885315 0.8004768490791321 
vt 0.5992324352264404 0.7581945657730103 
vt 0.5495599508285522 0.7817773818969727 
vt 0.5507540106773376 0.7455694675445557 
vt 0.5093204379081726 0.8133401870727539 
vt 0.4872305393218994 0.7651026844978333 
vt 0.5500375628471375 0.8559798002243042 
vt 0.5370224118232727 0.8485952615737915 
vt 0.6444869041442871 0.2729608118534088 
vt 0.6742187738418579 0.27069780230522156 
vt 0.6737411618232727 0.27808231115341187 
vt 0.6997714638710022 0.28153637051582336 
vt 0.6908160448074341 0.2849904000759125 
vt 0.690935492515564 0.3063102066516876 
vt 0.6847264170646667 0.298330157995224 
vt 0.6601289510726929 0.3063102066516876 
vt 0.9312977194786072 0.88444584608078 
vt 0.950163722038269 0.9025498628616333 
vt 0.9609101414680481 0.8959990739822388 
vt 0.9794179201126099 0.9200582504272461 
vt 0.9480144381523132 0.9141030311584473 
vt 0.9404919147491455 0.9328024983406067 
vt 0.9067003130912781 0.928157389163971 
vt 0.9051480293273926 0.9551942348480225 
vt 0.9382232427597046 0.9553133249282837 
vt 0.9751193523406982 0.9368520975112915 
vt 0.9728506803512573 0.9581718444824219 
vt 0.936312735080719 0.8778951168060303 
vt 0.9095660448074341 0.9099343419075012 
vt 0.8540427088737488 0.9299439787864685 
vt 0.8547590970993042 0.9431646466255188 
vt 0.8495053052902222 0.9538840651512146 
vt 0.9075361490249634 0.9808018207550049 
vt 0.9439546465873718 0.9808018207550049 
vt 0.9733282923698425 0.9765140414237976 
vt 0.8498635292053223 0.9192245602607727 
vt 0.9542235136032104 0.07310261577367783 
vt 0.9438352584838867 0.06762378662824631 
vt 0.9623430371284485 0.05666612461209297 
vt 0.9519547820091248 0.053450290113687515 
vt 0.963895320892334 0.029629290103912354 
vt 0.9519547820091248 0.03224959969520569 
vt 0.955536961555481 0.011525330133736134 
vt 0.9440740942955017 0.017242370173335075 
vt 0.8664608001708984 0.031892284750938416 
vt 0.8601323366165161 0.016408635303378105 
vt 0.8601323366165161 0.05928643420338631 
vt 0.8663414120674133 0.04439831152558327 
vt 0.9763134121894836 0.7059074640274048 
vt 0.9779850840568542 0.7778468728065491 
vt 0.9603131413459778 0.7154358625411987 
vt 0.9656863808631897 0.7910675406455994 
vt 0.9603131413459778 0.7154358625411987 
vt 0.9656863808631897 0.7910675406455994 
vt 0.9474173784255981 0.7143639326095581 
vt 0.9407307505607605 0.7910675406455994 
vt 0.5121861696243286 0.021053729578852654 
vt 0.551589846611023 0.012120855040848255 
vt 0.5144549012184143 0.03677558898925781 
vt 0.5550525784492493 0.03177317976951599 
vt 0.5154101252555847 0.05118729546666145 
vt 0.5564854145050049 0.050710875540971756 
vt 0.5150519013404846 0.06583721190690994 
vt 0.5555301904678345 0.06976767629384995 
vt 0.5121861696243286 0.07989159971475601 
vt 0.5530226826667786 0.0871570035815239 
vt 0.24734589457511902 0.4046909213066101 
vt 0.17403121292591095 0.4046909213066101 
vt 0.24865934252738953 0.36336150765419006 
vt 0.17319539189338684 0.3928995430469513 
vt 0.30406326055526733 0.2703405022621155 
vt 0.30418267846107483 0.19840107858181 
vt 0.3156455457210541 0.27117422223091125 
vt 0.3456161916255951 0.1969718188047409 
vt 0.3444221615791321 0.18303653597831726 
vt 0.30406326055526733 0.1812499612569809 
vt 0.9474173784255981 0.7143639326095581 
vt 0.9407307505607605 0.7910675406455994 
vt 0.9320141673088074 0.7029298543930054 
vt 0.9296260476112366 0.7761794328689575 
vt 0.9080137610435486 0.3071439266204834 
vt 0.9421635866165161 0.3587163984775543 
vt 0.9022822976112366 0.3141711354255676 
vt 0.9298648834228516 0.3616940379142761 
vt 0.9493278861045837 0.392304003238678 
vt 0.9366709589958191 0.39849746227264404 
vt 0.9582832455635071 0.4173160791397095 
vt 0.9457457065582275 0.42601072788238525 
vt 0.9099242091178894 0.409097820520401 
vt 0.930581271648407 0.4361346662044525 
vt 0.8726698756217957 0.3135755956172943 
vt 0.8858044147491455 0.3169105648994446 
vt 0.8996554017066956 0.3688403367996216 
vt 0.8803117871284485 0.37265169620513916 
vt 0.8916552662849426 0.4086214005947113 
vt 0.89858078956604 0.42851194739341736 
vt 0.8910582661628723 0.41874533891677856 
vt 0.881625235080719 0.4360155463218689 
vt 0.8726698756217957 0.43244239687919617 
vt 0.8829386830329895 0.4389931857585907 
vt 0.8750579953193665 0.4449484348297119 
vt 0.900610625743866 0.44066065549850464 
vt 0.9003718495368958 0.45054635405540466 
vt 0.9283125996589661 0.45388129353523254 
vt 0.8374453783035278 0.08691879361867905 
vt 0.8374453783035278 0.10692843794822693 
vt 0.8130868077278137 0.10692843794822693 
vt 0.8374453783035278 0.12705717980861664 
vt 0.8102210760116577 0.1253897100687027 
vt 0.8346990942955017 0.15564237534999847 
vt 0.8052060604095459 0.15290296077728271 
vt 0.8308781385421753 0.18267922103405 
vt 0.8038926124572754 0.1817263811826706 
vt 0.8314751386642456 0.20233154296875 
vt 0.8035343885421753 0.2003067582845688 
vt 0.8102210760116577 0.08858626335859299 
vt 0.8346990942955017 0.05821448937058449 
vt 0.8052060604095459 0.06095390394330025 
vt 0.8308781385421753 0.031296759843826294 
vt 0.8038926124572754 0.03224959969520569 
vt 0.8314751386642456 0.011644435115158558 
vt 0.8035343885421753 0.013669219799339771 
vt 0.9449098706245422 0.516768753528595 
vt 0.9723730683326721 0.5110517144203186 
vt 0.939178466796875 0.5403515100479126 
vt 0.9723730683326721 0.5605993866920471 
vt 0.6797114014625549 0.9248224496841431 
vt 0.6756516098976135 0.9355419278144836 
vt 0.6201282739639282 0.9156513810157776 
vt 0.6229940056800842 0.9337553381919861 
vt 0.5816798806190491 0.9197009801864624 
vt 0.5892024040222168 0.9384004473686218 
vt 0.6245462894439697 0.9607921838760376 
vt 0.6749352216720581 0.9487625956535339 
vt 0.680069625377655 0.9594820141792297 
vt 0.6220387816429138 0.98639976978302 
vt 0.5913516879081726 0.9609112739562988 
vt 0.554455578327179 0.9424499869346619 
vt 0.5502763986587524 0.9256561994552612 
vt 0.5794112086296082 0.9081477522850037 
vt 0.5687841773033142 0.9015970230102539 
vt 0.5983965992927551 0.8900437951087952 
vt 0.5932621955871582 0.8836121559143066 
vt 0.5856202840805054 0.98639976978302 
vt 0.556843638420105 0.963769793510437 
vt 0.5563660264015198 0.9821119904518127 
vt 0.8066388964653015 0.9249415993690491 
vt 0.8147584795951843 0.9413780570030212 
vt 0.7962507009506226 0.930301308631897 
vt 0.8044896125793457 0.9445939064025879 
vt 0.7126671671867371 0.9387577772140503 
vt 0.7188762426376343 0.9535267949104309 
vt 0.8044896125793457 0.965794563293457 
vt 0.7188762426376343 0.9660328030586243 
vt 0.7966088652610779 0.9806827306747437 
vt 0.7126671671867371 0.981635570526123 
vt 0.8164300918579102 0.9682958126068115 
vt 0.807952344417572 0.98639976978302 
vt 0.024297349154949188 0.26140761375427246 
vt 0.029789980500936508 0.1856568455696106 
vt 0.012118039652705193 0.24806785583496094 
vt 0.013670304790139198 0.17612844705581665 
vt 0.04937240108847618 0.26140761375427246 
vt 0.042566314339637756 0.18458490073680878 
vt 0.024297349154949188 0.26140761375427246 
vt 0.029789980500936508 0.1856568455696106 
vt 0.6203671097755432 0.2847521901130676 
vt 0.5796499848365784 0.2918984889984131 
vt 0.6229940056800842 0.30202242732048035 
vt 0.5825157165527344 0.30595287680625916 
vt 0.6238298416137695 0.32107922434806824 
vt 0.5828739404678345 0.32072192430496216 
vt 0.622516393661499 0.34013602137565613 
vt 0.5819187164306641 0.3350145220756531 
vt 0.6189342737197876 0.3596692383289337 
vt 0.5796499848365784 0.3507363796234131 
vt 0.3994678556919098 0.023793144151568413 
vt 0.4749318063259125 0.053450290113687515 
vt 0.4003036916255951 0.01200175005942583 
vt 0.47361835837364197 0.01200175005942583 
vt 0.2660924792289734 0.011882645078003407 
vt 0.19421066343784332 0.01200175005942583 
vt 0.2669283151626587 0.023316724225878716 
vt 0.19277779757976532 0.053450290113687515 
vt 0.17880742251873016 0.05214013531804085 
vt 0.17701634764671326 0.011882645078003407 
vt 0.06047706678509712 0.246400386095047 
vt 0.058088965713977814 0.17315080761909485 
vt 0.04937240108847618 0.26140761375427246 
vt 0.042566314339637756 0.18458490073680878 
vt 0.08650735765695572 0.8786097168922424 
vt 0.04650668054819107 0.9231550097465515 
vt 0.05223812162876129 0.9301822185516357 
vt 0.01689423993229866 0.9237505197525024 
vt 0.07420863956212997 0.875632107257843 
vt 0.09355224668979645 0.8450221419334412 
vt 0.0808953195810318 0.8388286828994751 
vt 0.10262703150510788 0.8200100660324097 
vt 0.09008950740098953 0.8113154172897339 
vt 0.0541485995054245 0.8282282948493958 
vt 0.07492507249116898 0.801191508769989 
vt 0.04387976974248886 0.8683667182922363 
vt 0.03002879023551941 0.9204155802726746 
vt 0.02465556561946869 0.8645553588867188 
vt 0.03587963432073593 0.8287047147750854 
vt 0.04280512407422066 0.8086950778961182 
vt 0.03528261184692383 0.8185808062553406 
vt 0.025849614292383194 0.8013105988502502 
vt 0.01689423993229866 0.8048837184906006 
vt 0.0271630696952343 0.7983329892158508 
vt 0.01928233914077282 0.7923777103424072 
vt 0.044835008680820465 0.7966654896736145 
vt 0.044715605676174164 0.7867797613143921 
vt 0.07253696769475937 0.7834448218345642 
vt 0.7896834015846252 0.5037862658500671 
vt 0.7564888000488281 0.5241532325744629 
vt 0.7839519381523132 0.4802035093307495 
vt 0.7564888000488281 0.47448647022247314 
vt 0.9457457065582275 0.6714861392974854 
vt 0.9647311568260193 0.6730344891548157 
vt 0.9327306151390076 0.6854214072227478 
vt 0.9770298600196838 0.6887563467025757 
vt 0.9320141673088074 0.7029298543930054 
vt 0.9763134121894836 0.7059074640274048 
vt 0.9474173784255981 0.7143639326095581 
vt 0.9603131413459778 0.7154358625411987 
vt 0.04435738921165466 0.14170709252357483 
vt 0.05737253651022911 0.1557614803314209 
vt 0.02525258995592594 0.14325545728206635 
vt 0.013073280453681946 0.15897731482982635 
vt 0.058088965713977814 0.17315080761909485 
vt 0.013670304790139198 0.17612844705581665 
vt 0.042566314339637756 0.18458490073680878 
vt 0.029789980500936508 0.1856568455696106 
s on 
f 1/1/1 2/2/2 3/3/3 
f 2/2/2 2/2/2 3/3/3 
f 3/3/3 2/2/2 4/4/4 
f 2/2/2 5/5/5 4/4/4 
f 4/4/4 5/5/5 6/6/6 
f 5/5/5 7/7/7 6/6/6 
f 6/6/6 7/7/7 8/8/8 
f 7/7/7 7/7/7 8/8/8 
f 8/8/8 7/7/7 9/9/9 
f 7/7/7 7/7/7 9/9/9 
f 9/9/9 7/7/7 10/10/10 
f 7/7/7 11/11/11 10/10/10 
f 10/10/10 11/11/11 12/12/12 
f 11/11/11 13/13/13 12/12/12 
f 12/12/12 13/13/13 14/14/14 
f 13/13/13 14/14/14 14/14/14 
f 14/14/14 14/14/14 2/2/2 
f 14/14/14 2/2/2 2/2/2 
f 2/2/2 2/2/2 5/5/5 
f 2/2/2 11/11/11 5/5/5 
f 5/5/5 11/11/11 7/7/7 
f 11/11/11 7/7/7 7/7/7 
f 7/7/7 7/7/7 12/12/12 
f 7/7/7 12/12/12 12/12/12 
f 12/12/12 12/12/12 10/10/10 
f 12/12/12 15/15/15 10/10/10 
f 10/10/10 15/15/15 10/10/10 
f 15/15/15 16/16/16 10/10/10 
f 10/10/10 16/16/16 9/9/9 
f 16/16/16 16/16/16 9/9/9 
f 9/9/9 16/16/16 17/17/17 
f 16/16/16 18/18/18 17/17/17 
f 17/17/17 18/18/18 18/18/18 
f 18/18/18 9/9/9 18/18/18 
f 18/18/18 9/9/9 9/9/9 
f 9/9/9 19/19/19 9/9/9 
f 9/9/9 19/19/19 8/8/8 
f 19/19/19 20/20/20 8/8/8 
f 8/8/8 20/20/20 6/6/6 
f 20/20/20 6/6/6 6/6/6 
f 6/6/6 6/6/6 21/21/21 
f 6/6/6 21/21/21 21/21/21 
f 21/21/21 21/21/21 19/19/19 
f 21/21/21 22/22/22 19/19/19 
f 19/19/19 22/22/22 20/20/20 
f 22/22/22 23/23/23 20/20/20 
f 20/20/20 23/23/23 24/24/24 
f 23/23/23 25/25/25 24/24/24 
f 24/24/24 25/25/25 24/24/24 
f 25/25/25 26/26/26 24/24/24 
f 24/24/24 26/26/26 24/24/24 
f 26/26/26 27/27/27 24/24/24 
f 24/24/24 27/27/27 28/28/28 
f 27/27/27 29/29/29 28/28/28 
f 28/28/28 29/29/29 28/28/28 
f 29/29/29 30/30/30 28/28/28 
f 28/28/28 30/30/30 28/28/28 
f 30/30/30 3/3/3 28/28/28 
f 28/28/28 3/3/3 28/28/28 
f 3/3/3 4/4/4 28/28/28 
f 28/28/28 4/4/4 24/24/24 
f 4/4/4 6/6/6 24/24/24 
f 24/24/24 6/6/6 20/20/20 
f 6/6/6 20/20/20 20/20/20 
f 20/20/20 20/20/20 22/22/22 
f 20/20/20 22/22/22 22/22/22 
f 22/22/22 22/22/22 23/23/23 
f 22/22/22 31/31/31 23/23/23 
f 23/23/23 31/31/31 23/23/23 
f 31/31/31 32/32/32 23/23/23 
f 23/23/23 32/32/32 25/25/25 
f 32/32/32 25/25/25 25/25/25 
f 25/25/25 25/25/25 33/33/33 
f 25/25/25 33/33/33 33/33/33 
f 33/33/33 33/33/33 34/34/34 
f 33/33/33 35/35/35 34/34/34 
f 34/34/34 35/35/35 34/34/34 
f 35/35/35 36/36/36 34/34/34 
f 34/34/34 36/36/36 37/37/37 
f 36/36/36 37/37/37 37/37/37 
f 37/37/37 37/37/37 33/33/33 
f 37/37/37 33/33/33 33/33/33 
f 33/33/33 33/33/33 35/35/35 
f 33/33/33 38/38/38 35/35/35 
f 35/35/35 38/38/38 39/39/39 
f 38/38/38 40/40/40 39/39/39 
f 39/39/39 40/40/40 41/41/41 
f 40/40/40 42/42/42 41/41/41 
f 41/41/41 42/42/42 41/41/41 
f 42/42/42 43/43/43 41/41/41 
f 41/41/41 43/43/43 44/44/44 
f 43/43/43 43/43/43 44/44/44 
f 44/44/44 43/43/43 45/45/45 
f 43/43/43 46/46/46 45/45/45 
f 45/45/45 46/46/46 47/47/47 
f 46/46/46 48/48/48 47/47/47 
f 47/47/47 48/48/48 48/48/48 
f 48/48/48 42/42/42 48/48/48 
f 48/48/48 42/42/42 42/42/42 
f 42/42/42 40/40/40 42/42/42 
f 42/42/42 40/40/40 49/49/49 
f 40/40/40 49/49/49 49/49/49 
f 49/49/49 49/49/49 45/45/45 
f 49/49/49 45/45/45 45/45/45 
f 45/45/45 45/45/45 50/50/50 
f 45/45/45 47/47/47 50/50/50 
f 50/50/50 47/47/47 50/50/50 
f 47/47/47 51/51/51 50/50/50 
f 50/50/50 51/51/51 52/52/52 
f 51/51/51 53/53/53 52/52/52 
f 52/52/52 53/53/53 52/52/52 
f 53/53/53 54/54/54 52/52/52 
f 52/52/52 54/54/54 55/55/55 
f 54/54/54 56/56/56 55/55/55 
f 55/55/55 56/56/56 57/57/57 
f 56/56/56 56/56/56 57/57/57 
f 57/57/57 56/56/56 58/58/58 
f 56/56/56 59/59/59 58/58/58 
f 58/58/58 59/59/59 59/59/59 
f 59/59/59 57/57/57 59/59/59 
f 59/59/59 57/57/57 57/57/57 
f 57/57/57 60/60/60 57/57/57 
f 57/57/57 60/60/60 55/55/55 
f 60/60/60 61/61/61 55/55/55 
f 55/55/55 61/61/61 52/52/52 
f 61/61/61 62/62/62 52/52/52 
f 52/52/52 62/62/62 50/50/50 
f 62/62/62 63/63/63 50/50/50 
f 50/50/50 63/63/63 45/45/45 
f 63/63/63 63/63/63 45/45/45 
f 45/45/45 63/63/63 44/44/44 
f 63/63/63 63/63/63 44/44/44 
f 44/44/44 63/63/63 41/41/41 
f 63/63/63 63/63/63 41/41/41 
f 41/41/41 63/63/63 39/39/39 
f 63/63/63 62/62/62 39/39/39 
f 39/39/39 62/62/62 35/35/35 
f 62/62/62 61/61/61 35/35/35 
f 35/35/35 61/61/61 36/36/36 
f 61/61/61 60/60/60 36/36/36 
f 36/36/36 60/60/60 36/36/36 
f 60/60/60 64/64/64 36/36/36 
f 36/36/36 64/64/64 37/37/37 
f 64/64/64 65/65/65 37/37/37 
f 37/37/37 65/65/65 66/66/66 
f 65/65/65 66/66/66 66/66/66 
f 66/66/66 66/66/66 67/67/67 
f 66/66/66 67/67/67 67/67/67 
f 67/67/67 67/67/67 68/68/68 
f 67/67/67 69/69/69 68/68/68 
f 68/68/68 69/69/69 70/70/70 
f 69/69/69 71/71/71 70/70/70 
f 70/70/70 71/71/71 72/72/72 
f 71/71/71 73/73/73 72/72/72 
f 72/72/72 73/73/73 74/74/74 
f 73/73/73 75/75/75 74/74/74 
f 74/74/74 75/75/75 76/76/76 
f 75/75/75 75/75/75 76/76/76 
f 76/76/76 75/75/75 77/77/77 
f 75/75/75 78/78/78 77/77/77 
f 77/77/77 78/78/78 79/79/79 
f 78/78/78 80/80/80 79/79/79 
f 79/79/79 80/80/80 79/79/79 
f 80/80/80 81/81/81 79/79/79 
f 79/79/79 81/81/81 79/79/79 
f 81/81/81 82/82/82 79/79/79 
f 79/79/79 82/82/82 83/83/83 
f 82/82/82 84/84/84 83/83/83 
f 83/83/83 84/84/84 84/84/84 
f 84/84/84 79/79/79 84/84/84 
f 84/84/84 79/79/79 79/79/79 
f 79/79/79 83/83/83 79/79/79 
f 79/79/79 83/83/83 77/77/77 
f 83/83/83 77/77/77 77/77/77 
f 77/77/77 77/77/77 78/78/78 
f 77/77/77 78/78/78 78/78/78 
f 78/78/78 78/78/78 80/80/80 
f 78/78/78 75/75/75 80/80/80 
f 80/80/80 75/75/75 85/85/85 
f 75/75/75 73/73/73 85/85/85 
f 85/85/85 73/73/73 85/85/85 
f 73/73/73 71/71/71 85/85/85 
f 85/85/85 71/71/71 86/86/86 
f 71/71/71 69/69/69 86/86/86 
f 86/86/86 69/69/69 87/87/87 
f 69/69/69 67/67/67 87/87/87 
f 87/87/87 67/67/67 87/87/87 
f 67/67/67 88/88/88 87/87/87 
f 87/87/87 88/88/88 87/87/87 
f 88/88/88 89/89/89 87/87/87 
f 87/87/87 89/89/89 87/87/87 
f 89/89/89 90/90/90 87/87/87 
f 87/87/87 90/90/90 87/87/87 
f 90/90/90 91/91/91 87/87/87 
f 87/87/87 91/91/91 86/86/86 
f 91/91/91 92/92/92 86/86/86 
f 86/86/86 92/92/92 85/85/85 
f 92/92/92 92/92/92 85/85/85 
f 85/85/85 92/92/92 80/80/80 
f 92/92/92 81/81/81 80/80/80 
f 80/80/80 81/81/81 81/81/81 
f 81/81/81 92/92/92 81/81/81 
f 81/81/81 92/92/92 92/92/92 
f 92/92/92 91/91/91 92/92/92 
f 92/92/92 91/91/91 93/93/93 
f 91/91/91 94/94/94 93/93/93 
f 93/93/93 94/94/94 95/95/95 
f 94/94/94 94/94/94 95/95/95 
f 95/95/95 94/94/94 96/96/96 
f 94/94/94 97/97/97 96/96/96 
f 96/96/96 97/97/97 98/98/98 
f 97/97/97 99/99/99 98/98/98 
f 98/98/98 99/99/99 98/98/98 
f 99/99/99 100/100/100 98/98/98 
f 98/98/98 100/100/100 98/98/98 
f 100/100/100 101/101/101 98/98/98 
f 98/98/98 101/101/101 98/98/98 
f 101/101/101 102/102/102 98/98/98 
f 98/98/98 102/102/102 98/98/98 
f 102/102/102 103/103/103 98/98/98 
f 98/98/98 103/103/103 96/96/96 
f 103/103/103 104/104/104 96/96/96 
f 96/96/96 104/104/104 95/95/95 
f 104/104/104 105/105/105 95/95/95 
f 95/95/95 105/105/105 95/95/95 
f 105/105/105 106/106/106 95/95/95 
f 95/95/95 106/106/106 93/93/93 
f 106/106/106 93/93/93 93/93/93 
f 93/93/93 93/93/93 99/99/99 
f 93/93/93 99/99/99 99/99/99 
f 99/99/99 99/99/99 89/89/89 
f 99/99/99 97/97/97 89/89/89 
f 89/89/89 97/97/97 90/90/90 
f 97/97/97 94/94/94 90/90/90 
f 90/90/90 94/94/94 91/91/91 
f 94/94/94 91/91/91 91/91/91 
f 91/91/91 91/91/91 104/104/104 
f 91/91/91 104/104/104 104/104/104 
f 104/104/104 104/104/104 105/105/105 
f 104/104/104 107/107/107 105/105/105 
f 105/105/105 107/107/107 105/105/105 
f 107/107/107 108/108/108 105/105/105 
f 105/105/105 108/108/108 105/105/105 
f 108/108/108 109/109/109 105/105/105 
f 105/105/105 109/109/109 106/106/106 
f 109/109/109 110/110/110 106/106/106 
f 106/106/106 110/110/110 110/110/110 
f 110/110/110 111/111/111 110/110/110 
f 110/110/110 111/111/111 111/111/111 
f 111/111/111 112/112/112 111/111/111 
f 111/111/111 112/112/112 113/113/113 
f 112/112/112 114/114/114 113/113/113 
f 113/113/113 114/114/114 115/115/115 
f 114/114/114 114/114/114 115/115/115 
f 115/115/115 114/114/114 116/116/116 
f 114/114/114 114/114/114 116/116/116 
f 116/116/116 114/114/114 117/117/117 
f 114/114/114 118/118/118 117/117/117 
f 117/117/117 118/118/118 117/117/117 
f 118/118/118 119/119/119 117/117/117 
f 117/117/117 119/119/119 120/120/120 
f 119/119/119 121/121/121 120/120/120 
f 120/120/120 121/121/121 120/120/120 
f 121/121/121 122/122/122 120/120/120 
f 120/120/120 122/122/122 123/123/123 
f 122/122/122 124/124/124 123/123/123 
f 123/123/123 124/124/124 123/123/123 
f 124/124/124 125/125/125 123/123/123 
f 123/123/123 125/125/125 123/123/123 
f 125/125/125 126/126/126 123/123/123 
f 123/123/123 126/126/126 123/123/123 
f 126/126/126 127/127/127 123/123/123 
f 123/123/123 127/127/127 128/128/128 
f 127/127/127 129/129/129 128/128/128 
f 128/128/128 129/129/129 116/116/116 
f 129/129/129 130/130/130 116/116/116 
f 116/116/116 130/130/130 115/115/115 
f 130/130/130 115/115/115 115/115/115 
f 115/115/115 115/115/115 118/118/118 
f 115/115/115 118/118/118 118/118/118 
f 118/118/118 118/118/118 112/112/112 
f 118/118/118 114/114/114 112/112/112 
f 112/112/112 114/114/114 114/114/114 
f 114/114/114 116/116/116 114/114/114 
f 114/114/114 116/116/116 116/116/116 
f 116/116/116 117/117/117 116/116/116 
f 116/116/116 117/117/117 128/128/128 
f 117/117/117 120/120/120 128/128/128 
f 128/128/128 120/120/120 123/123/123 
f 120/120/120 123/123/123 123/123/123 
f 123/123/123 123/123/123 130/130/130 
f 123/123/123 130/130/130 130/130/130 
f 130/130/130 130/130/130 131/131/131 
f 130/130/130 129/129/129 131/131/131 
f 131/131/131 129/129/129 132/132/132 
f 129/129/129 127/127/127 132/132/132 
f 132/132/132 127/127/127 133/133/133 
f 127/127/127 126/126/126 133/133/133 
f 133/133/133 126/126/126 134/134/134 
f 126/126/126 125/125/125 134/134/134 
f 134/134/134 125/125/125 134/134/134 
f 125/125/125 135/135/135 134/134/134 
f 134/134/134 135/135/135 136/136/136 
f 135/135/135 137/137/137 136/136/136 
f 136/136/136 137/137/137 136/136/136 
f 137/137/137 138/138/138 136/136/136 
f 136/136/136 138/138/138 136/136/136 
f 138/138/138 139/139/139 136/136/136 
f 136/136/136 139/139/139 136/136/136 
f 139/139/139 140/140/140 136/136/136 
f 136/136/136 140/140/140 136/136/136 
f 140/140/140 141/141/141 136/136/136 
f 136/136/136 141/141/141 134/134/134 
f 141/141/141 141/141/141 134/134/134 
f 134/134/134 141/141/141 133/133/133 
f 141/141/141 142/142/142 133/133/133 
f 133/133/133 142/142/142 132/132/132 
f 142/142/142 143/143/143 132/132/132 
f 132/132/132 143/143/143 131/131/131 
f 143/143/143 131/131/131 131/131/131 
f 131/131/131 131/131/131 143/143/143 
f 131/131/131 143/143/143 143/143/143 
f 143/143/143 143/143/143 144/144/144 
f 143/143/143 142/142/142 144/144/144 
f 144/144/144 142/142/142 145/145/145 
f 142/142/142 141/141/141 145/145/145 
f 145/145/145 141/141/141 140/140/140 
f 141/141/141 140/140/140 140/140/140 
f 140/140/140 140/140/140 146/146/146 
f 140/140/140 146/146/146 146/146/146 
f 146/146/146 146/146/146 147/147/147 
f 146/146/146 148/148/148 147/147/147 
f 147/147/147 148/148/148 149/149/149 
f 148/148/148 149/149/149 149/149/149 
f 149/149/149 149/149/149 146/146/146 
f 149/149/149 146/146/146 146/146/146 
f 146/146/146 146/146/146 150/150/150 
f 146/146/146 147/147/147 150/150/150 
f 150/150/150 147/147/147 150/150/150 
f 147/147/147 151/151/151 150/150/150 
f 150/150/150 151/151/151 152/152/152 
f 151/151/151 153/153/153 152/152/152 
f 152/152/152 153/153/153 154/154/154 
f 153/153/153 153/153/153 154/154/154 
f 154/154/154 153/153/153 155/155/155 
f 153/153/153 153/153/153 155/155/155 
f 155/155/155 153/153/153 156/156/156 
f 153/153/153 153/153/153 156/156/156 
f 156/156/156 153/153/153 157/157/157 
f 153/153/153 158/158/158 157/157/157 
f 157/157/157 158/158/158 159/159/159 
f 158/158/158 159/159/159 159/159/159 
f 159/159/159 159/159/159 153/153/153 
f 159/159/159 153/153/153 153/153/153 
f 153/153/153 153/153/153 158/158/158 
f 153/153/153 151/151/151 158/158/158 
f 158/158/158 151/151/151 160/160/160 
f 151/151/151 147/147/147 160/160/160 
f 160/160/160 147/147/147 161/161/161 
f 147/147/147 149/149/149 161/161/161 
f 161/161/161 149/149/149 162/162/162 
f 149/149/149 148/148/148 162/162/162 
f 162/162/162 148/148/148 163/163/163 
f 148/148/148 164/164/164 163/163/163 
f 163/163/163 164/164/164 163/163/163 
f 164/164/164 165/165/165 163/163/163 
f 163/163/163 165/165/165 163/163/163 
f 165/165/165 166/166/166 163/163/163 
f 163/163/163 166/166/166 167/167/167 
f 166/166/166 168/168/168 167/167/167 
f 167/167/167 168/168/168 168/168/168 
f 168/168/168 163/163/163 168/168/168 
f 168/168/168 163/163/163 163/163/163 
f 163/163/163 167/167/167 163/163/163 
f 163/163/163 167/167/167 162/162/162 
f 167/167/167 169/169/169 162/162/162 
f 162/162/162 169/169/169 162/162/162 
f 169/169/169 170/170/170 162/162/162 
f 162/162/162 170/170/170 161/161/161 
f 170/170/170 171/171/171 161/161/161 
f 161/161/161 171/171/171 160/160/160 
f 171/171/171 172/172/172 160/160/160 
f 160/160/160 172/172/172 158/158/158 
f 172/172/172 172/172/172 158/158/158 
f 158/158/158 172/172/172 159/159/159 
f 172/172/172 172/172/172 159/159/159 
f 159/159/159 172/172/172 173/173/173 
f 172/172/172 172/172/172 173/173/173 
f 173/173/173 172/172/172 174/174/174 
f 172/172/172 171/171/171 174/174/174 
f 174/174/174 171/171/171 175/175/175 
f 171/171/171 170/170/170 175/175/175 
f 175/175/175 170/170/170 176/176/176 
f 170/170/170 169/169/169 176/176/176 
f 176/176/176 169/169/169 177/177/177 
f 169/169/169 167/167/167 177/177/177 
f 177/177/177 167/167/167 178/178/178 
f 167/167/167 167/167/167 178/178/178 
f 178/178/178 167/167/167 179/179/179 
f 167/167/167 168/168/168 179/179/179 
f 179/179/179 168/168/168 180/180/180 
f 168/168/168 181/181/181 180/180/180 
f 180/180/180 181/181/181 182/182/182 
f 181/181/181 183/183/183 182/182/182 
f 182/182/182 183/183/183 184/184/184 
f 183/183/183 184/184/184 184/184/184 
f 184/184/184 184/184/184 168/168/168 
f 184/184/184 168/168/168 168/168/168 
f 168/168/168 168/168/168 181/181/181 
f 168/168/168 166/166/166 181/181/181 
f 181/181/181 166/166/166 185/185/185 
f 166/166/166 186/186/186 185/185/185 
f 185/185/185 186/186/186 187/187/187 
f 186/186/186 165/165/165 187/187/187 
f 187/187/187 165/165/165 187/187/187 
f 165/165/165 188/188/188 187/187/187 
f 187/187/187 188/188/188 187/187/187 
f 188/188/188 189/189/189 187/187/187 
f 187/187/187 189/189/189 190/190/190 
f 189/189/189 191/191/191 190/190/190 
f 190/190/190 191/191/191 192/192/192 
f 191/191/191 193/193/193 192/192/192 
f 192/192/192 193/193/193 192/192/192 
f 193/193/193 194/194/194 192/192/192 
f 192/192/192 194/194/194 192/192/192 
f 194/194/194 195/195/195 192/192/192 
f 192/192/192 195/195/195 192/192/192 
f 195/195/195 196/196/196 192/192/192 
f 192/192/192 196/196/196 197/197/197 
f 196/196/196 198/198/198 197/197/197 
f 197/197/197 198/198/198 198/198/198 
f 198/198/198 181/181/181 198/198/198 
f 198/198/198 181/181/181 181/181/181 
f 181/181/181 185/185/185 181/181/181 
f 181/181/181 185/185/185 183/183/183 
f 185/185/185 199/199/199 183/183/183 
f 183/183/183 199/199/199 200/200/200 
f 199/199/199 197/197/197 200/200/200 
f 200/200/200 197/197/197 200/200/200 
f 197/197/197 198/198/198 200/200/200 
f 200/200/200 198/198/198 200/200/200 
f 198/198/198 201/201/201 200/200/200 
f 200/200/200 201/201/201 200/200/200 
f 201/201/201 184/184/184 200/200/200 
f 200/200/200 184/184/184 183/183/183 
f 184/184/184 183/183/183 183/183/183 
f 183/183/183 183/183/183 166/166/166 
f 183/183/183 166/166/166 166/166/166 
f 166/166/166 166/166/166 186/186/186 
f 166/166/166 165/165/165 186/186/186 
f 186/186/186 165/165/165 165/165/165 
f 165/165/165 192/192/192 165/165/165 
f 165/165/165 192/192/192 192/192/192 
f 192/192/192 197/197/197 192/192/192 
f 192/192/192 197/197/197 190/190/190 
f 197/197/197 199/199/199 190/190/190 
f 190/190/190 199/199/199 187/187/187 
f 199/199/199 185/185/185 187/187/187 
f 187/187/187 185/185/185 185/185/185 
f 185/185/185 202/202/202 185/185/185 
f 185/185/185 202/202/202 202/202/202 
f 202/202/202 203/203/203 202/202/202 
f 202/202/202 203/203/203 204/204/204 
f 203/203/203 205/205/205 204/204/204 
f 204/204/204 205/205/205 204/204/204 
f 205/205/205 206/206/206 204/204/204 
f 204/204/204 206/206/206 207/207/207 
f 206/206/206 208/208/208 207/207/207 
f 207/207/207 208/208/208 207/207/207 
f 208/208/208 209/209/209 207/207/207 
f 207/207/207 209/209/209 210/210/210 
f 209/209/209 211/211/211 210/210/210 
f 210/210/210 211/211/211 211/211/211 
f 211/211/211 202/202/202 211/211/211 
f 211/211/211 202/202/202 202/202/202 
f 202/202/202 204/204/204 202/202/202 
f 202/202/202 204/204/204 212/212/212 
f 204/204/204 213/213/213 212/212/212 
f 212/212/212 213/213/213 214/214/214 
f 213/213/213 210/210/210 214/214/214 
f 214/214/214 210/210/210 215/215/215 
f 210/210/210 211/211/211 215/215/215 
f 215/215/215 211/211/211 215/215/215 
f 211/211/211 216/216/216 215/215/215 
f 215/215/215 216/216/216 215/215/215 
f 216/216/216 217/217/217 215/215/215 
f 215/215/215 217/217/217 215/215/215 
f 217/217/217 218/218/218 215/215/215 
f 215/215/215 218/218/218 214/214/214 
f 218/218/218 219/219/219 214/214/214 
f 214/214/214 219/219/219 214/214/214 
f 219/219/219 220/220/220 214/214/214 
f 214/214/214 220/220/220 212/212/212 
f 220/220/220 212/212/212 212/212/212 
f 212/212/212 212/212/212 210/210/210 
f 212/212/212 210/210/210 210/210/210 
f 210/210/210 210/210/210 207/207/207 
f 210/210/210 213/213/213 207/207/207 
f 207/207/207 213/213/213 204/204/204 
f 213/213/213 204/204/204 204/204/204 
f 204/204/204 204/204/204 217/217/217 
f 204/204/204 217/217/217 217/217/217 
f 217/217/217 217/217/217 221/221/221 
f 217/217/217 216/216/216 221/221/221 
f 221/221/221 216/216/216 216/216/216 
f 216/216/216 222/222/222 216/216/216 
f 216/216/216 222/222/222 222/222/222 
f 222/222/222 223/223/223 222/222/222 
f 222/222/222 223/223/223 224/224/224 
f 223/223/223 225/225/225 224/224/224 
f 224/224/224 225/225/225 224/224/224 
f 225/225/225 226/226/226 224/224/224 
f 224/224/224 226/226/226 227/227/227 
f 226/226/226 228/228/228 227/227/227 
f 227/227/227 228/228/228 229/229/229 
f 228/228/228 230/230/230 229/229/229 
f 229/229/229 230/230/230 229/229/229 
f 230/230/230 231/231/231 229/229/229 
f 229/229/229 231/231/231 229/229/229 
f 231/231/231 232/232/232 229/229/229 
f 229/229/229 232/232/232 229/229/229 
f 232/232/232 233/233/233 229/229/229 
f 229/229/229 233/233/233 227/227/227 
f 233/233/233 233/233/233 227/227/227 
f 227/227/227 233/233/233 224/224/224 
f 233/233/233 234/234/234 224/224/224 
f 224/224/224 234/234/234 222/222/222 
f 234/234/234 234/234/234 222/222/222 
f 222/222/222 234/234/234 235/235/235 
f 234/234/234 236/236/236 235/235/235 
f 235/235/235 236/236/236 237/237/237 
f 236/236/236 237/237/237 237/237/237 
f 237/237/237 237/237/237 226/226/226 
f 237/237/237 226/226/226 226/226/226 
f 226/226/226 226/226/226 228/228/228 
f 226/226/226 238/238/238 228/228/228 
f 228/228/228 238/238/238 228/228/228 
f 238/238/238 239/239/239 228/228/228 
f 228/228/228 239/239/239 228/228/228 
f 239/239/239 240/240/240 228/228/228 
f 228/228/228 240/240/240 230/230/230 
f 240/240/240 230/230/230 230/230/230 
f 230/230/230 230/230/230 236/236/236 
f 230/230/230 236/236/236 236/236/236 
f 236/236/236 236/236/236 241/241/241 
f 236/236/236 234/234/234 241/241/241 
f 241/241/241 234/234/234 241/241/241 
f 234/234/234 233/233/233 241/241/241 
f 241/241/241 233/233/233 232/232/232 
f 233/233/233 232/232/232 232/232/232 
f 232/232/232 232/232/232 242/242/242 
f 232/232/232 242/242/242 242/242/242 
f 242/242/242 242/242/242 243/243/243 
f 242/242/242 244/244/244 243/243/243 
f 243/243/243 244/244/244 245/245/245 
f 244/244/244 246/246/246 245/245/245 
f 245/245/245 246/246/246 246/246/246 
f 246/246/246 242/242/242 246/246/246 
f 246/246/246 242/242/242 242/242/242 
f 242/242/242 247/247/247 242/242/242 
f 242/242/242 247/247/247 244/244/244 
f 247/247/247 247/247/247 244/244/244 
f 244/244/244 247/247/247 248/248/248 
f 247/247/247 249/249/249 248/248/248 
f 248/248/248 249/249/249 250/250/250 
f 249/249/249 251/251/251 250/250/250 
f 250/250/250 251/251/251 252/252/252 
f 251/251/251 251/251/251 252/252/252 
f 252/252/252 251/251/251 253/253/253 
f 251/251/251 254/254/254 253/253/253 
f 253/253/253 254/254/254 253/253/253 
f 254/254/254 255/255/255 253/253/253 
f 253/253/253 255/255/255 256/256/256 
f 255/255/255 255/255/255 256/256/256 
f 256/256/256 255/255/255 257/257/257 
f 255/255/255 258/258/258 257/257/257 
f 257/257/257 258/258/258 259/259/259 
f 258/258/258 260/260/260 259/259/259 
f 259/259/259 260/260/260 261/261/261 
f 260/260/260 262/262/262 261/261/261 
f 261/261/261 262/262/262 261/261/261 
f 262/262/262 263/263/263 261/261/261 
f 261/261/261 263/263/263 261/261/261 
f 263/263/263 264/264/264 261/261/261 
f 261/261/261 264/264/264 261/261/261 
f 264/264/264 265/265/265 261/261/261 
f 261/261/261 265/265/265 266/266/266 
f 265/265/265 267/267/267 266/266/266 
f 266/266/266 267/267/267 267/267/267 
f 267/267/267 261/261/261 267/267/267 
f 267/267/267 261/261/261 261/261/261 
f 261/261/261 266/266/266 261/261/261 
f 261/261/261 266/266/266 259/259/259 
f 266/266/266 268/268/268 259/259/259 
f 259/259/259 268/268/268 257/257/257 
f 268/268/268 269/269/269 257/257/257 
f 257/257/257 269/269/269 256/256/256 
f 269/269/269 270/270/270 256/256/256 
f 256/256/256 270/270/270 271/271/271 
f 270/270/270 272/272/272 271/271/271 
f 271/271/271 272/272/272 271/271/271 
f 272/272/272 273/273/273 271/271/271 
f 271/271/271 273/273/273 271/271/271 
f 273/273/273 252/252/252 271/271/271 
f 271/271/271 252/252/252 271/271/271 
f 252/252/252 253/253/253 271/271/271 
f 271/271/271 253/253/253 256/256/256 
f 253/253/253 256/256/256 256/256/256 
f 256/256/256 256/256/256 272/272/272 
f 256/256/256 272/272/272 272/272/272 
f 272/272/272 272/272/272 274/274/274 
f 272/272/272 270/270/270 274/274/274 
f 274/274/274 270/270/270 275/275/275 
f 270/270/270 269/269/269 275/275/275 
f 275/275/275 269/269/269 276/276/276 
f 269/269/269 268/268/268 276/276/276 
f 276/276/276 268/268/268 277/277/277 
f 268/268/268 266/266/266 277/277/277 
f 277/277/277 266/266/266 277/277/277 
f 266/266/266 267/267/267 277/277/277 
f 277/277/277 267/267/267 277/277/277 
f 267/267/267 278/278/278 277/277/277 
f 277/277/277 278/278/278 277/277/277 
f 278/278/278 279/279/279 277/277/277 
f 277/277/277 279/279/279 276/276/276 
f 279/279/279 280/280/280 276/276/276 
f 276/276/276 280/280/280 275/275/275 
f 280/280/280 281/281/281 275/275/275 
f 275/275/275 281/281/281 274/274/274 
f 281/281/281 282/282/282 274/274/274 
f 274/274/274 282/282/282 282/282/282 
f 282/282/282 272/272/272 282/282/282 
f 282/282/282 272/272/272 272/272/272 
f 272/272/272 283/283/283 272/272/272 
f 272/272/272 283/283/283 273/273/273 
f 283/283/283 284/284/284 273/273/273 
f 273/273/273 284/284/284 285/285/285 
f 284/284/284 284/284/284 285/285/285 
f 285/285/285 284/284/284 286/286/286 
f 284/284/284 287/287/287 286/286/286 
f 286/286/286 287/287/287 288/288/288 
f 287/287/287 288/288/288 288/288/288 
f 288/288/288 288/288/288 289/289/289 
f 288/288/288 289/289/289 289/289/289 
f 289/289/289 289/289/289 283/283/283 
f 289/289/289 290/290/290 283/283/283 
f 283/283/283 290/290/290 284/284/284 
f 290/290/290 287/287/287 284/284/284 
f 284/284/284 287/287/287 287/287/287 
f 287/287/287 273/273/273 287/287/287 
f 287/287/287 273/273/273 273/273/273 
f 273/273/273 285/285/285 273/273/273 
f 273/273/273 285/285/285 252/252/252 
f 285/285/285 285/285/285 252/252/252 
f 252/252/252 285/285/285 250/250/250 
f 285/285/285 291/291/291 250/250/250 
f 250/250/250 291/291/291 248/248/248 
f 291/291/291 248/248/248 248/248/248 
f 248/248/248 248/248/248 285/285/285 
f 248/248/248 285/285/285 285/285/285 
f 285/285/285 285/285/285 291/291/291 
f 285/285/285 286/286/286 291/291/291 
f 291/291/291 286/286/286 292/292/292 
f 286/286/286 288/288/288 292/292/292 
f 292/292/292 288/288/288 292/292/292 
f 288/288/288 293/293/293 292/292/292 
f 292/292/292 293/293/293 292/292/292 
f 293/293/293 294/294/294 292/292/292 
f 292/292/292 294/294/294 295/295/295 
f 294/294/294 246/246/246 295/295/295 
f 295/295/295 246/246/246 295/295/295 
f 246/246/246 244/244/244 295/295/295 
f 295/295/295 244/244/244 295/295/295 
f 244/244/244 248/248/248 295/295/295 
f 295/295/295 248/248/248 295/295/295 
f 248/248/248 291/291/291 295/295/295 
f 295/295/295 291/291/291 292/292/292 
f 291/291/291 292/292/292 292/292/292 
f 292/292/292 292/292/292 296/296/296 
f 292/292/292 296/296/296 296/296/296 
f 296/296/296 296/296/296 297/297/297 
f 296/296/296 298/298/298 297/297/297 
f 297/297/297 298/298/298 297/297/297 
f 298/298/298 299/299/299 297/297/297 
f 297/297/297 299/299/299 297/297/297 
f 299/299/299 300/300/300 297/297/297 
f 297/297/297 300/300/300 301/301/301 
f 300/300/300 302/302/302 301/301/301 
f 301/301/301 302/302/302 303/303/303 
f 302/302/302 304/304/304 303/303/303 
f 303/303/303 304/304/304 305/305/305 
f 304/304/304 306/306/306 305/305/305 
f 305/305/305 306/306/306 306/306/306 
f 306/306/306 297/297/297 306/306/306 
f 306/306/306 297/297/297 297/297/297 
f 297/297/297 301/301/301 297/297/297 
f 297/297/297 301/301/301 307/307/307 
f 301/301/301 308/308/308 307/307/307 
f 307/307/307 308/308/308 309/309/309 
f 308/308/308 309/309/309 309/309/309 
f 309/309/309 309/309/309 308/308/308 
f 309/309/309 308/308/308 308/308/308 
f 308/308/308 308/308/308 310/310/310 
f 308/308/308 301/301/301 310/310/310 
f 310/310/310 301/301/301 310/310/310 
f 301/301/301 303/303/303 310/310/310 
f 310/310/310 303/303/303 310/310/310 
f 303/303/303 305/305/305 310/310/310 
f 310/310/310 305/305/305 311/311/311 
f 305/305/305 312/312/312 311/311/311 
f 311/311/311 312/312/312 311/311/311 
f 312/312/312 313/313/313 311/311/311 
f 311/311/311 313/313/313 311/311/311 
f 313/313/313 314/314/314 311/311/311 
f 311/311/311 314/314/314 315/315/315 
f 314/314/314 316/316/316 315/315/315 
f 315/315/315 316/316/316 315/315/315 
f 316/316/316 317/317/317 315/315/315 
f 315/315/315 317/317/317 311/311/311 
f 317/317/317 318/318/318 311/311/311 
f 311/311/311 318/318/318 319/319/319 
f 318/318/318 320/320/320 319/319/319 
f 319/319/319 320/320/320 319/319/319 
f 320/320/320 321/321/321 319/319/319 
f 319/319/319 321/321/321 319/319/319 
f 321/321/321 309/309/309 319/319/319 
f 319/319/319 309/309/309 319/319/319 
f 309/309/309 308/308/308 319/319/319 
f 319/319/319 308/308/308 319/319/319 
f 308/308/308 310/310/310 319/319/319 
f 319/319/319 310/310/310 311/311/311 
f 310/310/310 311/311/311 311/311/311 
f 311/311/311 311/311/311 322/322/322 
f 311/311/311 322/322/322 322/322/322 
f 322/322/322 322/322/322 323/323/323 
f 322/322/322 324/324/324 323/323/323 
f 323/323/323 324/324/324 325/325/325 
f 324/324/324 324/324/324 325/325/325 
f 325/325/325 324/324/324 326/326/326 
f 324/324/324 324/324/324 326/326/326 
f 326/326/326 324/324/324 327/327/327 
f 324/324/324 328/328/328 327/327/327 
f 327/327/327 328/328/328 329/329/329 
f 328/328/328 328/328/328 329/329/329 
f 329/329/329 328/328/328 330/330/330 
f 328/328/328 331/331/331 330/330/330 
f 330/330/330 331/331/331 332/332/332 
f 331/331/331 331/331/331 332/332/332 
f 332/332/332 331/331/331 322/322/322 
f 331/331/331 328/328/328 322/322/322 
f 322/322/322 328/328/328 324/324/324 
f 328/328/328 324/324/324 324/324/324 
f 324/324/324 324/324/324 327/327/327 
f 324/324/324 327/327/327 327/327/327 
f 327/327/327 327/327/327 333/333/333 
f 327/327/327 329/329/329 333/333/333 
f 333/333/333 329/329/329 334/334/334 
f 329/329/329 335/335/335 334/334/334 
f 334/334/334 335/335/335 336/336/336 
f 335/335/335 337/337/337 336/336/336 
f 336/336/336 337/337/337 338/338/338 
f 337/337/337 339/339/339 338/338/338 
f 338/338/338 339/339/339 339/339/339 
f 339/339/339 333/333/333 339/339/339 
f 339/339/339 333/333/333 333/333/333 
f 333/333/333 334/334/334 333/333/333 
f 333/333/333 334/334/334 340/340/340 
f 334/334/334 336/336/336 340/340/340 
f 340/340/340 336/336/336 341/341/341 
f 336/336/336 338/338/338 341/341/341 
f 341/341/341 338/338/338 338/338/338 
f 338/338/338 335/335/335 338/338/338 
f 338/338/338 335/335/335 335/335/335 
f 335/335/335 329/329/329 335/335/335 
f 335/335/335 329/329/329 330/330/330 
f 329/329/329 330/330/330 330/330/330 
f 330/330/330 330/330/330 342/342/342 
f 330/330/330 342/342/342 342/342/342 
f 342/342/342 342/342/342 343/343/343 
f 342/342/342 344/344/344 343/343/343 
f 343/343/343 344/344/344 345/345/345 
f 344/344/344 346/346/346 345/345/345 
f 345/345/345 346/346/346 347/347/347 
f 346/346/346 348/348/348 347/347/347 
f 347/347/347 348/348/348 349/349/349 
f 348/348/348 348/348/348 349/349/349 
f 349/349/349 348/348/348 342/342/342 
f 348/348/348 348/348/348 342/342/342 
f 342/342/342 348/348/348 344/344/344 
f 348/348/348 346/346/346 344/344/344 
f 344/344/344 346/346/346 346/346/346 
f 346/346/346 350/350/350 346/346/346 
f 346/346/346 350/350/350 350/350/350 
f 350/350/350 351/351/351 350/350/350 
f 350/350/350 351/351/351 352/352/352 
f 351/351/351 353/353/353 352/352/352 
f 352/352/352 353/353/353 354/354/354 
f 353/353/353 355/355/355 354/354/354 
f 354/354/354 355/355/355 356/356/356 
f 355/355/355 357/357/357 356/356/356 
f 356/356/356 357/357/357 358/358/358 
f 357/357/357 359/359/359 358/358/358 
f 358/358/358 359/359/359 358/358/358 
f 359/359/359 360/360/360 358/358/358 
f 358/358/358 360/360/360 361/361/361 
f 360/360/360 362/362/362 361/361/361 
f 361/361/361 362/362/362 363/363/363 
f 362/362/362 362/362/362 363/363/363 
f 363/363/363 362/362/362 364/364/364 
f 362/362/362 362/362/362 364/364/364 
f 364/364/364 362/362/362 365/365/365 
f 362/362/362 366/366/366 365/365/365 
f 365/365/365 366/366/366 367/367/367 
f 366/366/366 367/367/367 367/367/367 
f 367/367/367 367/367/367 362/362/362 
f 367/367/367 362/362/362 362/362/362 
f 362/362/362 362/362/362 366/366/366 
f 362/362/362 360/360/360 366/366/366 
f 366/366/366 360/360/360 360/360/360 
f 360/360/360 361/361/361 360/360/360 
f 360/360/360 361/361/361 361/361/361 
f 361/361/361 363/363/363 361/361/361 
f 361/361/361 363/363/363 358/358/358 
f 363/363/363 368/368/368 358/358/358 
f 358/358/358 368/368/368 356/356/356 
f 368/368/368 368/368/368 356/356/356 
f 356/356/356 368/368/368 354/354/354 
f 368/368/368 369/369/369 354/354/354 
f 354/354/354 369/369/369 352/352/352 
f 369/369/369 370/370/370 352/352/352 
f 352/352/352 370/370/370 350/350/350 
f 370/370/370 370/370/370 350/350/350 
f 350/350/350 370/370/370 371/371/371 
f 370/370/370 370/370/370 371/371/371 
f 371/371/371 370/370/370 372/372/372 
f 370/370/370 370/370/370 372/372/372 
f 372/372/372 370/370/370 373/373/373 
f 370/370/370 374/374/374 373/373/373 
f 373/373/373 374/374/374 375/375/375 
f 374/374/374 376/376/376 375/375/375 
f 375/375/375 376/376/376 377/377/377 
f 376/376/376 378/378/378 377/377/377 
f 377/377/377 378/378/378 379/379/379 
f 378/378/378 378/378/378 379/379/379 
f 379/379/379 378/378/378 380/380/380 
f 378/378/378 381/381/381 380/380/380 
f 380/380/380 381/381/381 381/381/381 
f 381/381/381 364/364/364 381/381/381 
f 381/381/381 364/364/364 364/364/364 
f 364/364/364 382/382/382 364/364/364 
f 364/364/364 382/382/382 363/363/363 
f 382/382/382 382/382/382 363/363/363 
f 363/363/363 382/382/382 368/368/368 
f 382/382/382 382/382/382 368/368/368 
f 368/368/368 382/382/382 369/369/369 
f 382/382/382 374/374/374 369/369/369 
f 369/369/369 374/374/374 370/370/370 
f 374/374/374 370/370/370 370/370/370 
f 370/370/370 370/370/370 376/376/376 
f 370/370/370 376/376/376 376/376/376 
f 376/376/376 376/376/376 382/382/382 
f 376/376/376 374/374/374 382/382/382 
f 382/382/382 374/374/374 374/374/374 
f 374/374/374 380/380/380 374/374/374 
f 374/374/374 380/380/380 380/380/380 
f 380/380/380 383/383/383 380/380/380 
f 380/380/380 383/383/383 379/379/379 
f 383/383/383 384/384/384 379/379/379 
f 379/379/379 384/384/384 379/379/379 
f 384/384/384 385/385/385 379/379/379 
f 379/379/379 385/385/385 377/377/377 
f 385/385/385 386/386/386 377/377/377 
f 377/377/377 386/386/386 375/375/375 
f 386/386/386 387/387/387 375/375/375 
f 375/375/375 387/387/387 373/373/373 
f 387/387/387 387/387/387 373/373/373 
f 373/373/373 387/387/387 372/372/372 
f 387/387/387 387/387/387 372/372/372 
f 372/372/372 387/387/387 388/388/388 
f 387/387/387 389/389/389 388/388/388 
f 388/388/388 389/389/389 390/390/390 
f 389/389/389 389/389/389 390/390/390 
f 390/390/390 389/389/389 391/391/391 
f 389/389/389 389/389/389 391/391/391 
f 391/391/391 389/389/389 392/392/392 
f 389/389/389 389/389/389 392/392/392 
f 392/392/392 389/389/389 393/393/393 
f 389/389/389 386/386/386 393/393/393 
f 393/393/393 386/386/386 385/385/385 
f 386/386/386 385/385/385 385/385/385 
f 385/385/385 385/385/385 386/386/386 
f 385/385/385 386/386/386 386/386/386 
f 386/386/386 386/386/386 387/387/387 
f 386/386/386 389/389/389 387/387/387 
f 387/387/387 389/389/389 389/389/389 
f 389/389/389 394/394/394 389/389/389 
f 389/389/389 394/394/394 394/394/394 
f 394/394/394 395/395/395 394/394/394 
f 394/394/394 395/395/395 396/396/396 
f 395/395/395 397/397/397 396/396/396 
f 396/396/396 397/397/397 398/398/398 
f 397/397/397 399/399/399 398/398/398 
f 398/398/398 399/399/399 400/400/400 
f 399/399/399 401/401/401 400/400/400 
f 400/400/400 401/401/401 402/402/402 
f 401/401/401 403/403/403 402/402/402 
f 402/402/402 403/403/403 403/403/403 
f 403/403/403 395/395/395 403/403/403 
f 403/403/403 395/395/395 395/395/395 
f 395/395/395 404/404/404 395/395/395 
f 395/395/395 404/404/404 397/397/397 
f 404/404/404 405/405/405 397/397/397 
f 397/397/397 405/405/405 399/399/399 
f 405/405/405 406/406/406 399/399/399 
f 399/399/399 406/406/406 401/401/401 
f 406/406/406 407/407/407 401/401/401 
f 401/401/401 407/407/407 403/403/403 
f 407/407/407 407/407/407 403/403/403 
f 403/403/403 407/407/407 408/408/408 
f 407/407/407 407/407/407 408/408/408 
f 408/408/408 407/407/407 409/409/409 
f 407/407/407 410/410/410 409/409/409 
f 409/409/409 410/410/410 409/409/409 
f 410/410/410 411/411/411 409/409/409 
f 409/409/409 411/411/411 412/412/412 
f 411/411/411 413/413/413 412/412/412 
f 412/412/412 413/413/413 414/414/414 
f 413/413/413 413/413/413 414/414/414 
f 414/414/414 413/413/413 415/415/415 
f 413/413/413 413/413/413 415/415/415 
f 415/415/415 413/413/413 416/416/416 
f 413/413/413 413/413/413 416/416/416 
f 416/416/416 413/413/413 417/417/417 
f 413/413/413 418/418/418 417/417/417 
f 417/417/417 418/418/418 419/419/419 
f 418/418/418 419/419/419 419/419/419 
f 419/419/419 419/419/419 405/405/405 
f 419/419/419 405/405/405 405/405/405 
f 405/405/405 405/405/405 420/420/420 
f 405/405/405 404/404/404 420/420/420 
f 420/420/420 404/404/404 404/404/404 
f 404/404/404 413/413/413 404/404/404 
f 404/404/404 413/413/413 413/413/413 
f 413/413/413 411/411/411 413/413/413 
f 413/413/413 411/411/411 418/418/418 
f 411/411/411 411/411/411 418/418/418 
f 418/418/418 411/411/411 421/421/421 
f 411/411/411 410/410/410 421/421/421 
f 421/421/421 410/410/410 422/422/422 
f 410/410/410 407/407/407 422/422/422 
f 422/422/422 407/407/407 422/422/422 
f 407/407/407 406/406/406 422/422/422 
f 422/422/422 406/406/406 423/423/423 
f 406/406/406 405/405/405 423/423/423 
f 423/423/423 405/405/405 423/423/423 
f 405/405/405 420/420/420 423/423/423 
f 423/423/423 420/420/420 423/423/423 
f 420/420/420 424/424/424 423/423/423 
f 423/423/423 424/424/424 423/423/423 
f 424/424/424 425/425/425 423/423/423 
f 423/423/423 425/425/425 422/422/422 
f 425/425/425 425/425/425 422/422/422 
f 422/422/422 425/425/425 421/421/421 
f 425/425/425 426/426/426 421/421/421 
f 421/421/421 426/426/426 418/418/418 
f 426/426/426 426/426/426 418/418/418 
f 418/418/418 426/426/426 419/419/419 
f 426/426/426 426/426/426 419/419/419 
f 419/419/419 426/426/426 427/427/427 
f 426/426/426 426/426/426 427/427/427 
f 427/427/427 426/426/426 428/428/428 
f 426/426/426 425/425/425 428/428/428 
f 428/428/428 425/425/425 424/424/424 
f 425/425/425 424/424/424 424/424/424 
f 424/424/424 424/424/424 429/429/429 
f 424/424/424 429/429/429 429/429/429 
f 429/429/429 429/429/429 430/430/430 
f 429/429/429 431/431/431 430/430/430 
f 430/430/430 431/431/431 430/430/430 
f 431/431/431 432/432/432 430/430/430 
f 430/430/430 432/432/432 433/433/433 
f 432/432/432 433/433/433 433/433/433 
f 433/433/433 433/433/433 429/429/429 
f 433/433/433 429/429/429 429/429/429 
f 429/429/429 429/429/429 434/434/434 
f 429/429/429 430/430/430 434/434/434 
f 434/434/434 430/430/430 435/435/435 
f 430/430/430 436/436/436 435/435/435 
f 435/435/435 436/436/436 437/437/437 
f 436/436/436 436/436/436 437/437/437 
f 437/437/437 436/436/436 438/438/438 
f 436/436/436 433/433/433 438/438/438 
f 438/438/438 433/433/433 438/438/438 
f 433/433/433 439/439/439 438/438/438 
f 438/438/438 439/439/439 438/438/438 
f 439/439/439 440/440/440 438/438/438 
f 438/438/438 440/440/440 438/438/438 
f 440/440/440 441/441/441 438/438/438 
f 438/438/438 441/441/441 438/438/438 
f 441/441/441 442/442/442 438/438/438 
f 438/438/438 442/442/442 437/437/437 
f 442/442/442 443/443/443 437/437/437 
f 437/437/437 443/443/443 437/437/437 
f 443/443/443 444/444/444 437/437/437 
f 437/437/437 444/444/444 435/435/435 
f 444/444/444 445/445/445 435/435/435 
f 435/435/435 445/445/445 434/434/434 
f 445/445/445 434/434/434 434/434/434 
f 434/434/434 434/434/434 433/433/433 
f 434/434/434 433/433/433 433/433/433 
f 433/433/433 433/433/433 430/430/430 
f 433/433/433 436/436/436 430/430/430 
f 430/430/430 436/436/436 436/436/436 
f 436/436/436 443/443/443 436/436/436 
f 436/436/436 443/443/443 443/443/443 
f 443/443/443 442/442/442 443/443/443 
f 443/443/443 442/442/442 446/446/446 
f 442/442/442 447/447/447 446/446/446 
f 446/446/446 447/447/447 448/448/448 
f 447/447/447 448/448/448 448/448/448 
f 448/448/448 448/448/448 441/441/441 
f 448/448/448 441/441/441 441/441/441 
f 441/441/441 441/441/441 442/442/442 
f 441/441/441 447/447/447 442/442/442 
f 442/442/442 447/447/447 447/447/447 
f 447/447/447 449/449/449 447/447/447 
f 447/447/447 449/449/449 449/449/449 
f 449/449/449 450/450/450 449/449/449 
f 449/449/449 450/450/450 451/451/451 
f 450/450/450 450/450/450 451/451/451 
f 451/451/451 450/450/450 452/452/452 
f 450/450/450 450/450/450 452/452/452 
f 452/452/452 450/450/450 453/453/453 
f 450/450/450 454/454/454 453/453/453 
f 453/453/453 454/454/454 455/455/455 
f 454/454/454 456/456/456 455/455/455 
f 455/455/455 456/456/456 457/457/457 
f 456/456/456 456/456/456 457/457/457 
f 457/457/457 456/456/456 458/458/458 
f 456/456/456 456/456/456 458/458/458 
f 458/458/458 456/456/456 459/459/459 
f 456/456/456 456/456/456 459/459/459 
f 459/459/459 456/456/456 460/460/460 
f 456/456/456 454/454/454 460/460/460 
f 460/460/460 454/454/454 460/460/460 
f 454/454/454 450/450/450 460/460/460 
f 460/460/460 450/450/450 461/461/461 
f 450/450/450 449/449/449 461/461/461 
f 461/461/461 449/449/449 461/461/461 
f 449/449/449 462/462/462 461/461/461 
f 461/461/461 462/462/462 463/463/463 
f 462/462/462 464/464/464 463/463/463 
f 463/463/463 464/464/464 464/464/464 
f 464/464/464 453/453/453 464/464/464 
f 464/464/464 453/453/453 453/453/453 
f 453/453/453 455/455/455 453/453/453 
f 453/453/453 455/455/455 465/465/465 
f 455/455/455 455/455/455 465/465/465 
f 465/465/465 455/455/455 466/466/466 
f 455/455/455 455/455/455 466/466/466 
f 466/466/466 455/455/455 467/467/467 
f 455/455/455 457/457/457 467/467/467 
f 467/467/467 457/457/457 457/457/457 
f 457/457/457 463/463/463 457/457/457 
f 457/457/457 463/463/463 463/463/463 
f 463/463/463 468/468/468 463/463/463 
f 463/463/463 468/468/468 461/461/461 
f 468/468/468 468/468/468 461/461/461 
f 461/461/461 468/468/468 460/460/460 
f 468/468/468 459/459/459 460/460/460 
f 460/460/460 459/459/459 459/459/459 
f 459/459/459 469/469/469 459/459/459 
f 459/459/459 469/469/469 469/469/469 
f 469/469/469 470/470/470 469/469/469 
f 469/469/469 470/470/470 471/471/471 
f 470/470/470 472/472/472 471/471/471 
f 471/471/471 472/472/472 471/471/471 
f 472/472/472 473/473/473 471/471/471 
f 471/471/471 473/473/473 474/474/474 
f 473/473/473 473/473/473 474/474/474 
f 474/474/474 473/473/473 475/475/475 
f 473/473/473 473/473/473 475/475/475 
f 475/475/475 473/473/473 476/476/476 
f 473/473/473 477/477/477 476/476/476 
f 476/476/476 477/477/477 478/478/478 
f 477/477/477 477/477/477 478/478/478 
f 478/478/478 477/477/477 479/479/479 
f 477/477/477 473/473/473 479/479/479 
f 479/479/479 473/473/473 480/480/480 
f 473/473/473 473/473/473 480/480/480 
f 480/480/480 473/473/473 481/481/481 
f 473/473/473 472/472/472 481/481/481 
f 481/481/481 472/472/472 472/472/472 
f 472/472/472 480/480/480 472/472/472 
f 472/472/472 480/480/480 480/480/480 
f 480/480/480 481/481/481 480/480/480 
f 480/480/480 481/481/481 482/482/482 
f 481/481/481 481/481/481 482/482/482 
f 482/482/482 481/481/481 483/483/483 
f 481/481/481 481/481/481 483/483/483 
f 483/483/483 481/481/481 484/484/484 
f 481/481/481 481/481/481 484/484/484 
f 484/484/484 481/481/481 485/485/485 
f 481/481/481 472/472/472 485/485/485 
f 485/485/485 472/472/472 486/486/486 
f 472/472/472 470/470/470 486/486/486 
f 486/486/486 470/470/470 486/486/486 
f 470/470/470 487/487/487 486/486/486 
f 486/486/486 487/487/487 488/488/488 
f 487/487/487 489/489/489 488/488/488 
f 488/488/488 489/489/489 490/490/490 
f 489/489/489 491/491/491 490/490/490 
f 490/490/490 491/491/491 490/490/490 
f 491/491/491 492/492/492 490/490/490 
f 490/490/490 492/492/492 493/493/493 
f 492/492/492 493/493/493 493/493/493 
f 493/493/493 493/493/493 486/486/486 
f 493/493/493 486/486/486 486/486/486 
f 486/486/486 486/486/486 485/485/485 
f 486/486/486 488/488/488 485/485/485 
f 485/485/485 488/488/488 484/484/484 
f 488/488/488 488/488/488 484/484/484 
f 484/484/484 488/488/488 494/494/494 
f 488/488/488 490/490/490 494/494/494 
f 494/494/494 490/490/490 490/490/490 
f 490/490/490 495/495/495 490/490/490 
f 490/490/490 495/495/495 495/495/495 
f 495/495/495 496/496/496 495/495/495 
f 495/495/495 496/496/496 497/497/497 
f 496/496/496 498/498/498 497/497/497 
f 497/497/497 498/498/498 497/497/497 
f 498/498/498 499/499/499 497/497/497 
f 497/497/497 499/499/499 497/497/497 
f 499/499/499 500/500/500 497/497/497 
f 497/497/497 500/500/500 501/501/501 
f 500/500/500 502/502/502 501/501/501 
f 501/501/501 502/502/502 501/501/501 
f 502/502/502 503/503/503 501/501/501 
f 501/501/501 503/503/503 504/504/504 
f 503/503/503 505/505/505 504/504/504 
f 504/504/504 505/505/505 504/504/504 
f 505/505/505 495/495/495 504/504/504 
f 504/504/504 495/495/495 501/501/501 
f 495/495/495 497/497/497 501/501/501 
f 501/501/501 497/497/497 497/497/497 
f 497/497/497 500/500/500 497/497/497 
f 497/497/497 500/500/500 500/500/500 
f 500/500/500 506/506/506 500/500/500 
f 500/500/500 506/506/506 502/502/502 
f 506/506/506 507/507/507 502/502/502 
f 502/502/502 507/507/507 508/508/508 
f 507/507/507 509/509/509 508/508/508 
f 508/508/508 509/509/509 510/510/510 
f 509/509/509 511/511/511 510/510/510 
f 510/510/510 511/511/511 512/512/512 
f 511/511/511 512/512/512 512/512/512 
f 512/512/512 512/512/512 506/506/506 
f 512/512/512 506/506/506 506/506/506 
f 506/506/506 506/506/506 507/507/507 
f 506/506/506 513/513/513 507/507/507 
f 507/507/507 513/513/513 509/509/509 
f 513/513/513 514/514/514 509/509/509 
f 509/509/509 514/514/514 511/511/511 
f 514/514/514 511/511/511 511/511/511 
f 511/511/511 511/511/511 508/508/508 
f 511/511/511 508/508/508 508/508/508 
f 508/508/508 508/508/508 502/502/502 
f 508/508/508 503/503/503 502/502/502 
f 502/502/502 503/503/503 503/503/503 
f 503/503/503 515/515/515 503/503/503 
f 503/503/503 515/515/515 515/515/515 
f 515/515/515 516/516/516 515/515/515 
f 515/515/515 516/516/516 517/517/517 
f 516/516/516 518/518/518 517/517/517 
f 517/517/517 518/518/518 519/519/519 
f 518/518/518 520/520/520 519/519/519 
f 519/519/519 520/520/520 521/521/521 
f 520/520/520 522/522/522 521/521/521 
f 521/521/521 522/522/522 521/521/521 
f 522/522/522 515/515/515 521/521/521 
f 521/521/521 515/515/515 521/521/521 
f 515/515/515 517/517/517 521/521/521 
f 521/521/521 517/517/517 519/519/519 
f 517/517/517 519/519/519 519/519/519 
f 519/519/519 519/519/519 523/523/523 
f 519/519/519 523/523/523 523/523/523 
f 523/523/523 523/523/523 524/524/524 
f 523/523/523 525/525/525 524/524/524 
f 524/524/524 525/525/525 524/524/524 
f 525/525/525 526/526/526 524/524/524 
f 524/524/524 526/526/526 527/527/527 
f 526/526/526 528/528/528 527/527/527 
f 527/527/527 528/528/528 529/529/529 
f 528/528/528 528/528/528 529/529/529 
f 529/529/529 528/528/528 530/530/530 
f 528/528/528 528/528/528 530/530/530 
f 530/530/530 528/528/528 531/531/531 
f 528/528/528 532/532/532 531/531/531 
f 531/531/531 532/532/532 533/533/533 
f 532/532/532 533/533/533 533/533/533 
f 533/533/533 533/533/533 526/526/526 
f 533/533/533 526/526/526 526/526/526 
f 526/526/526 526/526/526 528/528/528 
f 526/526/526 532/532/532 528/528/528 
f 528/528/528 532/532/532 532/532/532 
f 532/532/532 525/525/525 532/532/532 
f 532/532/532 525/525/525 525/525/525 
f 525/525/525 523/523/523 525/525/525 
f 525/525/525 523/523/523 534/534/534 
f 523/523/523 534/534/534 534/534/534 
f 534/534/534 534/534/534 527/527/527 
f 534/534/534 527/527/527 527/527/527 
f 527/527/527 527/527/527 535/535/535 
f 527/527/527 529/529/529 535/535/535 
f 535/535/535 529/529/529 536/536/536 
f 529/529/529 537/537/537 536/536/536 
f 536/536/536 537/537/537 538/538/538 
f 537/537/537 530/530/530 538/538/538 
f 538/538/538 530/530/530 539/539/539 
f 530/530/530 531/531/531 539/539/539 
f 539/539/539 531/531/531 540/540/540 
f 531/531/531 533/533/533 540/540/540 
f 540/540/540 533/533/533 541/541/541 
f 533/533/533 541/541/541 541/541/541 
f 541/541/541 541/541/541 535/535/535 
f 541/541/541 535/535/535 535/535/535 
f 535/535/535 535/535/535 542/542/542 
f 535/535/535 536/536/536 542/542/542 
f 542/542/542 536/536/536 538/538/538 
f 536/536/536 538/538/538 538/538/538 
f 538/538/538 538/538/538 529/529/529 
f 538/538/538 529/529/529 529/529/529 
f 529/529/529 529/529/529 537/537/537 
f 529/529/529 530/530/530 537/537/537 
f 537/537/537 530/530/530 530/530/530 
f 530/530/530 543/543/543 530/530/530 
f 530/530/530 543/543/543 543/543/543 
f 543/543/543 544/544/544 543/543/543 
f 543/543/543 544/544/544 545/545/545 
f 544/544/544 546/546/546 545/545/545 
f 545/545/545 546/546/546 547/547/547 
f 546/546/546 548/548/548 547/547/547 
f 547/547/547 548/548/548 549/549/549 
f 548/548/548 548/548/548 549/549/549 
f 549/549/549 548/548/548 550/550/550 
f 548/548/548 551/551/551 550/550/550 
f 550/550/550 551/551/551 552/552/552 
f 551/551/551 552/552/552 552/552/552 
f 552/552/552 552/552/552 544/544/544 
f 552/552/552 544/544/544 544/544/544 
f 544/544/544 544/544/544 546/546/546 
f 544/544/544 553/553/553 546/546/546 
f 546/546/546 553/553/553 546/546/546 
f 553/553/553 554/554/554 546/546/546 
f 546/546/546 554/554/554 548/548/548 
f 554/554/554 551/551/551 548/548/548 
f 548/548/548 551/551/551 551/551/551 
f 551/551/551 555/555/555 551/551/551 
f 551/551/551 555/555/555 555/555/555 
f 555/555/555 556/556/556 555/555/555 
f 555/555/555 556/556/556 557/557/557 
f 556/556/556 558/558/558 557/557/557 
f 557/557/557 558/558/558 558/558/558 
f 558/558/558 559/559/559 558/558/558 
f 558/558/558 559/559/559 559/559/559 
f 559/559/559 560/560/560 559/559/559 
f 559/559/559 560/560/560 561/561/561 
f 560/560/560 562/562/562 561/561/561 
f 561/561/561 562/562/562 562/562/562 
f 562/562/562 563/563/563 562/562/562 
f 562/562/562 563/563/563 563/563/563 
f 563/563/563 564/564/564 563/563/563 
f 563/563/563 564/564/564 565/565/565 
f 564/564/564 566/566/566 565/565/565 
f 565/565/565 566/566/566 567/567/567 
f 566/566/566 568/568/568 567/567/567 
f 567/567/567 568/568/568 569/569/569 
f 568/568/568 570/570/570 569/569/569 
f 569/569/569 570/570/570 571/571/571 
f 570/570/570 572/572/572 571/571/571 
f 571/571/571 572/572/572 572/572/572 
f 572/572/572 573/573/573 572/572/572 
f 572/572/572 573/573/573 573/573/573 
f 573/573/573 574/574/574 573/573/573 
f 573/573/573 574/574/574 575/575/575 
f 574/574/574 576/576/576 575/575/575 
f 575/575/575 576/576/576 576/576/576 
f 576/576/576 577/577/577 576/576/576 
f 576/576/576 577/577/577 577/577/577 
f 577/577/577 578/578/578 577/577/577 
f 577/577/577 578/578/578 579/579/579 
f 578/578/578 578/578/578 579/579/579 
f 579/579/579 578/578/578 580/580/580 
f 578/578/578 578/578/578 580/580/580 
f 580/580/580 578/578/578 581/581/581 
f 578/578/578 582/582/582 581/581/581 
f 581/581/581 582/582/582 582/582/582 
f 582/582/582 583/583/583 582/582/582 
f 582/582/582 583/583/583 583/583/583 
f 583/583/583 584/584/584 583/583/583 
f 583/583/583 584/584/584 585/585/585 
f 584/584/584 586/586/586 585/585/585 
f 585/585/585 586/586/586 586/586/586 
f 586/586/586 587/587/587 586/586/586 
f 586/586/586 587/587/587 587/587/587 
f 587/587/587 588/588/588 587/587/587 
f 587/587/587 588/588/588 589/589/589 
f 588/588/588 588/588/588 589/589/589 
f 589/589/589 588/588/588 590/590/590 
f 588/588/588 591/591/591 590/590/590 
f 590/590/590 591/591/591 592/592/592 
f 591/591/591 593/593/593 592/592/592 
f 592/592/592 593/593/593 592/592/592 
f 593/593/593 594/594/594 592/592/592 
f 592/592/592 594/594/594 595/595/595 
f 594/594/594 596/596/596 595/595/595 
f 595/595/595 596/596/596 596/596/596 
f 596/596/596 587/587/587 596/596/596 
f 596/596/596 587/587/587 587/587/587 
f 587/587/587 589/589/589 587/587/587 
f 587/587/587 589/589/589 597/597/597 
f 589/589/589 598/598/598 597/597/597 
f 597/597/597 598/598/598 599/599/599 
f 598/598/598 590/590/590 599/599/599 
f 599/599/599 590/590/590 599/599/599 
f 590/590/590 592/592/592 599/599/599 
f 599/599/599 592/592/592 599/599/599 
f 592/592/592 595/595/595 599/599/599 
f 599/599/599 595/595/595 600/600/600 
f 595/595/595 595/595/595 600/600/600 
f 600/600/600 595/595/595 601/601/601 
f 595/595/595 602/602/602 601/601/601 
f 601/601/601 602/602/602 603/603/603 
f 602/602/602 604/604/604 603/603/603 
f 603/603/603 604/604/604 605/605/605 
f 604/604/604 606/606/606 605/605/605 
f 605/605/605 606/606/606 607/607/607 
f 606/606/606 606/606/606 607/607/607 
f 607/607/607 606/606/606 608/608/608 
f 606/606/606 602/602/602 608/608/608 
f 608/608/608 602/602/602 608/608/608 
f 602/602/602 595/595/595 608/608/608 
f 608/608/608 595/595/595 608/608/608 
f 595/595/595 596/596/596 608/608/608 
f 608/608/608 596/596/596 609/609/609 
f 596/596/596 610/610/610 609/609/609 
f 609/609/609 610/610/610 610/610/610 
f 610/610/610 590/590/590 610/610/610 
f 610/610/610 590/590/590 590/590/590 
f 590/590/590 598/598/598 590/590/590 
f 590/590/590 598/598/598 589/589/589 
f 598/598/598 589/589/589 589/589/589 
f 589/589/589 589/589/589 599/599/599 
f 589/589/589 599/599/599 599/599/599 
f 599/599/599 599/599/599 597/597/597 
f 599/599/599 600/600/600 597/597/597 
f 597/597/597 600/600/600 600/600/600 
f 600/600/600 602/602/602 600/600/600 
f 600/600/600 602/602/602 602/602/602 
f 602/602/602 606/606/606 602/602/602 
f 602/602/602 606/606/606 604/604/604 
f 606/606/606 604/604/604 604/604/604 
f 604/604/604 604/604/604 608/608/608 
f 604/604/604 608/608/608 608/608/608 
f 608/608/608 608/608/608 607/607/607 
f 608/608/608 609/609/609 607/607/607 
f 607/607/607 609/609/609 609/609/609 
f 609/609/609 611/611/611 609/609/609 
f 609/609/609 611/611/611 611/611/611 
f 611/611/611 612/612/612 611/611/611 
f 611/611/611 612/612/612 613/613/613 
f 612/612/612 614/614/614 613/613/613 
f 613/613/613 614/614/614 615/615/615 
f 614/614/614 616/616/616 615/615/615 
f 615/615/615 616/616/616 617/617/617 
f 616/616/616 618/618/618 617/617/617 
f 617/617/617 618/618/618 619/619/619 
f 618/618/618 620/620/620 619/619/619 
f 619/619/619 620/620/620 621/621/621 
f 620/620/620 621/621/621 621/621/621 
f 621/621/621 621/621/621 613/613/613 
f 621/621/621 613/613/613 613/613/613 
f 613/613/613 613/613/613 611/611/611 
f 613/613/613 622/622/622 611/611/611 
f 611/611/611 622/622/622 623/623/623 
f 622/622/622 624/624/624 623/623/623 
f 623/623/623 624/624/624 625/625/625 
f 624/624/624 626/626/626 625/625/625 
f 625/625/625 626/626/626 627/627/627 
f 626/626/626 628/628/628 627/627/627 
f 627/627/627 628/628/628 628/628/628 
f 628/628/628 629/629/629 628/628/628 
f 628/628/628 629/629/629 629/629/629 
f 629/629/629 630/630/630 629/629/629 
f 629/629/629 630/630/630 631/631/631 
f 630/630/630 632/632/632 631/631/631 
f 631/631/631 632/632/632 632/632/632 
f 632/632/632 633/633/633 632/632/632 
f 632/632/632 633/633/633 633/633/633 
f 633/633/633 634/634/634 633/633/633 
f 633/633/633 634/634/634 635/635/635 
f 634/634/634 636/636/636 635/635/635 
f 635/635/635 636/636/636 637/637/637 
f 636/636/636 636/636/636 637/637/637 
f 637/637/637 636/636/636 638/638/638 
f 636/636/636 636/636/636 638/638/638 
f 638/638/638 636/636/636 639/639/639 
f 636/636/636 640/640/640 639/639/639 
f 639/639/639 640/640/640 641/641/641 
f 640/640/640 634/634/634 641/641/641 
f 641/641/641 634/634/634 633/633/633 
f 634/634/634 633/633/633 633/633/633 
f 633/633/633 633/633/633 636/636/636 
f 633/633/633 636/636/636 636/636/636 
f 636/636/636 636/636/636 640/640/640 
f 636/636/636 634/634/634 640/640/640 
f 640/640/640 634/634/634 634/634/634 
f 634/634/634 641/641/641 634/634/634 
f 634/634/634 641/641/641 641/641/641 
f 641/641/641 642/642/642 641/641/641 
f 641/641/641 642/642/642 639/639/639 
f 642/642/642 643/643/643 639/639/639 
f 639/639/639 643/643/643 638/638/638 
f 643/643/643 644/644/644 638/638/638 
f 638/638/638 644/644/644 638/638/638 
f 644/644/644 645/645/645 638/638/638 
f 638/638/638 645/645/645 637/637/637 
f 645/645/645 645/645/645 637/637/637 
f 637/637/637 645/645/645 646/646/646 
f 645/645/645 647/647/647 646/646/646 
f 646/646/646 647/647/647 648/648/648 
f 647/647/647 649/649/649 648/648/648 
f 648/648/648 649/649/649 649/649/649 
f 649/649/649 642/642/642 649/649/649 
f 649/649/649 642/642/642 642/642/642 
f 642/642/642 650/650/650 642/642/642 
f 642/642/642 650/650/650 643/643/643 
f 650/650/650 651/651/651 643/643/643 
f 643/643/643 651/651/651 644/644/644 
f 651/651/651 644/644/644 644/644/644 
f 644/644/644 644/644/644 651/651/651 
f 644/644/644 651/651/651 651/651/651 
f 651/651/651 651/651/651 652/652/652 
f 651/651/651 650/650/650 652/652/652 
f 652/652/652 650/650/650 650/650/650 
f 650/650/650 653/653/653 650/650/650 
f 650/650/650 653/653/653 653/653/653 
f 653/653/653 654/654/654 653/653/653 
f 653/653/653 654/654/654 655/655/655 
f 654/654/654 656/656/656 655/655/655 
f 655/655/655 656/656/656 657/657/657 
f 656/656/656 656/656/656 657/657/657 
f 657/657/657 656/656/656 658/658/658 
f 656/656/656 659/659/659 658/658/658 
f 658/658/658 659/659/659 660/660/660 
f 659/659/659 661/661/661 660/660/660 
f 660/660/660 661/661/661 662/662/662 
f 661/661/661 662/662/662 662/662/662 
f 662/662/662 662/662/662 654/654/654 
f 662/662/662 654/654/654 654/654/654 
f 654/654/654 654/654/654 656/656/656 
f 654/654/654 663/663/663 656/656/656 
f 656/656/656 663/663/663 659/659/659 
f 663/663/663 664/664/664 659/659/659 
f 659/659/659 664/664/664 661/661/661 
f 664/664/664 661/661/661 661/661/661 
f 661/661/661 661/661/661 665/665/665 
f 661/661/661 665/665/665 665/665/665 
f 665/665/665 665/665/665 666/666/666 
f 665/665/665 667/667/667 666/666/666 
f 666/666/666 667/667/667 668/668/668 
f 667/667/667 668/668/668 668/668/668 
f 668/668/668 668/668/668 669/669/669 
f 668/668/668 669/669/669 669/669/669 
f 669/669/669 669/669/669 670/670/670 
f 669/669/669 671/671/671 670/670/670 
f 670/670/670 671/671/671 672/672/672 
f 671/671/671 672/672/672 672/672/672 
f 672/672/672 672/672/672 673/673/673 
f 672/672/672 673/673/673 673/673/673 
f 673/673/673 673/673/673 674/674/674 
f 673/673/673 675/675/675 674/674/674 
f 674/674/674 675/675/675 676/676/676 
f 675/675/675 677/677/677 676/676/676 
f 676/676/676 677/677/677 678/678/678 
f 677/677/677 679/679/679 678/678/678 
f 678/678/678 679/679/679 680/680/680 
f 679/679/679 681/681/681 680/680/680 
f 680/680/680 681/681/681 682/682/682 
f 681/681/681 682/682/682 682/682/682 
f 682/682/682 682/682/682 683/683/683 
f 682/682/682 683/683/683 683/683/683 
f 683/683/683 683/683/683 684/684/684 
f 683/683/683 685/685/685 684/684/684 
f 684/684/684 685/685/685 686/686/686 
f 685/685/685 686/686/686 686/686/686 
f 686/686/686 686/686/686 687/687/687 
f 686/686/686 687/687/687 687/687/687 
f 687/687/687 687/687/687 688/688/688 
f 687/687/687 689/689/689 688/688/688 
f 688/688/688 689/689/689 688/688/688 
f 689/689/689 690/690/690 688/688/688 
f 688/688/688 690/690/690 688/688/688 
f 690/690/690 691/691/691 688/688/688 
f 688/688/688 691/691/691 692/692/692 
f 691/691/691 692/692/692 692/692/692 
f 692/692/692 692/692/692 693/693/693 
f 692/692/692 693/693/693 693/693/693 
f 693/693/693 693/693/693 694/694/694 
f 693/693/693 695/695/695 694/694/694 
f 694/694/694 695/695/695 696/696/696 
f 695/695/695 696/696/696 696/696/696 
f 696/696/696 696/696/696 697/697/697 
f 696/696/696 697/697/697 697/697/697 
f 697/697/697 697/697/697 698/698/698 
f 697/697/697 699/699/699 698/698/698 
f 698/698/698 699/699/699 700/700/700 
f 699/699/699 700/700/700 700/700/700 
f 700/700/700 700/700/700 698/698/698 
f 700/700/700 698/698/698 698/698/698 
f 698/698/698 698/698/698 697/697/697 
f 698/698/698 701/701/701 697/697/697 
f 697/697/697 701/701/701 702/702/702 
f 701/701/701 703/703/703 702/702/702 
f 702/702/702 703/703/703 704/704/704 
f 703/703/703 703/703/703 704/704/704 
f 704/704/704 703/703/703 705/705/705 
f 703/703/703 706/706/706 705/705/705 
f 705/705/705 706/706/706 707/707/707 
f 706/706/706 707/707/707 707/707/707 
f 707/707/707 707/707/707 706/706/706 
f 707/707/707 706/706/706 706/706/706 
f 706/706/706 706/706/706 708/708/708 
f 706/706/706 703/703/703 708/708/708 
f 708/708/708 703/703/703 708/708/708 
f 703/703/703 701/701/701 708/708/708 
f 708/708/708 701/701/701 709/709/709 
f 701/701/701 698/698/698 709/709/709 
f 709/709/709 698/698/698 709/709/709 
f 698/698/698 700/700/700 709/709/709 
f 709/709/709 700/700/700 708/708/708 
f 700/700/700 710/710/710 708/708/708 
f 708/708/708 710/710/710 706/706/706 
f 710/710/710 711/711/711 706/706/706 
f 706/706/706 711/711/711 712/712/712 
f 711/711/711 713/713/713 712/712/712 
f 712/712/712 713/713/713 714/714/714 
f 713/713/713 715/715/715 714/714/714 
f 714/714/714 715/715/715 716/716/716 
f 715/715/715 717/717/717 716/716/716 
f 716/716/716 717/717/717 718/718/718 
f 717/717/717 719/719/719 718/718/718 
f 718/718/718 719/719/719 707/707/707 
f 719/719/719 720/720/720 707/707/707 
f 707/707/707 720/720/720 720/720/720 
f 720/720/720 714/714/714 720/720/720 
f 720/720/720 714/714/714 714/714/714 
f 714/714/714 716/716/716 714/714/714 
f 714/714/714 716/716/716 712/712/712 
f 716/716/716 718/718/718 712/712/712 
f 712/712/712 718/718/718 706/706/706 
f 718/718/718 707/707/707 706/706/706 
f 706/706/706 707/707/707 707/707/707 
f 707/707/707 721/721/721 707/707/707 
f 707/707/707 721/721/721 721/721/721 
f 721/721/721 722/722/722 721/721/721 
f 721/721/721 722/722/722 723/723/723 
f 722/722/722 724/724/724 723/723/723 
f 723/723/723 724/724/724 724/724/724 
f 724/724/724 725/725/725 724/724/724 
f 724/724/724 725/725/725 725/725/725 
f 725/725/725 726/726/726 725/725/725 
f 725/725/725 726/726/726 727/727/727 
f 726/726/726 728/728/728 727/727/727 
f 727/727/727 728/728/728 729/729/729 
f 728/728/728 730/730/730 729/729/729 
f 729/729/729 730/730/730 731/731/731 
f 730/730/730 732/732/732 731/731/731 
f 731/731/731 732/732/732 732/732/732 
f 732/732/732 733/733/733 732/732/732 
f 732/732/732 733/733/733 733/733/733 
f 733/733/733 734/734/734 733/733/733 
f 733/733/733 734/734/734 735/735/735 
f 734/734/734 734/734/734 735/735/735 
f 735/735/735 734/734/734 736/736/736 
f 734/734/734 737/737/737 736/736/736 
f 736/736/736 737/737/737 738/738/738 
f 737/737/737 739/739/739 738/738/738 
f 738/738/738 739/739/739 740/740/740 

