mtllib model_101.mtl
o model_101
v 732.5289916992188 -126.86396789550781 688.7184448242188 
v 715.4428100585938 -127.0856704711914 688.0048828125 
v 737.5362548828125 -153.0255126953125 685.943603515625 
v 710.040283203125 -153.02552795410156 674.5272216796875 
v 702.6611328125 -120.43444061279297 673.4172973632812 
v 707.3170166015625 -153.02552795410156 644.9556274414062 
v 698.6201782226562 -118.43907165527344 644.95556640625 
v 702.6611328125 -120.4344482421875 616.4146118164062 
v 704.0667114257812 -100.48072052001953 614.3533325195312 
v 699.9379272460938 -100.2590103149414 644.95556640625 
v 704.0667114257812 -100.480712890625 675.4785766601562 
v 715.6185302734375 -73.65404510498047 654.3106689453125 
v 711.1822509765625 -86.06969451904297 679.99755859375 
v 729.9814453125 -78.08822631835938 659.1467895507812 
v 712.3242797851562 -73.43234252929688 644.95556640625 
v 715.6185302734375 -73.654052734375 635.5211791992188 
v 711.1822509765625 -86.0697021484375 609.8343505859375 
v 729.9814453125 -78.0882339477539 630.6851196289062 
v 715.4428100585938 -127.08568572998047 601.8270263671875 
v 710.040283203125 -153.02552795410156 615.3046875 
v 732.5289916992188 -126.86398315429688 601.1134643554688 
v 737.5362548828125 -153.02552795410156 603.8883056640625 
v 717.8585815429688 -175.8614501953125 618.3966064453125 
v 711.006591796875 -175.8614501953125 644.9556274414062 
v 720.2744140625 -210.44790649414062 616.0182495117188 
v 714.2568969726562 -210.8913116455078 644.9556274414062 
v 720.2744140625 -210.44789123535156 673.813720703125 
v 717.8585815429688 -175.8614501953125 671.435302734375 
v 748.3413696289062 -210.8913116455078 685.943603515625 
v 745.7498779296875 -175.86143493652344 682.2174072265625 
v 745.7498779296875 -175.8614501953125 607.614501953125 
v 748.3413696289062 -210.8913116455078 603.8883056640625 
v 732.5289916992188 -126.86396789550781 688.7184448242188 
v 750.888916015625 -109.57075500488281 687.2913818359375 
v 763.0117797851562 -118.66077423095703 677.6984252929688 
v 756.9503173828125 -99.37218475341797 675.0821533203125 
v 736.3942260742188 -87.8433609008789 682.6138305664062 
v 737.5362548828125 -153.0255126953125 685.943603515625 
v 762.08935546875 -153.02552795410156 673.179443359375 
v 745.7498779296875 -175.86143493652344 682.2174072265625 
v 762.616455078125 -175.8614501953125 670.0082397460938 
v 763.1874389648438 -210.8913116455078 673.0208740234375 
v 768.414306640625 -210.6696014404297 644.9556274414062 
v 767.7993774414062 -175.8614501953125 644.9556274414062 
v 762.616455078125 -175.8614501953125 619.8236694335938 
v 763.1874389648438 -210.8913116455078 616.81103515625 
v 745.7498779296875 -175.8614501953125 607.614501953125 
v 748.3413696289062 -210.8913116455078 603.8883056640625 
v 748.3413696289062 -210.8913116455078 685.943603515625 
v 762.08935546875 -153.02552795410156 616.6524658203125 
v 737.5362548828125 -153.02552795410156 603.8883056640625 
v 763.0117797851562 -118.66078186035156 612.1334838867188 
v 732.5289916992188 -126.86398315429688 601.1134643554688 
v 750.888916015625 -109.57076263427734 602.54052734375 
v 756.9503173828125 -99.3721923828125 614.7496948242188 
v 736.3942260742188 -87.84336853027344 607.2180786132812 
v 739.7763061523438 -82.52238464355469 634.9662475585938 
v 729.9814453125 -78.0882339477539 630.6851196289062 
v 711.1822509765625 -86.0697021484375 609.8343505859375 
v 739.9080810546875 -82.74409484863281 644.95556640625 
v 759.0586547851562 -97.59852600097656 644.95556640625 
v 768.2825317382812 -118.66077423095703 644.95556640625 
v 767.3162231445312 -153.2472381591797 644.9556274414062 
v 739.7763061523438 -82.52238464355469 654.8656616210938 
v 729.9814453125 -78.08822631835938 659.1467895507812 
v 711.1822509765625 -86.06969451904297 679.99755859375 
v 743.5098266601562 -166.5496826171875 714.722412109375 
v 729.2786865234375 -166.77142333984375 715.5152587890625 
v 742.58740234375 -158.34649658203125 713.850341796875 
v 727.565673828125 -158.34649658203125 714.722412109375 
v 741.225830078125 -146.5959930419922 713.3746948242188 
v 725.4133911132812 -148.36965942382812 715.03955078125 
v 733.7149047851562 -117.7739486694336 711.5512084960938 
v 717.814697265625 -117.99565124511719 710.7584228515625 
v 733.5392456054688 -107.57537841796875 710.0448608398438 
v 714.7400512695312 -111.12271118164062 708.7763671875 
v 729.5421752929688 -96.26825714111328 706.715087890625 
v 715.838134765625 -100.03730010986328 706.3187255859375 
v 731.7383422851562 -89.83872985839844 697.0428466796875 
v 713.0270385742188 -88.7302017211914 692.5238647460938 
v 736.3942260742188 -87.8433609008789 682.6138305664062 
v 711.1822509765625 -86.06969451904297 679.99755859375 
v 749.0441284179688 -169.6536102294922 703.8610229492188 
v 750.888916015625 -109.57075500488281 687.2913818359375 
v 742.4995727539062 -108.46219635009766 695.9329223632812 
v 732.5289916992188 -126.86396789550781 688.7184448242188 
v 741.0940551757812 -122.4298095703125 699.1041870117188 
v 746.7161865234375 -147.7045135498047 700.214111328125 
v 736.6138305664062 -151.0301513671875 689.4319458007812 
v 715.4428100585938 -127.0856704711914 688.0048828125 
v 748.2095947265625 -160.78530883789062 702.592529296875 
v 739.9080810546875 -172.5358123779297 694.1887817382812 
v 738.9417724609375 -163.00238037109375 692.6032104492188 
v 723.3929443359375 -163.22409057617188 693.7923583984375 
v 720.5818481445312 -153.24722290039062 691.1761474609375 
v 708.8104248046875 -122.6515121459961 697.9149780273438 
v 704.0667114257812 -100.480712890625 675.4785766601562 
v 725.633056640625 -172.7575225830078 695.0608520507812 
v 718.1660766601562 -160.78530883789062 704.5745239257812 
v 715.1353759765625 -151.6952667236328 703.8610229492188 
v 725.4133911132812 -148.36965942382812 715.03955078125 
v 717.814697265625 -117.99565124511719 710.7584228515625 
v 706.4824829101562 -106.24512481689453 692.9995727539062 
v 720.1865234375 -169.8753204345703 705.843017578125 
v 729.2786865234375 -166.77142333984375 715.5152587890625 
v 727.565673828125 -158.34649658203125 714.722412109375 
v 714.7400512695312 -111.12271118164062 708.7763671875 
v 715.838134765625 -100.03730010986328 706.3187255859375 
v 713.0270385742188 -88.7302017211914 692.5238647460938 
v 711.1822509765625 -86.06969451904297 679.99755859375 
v 743.5098266601562 -166.5496826171875 714.722412109375 
v 746.8479614257812 -174.30947875976562 715.5152587890625 
v 749.0441284179688 -169.6536102294922 703.8610229492188 
v 752.33837890625 -178.96533203125 705.2880859375 
v 739.9080810546875 -172.5358123779297 694.1887817382812 
v 729.2786865234375 -166.77142333984375 715.5152587890625 
v 732.0897827148438 -174.97459411621094 716.3873291015625 
v 737.755859375 -192.04612731933594 719.1621704101562 
v 751.2402954101562 -188.72048950195312 719.79638671875 
v 757.2138671875 -233.50552368164062 722.7297973632812 
v 765.6471557617188 -230.1798858642578 721.5405883789062 
v 759.9810791015625 -239.49163818359375 723.2847290039062 
v 767.6676025390625 -236.16600036621094 721.8577270507812 
v 768.6778564453125 -229.5147705078125 715.4359741210938 
v 770.2590942382812 -235.05747985839844 716.1494750976562 
v 757.4334716796875 -191.15928649902344 708.855712890625 
v 743.114501953125 -184.06463623046875 696.4086303710938 
v 750.1861572265625 -196.48028564453125 698.0735473632812 
v 763.099609375 -232.61866760253906 710.2034912109375 
v 764.9443969726562 -237.7179718017578 711.5512084960938 
v 755.0177001953125 -235.94430541992188 711.471923828125 
v 757.5652465820312 -241.04359436035156 713.0575561523438 
v 728.3123779296875 -184.50804138183594 697.3599853515625 
v 725.633056640625 -172.7575225830078 695.0608520507812 
v 720.1865234375 -169.8753204345703 705.843017578125 
v 722.7780151367188 -179.85218811035156 707.4286499023438 
v 729.2786865234375 -166.77142333984375 715.5152587890625 
v 732.0897827148438 -174.97459411621094 716.3873291015625 
v 730.7720336914062 -197.58880615234375 707.9835815429688 
v 737.316650390625 -199.5841827392578 697.4392700195312 
v 759.9810791015625 -239.49163818359375 723.2847290039062 
v 757.2138671875 -233.50552368164062 722.7297973632812 
v 754.754150390625 -241.930419921875 718.92431640625 
v 751.7673950195312 -236.38771057128906 717.735107421875 
v 737.755859375 -192.04612731933594 719.1621704101562 
v 748.3413696289062 -210.8913116455078 685.943603515625 
v 720.2744140625 -210.44789123535156 673.813720703125 
v 726.9507446289062 -233.2838134765625 682.9309692382812 
v 717.0240478515625 -231.06674194335938 671.1974487304688 
v 748.033935546875 -229.73648071289062 686.3400268554688 
v 727.521728515625 -271.6393127441406 684.9922485351562 
v 746.2330322265625 -270.3090515136719 688.5598754882812 
v 723.3489990234375 -321.74530029296875 678.8084106445312 
v 734.4616088867188 -324.18408203125 684.199462890625 
v 732.441162109375 -339.4819641113281 683.0895385742188 
v 720.9332275390625 -335.4912109375 677.4606323242188 
v 716.4530639648438 -334.16094970703125 665.4099731445312 
v 718.9566650390625 -321.3018798828125 666.4406127929688 
v 721.5921020507812 -336.3780517578125 653.914306640625 
v 716.9801635742188 -278.29052734375 671.5938720703125 
v 716.0577392578125 -246.14288330078125 670.0875244140625 
v 712.0607299804688 -229.51478576660156 657.8783569335938 
v 712.0607299804688 -228.84967041015625 644.9556274414062 
v 714.2568969726562 -210.8913116455078 644.9556274414062 
v 720.2744140625 -210.44790649414062 616.0182495117188 
v 712.0607299804688 -229.51478576660156 631.95361328125 
v 717.3754272460938 -252.7941131591797 644.9556274414062 
v 717.3754272460938 -253.9026641845703 640.9122924804688 
v 717.3754272460938 -253.9026641845703 648.9196166992188 
v 720.8014526367188 -260.997314453125 655.73779296875 
v 721.0650024414062 -286.7154541015625 656.2134399414062 
v 724.2714233398438 -323.2972717285156 654.7864379882812 
v 733.363525390625 -340.81219482421875 649.791748046875 
v 736.0428466796875 -326.40118408203125 650.5845336914062 
v 737.272705078125 -291.8147277832031 647.96826171875 
v 738.9417724609375 -268.9787902832031 648.1268310546875 
v 739.6884765625 -253.9026641845703 648.9989013671875 
v 738.9857177734375 -253.45925903320312 644.9556274414062 
v 739.6884765625 -253.9026641845703 640.8330078125 
v 738.9417724609375 -268.9787902832031 641.7051391601562 
v 720.8014526367188 -260.997314453125 634.0941772460938 
v 737.272705078125 -291.8147277832031 641.8637084960938 
v 721.0650024414062 -286.7154541015625 633.6185302734375 
v 736.0428466796875 -326.40118408203125 639.2474365234375 
v 716.0577392578125 -246.14288330078125 619.744384765625 
v 717.0240478515625 -231.06675720214844 618.6344604492188 
v 726.9507446289062 -233.28382873535156 606.9010009765625 
v 748.3413696289062 -210.8913116455078 603.8883056640625 
v 748.033935546875 -229.7364959716797 603.4918823242188 
v 727.521728515625 -271.6393127441406 604.8396606445312 
v 746.2330322265625 -270.3090515136719 601.2720336914062 
v 723.3489990234375 -321.74530029296875 611.0235595703125 
v 734.4616088867188 -324.1841125488281 605.6325073242188 
v 732.441162109375 -339.4819641113281 606.742431640625 
v 720.9332275390625 -335.4912109375 612.371337890625 
v 716.4530639648438 -334.16094970703125 624.4219970703125 
v 718.9566650390625 -321.3019104003906 623.391357421875 
v 721.5921020507812 -336.3780517578125 635.9176635742188 
v 716.9801635742188 -278.2905578613281 618.2380981445312 
v 724.2714233398438 -323.2972717285156 635.0455932617188 
v 733.363525390625 -340.81219482421875 640.0402221679688 
v 715.0474853515625 -448.1188659667969 656.6891479492188 
v 713.949462890625 -374.5118103027344 655.4999389648438 
v 726.8189697265625 -447.6754455566406 650.7431030273438 
v 726.511474609375 -377.17230224609375 649.157470703125 
v 720.2744140625 -352.5627136230469 653.2800903320312 
v 732.0458374023438 -356.3317565917969 649.157470703125 
v 733.363525390625 -340.81219482421875 649.791748046875 
v 721.5921020507812 -336.3780517578125 653.914306640625 
v 716.4530639648438 -334.16094970703125 665.4099731445312 
v 715.0914306640625 -350.34564208984375 664.6964721679688 
v 719.5277099609375 -351.23248291015625 676.6678466796875 
v 720.9332275390625 -335.4912109375 677.4606323242188 
v 732.441162109375 -339.4819641113281 683.0895385742188 
v 730.94775390625 -354.5580749511719 682.2967529296875 
v 717.5950927734375 -375.8420715332031 678.8876953125 
v 731.3430786132812 -379.16766357421875 681.9796142578125 
v 719.0445556640625 -448.340576171875 678.015625 
v 731.5187377929688 -447.6754455566406 680.6318969726562 
v 710.2598876953125 -373.8466796875 667.9469604492188 
v 715.0474853515625 -448.1188659667969 656.6891479492188 
v 711.7532958984375 -448.340576171875 668.184814453125 
v 711.7532958984375 -448.340576171875 668.184814453125 
v 719.0445556640625 -448.340576171875 678.015625 
v 726.8189697265625 -447.6754455566406 650.7431030273438 
v 739.205322265625 -447.2320251464844 653.4386596679688 
v 726.511474609375 -377.17230224609375 649.157470703125 
v 740.2594604492188 -380.2762145996094 652.6458129882812 
v 732.0458374023438 -356.3317565917969 649.157470703125 
v 743.4219360351562 -359.4356689453125 654.7071533203125 
v 733.363525390625 -340.81219482421875 649.791748046875 
v 744.8275146484375 -344.58123779296875 655.420654296875 
v 747.9021606445312 -360.322509765625 666.7577514648438 
v 749.3516235351562 -345.9114685058594 667.4713134765625 
v 742.67529296875 -358.3271179199219 678.1741333007812 
v 744.2125854492188 -343.69439697265625 678.9669799804688 
v 732.441162109375 -339.4819641113281 683.0895385742188 
v 730.94775390625 -354.5580749511719 682.2967529296875 
v 731.3430786132812 -379.16766357421875 681.9796142578125 
v 743.59765625 -381.82818603515625 675.63720703125 
v 747.2872314453125 -382.2715759277344 663.5865478515625 
v 745.2667236328125 -445.6800842285156 663.6658325195312 
v 739.205322265625 -447.2320251464844 653.4386596679688 
v 745.2667236328125 -445.6800842285156 663.6658325195312 
v 742.2799682617188 -445.90179443359375 674.130859375 
v 731.5187377929688 -447.6754455566406 680.6318969726562 
v 742.2799682617188 -445.90179443359375 674.130859375 
v 749.3516235351562 -345.9114685058594 667.4713134765625 
v 751.6795654296875 -329.28338623046875 668.4226684570312 
v 744.8275146484375 -344.58123779296875 655.420654296875 
v 747.3750610351562 -328.8399658203125 656.1341552734375 
v 733.363525390625 -340.81219482421875 649.791748046875 
v 745.7059936523438 -328.6182556152344 655.3413696289062 
v 736.0428466796875 -326.40118408203125 650.5845336914062 
v 744.2125854492188 -343.69439697265625 678.9669799804688 
v 746.3209228515625 -327.2879943847656 679.9976196289062 
v 732.441162109375 -339.4819641113281 683.0895385742188 
v 734.4616088867188 -324.18408203125 684.199462890625 
v 762.3968505859375 -275.4083251953125 680.3939819335938 
v 746.2330322265625 -270.3090515136719 688.5598754882812 
v 766.525634765625 -283.833251953125 665.0136108398438 
v 756.0718994140625 -290.7061767578125 651.6151733398438 
v 737.272705078125 -291.8147277832031 647.96826171875 
v 738.9417724609375 -268.9787902832031 648.1268310546875 
v 759.5857543945312 -265.43145751953125 651.4566040039062 
v 739.6884765625 -253.9026641845703 648.9989013671875 
v 762.0454711914062 -253.9026641845703 648.84033203125 
v 762.08935546875 -253.9026641845703 644.9556274414062 
v 738.9857177734375 -253.45925903320312 644.9556274414062 
v 739.6884765625 -253.9026641845703 640.8330078125 
v 762.0454711914062 -253.9026641845703 640.9915771484375 
v 759.5857543945312 -265.43145751953125 638.3753051757812 
v 738.9417724609375 -268.9787902832031 641.7051391601562 
v 756.0718994140625 -290.7061767578125 638.216796875 
v 737.272705078125 -291.8147277832031 641.8637084960938 
v 747.3750610351562 -328.8399658203125 633.6978149414062 
v 736.0428466796875 -326.40118408203125 639.2474365234375 
v 733.363525390625 -340.81219482421875 640.0402221679688 
v 744.8275146484375 -344.58123779296875 634.4113159179688 
v 749.3516235351562 -345.9114990234375 622.3606567382812 
v 751.6795654296875 -329.28338623046875 621.4093017578125 
v 744.2125854492188 -343.6944274902344 610.864990234375 
v 770.7422485351562 -252.57240295410156 663.98291015625 
v 766.525634765625 -283.833251953125 624.818359375 
v 770.7422485351562 -252.57241821289062 625.8489990234375 
v 769.9955444335938 -229.29307556152344 632.0328979492188 
v 769.9955444335938 -229.29307556152344 644.9556274414062 
v 768.414306640625 -210.6696014404297 644.9556274414062 
v 769.9955444335938 -229.29307556152344 657.799072265625 
v 763.1874389648438 -210.8913116455078 673.0208740234375 
v 763.1874389648438 -210.8913116455078 616.81103515625 
v 765.6911010742188 -237.71798706054688 610.864990234375 
v 762.3968505859375 -275.4083251953125 609.4379272460938 
v 746.3209228515625 -327.28802490234375 609.8343505859375 
v 732.441162109375 -339.4819641113281 606.742431640625 
v 734.4616088867188 -324.1841125488281 605.6325073242188 
v 746.2330322265625 -270.3090515136719 601.2720336914062 
v 748.033935546875 -229.7364959716797 603.4918823242188 
v 748.3413696289062 -210.8913116455078 603.8883056640625 
v 748.3413696289062 -210.8913116455078 685.943603515625 
v 748.033935546875 -229.73648071289062 686.3400268554688 
v 765.6911010742188 -237.7179718017578 678.9669189453125 
v 744.56396484375 -69.21989440917969 656.0548706054688 
v 743.7294311523438 -60.795013427734375 660.97021484375 
v 731.6944580078125 -65.45085144042969 659.543212890625 
v 732.353271484375 -47.27081298828125 665.6477661132812 
v 728.92724609375 -55.25230407714844 663.8243408203125 
v 718.1221313476562 -56.360809326171875 659.7017822265625 
v 723.17333984375 -49.26618576049805 665.0135498046875 
v 714.2129516601562 -44.83203125 662.6351318359375 
v 722.2948608398438 -39.73273468017578 664.2207641601562 
v 718.6492309570312 -61.90351486206055 655.0242309570312 
v 716.4970092773438 -61.460105895996094 644.95556640625 
v 712.2364501953125 -50.15300750732422 656.2926635742188 
v 708.546875 -53.70034408569336 644.95556640625 
v 705.0330200195312 -34.63343811035156 644.95556640625 
v 711.7532958984375 -34.63343811035156 659.7017211914062 
v 730.420654296875 -39.28932189941406 666.2027587890625 
v 714.4326171875 -23.32634162902832 658.4332885742188 
v 732.2654418945312 -20.44414520263672 662.9522705078125 
v 732.2654418945312 -14.23630142211914 644.95556640625 
v 711.6654052734375 -20.444149017333984 644.95556640625 
v 758.663330078125 -59.2430534362793 644.95556640625 
v 757.9605712890625 -72.10211181640625 644.95556640625 
v 757.740966796875 -68.99818420410156 653.1214599609375 
v 745.047119140625 -72.98892974853516 644.95556640625 
v 744.56396484375 -69.21989440917969 656.0548706054688 
v 743.7294311523438 -60.795013427734375 660.97021484375 
v 754.9298706054688 -59.90814208984375 656.7683715820312 
v 752.7776489257812 -48.60104751586914 658.591796875 
v 758.18017578125 -45.053714752197266 644.95556640625 
v 758.9268798828125 -57.02595138549805 649.157470703125 
v 764.1537475585938 -55.695716857910156 644.95556640625 
v 732.353271484375 -47.27081298828125 665.6477661132812 
v 754.0075073242188 -41.062965393066406 659.7017822265625 
v 730.420654296875 -39.28932189941406 666.2027587890625 
v 732.2654418945312 -20.44414520263672 662.9522705078125 
v 749.1759033203125 -23.32634162902832 658.4332885742188 
v 752.909423828125 -20.444149017333984 644.95556640625 
v 760.0689086914062 -42.61492919921875 644.95556640625 
v 732.2654418945312 -14.23630142211914 644.95556640625 
v 728.92724609375 -55.25230407714844 663.8243408203125 
v 722.5144653320312 -49.48786544799805 667.1541137695312 
v 723.17333984375 -49.26618576049805 665.0135498046875 
v 722.2948608398438 -39.73273468017578 664.2207641601562 
v 721.635986328125 -39.95446014404297 667.3919677734375 
v 730.420654296875 -39.28932189941406 666.2027587890625 
v 729.7618408203125 -39.95446014404297 668.73974609375 
v 732.353271484375 -47.27081298828125 665.6477661132812 
v 729.2786865234375 -166.7714385986328 574.316650390625 
v 742.58740234375 -158.3465118408203 575.9815673828125 
v 743.5098266601562 -166.54971313476562 575.1094970703125 
v 749.0441284179688 -169.6536407470703 585.9708862304688 
v 727.565673828125 -158.3465118408203 575.1094970703125 
v 741.225830078125 -146.59600830078125 576.4572143554688 
v 725.4133911132812 -148.3696746826172 574.7923583984375 
v 733.7149047851562 -117.77396392822266 578.2807006835938 
v 717.814697265625 -117.99567413330078 579.073486328125 
v 714.7400512695312 -111.12273406982422 581.0554809570312 
v 733.5392456054688 -107.57539367675781 579.7870483398438 
v 715.838134765625 -100.03731536865234 583.51318359375 
v 741.0940551757812 -122.42982482910156 590.7277221679688 
v 746.7161865234375 -147.70452880859375 589.6177978515625 
v 748.2095947265625 -160.7853240966797 587.2393798828125 
v 739.9080810546875 -172.53582763671875 595.6431274414062 
v 738.9417724609375 -163.0023956298828 597.228759765625 
v 723.3929443359375 -163.22410583496094 596.03955078125 
v 725.633056640625 -172.75753784179688 594.7710571289062 
v 718.1660766601562 -160.7853240966797 585.2573852539062 
v 720.1865234375 -169.87533569335938 583.9888916015625 
v 729.2786865234375 -166.7714385986328 574.316650390625 
v 727.565673828125 -158.3465118408203 575.1094970703125 
v 725.4133911132812 -148.3696746826172 574.7923583984375 
v 715.1353759765625 -151.69528198242188 585.9708862304688 
v 717.814697265625 -117.99567413330078 579.073486328125 
v 708.8104248046875 -122.65153503417969 591.9169311523438 
v 706.4824829101562 -106.2451400756836 596.8323364257812 
v 714.7400512695312 -111.12273406982422 581.0554809570312 
v 715.838134765625 -100.03731536865234 583.51318359375 
v 713.0270385742188 -88.73021697998047 597.3079833984375 
v 704.0667114257812 -100.48072052001953 614.3533325195312 
v 711.1822509765625 -86.0697021484375 609.8343505859375 
v 720.5818481445312 -153.2472381591797 598.65576171875 
v 736.6138305664062 -151.03016662597656 600.3999633789062 
v 732.5289916992188 -126.86398315429688 601.1134643554688 
v 742.4995727539062 -108.46221923828125 593.89892578125 
v 715.4428100585938 -127.08568572998047 601.8270263671875 
v 750.888916015625 -109.57076263427734 602.54052734375 
v 731.7383422851562 -89.8387451171875 592.7890014648438 
v 729.5421752929688 -96.26828002929688 583.1168212890625 
v 736.3942260742188 -87.84336853027344 607.2180786132812 
v 713.0270385742188 -88.73021697998047 597.3079833984375 
v 711.1822509765625 -86.0697021484375 609.8343505859375 
v 732.0897827148438 -174.974609375 573.444580078125 
v 722.7780151367188 -179.85220336914062 582.4032592773438 
v 729.2786865234375 -166.7714385986328 574.316650390625 
v 720.1865234375 -169.87533569335938 583.9888916015625 
v 725.633056640625 -172.75753784179688 594.7710571289062 
v 728.3123779296875 -184.508056640625 592.471923828125 
v 739.9080810546875 -172.53582763671875 595.6431274414062 
v 743.114501953125 -184.0646514892578 593.4232788085938 
v 752.33837890625 -178.96536254882812 584.5438842773438 
v 749.0441284179688 -169.6536407470703 585.9708862304688 
v 746.8479614257812 -174.3094940185547 574.316650390625 
v 743.5098266601562 -166.54971313476562 575.1094970703125 
v 729.2786865234375 -166.7714385986328 574.316650390625 
v 732.0897827148438 -174.974609375 573.444580078125 
v 737.755859375 -192.046142578125 570.6697998046875 
v 751.2402954101562 -188.72052001953125 570.0355224609375 
v 757.2138671875 -233.5055389404297 567.1021728515625 
v 757.4334716796875 -191.1593017578125 580.9762573242188 
v 750.1861572265625 -196.4803009033203 591.7583618164062 
v 737.316650390625 -199.58419799804688 592.3926391601562 
v 730.7720336914062 -197.58883666992188 581.8483276367188 
v 737.755859375 -192.046142578125 570.6697998046875 
v 751.7673950195312 -236.3877410888672 572.0968017578125 
v 757.2138671875 -233.5055389404297 567.1021728515625 
v 754.754150390625 -241.93045043945312 570.9076538085938 
v 759.9810791015625 -239.4916534423828 566.5471801757812 
v 757.5652465820312 -241.0436248779297 576.7744140625 
v 755.0177001953125 -235.94432067871094 578.3599853515625 
v 763.099609375 -232.6186981201172 579.6284790039062 
v 768.6778564453125 -229.51480102539062 574.39599609375 
v 765.6471557617188 -230.17991638183594 568.2913818359375 
v 759.9810791015625 -239.4916534423828 566.5471801757812 
v 767.6676025390625 -236.16603088378906 567.9742431640625 
v 770.2590942382812 -235.0574951171875 573.6824340820312 
v 764.9443969726562 -237.71798706054688 578.2807006835938 
v 744.2125854492188 -343.6944274902344 610.864990234375 
v 732.441162109375 -339.4819641113281 606.742431640625 
v 742.67529296875 -358.3271484375 611.6578369140625 
v 730.94775390625 -354.55810546875 607.5352172851562 
v 731.3430786132812 -379.1676940917969 607.8523559570312 
v 749.3516235351562 -345.9114990234375 622.3606567382812 
v 747.9021606445312 -360.322509765625 623.07421875 
v 744.8275146484375 -344.58123779296875 634.4113159179688 
v 743.4219360351562 -359.4356689453125 635.1248779296875 
v 733.363525390625 -340.81219482421875 640.0402221679688 
v 732.0458374023438 -356.3317565917969 640.6744995117188 
v 740.2594604492188 -380.2762145996094 637.1861572265625 
v 726.511474609375 -377.17230224609375 640.6744995117188 
v 739.205322265625 -447.2320251464844 636.3933715820312 
v 726.8189697265625 -447.6754455566406 639.0888671875 
v 739.205322265625 -447.2320251464844 636.3933715820312 
v 745.2667236328125 -445.6800842285156 626.1661376953125 
v 747.2872314453125 -382.2716064453125 626.2454223632812 
v 743.59765625 -381.82818603515625 614.19482421875 
v 731.5187377929688 -447.6754455566406 609.2001342773438 
v 742.2799682617188 -445.90179443359375 615.7011108398438 
v 742.2799682617188 -445.90179443359375 615.7011108398438 
v 745.2667236328125 -445.6800842285156 626.1661376953125 
v 721.5921020507812 -336.3780517578125 635.9176635742188 
v 720.2744140625 -352.5627136230469 636.5518798828125 
v 733.363525390625 -340.81219482421875 640.0402221679688 
v 732.0458374023438 -356.3317565917969 640.6744995117188 
v 726.511474609375 -377.17230224609375 640.6744995117188 
v 716.4530639648438 -334.16094970703125 624.4219970703125 
v 715.0914306640625 -350.34564208984375 625.135498046875 
v 720.9332275390625 -335.4912109375 612.371337890625 
v 719.5277099609375 -351.23248291015625 613.1641235351562 
v 732.441162109375 -339.4819641113281 606.742431640625 
v 730.94775390625 -354.55810546875 607.5352172851562 
v 717.5950927734375 -375.8420715332031 610.9442749023438 
v 731.3430786132812 -379.1676940917969 607.8523559570312 
v 719.0445556640625 -448.340576171875 611.81640625 
v 731.5187377929688 -447.6754455566406 609.2001342773438 
v 719.0445556640625 -448.340576171875 611.81640625 
v 711.7532958984375 -448.340576171875 621.6471557617188 
v 710.2598876953125 -373.8467102050781 621.885009765625 
v 713.949462890625 -374.5118103027344 634.33203125 
v 726.8189697265625 -447.6754455566406 639.0888671875 
v 715.0474853515625 -448.1188659667969 633.142822265625 
v 715.0474853515625 -448.1188659667969 633.142822265625 
v 711.7532958984375 -448.340576171875 621.6471557617188 
v 744.56396484375 -69.21989440917969 633.7770385742188 
v 731.6944580078125 -65.45085906982422 630.2886962890625 
v 743.7294311523438 -60.79501724243164 628.8616333007812 
v 732.353271484375 -47.27082061767578 624.18408203125 
v 728.92724609375 -55.25231170654297 626.007568359375 
v 718.1221313476562 -56.36081314086914 630.130126953125 
v 723.17333984375 -49.26619338989258 624.818359375 
v 714.2129516601562 -44.832035064697266 627.19677734375 
v 722.2948608398438 -39.73273849487305 625.6111450195312 
v 718.6492309570312 -61.90351867675781 634.8076782226562 
v 716.4970092773438 -61.460105895996094 644.95556640625 
v 712.2364501953125 -50.153011322021484 633.5391845703125 
v 708.546875 -53.70034408569336 644.95556640625 
v 705.0330200195312 -34.63343811035156 644.95556640625 
v 711.7532958984375 -34.63344192504883 630.130126953125 
v 730.420654296875 -39.289329528808594 623.629150390625 
v 714.4326171875 -23.326345443725586 631.3986206054688 
v 732.2654418945312 -20.444150924682617 626.879638671875 
v 732.2654418945312 -14.23630142211914 644.95556640625 
v 711.6654052734375 -20.444149017333984 644.95556640625 
v 758.663330078125 -59.2430534362793 644.95556640625 
v 757.9605712890625 -72.10211181640625 644.95556640625 
v 757.740966796875 -68.9981918334961 636.7103881835938 
v 745.047119140625 -72.98892974853516 644.95556640625 
v 744.56396484375 -69.21989440917969 633.7770385742188 
v 743.7294311523438 -60.79501724243164 628.8616333007812 
v 754.9298706054688 -59.908145904541016 633.0634765625 
v 752.7776489257812 -48.601051330566406 631.2400512695312 
v 758.18017578125 -45.053714752197266 644.95556640625 
v 758.9268798828125 -57.02595138549805 640.6744384765625 
v 764.1537475585938 -55.695716857910156 644.95556640625 
v 732.353271484375 -47.27082061767578 624.18408203125 
v 754.0075073242188 -41.06297302246094 630.130126953125 
v 730.420654296875 -39.289329528808594 623.629150390625 
v 732.2654418945312 -20.444150924682617 626.879638671875 
v 749.1759033203125 -23.326345443725586 631.3986206054688 
v 752.909423828125 -20.444149017333984 644.95556640625 
v 760.0689086914062 -42.61492919921875 644.95556640625 
v 732.2654418945312 -14.23630142211914 644.95556640625 
v 728.92724609375 -55.25231170654297 626.007568359375 
v 722.5144653320312 -49.48787307739258 622.677734375 
v 723.17333984375 -49.26619338989258 624.818359375 
v 722.2948608398438 -39.73273849487305 625.6111450195312 
v 721.635986328125 -39.9544677734375 622.43994140625 
v 730.420654296875 -39.289329528808594 623.629150390625 
v 729.7618408203125 -39.9544677734375 621.0921630859375 
v 732.353271484375 -47.27082061767578 624.18408203125 
v 781.064208984375 -252.1289825439453 711.3927001953125 
v 776.4962158203125 -245.25604248046875 714.6431884765625 
v 777.198974609375 -240.3784637451172 711.8683471679688 
v 770.2590942382812 -235.05747985839844 716.1494750976562 
v 775.6616821289062 -245.03431701660156 717.3386840820312 
v 773.2019653320312 -246.8079833984375 723.8397216796875 
v 778.4288330078125 -258.5585021972656 724.1568603515625 
v 768.7218017578125 -262.1058654785156 726.0595703125 
v 764.9443969726562 -250.35531616210938 725.3460083007812 
v 767.6676025390625 -236.16600036621094 721.8577270507812 
v 759.9810791015625 -239.49163818359375 723.2847290039062 
v 783.1286010742188 -249.468505859375 709.0142822265625 
v 781.8988037109375 -256.5631408691406 717.8143920898438 
v 780.2296752929688 -264.32293701171875 724.2361450195312 
v 784.1828002929688 -262.3275451660156 719.6378173828125 
v 785.1051635742188 -280.5075988769531 722.80908203125 
v 788.5311889648438 -278.29052734375 719.8756713867188 
v 773.5533447265625 -283.3898010253906 722.4126586914062 
v 778.736328125 -282.72467041015625 723.998291015625 
v 771.0497436523438 -267.2051086425781 725.8217163085938 
v 762.660400390625 -268.5353698730469 722.9676513671875 
v 759.1904296875 -263.8795166015625 721.93701171875 
v 756.29150390625 -251.68557739257812 720.0342407226562 
v 754.754150390625 -241.930419921875 718.92431640625 
v 715.0474853515625 -448.1188659667969 656.6891479492188 
v 711.7532958984375 -448.340576171875 668.184814453125 
v 718.9127807617188 -448.5622863769531 659.0675659179688 
v 716.27734375 -448.5622863769531 667.4713134765625 
v 727.6974487304688 -448.78399658203125 654.9450073242188 
v 715.0474853515625 -448.1188659667969 656.6891479492188 
v 726.8189697265625 -447.6754455566406 650.7431030273438 
v 711.7532958984375 -448.340576171875 668.184814453125 
v 719.0445556640625 -448.340576171875 678.015625 
v 721.7677612304688 -448.78399658203125 674.6858520507812 
v 719.0445556640625 -448.340576171875 678.015625 
v 731.5187377929688 -447.6754455566406 680.6318969726562 
v 730.464599609375 -448.340576171875 676.7471313476562 
v 742.2799682617188 -445.90179443359375 674.130859375 
v 745.2667236328125 -445.6800842285156 663.6658325195312 
v 738.3268432617188 -445.6800842285156 671.5145874023438 
v 740.3912353515625 -445.6800842285156 664.6171875 
v 730.464599609375 -448.340576171875 676.7471313476562 
v 742.2799682617188 -445.90179443359375 674.130859375 
v 731.5187377929688 -447.6754455566406 680.6318969726562 
v 745.2667236328125 -445.6800842285156 663.6658325195312 
v 739.205322265625 -447.2320251464844 653.4386596679688 
v 736.350341796875 -448.340576171875 656.7684326171875 
v 739.205322265625 -447.2320251464844 653.4386596679688 
v 726.8189697265625 -447.6754455566406 650.7431030273438 
v 727.6974487304688 -448.78399658203125 654.9450073242188 
v 773.1580200195312 -468.0726013183594 662.0009765625 
v 778.4288330078125 -468.07257080078125 669.8497314453125 
v 772.9384155273438 -462.0864562988281 662.0009765625 
v 778.0335083007812 -462.30816650390625 669.8497314453125 
v 736.350341796875 -448.340576171875 656.7684326171875 
v 740.3912353515625 -445.6800842285156 664.6171875 
v 772.9384155273438 -462.0864562988281 680.8696899414062 
v 738.3268432617188 -445.6800842285156 671.5145874023438 
v 764.7686767578125 -462.0864562988281 686.2608032226562 
v 730.464599609375 -448.340576171875 676.7471313476562 
v 773.2459106445312 -468.07257080078125 681.1075439453125 
v 764.8126220703125 -468.07257080078125 686.340087890625 
v 735.4718627929688 -468.0726013183594 655.2620849609375 
v 773.1580200195312 -468.0726013183594 662.0009765625 
v 738.5025634765625 -468.0726013183594 664.7757568359375 
v 778.4288330078125 -468.07257080078125 669.8497314453125 
v 738.5025634765625 -468.0726013183594 664.7757568359375 
v 778.4288330078125 -468.07257080078125 669.8497314453125 
v 736.7017211914062 -468.07257080078125 671.2767944335938 
v 773.2459106445312 -468.07257080078125 681.1075439453125 
v 727.6974487304688 -448.78399658203125 654.9450073242188 
v 727.2581787109375 -468.0726013183594 653.042236328125 
v 718.9127807617188 -448.5622863769531 659.0675659179688 
v 718.2978515625 -468.0726013183594 657.799072265625 
v 716.27734375 -448.5622863769531 667.4713134765625 
v 715.6624145507812 -468.0726013183594 667.7091674804688 
v 721.7677612304688 -448.78399658203125 674.6858520507812 
v 721.19677734375 -468.07257080078125 676.0336303710938 
v 730.464599609375 -448.340576171875 676.7471313476562 
v 729.6300659179688 -468.07257080078125 678.2534790039062 
v 729.6300659179688 -468.07257080078125 678.2534790039062 
v 764.8126220703125 -468.07257080078125 686.340087890625 
v 730.464599609375 -448.340576171875 676.7471313476562 
v 764.7686767578125 -462.0864562988281 686.2608032226562 
v 773.1580200195312 -468.0726013183594 662.0009765625 
v 735.4718627929688 -468.0726013183594 655.2620849609375 
v 772.9384155273438 -462.0864562988281 662.0009765625 
v 736.350341796875 -448.340576171875 656.7684326171875 
v 727.6974487304688 -448.78399658203125 654.9450073242188 
v 727.2581787109375 -468.0726013183594 653.042236328125 
v 736.7017211914062 -468.07257080078125 671.2767944335938 
v 773.2459106445312 -468.07257080078125 681.1075439453125 
v 729.6300659179688 -468.07257080078125 678.2534790039062 
v 764.8126220703125 -468.07257080078125 686.340087890625 
v 773.5533447265625 -283.3898010253906 722.4126586914062 
v 762.660400390625 -268.5353698730469 722.9676513671875 
v 776.0130615234375 -281.1727294921875 720.6685180664062 
v 766.7891845703125 -266.76171875 721.0648803710938 
v 759.1904296875 -263.8795166015625 721.93701171875 
v 763.9780883789062 -262.7709655761719 719.79638671875 
v 756.29150390625 -251.68557739257812 720.0342407226562 
v 760.7277221679688 -250.5770263671875 717.18017578125 
v 754.754150390625 -241.930419921875 718.92431640625 
v 757.5652465820312 -241.04359436035156 713.0575561523438 
v 769.6441650390625 -247.69483947753906 715.8323974609375 
v 764.9443969726562 -237.7179718017578 711.5512084960938 
v 774.7392578125 -259.2236328125 717.9729614257812 
v 776.8915405273438 -263.8795166015625 719.55859375 
v 782.9529418945312 -278.9556579589844 719.55859375 
v 788.5311889648438 -278.29052734375 719.8756713867188 
v 784.1828002929688 -262.3275451660156 719.6378173828125 
v 781.8988037109375 -256.5631408691406 717.8143920898438 
v 775.6616821289062 -245.03431701660156 717.3386840820312 
v 772.323486328125 -246.1428680419922 710.1242065429688 
v 776.4962158203125 -245.25604248046875 714.6431884765625 
v 778.6045532226562 -253.01580810546875 707.7457885742188 
v 781.064208984375 -252.1289825439453 711.3927001953125 
v 781.1959838867188 -250.5770263671875 705.6844482421875 
v 783.1286010742188 -249.468505859375 709.0142822265625 
v 774.343994140625 -241.2653045654297 707.7457885742188 
v 777.198974609375 -240.3784637451172 711.8683471679688 
v 770.2590942382812 -235.05747985839844 716.1494750976562 
v 739.7763061523438 -82.52238464355469 654.8656616210938 
v 745.047119140625 -72.98892974853516 644.95556640625 
v 739.9080810546875 -82.74409484863281 644.95556640625 
v 739.7763061523438 -82.52238464355469 634.9662475585938 
v 744.56396484375 -69.21989440917969 633.7770385742188 
v 729.9814453125 -78.0882339477539 630.6851196289062 
v 731.6944580078125 -65.45085906982422 630.2886962890625 
v 715.6185302734375 -73.654052734375 635.5211791992188 
v 718.6492309570312 -61.90351867675781 634.8076782226562 
v 712.3242797851562 -73.43234252929688 644.95556640625 
v 716.4970092773438 -61.460105895996094 644.95556640625 
v 744.56396484375 -69.21989440917969 656.0548706054688 
v 729.9814453125 -78.08822631835938 659.1467895507812 
v 731.6944580078125 -65.45085144042969 659.543212890625 
v 715.6185302734375 -73.65404510498047 654.3106689453125 
v 718.6492309570312 -61.90351486206055 655.0242309570312 
v 712.3242797851562 -73.43234252929688 644.95556640625 
v 716.4970092773438 -61.460105895996094 644.95556640625 
v 788.5311889648438 -278.2905578613281 569.9562377929688 
v 785.1051635742188 -280.50762939453125 567.0228881835938 
v 784.1828002929688 -262.32757568359375 570.194091796875 
v 780.2296752929688 -264.3229675292969 565.5958251953125 
v 781.8988037109375 -256.56317138671875 572.017578125 
v 778.4288330078125 -258.55853271484375 565.6751098632812 
v 775.6616821289062 -245.0343475341797 572.4932250976562 
v 773.2019653320312 -246.80801391601562 565.9922485351562 
v 768.7218017578125 -262.1058654785156 563.7723999023438 
v 771.0497436523438 -267.20513916015625 564.01025390625 
v 762.660400390625 -268.535400390625 566.8643188476562 
v 773.5533447265625 -283.38983154296875 567.4193115234375 
v 778.736328125 -282.7247009277344 565.8336791992188 
v 759.1904296875 -263.8795471191406 567.8949584960938 
v 764.9443969726562 -250.3553466796875 564.4859008789062 
v 767.6676025390625 -236.16603088378906 567.9742431640625 
v 770.2590942382812 -235.0574951171875 573.6824340820312 
v 776.4962158203125 -245.25607299804688 575.1887817382812 
v 777.198974609375 -240.37847900390625 577.9635620117188 
v 781.064208984375 -252.12901306152344 578.4392700195312 
v 783.1286010742188 -249.46852111816406 580.8176879882812 
v 756.29150390625 -251.68560791015625 569.7976684570312 
v 759.9810791015625 -239.4916534423828 566.5471801757812 
v 754.754150390625 -241.93045043945312 570.9076538085938 
v 715.0474853515625 -448.1188659667969 633.142822265625 
v 711.7532958984375 -448.340576171875 621.6471557617188 
v 718.9127807617188 -448.5622863769531 630.7644653320312 
v 716.27734375 -448.5622863769531 622.3607177734375 
v 727.6974487304688 -448.78399658203125 634.8870239257812 
v 715.0474853515625 -448.1188659667969 633.142822265625 
v 726.8189697265625 -447.6754455566406 639.0888671875 
v 711.7532958984375 -448.340576171875 621.6471557617188 
v 719.0445556640625 -448.340576171875 611.81640625 
v 721.7677612304688 -448.78399658203125 615.1461791992188 
v 730.464599609375 -448.340576171875 613.0848999023438 
v 731.5187377929688 -447.6754455566406 609.2001342773438 
v 719.0445556640625 -448.340576171875 611.81640625 
v 742.2799682617188 -445.90179443359375 615.7011108398438 
v 745.2667236328125 -445.6800842285156 626.1661376953125 
v 738.3268432617188 -445.6800842285156 618.3173828125 
v 740.3912353515625 -445.6800842285156 625.2147827148438 
v 730.464599609375 -448.340576171875 613.0848999023438 
v 742.2799682617188 -445.90179443359375 615.7011108398438 
v 731.5187377929688 -447.6754455566406 609.2001342773438 
v 745.2667236328125 -445.6800842285156 626.1661376953125 
v 739.205322265625 -447.2320251464844 636.3933715820312 
v 736.350341796875 -448.340576171875 633.0635986328125 
v 727.6974487304688 -448.78399658203125 634.8870239257812 
v 726.8189697265625 -447.6754455566406 639.0888671875 
v 739.205322265625 -447.2320251464844 636.3933715820312 
v 773.1580200195312 -468.0726013183594 627.8310546875 
v 778.4288330078125 -468.0726013183594 619.9822998046875 
v 772.9384155273438 -462.08648681640625 627.8310546875 
v 778.0335083007812 -462.3081970214844 619.9822998046875 
v 736.350341796875 -448.340576171875 633.0635986328125 
v 740.3912353515625 -445.6800842285156 625.2147827148438 
v 772.9384155273438 -462.08648681640625 608.9622802734375 
v 738.3268432617188 -445.6800842285156 618.3173828125 
v 764.7686767578125 -462.08648681640625 603.5712280273438 
v 730.464599609375 -448.340576171875 613.0848999023438 
v 773.2459106445312 -468.0726013183594 608.7244873046875 
v 764.8126220703125 -468.0726013183594 603.491943359375 
v 778.4288330078125 -468.0726013183594 619.9822998046875 
v 738.5025634765625 -468.0726013183594 625.0562133789062 
v 773.1580200195312 -468.0726013183594 627.8310546875 
v 735.4718627929688 -468.0726013183594 634.5698852539062 
v 773.2459106445312 -468.0726013183594 608.7244873046875 
v 736.7017211914062 -468.0726013183594 618.5552368164062 
v 778.4288330078125 -468.0726013183594 619.9822998046875 
v 738.5025634765625 -468.0726013183594 625.0562133789062 
v 729.6300659179688 -468.0726013183594 611.5785522460938 
v 730.464599609375 -448.340576171875 613.0848999023438 
v 721.19677734375 -468.0726013183594 613.7984008789062 
v 721.7677612304688 -448.78399658203125 615.1461791992188 
v 715.6624145507812 -468.0726013183594 622.1228637695312 
v 716.27734375 -448.5622863769531 622.3607177734375 
v 718.2978515625 -468.0726013183594 632.0328979492188 
v 718.9127807617188 -448.5622863769531 630.7644653320312 
v 727.2581787109375 -468.0726013183594 636.7897338867188 
v 727.6974487304688 -448.78399658203125 634.8870239257812 
v 764.7686767578125 -462.08648681640625 603.5712280273438 
v 730.464599609375 -448.340576171875 613.0848999023438 
v 764.8126220703125 -468.0726013183594 603.491943359375 
v 729.6300659179688 -468.0726013183594 611.5785522460938 
v 773.1580200195312 -468.0726013183594 627.8310546875 
v 735.4718627929688 -468.0726013183594 634.5698852539062 
v 772.9384155273438 -462.08648681640625 627.8310546875 
v 736.350341796875 -448.340576171875 633.0635986328125 
v 727.6974487304688 -448.78399658203125 634.8870239257812 
v 727.2581787109375 -468.0726013183594 636.7897338867188 
v 764.8126220703125 -468.0726013183594 603.491943359375 
v 729.6300659179688 -468.0726013183594 611.5785522460938 
v 773.2459106445312 -468.0726013183594 608.7244873046875 
v 736.7017211914062 -468.0726013183594 618.5552368164062 
v 762.660400390625 -268.535400390625 566.8643188476562 
v 776.0130615234375 -281.1727600097656 569.1634521484375 
v 773.5533447265625 -283.38983154296875 567.4193115234375 
v 788.5311889648438 -278.2905578613281 569.9562377929688 
v 766.7891845703125 -266.7617492675781 568.7670288085938 
v 759.1904296875 -263.8795471191406 567.8949584960938 
v 763.9780883789062 -262.77099609375 570.0355224609375 
v 756.29150390625 -251.68560791015625 569.7976684570312 
v 760.7277221679688 -250.57705688476562 572.6517944335938 
v 754.754150390625 -241.93045043945312 570.9076538085938 
v 757.5652465820312 -241.0436248779297 576.7744140625 
v 769.6441650390625 -247.69485473632812 573.9995727539062 
v 764.9443969726562 -237.71798706054688 578.2807006835938 
v 774.7392578125 -259.2236633300781 571.8590087890625 
v 776.8915405273438 -263.8795471191406 570.2733764648438 
v 782.9529418945312 -278.9556884765625 570.2733764648438 
v 784.1828002929688 -262.32757568359375 570.194091796875 
v 781.8988037109375 -256.56317138671875 572.017578125 
v 775.6616821289062 -245.0343475341797 572.4932250976562 
v 772.323486328125 -246.1428985595703 579.707763671875 
v 776.4962158203125 -245.25607299804688 575.1887817382812 
v 778.6045532226562 -253.01583862304688 582.086181640625 
v 781.064208984375 -252.12901306152344 578.4392700195312 
v 781.1959838867188 -250.57704162597656 584.1474609375 
v 783.1286010742188 -249.46852111816406 580.8176879882812 
v 774.343994140625 -241.26531982421875 582.086181640625 
v 777.198974609375 -240.37847900390625 577.9635620117188 
v 770.2590942382812 -235.0574951171875 573.6824340820312 
v 715.6624145507812 -468.0726013183594 667.7091674804688 
v 718.2978515625 -468.0726013183594 657.799072265625 
v 721.19677734375 -468.07257080078125 676.0336303710938 
v 727.2581787109375 -468.0726013183594 653.042236328125 
v 729.6300659179688 -468.07257080078125 678.2534790039062 
v 735.4718627929688 -468.0726013183594 655.2620849609375 
v 736.7017211914062 -468.07257080078125 671.2767944335938 
v 738.5025634765625 -468.0726013183594 664.7757568359375 
v 715.6624145507812 -468.0726013183594 622.1228637695312 
v 721.19677734375 -468.0726013183594 613.7984008789062 
v 718.2978515625 -468.0726013183594 632.0328979492188 
v 727.2581787109375 -468.0726013183594 636.7897338867188 
v 729.6300659179688 -468.0726013183594 611.5785522460938 
v 735.4718627929688 -468.0726013183594 634.5698852539062 
v 736.7017211914062 -468.0726013183594 618.5552368164062 
v 738.5025634765625 -468.0726013183594 625.0562133789062 
vn 0.009100615046918392 -0.0030319346114993095 0.0028259812388569117 
vn -0.00935961864888668 -0.0033219316974282265 0.0011671764077618718 
vn 0.0005472407210618258 -0.0018892604857683182 0.009804653003811836 
vn -0.007818307727575302 -0.002948544919490814 0.005493645556271076 
vn -0.009217636659741402 -0.0008074568468146026 0.003792517352849245 
vn -0.009696745313704014 -0.0024437066167593002 -0.00003774852302740328 
vn -0.009970780462026596 -0.000763898657169193 1.2445719455023152e-10 
vn -0.009217636659741402 -0.0008074581273831427 -0.0037925171200186014 
vn -0.009636113420128822 0.001975002698600292 -0.001801301958039403 
vn -0.009641047567129135 0.002654952695593238 0.00003771862247958779 
vn -0.009636113420128822 0.0019750031642615795 0.0018013013759627938 
vn -0.007143188267946243 0.0048351408913731575 0.00505927624180913 
vn -0.00571864191442728 0.007792954333126545 0.0025626157876104116 
vn 0.0019980259239673615 0.005652955733239651 0.008003247901797295 
vn -0.009245053865015507 0.003811691189184785 -6.210026382014178e-10 
vn -0.007143188267946243 0.004835139494389296 -0.005059277638792992 
vn -0.00571864191442728 0.00779295340180397 -0.002562618348747492 
vn 0.0019980259239673615 0.005652953404933214 -0.008003249764442444 
vn -0.00935961864888668 -0.0033219321630895138 -0.0011671753600239754 
vn -0.007818307727575302 -0.0029485467821359634 -0.005493644624948502 
vn 0.009100615046918392 -0.003031935542821884 -0.002825980307534337 
vn 0.0005472407210618258 -0.0018892636289820075 -0.009804653003811836 
vn -0.007579375524073839 -0.0015880769351497293 -0.006327012088149786 
vn -0.009858841076493263 -0.001674292958341539 2.727795211932005e-10 
vn -0.007551118265837431 0.0007638975512236357 -0.0065113031305372715 
vn -0.009974023327231407 0.000720325275324285 -1.17354043149831e-10 
vn -0.007551118265837431 0.0007638997049070895 0.0065113031305372715 
vn -0.007579375524073839 -0.0015880748396739364 0.006327012553811073 
vn 0.0014478772645816207 0.0013287249021232128 0.009805005975067616 
vn 0.0015042105223983526 -0.00024029178894124925 0.009883299469947815 
vn 0.0015042105223983526 -0.00024029501946642995 -0.009883299469947815 
vn 0.0014478772645816207 0.0013287216424942017 -0.00980500690639019 
vn 0.009100615046918392 -0.0030319346114993095 0.0028259812388569117 
vn 0.007350522093474865 0.0007638997631147504 0.006736934185028076 
vn 0.008287758566439152 0.0006767390295863152 0.005554734729230404 
vn 0.007428259123116732 0.005616858601570129 0.003643056843429804 
vn 0.004050948191434145 0.008358433842658997 0.003704915288835764 
vn 0.0005472407210618258 -0.0018892604857683182 0.009804653003811836 
vn 0.008002625778317451 -0.0004149720480199903 0.005982121918350458 
vn 0.0015042105223983526 -0.00024029178894124925 0.009883299469947815 
vn 0.008515064604580402 0.00028397314599715173 0.00523574510589242 
vn 0.008444071747362614 0.0011553040239959955 0.005230958107858896 
vn 0.009951713494956493 0.0009815302910283208 -1.5991188928587974e-10 
vn 0.00999883096665144 0.00015292274474631995 -2.4914327545477732e-11 
vn 0.008515064604580402 0.0002839714288711548 -0.005235745571553707 
vn 0.008444071747362614 0.00115530239418149 -0.0052309585735201836 
vn 0.0015042105223983526 -0.00024029501946642995 -0.009883299469947815 
vn 0.0014478772645816207 0.0013287216424942017 -0.00980500690639019 
vn 0.0014478772645816207 0.0013287249021232128 0.009805005975067616 
vn 0.008002625778317451 -0.0004149739979766309 -0.005982121918350458 
vn 0.0005472407210618258 -0.0018892636289820075 -0.009804653003811836 
vn 0.008287758566439152 0.0006767371669411659 -0.005554735194891691 
vn 0.009100615046918392 -0.003031935542821884 -0.002825980307534337 
vn 0.007350522093474865 0.0007638975512236357 -0.006736934185028076 
vn 0.007428259123116732 0.0056168572045862675 -0.0036430584732443094 
vn 0.004050948191434145 0.008358432911336422 -0.003704917849972844 
vn 0.007957804016768932 0.004604022949934006 -0.003933997824788094 
vn 0.0019980259239673615 0.005652953404933214 -0.008003249764442444 
vn -0.00571864191442728 0.00779295340180397 -0.002562618348747492 
vn 0.009707403369247913 0.0024013144429773092 -3.91224552753755e-10 
vn 0.008097868412733078 0.0058672428131103516 -9.55897028198649e-10 
vn 0.009873095899820328 0.0015880758874118328 -2.5873092557304744e-10 
vn 0.00999883096665144 -0.00015292274474631995 2.4914327545477732e-11 
vn 0.007957804016768932 0.00460402388125658 0.003933996427804232 
vn 0.0019980259239673615 0.005652955733239651 0.008003247901797295 
vn -0.00571864191442728 0.007792954333126545 0.0025626157876104116 
vn 0.005205003544688225 0.002060594270005822 0.00828624702990055 
vn -0.003686782903969288 0.00006554192077601328 0.009295339696109295 
vn 0.005703365430235863 0.0012420619605109096 0.00811966136097908 
vn -0.003613443346694112 -0.00041497149504721165 0.009315086528658867 
vn 0.005702930502593517 0.0015449227066710591 0.008067824877798557 
vn -0.0036853752098977566 -0.0002839707594830543 0.009291790425777435 
vn 0.004606237635016441 0.0015880772843956947 0.008732731454074383 
vn -0.004459564574062824 0.0005895273643545806 0.008931110613048077 
vn 0.0046122195199131966 0.0026549540925771 0.008466324768960476 
vn -0.005855266936123371 0.0014152857474982738 0.007982030510902405 
vn 0.00271806214004755 0.0057962555438280106 0.00768215861171484 
vn -0.004802135284990072 0.004526274744421244 0.00751347653567791 
vn 0.003632990410551429 0.008007198572158813 0.004762998782098293 
vn -0.005161460489034653 0.007626009173691273 0.003899142611771822 
vn 0.004050948191434145 0.008358433842658997 0.003704915288835764 
vn -0.00571864191442728 0.007792954333126545 0.0025626157876104116 
vn 0.009576071053743362 0.0019750024657696486 -0.0020971924532204866 
vn 0.007350522093474865 0.0007638997631147504 0.006736934185028076 
vn 0.008965152315795422 0.0012854048982262611 0.004239548463374376 
vn 0.009100615046918392 -0.0030319346114993095 0.0028259812388569117 
vn 0.009891921654343605 -0.0003276454808656126 0.0014291758416220546 
vn 0.00971186812967062 0.0013720166170969605 -0.0019486367236822844 
vn 0.003705020062625408 -0.0008074590004980564 -0.009253152646124363 
vn -0.00935961864888668 -0.0033219316974282265 0.0011671764077618718 
vn 0.00985126942396164 0.0006767378654330969 -0.001579405041411519 
vn 0.003418904496356845 -0.0009380396222695708 -0.00935046374797821 
vn 0.003825507825240493 -0.0013720184797421098 -0.009136905893683434 
vn -0.005601250566542149 -0.002948547014966607 -0.007741580251604319 
vn -0.005390969105064869 -0.002697054296731949 -0.007978932000696659 
vn -0.009603763930499554 -0.0020605926401913166 0.0018766148714348674 
vn -0.009636113420128822 0.0019750031642615795 0.0018013013759627938 
vn -0.005470611620694399 -0.002570602111518383 -0.007966455072164536 
vn -0.009484091773629189 -0.0025283503346145153 0.0019129706779494882 
vn -0.009542406536638737 -0.0023588757030665874 0.001837983843870461 
vn -0.0036853752098977566 -0.0002839707594830543 0.009291790425777435 
vn -0.004459564574062824 0.0005895273643545806 0.008931110613048077 
vn -0.009742571972310543 0.00019661033002194017 0.002245805924758315 
vn -0.00960564985871315 -0.0020178169943392277 0.0019130887230858207 
vn -0.003686782903969288 0.00006554192077601328 0.009295339696109295 
vn -0.003613443346694112 -0.00041497149504721165 0.009315086528658867 
vn -0.005855266936123371 0.0014152857474982738 0.007982030510902405 
vn -0.004802135284990072 0.004526274744421244 0.00751347653567791 
vn -0.005161460489034653 0.007626009173691273 0.003899142611771822 
vn -0.00571864191442728 0.007792954333126545 0.0025626157876104116 
vn 0.005205003544688225 0.002060594270005822 0.00828624702990055 
vn 0.005475183948874474 0.0034452821128070354 0.007625771686434746 
vn 0.009576071053743362 0.0019750024657696486 -0.0020971924532204866 
vn 0.009183069691061974 0.0031565821263939142 -0.0023889781441539526 
vn 0.003418904496356845 -0.0009380396222695708 -0.00935046374797821 
vn -0.003686782903969288 0.00006554192077601328 0.009295339696109295 
vn -0.003545972751453519 -0.00006553887942573056 0.009349961765110493 
vn -0.003982746507972479 -0.0005022671539336443 0.009158900007605553 
vn 0.004773214925080538 0.0029067678842693567 0.008292593993246555 
vn -0.0032263887114822865 -0.0006767365848645568 0.009440997615456581 
vn 0.0051870220340788364 0.0023163941223174334 0.008229770697653294 
vn -0.002611094620078802 0.00032764728530310094 0.009647529572248459 
vn 0.005046026315540075 0.00315658375620842 0.008035769686102867 
vn 0.009578256867825985 0.0024013142101466656 -0.0015781891997903585 
vn 0.0083776218816638 0.005434780847281218 -0.0005278321914374828 
vn 0.009409892372786999 0.003031934844329953 -0.001503758947364986 
vn 0.0034043535124510527 -0.00006554193532792851 -0.009402451105415821 
vn 0.004307916387915611 -0.0002839737571775913 -0.009020045399665833 
vn 0.00398181052878499 -0.001285405713133514 -0.009082561358809471 
vn 0.0010178470984101295 -0.0006767397280782461 -0.009925019927322865 
vn -0.004252942744642496 -0.004642768297344446 -0.007768988609313965 
vn -0.003960378002375364 -0.004290975164622068 -0.008118062280118465 
vn -0.005715568084269762 -0.003239382291212678 -0.0075391437858343124 
vn -0.005470611620694399 -0.002570602111518383 -0.007966455072164536 
vn -0.00960564985871315 -0.0020178169943392277 0.0019130887230858207 
vn -0.009318619966506958 -0.002906766254454851 0.002171182306483388 
vn -0.003686782903969288 0.00006554192077601328 0.009295339696109295 
vn -0.003545972751453519 -0.00006553887942573056 0.009349961765110493 
vn -0.008950570598244667 -0.004211877007037401 0.0014653941616415977 
vn -0.004165972582995892 -0.003771261079236865 -0.008271775208413601 
vn -0.002611094620078802 0.00032764728530310094 0.009647529572248459 
vn -0.0032263887114822865 -0.0006767365848645568 0.009440997615456581 
vn -0.009045247919857502 -0.0036495360545814037 0.0022055339068174362 
vn -0.008713227696716785 -0.004487268161028624 0.0019859697204083204 
vn -0.003982746507972479 -0.0005022671539336443 0.009158900007605553 
vn 0.0014478772645816207 0.0013287249021232128 0.009805005975067616 
vn -0.007551118265837431 0.0007638997049070895 0.0065113031305372715 
vn -0.005007163155823946 0.000763900054153055 0.00862234178930521 
vn -0.008641684427857399 0.0004586260474752635 0.005011082626879215 
vn 0.0014102234272286296 0.0011553048389032483 0.00983242318034172 
vn -0.005429476965218782 -0.000021845573428436182 0.00839763693511486 
vn 0.0010549933649599552 -0.00024029178894124925 0.009941290132701397 
vn -0.006743374280631542 0.00006554160790983588 0.007383942138403654 
vn -0.0002832550962921232 -0.0008074558572843671 0.0099633214995265 
vn -0.0007730717188678682 -0.0005459008389152586 0.009955116547644138 
vn -0.007443056907504797 0.0005459035746753216 0.0066560423001646996 
vn -0.009888983331620693 0.001415284350514412 -0.0004527504788711667 
vn -0.00997450202703476 0.0006767381564714015 0.0002265628572786227 
vn -0.006547400262206793 0.001328722108155489 -0.007440836168825626 
vn -0.009845558553934097 -0.0002839720109477639 0.0017275207210332155 
vn -0.009372333995997906 -0.0007638980750925839 0.0034023255575448275 
vn -0.009873920120298862 0.00010923287482000887 0.0015791665064170957 
vn -0.00999978557229042 0.00006554040737682953 -1.0675840420026894e-11 
vn -0.009974023327231407 0.000720325275324285 -1.17354043149831e-10 
vn -0.007551118265837431 0.0007638975512236357 -0.0065113031305372715 
vn -0.009873920120298862 0.00010923235822701827 -0.0015791665064170957 
vn -0.006859472952783108 -0.007276512216776609 1.1854981440961865e-9 
vn -0.007806119509041309 -0.00558065390214324 0.0028143920935690403 
vn -0.007806119509041309 -0.005580654833465815 -0.002814390230923891 
vn -0.007925372570753098 -0.001717354985885322 -0.005851424764841795 
vn -0.007582216989248991 -0.00024029446649365127 -0.00651553925126791 
vn -0.006766908336430788 0.0007203240529634058 -0.007327352184802294 
vn 0.000603368622250855 0.0003713112964760512 -0.009974871762096882 
vn 0.0001509887515567243 -0.00024029503401834518 -0.009995972737669945 
vn -0.0009988942183554173 -0.0005022702389396727 -0.009937300346791744 
vn -0.0010922610526904464 -0.0007639002287760377 -0.009910772554576397 
vn -0.0005281586782075465 -0.0073064155876636505 -0.006807154044508934 
vn -0.00013107800623402 -0.009999141097068787 1.6290701010390762e-9 
vn -0.0005281586782075465 -0.007306413259357214 0.0068071563728153706 
vn -0.0010922610526904464 -0.0007638970273546875 0.009910773485898972 
vn -0.007925372570753098 -0.0017173531232401729 0.005851425230503082 
vn -0.0009988942183554173 -0.0005022670375183225 0.009937300346791744 
vn -0.007582216989248991 -0.00024029234191402793 0.00651553925126791 
vn 0.0001509887515567243 -0.00024029177438933402 0.009995972737669945 
vn -0.009372333995997906 -0.0007638991810381413 -0.003402325324714184 
vn -0.008641684427857399 0.0004586244176607579 -0.0050110830925405025 
vn -0.005007163155823946 0.0007638972601853311 -0.00862234178930521 
vn 0.0014478772645816207 0.0013287216424942017 -0.00980500690639019 
vn 0.0014102234272286296 0.0011553015792742372 -0.00983242318034172 
vn -0.005429476965218782 -0.000021848309188499115 -0.00839763693511486 
vn 0.0010549933649599552 -0.00024029501946642995 -0.009941290132701397 
vn -0.006743374280631542 0.00006553919956786558 -0.007383942138403654 
vn -0.0002832550962921232 -0.0008074591169133782 -0.0099633214995265 
vn -0.0007730717188678682 -0.0005459040985442698 -0.009955116547644138 
vn -0.007443056907504797 0.0005459013627842069 -0.0066560423001646996 
vn -0.009888983331620693 0.0014152844669297338 0.0004527500132098794 
vn -0.00997450202703476 0.0006767380400560796 -0.00022656309010926634 
vn -0.006547400262206793 0.0013287244364619255 0.007440835703164339 
vn -0.009845558553934097 -0.0002839725639205426 -0.0017275206046178937 
vn -0.006766908336430788 0.0007203264394775033 0.007327352184802294 
vn 0.000603368622250855 0.0003713145270012319 0.009974871762096882 
vn -0.006186327431350946 -0.005902570206671953 -0.005185462534427643 
vn -0.007590221706777811 0.0005895248032175004 -0.006483902223408222 
vn -0.0008668039808981121 -0.0057962555438280106 -0.0081025967374444 
vn -0.0009801690466701984 -0.000021848563847015612 -0.009951823391020298 
vn -0.0066192918457090855 0.001068456331267953 -0.007419122848659754 
vn 0.0004528285062406212 0.00024029177438933402 -0.009986852295696735 
vn 0.000603368622250855 0.0003713112964760512 -0.009974871762096882 
vn -0.006547400262206793 0.001328722108155489 -0.007440836168825626 
vn -0.009888983331620693 0.001415284350514412 -0.0004527504788711667 
vn -0.009903635829687119 0.001372016966342926 -0.00018858778639696538 
vn -0.007037050556391478 0.0007638997631147504 0.0070637366734445095 
vn -0.007443056907504797 0.0005459035746753216 0.0066560423001646996 
vn -0.0007730717188678682 -0.0005459008389152586 0.009955116547644138 
vn -0.0003019430732820183 -0.00024029177438933402 0.009992551989853382 
vn -0.006002262234687805 0.0004586265131365508 0.00798514299094677 
vn 0.0009800568222999573 -0.0001529211294837296 0.009950683452188969 
vn -0.004252832382917404 -0.00618106871843338 0.006611187942326069 
vn 0.0015376392984762788 -0.00641857273876667 0.00751249585300684 
vn -0.009882128797471523 0.0008945282315835357 0.001242315978743136 
vn -0.006186327431350946 -0.005902570206671953 -0.005185462534427643 
vn -0.007897142320871353 -0.006007870193570852 0.0012412263313308358 
vn -0.007897142320871353 -0.006007870193570852 0.0012412263313308358 
vn -0.004252832382917404 -0.00618106871843338 0.006611187942326069 
vn -0.0008668039808981121 -0.0057962555438280106 -0.0081025967374444 
vn 0.00499141588807106 -0.005937783978879452 -0.00631098123267293 
vn -0.0009801690466701984 -0.000021848563847015612 -0.009951823391020298 
vn 0.006045848596841097 -0.00024029469932429492 -0.007961781695485115 
vn 0.0004528285062406212 0.00024029177438933402 -0.009986852295696735 
vn 0.0070672715082764626 -0.00032764687784947455 -0.0070672715082764626 
vn 0.000603368622250855 0.0003713112964760512 -0.009974871762096882 
vn 0.007314101327210665 -0.0005895270151086152 -0.00679384870454669 
vn 0.009976789355278015 -0.0006767380982637405 0.00007552687748102471 
vn 0.00991223193705082 -0.0012420605635270476 0.0004527145065367222 
vn 0.006764708086848259 -0.0007638974348083138 0.007324969861656427 
vn 0.006480610929429531 -0.001198692130856216 0.007520958781242371 
vn -0.0007730717188678682 -0.0005459008389152586 0.009955116547644138 
vn -0.0003019430732820183 -0.00024029177438933402 0.009992551989853382 
vn 0.0009800568222999573 -0.0001529211294837296 0.009950683452188969 
vn 0.0075791762210428715 -0.0003713118494488299 0.006512926425784826 
vn 0.009930573403835297 -0.0003276459174230695 -0.0011297577293589711 
vn 0.007977246306836605 -0.00597288366407156 -0.0008295784937217832 
vn 0.00499141588807106 -0.005937783978879452 -0.00631098123267293 
vn 0.007977246306836605 -0.00597288366407156 -0.0008295784937217832 
vn 0.0063112471252679825 -0.0062495265156030655 0.004594732541590929 
vn 0.0015376392984762788 -0.00641857273876667 0.00751249585300684 
vn 0.0063112471252679825 -0.0062495265156030655 0.004594732541590929 
vn 0.00991223193705082 -0.0012420605635270476 0.0004527145065367222 
vn 0.009740575216710567 -0.0022312942892313004 0.00037751253694295883 
vn 0.007314101327210665 -0.0005895270151086152 -0.00679384870454669 
vn 0.006919103674590588 -0.0015449225902557373 -0.007052603643387556 
vn 0.000603368622250855 0.0003713112964760512 -0.009974871762096882 
vn 0.0036347825080156326 -0.0008074590004980564 -0.009280968457460403 
vn 0.0001509887515567243 -0.00024029503401834518 -0.009995972737669945 
vn 0.006480610929429531 -0.001198692130856216 0.007520958781242371 
vn 0.006428160704672337 -0.0017603810410946608 0.007455186452716589 
vn -0.0007730717188678682 -0.0005459008389152586 0.009955116547644138 
vn -0.0002832550962921232 -0.0008074558572843671 0.0099633214995265 
vn 0.007139199413359165 -0.0011986922472715378 0.006898910738527775 
vn 0.0010549933649599552 -0.00024029178894124925 0.009941290132701397 
vn 0.009731742553412914 -0.0021460256539285183 -0.0008293166756629944 
vn 0.005821561440825462 -0.001588077167980373 -0.007974172942340374 
vn -0.0009988942183554173 -0.0005022702389396727 -0.009937300346791744 
vn -0.0010922610526904464 -0.0007639002287760377 -0.009910772554576397 
vn 0.005232818890362978 -0.0010250051273033023 -0.008459726348519325 
vn -0.0005281586782075465 -0.0073064155876636505 -0.006807154044508934 
vn 0.00735540920868516 -0.004796847701072693 -0.004784161690622568 
vn 0.005849537439644337 -0.008110666647553444 1.3213979910275953e-9 
vn -0.00013107800623402 -0.009999141097068787 1.6290701010390762e-9 
vn -0.0005281586782075465 -0.007306413259357214 0.0068071563728153706 
vn 0.00735540920868516 -0.004796846304088831 0.004784163553267717 
vn 0.005232818890362978 -0.0010250023333355784 0.008459726348519325 
vn -0.0010922610526904464 -0.0007638970273546875 0.009910773485898972 
vn 0.005821561440825462 -0.0015880746068432927 0.007974173873662949 
vn -0.0009988942183554173 -0.0005022670375183225 0.009937300346791744 
vn 0.006919103674590588 -0.0015449202619493008 0.007052604109048843 
vn 0.0001509887515567243 -0.00024029177438933402 0.009995972737669945 
vn 0.000603368622250855 0.0003713145270012319 0.009974871762096882 
vn 0.007314101327210665 -0.0005895248032175004 0.006793849170207977 
vn 0.00991223193705082 -0.0012420606799423695 -0.0004527140990830958 
vn 0.009740575216710567 -0.002231294522061944 -0.0003775118093471974 
vn 0.006480610929429531 -0.0011986945755779743 -0.007520958781242371 
vn 0.00993131659924984 -0.0008945281733758748 -0.0007541623199358582 
vn 0.009731742553412914 -0.0021460254210978746 0.0008293173741549253 
vn 0.00993131659924984 -0.0008945278823375702 0.0007541626109741628 
vn 0.009962638840079308 0.00024029327323660254 -0.0008295149891637266 
vn 0.009974023327231407 -0.000720325275324285 1.1735611094021436e-10 
vn 0.009951713494956493 0.0009815302910283208 -1.5991188928587974e-10 
vn 0.009962638840079308 0.00024029353517107666 0.0008295148727484047 
vn 0.008444071747362614 0.0011553040239959955 0.005230958107858896 
vn 0.008444071747362614 0.00115530239418149 -0.0052309585735201836 
vn 0.007749680895358324 0.0006767370505258441 -0.006283667404204607 
vn 0.007139199413359165 -0.0011986944591626525 -0.0068989102728664875 
vn 0.006428160704672337 -0.0017603833694010973 -0.007455185987055302 
vn -0.0007730717188678682 -0.0005459040985442698 -0.009955116547644138 
vn -0.0002832550962921232 -0.0008074591169133782 -0.0099633214995265 
vn 0.0010549933649599552 -0.00024029501946642995 -0.009941290132701397 
vn 0.0014102234272286296 0.0011553015792742372 -0.00983242318034172 
vn 0.0014478772645816207 0.0013287216424942017 -0.00980500690639019 
vn 0.0014478772645816207 0.0013287249021232128 0.009805005975067616 
vn 0.0014102234272286296 0.0011553048389032483 0.00983242318034172 
vn 0.007749680895358324 0.000676739146001637 0.00628366693854332 
vn 0.0037555282469838858 -0.005287245847284794 0.00761190103366971 
vn 0.0021897500846534967 -0.0028649300802499056 0.009327227249741554 
vn -0.0006226762197911739 -0.0026128001045435667 0.009632525965571404 
vn 0.0026827261317521334 -0.0019750013016164303 0.00942880380898714 
vn -0.0007920398493297398 -0.004012740217149258 0.009125271812081337 
vn -0.005466158967465162 -0.005138098262250423 0.006612189579755068 
vn -0.007792374584823847 -0.004487267695367336 0.0043753087520599365 
vn -0.006218905560672283 -0.0010250024497509003 0.0077636707574129105 
vn -0.004713402595371008 0.004369744099676609 0.0076608858071267605 
vn -0.007142013404518366 -0.0030735419131815434 0.00628848047927022 
vn -0.00981984008103609 -0.001889261999167502 0.00003776051744353026 
vn -0.008418301120400429 -0.0033631117548793554 0.0042215739376842976 
vn -0.00914188101887703 -0.004052725154906511 0.00003774078140850179 
vn -0.009947329759597778 0.0010250037303194404 -1.669925725478194e-10 
vn -0.007101318333297968 0.001458526006899774 0.006887958850711584 
vn 0.0029285794589668512 0.0041324603371322155 0.008622423745691776 
vn -0.005405498202890158 0.005724824033677578 0.006164980120956898 
vn 0.00009419758134754375 0.006452019326388836 0.007639540359377861 
vn 0.00004369377711554989 0.009999904781579971 -1.6291944460178343e-9 
vn -0.006698878947645426 0.007424622308462858 -1.2096255108673404e-9 
vn 0.00927800964564085 -0.0037307559978216887 6.078185177393891e-10 
vn 0.006568097975105047 -0.007540562655776739 1.2285160666536399e-9 
vn 0.006776381749659777 -0.0053242831490933895 0.005072736646980047 
vn 0.006300558336079121 -0.007765498012304306 1.265162752339677e-9 
vn 0.0037555282469838858 -0.005287245847284794 0.00761190103366971 
vn 0.0021897500846534967 -0.0028649300802499056 0.009327227249741554 
vn 0.0066784704104065895 -0.001025002566166222 0.007372068706899881 
vn 0.006425140891224146 -0.0007638973766006529 0.007624566555023193 
vn 0.009955907240509987 -0.0009380381088703871 1.528260989980268e-10 
vn 0.008670308627188206 -0.0002402925892965868 0.0049767461605370045 
vn 0.009893063455820084 -0.0014585249591618776 2.376243368740205e-10 
vn 0.0026827261317521334 -0.0019750013016164303 0.00942880380898714 
vn 0.0069626509211957455 0.00015292392345145345 0.0071762180887162685 
vn 0.0029285794589668512 0.0041324603371322155 0.008622423745691776 
vn 0.00009419758134754375 0.006452019326388836 0.007639540359377861 
vn 0.005484042223542929 0.005471407435834408 0.006323684006929398 
vn 0.007047857623547316 0.007094202097505331 -1.1557944601392478e-9 
vn 0.009997112676501274 -0.0002402934042038396 3.914884041944511e-11 
vn 0.00004369377711554989 0.009999904781579971 -1.6291944460178343e-9 
vn -0.0007920398493297398 -0.004012740217149258 0.009125271812081337 
vn -0.006846951320767403 -0.004719986114650965 0.005553466267883778 
vn -0.007792374584823847 -0.004487267695367336 0.0043753087520599365 
vn -0.004713402595371008 0.004369744099676609 0.0076608858071267605 
vn -0.007141318172216415 0.005062934476882219 0.004834073130041361 
vn 0.0029285794589668512 0.0041324603371322155 0.008622423745691776 
vn 0.00392504408955574 0.005025207065045834 0.007703332230448723 
vn 0.0026827261317521334 -0.0019750013016164303 0.00942880380898714 
vn -0.003686782903969288 0.00006553889397764578 -0.009295339696109295 
vn 0.005703365430235863 0.0012420592829585075 -0.008119662292301655 
vn 0.005205003544688225 0.0020605914760380983 -0.008286247961223125 
vn 0.009576071053743362 0.0019750031642615795 0.0020971917547285557 
vn -0.003613443346694112 -0.00041497452184557915 -0.009315085597336292 
vn 0.005702930502593517 0.0015449200291186571 -0.008067824877798557 
vn -0.0036853752098977566 -0.0002839737862814218 -0.009291790425777435 
vn 0.004588054493069649 0.001674291561357677 -0.008726196363568306 
vn -0.004544922150671482 0.0007203238201327622 -0.008878334425389767 
vn -0.005915961228311062 0.0014152831863611937 -0.00793715100735426 
vn 0.004678323399275541 0.002654951298609376 -0.008429978042840958 
vn -0.004758146125823259 0.0044481768272817135 -0.007587738335132599 
vn 0.009891921654343605 -0.00032764594652689993 -0.0014291757252067327 
vn 0.00971186812967062 0.0013720173155888915 0.001948636258020997 
vn 0.00985126942396164 0.0006767383310943842 0.0015794048085808754 
vn 0.003418904496356845 -0.0009380365372635424 0.00935046374797821 
vn 0.003825507825240493 -0.0013720154529437423 0.009136906825006008 
vn -0.005601250566542149 -0.002948544453829527 0.007741581182926893 
vn -0.005470611620694399 -0.002570599550381303 0.00796645600348711 
vn -0.009484091773629189 -0.0025283510331064463 -0.0019129698630422354 
vn -0.00960564985871315 -0.002017817460000515 -0.0019130880245938897 
vn -0.003686782903969288 0.00006553889397764578 -0.009295339696109295 
vn -0.003613443346694112 -0.00041497452184557915 -0.009315085597336292 
vn -0.0036853752098977566 -0.0002839737862814218 -0.009291790425777435 
vn -0.009542406536638737 -0.0023588764015585184 -0.0018379830289632082 
vn -0.004544922150671482 0.0007203238201327622 -0.008878334425389767 
vn -0.009603763930499554 -0.0020605933386832476 -0.0018766141729429364 
vn -0.009742571972310543 0.00019660960242617875 -0.002245805924758315 
vn -0.005915961228311062 0.0014152831863611937 -0.00793715100735426 
vn -0.004758146125823259 0.0044481768272817135 -0.007587738335132599 
vn -0.005161460489034653 0.007626007776707411 -0.003899145172908902 
vn -0.009636113420128822 0.001975002698600292 -0.001801301958039403 
vn -0.00571864191442728 0.00779295340180397 -0.002562618348747492 
vn -0.005390969105064869 -0.0026970517355948687 0.007978932932019234 
vn 0.003705020062625408 -0.0008074559736996889 0.009253152646124363 
vn 0.009100615046918392 -0.003031935542821884 -0.002825980307534337 
vn 0.008965152315795422 0.001285403617657721 -0.004239548929035664 
vn -0.00935961864888668 -0.0033219321630895138 -0.0011671753600239754 
vn 0.007350522093474865 0.0007638975512236357 -0.006736934185028076 
vn 0.003632990410551429 0.008007196709513664 -0.00476300111040473 
vn 0.0027194535359740257 0.0057248217053711414 -0.007735049352049828 
vn 0.004050948191434145 0.008358432911336422 -0.003704917849972844 
vn -0.005161460489034653 0.007626007776707411 -0.003899145172908902 
vn -0.00571864191442728 0.00779295340180397 -0.002562618348747492 
vn -0.003545972751453519 -0.0000655419280519709 -0.009349961765110493 
vn -0.009318619966506958 -0.002906766952946782 -0.0021711813751608133 
vn -0.003686782903969288 0.00006553889397764578 -0.009295339696109295 
vn -0.00960564985871315 -0.002017817460000515 -0.0019130880245938897 
vn -0.005470611620694399 -0.002570599550381303 0.00796645600348711 
vn -0.005715568084269762 -0.0032393797300755978 0.007539144717156887 
vn 0.003418904496356845 -0.0009380365372635424 0.00935046374797821 
vn 0.0034043535124510527 -0.00006553887214977294 0.009402451105415821 
vn 0.009183069691061974 0.003156582824885845 0.002388977212831378 
vn 0.009576071053743362 0.0019750031642615795 0.0020971917547285557 
vn 0.005475183948874474 0.0034452795516699553 -0.007625773083418608 
vn 0.005205003544688225 0.0020605914760380983 -0.008286247961223125 
vn -0.003686782903969288 0.00006553889397764578 -0.009295339696109295 
vn -0.003545972751453519 -0.0000655419280519709 -0.009349961765110493 
vn -0.003982746507972479 -0.0005022701225243509 -0.009158900007605553 
vn 0.004773214925080538 0.002906765090301633 -0.00829259492456913 
vn -0.0032263887114822865 -0.0006767396116629243 -0.009440997615456581 
vn 0.009409892372786999 0.0030319353099912405 0.0015037578996270895 
vn 0.004307916387915611 -0.0002839708176907152 0.009020045399665833 
vn -0.004165972582995892 -0.003771258518099785 0.008271776139736176 
vn -0.008950570598244667 -0.0042118774726986885 -0.0014653927646577358 
vn -0.003982746507972479 -0.0005022701225243509 -0.009158900007605553 
vn -0.008713227696716785 -0.004487269092351198 -0.0019859683234244585 
vn -0.0032263887114822865 -0.0006767396116629243 -0.009440997615456581 
vn -0.009045247919857502 -0.0036495367530733347 -0.002205532742664218 
vn -0.002611094620078802 0.0003276441420894116 -0.009647529572248459 
vn -0.003960378002375364 -0.0042909723706543446 0.008118064142763615 
vn -0.004252942744642496 -0.00464276596903801 0.007768990006297827 
vn 0.00398181052878499 -0.0012854028027504683 0.009082561358809471 
vn 0.009578256867825985 0.002401314675807953 0.0015781885012984276 
vn 0.0051870220340788364 0.002316391561180353 -0.008229770697653294 
vn -0.002611094620078802 0.0003276441420894116 -0.009647529572248459 
vn 0.005046026315540075 0.0031565811950713396 -0.008035771548748016 
vn 0.0083776218816638 0.005434780847281218 0.0005278304452076554 
vn 0.0010178470984101295 -0.000676736468449235 0.009925019927322865 
vn 0.006480610929429531 -0.0011986945755779743 -0.007520958781242371 
vn -0.0007730717188678682 -0.0005459040985442698 -0.009955116547644138 
vn 0.006764708086848259 -0.0007638998213224113 -0.007324969861656427 
vn -0.0003019430732820183 -0.00024029503401834518 -0.009992551989853382 
vn 0.0009800568222999573 -0.00015292437456082553 -0.009950683452188969 
vn 0.00991223193705082 -0.0012420606799423695 -0.0004527140990830958 
vn 0.009976789355278015 -0.0006767380982637405 -0.00007552665192633867 
vn 0.007314101327210665 -0.0005895248032175004 0.006793849170207977 
vn 0.0070672715082764626 -0.00032764457864686847 0.0070672715082764626 
vn 0.000603368622250855 0.0003713145270012319 0.009974871762096882 
vn 0.0004528285062406212 0.00024029503401834518 0.00998685136437416 
vn 0.006045848596841097 -0.00024029210908338428 0.007961781695485115 
vn -0.0009801690466701984 -0.00002184532058890909 0.009951823391020298 
vn 0.00499141588807106 -0.0059377821162343025 0.006310983095318079 
vn -0.0008668039808981121 -0.005796252749860287 0.00810259860008955 
vn 0.00499141588807106 -0.0059377821162343025 0.006310983095318079 
vn 0.007977246306836605 -0.00597288366407156 0.0008295804145745933 
vn 0.009930573403835297 -0.00032764553907327354 0.001129757845774293 
vn 0.0075791762210428715 -0.00037131397402845323 -0.006512925960123539 
vn 0.0015376392984762788 -0.006418575067073107 -0.0075124939903616905 
vn 0.0063112471252679825 -0.006249527912586927 -0.00459473067894578 
vn 0.0063112471252679825 -0.006249527912586927 -0.00459473067894578 
vn 0.007977246306836605 -0.00597288366407156 0.0008295804145745933 
vn -0.006547400262206793 0.0013287244364619255 0.007440835703164339 
vn -0.0066192918457090855 0.0010684587759897113 0.0074191223829984665 
vn 0.000603368622250855 0.0003713145270012319 0.009974871762096882 
vn 0.0004528285062406212 0.00024029503401834518 0.00998685136437416 
vn -0.0009801690466701984 -0.00002184532058890909 0.009951823391020298 
vn -0.009888983331620693 0.0014152844669297338 0.0004527500132098794 
vn -0.009903635829687119 0.001372016966342926 0.00018858734983950853 
vn -0.007443056907504797 0.0005459013627842069 -0.0066560423001646996 
vn -0.007037050556391478 0.0007638974930159748 -0.007063737139105797 
vn -0.0007730717188678682 -0.0005459040985442698 -0.009955116547644138 
vn -0.0003019430732820183 -0.00024029503401834518 -0.009992551989853382 
vn -0.006002262234687805 0.00045862392289564013 -0.00798514299094677 
vn 0.0009800568222999573 -0.00015292437456082553 -0.009950683452188969 
vn -0.004252832382917404 -0.006181070581078529 -0.00661118607968092 
vn 0.0015376392984762788 -0.006418575067073107 -0.0075124939903616905 
vn -0.004252832382917404 -0.006181070581078529 -0.00661118607968092 
vn -0.007897142320871353 -0.00600787065923214 -0.0012412243522703648 
vn -0.009882128797471523 0.0008945278241299093 -0.0012423163279891014 
vn -0.007590221706777811 0.0005895269569009542 0.006483902223408222 
vn -0.0008668039808981121 -0.005796252749860287 0.00810259860008955 
vn -0.006186327431350946 -0.005902568344026804 0.005185464397072792 
vn -0.006186327431350946 -0.005902568344026804 0.005185464397072792 
vn -0.007897142320871353 -0.00600787065923214 -0.0012412243522703648 
vn 0.0037555282469838858 -0.005287248641252518 -0.007611899171024561 
vn -0.0006226762197911739 -0.002612803364172578 -0.009632525034248829 
vn 0.0021897500846534967 -0.002864933107048273 -0.00932722631841898 
vn 0.0026827261317521334 -0.0019750043284147978 -0.00942880380898714 
vn -0.0007920398493297398 -0.0040127430111169815 -0.009125270880758762 
vn -0.005466158967465162 -0.005138100124895573 -0.006612188182771206 
vn -0.007792374584823847 -0.0044872695580124855 -0.004375307355076075 
vn -0.006218905560672283 -0.0010250050108879805 -0.007763670291751623 
vn -0.004713402595371008 0.0043697417713701725 -0.007660887204110622 
vn -0.007142013404518366 -0.0030735440086573362 -0.006288479547947645 
vn -0.00981984008103609 -0.001889261999167502 0.00003776051744353026 
vn -0.008418301120400429 -0.0033631131518632174 -0.004221573006361723 
vn -0.00914188101887703 -0.004052725154906511 0.00003774078140850179 
vn -0.009947329759597778 0.0010250037303194404 -1.669925725478194e-10 
vn -0.007101318333297968 0.0014585237950086594 -0.006887959316372871 
vn 0.0029285794589668512 0.004132457543164492 -0.008622425608336926 
vn -0.005405498202890158 0.0057248217053711414 -0.006164981983602047 
vn 0.00009419758134754375 0.006452016998082399 -0.0076395426876842976 
vn 0.00004369377711554989 0.009999904781579971 -1.6291944460178343e-9 
vn -0.006698878947645426 0.007424622308462858 -1.2096255108673404e-9 
vn 0.00927800964564085 -0.0037307559978216887 6.078185177393891e-10 
vn 0.006568097975105047 -0.007540562655776739 1.2285160666536399e-9 
vn 0.006776381749659777 -0.0053242845460772514 -0.005072734784334898 
vn 0.006300558336079121 -0.007765498012304306 1.265162752339677e-9 
vn 0.0037555282469838858 -0.005287248641252518 -0.007611899171024561 
vn 0.0021897500846534967 -0.002864933107048273 -0.00932722631841898 
vn 0.0066784704104065895 -0.0010250048944726586 -0.007372068706899881 
vn 0.006425140891224146 -0.0007638998795300722 -0.007624566555023193 
vn 0.009955907240509987 -0.0009380381088703871 1.528260989980268e-10 
vn 0.008670308627188206 -0.0002402942191110924 -0.0049767461605370045 
vn 0.009893063455820084 -0.0014585249591618776 2.376243368740205e-10 
vn 0.0026827261317521334 -0.0019750043284147978 -0.00942880380898714 
vn 0.0069626509211957455 0.00015292158059310168 -0.0071762180887162685 
vn 0.0029285794589668512 0.004132457543164492 -0.008622425608336926 
vn 0.00009419758134754375 0.006452016998082399 -0.0076395426876842976 
vn 0.005484042223542929 0.005471405573189259 -0.006323685869574547 
vn 0.007047857623547316 0.007094202097505331 -1.1557944601392478e-9 
vn 0.009997112676501274 -0.0002402934042038396 3.914884041944511e-11 
vn 0.00004369377711554989 0.009999904781579971 -1.6291944460178343e-9 
vn -0.0007920398493297398 -0.0040127430111169815 -0.009125270880758762 
vn -0.006846951320767403 -0.004719987977296114 -0.005553464870899916 
vn -0.007792374584823847 -0.0044872695580124855 -0.004375307355076075 
vn -0.004713402595371008 0.0043697417713701725 -0.007660887204110622 
vn -0.007141318172216415 0.00506293261423707 -0.00483407499268651 
vn 0.0029285794589668512 0.004132457543164492 -0.008622425608336926 
vn 0.00392504408955574 0.00502520427107811 -0.007703333627432585 
vn 0.0026827261317521334 -0.0019750043284147978 -0.00942880380898714 
vn 0.003968054428696632 -0.0068435585126280785 0.006117209326475859 
vn 0.005981977563351393 -0.003932544961571693 0.006982194259762764 
vn 0.007320925127714872 0.006811635103076696 -0.00007541152444900945 
vn 0.0083776218816638 0.005434780847281218 -0.0005278321914374828 
vn 0.009837321937084198 0.0009815305238589644 0.0015045576728880405 
vn 0.004928566515445709 0.0032806890085339546 0.008058927953243256 
vn 0.004978545941412449 0.002528351964429021 0.008295873180031776 
vn -0.0013551313895732164 -0.00006553879211423919 0.009907539002597332 
vn -0.0019140117801725864 0.0006767396698705852 0.009791760705411434 
vn 0.005046026315540075 0.00315658375620842 0.008035769686102867 
vn -0.002611094620078802 0.00032764728530310094 0.009647529572248459 
vn 0.009988841600716114 0.0002839722146745771 -0.00037735336809419096 
vn 0.008527160622179508 0.0019750020001083612 -0.004835999570786953 
vn 0.004522159695625305 0.001372018363326788 0.008812924847006798 
vn 0.009312089532613754 0.0018892615335062146 -0.00311699858866632 
vn 0.005674153100699186 -0.006779579911381006 0.004673466086387634 
vn 0.00916975736618042 -0.0024013149086385965 -0.0031857865396887064 
vn -0.005006305407732725 -0.008656610734760761 1.4103447298907668e-9 
vn 0.0017135469242930412 -0.008161473087966442 0.0055185239762067795 
vn -0.0006597749888896942 -0.0009380364790558815 0.009934021160006523 
vn -0.007806605193763971 -0.0061466628685593605 0.0011293601710349321 
vn -0.008792368695139885 -0.004758462775498629 0.00022646100842393935 
vn -0.009480779990553856 -0.0031150924041867256 0.0006411023205146194 
vn -0.009045247919857502 -0.0036495360545814037 0.0022055339068174362 
vn -0.006186327431350946 -0.005902570206671953 -0.005185462534427643 
vn -0.007897142320871353 -0.006007870193570852 0.0012412263313308358 
vn -0.005137419793754816 -0.007306415122002363 -0.004497023299336433 
vn -0.006224165670573711 -0.007765498012304306 0.0009781632106751204 
vn -0.0005096190143376589 -0.0064853401854634285 -0.007594778202474117 
vn -0.006186327431350946 -0.005902570206671953 -0.005185462534427643 
vn -0.0008668039808981121 -0.0057962555438280106 -0.0081025967374444 
vn -0.007897142320871353 -0.006007870193570852 0.0012412263313308358 
vn -0.004252832382917404 -0.00618106871843338 0.006611187942326069 
vn -0.003703967435285449 -0.007246470078825951 0.005811135750263929 
vn -0.004252832382917404 -0.00618106871843338 0.006611187942326069 
vn 0.0015376392984762788 -0.00641857273876667 0.00751249585300684 
vn -0.000170079933013767 -0.006452016998082399 0.00763822952285409 
vn 0.0063112471252679825 -0.0062495265156030655 0.004594732541590929 
vn 0.007977246306836605 -0.00597288366407156 -0.0008295784937217832 
vn 0.007185689639300108 -0.0036495353560894728 0.00592002971097827 
vn 0.009272735565900803 -0.0033219321630895138 -0.001726597431115806 
vn -0.000170079933013767 -0.006452016998082399 0.00763822952285409 
vn 0.0063112471252679825 -0.0062495265156030655 0.004594732541590929 
vn 0.0015376392984762788 -0.00641857273876667 0.00751249585300684 
vn 0.007977246306836605 -0.00597288366407156 -0.0008295784937217832 
vn 0.00499141588807106 -0.005937783978879452 -0.00631098123267293 
vn 0.003439296269789338 -0.005760594736784697 -0.007415308151394129 
vn 0.00499141588807106 -0.005937783978879452 -0.00631098123267293 
vn -0.0008668039808981121 -0.0057962555438280106 -0.0081025967374444 
vn -0.0005096190143376589 -0.0064853401854634285 -0.007594778202474117 
vn 0.005537605844438076 0.0005459011299535632 -0.008308845572173595 
vn 0.009951423853635788 0.0006331379408948123 -0.0007538636564277112 
vn 0.005141693167388439 0.004251464735716581 -0.007449029013514519 
vn 0.00860584992915392 0.005025205668061972 -0.0008286499069072306 
vn 0.003439296269789338 -0.005760594736784697 -0.007415308151394129 
vn 0.009272735565900803 -0.0033219321630895138 -0.001726597431115806 
vn 0.006468954496085644 0.00510056596249342 0.005668937228620052 
vn 0.007185689639300108 -0.0036495353560894728 0.00592002971097827 
vn 0.0017626471817493439 0.004132460802793503 0.008933971635997295 
vn -0.000170079933013767 -0.006452016998082399 0.00763822952285409 
vn 0.007519789971411228 0.0005022697150707245 0.006572708021849394 
vn 0.0017091035842895508 0.0005459040985442698 0.009837730787694454 
vn -0.000021846888557774946 -0.009999904781579971 -0.000037838293792447075 
vn -0.000021846888557774946 -0.009999904781579971 -0.000037838293792447075 
vn -0.000021846888557774946 -0.009999904781579971 -0.000037838293792447075 
vn -0.000021846888557774946 -0.009999904781579971 -0.000037838293792447075 
vn 0.00004369377711554989 -0.009999904781579971 1.6291944460178343e-9 
vn 0.00004369377711554989 -0.009999904781579971 1.6291944460178343e-9 
vn 0.00004369377711554989 -0.009999904781579971 1.6291944460178343e-9 
vn 0.00004369377711554989 -0.009999904781579971 1.6291944460178343e-9 
vn -0.0005096190143376589 -0.0064853401854634285 -0.007594778202474117 
vn -0.0011865762062370777 0.0008509992621839046 -0.009892817586660385 
vn -0.005137419793754816 -0.007306415122002363 -0.004497023299336433 
vn -0.007604991085827351 0.0006767370505258441 -0.00645802915096283 
vn -0.006224165670573711 -0.007765498012304306 0.0009781632106751204 
vn -0.009845269843935966 0.0004586254945024848 0.0016912478022277355 
vn -0.003703967435285449 -0.007246470078825951 0.005811135750263929 
vn -0.005586064886301756 0.0006767394370399415 0.008266674354672432 
vn -0.000170079933013767 -0.006452016998082399 0.00763822952285409 
vn -0.0023559117689728737 0.0007203268469311297 0.00969179067760706 
vn -0.0023559117689728737 0.0007203268469311297 0.00969179067760706 
vn 0.0017091035842895508 0.0005459040985442698 0.009837730787694454 
vn -0.000170079933013767 -0.006452016998082399 0.00763822952285409 
vn 0.0017626471817493439 0.004132460802793503 0.008933971635997295 
vn 0.005537605844438076 0.0005459011299535632 -0.008308845572173595 
vn 0.00198808079585433 0.0006767365266568959 -0.009776991792023182 
vn 0.005141693167388439 0.004251464735716581 -0.007449029013514519 
vn 0.003439296269789338 -0.005760594736784697 -0.007415308151394129 
vn -0.0005096190143376589 -0.0064853401854634285 -0.007594778202474117 
vn -0.0011865762062370777 0.0008509992621839046 -0.009892817586660385 
vn -0.000021846888557774946 -0.009999904781579971 0.00003784155342145823 
vn -0.000021846888557774946 -0.009999904781579971 0.00003784155342145823 
vn -0.000021846888557774946 -0.009999904781579971 0.00003784155342145823 
vn -0.000021846888557774946 -0.009999904781579971 0.00003784155342145823 
vn -0.005006305407732725 -0.008656610734760761 1.4103447298907668e-9 
vn -0.007806605193763971 -0.0061466628685593605 0.0011293601710349321 
vn -0.0009987938683480024 -0.004092632792890072 -0.009069330990314484 
vn -0.0020795806776732206 -0.0026970545295625925 -0.009402193129062653 
vn -0.008792368695139885 -0.004758462775498629 0.00022646100842393935 
vn -0.002153515350073576 -0.0031565839890390635 -0.009241122752428055 
vn -0.009480779990553856 -0.0031150924041867256 0.0006411023205146194 
vn -0.003131063189357519 -0.0032393825240433216 -0.008927645161747932 
vn -0.009045247919857502 -0.0036495360545814037 0.0022055339068174362 
vn -0.003960378002375364 -0.004290975164622068 -0.008118062280118465 
vn -0.0005093992222100496 -0.004642768297344446 -0.00884224008768797 
vn 0.0010178470984101295 -0.0006767397280782461 -0.009925019927322865 
vn 0.00020766790839843452 -0.002231295919045806 -0.009745675139129162 
vn -0.0001509657158749178 -0.001717355684377253 -0.009850273840129375 
vn 0.0003584479563869536 -0.003649537917226553 -0.009303353726863861 
vn 0.00916975736618042 -0.0024013149086385965 -0.0031857865396887064 
vn 0.009312089532613754 0.0018892615335062146 -0.00311699858866632 
vn 0.008527160622179508 0.0019750020001083612 -0.004835999570786953 
vn 0.009837321937084198 0.0009815305238589644 0.0015045576728880405 
vn -0.005503776483237743 -0.006843560375273228 -0.004782689735293388 
vn 0.005981977563351393 -0.003932544961571693 0.006982194259762764 
vn -0.0027293029706925154 -0.00911520142108202 -0.0030763624235987663 
vn 0.003968054428696632 -0.0068435585126280785 0.006117209326475859 
vn 0.004047411493957043 -0.002316394355148077 -0.008846060372889042 
vn 0.009988841600716114 0.0002839722146745771 -0.00037735336809419096 
vn -0.00047152492334134877 0.003771258285269141 -0.009249609895050526 
vn 0.007320925127714872 0.006811635103076696 -0.00007541152444900945 
vn 0.0083776218816638 0.005434780847281218 -0.0005278321914374828 
vn 0.007957804016768932 0.00460402388125658 0.003933996427804232 
vn 0.006300558336079121 -0.007765498012304306 1.265162752339677e-9 
vn 0.009707403369247913 0.0024013144429773092 -3.91224552753755e-10 
vn 0.007957804016768932 0.004604022949934006 -0.003933997824788094 
vn 0.0037555282469838858 -0.005287248641252518 -0.007611899171024561 
vn 0.0019980259239673615 0.005652953404933214 -0.008003249764442444 
vn -0.0006226762197911739 -0.002612803364172578 -0.009632525034248829 
vn -0.007143188267946243 0.004835139494389296 -0.005059277638792992 
vn -0.007142013404518366 -0.0030735440086573362 -0.006288479547947645 
vn -0.009245053865015507 0.003811691189184785 -6.210026382014178e-10 
vn -0.00981984008103609 -0.001889261999167502 0.00003776051744353026 
vn 0.0037555282469838858 -0.005287245847284794 0.00761190103366971 
vn 0.0019980259239673615 0.005652955733239651 0.008003247901797295 
vn -0.0006226762197911739 -0.0026128001045435667 0.009632525965571404 
vn -0.007143188267946243 0.0048351408913731575 0.00505927624180913 
vn -0.007142013404518366 -0.0030735419131815434 0.00628848047927022 
vn -0.009245053865015507 0.003811691189184785 -6.210026382014178e-10 
vn -0.00981984008103609 -0.001889261999167502 0.00003776051744353026 
vn 0.00916975736618042 -0.0024013137444853783 0.0031857872381806374 
vn 0.005674153100699186 -0.006779581308364868 -0.004673463758081198 
vn 0.009312089532613754 0.001889262581244111 0.0031169981230050325 
vn 0.004522159695625305 0.001372015569359064 -0.008812924847006798 
vn 0.008527160622179508 0.001975003629922867 0.004835999105125666 
vn 0.004978545941412449 0.0025283494032919407 -0.008295874111354351 
vn 0.009837321937084198 0.0009815300581976771 -0.001504558022134006 
vn 0.004928566515445709 0.0032806862145662308 -0.00805892888456583 
vn -0.0013551313895732164 -0.00006554202263941988 -0.009907539002597332 
vn -0.0006597749888896942 -0.0009380396804772317 -0.009934021160006523 
vn -0.007806605193763971 -0.0061466628685593605 -0.001129358191974461 
vn -0.005006305407732725 -0.008656610734760761 1.4103447298907668e-9 
vn 0.0017135469242930412 -0.008161474950611591 -0.005518521647900343 
vn -0.008792368695139885 -0.004758462775498629 -0.0002264594513690099 
vn -0.0019140117801725864 0.0006767365266568959 -0.009791760705411434 
vn 0.005046026315540075 0.0031565811950713396 -0.008035771548748016 
vn 0.0083776218816638 0.005434780847281218 0.0005278304452076554 
vn 0.005981977563351393 -0.00393254728987813 -0.006982192862778902 
vn 0.007320925127714872 0.006811635103076696 0.00007540930528193712 
vn 0.003968054428696632 -0.006843560840934515 -0.006117206998169422 
vn 0.009988841600716114 0.0002839723601937294 0.0003773532807826996 
vn -0.009480779990553856 -0.0031150926370173693 -0.0006411013309843838 
vn -0.002611094620078802 0.0003276441420894116 -0.009647529572248459 
vn -0.009045247919857502 -0.0036495367530733347 -0.002205532742664218 
vn -0.006186327431350946 -0.005902568344026804 0.005185464397072792 
vn -0.007897142320871353 -0.00600787065923214 -0.0012412243522703648 
vn -0.005137419793754816 -0.007306413725018501 0.004497026093304157 
vn -0.006224165670573711 -0.007765498477965593 -0.0009781606495380402 
vn -0.0005096190143376589 -0.006485337391495705 0.0075947800651192665 
vn -0.006186327431350946 -0.005902568344026804 0.005185464397072792 
vn -0.0008668039808981121 -0.005796252749860287 0.00810259860008955 
vn -0.007897142320871353 -0.00600787065923214 -0.0012412243522703648 
vn -0.004252832382917404 -0.006181070581078529 -0.00661118607968092 
vn -0.003703967435285449 -0.0072464719414711 -0.005811133421957493 
vn -0.000170079933013767 -0.006452019326388836 -0.0076382276602089405 
vn 0.0015376392984762788 -0.006418575067073107 -0.0075124939903616905 
vn -0.004252832382917404 -0.006181070581078529 -0.00661118607968092 
vn 0.0063112471252679825 -0.006249527912586927 -0.00459473067894578 
vn 0.007977246306836605 -0.00597288366407156 0.0008295804145745933 
vn 0.007185689639300108 -0.0036495374515652657 -0.005920028779655695 
vn 0.009272735565900803 -0.0033219316974282265 0.0017265984788537025 
vn -0.000170079933013767 -0.006452019326388836 -0.0076382276602089405 
vn 0.0063112471252679825 -0.006249527912586927 -0.00459473067894578 
vn 0.0015376392984762788 -0.006418575067073107 -0.0075124939903616905 
vn 0.007977246306836605 -0.00597288366407156 0.0008295804145745933 
vn 0.00499141588807106 -0.0059377821162343025 0.006310983095318079 
vn 0.003439296269789338 -0.00576059240847826 0.007415310014039278 
vn -0.0005096190143376589 -0.006485337391495705 0.0075947800651192665 
vn -0.0008668039808981121 -0.005796252749860287 0.00810259860008955 
vn 0.00499141588807106 -0.0059377821162343025 0.006310983095318079 
vn 0.005537605844438076 0.0005459038075059652 0.008308845572173595 
vn 0.009951423853635788 0.000633138173725456 0.0007538634235970676 
vn 0.005141693167388439 0.004251467529684305 0.007449027616530657 
vn 0.00860584992915392 0.005025205668061972 0.000828648277092725 
vn 0.003439296269789338 -0.00576059240847826 0.007415310014039278 
vn 0.009272735565900803 -0.0033219316974282265 0.0017265984788537025 
vn 0.006468954496085644 0.00510056409984827 -0.005668939091265202 
vn 0.007185689639300108 -0.0036495374515652657 -0.005920028779655695 
vn 0.0017626471817493439 0.004132457543164492 -0.00893397256731987 
vn -0.000170079933013767 -0.006452019326388836 -0.0076382276602089405 
vn 0.007519789971411228 0.0005022675613872707 -0.006572708021849394 
vn 0.0017091035842895508 0.0005459008971229196 -0.009837730787694454 
vn -0.000021846888557774946 -0.009999904781579971 0.00003784155342145823 
vn -0.000021846888557774946 -0.009999904781579971 0.00003784155342145823 
vn -0.000021846888557774946 -0.009999904781579971 0.00003784155342145823 
vn -0.000021846888557774946 -0.009999904781579971 0.00003784155342145823 
vn 0.00004369377711554989 -0.009999904781579971 1.6291944460178343e-9 
vn 0.00004369377711554989 -0.009999904781579971 1.6291944460178343e-9 
vn 0.00004369377711554989 -0.009999904781579971 1.6291944460178343e-9 
vn 0.00004369377711554989 -0.009999904781579971 1.6291944460178343e-9 
vn -0.0023559117689728737 0.0007203237037174404 -0.00969179067760706 
vn -0.000170079933013767 -0.006452019326388836 -0.0076382276602089405 
vn -0.005586064886301756 0.0006767367594875395 -0.008266674354672432 
vn -0.003703967435285449 -0.0072464719414711 -0.005811133421957493 
vn -0.009845269843935966 0.0004586249415297061 -0.0016912479186430573 
vn -0.006224165670573711 -0.007765498477965593 -0.0009781606495380402 
vn -0.007604991085827351 0.000676739146001637 0.00645802915096283 
vn -0.005137419793754816 -0.007306413725018501 0.004497026093304157 
vn -0.0011865762062370777 0.0008510024636052549 0.00989281665533781 
vn -0.0005096190143376589 -0.006485337391495705 0.0075947800651192665 
vn 0.0017626471817493439 0.004132457543164492 -0.00893397256731987 
vn -0.000170079933013767 -0.006452019326388836 -0.0076382276602089405 
vn 0.0017091035842895508 0.0005459008971229196 -0.009837730787694454 
vn -0.0023559117689728737 0.0007203237037174404 -0.00969179067760706 
vn 0.005537605844438076 0.0005459038075059652 0.008308845572173595 
vn 0.00198808079585433 0.0006767396698705852 0.009776991792023182 
vn 0.005141693167388439 0.004251467529684305 0.007449027616530657 
vn 0.003439296269789338 -0.00576059240847826 0.007415310014039278 
vn -0.0005096190143376589 -0.006485337391495705 0.0075947800651192665 
vn -0.0011865762062370777 0.0008510024636052549 0.00989281665533781 
vn -0.000021846888557774946 -0.009999904781579971 -0.000037838293792447075 
vn -0.000021846888557774946 -0.009999904781579971 -0.000037838293792447075 
vn -0.000021846888557774946 -0.009999904781579971 -0.000037838293792447075 
vn -0.000021846888557774946 -0.009999904781579971 -0.000037838293792447075 
vn -0.007806605193763971 -0.0061466628685593605 -0.001129358191974461 
vn -0.0009987938683480024 -0.004092629998922348 0.009069332852959633 
vn -0.005006305407732725 -0.008656610734760761 1.4103447298907668e-9 
vn 0.00916975736618042 -0.0024013137444853783 0.0031857872381806374 
vn -0.0020795806776732206 -0.002697051502764225 0.009402194060385227 
vn -0.008792368695139885 -0.004758462775498629 -0.0002264594513690099 
vn -0.002153515350073576 -0.003156580962240696 0.00924112368375063 
vn -0.009480779990553856 -0.0031150926370173693 -0.0006411013309843838 
vn -0.003131063189357519 -0.003239379497244954 0.008927646093070507 
vn -0.009045247919857502 -0.0036495367530733347 -0.002205532742664218 
vn -0.003960378002375364 -0.0042909723706543446 0.008118064142763615 
vn -0.0005093992222100496 -0.004642765503376722 0.008842241950333118 
vn 0.0010178470984101295 -0.000676736468449235 0.009925019927322865 
vn 0.00020766790839843452 -0.0022312928922474384 0.009745676070451736 
vn -0.0001509657158749178 -0.001717352424748242 0.00985027477145195 
vn 0.0003584479563869536 -0.0036495348904281855 0.009303354658186436 
vn 0.009312089532613754 0.001889262581244111 0.0031169981230050325 
vn 0.008527160622179508 0.001975003629922867 0.004835999105125666 
vn 0.009837321937084198 0.0009815300581976771 -0.001504558022134006 
vn -0.005503776483237743 -0.006843558978289366 0.004782691597938538 
vn 0.005981977563351393 -0.00393254728987813 -0.006982192862778902 
vn -0.0027293029706925154 -0.009115200489759445 0.00307636521756649 
vn 0.003968054428696632 -0.006843560840934515 -0.006117206998169422 
vn 0.004047411493957043 -0.0023163913283497095 0.008846061304211617 
vn 0.009988841600716114 0.0002839723601937294 0.0003773532807826996 
vn -0.00047152492334134877 0.0037712613120675087 0.009249608963727951 
vn 0.007320925127714872 0.006811635103076696 0.00007540930528193712 
vn 0.0083776218816638 0.005434780847281218 0.0005278304452076554 
vn -0.000021846888557774946 -0.009999904781579971 -0.000037838293792447075 
vn -0.000021846888557774946 -0.009999904781579971 -0.000037838293792447075 
vn -0.000021846888557774946 -0.009999904781579971 -0.000037838293792447075 
vn -0.000021846888557774946 -0.009999904781579971 -0.000037838293792447075 
vn -0.000021846888557774946 -0.009999904781579971 -0.000037838293792447075 
vn -0.000021846888557774946 -0.009999904781579971 -0.000037838293792447075 
vn -0.000021846888557774946 -0.009999904781579971 -0.000037838293792447075 
vn -0.000021846888557774946 -0.009999904781579971 -0.000037838293792447075 
vn -0.000021846888557774946 -0.009999904781579971 0.00003784155342145823 
vn -0.000021846888557774946 -0.009999904781579971 0.00003784155342145823 
vn -0.000021846888557774946 -0.009999904781579971 0.00003784155342145823 
vn -0.000021846888557774946 -0.009999904781579971 0.00003784155342145823 
vn -0.000021846888557774946 -0.009999904781579971 0.00003784155342145823 
vn -0.000021846888557774946 -0.009999904781579971 0.00003784155342145823 
vn -0.000021846888557774946 -0.009999904781579971 0.00003784155342145823 
vn -0.000021846888557774946 -0.009999904781579971 0.00003784155342145823 
vt 0.1886010617017746 0.4954979121685028 
vt 0.19887754321098328 0.5227407217025757 
vt 0.13375331461429596 0.5019501447677612 
vt 0.14892905950546265 0.5552409291267395 
vt 0.21345581114292145 0.5604982972145081 
vt 0.14665867388248444 0.6136695742607117 
vt 0.21704064309597015 0.6136695742607117 
vt 0.21345581114292145 0.6668408513069153 
vt 0.25133541226387024 0.6730540990829468 
vt 0.2508574426174164 0.6136695742607117 
vt 0.25133541226387024 0.5542849898338318 
vt 0.3096484839916229 0.5958661437034607 
vt 0.27535369992256165 0.5435312986373901 
vt 0.328887015581131 0.5734027624130249 
vt 0.3077365756034851 0.6136695742607117 
vt 0.3096484839916229 0.6314729452133179 
vt 0.27535369992256165 0.6836883425712585 
vt 0.328887015581131 0.6538168787956238 
vt 0.19887754321098328 0.704478919506073 
vt 0.14892905950546265 0.6719787120819092 
vt 0.1886010617017746 0.7318412065505981 
vt 0.13375331461429596 0.7252694964408875 
vt 0.09396182000637054 0.670186460018158 
vt 0.09611271321773529 0.6136695742607117 
vt 0.01820262148976326 0.6639731526374817 
vt 0.02047300711274147 0.6136695742607117 
vt 0.01820262148976326 0.563246488571167 
vt 0.09396182000637054 0.5571526885032654 
vt 0.010674499906599522 0.5050567984580994 
vt 0.08428280055522919 0.5002773404121399 
vt 0.08428280055522919 0.7270617485046387 
vt 0.010674499906599522 0.7221628427505493 
vt 0.5803024172782898 0.7208485007286072 
vt 0.6136412024497986 0.6798648238182068 
vt 0.5895034074783325 0.6546532511711121 
vt 0.62535160779953 0.6498737931251526 
vt 0.670400857925415 0.6725761294364929 
vt 0.5228257775306702 0.7059127688407898 
vt 0.5213918685913086 0.6510686874389648 
vt 0.4733552634716034 0.6859585642814636 
vt 0.4726383090019226 0.6450943946838379 
vt 0.39771556854248047 0.6468866467475891 
vt 0.39783504605293274 0.5950297117233276 
vt 0.47216033935546875 0.5950297117233276 
vt 0.4726383090019226 0.5449650883674622 
vt 0.39771556854248047 0.5431728363037109 
vt 0.4733552634716034 0.5041009187698364 
vt 0.3979545533657074 0.5035034418106079 
vt 0.3979545533657074 0.6865560412406921 
vt 0.5213918685913086 0.5389907956123352 
vt 0.5228257775306702 0.4842662215232849 
vt 0.5895034074783325 0.535406231880188 
vt 0.5803024172782898 0.46921098232269287 
vt 0.6136412024497986 0.5103141665458679 
vt 0.62535160779953 0.5403051376342773 
vt 0.670400857925415 0.5174833536148071 
vt 0.6766145825386047 0.5753145217895508 
vt 0.6959725618362427 0.5643218159675598 
vt 0.7195128798484802 0.5037424564361572 
vt 0.6770925521850586 0.5950297117233276 
vt 0.6278610229492188 0.5950297117233276 
vt 0.5859186053276062 0.5950297117233276 
vt 0.5197189450263977 0.5950297117233276 
vt 0.6766145825386047 0.6147449016571045 
vt 0.6959725618362427 0.6257376670837402 
vt 0.7195128798484802 0.6863170266151428 
vt 0.20533022284507751 0.8028159141540527 
vt 0.20353782176971436 0.7764095067977905 
vt 0.19230538606643677 0.8017405271530151 
vt 0.19075195491313934 0.7735418081283569 
vt 0.16541923582553864 0.7974390387535095 
vt 0.161595419049263 0.7662531733512878 
vt 0.1013704463839531 0.7877606749534607 
vt 0.1026848778128624 0.7568137645721436 
vt 0.08189292252063751 0.7836981415748596 
vt 0.0888235792517662 0.7503615617752075 
vt 0.06396882236003876 0.7770069241523743 
vt 0.06671718508005142 0.7528707385063171 
vt 0.04604472219944 0.7821448445320129 
vt 0.038038626313209534 0.7486887574195862 
vt 0.0185611043125391 0.7969610691070557 
vt 0.011391463689506054 0.7486887574195862 
vt 0.2083175778388977 0.8252792358398438 
vt 0.059786535799503326 0.8343601822853088 
vt 0.07089947909116745 0.8120163083076477 
vt 0.11128845065832138 0.8486984968185425 
vt 0.10244589298963547 0.820499837398529 
vt 0.16960151493549347 0.8224115967750549 
vt 0.16625568270683289 0.8504908084869385 
vt 0.10650868713855743 0.8791674375534058 
vt 0.19457577168941498 0.8248013257980347 
vt 0.20688365399837494 0.8503713011741638 
vt 0.19146892428398132 0.8495349287986755 
vt 0.18489675223827362 0.8776141405105591 
vt 0.15693515539169312 0.8790479898452759 
vt 0.09814410656690598 0.9010334014892578 
vt 0.04413282126188278 0.8665019273757935 
vt 0.2007894515991211 0.8768972158432007 
vt 0.18107295036315918 0.8997190594673157 
vt 0.15048247575759888 0.9011528491973877 
vt 0.15418680012226105 0.9293515682220459 
vt 0.09491776674985886 0.9318607449531555 
vt 0.06432730704545975 0.8985241651535034 
vt 0.1961291879415512 0.8997190594673157 
vt 0.19863855838775635 0.9255279898643494 
vt 0.18489675223827362 0.9260059595108032 
vt 0.08010051399469376 0.9287541508674622 
vt 0.05799412354826927 0.9311438798904419 
vt 0.04054800048470497 0.9068881869316101 
vt 0.02405782788991928 0.8849027752876282 
vt 0.9262375235557556 0.019107220694422722 
vt 0.9240866303443909 0.037747036665678024 
vt 0.9020997285842896 0.024484090507030487 
vt 0.9016217589378357 0.04682797193527222 
vt 0.8749746084213257 0.021018996834754944 
vt 0.9538406133651733 0.010982171632349491 
vt 0.952765166759491 0.030099932104349136 
vt 0.949419379234314 0.07036671042442322 
vt 0.9234891533851624 0.07072517275810242 
vt 0.9220552444458008 0.1612955629825592 
vt 0.9059235453605652 0.1577109843492508 
vt 0.9181119203567505 0.17420004308223724 
vt 0.9034141898155212 0.17013752460479736 
vt 0.892898678779602 0.15544074773788452 
vt 0.8917037844657898 0.16691140830516815 
vt 0.9019802212715149 0.07454872131347656 
vt 0.8746161460876465 0.047664374113082886 
vt 0.8774839639663696 0.07574358582496643 
vt 0.878559410572052 0.1544848531484604 
vt 0.8786789178848267 0.16571654379367828 
vt 0.8625472187995911 0.15579921007156372 
vt 0.8637421727180481 0.16762831807136536 
vt 0.847012996673584 0.0403757281601429 
vt 0.8467740416526794 0.013969321735203266 
vt 0.8227556943893433 0.010982171632349491 
vt 0.8257430791854858 0.03272862359881401 
vt 0.7971839904785156 0.017075957730412483 
vt 0.7999323606491089 0.035357315093278885 
vt 0.8331516981124878 0.07048620283603668 
vt 0.8547801375389099 0.07275643199682236 
vt 0.8405603170394897 0.17682874202728271 
vt 0.8362585306167603 0.16404373943805695 
vt 0.8523902297019958 0.1718103289604187 
vt 0.8500003814697266 0.1591448187828064 
vt 0.8065045475959778 0.07454872131347656 
vt 0.5248571634292603 0.23035846650600433 
vt 0.5045431852340698 0.27875030040740967 
vt 0.4697704613208771 0.24445781111717224 
vt 0.4658271372318268 0.2721785604953766 
vt 0.4933107793331146 0.21291351318359375 
vt 0.4035707712173462 0.20849253237247467 
vt 0.42376527190208435 0.17897948622703552 
vt 0.3175351023674011 0.1566356122493744 
vt 0.32697510719299316 0.1363229900598526 
vt 0.30200088024139404 0.12234312295913696 
vt 0.29411426186561584 0.14408957958221436 
vt 0.28216487169265747 0.16225144267082214 
vt 0.3035542964935303 0.17658977210521698 
vt 0.2662721574306488 0.17706771194934845 
vt 0.3745337426662445 0.22844669222831726 
vt 0.4351171851158142 0.2668016850948334 
vt 0.46331778168678284 0.2988239526748657 
vt 0.46331778168678284 0.3239160180091858 
vt 0.49821001291275024 0.3239160180091858 
vt 0.5045431852340698 0.3692012131214142 
vt 0.46331778168678284 0.34900805354118347 
vt 0.40309280157089233 0.3239160180091858 
vt 0.40177837014198303 0.3362230658531189 
vt 0.40177837014198303 0.3116089403629303 
vt 0.38791707158088684 0.2834102511405945 
vt 0.3433457911014557 0.24015632271766663 
vt 0.28658613562583923 0.1939152330160141 
vt 0.24822856485843658 0.1914060264825821 
vt 0.269259512424469 0.20932893455028534 
vt 0.3139502704143524 0.2572428286075592 
vt 0.3403584361076355 0.2883091866970062 
vt 0.3499179780483246 0.31328174471855164 
vt 0.35206887125968933 0.3239160180091858 
vt 0.3499179780483246 0.33455026149749756 
vt 0.3403584361076355 0.3596423268318176 
vt 0.38791707158088684 0.364541232585907 
vt 0.3139502704143524 0.39070868492126465 
vt 0.3433457911014557 0.40767568349838257 
vt 0.269259512424469 0.4386225640773773 
vt 0.4351171851158142 0.3811497986316681 
vt 0.4658271372318268 0.3756534457206726 
vt 0.4697704613208771 0.40337419509887695 
vt 0.5248571634292603 0.4175930321216583 
vt 0.4933107793331146 0.43491849303245544 
vt 0.4035707712173462 0.4393394887447357 
vt 0.42376527190208435 0.46897199749946594 
vt 0.3175351023674011 0.4911963939666748 
vt 0.32697510719299316 0.5115090012550354 
vt 0.30200088024139404 0.5256083607673645 
vt 0.29411426186561584 0.5038619041442871 
vt 0.28216487169265747 0.48558056354522705 
vt 0.3035542964935303 0.4713617265224457 
vt 0.2662721574306488 0.47076430916786194 
vt 0.3745337426662445 0.41938531398773193 
vt 0.28658613562583923 0.45403626561164856 
vt 0.24822856485843658 0.45654547214508057 
vt 0.6635897159576416 0.2671601474285126 
vt 0.6504454016685486 0.40050652623176575 
vt 0.6419612765312195 0.26321712136268616 
vt 0.6248736381530762 0.39465171098709106 
vt 0.6475775241851807 0.44579172134399414 
vt 0.6224837899208069 0.4396979510784149 
vt 0.6226032972335815 0.4731540083885193 
vt 0.6476970314979553 0.48044267296791077 
vt 0.6723127961158752 0.4851026237010956 
vt 0.6724322438240051 0.4498542547225952 
vt 0.6978845000267029 0.45045167207717896 
vt 0.6977649927139282 0.4846246838569641 
vt 0.7235757112503052 0.47936728596687317 
vt 0.7235757112503052 0.44686710834503174 
vt 0.6963310837745667 0.4000285863876343 
vt 0.7230977416038513 0.394890695810318 
vt 0.6947776675224304 0.26692119240760803 
vt 0.7164060473442078 0.26465094089508057 
vt 0.6729102730751038 0.40229880809783936 
vt 0.6607218384742737 0.26787707209587097 
vt 0.680199384689331 0.2693108916282654 
vt 0.6775705218315125 0.26907193660736084 
vt 0.6976454854011536 0.26799654960632324 
vt 0.8498808741569519 0.2203216403722763 
vt 0.8282524347305298 0.2192462682723999 
vt 0.8661320209503174 0.3525926470756531 
vt 0.8388873934745789 0.34805217385292053 
vt 0.8635031580924988 0.3963245153427124 
vt 0.8388873934745789 0.3911866247653961 
vt 0.8624277114868164 0.428466260433197 
vt 0.8375729918479919 0.4220139980316162 
vt 0.8142716288566589 0.3902307450771332 
vt 0.812957227230072 0.4203411936759949 
vt 0.790014386177063 0.39357635378837585 
vt 0.7890583872795105 0.4241647720336914 
vt 0.7645621299743652 0.43025854229927063 
vt 0.765518069267273 0.3988337218761444 
vt 0.7645621299743652 0.34841063618659973 
vt 0.7910898327827454 0.3455429673194885 
vt 0.8146301507949829 0.34506502747535706 
vt 0.8111647963523865 0.2199631929397583 
vt 0.8314787745475769 0.2188878059387207 
vt 0.8158250451087952 0.2196047306060791 
vt 0.7973034977912903 0.2196047306060791 
vt 0.7799768447875977 0.2181708961725235 
vt 0.8017247915267944 0.2199631929397583 
vt 0.24990148842334747 0.03786652162671089 
vt 0.226122185587883 0.061285778880119324 
vt 0.2662721574306488 0.05387764424085617 
vt 0.24428527057170868 0.07681895792484283 
vt 0.28096991777420044 0.07239797711372375 
vt 0.24691413342952728 0.07920867949724197 
vt 0.26149240136146545 0.09271059930324554 
vt 0.23221637308597565 0.024484090507030487 
vt 0.2077201008796692 0.04575259983539581 
vt 0.21333631873130798 0.011101658456027508 
vt 0.19063246250152588 0.029621988534927368 
vt 0.1283760964870453 0.11397910118103027 
vt 0.1036408320069313 0.08972344547510147 
vt 0.15872757136821747 0.12664462625980377 
vt 0.1908714473247528 0.13369429111480713 
vt 0.2227763533592224 0.1471962183713913 
vt 0.2007894515991211 0.184117391705513 
vt 0.15609869360923767 0.17766514420509338 
vt 0.1929028481245041 0.21207711100578308 
vt 0.1362626999616623 0.21004584431648254 
vt 0.1349482536315918 0.22378674149513245 
vt 0.1944562792778015 0.22378674149513245 
vt 0.1929028481245041 0.23537687957286835 
vt 0.1362626999616623 0.23752762377262115 
vt 0.15609869360923767 0.2699083387851715 
vt 0.2007894515991211 0.2634560763835907 
vt 0.1908714473247528 0.3137596845626831 
vt 0.2227763533592224 0.30025777220726013 
vt 0.24428527057170868 0.37075451016426086 
vt 0.26149240136146545 0.3547433912754059 
vt 0.28096991777420044 0.37517550587654114 
vt 0.2662721574306488 0.3936958312988281 
vt 0.24990148842334747 0.4097069501876831 
vt 0.226122185587883 0.3862876892089844 
vt 0.23221637308597565 0.42296990752220154 
vt 0.10770362615585327 0.1703764945268631 
vt 0.15872757136821747 0.3209288418292999 
vt 0.10770362615585327 0.2771969735622406 
vt 0.06468578428030014 0.249715194106102 
vt 0.06588073074817657 0.22378674149513245 
vt 0.03051050379872322 0.22378674149513245 
vt 0.06468578428030014 0.1978582739830017 
vt 0.0246552973985672 0.18113023042678833 
vt 0.0246552973985672 0.26644325256347656 
vt 0.0687485858798027 0.2930886149406433 
vt 0.1283760964870453 0.3335943818092346 
vt 0.2077201008796692 0.4018208682537079 
vt 0.21333631873130798 0.4364718198776245 
vt 0.19063246250152588 0.4179514944553375 
vt 0.1036408320069313 0.35773053765296936 
vt 0.03995053097605705 0.3159104585647583 
vt 0.010793994180858135 0.2971511483192444 
vt 0.010793994180858135 0.1504223346710205 
vt 0.03995053097605705 0.13166303932666779 
vt 0.0687485858798027 0.1544848531484604 
vt 0.2833597958087921 0.03559628874063492 
vt 0.31323331594467163 0.011579602025449276 
vt 0.32243433594703674 0.05148792639374733 
vt 0.37047094106674194 0.012654975987970829 
vt 0.356729120016098 0.03667166084051132 
vt 0.36820054054260254 0.06917185336351395 
vt 0.3818228542804718 0.04264596104621887 
vt 0.40141987800598145 0.06403395533561707 
vt 0.4118158519268036 0.03870292380452156 
vt 0.34967896342277527 0.08458554744720459 
vt 0.3501569628715515 0.11230629682540894 
vt 0.38982895016670227 0.08374914526939392 
vt 0.3828983008861542 0.11923649162054062 
vt 0.44085291028022766 0.11338167637586594 
vt 0.42902299761772156 0.06905236840248108 
vt 0.41133788228034973 0.014447266235947609 
vt 0.45770156383514404 0.06116629019379616 
vt 0.4697704613208771 0.011579602025449276 
vt 0.5207943916320801 0.03941984102129936 
vt 0.48231732845306396 0.09079881757497787 
vt 0.759304404258728 0.05316073074936867 
vt 0.7376760244369507 0.023408716544508934 
vt 0.7279970049858093 0.03846395015716553 
vt 0.6966895461082458 0.011101658456027508 
vt 0.6892809271812439 0.03846395015716553 
vt 0.6899979114532471 0.07395129650831223 
vt 0.7239341735839844 0.06857442110776901 
vt 0.7253681421279907 0.10214999318122864 
vt 0.7683859467506409 0.09354700148105621 
vt 0.7526127696037292 0.067140594124794 
vt 0.7742411494255066 0.0653483048081398 
vt 0.6639481782913208 0.1222236379981041 
vt 0.7309843301773071 0.12353798747062683 
vt 0.6641871929168701 0.14779363572597504 
vt 0.6931047439575195 0.20060645043849945 
vt 0.7336131930351257 0.17121289670467377 
vt 0.7742411494255066 0.17969641089439392 
vt 0.7742411494255066 0.1099165827035904 
vt 0.7407828569412231 0.2384835183620453 
vt 0.9559915065765381 0.12210415303707123 
vt 0.9596958756446838 0.15305101871490479 
vt 0.9521677494049072 0.1532900035381317 
vt 0.9638781547546387 0.18363943696022034 
vt 0.9667459726333618 0.17121289670467377 
vt 0.9894498586654663 0.17061546444892883 
vt 0.9820412397384644 0.16595551371574402 
vt 0.9894498586654663 0.14074397087097168 
vt 0.3834957778453827 0.8257572054862976 
vt 0.394608736038208 0.8510882258415222 
vt 0.38170337677001953 0.8521636128425598 
vt 0.37871602177619934 0.874507486820221 
vt 0.3962816298007965 0.8228895664215088 
vt 0.4216143786907196 0.8467867374420166 
vt 0.4253186881542206 0.8156008720397949 
vt 0.4855436682701111 0.8369888663291931 
vt 0.48434871435165405 0.8061615228652954 
vt 0.498090535402298 0.7997092604637146 
vt 0.5051406621932983 0.8330458402633667 
vt 0.5201969146728516 0.8022184371948242 
vt 0.484587699174881 0.8698475360870361 
vt 0.4173125922679901 0.871759295463562 
vt 0.39245784282684326 0.8740295767784119 
vt 0.3801499605178833 0.8997190594673157 
vt 0.3955646753311157 0.8988826274871826 
vt 0.40201735496520996 0.9269618391990662 
vt 0.3861246407032013 0.9262449145317078 
vt 0.40596064925193787 0.9490667581558228 
vt 0.39090439677238464 0.9490667581558228 
vt 0.3883950412273407 0.9748757481575012 
vt 0.40201735496520996 0.9753536581993103 
vt 0.4328468143939972 0.978699266910553 
vt 0.4364316165447235 0.9505006074905396 
vt 0.49199631810188293 0.9812085032463074 
vt 0.4887700080871582 0.9503811001777649 
vt 0.5225868225097656 0.9478719234466553 
vt 0.5069330930709839 0.9781018495559692 
vt 0.5290394425392151 0.980491578578949 
vt 0.5463660955429077 0.956235945224762 
vt 0.5427812933921814 0.9158496260643005 
vt 0.5629757642745972 0.9342504739761353 
vt 0.43009844422340393 0.928395688533783 
vt 0.42077791690826416 0.8998385071754456 
vt 0.47574514150619507 0.8980462551116943 
vt 0.5161341428756714 0.8613640069961548 
vt 0.48040542006492615 0.9285151362419128 
vt 0.5272470712661743 0.8837079405784607 
vt 0.5409888625144958 0.83149254322052 
vt 0.5229452848434448 0.8263546228408813 
vt 0.568352997303009 0.8463088274002075 
vt 0.5488754510879517 0.7980364561080933 
vt 0.5755226612091064 0.7980364561080933 
vt 0.9432056546211243 0.9456016421318054 
vt 0.9458345174789429 0.9197927117347717 
vt 0.9614882469177246 0.9483498334884644 
vt 0.9675824642181396 0.9227798581123352 
vt 0.9645950794219971 0.8987631797790527 
vt 0.9381869435310364 0.8985241651535034 
vt 0.9575449824333191 0.8705644607543945 
vt 0.9308977723121643 0.8709229230880737 
vt 0.9317342638969421 0.8439190983772278 
vt 0.9540796279907227 0.8434411287307739 
vt 0.940815806388855 0.821455717086792 
vt 0.9594568610191345 0.8193049430847168 
vt 0.9675824642181396 0.7917037010192871 
vt 0.9484634399414062 0.7927790880203247 
vt 0.9081939458847046 0.7961246967315674 
vt 0.9078354239463806 0.8220531344413757 
vt 0.8173785209655762 0.8234869837760925 
vt 0.9040116667747498 0.8435606360435486 
vt 0.9028167128562927 0.8680552244186401 
vt 0.9058040380477905 0.8907575607299805 
vt 0.9080744385719299 0.912384569644928 
vt 0.9040116667747498 0.9390299320220947 
vt 0.8194099068641663 0.8955370187759399 
vt 0.8145106434822083 0.9092779159545898 
vt 0.8067435026168823 0.8931472897529602 
vt 0.8017247915267944 0.9049764275550842 
vt 0.8109258413314819 0.88179612159729 
vt 0.8227556943893433 0.8829910159111023 
vt 0.824070155620575 0.8669798970222473 
vt 0.8232337236404419 0.852522075176239 
vt 0.8208438158035278 0.8396176099777222 
vt 0.804353654384613 0.827430009841919 
vt 0.8084164261817932 0.8421267867088318 
vt 0.8116427659988403 0.8538364171981812 
vt 0.8128377199172974 0.8668603897094727 
vt 0.8170199990272522 0.6707838773727417 
vt 0.8413968086242676 0.6769971251487732 
vt 0.8160640597343445 0.6403149366378784 
vt 0.8404408097267151 0.6454528570175171 
vt 0.8413968086242676 0.5950297117233276 
vt 0.7931212186813354 0.6670798063278198 
vt 0.7918067574501038 0.6369693279266357 
vt 0.7685054540634155 0.6686331033706665 
vt 0.767071545124054 0.637805700302124 
vt 0.7436506748199463 0.6750853657722473 
vt 0.7425752282142639 0.6429436206817627 
vt 0.767071545124054 0.5947907567024231 
vt 0.7399463653564453 0.599331259727478 
vt 0.7778259515762329 0.46598485112190247 
vt 0.7561975717544556 0.46706023812294006 
vt 0.7745996713638306 0.46562638878822327 
vt 0.794913649559021 0.4665822982788086 
vt 0.7913287878036499 0.5918036103248596 
vt 0.8148691058158875 0.5921620726585388 
vt 0.8259820342063904 0.46490949392318726 
vt 0.804353654384613 0.4665822982788086 
vt 0.8086554408073425 0.46634331345558167 
vt 0.7902533411979675 0.46634331345558167 
vt 0.23556220531463623 0.7833396792411804 
vt 0.27033495903015137 0.7834591865539551 
vt 0.24297083914279938 0.8084317445755005 
vt 0.27630966901779175 0.8085511922836304 
vt 0.32135888934135437 0.8062809705734253 
vt 0.23090194165706635 0.7587255835533142 
vt 0.26615267992019653 0.7586060762405396 
vt 0.2313799113035202 0.7332750558853149 
vt 0.265555202960968 0.7331555485725403 
vt 0.23675714433193207 0.7074660658836365 
vt 0.269259512424469 0.7074660658836365 
vt 0.31610116362571716 0.734708845615387 
vt 0.32111990451812744 0.7079440355300903 
vt 0.44921746850013733 0.7362622022628784 
vt 0.4513683617115021 0.7146352529525757 
vt 0.44814202189445496 0.7333945035934448 
vt 0.4470665752887726 0.7534681558609009 
vt 0.3137112855911255 0.7581281065940857 
vt 0.3156231939792633 0.7807109951972961 
vt 0.4529218077659607 0.7890750169754028 
vt 0.44885900616645813 0.7674480676651001 
vt 0.4482615292072296 0.7704352140426636 
vt 0.4467081129550934 0.7508394718170166 
vt 0.5899814367294312 0.26178327202796936 
vt 0.5740886926651001 0.22271136939525604 
vt 0.6139997243881226 0.2319117933511734 
vt 0.6129242777824402 0.1746779978275299 
vt 0.5887864828109741 0.18841888010501862 
vt 0.5564035773277283 0.17694821953773499 
vt 0.5829312801361084 0.16332681477069855 
vt 0.5615418553352356 0.14373111724853516 
vt 0.5868745446205139 0.13333582878112793 
vt 0.5409888625144958 0.19558803737163544 
vt 0.5132662653923035 0.1949906051158905 
vt 0.5418253540992737 0.15544074773788452 
vt 0.5063356161117554 0.16225144267082214 
vt 0.5121908187866211 0.10430073738098145 
vt 0.5565230846405029 0.11612985283136368 
vt 0.6111318469047546 0.13393326103687286 
vt 0.5644096732139587 0.0874532088637352 
vt 0.6139997243881226 0.07538512349128723 
vt 0.5861576199531555 0.02436460368335247 
vt 0.5347751975059509 0.0628390982747078 
vt 0.6383764743804932 0.808670699596405 
vt 0.6086224913597107 0.7870437502861023 
vt 0.6236787438392639 0.7772458791732788 
vt 0.5961951017379761 0.7460600733757019 
vt 0.6236787438392639 0.7386519312858582 
vt 0.6590489149093628 0.7393688559532166 
vt 0.6536717414855957 0.7731833457946777 
vt 0.6873690485954285 0.7747367024421692 
vt 0.6786459684371948 0.8177516460418701 
vt 0.652357280254364 0.8018600344657898 
vt 0.6504454016685486 0.8236064314842224 
vt 0.7074440121650696 0.7132014036178589 
vt 0.7087584733963013 0.7803525328636169 
vt 0.7330157160758972 0.7134403586387634 
vt 0.7858321070671082 0.7424754500389099 
vt 0.7563170790672302 0.7829812169075012 
vt 0.7648011445999146 0.8236064314842224 
vt 0.695016622543335 0.8234869837760925 
vt 0.8235921859741211 0.7900308966636658 
vt 0.575761616230011 0.9532487392425537 
vt 0.6065911054611206 0.9569528102874756 
vt 0.6068300604820251 0.949425220489502 
vt 0.6373010277748108 0.9611348509788513 
vt 0.6247541904449463 0.9640024900436401 
vt 0.6242761611938477 0.9867048263549805 
vt 0.619615912437439 0.9792967438697815 
vt 0.5942832231521606 0.9867048263549805 
vt 0.24332931637763977 0.8825130462646484 
vt 0.2626873552799225 0.8622004389762878 
vt 0.25563719868659973 0.850729763507843 
vt 0.2814479172229767 0.8308951258659363 
vt 0.2751147150993347 0.8645901679992676 
vt 0.2951897084712982 0.872715175151825 
vt 0.2902904748916626 0.9089194536209106 
vt 0.3192079961299896 0.910592257976532 
vt 0.3193275034427643 0.8749854564666748 
vt 0.2994914948940277 0.8354355692863464 
vt 0.32243433594703674 0.8379448056221008 
vt 0.2362791746854782 0.8771361708641052 
vt 0.27069345116615295 0.9058127999305725 
vt 0.29112690687179565 0.9372376203536987 
vt 0.27571219205856323 0.9378350973129272 
vt 0.29208287596702576 0.9654363393783569 
vt 0.28061145544052124 0.9698573350906372 
vt 0.31777408719062805 0.9702157974243164 
vt 0.30630266666412354 0.9647194147109985 
vt 0.3127553462982178 0.9375960826873779 
vt 0.33223286271095276 0.9391494393348694 
vt 0.34669163823127747 0.9079635739326477 
vt 0.34669163823127747 0.8688916563987732 
vt 0.34215086698532104 0.837466835975647 
vt 0.6600049138069153 0.26763808727264404 
vt 0.6809163689613342 0.2695498764514923 
vt 0.6627532839775085 0.2529413104057312 
vt 0.6799603700637817 0.2542556822299957 
vt 0.6449486613273621 0.2500736713409424 
vt 0.6635897159576416 0.26787707209587097 
vt 0.6422002911567688 0.26250019669532776 
vt 0.6769730448722839 0.2693108916282654 
vt 0.6980040073394775 0.26763808727264404 
vt 0.6972870230674744 0.25413617491722107 
vt 0.6948971152305603 0.26763808727264404 
vt 0.7162865996360779 0.26393404603004456 
vt 0.7140161991119385 0.2540166974067688 
vt 0.7973034977912903 0.21948523819446564 
vt 0.8158250451087952 0.21972420811653137 
vt 0.7995738983154297 0.2145863175392151 
vt 0.8131961822509766 0.21506425738334656 
vt 0.7827252149581909 0.20849253237247467 
vt 0.8012468218803406 0.2196047306060791 
vt 0.7798573970794678 0.21840986609458923 
vt 0.8112843036651611 0.2196047306060791 
vt 0.8320762515068054 0.2192462682723999 
vt 0.8299253582954407 0.21040430665016174 
vt 0.8281329274177551 0.2192462682723999 
vt 0.8498808741569519 0.2203216403722763 
vt 0.8462960124015808 0.2080145925283432 
vt 0.8803518414497375 0.2855609953403473 
vt 0.8960055708885193 0.29332759976387024 
vt 0.8848925828933716 0.27695801854133606 
vt 0.898156464099884 0.28424665331840515 
vt 0.8860875368118286 0.19845570623874664 
vt 0.9023387432098389 0.2062222957611084 
vt 0.917514443397522 0.2844856381416321 
vt 0.9179924130439758 0.20598332583904266 
vt 0.9300613403320312 0.27695801854133606 
vt 0.9346020817756653 0.19761930406093597 
vt 0.9200238585472107 0.29249119758605957 
vt 0.9346020817756653 0.2848440706729889 
vt 0.5302343964576721 0.3462598919868469 
vt 0.5288004875183105 0.2764800786972046 
vt 0.5443347096443176 0.33682048320770264 
vt 0.5397939085960388 0.264411985874176 
vt 0.5443347096443176 0.33682048320770264 
vt 0.5397939085960388 0.264411985874176 
vt 0.5568815469741821 0.33789587020874023 
vt 0.5628562569618225 0.264411985874176 
vt 0.8588429093360901 0.9490667581558228 
vt 0.8592013716697693 0.9863463640213013 
vt 0.8406798243522644 0.9487082958221436 
vt 0.8410382866859436 0.9865853786468506 
vt 0.8237116932868958 0.9487082958221436 
vt 0.8238311409950256 0.9867048263549805 
vt 0.8065045475959778 0.9490667581558228 
vt 0.8066240549087524 0.9867048263549805 
vt 0.7897753715515137 0.9485887885093689 
vt 0.790014386177063 0.9865853786468506 
vt 0.26316532492637634 0.23537687957286835 
vt 0.2626873552799225 0.306471049785614 
vt 0.2251662313938141 0.23537687957286835 
vt 0.253486305475235 0.3069489896297455 
vt 0.5764786005020142 0.7729443907737732 
vt 0.5065745711326599 0.7727054357528687 
vt 0.576956570148468 0.7638634443283081 
vt 0.5069330930709839 0.7348283529281616 
vt 0.4904429018497467 0.7356647849082947 
vt 0.4904429018497467 0.7729443907737732 
vt 0.5568815469741821 0.33789587020874023 
vt 0.5628562569618225 0.264411985874176 
vt 0.5705038905143738 0.34912756085395813 
vt 0.5728937983512878 0.27803337574005127 
vt 0.9048480987548828 0.6070978045463562 
vt 0.8865655064582825 0.5793770551681519 
vt 0.9110617637634277 0.5995702147483826 
vt 0.8962445259094238 0.5740001797676086 
vt 0.8681634664535522 0.5517758131027222 
vt 0.8814272880554199 0.5485497117042542 
vt 0.860515832901001 0.5155715346336365 
vt 0.8741381168365479 0.5089998245239258 
vt 0.8509563207626343 0.48880669474601746 
vt 0.8643396496772766 0.47948676347732544 
vt 0.9029362201690674 0.4976486563682556 
vt 0.8805907964706421 0.46861356496810913 
vt 0.9139296412467957 0.5407831072807312 
vt 0.9213382601737976 0.5687428116798401 
vt 0.9287468791007996 0.5965830683708191 
vt 0.9428471922874451 0.6001676321029663 
vt 0.9386649131774902 0.5683843493461609 
vt 0.9346020817756653 0.5367205739021301 
vt 0.9225332140922546 0.4981265962123871 
vt 0.915005087852478 0.4767386019229889 
vt 0.9231306910514832 0.4872533679008484 
vt 0.9332876801490784 0.4687330424785614 
vt 0.9428471922874451 0.47255659103393555 
vt 0.9318537712097168 0.465506911277771 
vt 0.9403378367424011 0.45917415618896484 
vt 0.9128541946411133 0.4637146294116974 
vt 0.9130932092666626 0.4531998634338379 
vt 0.8831002116203308 0.449495792388916 
vt 0.7078024744987488 0.8797648549079895 
vt 0.6884444952011108 0.8550312519073486 
vt 0.6884444952011108 0.8796454071998596 
vt 0.6692059636116028 0.8797648549079895 
vt 0.670400857925415 0.8524025678634644 
vt 0.6478164792060852 0.8772556781768799 
vt 0.6433952450752258 0.8490569591522217 
vt 0.6175845265388489 0.8764192461967468 
vt 0.6156726479530334 0.8500128388404846 
vt 0.5993019342422485 0.8788089752197266 
vt 0.5971510410308838 0.8521636128425598 
vt 0.7066075801849365 0.8524025678634644 
vt 0.7291918992996216 0.8772556781768799 
vt 0.7336131930351257 0.8490569591522217 
vt 0.7594239115715027 0.8764192461967468 
vt 0.7613357901573181 0.8500128388404846 
vt 0.7775869965553284 0.8788089752197266 
vt 0.7797378897666931 0.8521636128425598 
vt 0.874018669128418 0.6311144828796387 
vt 0.8854900598526001 0.6356549859046936 
vt 0.8689998984336853 0.6632562279701233 
vt 0.8845341205596924 0.6638537049293518 
vt 0.8641006350517273 0.6952784657478333 
vt 0.8836976885795593 0.6921718716621399 
vt 0.8685219287872314 0.736501157283783 
vt 0.8885968923568726 0.7283760905265808 
vt 0.9126152396202087 0.6904990673065186 
vt 0.9061625599861145 0.6634952425956726 
vt 0.9256400465965271 0.6619418859481812 
vt 0.9111812710762024 0.6308755278587341 
vt 0.8997098803520203 0.636371910572052 
vt 0.9400988221168518 0.6931277513504028 
vt 0.9127346873283386 0.7261058688163757 
vt 0.892898678779602 0.7656557559967041 
vt 0.874855101108551 0.7701961994171143 
vt 0.8560945391654968 0.7388908863067627 
vt 0.8490443825721741 0.7503615617752075 
vt 0.8367365002632141 0.7185782790184021 
vt 0.8296864032745361 0.7239551544189453 
vt 0.9400988221168518 0.7321996688842773 
vt 0.9158415794372559 0.7631465196609497 
vt 0.9355580806732178 0.7636244893074036 
vt 0.44850051403045654 0.7710326313972473 
vt 0.44646912813186646 0.7501225471496582 
vt 0.4630787968635559 0.7682844400405884 
vt 0.4617643356323242 0.7510784268379211 
vt 0.46594664454460144 0.7860878705978394 
vt 0.44814202189445496 0.7674480676651001 
vt 0.4535192549228668 0.7889555096626282 
vt 0.4467081129550934 0.7541850805282593 
vt 0.4483810365200043 0.7331555485725403 
vt 0.46200335025787354 0.733752965927124 
vt 0.4621228277683258 0.7170249223709106 
vt 0.4522048234939575 0.7147547006607056 
vt 0.4483810365200043 0.7361426949501038 
vt 0.8087749481201172 0.4662238359451294 
vt 0.7901338338851929 0.46634331345558167 
vt 0.8063850402832031 0.4612054228782654 
vt 0.7928822040557861 0.46168336272239685 
vt 0.8233531713485718 0.4552311301231384 
vt 0.8048316240310669 0.46634331345558167 
vt 0.8262210488319397 0.4651484489440918 
vt 0.7947941422462463 0.4662238359451294 
vt 0.774002194404602 0.46598485112190247 
vt 0.7761530876159668 0.45702341198921204 
vt 0.7596628665924072 0.45475319027900696 
vt 0.7561975717544556 0.46706023812294006 
vt 0.7778259515762329 0.46598485112190247 
vt 0.8885968923568726 0.3246329128742218 
vt 0.9042506217956543 0.31686633825302124 
vt 0.8931376934051514 0.33311644196510315 
vt 0.9062820076942444 0.32582777738571167 
vt 0.8942131400108337 0.41173821687698364 
vt 0.910464346408844 0.4038521349430084 
vt 0.9257595539093018 0.32558882236480713 
vt 0.9262375235557556 0.4042105972766876 
vt 0.938306450843811 0.3332359194755554 
vt 0.9428471922874451 0.41245514154434204 
vt 0.9282689094543457 0.31758323311805725 
vt 0.9428471922874451 0.32523036003112793 
vt 0.12610571086406708 0.043721336871385574 
vt 0.05369234085083008 0.03918086737394333 
vt 0.11403681337833405 0.054833535104990005 
vt 0.044252313673496246 0.053280215710401535 
vt 0.12610571086406708 0.020660538226366043 
vt 0.052616894245147705 0.026634838432073593 
vt 0.12610571086406708 0.043721336871385574 
vt 0.05369234085083008 0.03918086737394333 
vt 0.17748811841011047 0.9515759348869324 
vt 0.17724913358688354 0.9894530177116394 
vt 0.19397829473018646 0.9513369798660278 
vt 0.19397829473018646 0.9889751076698303 
vt 0.2113049328327179 0.9513369798660278 
vt 0.21118542551994324 0.9893335103988647 
vt 0.22851206362247467 0.9514564871788025 
vt 0.22815358638763428 0.9893335103988647 
vt 0.24667514860630035 0.951695442199707 
vt 0.24631667137145996 0.9889751076698303 
vt 0.5711013674736023 0.9119065999984741 
vt 0.6426782608032227 0.9401053190231323 
vt 0.5715793371200562 0.9025866985321045 
vt 0.6426782608032227 0.9022282361984253 
vt 0.6813943386077881 0.9401053190231323 
vt 0.7511788010597229 0.9399858117103577 
vt 0.6809163689613342 0.9311438798904419 
vt 0.7508203387260437 0.9021087884902954 
vt 0.7674300074577332 0.902825653553009 
vt 0.7674300074577332 0.9401053190231323 
vt 0.11248338967561722 0.010743199847638607 
vt 0.04138445854187012 0.013132919557392597 
vt 0.12610571086406708 0.020660538226366043 
vt 0.052616894245147705 0.026634838432073593 
vt 0.14092296361923218 0.4123356342315674 
vt 0.16099795699119568 0.436949759721756 
vt 0.1685260683298111 0.4307364821434021 
vt 0.161595419049263 0.4687330424785614 
vt 0.1355457305908203 0.42213350534439087 
vt 0.1132003515958786 0.3940542936325073 
vt 0.10997401177883148 0.4071977436542511 
vt 0.07711316645145416 0.38640719652175903 
vt 0.07054099440574646 0.4000285863876343 
vt 0.05022701248526573 0.3767288327217102 
vt 0.04090648144483566 0.3902307450771332 
vt 0.059069570153951645 0.42870521545410156 
vt 0.030032528564333916 0.4064808189868927 
vt 0.10220690071582794 0.4396979510784149 
vt 0.13016849756240845 0.4471060633659363 
vt 0.15813009440898895 0.4546336829662323 
vt 0.12992951273918152 0.46455103158950806 
vt 0.09814410656690598 0.4603690207004547 
vt 0.0595475472509861 0.44830092787742615 
vt 0.038158118724823 0.4408927857875824 
vt 0.0486735925078392 0.44901785254478455 
vt 0.03015202283859253 0.4590546786785126 
vt 0.03409532457590103 0.4687330424785614 
vt 0.02692568488419056 0.4576208293437958 
vt 0.020592501387000084 0.4661043584346771 
vt 0.025252768769860268 0.4387420415878296 
vt 0.014617801643908024 0.43886154890060425 
vt 0.011032981798052788 0.4089900255203247 
vt 0.5579569935798645 0.3782821297645569 
vt 0.5408693552017212 0.3768483102321625 
vt 0.5697869062423706 0.3656166195869446 
vt 0.5296369194984436 0.3623904883861542 
vt 0.5705038905143738 0.34912756085395813 
vt 0.5302343964576721 0.3462598919868469 
vt 0.5568815469741821 0.33789587020874023 
vt 0.5443347096443176 0.33682048320770264 
vt 0.0122279217466712 0.025678949430584908 
vt 0.024894285947084427 0.013849835842847824 
vt 0.013661850243806839 0.04276544973254204 
vt 0.028120623901486397 0.05387764424085617 
vt 0.04138445854187012 0.013132919557392597 
vt 0.044252313673496246 0.053280215710401535 
vt 0.052616894245147705 0.026634838432073593 
vt 0.05369234085083008 0.03918086737394333 
s on 
f 1/1/1 2/2/2 3/3/3 
f 2/2/2 2/2/2 3/3/3 
f 3/3/3 2/2/2 4/4/4 
f 2/2/2 5/5/5 4/4/4 
f 4/4/4 5/5/5 6/6/6 
f 5/5/5 7/7/7 6/6/6 
f 6/6/6 7/7/7 8/8/8 
f 7/7/7 7/7/7 8/8/8 
f 8/8/8 7/7/7 9/9/9 
f 7/7/7 7/7/7 9/9/9 
f 9/9/9 7/7/7 10/10/10 
f 7/7/7 11/11/11 10/10/10 
f 10/10/10 11/11/11 12/12/12 
f 11/11/11 13/13/13 12/12/12 
f 12/12/12 13/13/13 14/14/14 
f 13/13/13 14/14/14 14/14/14 
f 14/14/14 14/14/14 2/2/2 
f 14/14/14 2/2/2 2/2/2 
f 2/2/2 2/2/2 5/5/5 
f 2/2/2 11/11/11 5/5/5 
f 5/5/5 11/11/11 7/7/7 
f 11/11/11 7/7/7 7/7/7 
f 7/7/7 7/7/7 12/12/12 
f 7/7/7 12/12/12 12/12/12 
f 12/12/12 12/12/12 10/10/10 
f 12/12/12 15/15/15 10/10/10 
f 10/10/10 15/15/15 10/10/10 
f 15/15/15 16/16/16 10/10/10 
f 10/10/10 16/16/16 9/9/9 
f 16/16/16 16/16/16 9/9/9 
f 9/9/9 16/16/16 17/17/17 
f 16/16/16 18/18/18 17/17/17 
f 17/17/17 18/18/18 18/18/18 
f 18/18/18 9/9/9 18/18/18 
f 18/18/18 9/9/9 9/9/9 
f 9/9/9 19/19/19 9/9/9 
f 9/9/9 19/19/19 8/8/8 
f 19/19/19 20/20/20 8/8/8 
f 8/8/8 20/20/20 6/6/6 
f 20/20/20 6/6/6 6/6/6 
f 6/6/6 6/6/6 21/21/21 
f 6/6/6 21/21/21 21/21/21 
f 21/21/21 21/21/21 19/19/19 
f 21/21/21 22/22/22 19/19/19 
f 19/19/19 22/22/22 20/20/20 
f 22/22/22 23/23/23 20/20/20 
f 20/20/20 23/23/23 24/24/24 
f 23/23/23 25/25/25 24/24/24 
f 24/24/24 25/25/25 24/24/24 
f 25/25/25 26/26/26 24/24/24 
f 24/24/24 26/26/26 24/24/24 
f 26/26/26 27/27/27 24/24/24 
f 24/24/24 27/27/27 28/28/28 
f 27/27/27 29/29/29 28/28/28 
f 28/28/28 29/29/29 28/28/28 
f 29/29/29 30/30/30 28/28/28 
f 28/28/28 30/30/30 28/28/28 
f 30/30/30 3/3/3 28/28/28 
f 28/28/28 3/3/3 28/28/28 
f 3/3/3 4/4/4 28/28/28 
f 28/28/28 4/4/4 24/24/24 
f 4/4/4 6/6/6 24/24/24 
f 24/24/24 6/6/6 20/20/20 
f 6/6/6 20/20/20 20/20/20 
f 20/20/20 20/20/20 22/22/22 
f 20/20/20 22/22/22 22/22/22 
f 22/22/22 22/22/22 23/23/23 
f 22/22/22 31/31/31 23/23/23 
f 23/23/23 31/31/31 23/23/23 
f 31/31/31 32/32/32 23/23/23 
f 23/23/23 32/32/32 25/25/25 
f 32/32/32 25/25/25 25/25/25 
f 25/25/25 25/25/25 33/33/33 
f 25/25/25 33/33/33 33/33/33 
f 33/33/33 33/33/33 34/34/34 
f 33/33/33 35/35/35 34/34/34 
f 34/34/34 35/35/35 34/34/34 
f 35/35/35 36/36/36 34/34/34 
f 34/34/34 36/36/36 37/37/37 
f 36/36/36 37/37/37 37/37/37 
f 37/37/37 37/37/37 33/33/33 
f 37/37/37 33/33/33 33/33/33 
f 33/33/33 33/33/33 35/35/35 
f 33/33/33 38/38/38 35/35/35 
f 35/35/35 38/38/38 39/39/39 
f 38/38/38 40/40/40 39/39/39 
f 39/39/39 40/40/40 41/41/41 
f 40/40/40 42/42/42 41/41/41 
f 41/41/41 42/42/42 41/41/41 
f 42/42/42 43/43/43 41/41/41 
f 41/41/41 43/43/43 44/44/44 
f 43/43/43 43/43/43 44/44/44 
f 44/44/44 43/43/43 45/45/45 
f 43/43/43 46/46/46 45/45/45 
f 45/45/45 46/46/46 47/47/47 
f 46/46/46 48/48/48 47/47/47 
f 47/47/47 48/48/48 48/48/48 
f 48/48/48 42/42/42 48/48/48 
f 48/48/48 42/42/42 42/42/42 
f 42/42/42 40/40/40 42/42/42 
f 42/42/42 40/40/40 49/49/49 
f 40/40/40 49/49/49 49/49/49 
f 49/49/49 49/49/49 45/45/45 
f 49/49/49 45/45/45 45/45/45 
f 45/45/45 45/45/45 50/50/50 
f 45/45/45 47/47/47 50/50/50 
f 50/50/50 47/47/47 50/50/50 
f 47/47/47 51/51/51 50/50/50 
f 50/50/50 51/51/51 52/52/52 
f 51/51/51 53/53/53 52/52/52 
f 52/52/52 53/53/53 52/52/52 
f 53/53/53 54/54/54 52/52/52 
f 52/52/52 54/54/54 55/55/55 
f 54/54/54 56/56/56 55/55/55 
f 55/55/55 56/56/56 57/57/57 
f 56/56/56 56/56/56 57/57/57 
f 57/57/57 56/56/56 58/58/58 
f 56/56/56 59/59/59 58/58/58 
f 58/58/58 59/59/59 59/59/59 
f 59/59/59 57/57/57 59/59/59 
f 59/59/59 57/57/57 57/57/57 
f 57/57/57 60/60/60 57/57/57 
f 57/57/57 60/60/60 55/55/55 
f 60/60/60 61/61/61 55/55/55 
f 55/55/55 61/61/61 52/52/52 
f 61/61/61 62/62/62 52/52/52 
f 52/52/52 62/62/62 50/50/50 
f 62/62/62 63/63/63 50/50/50 
f 50/50/50 63/63/63 45/45/45 
f 63/63/63 63/63/63 45/45/45 
f 45/45/45 63/63/63 44/44/44 
f 63/63/63 63/63/63 44/44/44 
f 44/44/44 63/63/63 41/41/41 
f 63/63/63 63/63/63 41/41/41 
f 41/41/41 63/63/63 39/39/39 
f 63/63/63 62/62/62 39/39/39 
f 39/39/39 62/62/62 35/35/35 
f 62/62/62 61/61/61 35/35/35 
f 35/35/35 61/61/61 36/36/36 
f 61/61/61 60/60/60 36/36/36 
f 36/36/36 60/60/60 36/36/36 
f 60/60/60 64/64/64 36/36/36 
f 36/36/36 64/64/64 37/37/37 
f 64/64/64 65/65/65 37/37/37 
f 37/37/37 65/65/65 66/66/66 
f 65/65/65 66/66/66 66/66/66 
f 66/66/66 66/66/66 67/67/67 
f 66/66/66 67/67/67 67/67/67 
f 67/67/67 67/67/67 68/68/68 
f 67/67/67 69/69/69 68/68/68 
f 68/68/68 69/69/69 70/70/70 
f 69/69/69 71/71/71 70/70/70 
f 70/70/70 71/71/71 72/72/72 
f 71/71/71 73/73/73 72/72/72 
f 72/72/72 73/73/73 74/74/74 
f 73/73/73 75/75/75 74/74/74 
f 74/74/74 75/75/75 76/76/76 
f 75/75/75 77/77/77 76/76/76 
f 76/76/76 77/77/77 78/78/78 
f 77/77/77 79/79/79 78/78/78 
f 78/78/78 79/79/79 80/80/80 
f 79/79/79 81/81/81 80/80/80 
f 80/80/80 81/81/81 82/82/82 
f 81/81/81 82/82/82 82/82/82 
f 82/82/82 82/82/82 69/69/69 
f 82/82/82 69/69/69 69/69/69 
f 69/69/69 69/69/69 83/83/83 
f 69/69/69 67/67/67 83/83/83 
f 83/83/83 67/67/67 67/67/67 
f 67/67/67 81/81/81 67/67/67 
f 67/67/67 81/81/81 81/81/81 
f 81/81/81 79/79/79 81/81/81 
f 81/81/81 79/79/79 84/84/84 
f 79/79/79 85/85/85 84/84/84 
f 84/84/84 85/85/85 86/86/86 
f 85/85/85 87/87/87 86/86/86 
f 86/86/86 87/87/87 88/88/88 
f 87/87/87 71/71/71 88/88/88 
f 88/88/88 71/71/71 69/69/69 
f 71/71/71 69/69/69 69/69/69 
f 69/69/69 69/69/69 79/79/79 
f 69/69/69 79/79/79 79/79/79 
f 79/79/79 79/79/79 85/85/85 
f 79/79/79 77/77/77 85/85/85 
f 85/85/85 77/77/77 85/85/85 
f 77/77/77 75/75/75 85/85/85 
f 85/85/85 75/75/75 87/87/87 
f 75/75/75 73/73/73 87/87/87 
f 87/87/87 73/73/73 71/71/71 
f 73/73/73 71/71/71 71/71/71 
f 71/71/71 71/71/71 88/88/88 
f 71/71/71 88/88/88 88/88/88 
f 88/88/88 88/88/88 86/86/86 
f 88/88/88 89/89/89 86/86/86 
f 86/86/86 89/89/89 90/90/90 
f 89/89/89 90/90/90 90/90/90 
f 90/90/90 90/90/90 89/89/89 
f 90/90/90 89/89/89 89/89/89 
f 89/89/89 89/89/89 91/91/91 
f 89/89/89 88/88/88 91/91/91 
f 91/91/91 88/88/88 91/91/91 
f 88/88/88 69/69/69 91/91/91 
f 91/91/91 69/69/69 91/91/91 
f 69/69/69 83/83/83 91/91/91 
f 91/91/91 83/83/83 91/91/91 
f 83/83/83 92/92/92 91/91/91 
f 91/91/91 92/92/92 93/93/93 
f 92/92/92 94/94/94 93/93/93 
f 93/93/93 94/94/94 93/93/93 
f 94/94/94 95/95/95 93/93/93 
f 93/93/93 95/95/95 89/89/89 
f 95/95/95 95/95/95 89/89/89 
f 89/89/89 95/95/95 90/90/90 
f 95/95/95 96/96/96 90/90/90 
f 90/90/90 96/96/96 97/97/97 
f 96/96/96 97/97/97 97/97/97 
f 97/97/97 97/97/97 89/89/89 
f 97/97/97 89/89/89 89/89/89 
f 89/89/89 89/89/89 93/93/93 
f 89/89/89 91/91/91 93/93/93 
f 93/93/93 91/91/91 91/91/91 
f 91/91/91 92/92/92 91/91/91 
f 91/91/91 92/92/92 92/92/92 
f 92/92/92 98/98/98 92/92/92 
f 92/92/92 98/98/98 94/94/94 
f 98/98/98 99/99/99 94/94/94 
f 94/94/94 99/99/99 100/100/100 
f 99/99/99 101/101/101 100/100/100 
f 100/100/100 101/101/101 100/100/100 
f 101/101/101 102/102/102 100/100/100 
f 100/100/100 102/102/102 96/96/96 
f 102/102/102 103/103/103 96/96/96 
f 96/96/96 103/103/103 97/97/97 
f 103/103/103 97/97/97 97/97/97 
f 97/97/97 97/97/97 96/96/96 
f 97/97/97 96/96/96 96/96/96 
f 96/96/96 96/96/96 100/100/100 
f 96/96/96 95/95/95 100/100/100 
f 100/100/100 95/95/95 94/94/94 
f 95/95/95 94/94/94 94/94/94 
f 94/94/94 94/94/94 98/98/98 
f 94/94/94 98/98/98 98/98/98 
f 98/98/98 98/98/98 99/99/99 
f 98/98/98 104/104/104 99/99/99 
f 99/99/99 104/104/104 99/99/99 
f 104/104/104 105/105/105 99/99/99 
f 99/99/99 105/105/105 99/99/99 
f 105/105/105 106/106/106 99/99/99 
f 99/99/99 106/106/106 101/101/101 
f 106/106/106 101/101/101 101/101/101 
f 101/101/101 101/101/101 102/102/102 
f 101/101/101 102/102/102 102/102/102 
f 102/102/102 102/102/102 103/103/103 
f 102/102/102 107/107/107 103/103/103 
f 103/103/103 107/107/107 103/103/103 
f 107/107/107 108/108/108 103/103/103 
f 103/103/103 108/108/108 103/103/103 
f 108/108/108 109/109/109 103/103/103 
f 103/103/103 109/109/109 97/97/97 
f 109/109/109 110/110/110 97/97/97 
f 97/97/97 110/110/110 110/110/110 
f 110/110/110 111/111/111 110/110/110 
f 110/110/110 111/111/111 111/111/111 
f 111/111/111 112/112/112 111/111/111 
f 111/111/111 112/112/112 113/113/113 
f 112/112/112 114/114/114 113/113/113 
f 113/113/113 114/114/114 115/115/115 
f 114/114/114 115/115/115 115/115/115 
f 115/115/115 115/115/115 111/111/111 
f 115/115/115 111/111/111 111/111/111 
f 111/111/111 111/111/111 112/112/112 
f 111/111/111 116/116/116 112/112/112 
f 112/112/112 116/116/116 112/112/112 
f 116/116/116 117/117/117 112/112/112 
f 112/112/112 117/117/117 112/112/112 
f 117/117/117 118/118/118 112/112/112 
f 112/112/112 118/118/118 119/119/119 
f 118/118/118 120/120/120 119/119/119 
f 119/119/119 120/120/120 121/121/121 
f 120/120/120 122/122/122 121/121/121 
f 121/121/121 122/122/122 121/121/121 
f 122/122/122 123/123/123 121/121/121 
f 121/121/121 123/123/123 124/124/124 
f 123/123/123 125/125/125 124/124/124 
f 124/124/124 125/125/125 125/125/125 
f 125/125/125 112/112/112 125/125/125 
f 125/125/125 112/112/112 112/112/112 
f 112/112/112 119/119/119 112/112/112 
f 112/112/112 119/119/119 114/114/114 
f 119/119/119 126/126/126 114/114/114 
f 114/114/114 126/126/126 127/127/127 
f 126/126/126 126/126/126 127/127/127 
f 127/127/127 126/126/126 128/128/128 
f 126/126/126 124/124/124 128/128/128 
f 128/128/128 124/124/124 129/129/129 
f 124/124/124 125/125/125 129/129/129 
f 129/129/129 125/125/125 129/129/129 
f 125/125/125 130/130/130 129/129/129 
f 129/129/129 130/130/130 131/131/131 
f 130/130/130 132/132/132 131/131/131 
f 131/131/131 132/132/132 132/132/132 
f 132/132/132 124/124/124 132/132/132 
f 132/132/132 124/124/124 124/124/124 
f 124/124/124 126/126/126 124/124/124 
f 124/124/124 126/126/126 121/121/121 
f 126/126/126 119/119/119 121/121/121 
f 121/121/121 119/119/119 119/119/119 
f 119/119/119 114/114/114 119/119/119 
f 119/119/119 114/114/114 114/114/114 
f 114/114/114 127/127/127 114/114/114 
f 114/114/114 127/127/127 115/115/115 
f 127/127/127 133/133/133 115/115/115 
f 115/115/115 133/133/133 134/134/134 
f 133/133/133 133/133/133 134/134/134 
f 134/134/134 133/133/133 135/135/135 
f 133/133/133 136/136/136 135/135/135 
f 135/135/135 136/136/136 137/137/137 
f 136/136/136 136/136/136 137/137/137 
f 137/137/137 136/136/136 138/138/138 
f 136/136/136 136/136/136 138/138/138 
f 138/138/138 136/136/136 139/139/139 
f 136/136/136 140/140/140 139/139/139 
f 139/139/139 140/140/140 131/131/131 
f 140/140/140 140/140/140 131/131/131 
f 131/131/131 140/140/140 129/129/129 
f 140/140/140 140/140/140 129/129/129 
f 129/129/129 140/140/140 128/128/128 
f 140/140/140 133/133/133 128/128/128 
f 128/128/128 133/133/133 127/127/127 
f 133/133/133 127/127/127 127/127/127 
f 127/127/127 127/127/127 136/136/136 
f 127/127/127 136/136/136 136/136/136 
f 136/136/136 136/136/136 140/140/140 
f 136/136/136 133/133/133 140/140/140 
f 140/140/140 133/133/133 133/133/133 
f 133/133/133 141/141/141 133/133/133 
f 133/133/133 141/141/141 141/141/141 
f 141/141/141 142/142/142 141/141/141 
f 141/141/141 142/142/142 143/143/143 
f 142/142/142 144/144/144 143/143/143 
f 143/143/143 144/144/144 132/132/132 
f 144/144/144 144/144/144 132/132/132 
f 132/132/132 144/144/144 131/131/131 
f 144/144/144 144/144/144 131/131/131 
f 131/131/131 144/144/144 139/139/139 
f 144/144/144 145/145/145 139/139/139 
f 139/139/139 145/145/145 138/138/138 
f 145/145/145 138/138/138 138/138/138 
f 138/138/138 138/138/138 145/145/145 
f 138/138/138 145/145/145 145/145/145 
f 145/145/145 145/145/145 142/142/142 
f 145/145/145 144/144/144 142/142/142 
f 142/142/142 144/144/144 144/144/144 
f 144/144/144 146/146/146 144/144/144 
f 144/144/144 146/146/146 146/146/146 
f 146/146/146 147/147/147 146/146/146 
f 146/146/146 147/147/147 148/148/148 
f 147/147/147 149/149/149 148/148/148 
f 148/148/148 149/149/149 149/149/149 
f 149/149/149 146/146/146 149/149/149 
f 149/149/149 146/146/146 146/146/146 
f 146/146/146 148/148/148 146/146/146 
f 146/146/146 148/148/148 150/150/150 
f 148/148/148 151/151/151 150/150/150 
f 150/150/150 151/151/151 152/152/152 
f 151/151/151 153/153/153 152/152/152 
f 152/152/152 153/153/153 154/154/154 
f 153/153/153 153/153/153 154/154/154 
f 154/154/154 153/153/153 155/155/155 
f 153/153/153 153/153/153 155/155/155 
f 155/155/155 153/153/153 156/156/156 
f 153/153/153 153/153/153 156/156/156 
f 156/156/156 153/153/153 157/157/157 
f 153/153/153 158/158/158 157/157/157 
f 157/157/157 158/158/158 159/159/159 
f 158/158/158 159/159/159 159/159/159 
f 159/159/159 159/159/159 153/153/153 
f 159/159/159 153/153/153 153/153/153 
f 153/153/153 153/153/153 158/158/158 
f 153/153/153 151/151/151 158/158/158 
f 158/158/158 151/151/151 160/160/160 
f 151/151/151 148/148/148 160/160/160 
f 160/160/160 148/148/148 161/161/161 
f 148/148/148 149/149/149 161/161/161 
f 161/161/161 149/149/149 162/162/162 
f 149/149/149 147/147/147 162/162/162 
f 162/162/162 147/147/147 163/163/163 
f 147/147/147 164/164/164 163/163/163 
f 163/163/163 164/164/164 163/163/163 
f 164/164/164 165/165/165 163/163/163 
f 163/163/163 165/165/165 163/163/163 
f 165/165/165 166/166/166 163/163/163 
f 163/163/163 166/166/166 167/167/167 
f 166/166/166 168/168/168 167/167/167 
f 167/167/167 168/168/168 168/168/168 
f 168/168/168 163/163/163 168/168/168 
f 168/168/168 163/163/163 163/163/163 
f 163/163/163 167/167/167 163/163/163 
f 163/163/163 167/167/167 162/162/162 
f 167/167/167 169/169/169 162/162/162 
f 162/162/162 169/169/169 162/162/162 
f 169/169/169 170/170/170 162/162/162 
f 162/162/162 170/170/170 161/161/161 
f 170/170/170 171/171/171 161/161/161 
f 161/161/161 171/171/171 160/160/160 
f 171/171/171 172/172/172 160/160/160 
f 160/160/160 172/172/172 158/158/158 
f 172/172/172 172/172/172 158/158/158 
f 158/158/158 172/172/172 159/159/159 
f 172/172/172 172/172/172 159/159/159 
f 159/159/159 172/172/172 173/173/173 
f 172/172/172 172/172/172 173/173/173 
f 173/173/173 172/172/172 174/174/174 
f 172/172/172 171/171/171 174/174/174 
f 174/174/174 171/171/171 175/175/175 
f 171/171/171 170/170/170 175/175/175 
f 175/175/175 170/170/170 176/176/176 
f 170/170/170 169/169/169 176/176/176 
f 176/176/176 169/169/169 177/177/177 
f 169/169/169 167/167/167 177/177/177 
f 177/177/177 167/167/167 178/178/178 
f 167/167/167 167/167/167 178/178/178 
f 178/178/178 167/167/167 179/179/179 
f 167/167/167 168/168/168 179/179/179 
f 179/179/179 168/168/168 180/180/180 
f 168/168/168 181/181/181 180/180/180 
f 180/180/180 181/181/181 182/182/182 
f 181/181/181 183/183/183 182/182/182 
f 182/182/182 183/183/183 184/184/184 
f 183/183/183 184/184/184 184/184/184 
f 184/184/184 184/184/184 168/168/168 
f 184/184/184 168/168/168 168/168/168 
f 168/168/168 168/168/168 181/181/181 
f 168/168/168 166/166/166 181/181/181 
f 181/181/181 166/166/166 185/185/185 
f 166/166/166 186/186/186 185/185/185 
f 185/185/185 186/186/186 187/187/187 
f 186/186/186 165/165/165 187/187/187 
f 187/187/187 165/165/165 187/187/187 
f 165/165/165 188/188/188 187/187/187 
f 187/187/187 188/188/188 187/187/187 
f 188/188/188 189/189/189 187/187/187 
f 187/187/187 189/189/189 190/190/190 
f 189/189/189 191/191/191 190/190/190 
f 190/190/190 191/191/191 192/192/192 
f 191/191/191 193/193/193 192/192/192 
f 192/192/192 193/193/193 192/192/192 
f 193/193/193 194/194/194 192/192/192 
f 192/192/192 194/194/194 192/192/192 
f 194/194/194 195/195/195 192/192/192 
f 192/192/192 195/195/195 192/192/192 
f 195/195/195 196/196/196 192/192/192 
f 192/192/192 196/196/196 197/197/197 
f 196/196/196 198/198/198 197/197/197 
f 197/197/197 198/198/198 198/198/198 
f 198/198/198 181/181/181 198/198/198 
f 198/198/198 181/181/181 181/181/181 
f 181/181/181 185/185/185 181/181/181 
f 181/181/181 185/185/185 183/183/183 
f 185/185/185 199/199/199 183/183/183 
f 183/183/183 199/199/199 200/200/200 
f 199/199/199 197/197/197 200/200/200 
f 200/200/200 197/197/197 200/200/200 
f 197/197/197 198/198/198 200/200/200 
f 200/200/200 198/198/198 200/200/200 
f 198/198/198 201/201/201 200/200/200 
f 200/200/200 201/201/201 200/200/200 
f 201/201/201 184/184/184 200/200/200 
f 200/200/200 184/184/184 183/183/183 
f 184/184/184 183/183/183 183/183/183 
f 183/183/183 183/183/183 166/166/166 
f 183/183/183 166/166/166 166/166/166 
f 166/166/166 166/166/166 186/186/186 
f 166/166/166 165/165/165 186/186/186 
f 186/186/186 165/165/165 165/165/165 
f 165/165/165 192/192/192 165/165/165 
f 165/165/165 192/192/192 192/192/192 
f 192/192/192 197/197/197 192/192/192 
f 192/192/192 197/197/197 190/190/190 
f 197/197/197 199/199/199 190/190/190 
f 190/190/190 199/199/199 187/187/187 
f 199/199/199 185/185/185 187/187/187 
f 187/187/187 185/185/185 185/185/185 
f 185/185/185 202/202/202 185/185/185 
f 185/185/185 202/202/202 202/202/202 
f 202/202/202 203/203/203 202/202/202 
f 202/202/202 203/203/203 204/204/204 
f 203/203/203 203/203/203 204/204/204 
f 204/204/204 203/203/203 205/205/205 
f 203/203/203 206/206/206 205/205/205 
f 205/205/205 206/206/206 207/207/207 
f 206/206/206 206/206/206 207/207/207 
f 207/207/207 206/206/206 208/208/208 
f 206/206/206 206/206/206 208/208/208 
f 208/208/208 206/206/206 209/209/209 
f 206/206/206 206/206/206 209/209/209 
f 209/209/209 206/206/206 210/210/210 
f 206/206/206 211/211/211 210/210/210 
f 210/210/210 211/211/211 210/210/210 
f 211/211/211 212/212/212 210/210/210 
f 210/210/210 212/212/212 213/213/213 
f 212/212/212 212/212/212 213/213/213 
f 213/213/213 212/212/212 214/214/214 
f 212/212/212 212/212/212 214/214/214 
f 214/214/214 212/212/212 215/215/215 
f 212/212/212 216/216/216 215/215/215 
f 215/215/215 216/216/216 217/217/217 
f 216/216/216 218/218/218 217/217/217 
f 217/217/217 218/218/218 219/219/219 
f 218/218/218 219/219/219 219/219/219 
f 219/219/219 219/219/219 206/206/206 
f 219/219/219 206/206/206 206/206/206 
f 206/206/206 206/206/206 211/211/211 
f 206/206/206 203/203/203 211/211/211 
f 211/211/211 203/203/203 220/220/220 
f 203/203/203 221/221/221 220/220/220 
f 220/220/220 221/221/221 222/222/222 
f 221/221/221 222/222/222 222/222/222 
f 222/222/222 222/222/222 211/211/211 
f 222/222/222 211/211/211 211/211/211 
f 211/211/211 211/211/211 212/212/212 
f 211/211/211 220/220/220 212/212/212 
f 212/212/212 220/220/220 216/216/216 
f 220/220/220 223/223/223 216/216/216 
f 216/216/216 223/223/223 224/224/224 
f 223/223/223 224/224/224 224/224/224 
f 224/224/224 224/224/224 225/225/225 
f 224/224/224 225/225/225 225/225/225 
f 225/225/225 225/225/225 226/226/226 
f 225/225/225 227/227/227 226/226/226 
f 226/226/226 227/227/227 228/228/228 
f 227/227/227 229/229/229 228/228/228 
f 228/228/228 229/229/229 230/230/230 
f 229/229/229 231/231/231 230/230/230 
f 230/230/230 231/231/231 230/230/230 
f 231/231/231 232/232/232 230/230/230 
f 230/230/230 232/232/232 233/233/233 
f 232/232/232 234/234/234 233/233/233 
f 233/233/233 234/234/234 235/235/235 
f 234/234/234 236/236/236 235/235/235 
f 235/235/235 236/236/236 235/235/235 
f 236/236/236 237/237/237 235/235/235 
f 235/235/235 237/237/237 235/235/235 
f 237/237/237 238/238/238 235/235/235 
f 235/235/235 238/238/238 235/235/235 
f 238/238/238 239/239/239 235/235/235 
f 235/235/235 239/239/239 235/235/235 
f 239/239/239 240/240/240 235/235/235 
f 235/235/235 240/240/240 233/233/233 
f 240/240/240 241/241/241 233/233/233 
f 233/233/233 241/241/241 230/230/230 
f 241/241/241 241/241/241 230/230/230 
f 230/230/230 241/241/241 228/228/228 
f 241/241/241 242/242/242 228/228/228 
f 228/228/228 242/242/242 243/243/243 
f 242/242/242 243/243/243 243/243/243 
f 243/243/243 243/243/243 244/244/244 
f 243/243/243 244/244/244 244/244/244 
f 244/244/244 244/244/244 245/245/245 
f 244/244/244 241/241/241 245/245/245 
f 245/245/245 241/241/241 240/240/240 
f 241/241/241 240/240/240 240/240/240 
f 240/240/240 240/240/240 239/239/239 
f 240/240/240 239/239/239 239/239/239 
f 239/239/239 239/239/239 240/240/240 
f 239/239/239 246/246/246 240/240/240 
f 240/240/240 246/246/246 247/247/247 
f 246/246/246 247/247/247 247/247/247 
f 247/247/247 247/247/247 248/248/248 
f 247/247/247 248/248/248 248/248/248 
f 248/248/248 248/248/248 249/249/249 
f 248/248/248 250/250/250 249/249/249 
f 249/249/249 250/250/250 251/251/251 
f 250/250/250 252/252/252 251/251/251 
f 251/251/251 252/252/252 253/253/253 
f 252/252/252 254/254/254 253/253/253 
f 253/253/253 254/254/254 254/254/254 
f 254/254/254 248/248/248 254/254/254 
f 254/254/254 248/248/248 248/248/248 
f 248/248/248 249/249/249 248/248/248 
f 248/248/248 249/249/249 255/255/255 
f 249/249/249 256/256/256 255/255/255 
f 255/255/255 256/256/256 257/257/257 
f 256/256/256 256/256/256 257/257/257 
f 257/257/257 256/256/256 258/258/258 
f 256/256/256 259/259/259 258/258/258 
f 258/258/258 259/259/259 260/260/260 
f 259/259/259 260/260/260 260/260/260 
f 260/260/260 260/260/260 259/259/259 
f 260/260/260 259/259/259 259/259/259 
f 259/259/259 259/259/259 261/261/261 
f 259/259/259 256/256/256 261/261/261 
f 261/261/261 256/256/256 261/261/261 
f 256/256/256 249/249/249 261/261/261 
f 261/261/261 249/249/249 262/262/262 
f 249/249/249 251/251/251 262/262/262 
f 262/262/262 251/251/251 262/262/262 
f 251/251/251 253/253/253 262/262/262 
f 262/262/262 253/253/253 262/262/262 
f 253/253/253 254/254/254 262/262/262 
f 262/262/262 254/254/254 262/262/262 
f 254/254/254 263/263/263 262/262/262 
f 262/262/262 263/263/263 262/262/262 
f 263/263/263 264/264/264 262/262/262 
f 262/262/262 264/264/264 265/265/265 
f 264/264/264 266/266/266 265/265/265 
f 265/265/265 266/266/266 267/267/267 
f 266/266/266 266/266/266 267/267/267 
f 267/267/267 266/266/266 268/268/268 
f 266/266/266 269/269/269 268/268/268 
f 268/268/268 269/269/269 268/268/268 
f 269/269/269 270/270/270 268/268/268 
f 268/268/268 270/270/270 271/271/271 
f 270/270/270 270/270/270 271/271/271 
f 271/271/271 270/270/270 272/272/272 
f 270/270/270 273/273/273 272/272/272 
f 272/272/272 273/273/273 274/274/274 
f 273/273/273 275/275/275 274/274/274 
f 274/274/274 275/275/275 276/276/276 
f 275/275/275 277/277/277 276/276/276 
f 276/276/276 277/277/277 276/276/276 
f 277/277/277 278/278/278 276/276/276 
f 276/276/276 278/278/278 276/276/276 
f 278/278/278 279/279/279 276/276/276 
f 276/276/276 279/279/279 276/276/276 
f 279/279/279 280/280/280 276/276/276 
f 276/276/276 280/280/280 281/281/281 
f 280/280/280 282/282/282 281/281/281 
f 281/281/281 282/282/282 282/282/282 
f 282/282/282 262/262/262 282/282/282 
f 282/282/282 262/262/262 262/262/262 
f 262/262/262 265/265/265 262/262/262 
f 262/262/262 265/265/265 261/261/261 
f 265/265/265 283/283/283 261/261/261 
f 261/261/261 283/283/283 259/259/259 
f 283/283/283 259/259/259 259/259/259 
f 259/259/259 259/259/259 267/267/267 
f 259/259/259 267/267/267 267/267/267 
f 267/267/267 267/267/267 265/265/265 
f 267/267/267 283/283/283 265/265/265 
f 265/265/265 283/283/283 283/283/283 
f 283/283/283 276/276/276 283/283/283 
f 283/283/283 276/276/276 276/276/276 
f 276/276/276 281/281/281 276/276/276 
f 276/276/276 281/281/281 274/274/274 
f 281/281/281 284/284/284 274/274/274 
f 274/274/274 284/284/284 272/272/272 
f 284/284/284 285/285/285 272/272/272 
f 272/272/272 285/285/285 271/271/271 
f 285/285/285 286/286/286 271/271/271 
f 271/271/271 286/286/286 287/287/287 
f 286/286/286 288/288/288 287/287/287 
f 287/287/287 288/288/288 289/289/289 
f 288/288/288 290/290/290 289/289/289 
f 289/289/289 290/290/290 290/290/290 
f 290/290/290 271/271/271 290/290/290 
f 290/290/290 271/271/271 271/271/271 
f 271/271/271 287/287/287 271/271/271 
f 271/271/271 287/287/287 268/268/268 
f 287/287/287 287/287/287 268/268/268 
f 268/268/268 287/287/287 267/267/267 
f 287/287/287 289/289/289 267/267/267 
f 267/267/267 289/289/289 283/283/283 
f 289/289/289 283/283/283 283/283/283 
f 283/283/283 283/283/283 288/288/288 
f 283/283/283 288/288/288 288/288/288 
f 288/288/288 288/288/288 291/291/291 
f 288/288/288 286/286/286 291/291/291 
f 291/291/291 286/286/286 292/292/292 
f 286/286/286 285/285/285 292/292/292 
f 292/292/292 285/285/285 293/293/293 
f 285/285/285 284/284/284 293/293/293 
f 293/293/293 284/284/284 294/294/294 
f 284/284/284 281/281/281 294/294/294 
f 294/294/294 281/281/281 294/294/294 
f 281/281/281 282/282/282 294/294/294 
f 294/294/294 282/282/282 294/294/294 
f 282/282/282 295/295/295 294/294/294 
f 294/294/294 295/295/295 294/294/294 
f 295/295/295 296/296/296 294/294/294 
f 294/294/294 296/296/296 293/293/293 
f 296/296/296 297/297/297 293/293/293 
f 293/293/293 297/297/297 292/292/292 
f 297/297/297 298/298/298 292/292/292 
f 292/292/292 298/298/298 291/291/291 
f 298/298/298 299/299/299 291/291/291 
f 291/291/291 299/299/299 299/299/299 
f 299/299/299 300/300/300 299/299/299 
f 299/299/299 300/300/300 300/300/300 
f 300/300/300 301/301/301 300/300/300 
f 300/300/300 301/301/301 290/290/290 
f 301/301/301 302/302/302 290/290/290 
f 290/290/290 302/302/302 289/289/289 
f 302/302/302 302/302/302 289/289/289 
f 289/289/289 302/302/302 283/283/283 
f 302/302/302 302/302/302 283/283/283 
f 283/283/283 302/302/302 259/259/259 
f 302/302/302 302/302/302 259/259/259 
f 259/259/259 302/302/302 260/260/260 
f 302/302/302 301/301/301 260/260/260 
f 260/260/260 301/301/301 301/301/301 
f 301/301/301 303/303/303 301/301/301 
f 301/301/301 303/303/303 303/303/303 
f 303/303/303 304/304/304 303/303/303 
f 303/303/303 304/304/304 305/305/305 
f 304/304/304 306/306/306 305/305/305 
f 305/305/305 306/306/306 305/305/305 
f 306/306/306 307/307/307 305/305/305 
f 305/305/305 307/307/307 308/308/308 
f 307/307/307 309/309/309 308/308/308 
f 308/308/308 309/309/309 310/310/310 
f 309/309/309 311/311/311 310/310/310 
f 310/310/310 311/311/311 311/311/311 
f 311/311/311 305/305/305 311/311/311 
f 311/311/311 305/305/305 305/305/305 
f 305/305/305 308/308/308 305/305/305 
f 305/305/305 308/308/308 312/312/312 
f 308/308/308 308/308/308 312/312/312 
f 312/312/312 308/308/308 313/313/313 
f 308/308/308 314/314/314 313/313/313 
f 313/313/313 314/314/314 315/315/315 
f 314/314/314 314/314/314 315/315/315 
f 315/315/315 314/314/314 316/316/316 
f 314/314/314 314/314/314 316/316/316 
f 316/316/316 314/314/314 317/317/317 
f 314/314/314 310/310/310 317/317/317 
f 317/317/317 310/310/310 317/317/317 
f 310/310/310 311/311/311 317/317/317 
f 317/317/317 311/311/311 317/317/317 
f 311/311/311 318/318/318 317/317/317 
f 317/317/317 318/318/318 319/319/319 
f 318/318/318 320/320/320 319/319/319 
f 319/319/319 320/320/320 319/319/319 
f 320/320/320 321/321/321 319/319/319 
f 319/319/319 321/321/321 319/319/319 
f 321/321/321 322/322/322 319/319/319 
f 319/319/319 322/322/322 317/317/317 
f 322/322/322 316/316/316 317/317/317 
f 317/317/317 316/316/316 316/316/316 
f 316/316/316 310/310/310 316/316/316 
f 316/316/316 310/310/310 310/310/310 
f 310/310/310 314/314/314 310/310/310 
f 310/310/310 314/314/314 308/308/308 
f 314/314/314 308/308/308 308/308/308 
f 308/308/308 308/308/308 323/323/323 
f 308/308/308 323/323/323 323/323/323 
f 323/323/323 323/323/323 324/324/324 
f 323/323/323 325/325/325 324/324/324 
f 324/324/324 325/325/325 326/326/326 
f 325/325/325 325/325/325 326/326/326 
f 326/326/326 325/325/325 327/327/327 
f 325/325/325 325/325/325 327/327/327 
f 327/327/327 325/325/325 328/328/328 
f 325/325/325 329/329/329 328/328/328 
f 328/328/328 329/329/329 330/330/330 
f 329/329/329 329/329/329 330/330/330 
f 330/330/330 329/329/329 331/331/331 
f 329/329/329 332/332/332 331/331/331 
f 331/331/331 332/332/332 333/333/333 
f 332/332/332 332/332/332 333/333/333 
f 333/333/333 332/332/332 323/323/323 
f 332/332/332 329/329/329 323/323/323 
f 323/323/323 329/329/329 325/325/325 
f 329/329/329 325/325/325 325/325/325 
f 325/325/325 325/325/325 328/328/328 
f 325/325/325 328/328/328 328/328/328 
f 328/328/328 328/328/328 334/334/334 
f 328/328/328 330/330/330 334/334/334 
f 334/334/334 330/330/330 334/334/334 
f 330/330/330 335/335/335 334/334/334 
f 334/334/334 335/335/335 336/336/336 
f 335/335/335 335/335/335 336/336/336 
f 336/336/336 335/335/335 337/337/337 
f 335/335/335 338/338/338 337/337/337 
f 337/337/337 338/338/338 339/339/339 
f 338/338/338 338/338/338 339/339/339 
f 339/339/339 338/338/338 340/340/340 
f 338/338/338 335/335/335 340/340/340 
f 340/340/340 335/335/335 340/340/340 
f 335/335/335 330/330/330 340/340/340 
f 340/340/340 330/330/330 331/331/331 
f 330/330/330 331/331/331 331/331/331 
f 331/331/331 331/331/331 339/339/339 
f 331/331/331 339/339/339 339/339/339 
f 339/339/339 339/339/339 337/337/337 
f 339/339/339 341/341/341 337/337/337 
f 337/337/337 341/341/341 341/341/341 
f 341/341/341 342/342/342 341/341/341 
f 341/341/341 342/342/342 342/342/342 
f 342/342/342 343/343/343 342/342/342 
f 342/342/342 343/343/343 344/344/344 
f 343/343/343 343/343/343 344/344/344 
f 344/344/344 343/343/343 345/345/345 
f 343/343/343 346/346/346 345/345/345 
f 345/345/345 346/346/346 347/347/347 
f 346/346/346 348/348/348 347/347/347 
f 347/347/347 348/348/348 349/349/349 
f 348/348/348 348/348/348 349/349/349 
f 349/349/349 348/348/348 342/342/342 
f 348/348/348 348/348/348 342/342/342 
f 342/342/342 348/348/348 343/343/343 
f 348/348/348 346/346/346 343/343/343 
f 343/343/343 346/346/346 346/346/346 
f 346/346/346 350/350/350 346/346/346 
f 346/346/346 350/350/350 350/350/350 
f 350/350/350 351/351/351 350/350/350 
f 350/350/350 351/351/351 352/352/352 
f 351/351/351 353/353/353 352/352/352 
f 352/352/352 353/353/353 353/353/353 
f 353/353/353 350/350/350 353/353/353 
f 353/353/353 350/350/350 350/350/350 
f 350/350/350 354/354/354 350/350/350 
f 350/350/350 354/354/354 351/351/351 
f 354/354/354 354/354/354 351/351/351 
f 351/351/351 354/354/354 355/355/355 
f 354/354/354 356/356/356 355/355/355 
f 355/355/355 356/356/356 357/357/357 
f 356/356/356 358/358/358 357/357/357 
f 357/357/357 358/358/358 357/357/357 
f 358/358/358 359/359/359 357/357/357 
f 357/357/357 359/359/359 360/360/360 
f 359/359/359 361/361/361 360/360/360 
f 360/360/360 361/361/361 361/361/361 
f 361/361/361 360/360/360 361/361/361 
f 361/361/361 360/360/360 360/360/360 
f 360/360/360 362/362/362 360/360/360 
f 360/360/360 362/362/362 357/357/357 
f 362/362/362 362/362/362 357/357/357 
f 357/357/357 362/362/362 355/355/355 
f 362/362/362 363/363/363 355/355/355 
f 355/355/355 363/363/363 351/351/351 
f 363/363/363 364/364/364 351/351/351 
f 351/351/351 364/364/364 353/353/353 
f 364/364/364 364/364/364 353/353/353 
f 353/353/353 364/364/364 365/365/365 
f 364/364/364 366/366/366 365/365/365 
f 365/365/365 366/366/366 365/365/365 
f 366/366/366 367/367/367 365/365/365 
f 365/365/365 367/367/367 368/368/368 
f 367/367/367 369/369/369 368/368/368 
f 368/368/368 369/369/369 370/370/370 
f 369/369/369 369/369/369 370/370/370 
f 370/370/370 369/369/369 371/371/371 
f 369/369/369 369/369/369 371/371/371 
f 371/371/371 369/369/369 372/372/372 
f 369/369/369 369/369/369 372/372/372 
f 372/372/372 369/369/369 373/373/373 
f 369/369/369 374/374/374 373/373/373 
f 373/373/373 374/374/374 375/375/375 
f 374/374/374 376/376/376 375/375/375 
f 375/375/375 376/376/376 375/375/375 
f 376/376/376 377/377/377 375/375/375 
f 375/375/375 377/377/377 378/378/378 
f 377/377/377 377/377/377 378/378/378 
f 378/378/378 377/377/377 379/379/379 
f 377/377/377 377/377/377 379/379/379 
f 379/379/379 377/377/377 380/380/380 
f 377/377/377 381/381/381 380/380/380 
f 380/380/380 381/381/381 382/382/382 
f 381/381/381 382/382/382 382/382/382 
f 382/382/382 382/382/382 369/369/369 
f 382/382/382 369/369/369 369/369/369 
f 369/369/369 369/369/369 374/374/374 
f 369/369/369 367/367/367 374/374/374 
f 374/374/374 367/367/367 383/383/383 
f 367/367/367 366/366/366 383/383/383 
f 383/383/383 366/366/366 384/384/384 
f 366/366/366 364/364/364 384/384/384 
f 384/384/384 364/364/364 384/384/384 
f 364/364/364 363/363/363 384/384/384 
f 384/384/384 363/363/363 385/385/385 
f 363/363/363 362/362/362 385/385/385 
f 385/385/385 362/362/362 386/386/386 
f 362/362/362 360/360/360 386/386/386 
f 386/386/386 360/360/360 360/360/360 
f 360/360/360 374/374/374 360/360/360 
f 360/360/360 374/374/374 374/374/374 
f 374/374/374 383/383/383 374/374/374 
f 374/374/374 383/383/383 376/376/376 
f 383/383/383 387/387/387 376/376/376 
f 376/376/376 387/387/387 376/376/376 
f 387/387/387 381/381/381 376/376/376 
f 376/376/376 381/381/381 377/377/377 
f 381/381/381 377/377/377 377/377/377 
f 377/377/377 377/377/377 383/383/383 
f 377/377/377 383/383/383 383/383/383 
f 383/383/383 383/383/383 387/387/387 
f 383/383/383 384/384/384 387/387/387 
f 387/387/387 384/384/384 385/385/385 
f 384/384/384 385/385/385 385/385/385 
f 385/385/385 385/385/385 385/385/385 
f 385/385/385 385/385/385 385/385/385 
f 385/385/385 385/385/385 388/388/388 
f 385/385/385 386/386/386 388/388/388 
f 388/388/388 386/386/386 389/389/389 
f 386/386/386 390/390/390 389/389/389 
f 389/389/389 390/390/390 361/361/361 
f 390/390/390 390/390/390 361/361/361 
f 361/361/361 390/390/390 360/360/360 
f 390/390/390 386/386/386 360/360/360 
f 360/360/360 386/386/386 386/386/386 
f 386/386/386 388/388/388 386/386/386 
f 386/386/386 388/388/388 388/388/388 
f 388/388/388 389/389/389 388/388/388 
f 388/388/388 389/389/389 391/391/391 
f 389/389/389 392/392/392 391/391/391 
f 391/391/391 392/392/392 393/393/393 
f 392/392/392 393/393/393 393/393/393 
f 393/393/393 393/393/393 389/389/389 
f 393/393/393 389/389/389 389/389/389 
f 389/389/389 389/389/389 392/392/392 
f 389/389/389 361/361/361 392/392/392 
f 392/392/392 361/361/361 361/361/361 
f 361/361/361 394/394/394 361/361/361 
f 361/361/361 394/394/394 394/394/394 
f 394/394/394 395/395/395 394/394/394 
f 394/394/394 395/395/395 396/396/396 
f 395/395/395 395/395/395 396/396/396 
f 396/396/396 395/395/395 397/397/397 
f 395/395/395 395/395/395 397/397/397 
f 397/397/397 395/395/395 398/398/398 
f 395/395/395 399/399/399 398/398/398 
f 398/398/398 399/399/399 400/400/400 
f 399/399/399 401/401/401 400/400/400 
f 400/400/400 401/401/401 400/400/400 
f 401/401/401 402/402/402 400/400/400 
f 400/400/400 402/402/402 403/403/403 
f 402/402/402 404/404/404 403/403/403 
f 403/403/403 404/404/404 405/405/405 
f 404/404/404 404/404/404 405/405/405 
f 405/405/405 404/404/404 406/406/406 
f 404/404/404 404/404/404 406/406/406 
f 406/406/406 404/404/404 407/407/407 
f 404/404/404 404/404/404 407/407/407 
f 407/407/407 404/404/404 408/408/408 
f 404/404/404 409/409/409 408/408/408 
f 408/408/408 409/409/409 410/410/410 
f 409/409/409 410/410/410 410/410/410 
f 410/410/410 410/410/410 404/404/404 
f 410/410/410 404/404/404 404/404/404 
f 404/404/404 404/404/404 409/409/409 
f 404/404/404 402/402/402 409/409/409 
f 409/409/409 402/402/402 411/411/411 
f 402/402/402 401/401/401 411/411/411 
f 411/411/411 401/401/401 412/412/412 
f 401/401/401 399/399/399 412/412/412 
f 412/412/412 399/399/399 413/413/413 
f 399/399/399 395/395/395 413/413/413 
f 413/413/413 395/395/395 414/414/414 
f 395/395/395 394/394/394 414/414/414 
f 414/414/414 394/394/394 414/414/414 
f 394/394/394 415/415/415 414/414/414 
f 414/414/414 415/415/415 416/416/416 
f 415/415/415 417/417/417 416/416/416 
f 416/416/416 417/417/417 418/418/418 
f 417/417/417 419/419/419 418/418/418 
f 418/418/418 419/419/419 419/419/419 
f 419/419/419 418/418/418 419/419/419 
f 419/419/419 418/418/418 418/418/418 
f 418/418/418 420/420/420 418/418/418 
f 418/418/418 420/420/420 416/416/416 
f 420/420/420 421/421/421 416/416/416 
f 416/416/416 421/421/421 414/414/414 
f 421/421/421 421/421/421 414/414/414 
f 414/414/414 421/421/421 413/413/413 
f 421/421/421 422/422/422 413/413/413 
f 413/413/413 422/422/422 412/412/412 
f 422/422/422 423/423/423 412/412/412 
f 412/412/412 423/423/423 411/411/411 
f 423/423/423 424/424/424 411/411/411 
f 411/411/411 424/424/424 409/409/409 
f 424/424/424 424/424/424 409/409/409 
f 409/409/409 424/424/424 410/410/410 
f 424/424/424 424/424/424 410/410/410 
f 410/410/410 424/424/424 425/425/425 
f 424/424/424 424/424/424 425/425/425 
f 425/425/425 424/424/424 426/426/426 
f 424/424/424 423/423/423 426/426/426 
f 426/426/426 423/423/423 427/427/427 
f 423/423/423 422/422/422 427/427/427 
f 427/427/427 422/422/422 428/428/428 
f 422/422/422 421/421/421 428/428/428 
f 428/428/428 421/421/421 420/420/420 
f 421/421/421 420/420/420 420/420/420 
f 420/420/420 420/420/420 429/429/429 
f 420/420/420 429/429/429 429/429/429 
f 429/429/429 429/429/429 430/430/430 
f 429/429/429 431/431/431 430/430/430 
f 430/430/430 431/431/431 432/432/432 
f 431/431/431 433/433/433 432/432/432 
f 432/432/432 433/433/433 433/433/433 
f 433/433/433 429/429/429 433/433/433 
f 433/433/433 429/429/429 429/429/429 
f 429/429/429 434/434/434 429/429/429 
f 429/429/429 434/434/434 431/431/431 
f 434/434/434 434/434/434 431/431/431 
f 431/431/431 434/434/434 435/435/435 
f 434/434/434 436/436/436 435/435/435 
f 435/435/435 436/436/436 437/437/437 
f 436/436/436 438/438/438 437/437/437 
f 437/437/437 438/438/438 437/437/437 
f 438/438/438 439/439/439 437/437/437 
f 437/437/437 439/439/439 440/440/440 
f 439/439/439 441/441/441 440/440/440 
f 440/440/440 441/441/441 442/442/442 
f 441/441/441 443/443/443 442/442/442 
f 442/442/442 443/443/443 443/443/443 
f 443/443/443 444/444/444 443/443/443 
f 443/443/443 444/444/444 444/444/444 
f 444/444/444 445/445/445 444/444/444 
f 444/444/444 445/445/445 440/440/440 
f 445/445/445 446/446/446 440/440/440 
f 440/440/440 446/446/446 437/437/437 
f 446/446/446 446/446/446 437/437/437 
f 437/437/437 446/446/446 435/435/435 
f 446/446/446 447/447/447 435/435/435 
f 435/435/435 447/447/447 431/431/431 
f 447/447/447 447/447/447 431/431/431 
f 431/431/431 447/447/447 433/433/433 
f 447/447/447 447/447/447 433/433/433 
f 433/433/433 447/447/447 448/448/448 
f 447/447/447 449/449/449 448/448/448 
f 448/448/448 449/449/449 449/449/449 
f 449/449/449 447/447/447 449/449/449 
f 449/449/449 447/447/447 447/447/447 
f 447/447/447 446/446/446 447/447/447 
f 447/447/447 446/446/446 450/450/450 
f 446/446/446 451/451/451 450/450/450 
f 450/450/450 451/451/451 451/451/451 
f 451/451/451 452/452/452 451/451/451 
f 451/451/451 452/452/452 452/452/452 
f 452/452/452 453/453/453 452/452/452 
f 452/452/452 453/453/453 454/454/454 
f 453/453/453 453/453/453 454/454/454 
f 454/454/454 453/453/453 455/455/455 
f 453/453/453 456/456/456 455/455/455 
f 455/455/455 456/456/456 456/456/456 
f 456/456/456 452/452/452 456/456/456 
f 456/456/456 452/452/452 452/452/452 
f 452/452/452 457/457/457 452/452/452 
f 452/452/452 457/457/457 453/453/453 
f 457/457/457 457/457/457 453/453/453 
f 453/453/453 457/457/457 458/458/458 
f 457/457/457 459/459/459 458/458/458 
f 458/458/458 459/459/459 460/460/460 
f 459/459/459 461/461/461 460/460/460 
f 460/460/460 461/461/461 460/460/460 
f 461/461/461 462/462/462 460/460/460 
f 460/460/460 462/462/462 463/463/463 
f 462/462/462 464/464/464 463/463/463 
f 463/463/463 464/464/464 465/465/465 
f 464/464/464 466/466/466 465/465/465 
f 465/465/465 466/466/466 466/466/466 
f 466/466/466 467/467/467 466/466/466 
f 466/466/466 467/467/467 467/467/467 
f 467/467/467 468/468/468 467/467/467 
f 467/467/467 468/468/468 463/463/463 
f 468/468/468 469/469/469 463/463/463 
f 463/463/463 469/469/469 460/460/460 
f 469/469/469 469/469/469 460/460/460 
f 460/460/460 469/469/469 458/458/458 
f 469/469/469 470/470/470 458/458/458 
f 458/458/458 470/470/470 453/453/453 
f 470/470/470 470/470/470 453/453/453 
f 453/453/453 470/470/470 456/456/456 
f 470/470/470 470/470/470 456/456/456 
f 456/456/456 470/470/470 471/471/471 
f 470/470/470 472/472/472 471/471/471 
f 471/471/471 472/472/472 472/472/472 
f 472/472/472 470/470/470 472/472/472 
f 472/472/472 470/470/470 470/470/470 
f 470/470/470 469/469/469 470/470/470 
f 470/470/470 469/469/469 473/473/473 
f 469/469/469 474/474/474 473/473/473 
f 473/473/473 474/474/474 474/474/474 
f 474/474/474 475/475/475 474/474/474 
f 474/474/474 475/475/475 475/475/475 
f 475/475/475 476/476/476 475/475/475 
f 475/475/475 476/476/476 477/477/477 
f 476/476/476 476/476/476 477/477/477 
f 477/477/477 476/476/476 478/478/478 
f 476/476/476 476/476/476 478/478/478 
f 478/478/478 476/476/476 479/479/479 
f 476/476/476 480/480/480 479/479/479 
f 479/479/479 480/480/480 481/481/481 
f 480/480/480 482/482/482 481/481/481 
f 481/481/481 482/482/482 483/483/483 
f 482/482/482 483/483/483 483/483/483 
f 483/483/483 483/483/483 476/476/476 
f 483/483/483 476/476/476 476/476/476 
f 476/476/476 476/476/476 480/480/480 
f 476/476/476 484/484/484 480/480/480 
f 480/480/480 484/484/484 480/480/480 
f 484/484/484 485/485/485 480/480/480 
f 480/480/480 485/485/485 486/486/486 
f 485/485/485 487/487/487 486/486/486 
f 486/486/486 487/487/487 486/486/486 
f 487/487/487 488/488/488 486/486/486 
f 486/486/486 488/488/488 486/486/486 
f 488/488/488 489/489/489 486/486/486 
f 486/486/486 489/489/489 482/482/482 
f 489/489/489 489/489/489 482/482/482 
f 482/482/482 489/489/489 483/483/483 
f 489/489/489 489/489/489 483/483/483 
f 483/483/483 489/489/489 490/490/490 
f 489/489/489 491/491/491 490/490/490 
f 490/490/490 491/491/491 492/492/492 
f 491/491/491 491/491/491 492/492/492 
f 492/492/492 491/491/491 493/493/493 
f 491/491/491 491/491/491 493/493/493 
f 493/493/493 491/491/491 494/494/494 
f 491/491/491 489/489/489 494/494/494 
f 494/494/494 489/489/489 488/488/488 
f 489/489/489 488/488/488 488/488/488 
f 488/488/488 488/488/488 482/482/482 
f 488/488/488 482/482/482 482/482/482 
f 482/482/482 482/482/482 486/486/486 
f 482/482/482 480/480/480 486/486/486 
f 486/486/486 480/480/480 480/480/480 
f 480/480/480 495/495/495 480/480/480 
f 480/480/480 495/495/495 495/495/495 
f 495/495/495 496/496/496 495/495/495 
f 495/495/495 496/496/496 497/497/497 
f 496/496/496 498/498/498 497/497/497 
f 497/497/497 498/498/498 497/497/497 
f 498/498/498 499/499/499 497/497/497 
f 497/497/497 499/499/499 497/497/497 
f 499/499/499 500/500/500 497/497/497 
f 497/497/497 500/500/500 501/501/501 
f 500/500/500 502/502/502 501/501/501 
f 501/501/501 502/502/502 501/501/501 
f 502/502/502 503/503/503 501/501/501 
f 501/501/501 503/503/503 504/504/504 
f 503/503/503 505/505/505 504/504/504 
f 504/504/504 505/505/505 504/504/504 
f 505/505/505 495/495/495 504/504/504 
f 504/504/504 495/495/495 501/501/501 
f 495/495/495 497/497/497 501/501/501 
f 501/501/501 497/497/497 497/497/497 
f 497/497/497 500/500/500 497/497/497 
f 497/497/497 500/500/500 500/500/500 
f 500/500/500 506/506/506 500/500/500 
f 500/500/500 506/506/506 502/502/502 
f 506/506/506 506/506/506 502/502/502 
f 502/502/502 506/506/506 507/507/507 
f 506/506/506 508/508/508 507/507/507 
f 507/507/507 508/508/508 507/507/507 
f 508/508/508 509/509/509 507/507/507 
f 507/507/507 509/509/509 510/510/510 
f 509/509/509 511/511/511 510/510/510 
f 510/510/510 511/511/511 510/510/510 
f 511/511/511 512/512/512 510/510/510 
f 510/510/510 512/512/512 507/507/507 
f 512/512/512 512/512/512 507/507/507 
f 507/507/507 512/512/512 502/502/502 
f 512/512/512 503/503/503 502/502/502 
f 502/502/502 503/503/503 503/503/503 
f 503/503/503 511/511/511 503/503/503 
f 503/503/503 511/511/511 511/511/511 
f 511/511/511 509/509/509 511/511/511 
f 511/511/511 509/509/509 513/513/513 
f 509/509/509 513/513/513 513/513/513 
f 513/513/513 513/513/513 514/514/514 
f 513/513/513 514/514/514 514/514/514 
f 514/514/514 514/514/514 515/515/515 
f 514/514/514 516/516/516 515/515/515 
f 515/515/515 516/516/516 515/515/515 
f 516/516/516 517/517/517 515/515/515 
f 515/515/515 517/517/517 518/518/518 
f 517/517/517 519/519/519 518/518/518 
f 518/518/518 519/519/519 520/520/520 
f 519/519/519 521/521/521 520/520/520 
f 520/520/520 521/521/521 520/520/520 
f 521/521/521 514/514/514 520/520/520 
f 520/520/520 514/514/514 520/520/520 
f 514/514/514 515/515/515 520/520/520 
f 520/520/520 515/515/515 518/518/518 
f 515/515/515 518/518/518 518/518/518 
f 518/518/518 518/518/518 522/522/522 
f 518/518/518 522/522/522 522/522/522 
f 522/522/522 522/522/522 523/523/523 
f 522/522/522 524/524/524 523/523/523 
f 523/523/523 524/524/524 523/523/523 
f 524/524/524 525/525/525 523/523/523 
f 523/523/523 525/525/525 526/526/526 
f 525/525/525 527/527/527 526/526/526 
f 526/526/526 527/527/527 528/528/528 
f 527/527/527 527/527/527 528/528/528 
f 528/528/528 527/527/527 529/529/529 
f 527/527/527 527/527/527 529/529/529 
f 529/529/529 527/527/527 530/530/530 
f 527/527/527 531/531/531 530/530/530 
f 530/530/530 531/531/531 532/532/532 
f 531/531/531 532/532/532 532/532/532 
f 532/532/532 532/532/532 525/525/525 
f 532/532/532 525/525/525 525/525/525 
f 525/525/525 525/525/525 527/527/527 
f 525/525/525 531/531/531 527/527/527 
f 527/527/527 531/531/531 531/531/531 
f 531/531/531 524/524/524 531/531/531 
f 531/531/531 524/524/524 524/524/524 
f 524/524/524 522/522/522 524/524/524 
f 524/524/524 522/522/522 533/533/533 
f 522/522/522 533/533/533 533/533/533 
f 533/533/533 533/533/533 526/526/526 
f 533/533/533 526/526/526 526/526/526 
f 526/526/526 526/526/526 534/534/534 
f 526/526/526 528/528/528 534/534/534 
f 534/534/534 528/528/528 534/534/534 
f 528/528/528 535/535/535 534/534/534 
f 534/534/534 535/535/535 536/536/536 
f 535/535/535 537/537/537 536/536/536 
f 536/536/536 537/537/537 538/538/538 
f 537/537/537 537/537/537 538/538/538 
f 538/538/538 537/537/537 539/539/539 
f 537/537/537 540/540/540 539/539/539 
f 539/539/539 540/540/540 541/541/541 
f 540/540/540 535/535/535 541/541/541 
f 541/541/541 535/535/535 541/541/541 
f 535/535/535 528/528/528 541/541/541 
f 541/541/541 528/528/528 541/541/541 
f 528/528/528 529/529/529 541/541/541 
f 541/541/541 529/529/529 542/542/542 
f 529/529/529 529/529/529 542/542/542 
f 542/542/542 529/529/529 543/543/543 
f 529/529/529 530/530/530 543/543/543 
f 543/543/543 530/530/530 544/544/544 
f 530/530/530 532/532/532 544/544/544 
f 544/544/544 532/532/532 545/545/545 
f 532/532/532 545/545/545 545/545/545 
f 545/545/545 545/545/545 535/535/535 
f 545/545/545 535/535/535 535/535/535 
f 535/535/535 535/535/535 537/537/537 
f 535/535/535 540/540/540 537/537/537 
f 537/537/537 540/540/540 540/540/540 
f 540/540/540 541/541/541 540/540/540 
f 540/540/540 541/541/541 541/541/541 
f 541/541/541 542/542/542 541/541/541 
f 541/541/541 542/542/542 539/539/539 
f 542/542/542 539/539/539 539/539/539 
f 539/539/539 539/539/539 546/546/546 
f 539/539/539 546/546/546 546/546/546 
f 546/546/546 546/546/546 547/547/547 
f 546/546/546 548/548/548 547/547/547 
f 547/547/547 548/548/548 549/549/549 
f 548/548/548 549/549/549 549/549/549 
f 549/549/549 549/549/549 548/548/548 
f 549/549/549 548/548/548 548/548/548 
f 548/548/548 548/548/548 550/550/550 
f 548/548/548 551/551/551 550/550/550 
f 550/550/550 551/551/551 552/552/552 
f 551/551/551 552/552/552 552/552/552 
f 552/552/552 552/552/552 553/553/553 
f 552/552/552 553/553/553 553/553/553 
f 553/553/553 553/553/553 554/554/554 
f 553/553/553 549/549/549 554/554/554 
f 554/554/554 549/549/549 555/555/555 
f 549/549/549 555/555/555 555/555/555 
f 555/555/555 555/555/555 556/556/556 
f 555/555/555 556/556/556 556/556/556 
f 556/556/556 556/556/556 557/557/557 
f 556/556/556 555/555/555 557/557/557 
f 557/557/557 555/555/555 558/558/558 
f 555/555/555 558/558/558 558/558/558 
f 558/558/558 558/558/558 559/559/559 
f 558/558/558 559/559/559 559/559/559 
f 559/559/559 559/559/559 560/560/560 
f 559/559/559 561/561/561 560/560/560 
f 560/560/560 561/561/561 562/562/562 
f 561/561/561 562/562/562 562/562/562 
f 562/562/562 562/562/562 561/561/561 
f 562/562/562 561/561/561 561/561/561 
f 561/561/561 561/561/561 563/563/563 
f 561/561/561 564/564/564 563/563/563 
f 563/563/563 564/564/564 565/565/565 
f 564/564/564 565/565/565 565/565/565 
f 565/565/565 565/565/565 566/566/566 
f 565/565/565 566/566/566 566/566/566 
f 566/566/566 566/566/566 567/567/567 
f 566/566/566 562/562/562 567/567/567 
f 567/567/567 562/562/562 568/568/568 
f 562/562/562 568/568/568 568/568/568 
f 568/568/568 568/568/568 569/569/569 
f 568/568/568 569/569/569 569/569/569 
f 569/569/569 569/569/569 570/570/570 
f 569/569/569 568/568/568 570/570/570 
f 570/570/570 568/568/568 571/571/571 
f 568/568/568 571/571/571 571/571/571 
f 571/571/571 571/571/571 572/572/572 
f 571/571/571 572/572/572 572/572/572 
f 572/572/572 572/572/572 573/573/573 
f 572/572/572 574/574/574 573/573/573 
f 573/573/573 574/574/574 575/575/575 
f 574/574/574 576/576/576 575/575/575 
f 575/575/575 576/576/576 575/575/575 
f 576/576/576 577/577/577 575/575/575 
f 575/575/575 577/577/577 578/578/578 
f 577/577/577 579/579/579 578/578/578 
f 578/578/578 579/579/579 580/580/580 
f 579/579/579 581/581/581 580/580/580 
f 580/580/580 581/581/581 581/581/581 
f 581/581/581 573/573/573 581/581/581 
f 581/581/581 573/573/573 573/573/573 
f 573/573/573 575/575/575 573/573/573 
f 573/573/573 575/575/575 582/582/582 
f 575/575/575 578/578/578 582/582/582 
f 582/582/582 578/578/578 583/583/583 
f 578/578/578 580/580/580 583/583/583 
f 583/583/583 580/580/580 580/580/580 
f 580/580/580 584/584/584 580/580/580 
f 580/580/580 584/584/584 584/584/584 
f 584/584/584 585/585/585 584/584/584 
f 584/584/584 585/585/585 586/586/586 
f 585/585/585 587/587/587 586/586/586 
f 586/586/586 587/587/587 587/587/587 
f 587/587/587 588/588/588 587/587/587 
f 587/587/587 588/588/588 588/588/588 
f 588/588/588 589/589/589 588/588/588 
f 588/588/588 589/589/589 590/590/590 
f 589/589/589 591/591/591 590/590/590 
f 590/590/590 591/591/591 591/591/591 
f 591/591/591 592/592/592 591/591/591 
f 591/591/591 592/592/592 592/592/592 
f 592/592/592 593/593/593 592/592/592 
f 592/592/592 593/593/593 594/594/594 
f 593/593/593 595/595/595 594/594/594 
f 594/594/594 595/595/595 596/596/596 
f 595/595/595 597/597/597 596/596/596 
f 596/596/596 597/597/597 598/598/598 
f 597/597/597 599/599/599 598/598/598 
f 598/598/598 599/599/599 600/600/600 
f 599/599/599 601/601/601 600/600/600 
f 600/600/600 601/601/601 601/601/601 
f 601/601/601 602/602/602 601/601/601 
f 601/601/601 602/602/602 602/602/602 
f 602/602/602 603/603/603 602/602/602 
f 602/602/602 603/603/603 604/604/604 
f 603/603/603 605/605/605 604/604/604 
f 604/604/604 605/605/605 605/605/605 
f 605/605/605 606/606/606 605/605/605 
f 605/605/605 606/606/606 606/606/606 
f 606/606/606 607/607/607 606/606/606 
f 606/606/606 607/607/607 608/608/608 
f 607/607/607 607/607/607 608/608/608 
f 608/608/608 607/607/607 609/609/609 
f 607/607/607 607/607/607 609/609/609 
f 609/609/609 607/607/607 610/610/610 
f 607/607/607 611/611/611 610/610/610 
f 610/610/610 611/611/611 611/611/611 
f 611/611/611 612/612/612 611/611/611 
f 611/611/611 612/612/612 612/612/612 
f 612/612/612 613/613/613 612/612/612 
f 612/612/612 613/613/613 614/614/614 
f 613/613/613 615/615/615 614/614/614 
f 614/614/614 615/615/615 615/615/615 
f 615/615/615 616/616/616 615/615/615 
f 615/615/615 616/616/616 616/616/616 
f 616/616/616 617/617/617 616/616/616 
f 616/616/616 617/617/617 618/618/618 
f 617/617/617 617/617/617 618/618/618 
f 618/618/618 617/617/617 619/619/619 
f 617/617/617 620/620/620 619/619/619 
f 619/619/619 620/620/620 621/621/621 
f 620/620/620 622/622/622 621/621/621 
f 621/621/621 622/622/622 623/623/623 
f 622/622/622 624/624/624 623/623/623 
f 623/623/623 624/624/624 623/623/623 
f 624/624/624 625/625/625 623/623/623 
f 623/623/623 625/625/625 626/626/626 
f 625/625/625 627/627/627 626/626/626 
f 626/626/626 627/627/627 627/627/627 
f 627/627/627 626/626/626 627/627/627 
f 627/627/627 626/626/626 626/626/626 
f 626/626/626 628/628/628 626/626/626 
f 626/626/626 628/628/628 623/623/623 
f 628/628/628 628/628/628 623/623/623 
f 623/623/623 628/628/628 621/621/621 
f 628/628/628 629/629/629 621/621/621 
f 621/621/621 629/629/629 619/619/619 
f 629/629/629 630/630/630 619/619/619 
f 619/619/619 630/630/630 618/618/618 
f 630/630/630 631/631/631 618/618/618 
f 618/618/618 631/631/631 616/616/616 
f 631/631/631 616/616/616 616/616/616 
f 616/616/616 616/616/616 630/630/630 
f 616/616/616 630/630/630 630/630/630 
f 630/630/630 630/630/630 631/631/631 
f 630/630/630 629/629/629 631/631/631 
f 631/631/631 629/629/629 632/632/632 
f 629/629/629 628/628/628 632/632/632 
f 632/632/632 628/628/628 633/633/633 
f 628/628/628 626/626/626 633/633/633 
f 633/633/633 626/626/626 634/634/634 
f 626/626/626 635/635/635 634/634/634 
f 634/634/634 635/635/635 636/636/636 
f 635/635/635 637/637/637 636/636/636 
f 636/636/636 637/637/637 638/638/638 
f 637/637/637 639/639/639 638/638/638 
f 638/638/638 639/639/639 640/640/640 
f 639/639/639 641/641/641 640/640/640 
f 640/640/640 641/641/641 642/642/642 
f 641/641/641 627/627/627 642/642/642 
f 642/642/642 627/627/627 643/643/643 
f 627/627/627 643/643/643 643/643/643 
f 643/643/643 643/643/643 637/637/637 
f 643/643/643 637/637/637 637/637/637 
f 637/637/637 637/637/637 639/639/639 
f 637/637/637 635/635/635 639/639/639 
f 639/639/639 635/635/635 641/641/641 
f 635/635/635 626/626/626 641/641/641 
f 641/641/641 626/626/626 627/627/627 
f 626/626/626 627/627/627 627/627/627 
f 627/627/627 627/627/627 644/644/644 
f 627/627/627 644/644/644 644/644/644 
f 644/644/644 644/644/644 645/645/645 
f 644/644/644 646/646/646 645/645/645 
f 645/645/645 646/646/646 645/645/645 
f 646/646/646 647/647/647 645/645/645 
f 645/645/645 647/647/647 648/648/648 
f 647/647/647 649/649/649 648/648/648 
f 648/648/648 649/649/649 650/650/650 
f 649/649/649 651/651/651 650/650/650 
f 650/650/650 651/651/651 652/652/652 
f 651/651/651 653/653/653 652/652/652 
f 652/652/652 653/653/653 654/654/654 
f 653/653/653 654/654/654 654/654/654 
f 654/654/654 654/654/654 645/645/645 
f 654/654/654 645/645/645 645/645/645 
f 645/645/645 645/645/645 644/644/644 
f 645/645/645 655/655/655 644/644/644 
f 644/644/644 655/655/655 656/656/656 
f 655/655/655 657/657/657 656/656/656 
f 656/656/656 657/657/657 658/658/658 
f 657/657/657 659/659/659 658/658/658 
f 658/658/658 659/659/659 660/660/660 
f 659/659/659 661/661/661 660/660/660 
f 660/660/660 661/661/661 661/661/661 
f 661/661/661 662/662/662 661/661/661 
f 661/661/661 662/662/662 662/662/662 
f 662/662/662 663/663/663 662/662/662 
f 662/662/662 663/663/663 664/664/664 
f 663/663/663 665/665/665 664/664/664 
f 664/664/664 665/665/665 666/666/666 
f 665/665/665 667/667/667 666/666/666 
f 666/666/666 667/667/667 668/668/668 
f 667/667/667 667/667/667 668/668/668 
f 668/668/668 667/667/667 669/669/669 
f 667/667/667 667/667/667 669/669/669 
f 669/669/669 667/667/667 670/670/670 
f 667/667/667 671/671/671 670/670/670 
f 670/670/670 671/671/671 672/672/672 
f 671/671/671 671/671/671 672/672/672 
f 672/672/672 671/671/671 673/673/673 
f 671/671/671 674/674/674 673/673/673 
f 673/673/673 674/674/674 663/663/663 
f 674/674/674 674/674/674 663/663/663 
f 663/663/663 674/674/674 665/665/665 
f 674/674/674 671/671/671 665/665/665 
f 665/665/665 671/671/671 667/667/667 
f 671/671/671 667/667/667 667/667/667 
f 667/667/667 667/667/667 673/673/673 
f 667/667/667 673/673/673 673/673/673 
f 673/673/673 673/673/673 662/662/662 
f 673/673/673 663/663/663 662/662/662 
f 662/662/662 663/663/663 663/663/663 
f 663/663/663 672/672/672 663/663/663 
f 663/663/663 672/672/672 672/672/672 
f 672/672/672 675/675/675 672/672/672 
f 672/672/672 675/675/675 670/670/670 
f 675/675/675 676/676/676 670/670/670 
f 670/670/670 676/676/676 669/669/669 
f 676/676/676 677/677/677 669/669/669 
f 669/669/669 677/677/677 669/669/669 
f 677/677/677 678/678/678 669/669/669 
f 669/669/669 678/678/678 668/668/668 
f 678/678/678 678/678/678 668/668/668 
f 668/668/668 678/678/678 679/679/679 
f 678/678/678 680/680/680 679/679/679 
f 679/679/679 680/680/680 681/681/681 
f 680/680/680 682/682/682 681/681/681 
f 681/681/681 682/682/682 682/682/682 
f 682/682/682 675/675/675 682/682/682 
f 682/682/682 675/675/675 675/675/675 
f 675/675/675 683/683/683 675/675/675 
f 675/675/675 683/683/683 676/676/676 
f 683/683/683 684/684/684 676/676/676 
f 676/676/676 684/684/684 677/677/677 
f 684/684/684 677/677/677 677/677/677 
f 677/677/677 677/677/677 684/684/684 
f 677/677/677 684/684/684 684/684/684 
f 684/684/684 684/684/684 685/685/685 
f 684/684/684 683/683/683 685/685/685 
f 685/685/685 683/683/683 683/683/683 
f 683/683/683 686/686/686 683/683/683 
f 683/683/683 686/686/686 686/686/686 
f 686/686/686 687/687/687 686/686/686 
f 686/686/686 687/687/687 688/688/688 
f 687/687/687 689/689/689 688/688/688 
f 688/688/688 689/689/689 689/689/689 
f 689/689/689 688/688/688 689/689/689 
f 689/689/689 688/688/688 688/688/688 
f 688/688/688 690/690/690 688/688/688 
f 688/688/688 690/690/690 691/691/691 
f 690/690/690 692/692/692 691/691/691 
f 691/691/691 692/692/692 692/692/692 
f 692/692/692 693/693/693 692/692/692 
f 692/692/692 693/693/693 693/693/693 
f 693/693/693 694/694/694 693/693/693 
f 693/693/693 694/694/694 689/689/689 
f 694/694/694 695/695/695 689/689/689 
f 689/689/689 695/695/695 695/695/695 
f 695/695/695 696/696/696 695/695/695 
f 695/695/695 696/696/696 696/696/696 
f 696/696/696 695/695/695 696/696/696 
f 696/696/696 695/695/695 697/697/697 
f 695/695/695 698/698/698 697/697/697 
f 697/697/697 698/698/698 698/698/698 
f 698/698/698 699/699/699 698/698/698 
f 698/698/698 699/699/699 699/699/699 
f 699/699/699 700/700/700 699/699/699 
f 699/699/699 700/700/700 701/701/701 
f 700/700/700 702/702/702 701/701/701 
f 701/701/701 702/702/702 702/702/702 
f 702/702/702 701/701/701 702/702/702 
f 702/702/702 701/701/701 701/701/701 
f 701/701/701 703/703/703 701/701/701 
f 701/701/701 703/703/703 704/704/704 
f 703/703/703 705/705/705 704/704/704 
f 704/704/704 705/705/705 705/705/705 
f 705/705/705 706/706/706 705/705/705 
f 705/705/705 706/706/706 706/706/706 
f 706/706/706 707/707/707 706/706/706 
f 706/706/706 707/707/707 702/702/702 
f 707/707/707 708/708/708 702/702/702 
f 702/702/702 708/708/708 708/708/708 
f 708/708/708 709/709/709 708/708/708 
f 708/708/708 709/709/709 709/709/709 
f 709/709/709 708/708/708 709/709/709 
f 709/709/709 708/708/708 710/710/710 
f 708/708/708 711/711/711 710/710/710 
f 710/710/710 711/711/711 711/711/711 
f 711/711/711 712/712/712 711/711/711 
f 711/711/711 712/712/712 712/712/712 
f 712/712/712 713/713/713 712/712/712 
f 712/712/712 713/713/713 714/714/714 
f 713/713/713 715/715/715 714/714/714 
f 714/714/714 715/715/715 716/716/716 
f 715/715/715 715/715/715 716/716/716 
f 716/716/716 715/715/715 717/717/717 
f 715/715/715 718/718/718 717/717/717 
f 717/717/717 718/718/718 719/719/719 
f 718/718/718 720/720/720 719/719/719 
f 719/719/719 720/720/720 721/721/721 
f 720/720/720 721/721/721 721/721/721 
f 721/721/721 721/721/721 713/713/713 
f 721/721/721 713/713/713 713/713/713 
f 713/713/713 713/713/713 715/715/715 
f 713/713/713 722/722/722 715/715/715 
f 715/715/715 722/722/722 718/718/718 
f 722/722/722 723/723/723 718/718/718 
f 718/718/718 723/723/723 720/720/720 
f 723/723/723 720/720/720 720/720/720 
f 720/720/720 720/720/720 724/724/724 
f 720/720/720 724/724/724 724/724/724 
f 724/724/724 724/724/724 725/725/725 
f 724/724/724 726/726/726 725/725/725 
f 725/725/725 726/726/726 727/727/727 
f 726/726/726 727/727/727 727/727/727 
f 727/727/727 727/727/727 728/728/728 
f 727/727/727 728/728/728 728/728/728 
f 728/728/728 728/728/728 729/729/729 
f 728/728/728 730/730/730 729/729/729 
f 729/729/729 730/730/730 731/731/731 
f 730/730/730 731/731/731 731/731/731 
f 731/731/731 731/731/731 732/732/732 
f 731/731/731 732/732/732 732/732/732 
f 732/732/732 732/732/732 733/733/733 
f 732/732/732 734/734/734 733/733/733 
f 733/733/733 734/734/734 735/735/735 
f 734/734/734 736/736/736 735/735/735 
f 735/735/735 736/736/736 737/737/737 
f 736/736/736 738/738/738 737/737/737 
f 737/737/737 738/738/738 739/739/739 
f 738/738/738 740/740/740 739/739/739 
f 739/739/739 740/740/740 741/741/741 
f 740/740/740 741/741/741 741/741/741 
f 741/741/741 741/741/741 742/742/742 
f 741/741/741 742/742/742 742/742/742 
f 742/742/742 742/742/742 743/743/743 
f 742/742/742 744/744/744 743/743/743 
f 743/743/743 744/744/744 745/745/745 
f 744/744/744 745/745/745 745/745/745 
f 745/745/745 745/745/745 746/746/746 
f 745/745/745 746/746/746 746/746/746 
f 746/746/746 746/746/746 747/747/747 
f 746/746/746 748/748/748 747/747/747 
f 747/747/747 748/748/748 747/747/747 
f 748/748/748 749/749/749 747/747/747 
f 747/747/747 749/749/749 747/747/747 
f 749/749/749 750/750/750 747/747/747 
f 747/747/747 750/750/750 751/751/751 
f 750/750/750 751/751/751 751/751/751 
f 751/751/751 751/751/751 752/752/752 
f 751/751/751 752/752/752 752/752/752 
f 752/752/752 752/752/752 753/753/753 
f 752/752/752 754/754/754 753/753/753 
f 753/753/753 754/754/754 755/755/755 
f 754/754/754 755/755/755 755/755/755 
f 755/755/755 755/755/755 756/756/756 
f 755/755/755 756/756/756 756/756/756 
f 756/756/756 756/756/756 757/757/757 
f 756/756/756 758/758/758 757/757/757 
f 757/757/757 758/758/758 759/759/759 
f 758/758/758 759/759/759 759/759/759 
f 759/759/759 759/759/759 757/757/757 
f 759/759/759 757/757/757 757/757/757 
f 757/757/757 757/757/757 756/756/756 
f 757/757/757 760/760/760 756/756/756 
f 756/756/756 760/760/760 761/761/761 
f 760/760/760 762/762/762 761/761/761 
f 761/761/761 762/762/762 763/763/763 
f 762/762/762 764/764/764 763/763/763 
f 763/763/763 764/764/764 765/765/765 
f 764/764/764 764/764/764 765/765/765 
f 765/765/765 764/764/764 766/766/766 
f 764/764/764 767/767/767 766/766/766 
f 766/766/766 767/767/767 768/768/768 
f 767/767/767 768/768/768 768/768/768 
f 768/768/768 768/768/768 767/767/767 
f 768/768/768 767/767/767 767/767/767 
f 767/767/767 767/767/767 769/769/769 
f 767/767/767 764/764/764 769/769/769 
f 769/769/769 764/764/764 769/769/769 
f 764/764/764 762/762/762 769/769/769 
f 769/769/769 762/762/762 770/770/770 
f 762/762/762 760/760/760 770/770/770 
f 770/770/770 760/760/760 771/771/771 
f 760/760/760 757/757/757 771/771/771 
f 771/771/771 757/757/757 771/771/771 
f 757/757/757 759/759/759 771/771/771 
f 771/771/771 759/759/759 770/770/770 
f 759/759/759 772/772/772 770/770/770 
f 770/770/770 772/772/772 769/769/769 
f 772/772/772 773/773/773 769/769/769 
f 769/769/769 773/773/773 767/767/767 
f 773/773/773 774/774/774 767/767/767 
f 767/767/767 774/774/774 775/775/775 
f 774/774/774 776/776/776 775/775/775 
f 775/775/775 776/776/776 777/777/777 
f 776/776/776 778/778/778 777/777/777 
f 777/777/777 778/778/778 779/779/779 
f 778/778/778 780/780/780 779/779/779 
f 779/779/779 780/780/780 781/781/781 
f 780/780/780 782/782/782 781/781/781 
f 781/781/781 782/782/782 768/768/768 
f 782/782/782 783/783/783 768/768/768 
f 768/768/768 783/783/783 783/783/783 
f 783/783/783 777/777/777 783/783/783 
f 783/783/783 777/777/777 777/777/777 
f 777/777/777 779/779/779 777/777/777 
f 777/777/777 779/779/779 775/775/775 
f 779/779/779 781/781/781 775/775/775 
f 775/775/775 781/781/781 767/767/767 
f 781/781/781 768/768/768 767/767/767 
f 767/767/767 768/768/768 768/768/768 
f 768/768/768 784/784/784 768/768/768 
f 768/768/768 784/784/784 784/784/784 
f 784/784/784 785/785/785 784/784/784 
f 784/784/784 785/785/785 786/786/786 
f 785/785/785 787/787/787 786/786/786 
f 786/786/786 787/787/787 788/788/788 
f 787/787/787 789/789/789 788/788/788 
f 788/788/788 789/789/789 790/790/790 
f 789/789/789 791/791/791 790/790/790 
f 790/790/790 791/791/791 791/791/791 
f 791/791/791 792/792/792 791/791/791 
f 791/791/791 792/792/792 792/792/792 
f 792/792/792 793/793/793 792/792/792 
f 792/792/792 793/793/793 794/794/794 
f 793/793/793 793/793/793 794/794/794 
f 794/794/794 793/793/793 795/795/795 
f 793/793/793 796/796/796 795/795/795 
f 795/795/795 796/796/796 797/797/797 
f 796/796/796 798/798/798 797/797/797 
f 797/797/797 798/798/798 799/799/799 

