mtllib model_76.mtl
o model_76
v 902.3483276367188 -235.65037536621094 -253.55880737304688 
v 923.6590576171875 -235.65037536621094 -256.6730041503906 
v 911.8971557617188 -216.32960510253906 -260.5657958984375 
v 933.5357666015625 -224.99063110351562 -267.350341796875 
v 937.9618530273438 -216.32960510253906 -277.24908447265625 
v 907.6759643554688 -283.1750793457031 -257.1178894042969 
v 922.7984008789062 -282.7309265136719 -258.3413391113281 
v 910.5447387695312 -325.1478271484375 -265.0146484375 
v 921.69189453125 -325.3699035644531 -265.793212890625 
v 909.7660522460938 -334.91925048828125 -267.6839904785156 
v 920.5853881835938 -330.0335388183594 -266.9054260253906 
v 919.0690307617188 -336.47381591796875 -268.4625244140625 
v 930.2572021484375 -324.4815979003906 -272.24407958984375 
v 928.9867553710938 -338.25042724609375 -274.468505859375 
v 932.9210205078125 -323.1491394042969 -282.0316162109375 
v 930.9129028320312 -339.3608093261719 -283.36627197265625 
v 934.2734375 -283.39715576171875 -267.12786865234375 
v 933.371826171875 -244.5335235595703 -264.56976318359375 
v 935.9127197265625 -237.8711700439453 -274.69097900390625 
v 940.5027465820312 -228.98806762695312 -287.2590637207031 
v 941.6912231445312 -216.32960510253906 -286.59173583984375 
v 944.150146484375 -202.3386993408203 -279.9184265136719 
v 919.7247314453125 -197.23089599609375 -264.1249084472656 
v 944.150146484375 -202.33871459960938 -303.9423828125 
v 943.86328125 -216.32960510253906 -303.9423828125 
v 941.6912231445312 -216.32962036132812 -321.1817932128906 
v 944.150146484375 -202.33871459960938 -327.8551025390625 
v 937.9618530273438 -216.32962036132812 -330.5244140625 
v 911.8971557617188 -216.32962036132812 -347.2077331542969 
v 919.7247314453125 -197.2309112548828 -343.64862060546875 
v 937.7159423828125 -284.507568359375 -280.1408386230469 
v 934.1914672851562 -249.86338806152344 -278.4725341796875 
v 902.3483276367188 -235.650390625 -354.2147216796875 
v 923.6590576171875 -235.650390625 -351.1004943847656 
v 933.5357666015625 -224.9906463623047 -340.4231872558594 
v 933.371826171875 -244.53353881835938 -343.2037353515625 
v 922.7984008789062 -282.73095703125 -349.4321594238281 
v 934.2734375 -283.39715576171875 -340.6456298828125 
v 921.69189453125 -325.3699035644531 -341.98028564453125 
v 910.5447387695312 -325.1478271484375 -342.7588195800781 
v 909.7660522460938 -334.9192810058594 -340.0895080566406 
v 920.5853881835938 -330.0335388183594 -340.8680419921875 
v 919.0690307617188 -336.47381591796875 -339.3109436035156 
v 930.2572021484375 -324.4815979003906 -335.5293884277344 
v 928.9867553710938 -338.25042724609375 -333.3049621582031 
v 932.9210205078125 -323.1491394042969 -325.7418518066406 
v 930.9129028320312 -339.36083984375 -324.4071960449219 
v 907.6759643554688 -283.17510986328125 -350.6556091308594 
v 937.7159423828125 -284.507568359375 -327.6326599121094 
v 934.1914672851562 -249.8634033203125 -329.3009948730469 
v 935.9127197265625 -237.87118530273438 -333.08251953125 
v 940.5027465820312 -228.98806762695312 -320.5144348144531 
v 940.5027465820312 -228.98806762695312 -303.9423828125 
v 938.6995239257812 -236.0945587158203 -292.0416259765625 
v 937.0192260742188 -241.2023468017578 -287.03662109375 
v 932.183349609375 -244.75558471679688 -300.3832702636719 
v 938.6995239257812 -236.0945587158203 -303.9423828125 
v 938.6995239257812 -236.0945587158203 -315.7319030761719 
v 937.0192260742188 -241.2023468017578 -320.73687744140625 
v 932.183349609375 -244.75558471679688 -307.3902587890625 
v 932.183349609375 -244.75558471679688 -303.9423522949219 
v 913.4544677734375 -249.41921997070312 -299.38226318359375 
v 913.29052734375 -249.6413116455078 -303.9423522949219 
v 913.4544677734375 -249.41921997070312 -308.3912353515625 
v 927.9212036132812 -258.3023376464844 -316.2879943847656 
v 931.8145141601562 -285.84002685546875 -315.3982238769531 
v 928.7408447265625 -321.5945739746094 -316.51043701171875 
v 914.1511840820312 -263.41015625 -309.1697998046875 
v 918.8231201171875 -286.9504089355469 -308.5024719238281 
v 919.2329711914062 -320.48419189453125 -311.28302001953125 
v 917.4297485351562 -331.1439514160156 -311.39422607421875 
v 927.1425170898438 -339.80499267578125 -316.0655517578125 
v 916.0773315429688 -338.91668701171875 -311.39422607421875 
v 919.6837768554688 -125.49971008300781 -268.12890625 
v 917.1018676757812 -143.2659454345703 -267.0166931152344 
v 889.643798828125 -127.05424499511719 -268.7962341308594 
v 885.9554443359375 -138.60231018066406 -280.2521057128906 
v 892.3076782226562 -170.13739013671875 -277.13787841796875 
v 892.3076782226562 -170.13739013671875 -303.9423828125 
v 888.5783081054688 -192.3451690673828 -279.9184265136719 
v 888.5783081054688 -192.34518432617188 -303.9423828125 
v 888.5783081054688 -192.34518432617188 -327.8551025390625 
v 892.3076782226562 -170.1374053955078 -330.6356506347656 
v 919.7247314453125 -197.2309112548828 -343.64862060546875 
v 920.8722534179688 -169.69322204589844 -342.0915222167969 
v 917.1018676757812 -143.26596069335938 -340.7568664550781 
v 885.9554443359375 -138.60232543945312 -327.5214538574219 
v 885.9554443359375 -138.60231018066406 -303.9423828125 
v 884.60302734375 -120.83607482910156 -284.4785461425781 
v 885.8734741210938 -109.9542465209961 -269.35235595703125 
v 886.4882202148438 -110.84254455566406 -286.36932373046875 
v 884.6849975585938 -121.05814361572266 -303.9423828125 
v 884.60302734375 -120.8360824584961 -323.2950134277344 
v 889.643798828125 -127.05425262451172 -338.9773254394531 
v 919.6837768554688 -125.49971771240234 -339.6446533203125 
v 920.8722534179688 -169.69320678710938 -265.6820068359375 
v 919.7247314453125 -197.23089599609375 -264.1249084472656 
v 885.8734741210938 -109.95425415039062 -338.42120361328125 
v 886.4882202148438 -110.8425521850586 -321.40423583984375 
v 891.73388671875 -98.18412017822266 -318.5124816894531 
v 896.4058837890625 -95.51918029785156 -336.9753112792969 
v 898.33203125 -85.0815200805664 -312.1728210449219 
v 890.4224853515625 -97.9620361328125 -303.9423828125 
v 894.8895263671875 -84.19319152832031 -303.9423828125 
v 898.33203125 -85.0815200805664 -295.6007385253906 
v 891.73388671875 -98.18412017822266 -289.2610778808594 
v 896.4058837890625 -95.5191650390625 -270.7982482910156 
v 885.8324584960938 -111.2867202758789 -303.9423828125 
v 875.9967651367188 -228.98806762695312 -287.2590637207031 
v 876.775390625 -244.97767639160156 -292.0416259765625 
v 882.3079833984375 -248.97506713867188 -273.5787658691406 
v 885.9554443359375 -257.6361083984375 -287.48150634765625 
v 876.775390625 -244.97767639160156 -303.9423522949219 
v 875.9967651367188 -228.98806762695312 -303.9423828125 
v 879.8900756835938 -216.32960510253906 -277.3603210449219 
v 888.5372924804688 -240.53610229492188 -260.677001953125 
v 888.7421875 -285.6179504394531 -276.2480773925781 
v 892.1846923828125 -286.72833251953125 -289.3722839355469 
v 903.6597290039062 -287.3945617675781 -298.1588134765625 
v 898.1271362304688 -263.18804931640625 -297.0466003417969 
v 894.7255859375 -254.30494689941406 -300.3832702636719 
v 894.7255859375 -254.30494689941406 -303.9423522949219 
v 913.4544677734375 -249.41921997070312 -299.38226318359375 
v 913.29052734375 -249.6413116455078 -303.9423522949219 
v 914.1511840820312 -263.41015625 -298.60369873046875 
v 918.8231201171875 -286.9504089355469 -299.2710266113281 
v 919.2329711914062 -320.48419189453125 -296.490478515625 
v 908.0858154296875 -320.48419189453125 -295.7119140625 
v 917.4297485351562 -331.1439514160156 -296.3792419433594 
v 906.8153686523438 -337.1400451660156 -295.6007080078125 
v 916.0773315429688 -338.9166564941406 -296.3792419433594 
v 899.5205078125 -321.1504211425781 -289.14984130859375 
v 896.856689453125 -322.4828796386719 -279.4735107421875 
v 899.848388671875 -335.58551025390625 -289.5947265625 
v 897.9222412109375 -334.2530212402344 -280.69696044921875 
v 901.077880859375 -324.0374450683594 -270.2420959472656 
v 901.6925659179688 -334.03094482421875 -272.3553161621094 
v 909.7660522460938 -334.91925048828125 -267.6839904785156 
v 910.5447387695312 -325.1478271484375 -265.0146484375 
v 907.6759643554688 -283.1750793457031 -257.1178894042969 
v 894.6436767578125 -284.0633850097656 -264.013671875 
v 902.3483276367188 -235.65037536621094 -253.55880737304688 
v 911.8971557617188 -216.32960510253906 -260.5657958984375 
v 919.7247314453125 -197.23089599609375 -264.1249084472656 
v 888.5783081054688 -192.3451690673828 -279.9184265136719 
v 879.8900756835938 -216.32960510253906 -303.9423828125 
v 888.5783081054688 -192.34518432617188 -303.9423828125 
v 888.5783081054688 -192.34518432617188 -327.8551025390625 
v 879.8900756835938 -216.32962036132812 -330.4132080078125 
v 919.7247314453125 -197.2309112548828 -343.64862060546875 
v 911.8971557617188 -216.32962036132812 -347.2077331542969 
v 902.3483276367188 -235.650390625 -354.2147216796875 
v 888.5372924804688 -240.53611755371094 -347.09649658203125 
v 894.6436767578125 -284.06341552734375 -343.75982666015625 
v 907.6759643554688 -283.17510986328125 -350.6556091308594 
v 901.077880859375 -324.0374450683594 -337.5314025878906 
v 910.5447387695312 -325.1478271484375 -342.7588195800781 
v 909.7660522460938 -334.9192810058594 -340.0895080566406 
v 901.6925659179688 -334.03094482421875 -335.4181823730469 
v 897.9222412109375 -334.2530212402344 -327.0765380859375 
v 896.856689453125 -322.48291015625 -328.2999572753906 
v 899.848388671875 -335.58551025390625 -318.17877197265625 
v 888.7421875 -285.6179504394531 -331.5254211425781 
v 882.3079833984375 -248.97508239746094 -334.19476318359375 
v 875.9967651367188 -228.98806762695312 -320.5144348144531 
v 876.775390625 -244.97767639160156 -315.7319030761719 
v 894.7255859375 -254.30494689941406 -307.3902587890625 
v 913.4544677734375 -249.41921997070312 -308.3912353515625 
v 914.1511840820312 -263.41015625 -309.1697998046875 
v 898.1271362304688 -263.1880798339844 -310.7268981933594 
v 918.8231201171875 -286.9504089355469 -308.5024719238281 
v 885.9554443359375 -257.6361083984375 -320.2919921875 
v 903.6597290039062 -287.3945617675781 -309.61468505859375 
v 919.2329711914062 -320.48419189453125 -311.28302001953125 
v 908.0858154296875 -320.48419189453125 -312.0615539550781 
v 917.4297485351562 -331.1439514160156 -311.39422607421875 
v 906.8153686523438 -337.1400451660156 -312.17279052734375 
v 916.0773315429688 -338.91668701171875 -311.39422607421875 
v 899.5205078125 -321.1504211425781 -318.6236572265625 
v 892.1846923828125 -286.72833251953125 -318.4012145996094 
v 916.0773315429688 -338.9166564941406 -296.3792419433594 
v 917.4297485351562 -331.1439514160156 -296.3792419433594 
v 927.1425170898438 -339.80499267578125 -291.7079162597656 
v 928.7408447265625 -321.5945739746094 -291.2630615234375 
v 931.8145141601562 -285.84002685546875 -292.3752746582031 
v 918.8231201171875 -286.9504089355469 -299.2710266113281 
v 914.1511840820312 -263.41015625 -298.60369873046875 
v 927.9212036132812 -258.3023376464844 -291.4855041503906 
v 919.2329711914062 -320.48419189453125 -296.490478515625 
v 916.0773315429688 -338.9166564941406 -296.3792419433594 
v 914.3560791015625 -343.35821533203125 -297.0466003417969 
v 906.8153686523438 -337.1400451660156 -295.6007080078125 
v 903.6187744140625 -347.133544921875 -297.1578063964844 
v 911.6922607421875 -350.4647216796875 -298.0475769042969 
v 905.5858764648438 -378.8907165527344 -299.2710266113281 
v 895.7911376953125 -374.0050048828125 -298.3812561035156 
v 905.6678466796875 -453.06475830078125 -292.04156494140625 
v 900.422119140625 -452.3985290527344 -291.4854736328125 
v 888.455322265625 -370.0075988769531 -291.2630310058594 
v 896.4468383789062 -451.7322998046875 -287.8151550292969 
v 886.40625 -368.67510986328125 -280.69696044921875 
v 895.2993774414062 -451.2881164550781 -282.2540283203125 
v 890.4224853515625 -370.45172119140625 -270.6869812011719 
v 897.3484497070312 -451.51019287109375 -276.9153747558594 
v 898.94677734375 -374.4491271972656 -265.1258544921875 
v 901.8975219726562 -452.17645263671875 -274.02362060546875 
v 906.0776977539062 -347.133544921875 -265.6819763183594 
v 899.0697021484375 -344.4685974121094 -270.909423828125 
v 895.7911376953125 -343.5802917480469 -280.36328125 
v 897.5123901367188 -344.4686279296875 -290.4844970703125 
v 899.848388671875 -335.58551025390625 -289.5947265625 
v 897.9222412109375 -334.2530212402344 -280.69696044921875 
v 901.6925659179688 -334.03094482421875 -272.3553161621094 
v 909.7660522460938 -334.91925048828125 -267.6839904785156 
v 909.7660522460938 -334.91925048828125 -267.6839904785156 
v 915.9544067382812 -345.35693359375 -267.23907470703125 
v 919.0690307617188 -336.47381591796875 -268.4625244140625 
v 928.9867553710938 -338.25042724609375 -274.468505859375 
v 906.0776977539062 -347.133544921875 -265.6819763183594 
v 914.192138671875 -350.4647216796875 -266.5717468261719 
v 898.94677734375 -374.4491271972656 -265.1258544921875 
v 908.7415161132812 -379.55694580078125 -266.0156555175781 
v 901.8975219726562 -452.17645263671875 -274.02362060546875 
v 907.1432495117188 -452.8426818847656 -274.468505859375 
v 916.0773315429688 -383.3322448730469 -273.13385009765625 
v 911.1184692382812 -453.5089111328125 -278.25006103515625 
v 918.12646484375 -384.66473388671875 -283.699951171875 
v 912.2659912109375 -453.7309875488281 -283.8111572265625 
v 914.1101684570312 -383.1101989746094 -293.7099304199219 
v 910.2168579101562 -453.7309875488281 -289.03857421875 
v 905.5858764648438 -378.8907165527344 -299.2710266113281 
v 905.6678466796875 -453.06475830078125 -292.04156494140625 
v 911.6922607421875 -350.4647216796875 -298.0475769042969 
v 918.7412109375 -353.1296691894531 -292.70892333984375 
v 921.978759765625 -354.0179748535156 -283.25506591796875 
v 920.2575073242188 -353.1296691894531 -273.2450866699219 
v 930.9129028320312 -339.3608093261719 -283.36627197265625 
v 927.1425170898438 -339.80499267578125 -291.7079162597656 
v 916.0773315429688 -338.9166564941406 -296.3792419433594 
v 914.3560791015625 -343.35821533203125 -297.0466003417969 
v 917.4707641601562 -163.69712829589844 -233.7613067626953 
v 917.1428833007812 -156.8126983642578 -236.54183959960938 
v 907.061279296875 -160.58802795410156 -227.6440887451172 
v 907.1022338867188 -154.14776611328125 -229.8685302734375 
v 917.6756591796875 -143.71009826660156 -243.21517944335938 
v 906.7333984375 -140.37892150878906 -235.65206909179688 
v 916.4052124023438 -122.6126937866211 -256.56182861328125 
v 911.1184692382812 -119.72566223144531 -246.66305541992188 
v 912.429931640625 -113.9516372680664 -248.10894775390625 
v 917.5936889648438 -113.06333923339844 -257.6740417480469 
v 908.7415161132812 -105.73475646972656 -249.66604614257812 
v 919.6837768554688 -125.49971008300781 -268.12890625 
v 916.1593017578125 -148.1516571044922 -253.11392211914062 
v 915.8314208984375 -161.92050170898438 -247.7752685546875 
v 915.995361328125 -168.3607635498047 -244.1049346923828 
v 904.1514892578125 -170.13739013671875 -248.22015380859375 
v 904.5613403320312 -164.1412811279297 -252.11293029785156 
v 903.454833984375 -150.5945281982422 -257.3403625488281 
v 889.643798828125 -127.05424499511719 -268.7962341308594 
v 891.16015625 -123.94514465332031 -257.3403625488281 
v 885.8734741210938 -109.9542465209961 -269.35235595703125 
v 888.783203125 -110.62047576904297 -258.34136962890625 
v 896.4058837890625 -95.5191650390625 -270.7982482910156 
v 897.430419921875 -98.85034942626953 -259.4535827636719 
v 893.7830200195312 -112.39710235595703 -248.66505432128906 
v 899.3975830078125 -104.8464584350586 -249.99972534179688 
v 908.7415161132812 -105.73475646972656 -249.66604614257812 
v 902.7991333007812 -113.72957611083984 -247.77528381347656 
v 912.429931640625 -113.9516372680664 -248.10894775390625 
v 911.1184692382812 -119.72566223144531 -246.66305541992188 
v 895.1354370117188 -120.39189910888672 -247.2191619873047 
v 892.5125732421875 -147.70748901367188 -250.44459533691406 
v 894.479736328125 -161.6984100341797 -245.43960571289062 
v 895.053466796875 -167.02828979492188 -241.76927185058594 
v 895.7501831054688 -156.59060668945312 -234.20619201660156 
v 896.3239135742188 -162.80880737304688 -232.31541442871094 
v 907.061279296875 -160.58802795410156 -227.6440887451172 
v 907.1022338867188 -154.14776611328125 -229.8685302734375 
v 906.7333984375 -140.37892150878906 -235.65206909179688 
v 894.1109008789062 -142.82179260253906 -239.7672882080078 
v 907.7169799804688 -167.2503662109375 -222.41665649414062 
v 895.9960327148438 -169.91529846191406 -226.97674560546875 
v 907.061279296875 -160.58802795410156 -227.6440887451172 
v 896.3239135742188 -162.80880737304688 -232.31541442871094 
v 895.1763916015625 -175.2451629638672 -238.54383850097656 
v 895.053466796875 -167.02828979492188 -241.76927185058594 
v 904.1514892578125 -170.13739013671875 -248.22015380859375 
v 905.1760864257812 -177.9101104736328 -245.5508270263672 
v 916.3232421875 -175.46725463867188 -240.99072265625 
v 915.995361328125 -168.3607635498047 -244.1049346923828 
v 918.08544921875 -170.1373748779297 -229.4236297607422 
v 917.4707641601562 -163.69712829589844 -233.7613067626953 
v 907.061279296875 -160.58802795410156 -227.6440887451172 
v 907.7169799804688 -167.2503662109375 -222.41665649414062 
v 916.5281372070312 -211.22181701660156 -212.6291046142578 
v 908.7415161132812 -209.66725158691406 -207.40167236328125 
v 908.6595458984375 -216.32958984375 -207.40167236328125 
v 914.192138671875 -217.4399871826172 -210.96078491210938 
v 914.3151245117188 -215.66336059570312 -220.97076416015625 
v 912.1840209960938 -220.7711639404297 -216.96676635742188 
v 906.8563232421875 -216.10751342773438 -224.41864013671875 
v 907.2251586914062 -220.32699584960938 -219.4136505126953 
v 899.0697021484375 -214.3308868408203 -219.1912078857422 
v 900.0123291015625 -211.22181701660156 -210.73834228515625 
v 908.7415161132812 -209.66725158691406 -207.40167236328125 
v 908.6595458984375 -216.32958984375 -207.40167236328125 
v 902.3892822265625 -217.4399871826172 -209.73733520507812 
v 901.6925659179688 -219.43869018554688 -215.7433319091797 
v 924.2327880859375 -233.42959594726562 -202.28546142578125 
v 924.2327880859375 -235.87245178222656 -204.62112426757812 
v 918.413330078125 -226.9893341064453 -203.95379638671875 
v 917.51171875 -229.8763427734375 -207.8465576171875 
v 916.7330322265625 -226.32310485839844 -202.73036193847656 
v 914.7659301757812 -228.76596069335938 -209.07000732421875 
v 917.224853515625 -230.76466369628906 -199.8385772705078 
v 916.1183471679688 -231.430908203125 -204.9547882080078 
v 916.4052124023438 -235.4282989501953 -202.1742401123047 
v 917.5526733398438 -235.4282989501953 -197.83657836914062 
v 917.6756591796875 -238.98155212402344 -196.3907012939453 
v 916.5691528320312 -238.98155212402344 -200.5059051513672 
v 917.2658081054688 -255.6374053955078 -191.83059692382812 
v 916.4461669921875 -254.52700805664062 -194.83358764648438 
v 901.6925659179688 -219.43869018554688 -215.7433319091797 
v 902.3892822265625 -217.4399871826172 -209.73733520507812 
v 898.98779296875 -226.9893341064453 -208.29144287109375 
v 899.8893432617188 -225.6568603515625 -201.95179748535156 
v 897.5534057617188 -231.65296936035156 -203.84255981445312 
v 898.659912109375 -231.2088165283203 -198.72634887695312 
v 897.3074951171875 -235.87245178222656 -201.06201171875 
v 898.4550170898438 -235.87245178222656 -196.83558654785156 
v 898.8648071289062 -239.4257049560547 -195.6121368408203 
v 897.75830078125 -239.20364379882812 -199.6161346435547 
v 902.51220703125 -254.97116088867188 -194.49990844726562 
v 903.3318481445312 -255.85946655273438 -191.3856964111328 
v 901.6925659179688 -219.43869018554688 -215.7433319091797 
v 898.98779296875 -226.9893341064453 -208.29144287109375 
v 906.6104736328125 -227.43348693847656 -212.072998046875 
v 906.15966796875 -231.65296936035156 -207.73533630371094 
v 916.1183471679688 -231.430908203125 -204.9547882080078 
v 916.4052124023438 -235.4282989501953 -202.1742401123047 
v 914.7659301757812 -228.76596069335938 -209.07000732421875 
v 907.2251586914062 -220.32699584960938 -219.4136505126953 
v 912.1840209960938 -220.7711639404297 -216.96676635742188 
v 920.5443725585938 -226.9893341064453 -213.07398986816406 
v 917.51171875 -229.8763427734375 -207.8465576171875 
v 925.8311157226562 -233.87374877929688 -206.62310791015625 
v 924.2327880859375 -235.87245178222656 -204.62112426757812 
v 897.5534057617188 -231.65296936035156 -203.84255981445312 
v 897.3074951171875 -235.87245178222656 -201.06201171875 
v 906.2825927734375 -235.65037536621094 -205.06600952148438 
v 906.6104736328125 -238.98155212402344 -202.95278930664062 
v 916.5691528320312 -238.98155212402344 -200.5059051513672 
v 916.4461669921875 -254.52700805664062 -194.83358764648438 
v 909.0693969726562 -254.304931640625 -196.16824340820312 
v 897.75830078125 -239.20364379882812 -199.6161346435547 
v 902.51220703125 -254.97116088867188 -194.49990844726562 
v 933.8226318359375 -79.52957916259766 -294.3772888183594 
v 934.0275268554688 -75.0879898071289 -293.7099609375 
v 929.51953125 -66.64901733398438 -288.8161926269531 
v 935.2570190429688 -65.31658935546875 -293.3763122558594 
v 933.0849609375 -57.543861389160156 -290.15087890625 
v 936.4864501953125 -53.32437515258789 -296.0456237792969 
v 938.8224487304688 -66.20489501953125 -299.4935302734375 
v 940.0109252929688 -57.543861389160156 -303.9423828125 
v 938.2077026367188 -47.99448013305664 -297.1578674316406 
v 933.65869140625 -47.77241897583008 -291.930419921875 
v 932.47021484375 -52.213966369628906 -290.3733215332031 
v 924.6016235351562 -48.2165412902832 -286.2580871582031 
v 935.6668090820312 -81.97241973876953 -303.9423828125 
v 936.937255859375 -77.75293731689453 -303.9423828125 
v 934.0685424804688 -40.665924072265625 -291.2630920410156 
v 939.6011352539062 -39.7775764465332 -303.9424133300781 
v 920.3394775390625 -31.56071662902832 -288.5937805175781 
v 921.978759765625 -27.119171142578125 -303.9424133300781 
v 920.3394775390625 -31.56072235107422 -319.1798095703125 
v 934.0685424804688 -40.66592788696289 -316.510498046875 
v 924.6016235351562 -48.216548919677734 -321.5154724121094 
v 933.65869140625 -47.772422790527344 -315.8431396484375 
v 938.2077026367188 -47.994483947753906 -310.61572265625 
v 939.4371948242188 -47.994483947753906 -303.9424133300781 
v 936.4864501953125 -53.324378967285156 -311.7279357910156 
v 932.47021484375 -52.21397018432617 -317.4002685546875 
v 933.0849609375 -57.54386520385742 -317.6227111816406 
v 929.51953125 -66.6490249633789 -318.9573669433594 
v 935.2570190429688 -65.31659698486328 -314.39727783203125 
v 938.8224487304688 -66.20489501953125 -308.2800598144531 
v 944.9288330078125 -65.7607192993164 -303.9423828125 
v 939.7240600585938 -69.31396484375 -303.9423828125 
v 934.0275268554688 -75.0879898071289 -314.0635986328125 
v 933.8226318359375 -79.52958679199219 -313.3962707519531 
v 929.51953125 -66.64901733398438 -288.8161926269531 
v 922.1017456054688 -68.42566680908203 -286.48052978515625 
v 933.8226318359375 -79.52957916259766 -294.3772888183594 
v 922.92138671875 -78.19710540771484 -293.26507568359375 
v 914.7659301757812 -68.6477279663086 -286.7029724121094 
v 915.2167358398438 -61.31916809082031 -284.58978271484375 
v 910.1349487304688 -58.432159423828125 -284.70098876953125 
v 900.9959106445312 -65.7607192993164 -289.70599365234375 
v 908.0038452148438 -54.878910064697266 -284.4785461425781 
v 895.38134765625 -60.430870056152344 -287.14788818359375 
v 893.9059448242188 -43.55293273925781 -290.15087890625 
v 908.249755859375 -50.88148880004883 -285.03466796875 
v 911.5283203125 -48.88277816772461 -284.3673400878906 
v 904.7252807617188 -34.44772720336914 -287.14788818359375 
v 914.1511840820312 -50.88148880004883 -283.2550964355469 
v 920.3394775390625 -31.56071662902832 -288.5937805175781 
v 924.6016235351562 -48.2165412902832 -286.2580871582031 
v 921.978759765625 -27.119171142578125 -303.9424133300781 
v 902.6351928710938 -28.673707962036133 -303.9424133300781 
v 889.7667846679688 -42.44252395629883 -303.9424133300781 
v 889.0291137695312 -60.43087387084961 -303.9423828125 
v 898.045166015625 -70.64643859863281 -303.9423828125 
v 901.7335815429688 -70.64643859863281 -295.0446472167969 
v 910.0939331054688 -73.97762298583984 -290.9294128417969 
v 918.0444946289062 -80.19579315185547 -295.0446472167969 
v 924.10986328125 -81.97241973876953 -303.9423828125 
v 935.6668090820312 -81.97241973876953 -303.9423828125 
v 920.7083129882812 -82.19450378417969 -303.9423828125 
v 914.1511840820312 -50.88148880004883 -283.2550964355469 
v 911.0364990234375 -48.66071701049805 -282.14288330078125 
v 911.5283203125 -48.88277816772461 -284.3673400878906 
v 907.635009765625 -50.88148880004883 -281.36431884765625 
v 908.249755859375 -50.88148880004883 -285.03466796875 
v 907.4301147460938 -54.878910064697266 -281.697998046875 
v 908.0038452148438 -54.878910064697266 -284.4785461425781 
v 909.438232421875 -58.876285552978516 -282.6990051269531 
v 910.1349487304688 -58.432159423828125 -284.70098876953125 
v 915.2167358398438 -61.31916809082031 -284.58978271484375 
v 916.0773315429688 -338.91668701171875 -311.39422607421875 
v 914.3560791015625 -343.3582458496094 -310.7268981933594 
v 906.8153686523438 -337.1400451660156 -312.17279052734375 
v 903.6187744140625 -347.133544921875 -310.61566162109375 
v 911.6922607421875 -350.4647216796875 -309.72589111328125 
v 905.5858764648438 -378.8907165527344 -308.50244140625 
v 895.7911376953125 -374.0050048828125 -309.3922119140625 
v 905.6678466796875 -453.06475830078125 -315.73187255859375 
v 900.422119140625 -452.3985290527344 -316.2879638671875 
v 888.455322265625 -370.0075988769531 -316.51043701171875 
v 896.4468383789062 -451.7322998046875 -319.95831298828125 
v 886.40625 -368.67510986328125 -327.0765075683594 
v 895.2993774414062 -451.28814697265625 -325.5194091796875 
v 890.4224853515625 -370.4517517089844 -337.0865173339844 
v 897.3484497070312 -451.5102233886719 -330.8580627441406 
v 898.94677734375 -374.44915771484375 -342.6476135253906 
v 901.8975219726562 -452.17645263671875 -333.74981689453125 
v 906.0776977539062 -347.133544921875 -342.09149169921875 
v 899.0697021484375 -344.4686279296875 -336.86407470703125 
v 895.7911376953125 -343.580322265625 -327.4101867675781 
v 897.5123901367188 -344.4686279296875 -317.28900146484375 
v 899.848388671875 -335.58551025390625 -318.17877197265625 
v 897.9222412109375 -334.2530212402344 -327.0765380859375 
v 901.6925659179688 -334.03094482421875 -335.4181823730469 
v 909.7660522460938 -334.9192810058594 -340.0895080566406 
v 909.7660522460938 -334.9192810058594 -340.0895080566406 
v 915.9544067382812 -345.35693359375 -340.5343933105469 
v 919.0690307617188 -336.47381591796875 -339.3109436035156 
v 928.9867553710938 -338.25042724609375 -333.3049621582031 
v 906.0776977539062 -347.133544921875 -342.09149169921875 
v 914.192138671875 -350.4647216796875 -341.20172119140625 
v 898.94677734375 -374.44915771484375 -342.6476135253906 
v 908.7415161132812 -379.55694580078125 -341.7578125 
v 901.8975219726562 -452.17645263671875 -333.74981689453125 
v 907.1432495117188 -452.8426818847656 -333.304931640625 
v 916.0773315429688 -383.332275390625 -334.6396179199219 
v 911.1184692382812 -453.5089111328125 -329.5234069824219 
v 918.12646484375 -384.66473388671875 -324.0735168457031 
v 912.2659912109375 -453.7309875488281 -323.9622802734375 
v 914.1101684570312 -383.1101989746094 -314.06353759765625 
v 910.2168579101562 -453.7309875488281 -318.73486328125 
v 905.5858764648438 -378.8907165527344 -308.50244140625 
v 905.6678466796875 -453.06475830078125 -315.73187255859375 
v 911.6922607421875 -350.4647216796875 -309.72589111328125 
v 918.7412109375 -353.1296691894531 -315.0645446777344 
v 921.978759765625 -354.0179748535156 -324.5184326171875 
v 920.2575073242188 -353.1296691894531 -334.5284118652344 
v 930.9129028320312 -339.36083984375 -324.4071960449219 
v 927.1425170898438 -339.80499267578125 -316.0655517578125 
v 916.0773315429688 -338.91668701171875 -311.39422607421875 
v 914.3560791015625 -343.3582458496094 -310.7268981933594 
v 917.4707641601562 -163.6971435546875 -374.0122375488281 
v 917.1428833007812 -156.81271362304688 -371.231689453125 
v 907.061279296875 -160.58804321289062 -380.12945556640625 
v 907.1022338867188 -154.14779663085938 -377.9049987792969 
v 917.6756591796875 -143.71011352539062 -364.5583801269531 
v 906.7333984375 -140.3789520263672 -372.1214599609375 
v 916.4052124023438 -122.61270904541016 -351.21173095703125 
v 911.1184692382812 -119.72567749023438 -361.1105041503906 
v 912.429931640625 -113.95166015625 -359.66461181640625 
v 917.5936889648438 -113.0633544921875 -350.0995178222656 
v 908.7415161132812 -105.73477172851562 -358.1075134277344 
v 919.6837768554688 -125.49971771240234 -339.6446533203125 
v 916.1593017578125 -148.1516876220703 -354.65960693359375 
v 915.8314208984375 -161.92051696777344 -359.9982604980469 
v 915.995361328125 -168.36077880859375 -363.6685791015625 
v 904.1514892578125 -170.1374053955078 -359.5533752441406 
v 904.5613403320312 -164.14129638671875 -355.6606140136719 
v 894.479736328125 -161.6984405517578 -362.33392333984375 
v 895.053466796875 -167.02830505371094 -366.0042419433594 
v 895.7501831054688 -156.5906219482422 -373.5673522949219 
v 896.3239135742188 -162.80882263183594 -375.4581298828125 
v 907.061279296875 -160.58804321289062 -380.12945556640625 
v 907.1022338867188 -154.14779663085938 -377.9049987792969 
v 906.7333984375 -140.3789520263672 -372.1214599609375 
v 894.1109008789062 -142.82180786132812 -368.0062561035156 
v 911.1184692382812 -119.72567749023438 -361.1105041503906 
v 895.1354370117188 -120.39191436767578 -360.55438232421875 
v 893.7830200195312 -112.3971176147461 -359.1084899902344 
v 902.7991333007812 -113.7295913696289 -359.998291015625 
v 912.429931640625 -113.95166015625 -359.66461181640625 
v 908.7415161132812 -105.73477172851562 -358.1075134277344 
v 899.3975830078125 -104.84647369384766 -357.7738342285156 
v 897.430419921875 -98.8503646850586 -348.3199768066406 
v 888.783203125 -110.62049102783203 -349.43218994140625 
v 896.4058837890625 -95.51918029785156 -336.9753112792969 
v 885.8734741210938 -109.95425415039062 -338.42120361328125 
v 891.16015625 -123.94515991210938 -350.43316650390625 
v 892.5125732421875 -147.70750427246094 -357.3289489746094 
v 903.454833984375 -150.59454345703125 -350.43316650390625 
v 889.643798828125 -127.05425262451172 -338.9773254394531 
v 908.6595458984375 -216.32962036132812 -400.3718566894531 
v 902.3892822265625 -217.4400177001953 -398.03619384765625 
v 908.7415161132812 -209.6672821044922 -400.3718566894531 
v 900.0123291015625 -211.2218475341797 -397.0351867675781 
v 907.7169799804688 -167.25039672851562 -385.35687255859375 
v 895.9960327148438 -169.91531372070312 -380.7967834472656 
v 907.061279296875 -160.58804321289062 -380.12945556640625 
v 896.3239135742188 -162.80882263183594 -375.4581298828125 
v 901.6925659179688 -219.438720703125 -392.0301818847656 
v 899.0697021484375 -214.33091735839844 -388.5823059082031 
v 907.2251586914062 -220.3270263671875 -388.35986328125 
v 906.8563232421875 -216.1075439453125 -383.3548889160156 
v 912.1840209960938 -220.7711944580078 -390.8067626953125 
v 914.3151245117188 -215.66339111328125 -386.8027648925781 
v 914.192138671875 -217.4400177001953 -396.812744140625 
v 916.5281372070312 -211.2218475341797 -395.1444091796875 
v 908.6595458984375 -216.32962036132812 -400.3718566894531 
v 908.7415161132812 -209.6672821044922 -400.3718566894531 
v 918.08544921875 -170.1374053955078 -378.3498840332031 
v 907.7169799804688 -167.25039672851562 -385.35687255859375 
v 907.061279296875 -160.58804321289062 -380.12945556640625 
v 917.4707641601562 -163.6971435546875 -374.0122375488281 
v 915.995361328125 -168.36077880859375 -363.6685791015625 
v 916.3232421875 -175.46726989746094 -366.7828063964844 
v 904.1514892578125 -170.1374053955078 -359.5533752441406 
v 905.1760864257812 -177.91014099121094 -362.22271728515625 
v 895.1763916015625 -175.2451934814453 -369.2297058105469 
v 895.053466796875 -167.02830505371094 -366.0042419433594 
v 924.2327880859375 -233.42962646484375 -405.4880676269531 
v 918.413330078125 -226.98936462402344 -403.8197326660156 
v 924.2327880859375 -235.8724822998047 -403.15240478515625 
v 917.51171875 -229.87637329101562 -399.9269714355469 
v 916.7330322265625 -226.32313537597656 -405.0431823730469 
v 914.7659301757812 -228.7659912109375 -398.7035217285156 
v 917.224853515625 -230.76470947265625 -407.9349365234375 
v 916.1183471679688 -231.43093872070312 -402.8187255859375 
v 916.4052124023438 -235.4283447265625 -405.5992736816406 
v 917.5526733398438 -235.4283447265625 -409.93695068359375 
v 917.6756591796875 -238.98158264160156 -411.3828125 
v 916.5691528320312 -238.98158264160156 -407.2676086425781 
v 917.2658081054688 -255.63743591308594 -415.94293212890625 
v 916.4461669921875 -254.5270538330078 -412.9399108886719 
v 901.6925659179688 -219.438720703125 -392.0301818847656 
v 902.3892822265625 -217.4400177001953 -398.03619384765625 
v 898.98779296875 -226.98936462402344 -399.4820556640625 
v 899.8893432617188 -225.65689086914062 -405.82171630859375 
v 897.5534057617188 -231.6529998779297 -403.9309387207031 
v 898.659912109375 -231.20884704589844 -409.0471496582031 
v 897.3074951171875 -235.8724822998047 -406.71148681640625 
v 898.4550170898438 -235.8724822998047 -410.93792724609375 
v 898.8648071289062 -239.4257354736328 -412.161376953125 
v 897.75830078125 -239.20367431640625 -408.1573791503906 
v 902.51220703125 -254.97120666503906 -413.2735900878906 
v 903.3318481445312 -255.8594970703125 -416.3877868652344 
v 901.6925659179688 -219.438720703125 -392.0301818847656 
v 898.98779296875 -226.98936462402344 -399.4820556640625 
v 906.6104736328125 -227.4335174560547 -395.7005310058594 
v 906.15966796875 -231.6529998779297 -400.0381774902344 
v 916.1183471679688 -231.43093872070312 -402.8187255859375 
v 916.4052124023438 -235.4283447265625 -405.5992736816406 
v 914.7659301757812 -228.7659912109375 -398.7035217285156 
v 907.2251586914062 -220.3270263671875 -388.35986328125 
v 912.1840209960938 -220.7711944580078 -390.8067626953125 
v 920.5443725585938 -226.98936462402344 -394.69952392578125 
v 917.51171875 -229.87637329101562 -399.9269714355469 
v 925.8311157226562 -233.873779296875 -401.150390625 
v 924.2327880859375 -235.8724822998047 -403.15240478515625 
v 897.5534057617188 -231.6529998779297 -403.9309387207031 
v 897.3074951171875 -235.8724822998047 -406.71148681640625 
v 906.2825927734375 -235.65040588378906 -402.7074890136719 
v 906.6104736328125 -238.98158264160156 -404.8207092285156 
v 916.5691528320312 -238.98158264160156 -407.2676086425781 
v 916.4461669921875 -254.5270538330078 -412.9399108886719 
v 909.0693969726562 -254.30496215820312 -411.6052551269531 
v 897.75830078125 -239.20367431640625 -408.1573791503906 
v 902.51220703125 -254.97120666503906 -413.2735900878906 
v 929.51953125 -66.6490249633789 -318.9573669433594 
v 922.1017456054688 -68.42566680908203 -321.29302978515625 
v 933.8226318359375 -79.52958679199219 -313.3962707519531 
v 922.92138671875 -78.19711303710938 -314.50848388671875 
v 914.7659301757812 -68.64773559570312 -321.0705871582031 
v 915.2167358398438 -61.319175720214844 -323.1838073730469 
v 910.1349487304688 -58.43216323852539 -323.07257080078125 
v 900.9959106445312 -65.7607192993164 -318.0675964355469 
v 908.0038452148438 -54.8789176940918 -323.2950134277344 
v 895.38134765625 -60.43087387084961 -320.6257019042969 
v 893.9059448242188 -43.55293655395508 -317.6227111816406 
v 908.249755859375 -50.88149642944336 -322.7389221191406 
v 911.5283203125 -48.88278579711914 -323.40625 
v 904.7252807617188 -34.447731018066406 -320.6257019042969 
v 914.1511840820312 -50.88149642944336 -324.5184631347656 
v 920.3394775390625 -31.56072235107422 -319.1798095703125 
v 924.6016235351562 -48.216548919677734 -321.5154724121094 
v 921.978759765625 -27.119171142578125 -303.9424133300781 
v 902.6351928710938 -28.673707962036133 -303.9424133300781 
v 889.7667846679688 -42.44252395629883 -303.9424133300781 
v 889.0291137695312 -60.43087387084961 -303.9423828125 
v 898.045166015625 -70.64643859863281 -303.9423828125 
v 901.7335815429688 -70.64644622802734 -312.72894287109375 
v 910.0939331054688 -73.97763061523438 -316.8441467285156 
v 918.0444946289062 -80.19580078125 -312.72894287109375 
v 924.10986328125 -81.97241973876953 -303.9423828125 
v 935.6668090820312 -81.97241973876953 -303.9423828125 
v 920.7083129882812 -82.19450378417969 -303.9423828125 
v 914.1511840820312 -50.88149642944336 -324.5184631347656 
v 911.0364990234375 -48.66072463989258 -325.63067626953125 
v 911.5283203125 -48.88278579711914 -323.40625 
v 907.635009765625 -50.88149642944336 -326.40924072265625 
v 908.249755859375 -50.88149642944336 -322.7389221191406 
v 907.4301147460938 -54.8789176940918 -326.0755615234375 
v 908.0038452148438 -54.8789176940918 -323.2950134277344 
v 909.438232421875 -58.87629318237305 -325.0745849609375 
v 910.1349487304688 -58.43216323852539 -323.07257080078125 
v 915.2167358398438 -61.319175720214844 -323.1838073730469 
v 919.7247314453125 -197.2309112548828 -343.64862060546875 
v 920.8722534179688 -169.69322204589844 -342.0915222167969 
v 944.150146484375 -202.33871459960938 -327.8551025390625 
v 942.6337890625 -169.47116088867188 -328.5224304199219 
v 944.150146484375 -202.33871459960938 -303.9423828125 
v 942.6337890625 -169.47116088867188 -303.9423828125 
v 942.6337890625 -169.4711456298828 -279.2510986328125 
v 944.150146484375 -202.3386993408203 -279.9184265136719 
v 948.2483520507812 -147.70750427246094 -327.5214538574219 
v 917.1018676757812 -143.26596069335938 -340.7568664550781 
v 950.2974853515625 -131.05165100097656 -326.7428894042969 
v 919.6837768554688 -125.49971771240234 -339.6446533203125 
v 933.4537963867188 -115.0620346069336 -325.96435546875 
v 920.8722534179688 -113.0633544921875 -339.31097412109375 
v 922.88037109375 -97.9620361328125 -315.6206970214844 
v 913.7823486328125 -97.2957992553711 -337.53143310546875 
v 914.9298095703125 -89.74515533447266 -312.1728210449219 
v 906.6514282226562 -87.30229187011719 -316.28802490234375 
v 896.4058837890625 -95.51918029785156 -336.9753112792969 
v 898.33203125 -85.0815200805664 -312.1728210449219 
v 918.372314453125 -90.63345336914062 -303.9423828125 
v 922.88037109375 -97.9620361328125 -303.9423828125 
v 933.4537963867188 -115.0620346069336 -303.9423828125 
v 950.2974853515625 -131.05165100097656 -303.9423828125 
v 948.2483520507812 -147.70750427246094 -303.9423828125 
v 948.2483520507812 -147.70748901367188 -280.2521057128906 
v 920.8722534179688 -169.69320678710938 -265.6820068359375 
v 917.1018676757812 -143.2659454345703 -267.0166931152344 
v 950.2974853515625 -131.05165100097656 -281.0306396484375 
v 933.4537963867188 -115.06202697753906 -281.8092041015625 
v 919.7247314453125 -197.23089599609375 -264.1249084472656 
v 919.6837768554688 -125.49971008300781 -268.12890625 
v 920.8722534179688 -113.06333923339844 -268.4625549316406 
v 922.88037109375 -97.96202850341797 -292.1528625488281 
v 913.7823486328125 -97.29579162597656 -270.24212646484375 
v 914.9298095703125 -89.74514770507812 -295.6007385253906 
v 906.6514282226562 -87.30229187011719 -291.48553466796875 
v 896.4058837890625 -95.5191650390625 -270.7982482910156 
v 898.33203125 -85.0815200805664 -295.6007385253906 
v 896.4058837890625 -95.5191650390625 -270.7982482910156 
v 913.7823486328125 -97.29579162597656 -270.24212646484375 
v 897.430419921875 -98.85034942626953 -259.4535827636719 
v 911.7742309570312 -100.18280029296875 -259.11993408203125 
v 899.3975830078125 -104.8464584350586 -249.99972534179688 
v 920.8722534179688 -113.06333923339844 -268.4625549316406 
v 918.372314453125 -90.63345336914062 -303.9423828125 
v 914.9298095703125 -89.74514770507812 -295.6007385253906 
v 920.7083129882812 -82.19450378417969 -303.9423828125 
v 918.0444946289062 -80.19579315185547 -295.0446472167969 
v 906.6514282226562 -87.30229187011719 -291.48553466796875 
v 910.0939331054688 -73.97762298583984 -290.9294128417969 
v 898.33203125 -85.0815200805664 -295.6007385253906 
v 901.7335815429688 -70.64643859863281 -295.0446472167969 
v 894.8895263671875 -84.19319152832031 -303.9423828125 
v 898.045166015625 -70.64643859863281 -303.9423828125 
v 901.7335815429688 -70.64644622802734 -312.72894287109375 
v 898.33203125 -85.0815200805664 -312.1728210449219 
v 910.0939331054688 -73.97763061523438 -316.8441467285156 
v 906.6514282226562 -87.30229187011719 -316.28802490234375 
v 918.0444946289062 -80.19580078125 -312.72894287109375 
v 914.9298095703125 -89.74515533447266 -312.1728210449219 
v 920.7083129882812 -82.19450378417969 -303.9423828125 
v 918.372314453125 -90.63345336914062 -303.9423828125 
v 907.020263671875 -481.04656982421875 -292.7088928222656 
v 897.75830078125 -467.9439697265625 -291.8191223144531 
v 899.4385375976562 -481.04656982421875 -292.04156494140625 
v 892.1437377929688 -467.7218933105469 -287.259033203125 
v 893.6600952148438 -481.04656982421875 -286.7029113769531 
v 890.4634399414062 -467.49981689453125 -280.4744873046875 
v 891.9388427734375 -481.04656982421875 -278.6949462890625 
v 893.3732299804688 -467.49981689453125 -274.02362060546875 
v 894.9305419921875 -481.2686462402344 -271.1318359375 
v 899.7254638671875 -467.2777404785156 -270.4645080566406 
v 901.4876708984375 -481.2686462402344 -267.0166320800781 
v 901.8975219726562 -452.17645263671875 -274.02362060546875 
v 897.3484497070312 -451.51019287109375 -276.9153747558594 
v 895.2993774414062 -451.2881164550781 -282.2540283203125 
v 896.4468383789062 -451.7322998046875 -287.8151550292969 
v 900.422119140625 -452.3985290527344 -291.4854736328125 
v 905.1760864257812 -467.9439697265625 -292.375244140625 
v 905.6678466796875 -453.06475830078125 -292.04156494140625 
v 920.0526123046875 -466.1673583984375 -272.5777282714844 
v 945.62548828125 -476.3829345703125 -269.352294921875 
v 907.1432495117188 -452.8426818847656 -274.468505859375 
v 907.1432495117188 -467.49981689453125 -270.68695068359375 
v 899.7254638671875 -467.2777404785156 -270.4645080566406 
v 901.4876708984375 -481.2686462402344 -267.0166320800781 
v 909.0693969726562 -481.49072265625 -267.6839599609375 
v 946.3222045898438 -481.7127990722656 -267.6839599609375 
v 901.8975219726562 -452.17645263671875 -274.02362060546875 
v 944.2730712890625 -481.2686767578125 -292.82012939453125 
v 950.7892456054688 -481.4907531738281 -288.59368896484375 
v 913.5774536132812 -481.04656982421875 -288.59368896484375 
v 916.5281372070312 -481.2686462402344 -281.0306091308594 
v 907.020263671875 -481.04656982421875 -292.7088928222656 
v 902.9630126953125 -481.04656982421875 -282.4764709472656 
v 899.4385375976562 -481.04656982421875 -292.04156494140625 
v 893.6600952148438 -481.04656982421875 -286.7029113769531 
v 903.16796875 -481.2686462402344 -276.1368408203125 
v 891.9388427734375 -481.04656982421875 -278.6949462890625 
v 901.4876708984375 -481.2686462402344 -267.0166320800781 
v 894.9305419921875 -481.2686462402344 -271.1318359375 
v 909.0693969726562 -481.49072265625 -267.6839599609375 
v 914.847900390625 -481.2686462402344 -273.0226135253906 
v 952.0596923828125 -481.71282958984375 -273.0226135253906 
v 953.7809448242188 -481.4907531738281 -281.0306091308594 
v 946.3222045898438 -481.7127990722656 -267.6839599609375 
v 905.6678466796875 -453.06475830078125 -292.04156494140625 
v 918.5772705078125 -466.3894348144531 -290.1507873535156 
v 905.1760864257812 -467.9439697265625 -292.375244140625 
v 943.6583862304688 -476.82708740234375 -290.595703125 
v 907.020263671875 -481.04656982421875 -292.7088928222656 
v 944.2730712890625 -481.2686767578125 -292.82012939453125 
v 917.2658081054688 -255.6374053955078 -191.83059692382812 
v 917.6756591796875 -238.98155212402344 -196.3907012939453 
v 910.7086791992188 -256.30364990234375 -190.05104064941406 
v 908.864501953125 -239.4257049560547 -193.0540313720703 
v 903.3318481445312 -255.85946655273438 -191.3856964111328 
v 898.8648071289062 -239.4257049560547 -195.6121368408203 
v 908.5775756835938 -235.65036010742188 -193.9438018798828 
v 898.4550170898438 -235.87245178222656 -196.83558654785156 
v 908.3317260742188 -230.76466369628906 -195.94580078125 
v 898.659912109375 -231.2088165283203 -198.72634887695312 
v 908.4136962890625 -225.21270751953125 -199.282470703125 
v 899.8893432617188 -225.6568603515625 -201.95179748535156 
v 908.6595458984375 -216.32958984375 -207.40167236328125 
v 902.3892822265625 -217.4399871826172 -209.73733520507812 
v 917.5526733398438 -235.4282989501953 -197.83657836914062 
v 917.224853515625 -230.76466369628906 -199.8385772705078 
v 916.7330322265625 -226.32310485839844 -202.73036193847656 
v 914.192138671875 -217.4399871826172 -210.96078491210938 
v 918.413330078125 -226.9893341064453 -203.95379638671875 
v 921.6509399414062 -223.65817260742188 -209.62611389160156 
v 924.2327880859375 -233.42959594726562 -202.28546142578125 
v 925.8720703125 -231.430908203125 -204.28746032714844 
v 916.4461669921875 -254.52700805664062 -194.83358764648438 
v 909.0693969726562 -254.304931640625 -196.16824340820312 
v 917.2658081054688 -255.6374053955078 -191.83059692382812 
v 902.51220703125 -254.97116088867188 -194.49990844726562 
v 910.7086791992188 -256.30364990234375 -190.05104064941406 
v 903.3318481445312 -255.85946655273438 -191.3856964111328 
v 914.192138671875 -217.4399871826172 -210.96078491210938 
v 912.1840209960938 -220.7711639404297 -216.96676635742188 
v 921.6509399414062 -223.65817260742188 -209.62611389160156 
v 920.5443725585938 -226.9893341064453 -213.07398986816406 
v 925.8720703125 -231.430908203125 -204.28746032714844 
v 925.8311157226562 -233.87374877929688 -206.62310791015625 
v 924.2327880859375 -233.42959594726562 -202.28546142578125 
v 924.2327880859375 -235.87245178222656 -204.62112426757812 
v 907.1432495117188 -452.8426818847656 -274.468505859375 
v 911.1184692382812 -453.5089111328125 -278.25006103515625 
v 920.0526123046875 -466.1673583984375 -272.5777282714844 
v 924.0278930664062 -466.8335876464844 -276.3592834472656 
v 945.62548828125 -476.3829345703125 -269.352294921875 
v 951.2400512695312 -476.6050109863281 -273.9123840332031 
v 946.3222045898438 -481.7127990722656 -267.6839599609375 
v 952.0596923828125 -481.71282958984375 -273.0226135253906 
v 952.9203491210938 -476.82708740234375 -280.5857238769531 
v 953.7809448242188 -481.4907531738281 -281.0306091308594 
v 912.2659912109375 -453.7309875488281 -283.8111572265625 
v 925.1754150390625 -467.0556640625 -281.9203796386719 
v 910.2168579101562 -453.7309875488281 -289.03857421875 
v 923.1262817382812 -467.0556640625 -287.1477966308594 
v 905.6678466796875 -453.06475830078125 -292.04156494140625 
v 918.5772705078125 -466.3894348144531 -290.1507873535156 
v 950.0515747070312 -476.82708740234375 -287.0365905761719 
v 950.7892456054688 -481.4907531738281 -288.59368896484375 
v 943.6583862304688 -476.82708740234375 -290.595703125 
v 944.2730712890625 -481.2686767578125 -292.82012939453125 
v 909.438232421875 -58.876285552978516 -282.6990051269531 
v 915.2167358398438 -61.31916809082031 -284.58978271484375 
v 907.4301147460938 -54.878910064697266 -281.697998046875 
v 914.1511840820312 -50.88148880004883 -283.2550964355469 
v 911.0364990234375 -48.66071701049805 -282.14288330078125 
v 907.635009765625 -50.88148880004883 -281.36431884765625 
v 896.4058837890625 -95.51918029785156 -336.9753112792969 
v 897.430419921875 -98.8503646850586 -348.3199768066406 
v 913.7823486328125 -97.2957992553711 -337.53143310546875 
v 911.7742309570312 -100.18281555175781 -348.65362548828125 
v 920.8722534179688 -113.0633544921875 -339.31097412109375 
v 899.3975830078125 -104.84647369384766 -357.7738342285156 
v 901.4876708984375 -481.2686767578125 -340.7568054199219 
v 894.9305419921875 -481.2686767578125 -336.6416015625 
v 899.7254638671875 -467.2777404785156 -337.3089294433594 
v 893.3732299804688 -467.4998474121094 -333.74981689453125 
v 901.8975219726562 -452.17645263671875 -333.74981689453125 
v 897.3484497070312 -451.5102233886719 -330.8580627441406 
v 890.4634399414062 -467.49981689453125 -327.2989501953125 
v 895.2993774414062 -451.28814697265625 -325.5194091796875 
v 892.1437377929688 -467.7218933105469 -320.514404296875 
v 896.4468383789062 -451.7322998046875 -319.95831298828125 
v 897.75830078125 -467.9440002441406 -315.9543151855469 
v 899.4385375976562 -481.0466003417969 -315.73187255859375 
v 907.020263671875 -481.0466003417969 -315.06451416015625 
v 905.1760864257812 -467.9440002441406 -315.398193359375 
v 900.422119140625 -452.3985290527344 -316.2879638671875 
v 905.6678466796875 -453.06475830078125 -315.73187255859375 
v 893.6600952148438 -481.0466003417969 -321.0705261230469 
v 891.9388427734375 -481.0466003417969 -329.0784912109375 
v 901.8975219726562 -452.17645263671875 -333.74981689453125 
v 907.1432495117188 -452.8426818847656 -333.304931640625 
v 899.7254638671875 -467.2777404785156 -337.3089294433594 
v 907.1432495117188 -467.4998474121094 -337.08648681640625 
v 901.4876708984375 -481.2686767578125 -340.7568054199219 
v 909.0693969726562 -481.4907531738281 -340.0894775390625 
v 946.3222045898438 -481.71282958984375 -340.0894775390625 
v 945.62548828125 -476.3829650878906 -338.421142578125 
v 920.0526123046875 -466.1673583984375 -335.1957092285156 
v 944.2730712890625 -481.2686767578125 -314.95330810546875 
v 950.7892456054688 -481.4907531738281 -319.17974853515625 
v 913.5774536132812 -481.0466003417969 -319.17974853515625 
v 916.5281372070312 -481.2686767578125 -326.7428283691406 
v 907.020263671875 -481.0466003417969 -315.06451416015625 
v 902.9630126953125 -481.0466003417969 -325.2969665527344 
v 899.4385375976562 -481.0466003417969 -315.73187255859375 
v 893.6600952148438 -481.0466003417969 -321.0705261230469 
v 903.16796875 -481.2686767578125 -331.6365966796875 
v 891.9388427734375 -481.0466003417969 -329.0784912109375 
v 901.4876708984375 -481.2686767578125 -340.7568054199219 
v 894.9305419921875 -481.2686767578125 -336.6416015625 
v 953.7809448242188 -481.4907531738281 -326.7428283691406 
v 914.847900390625 -481.2686767578125 -334.7508239746094 
v 952.0596923828125 -481.71282958984375 -334.7508239746094 
v 909.0693969726562 -481.4907531738281 -340.0894775390625 
v 946.3222045898438 -481.71282958984375 -340.0894775390625 
v 905.6678466796875 -453.06475830078125 -315.73187255859375 
v 905.1760864257812 -467.9440002441406 -315.398193359375 
v 918.5772705078125 -466.3894348144531 -317.6226501464844 
v 943.6583862304688 -476.8271179199219 -317.177734375 
v 907.020263671875 -481.0466003417969 -315.06451416015625 
v 944.2730712890625 -481.2686767578125 -314.95330810546875 
v 917.2658081054688 -255.63743591308594 -415.94293212890625 
v 917.6756591796875 -238.98158264160156 -411.3828125 
v 910.7086791992188 -256.3036804199219 -417.72247314453125 
v 908.864501953125 -239.4257354736328 -414.719482421875 
v 903.3318481445312 -255.8594970703125 -416.3877868652344 
v 898.8648071289062 -239.4257354736328 -412.161376953125 
v 908.5775756835938 -235.65040588378906 -413.8297119140625 
v 898.4550170898438 -235.8724822998047 -410.93792724609375 
v 908.3317260742188 -230.76470947265625 -411.82769775390625 
v 898.659912109375 -231.20884704589844 -409.0471496582031 
v 908.4136962890625 -225.21275329589844 -408.4910583496094 
v 899.8893432617188 -225.65689086914062 -405.82171630859375 
v 908.6595458984375 -216.32962036132812 -400.3718566894531 
v 902.3892822265625 -217.4400177001953 -398.03619384765625 
v 917.5526733398438 -235.4283447265625 -409.93695068359375 
v 917.224853515625 -230.76470947265625 -407.9349365234375 
v 916.7330322265625 -226.32313537597656 -405.0431823730469 
v 914.192138671875 -217.4400177001953 -396.812744140625 
v 918.413330078125 -226.98936462402344 -403.8197326660156 
v 921.6509399414062 -223.658203125 -398.14739990234375 
v 924.2327880859375 -233.42962646484375 -405.4880676269531 
v 925.8720703125 -231.43093872070312 -403.4860534667969 
v 916.4461669921875 -254.5270538330078 -412.9399108886719 
v 909.0693969726562 -254.30496215820312 -411.6052551269531 
v 917.2658081054688 -255.63743591308594 -415.94293212890625 
v 902.51220703125 -254.97120666503906 -413.2735900878906 
v 910.7086791992188 -256.3036804199219 -417.72247314453125 
v 903.3318481445312 -255.8594970703125 -416.3877868652344 
v 914.192138671875 -217.4400177001953 -396.812744140625 
v 912.1840209960938 -220.7711944580078 -390.8067626953125 
v 921.6509399414062 -223.658203125 -398.14739990234375 
v 920.5443725585938 -226.98936462402344 -394.69952392578125 
v 925.8720703125 -231.43093872070312 -403.4860534667969 
v 925.8311157226562 -233.873779296875 -401.150390625 
v 924.2327880859375 -233.42962646484375 -405.4880676269531 
v 924.2327880859375 -235.8724822998047 -403.15240478515625 
v 907.1432495117188 -452.8426818847656 -333.304931640625 
v 911.1184692382812 -453.5089111328125 -329.5234069824219 
v 920.0526123046875 -466.1673583984375 -335.1957092285156 
v 924.0278930664062 -466.8335876464844 -331.4141540527344 
v 945.62548828125 -476.3829650878906 -338.421142578125 
v 951.2400512695312 -476.60504150390625 -333.8610534667969 
v 946.3222045898438 -481.71282958984375 -340.0894775390625 
v 952.0596923828125 -481.71282958984375 -334.7508239746094 
v 952.9203491210938 -476.8271179199219 -327.1877136230469 
v 953.7809448242188 -481.4907531738281 -326.7428283691406 
v 912.2659912109375 -453.7309875488281 -323.9622802734375 
v 925.1754150390625 -467.0556640625 -325.8530578613281 
v 910.2168579101562 -453.7309875488281 -318.73486328125 
v 923.1262817382812 -467.0556640625 -320.6256408691406 
v 905.6678466796875 -453.06475830078125 -315.73187255859375 
v 918.5772705078125 -466.3894348144531 -317.6226501464844 
v 950.0515747070312 -476.8271179199219 -320.7368469238281 
v 950.7892456054688 -481.4907531738281 -319.17974853515625 
v 943.6583862304688 -476.8271179199219 -317.177734375 
v 944.2730712890625 -481.2686767578125 -314.95330810546875 
v 909.438232421875 -58.87629318237305 -325.0745849609375 
v 915.2167358398438 -61.319175720214844 -323.1838073730469 
v 907.4301147460938 -54.8789176940918 -326.0755615234375 
v 914.1511840820312 -50.88149642944336 -324.5184631347656 
v 911.0364990234375 -48.66072463989258 -325.63067626953125 
v 907.635009765625 -50.88149642944336 -326.40924072265625 
v 895.38134765625 -60.430870056152344 -287.14788818359375 
v 895.2993774414062 -74.42174530029297 -286.7029724121094 
v 908.208740234375 -68.6477279663086 -284.1448669433594 
v 894.5617065429688 -91.74385833740234 -278.4725646972656 
v 894.6846313476562 -91.52177429199219 -281.5867614746094 
v 884.275146484375 -111.73087310791016 -281.5867614746094 
v 882.6768188476562 -114.61788177490234 -278.4725341796875 
v 879.9310302734375 -121.50228881835938 -289.81719970703125 
v 877.7589721679688 -125.72177124023438 -287.9264221191406 
v 873.0460205078125 -123.27893829345703 -302.8301696777344 
v 869.890380859375 -127.72048950195312 -302.8301696777344 
v 887.7586669921875 -91.74385833740234 -286.7029724121094 
v 881.324462890625 -91.74386596679688 -303.9423828125 
v 888.8651733398438 -74.4217529296875 -303.9423828125 
v 889.0291137695312 -60.43087387084961 -303.9423828125 
v 895.2993774414062 -74.4217529296875 -321.0705871582031 
v 895.38134765625 -60.43087387084961 -320.6257019042969 
v 908.0038452148438 -54.8789176940918 -323.2950134277344 
v 908.208740234375 -68.64773559570312 -323.6286926269531 
v 906.446533203125 -59.320465087890625 -320.84814453125 
v 888.7012329101562 -91.74385833740234 -288.8161926269531 
v 887.7586669921875 -91.74386596679688 -321.0705871582031 
v 875.1361083984375 -121.5022964477539 -320.4032287597656 
v 894.5617065429688 -91.74386596679688 -328.07757568359375 
v 906.6104736328125 -71.31268310546875 -321.1817932128906 
v 895.34033203125 -76.42046356201172 -318.84613037109375 
v 895.38134765625 -64.4282455444336 -318.5124816894531 
v 889.8487548828125 -64.4282455444336 -303.8311767578125 
v 889.643798828125 -76.42046356201172 -303.8311767578125 
v 895.38134765625 -64.4282455444336 -289.1498718261719 
v 888.7012329101562 -91.74386596679688 -318.84613037109375 
v 894.6846313476562 -91.52178192138672 -325.0745849609375 
v 882.6768188476562 -114.61788940429688 -328.07757568359375 
v 884.275146484375 -111.73088073730469 -325.0745544433594 
v 877.6360473632812 -117.72698211669922 -318.2900390625 
v 883.0457153320312 -91.74386596679688 -303.8311767578125 
v 895.34033203125 -76.42046356201172 -288.8161926269531 
v 906.6104736328125 -71.31267547607422 -286.48052978515625 
v 906.446533203125 -59.320457458496094 -286.814208984375 
v 908.0038452148438 -54.878910064697266 -284.4785461425781 
v 918.0444946289062 -80.19580078125 -312.72894287109375 
v 920.7083129882812 -82.19450378417969 -303.9423828125 
v 910.0939331054688 -73.97763061523438 -316.8441467285156 
v 901.7335815429688 -70.64644622802734 -312.72894287109375 
v 898.045166015625 -70.64643859863281 -303.9423828125 
v 901.7335815429688 -70.64643859863281 -295.0446472167969 
v 910.0939331054688 -73.97762298583984 -290.9294128417969 
v 918.0444946289062 -80.19579315185547 -295.0446472167969 
vn -0.002244683215394616 0.0017173555679619312 0.009592292830348015 
vn 0.003961962182074785 0.0014152858639135957 0.009071924723684788 
vn -0.0000754736247472465 0.003363114083185792 0.009417206048965454 
vn 0.007298610173165798 0.0026549536269158125 0.006299326661974192 
vn 0.008048957213759422 -0.00037131193676032126 0.005922534968703985 
vn -0.0018015376990661025 -0.0014152828371152282 0.009734034538269043 
vn 0.0035989878233522177 -0.0010684559820219874 0.009268531575798988 
vn -0.0020237837452441454 -0.0021886792965233326 0.009545364417135715 
vn 0.003610001178458333 -0.0024013128131628036 0.009011193178594112 
vn -0.0020976841915398836 -0.0003276441420894116 0.009772020392119884 
vn 0.0030796590726822615 -0.002654951298609376 0.009136023931205273 
vn 0.0032962120603770018 -0.0015449199127033353 0.009313872084021568 
vn 0.0081333564594388 -0.0017603812739253044 0.005545229185372591 
vn 0.008051740936934948 -0.0028230410534888506 0.005215352866798639 
vn 0.009896717965602875 -0.001111891120672226 -0.0009047994972206652 
vn 0.009459294378757477 -0.0031150926370173693 -0.0009044014732353389 
vn 0.008492021821439266 -0.0006767372251488268 0.005237135570496321 
vn 0.008517504669725895 -0.0001529219007352367 0.005237245466560125 
vn 0.009697746485471725 -0.0011118906550109386 0.0021719587966799736 
vn 0.00970395840704441 -0.0017603819724172354 0.0016535567119717598 
vn 0.009663838893175125 -0.0016742926090955734 0.0019511409336701035 
vn 0.00879873801022768 -0.0006331373006105423 0.004709708038717508 
vn 0.0011856601340696216 0.0006331396871246397 0.009909255430102348 
vn 0.009994630701839924 -0.0003276457136962563 5.33803695690338e-11 
vn 0.009899342432618141 -0.0014152844669297338 2.3057955544913966e-10 
vn 0.009663838893175125 -0.0016742933075875044 -0.0019511403515934944 
vn 0.00879873801022768 -0.000633138814009726 -0.004709707573056221 
vn 0.008048957213759422 -0.00037131388671696186 -0.005922534968703985 
vn -0.0000754736247472465 0.0033631110563874245 -0.009417206980288029 
vn 0.0011856601340696216 0.0006331364274956286 -0.009909255430102348 
vn 0.00991711113601923 -0.00010923282388830557 -0.0012802237179130316 
vn 0.009920717217028141 -0.001198693411424756 -0.0003775045042857528 
vn -0.002244683215394616 0.0017173525411635637 -0.00959229376167059 
vn 0.003961962182074785 0.00141528295353055 -0.009071925655007362 
vn 0.007298610173165798 0.0026549517642706633 -0.006299327593296766 
vn 0.008517504669725895 -0.00015292360330931842 -0.005237245466560125 
vn 0.0035989878233522177 -0.001068459008820355 -0.009268531575798988 
vn 0.008492021821439266 -0.0006767389713786542 -0.005237135104835033 
vn 0.003610001178458333 -0.002401315839961171 -0.009011192247271538 
vn -0.0020237837452441454 -0.0021886825561523438 -0.009545363485813141 
vn -0.0020976841915398836 -0.0003276473144069314 -0.009772020392119884 
vn 0.0030796590726822615 -0.0026549540925771 -0.009136022999882698 
vn 0.0032962120603770018 -0.0015449229395017028 -0.009313871152698994 
vn 0.0081333564594388 -0.0017603831365704536 -0.005545228254050016 
vn 0.008051740936934948 -0.002823042916134 -0.005215351935476065 
vn 0.009896717965602875 -0.0011118907714262605 0.0009047999046742916 
vn 0.009459294378757477 -0.0031150924041867256 0.0009044025209732354 
vn -0.0018015376990661025 -0.0014152859803289175 -0.009734034538269043 
vn 0.00991711113601923 -0.00010923240915872157 0.0012802237179130316 
vn 0.009920717217028141 -0.0011986932950094342 0.00037750491173937917 
vn 0.009697746485471725 -0.0011118913535028696 -0.0021719583310186863 
vn 0.00970395840704441 -0.0017603824380785227 -0.0016535561298951507 
vn 0.009776297956705093 -0.0021033294033259153 3.4267652604391685e-10 
vn 0.009325808845460415 -0.003608821425586939 -0.00007551109592895955 
vn 0.009367751888930798 -0.003486266592517495 -0.00030194659484550357 
vn 0.006910759024322033 -0.006875353865325451 -0.0022295552771538496 
vn 0.009032581932842731 -0.0042909737676382065 6.990897305492183e-10 
vn 0.009325808845460415 -0.003608821425586939 0.00007551226735813543 
vn 0.009367751888930798 -0.0034862663596868515 0.0003019477298948914 
vn 0.006910759024322033 -0.006875352934002876 0.002229557605460286 
vn 0.005526149179786444 -0.008334367536008358 1.3578435043015702e-9 
vn 0.0025021580513566732 -0.0076822456903755665 -0.005892563611268997 
vn 0.0024225162342190742 -0.009702134877443314 1.5806814745999986e-9 
vn 0.0025021580513566732 -0.007682243827730417 0.005892565939575434 
vn 0.007094869390130043 -0.0014585237950086594 0.006894601974636316 
vn 0.0071762180887162685 0.00015292387979570776 0.0069626509211957455 
vn 0.007195642217993736 -0.0007638974930159748 0.006902115419507027 
vn 0.0015978158917278051 -0.0008509992621839046 0.00983477383852005 
vn 0.0020987659227102995 -0.00006553881394211203 0.009777058847248554 
vn 0.002225999254733324 -0.0006331364857032895 0.009728518314659595 
vn 0.001802201964892447 -0.00019660836551338434 0.009834297932684422 
vn 0.007122425828129053 -0.0022312933579087257 0.006655251607298851 
vn 0.001950675155967474 -0.00015292114403564483 0.009806705638766289 
vn 0.0077746557071805 -0.00028397125424817204 0.006282840855419636 
vn 0.00045277661411091685 -0.0002839706721715629 0.009985707700252533 
vn -0.008895529434084892 -0.004132458940148354 0.0019473941065371037 
vn -0.008847631514072418 -0.0020178165286779404 0.004200932569801807 
vn -0.007964062504470348 -0.00002184595723520033 0.006047580856829882 
vn -0.00999883096665144 -0.00015292274474631995 2.4916395335861097e-11 
vn -0.008272332139313221 0.002443707548081875 0.005059329327195883 
vn -0.009675020352005959 0.002528350567445159 -0.000037758334656246006 
vn -0.008272332139313221 0.0024437059182673693 -0.005059330258518457 
vn -0.007964062504470348 -0.00002184792720072437 -0.006047580856829882 
vn 0.0011856601340696216 0.0006331364274956286 -0.009909255430102348 
vn 0.0008296574815176427 0.0001529211294837296 -0.00996435061097145 
vn 0.00045277661411091685 -0.0002839739026967436 -0.009985707700252533 
vn -0.008847631514072418 -0.0020178179256618023 -0.004200931638479233 
vn -0.009905431419610977 -0.001372016966342926 2.235324286781193e-10 
vn -0.00996492151170969 0.00010923275112872943 0.0008297049789689481 
vn -0.009586706757545471 0.0023163931909948587 0.0016520825447514653 
vn -0.009640458039939404 0.002654952695593238 -0.00011315527808619663 
vn -0.009993103332817554 0.00037131289718672633 -6.049260398155454e-11 
vn -0.00996492151170969 0.00010923248191829771 -0.000829705037176609 
vn -0.008895529434084892 -0.004132459405809641 -0.0019473927095532417 
vn 0.0077746557071805 -0.00028397332062013447 -0.006282840855419636 
vn 0.0008296574815176427 0.00015292437456082553 0.00996435061097145 
vn 0.0011856601340696216 0.0006331396871246397 0.009909255430102348 
vn -0.009586706757545471 0.0023163924925029278 -0.0016520833596587181 
vn -0.009640458039939404 0.002654952695593238 0.00011315441224724054 
vn -0.00889401976019144 0.004448177758604288 -0.0010536267654970288 
vn -0.00438613910228014 0.008522403426468372 -0.002851389814168215 
vn -0.007359260693192482 0.004448177292943001 -0.00510440906509757 
vn -0.009194295853376389 0.003932545892894268 -6.406924435431449e-10 
vn -0.009446462616324425 0.0032806876115500927 0.00003770861076191068 
vn -0.007359260693192482 0.00444817915558815 0.0051044076681137085 
vn -0.00889401976019144 0.004448178224265575 0.001053625368513167 
vn -0.00438613910228014 0.008522404357790947 0.002851387020200491 
vn -0.009663880802690983 0.002570600714534521 -0.000037714868085458875 
vn -0.009848255664110184 0.0007203255081549287 0.0015789216849952936 
vn -0.009105881676077843 -0.004132458940148354 0.00007548253779532388 
vn -0.009324006736278534 -0.0018892615335062146 0.003081168048083782 
vn -0.008414694108068943 -0.003932546824216843 -0.0037051315885037184 
vn -0.008394233882427216 -0.005434780847281218 8.85441664433273e-10 
vn -0.009922564961016178 0.0012420606799423695 -2.0235571551729947e-10 
vn -0.008394119329750538 0.0029067671857774258 0.004592325538396835 
vn -0.006849547848105431 0.00037131409044377506 0.0072763883508741856 
vn -0.009715169668197632 -0.0020178169943392277 0.0012425334425643086 
vn -0.00829463079571724 -0.0015880768187344074 -0.00535510154440999 
vn -0.0035085282288491726 -0.0007639001705683768 -0.009333096444606781 
vn -0.0035412621218711138 -0.0019750043284147978 -0.009141051210463047 
vn -0.003083909163251519 -0.008334368467330933 -0.004585609771311283 
vn -0.0011335997842252254 -0.009935540147125721 1.6187083895502496e-9 
vn 0.0025021580513566732 -0.0076822456903755665 -0.005892563611268997 
vn 0.0024225162342190742 -0.009702134877443314 1.5806814745999986e-9 
vn 0.0015978158917278051 -0.0008510024636052549 -0.00983477383852005 
vn 0.0020987659227102995 -0.00006554200081154704 -0.009777058847248554 
vn 0.002225999254733324 -0.0006331396289169788 -0.009728518314659595 
vn -0.003422516630962491 -0.00045862674596719444 -0.00938488356769085 
vn 0.001802201964892447 -0.00019661156693473458 -0.009834297932684422 
vn -0.0035274941474199295 0.0012854028027504683 -0.009268469177186489 
vn 0.001950675155967474 -0.00015292434545699507 -0.009806705638766289 
vn -0.008290525525808334 -0.0008945289300754666 -0.005519692320376635 
vn -0.00983840599656105 -0.0015449211932718754 0.0009049708023667336 
vn -0.008396130986511707 0.0011986924801021814 -0.005297936499118805 
vn -0.009937907569110394 0.0008510009502060711 0.0007167953881435096 
vn -0.007141964975744486 -0.0019750017672777176 0.006715035531669855 
vn -0.007530926261097193 0.0003276467905379832 0.0065709808841347694 
vn -0.0020976841915398836 -0.0003276441420894116 0.009772020392119884 
vn -0.0020237837452441454 -0.0021886792965233326 0.009545364417135715 
vn -0.0018015376990661025 -0.0014152828371152282 0.009734034538269043 
vn -0.006909347604960203 -0.0018463358283042908 0.006989418063312769 
vn -0.002244683215394616 0.0017173555679619312 0.009592292830348015 
vn -0.0000754736247472465 0.003363114083185792 0.009417206048965454 
vn 0.0011856601340696216 0.0006331396871246397 0.009909255430102348 
vn -0.008272332139313221 0.002443707548081875 0.005059329327195883 
vn -0.009488728828728199 0.003156582359224558 -5.142715697736833e-10 
vn -0.009675020352005959 0.002528350567445159 -0.000037758334656246006 
vn -0.008272332139313221 0.0024437059182673693 -0.005059330258518457 
vn -0.008394119329750538 0.002906765788793564 -0.00459232646971941 
vn 0.0011856601340696216 0.0006331364274956286 -0.009909255430102348 
vn -0.0000754736247472465 0.0033631110563874245 -0.009417206980288029 
vn -0.002244683215394616 0.0017173525411635637 -0.00959229376167059 
vn -0.006849547848105431 0.00037131173303350806 -0.0072763883508741856 
vn -0.006909347604960203 -0.0018463381566107273 -0.006989417597651482 
vn -0.0018015376990661025 -0.0014152859803289175 -0.009734034538269043 
vn -0.007141964975744486 -0.0019750038627535105 -0.006715035066008568 
vn -0.0020237837452441454 -0.0021886825561523438 -0.009545363485813141 
vn -0.0020976841915398836 -0.0003276473144069314 -0.009772020392119884 
vn -0.007530926261097193 0.00032764466595835984 -0.006570981349796057 
vn -0.009937907569110394 0.0008510007173754275 -0.0007167956791818142 
vn -0.00983840599656105 -0.0015449215425178409 -0.0009049702784977853 
vn -0.008396130986511707 0.0011986942263320088 0.005297936033457518 
vn -0.009715169668197632 -0.002017817460000515 -0.0012425327440723777 
vn -0.009324006736278534 -0.001889262581244111 -0.0030811673495918512 
vn -0.009848255664110184 0.0007203249842859805 -0.0015789219178259373 
vn -0.009105881676077843 -0.004132459405809641 -0.00007548119174316525 
vn -0.003083909163251519 -0.008334366604685783 0.00458561209961772 
vn 0.0025021580513566732 -0.007682243827730417 0.005892565939575434 
vn 0.0015978158917278051 -0.0008509992621839046 0.00983477383852005 
vn -0.0035412621218711138 -0.0019750013016164303 0.009141052141785622 
vn 0.0020987659227102995 -0.00006553881394211203 0.009777058847248554 
vn -0.008414694108068943 -0.003932545427232981 0.0037051329854875803 
vn -0.0035085282288491726 -0.0007638971437700093 0.009333096444606781 
vn 0.002225999254733324 -0.0006331364857032895 0.009728518314659595 
vn -0.003422516630962491 -0.0004586236900649965 0.00938488356769085 
vn 0.001802201964892447 -0.00019660836551338434 0.009834297932684422 
vn -0.0035274941474199295 0.0012854058295488358 0.009268469177186489 
vn 0.001950675155967474 -0.00015292114403564483 0.009806705638766289 
vn -0.008290525525808334 -0.0008945271256379783 0.005519692320376635 
vn -0.00829463079571724 -0.00158807507250458 0.005355102010071278 
vn 0.001950675155967474 -0.00015292434545699507 -0.009806705638766289 
vn 0.001802201964892447 -0.00019661156693473458 -0.009834297932684422 
vn 0.007122425828129053 -0.0022312954533845186 -0.006655251141637564 
vn 0.007195642217993736 -0.0007638997631147504 -0.006902115419507027 
vn 0.0071762180887162685 0.00015292160969693214 -0.0069626509211957455 
vn 0.0020987659227102995 -0.00006554200081154704 -0.009777058847248554 
vn 0.0015978158917278051 -0.0008510024636052549 -0.00983477383852005 
vn 0.007094869390130043 -0.001458526006899774 -0.006894601508975029 
vn 0.002225999254733324 -0.0006331396289169788 -0.009728518314659595 
vn 0.001950675155967474 -0.00015292434545699507 -0.009806705638766289 
vn 0.0021723334211856127 0.00015292115858756006 -0.009759998880326748 
vn -0.0035274941474199295 0.0012854028027504683 -0.009268469177186489 
vn -0.0036967394407838583 0.0020605914760380983 -0.009060246869921684 
vn 0.002539036562666297 0.00019660838006529957 -0.009670296683907509 
vn 0.002079708967357874 -0.0005459040403366089 -0.009766104631125927 
vn -0.004376412834972143 0.00024029193446040154 -0.008988285437226295 
vn 0.0018754861084744334 0.0003713112964760512 -0.009815532714128494 
vn -0.003965696785598993 -0.00010923411173280329 -0.009179395623505116 
vn -0.008721612393856049 0.0010684566805139184 -0.004774083383381367 
vn -0.008603548631072044 0.00045862438855692744 -0.00507627846673131 
vn -0.009873341768980026 0.001328723388724029 0.0008669624803587794 
vn -0.009932189248502254 0.0008510009502060711 0.0007920958450995386 
vn -0.007792107295244932 0.0007638996466994286 0.006220893934369087 
vn -0.007659305352717638 0.0008945290464907885 0.006366699002683163 
vn -0.00275745359249413 -0.0001966083946172148 0.009610296227037907 
vn -0.002429211512207985 0.0007203268469311297 0.009673678316175938 
vn -0.002096220152452588 0.0014585264725610614 0.009668431244790554 
vn -0.0072135417722165585 0.0026128028985112906 0.006413897033780813 
vn -0.009512587450444698 0.002948545850813389 0.0009037494310177863 
vn -0.008162088692188263 0.0028649307787418365 -0.005017217714339495 
vn -0.008396130986511707 0.0011986924801021814 -0.005297936499118805 
vn -0.009937907569110394 0.0008510009502060711 0.0007167953881435096 
vn -0.007530926261097193 0.0003276467905379832 0.0065709808841347694 
vn -0.0020976841915398836 -0.0003276441420894116 0.009772020392119884 
vn -0.0020976841915398836 -0.0003276441420894116 0.009772020392119884 
vn 0.003893808228895068 -0.00037131141289137304 0.009203281253576279 
vn 0.0032962120603770018 -0.0015449199127033353 0.009313872084021568 
vn 0.008051740936934948 -0.0028230410534888506 0.005215352866798639 
vn -0.002096220152452588 0.0014585264725610614 0.009668431244790554 
vn 0.004169998690485954 -0.0003713114419952035 0.009081477299332619 
vn -0.00275745359249413 -0.0001966083946172148 0.009610296227037907 
vn 0.0037722282577306032 -0.0008945265435613692 0.009217923507094383 
vn -0.002429211512207985 0.0007203268469311297 0.009673678316175938 
vn 0.0033487575128674507 0.0016312014777213335 0.009280355647206306 
vn 0.008603406138718128 -0.0011118901893496513 0.00497444486245513 
vn 0.008247388526797295 0.003527186345309019 0.004420354962348938 
vn 0.009901462122797966 -0.001068457611836493 -0.0009052332025021315 
vn 0.009250350296497345 0.0036495362874120474 -0.0010544724063947797 
vn 0.007583380211144686 -0.0009380391566082835 -0.006450769957154989 
vn 0.007199821062386036 0.002486051293089986 -0.006479361560195684 
vn 0.002079708967357874 -0.0005459040403366089 -0.009766104631125927 
vn 0.0018754861084744334 0.0003713112964760512 -0.009815532714128494 
vn 0.002539036562666297 0.00019660838006529957 -0.009670296683907509 
vn 0.007232091389596462 -0.0020178183913230896 -0.0066049424931406975 
vn 0.00943064782768488 -0.0032393811270594597 -0.0007545194821432233 
vn 0.008156538009643555 -0.0023588752374053 0.005282669328153133 
vn 0.009459294378757477 -0.0031150926370173693 -0.0009044014732353389 
vn 0.007122425828129053 -0.0022312954533845186 -0.006655251141637564 
vn 0.001950675155967474 -0.00015292434545699507 -0.009806705638766289 
vn 0.0021723334211856127 0.00015292115858756006 -0.009759998880326748 
vn 0.009177700616419315 0.0022738659754395485 0.0032556632068008184 
vn 0.009058898314833641 0.0016742936568334699 0.0038901278749108315 
vn 0.0007723003509454429 0.004835141357034445 0.008719229139387608 
vn 0.0011855080956593156 0.00352718704380095 0.009281892329454422 
vn 0.009195004589855671 0.0015449220081791282 0.0036145681515336037 
vn 0.0018735460471361876 0.003972683101892471 0.008983741514384747 
vn 0.00937289372086525 0.00028397285495884717 0.003473935415968299 
vn 0.00433217640966177 0.0023163941223174334 0.00871014129370451 
vn 0.005554480478167534 0.0019321521976962686 0.008087924681603909 
vn 0.009063683450222015 0.0018033774103969336 0.0038206628523766994 
vn 0.0033204802311956882 0.005471407901495695 0.007683625910431147 
vn 0.0077746557071805 -0.00028397125424817204 0.006282840855419636 
vn 0.008010509423911572 -0.0026970538310706615 -0.005343934521079063 
vn 0.007808700669556856 -0.0026549536269158125 -0.005654680076986551 
vn 0.007919642142951488 -0.002443707548081875 -0.0055953157134354115 
vn -0.0015401573618873954 -0.004526275210082531 -0.008782980963587761 
vn -0.0007925113313831389 -0.004604024812579155 -0.008841656148433685 
vn -0.0020218610297888517 -0.00456519378349185 -0.008664356544613838 
vn -0.008895529434084892 -0.004132458940148354 0.0019473941065371037 
vn -0.009765217080712318 -0.0016742927255108953 0.0013554597971960902 
vn -0.009586706757545471 0.0023163931909948587 0.0016520825447514653 
vn -0.00903649628162384 0.002358876634389162 0.0035745545756071806 
vn -0.00438613910228014 0.008522404357790947 0.002851387020200491 
vn -0.0036391946487128735 0.008406086824834347 0.004011727403849363 
vn -0.0058543081395328045 0.0022738666739314795 0.00778181292116642 
vn -0.0024128586519509554 0.006007871590554714 0.007621259428560734 
vn 0.0033204802311956882 0.005471407901495695 0.007683625910431147 
vn -0.00020748961833305657 0.0019321524305269122 0.009809370152652264 
vn 0.005554480478167534 0.0019321521976962686 0.008087924681603909 
vn 0.00433217640966177 0.0023163941223174334 0.00871014129370451 
vn -0.006138731259852648 0.0016312012448906898 0.007723675575107336 
vn -0.009592454880475998 -0.002146025886759162 -0.0018383110873401165 
vn -0.008942174725234509 -0.002739102579653263 -0.003540456760674715 
vn -0.0092777656391263 -0.0021033298689872026 -0.00308205490000546 
vn -0.00789181049913168 0.0014152853982523084 0.005976310931146145 
vn -0.008352547883987427 0.002231295220553875 0.0050255609676241875 
vn 0.0007723003509454429 0.004835141357034445 0.008719229139387608 
vn 0.0011855080956593156 0.00352718704380095 0.009281892329454422 
vn 0.0018735460471361876 0.003972683101892471 0.008983741514384747 
vn -0.007558676414191723 0.00210333033464849 0.006200194824486971 
vn 0.0009974678978323936 0.004835141357034445 0.00869634747505188 
vn -0.00804154947400093 0.002612802665680647 0.005339170340448618 
vn 0.0007723003509454429 0.004835141357034445 0.008719229139387608 
vn -0.008352547883987427 0.002231295220553875 0.0050255609676241875 
vn -0.009097538888454437 -0.0021033298689872026 -0.0035792167764157057 
vn -0.0092777656391263 -0.0021033298689872026 -0.00308205490000546 
vn -0.0015401573618873954 -0.004526275210082531 -0.008782980963587761 
vn -0.000866737391334027 -0.004132460802793503 -0.009064852260053158 
vn 0.007906578481197357 -0.0024860533885657787 -0.005595136433839798 
vn 0.007919642142951488 -0.002443707548081875 -0.0055953157134354115 
vn 0.009092206135392189 0.0021886813919991255 0.003541391110047698 
vn 0.009177700616419315 0.0022738659754395485 0.0032556632068008184 
vn 0.0007723003509454429 0.004835141357034445 0.008719229139387608 
vn 0.0009974678978323936 0.004835141357034445 0.00869634747505188 
vn 0.00910731591284275 -0.0004586245631799102 0.004104445222765207 
vn 0.0011106606107205153 0.00180337845813483 0.009773139841854572 
vn 0.0010542813688516617 0.003972683101892471 0.00911626499146223 
vn 0.008891292847692966 0.0029067671857774258 0.0035349144600331783 
vn 0.007512146607041359 -0.004604024346917868 -0.00472975755110383 
vn 0.005435483995825052 -0.005175536032766104 -0.006608278024941683 
vn -0.0009978765156120062 -0.006042743567377329 -0.007905029691755772 
vn -0.0009601526544429362 -0.007155521307140589 -0.006919293198734522 
vn -0.008729960769414902 -0.004052725620567799 -0.002713523106649518 
vn -0.007824868895113468 -0.00006553938874276355 0.006226325873285532 
vn 0.0011106606107205153 0.00180337845813483 0.009773139841854572 
vn 0.0010542813688516617 0.003972683101892471 0.00911626499146223 
vn -0.007937024347484112 0.002146026585251093 0.005691943224519491 
vn -0.00822709035128355 -0.004565192852169275 -0.0033873296342790127 
vn 0.002042688662186265 -0.002697051502764225 0.00941027794033289 
vn 0.00035833980655297637 -0.00983208417892456 0.0017893342301249504 
vn 0.00015095128037501127 0.00032764734351076186 0.009993490763008595 
vn -0.004690507426857948 -0.008805659599602222 -0.0006778623792342842 
vn 0.006646623834967613 0.003730757161974907 0.006473317742347717 
vn 0.0009970403043553233 -0.008285759016871452 -0.005509275011718273 
vn 0.008723162114620209 0.002781099174171686 0.004021432716399431 
vn 0.007615834940224886 -0.003404230112209916 -0.00551455095410347 
vn 0.007175838574767113 -0.003115093568339944 -0.006229248363524675 
vn 0.008873898535966873 0.001975003629922867 0.004165728576481342 
vn 0.008844105526804924 0.001198694109916687 0.004510534927248955 
vn 0.006906617432832718 -0.0027391030453145504 -0.006692977622151375 
vn 0.00711304834112525 -0.005796253681182861 0.003975925967097282 
vn 0.005451064556837082 -0.005937783978879452 -0.005918497685343027 
vn -0.00822709035128355 -0.004565192852169275 -0.0033873296342790127 
vn -0.007937024347484112 0.002146026585251093 0.005691943224519491 
vn -0.008894463069736958 -0.0017173547530546784 -0.004235471598803997 
vn -0.006892197299748659 0.0053242845460772514 0.0049142250791192055 
vn -0.009079255163669586 -0.0014585255412384868 -0.003929355647414923 
vn -0.007085446268320084 0.0038520509842783213 0.0059125423431396484 
vn -0.00903649628162384 -0.002358876634389162 -0.0035745545756071806 
vn -0.0071552288718521595 0.0020178183913230896 0.0066881319507956505 
vn -0.007118129171431065 0.0004149741434957832 0.0070114219561219215 
vn -0.008642083965241909 -0.0032806883100420237 -0.003814638825133443 
vn -0.006445714738219976 -0.006682643201202154 -0.0037141679786145687 
vn -0.004938080441206694 -0.006811634171754122 0.005405275151133537 
vn -0.00822709035128355 -0.004565192852169275 -0.0033873296342790127 
vn -0.008894463069736958 -0.0017173547530546784 -0.004235471598803997 
vn -0.0011667655780911446 -0.006843560840934515 -0.007197522558271885 
vn -0.000829516735393554 -0.006385008338838816 -0.0076513770036399364 
vn 0.007615834940224886 -0.003404230112209916 -0.00551455095410347 
vn 0.007175838574767113 -0.003115093568339944 -0.006229248363524675 
vn 0.0009970403043553233 -0.008285759016871452 -0.005509275011718273 
vn -0.0009601526544429362 -0.007155521307140589 -0.006919293198734522 
vn 0.005435483995825052 -0.005175536032766104 -0.006608278024941683 
vn 0.004436558578163385 -0.0021886823233217 -0.0086906049400568 
vn -0.004690507426857948 -0.008805659599602222 -0.0006778623792342842 
vn 0.006970216520130634 -0.005471407435834408 -0.004634628538042307 
vn 0.00035833980655297637 -0.00983208417892456 0.0017893342301249504 
vn -0.009079255163669586 -0.0014585255412384868 -0.003929355647414923 
vn -0.00903649628162384 -0.002358876634389162 -0.0035745545756071806 
vn -0.0005285987863317132 -0.005471407901495695 -0.008353698998689651 
vn -0.00041552650509402156 -0.004604024812579155 -0.008867371827363968 
vn 0.006906617432832718 -0.0027391030453145504 -0.006692977622151375 
vn 0.005451064556837082 -0.005937783978879452 -0.005918497685343027 
vn -0.00001888401857286226 -0.006938548292964697 -0.00720112444832921 
vn -0.008642083965241909 -0.0032806883100420237 -0.003814638825133443 
vn -0.006445714738219976 -0.006682643201202154 -0.0037141679786145687 
vn 0.005298151168972254 -0.006317507941275835 0.005658505950123072 
vn 0.007969975471496582 -0.0017173531232401729 0.005790526047348976 
vn 0.004100844729691744 -0.0019321494037285447 0.008913465775549412 
vn 0.007903221063315868 -0.001025002682581544 0.006040568463504314 
vn 0.006630830932408571 0.00010923383524641395 0.00748466094955802 
vn 0.008746822364628315 -0.00006553961429744959 0.0048465244472026825 
vn 0.008260115049779415 -0.0012854033848270774 0.005488007795065641 
vn 0.009947329759597778 0.0010250037303194404 -1.6699462646041496e-10 
vn 0.008957031182944775 -0.00010923189256573096 0.004445184953510761 
vn 0.006784677039831877 -0.00045862403931096196 0.0073319729417562485 
vn 0.00656871497631073 0.000981531455181539 0.007475866470485926 
vn 0.003436592174693942 0.0008074590004980564 0.009356166236102581 
vn 0.0062324577011168 -0.00782026071101427 1.2740846155878671e-9 
vn 0.009757544845342636 -0.002188680926337838 3.5658209718292255e-10 
vn 0.006618968676775694 0.003568038810044527 0.006592294666916132 
vn 0.00885690189898014 0.004642766900360584 -7.564042170393748e-10 
vn 0.002225667703896761 0.007032343186438084 0.006752225570380688 
vn 0.002633883384987712 0.009646899066865444 -1.571682450851597e-9 
vn 0.002225667703896761 0.007032340858131647 -0.006752227898687124 
vn 0.006618968676775694 0.003568036714568734 -0.006592295598238707 
vn 0.003436592174693942 0.0008074559736996889 -0.009356166236102581 
vn 0.006784677039831877 -0.0004586264258250594 -0.007331972476094961 
vn 0.008957031182944775 -0.00010923334048129618 -0.004445184953510761 
vn 0.009993103332817554 -0.00037131289718672633 6.04946717719379e-11 
vn 0.008746822364628315 -0.00006554119318025187 -0.0048465244472026825 
vn 0.00656871497631073 0.0009815290104597807 -0.007475866936147213 
vn 0.006630830932408571 0.0001092313978006132 -0.00748466094955802 
vn 0.004100844729691744 -0.0019321523141115904 -0.008913464844226837 
vn 0.007903221063315868 -0.001025004661642015 -0.006040567997843027 
vn 0.008260115049779415 -0.0012854051310569048 -0.005488007329404354 
vn 0.009893063455820084 -0.0014585249591618776 2.376243368740205e-10 
vn 0.008710779249668121 -0.004911448340862989 8.001780904542954e-10 
vn 0.007969975471496582 -0.001717354985885322 -0.005790525581687689 
vn 0.005298151168972254 -0.006317509803920984 -0.0056585040874779224 
vn 0.004100844729691744 -0.0019321494037285447 0.008913465775549412 
vn 0.0013728925259783864 -0.003321930533275008 0.009331664070487022 
vn 0.005298151168972254 -0.006317507941275835 0.005658505950123072 
vn 0.000678566109854728 -0.00739528052508831 0.0066969674080610275 
vn -0.0014103848952800035 -0.0044481768272817135 0.008844464085996151 
vn 0.000018868578990804963 -0.002358874538913369 0.009717785753309727 
vn -0.0054489970207214355 -0.0067150830291211605 0.0050215632654726505 
vn -0.004538389854133129 -0.005507926922291517 0.007004695013165474 
vn -0.00701215211302042 -0.002060591708868742 0.006825224496424198 
vn -0.006209479179233313 -0.0017173527739942074 0.0076480768620967865 
vn -0.007222927175462246 0.002990270033478737 0.006235993001610041 
vn -0.007979149930179119 0.004251466598361731 0.004272961523383856 
vn -0.0016309571219608188 0.008522404357790947 0.004970774054527283 
vn -0.003186344401910901 0.006077500060200691 0.007274008821696043 
vn 0.0026283692568540573 0.0009380396222695708 0.00960269570350647 
vn 0.002225667703896761 0.007032343186438084 0.006752225570380688 
vn 0.003436592174693942 0.0008074590004980564 0.009356166236102581 
vn 0.002633883384987712 0.009646899066865444 -1.571682450851597e-9 
vn -0.004310696851462126 0.009023185819387436 -1.4700656247867983e-9 
vn -0.009277932345867157 0.0037307559978216887 -0.00003770778130274266 
vn -0.009747815318405628 -0.0022312942892313004 -0.000037760200939374045 
vn -0.009942756034433842 0.0010684574954211712 -1.7407210395337103e-10 
vn -0.006832871586084366 0.0008945292211137712 0.007246494758874178 
vn -0.00015090226952452213 -0.0004149713786318898 0.009990246035158634 
vn 0.006177227012813091 -0.002612800570204854 0.00741721922531724 
vn 0.0006549396202899516 -0.009978529997169971 1.6257120094564925e-9 
vn 0.0062324577011168 -0.00782026071101427 1.2740846155878671e-9 
vn 0.009013746865093708 -0.0043303994461894035 7.055130368804896e-10 
vn 0.0026283692568540573 0.0009380396222695708 0.00960269570350647 
vn 0.0005826778360642493 0.008085031062364578 0.005856001749634743 
vn -0.0016309571219608188 0.008522404357790947 0.004970774054527283 
vn -0.00633417209610343 0.0038116921205073595 0.0067341867834329605 
vn -0.007979149930179119 0.004251466598361731 0.004272961523383856 
vn -0.007017778232693672 -0.0025705997832119465 0.006644005421549082 
vn -0.00701215211302042 -0.002060591708868742 0.006825224496424198 
vn -0.004702216479927301 -0.006747395731508732 0.005688744131475687 
vn -0.0054489970207214355 -0.0067150830291211605 0.0050215632654726505 
vn 0.000018868578990804963 -0.002358874538913369 0.009717785753309727 
vn 0.001950675155967474 -0.00015292114403564483 0.009806705638766289 
vn 0.0021723334211856127 0.00015292433090507984 0.009759998880326748 
vn -0.0035274941474199295 0.0012854058295488358 0.009268469177186489 
vn -0.0036967394407838583 0.002060594502836466 0.009060246869921684 
vn 0.002539036562666297 0.00019661153783090413 0.009670296683907509 
vn 0.002079708967357874 -0.0005459008971229196 0.009766104631125927 
vn -0.004376412834972143 0.00024029487394727767 0.008988285437226295 
vn 0.0018754861084744334 0.00037131449789740145 0.009815532714128494 
vn -0.003965696785598993 -0.00010923112131422386 0.009179395623505116 
vn -0.008721612393856049 0.001068458310328424 0.004774082917720079 
vn -0.008603548631072044 0.0004586260474752635 0.00507627846673131 
vn -0.009873341768980026 0.0013287231558933854 -0.0008669628878124058 
vn -0.009932189248502254 0.0008510007173754275 -0.0007920960779301822 
vn -0.007792107295244932 0.0007638976094312966 -0.006220893934369087 
vn -0.007659305352717638 0.0008945270092226565 -0.00636669946834445 
vn -0.00275745359249413 -0.0001966115232789889 -0.009610296227037907 
vn -0.002429211512207985 0.0007203237037174404 -0.009673679247498512 
vn -0.002096220152452588 0.001458523329347372 -0.009668431244790554 
vn -0.0072135417722165585 0.0026128008030354977 -0.0064138974994421005 
vn -0.009512587450444698 0.002948545617982745 -0.0009037504205480218 
vn -0.008162088692188263 0.002864932408556342 0.00501721678301692 
vn -0.008396130986511707 0.0011986942263320088 0.005297936033457518 
vn -0.009937907569110394 0.0008510007173754275 -0.0007167956791818142 
vn -0.007530926261097193 0.00032764466595835984 -0.006570981349796057 
vn -0.0020976841915398836 -0.0003276473144069314 -0.009772020392119884 
vn -0.0020976841915398836 -0.0003276473144069314 -0.009772020392119884 
vn 0.003893808228895068 -0.0003713144105859101 -0.009203281253576279 
vn 0.0032962120603770018 -0.0015449229395017028 -0.009313871152698994 
vn 0.008051740936934948 -0.002823042916134 -0.005215351935476065 
vn -0.002096220152452588 0.001458523329347372 -0.009668431244790554 
vn 0.004169998690485954 -0.0003713143814820796 -0.009081477299332619 
vn -0.00275745359249413 -0.0001966115232789889 -0.009610296227037907 
vn 0.0037722282577306032 -0.0008945295121520758 -0.009217923507094383 
vn -0.002429211512207985 0.0007203237037174404 -0.009673679247498512 
vn 0.0033487575128674507 0.001631198450922966 -0.009280356578528881 
vn 0.008603406138718128 -0.001111891819164157 -0.004974444396793842 
vn 0.008247388526797295 0.003527184948325157 -0.0044203563593328 
vn 0.009901462122797966 -0.0010684573790058494 0.0009052335517480969 
vn 0.009250350296497345 0.003649536520242691 0.0010544712422415614 
vn 0.007583380211144686 -0.0009380370029248297 0.006450769957154989 
vn 0.007199821062386036 0.0024860533885657787 0.00647936062887311 
vn 0.002079708967357874 -0.0005459008971229196 0.009766104631125927 
vn 0.0018754861084744334 0.00037131449789740145 0.009815532714128494 
vn 0.002539036562666297 0.00019661153783090413 0.009670296683907509 
vn 0.007232091389596462 -0.002017816063016653 0.006604942958801985 
vn 0.00943064782768488 -0.003239380894228816 0.0007545205298811197 
vn 0.008156538009643555 -0.0023588768672198057 -0.005282668862491846 
vn 0.009459294378757477 -0.0031150924041867256 0.0009044025209732354 
vn 0.007122425828129053 -0.0022312933579087257 0.006655251607298851 
vn 0.001950675155967474 -0.00015292114403564483 0.009806705638766289 
vn 0.0021723334211856127 0.00015292433090507984 0.009759998880326748 
vn 0.009177700616419315 0.0022738648112863302 -0.0032556639052927494 
vn 0.009058898314833641 0.0016742923762649298 -0.0038901283405721188 
vn 0.0007723003509454429 0.004835138563066721 -0.008719231002032757 
vn 0.0011855080956593156 0.0035271840170025826 -0.009281893260776997 
vn 0.009195004589855671 0.00154492084402591 -0.003614568617194891 
vn 0.0018735460471361876 0.0039726803079247475 -0.008983742445707321 
vn 0.00937289372086525 0.00028397171990945935 -0.003473935415968299 
vn 0.00433217640966177 0.0023163913283497095 -0.008710142225027084 
vn 0.005554480478167534 0.0019321495201438665 -0.008087925612926483 
vn 0.009063683450222015 0.0018033762462437153 -0.0038206633180379868 
vn 0.0033204802311956882 0.005471405107527971 -0.007683627773076296 
vn 0.0077746557071805 -0.00028397332062013447 -0.006282840855419636 
vn 0.008010509423911572 -0.002697052201256156 0.005343935452401638 
vn 0.007808700669556856 -0.0026549517642706633 0.005654681008309126 
vn 0.007919642142951488 -0.0024437056854367256 0.005595316644757986 
vn -0.0015401573618873954 -0.00452627195045352 0.00878298282623291 
vn -0.0007925113313831389 -0.004604022018611431 0.00884165707975626 
vn -0.008942174725234509 -0.002739101415500045 0.0035404576919972897 
vn -0.0092777656391263 -0.0021033287048339844 0.0030820555984973907 
vn -0.00789181049913168 0.0014152834191918373 -0.005976311396807432 
vn -0.008352547883987427 0.0022312935907393694 -0.005025561898946762 
vn 0.0007723003509454429 0.004835138563066721 -0.008719231002032757 
vn 0.0011855080956593156 0.0035271840170025826 -0.009281893260776997 
vn 0.0018735460471361876 0.0039726803079247475 -0.008983742445707321 
vn -0.007558676414191723 0.002103328239172697 -0.006200195290148258 
vn 0.00433217640966177 0.0023163913283497095 -0.008710142225027084 
vn -0.006138731259852648 0.0016311988001689315 -0.007723676040768623 
vn -0.0058543081395328045 0.0022738641127943993 -0.007781813386827707 
vn -0.00020748961833305657 0.0019321492873132229 -0.009809370152652264 
vn 0.005554480478167534 0.0019321495201438665 -0.008087925612926483 
vn 0.0033204802311956882 0.005471405107527971 -0.007683627773076296 
vn -0.0024128586519509554 0.006007869262248278 -0.007621261291205883 
vn -0.0036391946487128735 0.008406085893511772 -0.004011730197817087 
vn -0.00903649628162384 0.002358875470235944 -0.0035745552740991116 
vn -0.00438613910228014 0.008522403426468372 -0.002851389814168215 
vn -0.009586706757545471 0.0023163924925029278 -0.0016520833596587181 
vn -0.009765217080712318 -0.0016742931911721826 -0.001355459215119481 
vn -0.009592454880475998 -0.002146025188267231 0.0018383117858320475 
vn -0.0020218610297888517 -0.004565190523862839 0.008664358407258987 
vn -0.008895529434084892 -0.004132459405809641 -0.0019473927095532417 
vn 0.0010542813688516617 0.0039726803079247475 -0.009116265922784805 
vn -0.007937024347484112 0.0021460247226059437 -0.005691944155842066 
vn 0.0011106606107205153 0.0018033751985058188 -0.009773139841854572 
vn -0.007824868895113468 -0.0000655414187349379 -0.006226325407624245 
vn 0.0009974678978323936 0.004835138563066721 -0.008696349337697029 
vn -0.00804154947400093 0.0026128010358661413 -0.0053391712717711926 
vn 0.0007723003509454429 0.004835138563066721 -0.008719231002032757 
vn -0.008352547883987427 0.0022312935907393694 -0.005025561898946762 
vn -0.00822709035128355 -0.004565191455185413 0.0033873312640935183 
vn -0.008729960769414902 -0.004052724689245224 0.00271352450363338 
vn -0.0009601526544429362 -0.007155518978834152 0.006919295992702246 
vn -0.0009978765156120062 -0.006042740773409605 0.007905031554400921 
vn 0.005435483995825052 -0.0051755341701209545 0.006608279421925545 
vn 0.007512146607041359 -0.004604022484272718 0.004729758948087692 
vn 0.008891292847692966 0.0029067660216242075 -0.003534915391355753 
vn 0.00910731591284275 -0.0004586259019561112 -0.00410444475710392 
vn 0.0010542813688516617 0.0039726803079247475 -0.009116265922784805 
vn 0.0011106606107205153 0.0018033751985058188 -0.009773139841854572 
vn 0.009092206135392189 0.002188680227845907 -0.003541391808539629 
vn 0.0009974678978323936 0.004835138563066721 -0.008696349337697029 
vn 0.0007723003509454429 0.004835138563066721 -0.008719231002032757 
vn 0.009177700616419315 0.0022738648112863302 -0.0032556639052927494 
vn 0.007919642142951488 -0.0024437056854367256 0.005595316644757986 
vn 0.007906578481197357 -0.0024860515259206295 0.005595137365162373 
vn -0.0015401573618873954 -0.00452627195045352 0.00878298282623291 
vn -0.000866737391334027 -0.004132457543164492 0.009064853191375732 
vn -0.009097538888454437 -0.0021033287048339844 0.0035792174749076366 
vn -0.0092777656391263 -0.0021033287048339844 0.0030820555984973907 
vn 0.002042688662186265 -0.0026970545295625925 -0.009410277009010315 
vn 0.00015095128037501127 0.0003276440838817507 -0.009993490763008595 
vn 0.00035833980655297637 -0.00983208417892456 -0.0017893309704959393 
vn -0.004690507426857948 -0.008805659599602222 0.0006778652314096689 
vn 0.006646623834967613 0.003730755066499114 -0.006473319139331579 
vn 0.0009970403043553233 -0.008285757154226303 0.005509277805685997 
vn 0.008723162114620209 0.0027810977771878242 -0.004021433647722006 
vn 0.007615834940224886 -0.0034042284823954105 0.0055145518854260445 
vn 0.007175838574767113 -0.003115091472864151 0.00622924929484725 
vn 0.008873898535966873 0.001975002232939005 -0.00416572904214263 
vn 0.008844105526804924 0.0011986925965175033 -0.004510535392910242 
vn 0.006906617432832718 -0.0027391009498387575 0.006692978553473949 
vn 0.00711304834112525 -0.005796255078166723 -0.003975924104452133 
vn 0.005451064556837082 -0.0059377821162343025 0.005918499547988176 
vn -0.00822709035128355 -0.004565191455185413 0.0033873312640935183 
vn -0.007937024347484112 0.0021460247226059437 -0.005691944155842066 
vn -0.008894463069736958 -0.0017173533560708165 0.004235472064465284 
vn -0.006892197299748659 0.0053242831490933895 -0.004914226941764355 
vn -0.009079255163669586 -0.0014585242606699467 0.00392935611307621 
vn -0.007085446268320084 0.003852049121633172 -0.00591254374012351 
vn -0.00903649628162384 -0.002358875470235944 0.0035745552740991116 
vn -0.0071552288718521595 0.002017816063016653 -0.006688132416456938 
vn -0.007118129171431065 0.0004149718733970076 -0.0070114219561219215 
vn -0.008642083965241909 -0.0032806869130581617 0.003814639989286661 
vn -0.006445714738219976 -0.0066826422698795795 0.0037141700740903616 
vn -0.004938080441206694 -0.006811635568737984 -0.005405272822827101 
vn -0.00822709035128355 -0.004565191455185413 0.0033873312640935183 
vn -0.008894463069736958 -0.0017173533560708165 0.004235472064465284 
vn -0.0011667655780911446 -0.0068435585126280785 0.0071975248865783215 
vn -0.000829516735393554 -0.006385005544871092 0.007651378866285086 
vn 0.007615834940224886 -0.0034042284823954105 0.0055145518854260445 
vn 0.007175838574767113 -0.003115091472864151 0.00622924929484725 
vn 0.0009970403043553233 -0.008285757154226303 0.005509277805685997 
vn -0.0009601526544429362 -0.007155518978834152 0.006919295992702246 
vn 0.005435483995825052 -0.0051755341701209545 0.006608279421925545 
vn 0.004436558578163385 -0.0021886795293539762 0.008690605871379375 
vn -0.004690507426857948 -0.008805659599602222 0.0006778652314096689 
vn 0.006970216520130634 -0.005471406038850546 0.004634630400687456 
vn 0.00035833980655297637 -0.00983208417892456 -0.0017893309704959393 
vn -0.009079255163669586 -0.0014585242606699467 0.00392935611307621 
vn -0.00903649628162384 -0.002358875470235944 0.0035745552740991116 
vn -0.0005285987863317132 -0.005471405107527971 0.008353699930012226 
vn -0.00041552650509402156 -0.004604022018611431 0.008867373690009117 
vn 0.006906617432832718 -0.0027391009498387575 0.006692978553473949 
vn 0.005451064556837082 -0.0059377821162343025 0.005918499547988176 
vn -0.00001888401857286226 -0.006938545498996973 0.007201126776635647 
vn -0.008642083965241909 -0.0032806869130581617 0.003814639989286661 
vn -0.006445714738219976 -0.0066826422698795795 0.0037141700740903616 
vn 0.004100844729691744 -0.0019321523141115904 -0.008913464844226837 
vn 0.0013728925259783864 -0.0033219335600733757 -0.009331663139164448 
vn 0.005298151168972254 -0.006317509803920984 -0.0056585040874779224 
vn 0.000678566109854728 -0.007395282853394747 -0.006696965079754591 
vn -0.0014103848952800035 -0.004448179621249437 -0.008844462223351002 
vn 0.000018868578990804963 -0.0023588775657117367 -0.009717784821987152 
vn -0.0054489970207214355 -0.006715084426105022 -0.005021560937166214 
vn -0.004538389854133129 -0.005507929250597954 -0.007004693616181612 
vn -0.00701215211302042 -0.0020605940371751785 -0.006825224030762911 
vn -0.006209479179233313 -0.0017173553351312876 -0.007648075930774212 
vn -0.007222927175462246 0.002990267938002944 -0.006235993932932615 
vn -0.007979149930179119 0.004251465201377869 -0.004272962920367718 
vn -0.0016309571219608188 0.008522403426468372 -0.0049707768484950066 
vn -0.003186344401910901 0.006077497731894255 -0.007274010684341192 
vn 0.0026283692568540573 0.0009380365372635424 -0.00960269570350647 
vn 0.002225667703896761 0.007032340858131647 -0.006752227898687124 
vn 0.003436592174693942 0.0008074559736996889 -0.009356166236102581 
vn 0.002633883384987712 0.009646899066865444 -1.571682450851597e-9 
vn -0.004310696851462126 0.009023185819387436 -1.4700656247867983e-9 
vn -0.009277932345867157 0.0037307559978216887 -0.00003770778130274266 
vn -0.009747815318405628 -0.0022312942892313004 -0.000037760200939374045 
vn -0.009942756034433842 0.0010684574954211712 -1.7407210395337103e-10 
vn -0.006832871586084366 0.0008945268345996737 -0.007246495224535465 
vn -0.00015090226952452213 -0.000414974638260901 -0.009990246035158634 
vn 0.006177227012813091 -0.0026128028985112906 -0.007417218293994665 
vn 0.0006549396202899516 -0.009978529997169971 1.6257120094564925e-9 
vn 0.0062324577011168 -0.00782026071101427 1.2740846155878671e-9 
vn 0.009013746865093708 -0.0043303994461894035 7.055130368804896e-10 
vn 0.0026283692568540573 0.0009380365372635424 -0.00960269570350647 
vn 0.0005826778360642493 0.008085029199719429 -0.005856004543602467 
vn -0.0016309571219608188 0.008522403426468372 -0.0049707768484950066 
vn -0.00633417209610343 0.0038116900250315666 -0.006734188180416822 
vn -0.007979149930179119 0.004251465201377869 -0.004272962920367718 
vn -0.007017778232693672 -0.0025706018786877394 -0.0066440049558877945 
vn -0.00701215211302042 -0.0020605940371751785 -0.006825224030762911 
vn -0.004702216479927301 -0.006747397594153881 -0.0056887418031692505 
vn -0.0054489970207214355 -0.006715084426105022 -0.005021560937166214 
vn 0.000018868578990804963 -0.0023588775657117367 -0.009717784821987152 
vn 0.0011856601340696216 0.0006331364274956286 -0.009909255430102348 
vn 0.0008296574815176427 0.0001529211294837296 -0.00996435061097145 
vn 0.00879873801022768 -0.000633138814009726 -0.004709707573056221 
vn 0.00846621673554182 -0.00045862607657909393 -0.0053021544590592384 
vn 0.009994630701839924 -0.0003276457136962563 5.33803695690338e-11 
vn 0.009947329759597778 -0.0010250037303194404 1.6699462646041496e-10 
vn 0.00846621673554182 -0.000458624359453097 0.0053021544590592384 
vn 0.00879873801022768 -0.0006331373006105423 0.004709708038717508 
vn 0.008412307128310204 -0.0010684584267437458 -0.00530014093965292 
vn 0.00045277661411091685 -0.0002839739026967436 -0.009985707700252533 
vn 0.008420809172093868 0.002654951997101307 -0.004694805480539799 
vn 0.0077746557071805 -0.00028397332062013447 -0.006282840855419636 
vn 0.0073445867747068405 0.005544343497604132 -0.003913732711225748 
vn 0.008205651305615902 0.0033631117548793554 -0.004621337167918682 
vn 0.007484225556254387 0.0063850064761936665 -0.0017938952660188079 
vn 0.005004339851438999 0.007874424569308758 -0.0035986131988465786 
vn 0.007856631651520729 0.0037307552993297577 -0.004935058765113354 
vn 0.0017566030146554112 0.006077497731894255 -0.007744570262730122 
vn -0.00438613910228014 0.008522403426468372 -0.002851389814168215 
vn -0.007359260693192482 0.004448177292943001 -0.00510440906509757 
vn 0.009652630425989628 0.0026128017343580723 -4.256802688118455e-10 
vn 0.008097868412733078 0.0058672428131103516 -9.55897028198649e-10 
vn 0.0077517153695225716 0.00631750887259841 -1.0292549035284537e-9 
vn 0.009402724914252758 0.0034042291808873415 -5.546204606687866e-10 
vn 0.009828073903918266 -0.001846336992457509 3.0080707369428694e-10 
vn 0.008412307128310204 -0.0010684566805139184 0.00530014093965292 
vn 0.0008296574815176427 0.00015292437456082553 0.00996435061097145 
vn 0.00045277661411091685 -0.0002839706721715629 0.009985707700252533 
vn 0.008420809172093868 0.002654953394085169 0.004694804549217224 
vn 0.0073445867747068405 0.005544344894587994 0.003913730848580599 
vn 0.0011856601340696216 0.0006331396871246397 0.009909255430102348 
vn 0.0077746557071805 -0.00028397125424817204 0.006282840855419636 
vn 0.008205651305615902 0.0033631131518632174 0.0046213362365961075 
vn 0.007484225556254387 0.006385007407516241 0.001793893170543015 
vn 0.005004339851438999 0.007874425500631332 0.0035986106377094984 
vn 0.007856631651520729 0.0037307569291442633 0.004935057833790779 
vn 0.0017566030146554112 0.006077500060200691 0.007744568400084972 
vn -0.00438613910228014 0.008522404357790947 0.002851387020200491 
vn -0.007359260693192482 0.00444817915558815 0.0051044076681137085 
vn -0.00438613910228014 0.008522404357790947 0.002851387020200491 
vn 0.005004339851438999 0.007874425500631332 0.0035986106377094984 
vn -0.0036391946487128735 0.008406086824834347 0.004011727403849363 
vn 0.005080692004412413 0.00756918964907527 0.004110222682356834 
vn -0.0024128586519509554 0.006007871590554714 0.007621259428560734 
vn 0.008205651305615902 0.0033631131518632174 0.0046213362365961075 
vn 0.009652630425989628 0.0026128017343580723 -4.256802688118455e-10 
vn 0.007856631651520729 0.0037307569291442633 0.004935057833790779 
vn 0.009013746865093708 -0.0043303994461894035 7.055130368804896e-10 
vn 0.006177227012813091 -0.002612800570204854 0.00741721922531724 
vn 0.0017566030146554112 0.006077500060200691 0.007744568400084972 
vn -0.00015090226952452213 -0.0004149713786318898 0.009990246035158634 
vn -0.007359260693192482 0.00444817915558815 0.0051044076681137085 
vn -0.006832871586084366 0.0008945292211137712 0.007246494758874178 
vn -0.009446462616324425 0.0032806876115500927 0.00003770861076191068 
vn -0.009942756034433842 0.0010684574954211712 -1.7407210395337103e-10 
vn -0.006832871586084366 0.0008945268345996737 -0.007246495224535465 
vn -0.007359260693192482 0.004448177292943001 -0.00510440906509757 
vn -0.00015090226952452213 -0.000414974638260901 -0.009990246035158634 
vn 0.0017566030146554112 0.006077497731894255 -0.007744570262730122 
vn 0.006177227012813091 -0.0026128028985112906 -0.007417218293994665 
vn 0.007856631651520729 0.0037307552993297577 -0.004935058765113354 
vn 0.009013746865093708 -0.0043303994461894035 7.055130368804896e-10 
vn 0.009652630425989628 0.0026128017343580723 -4.256802688118455e-10 
vn -0.00018883195298258215 -0.006584557704627514 -0.007523825392127037 
vn -0.0041029429994523525 0.0002402919199084863 -0.00911636557430029 
vn -0.0027859469410032034 -0.0064853401854634285 -0.007083704229444265 
vn -0.008641684427857399 0.0004586244176607579 -0.0050110830925405025 
vn -0.0062340437434613705 -0.006811635568737984 -0.003839051118120551 
vn -0.009923074394464493 0.0009815304074436426 0.0007544498657807708 
vn -0.007341948337852955 -0.0067473966628313065 0.0007539509679190814 
vn -0.007587221451103687 0.0016742940060794353 0.006295300554484129 
vn -0.005723023787140846 -0.006215356756001711 0.005349423736333847 
vn -0.0025350800715386868 0.002231295919045806 0.009412474930286407 
vn -0.001761815045028925 -0.005652953404933214 0.008058544248342514 
vn -0.002429211512207985 0.0007203268469311297 0.009673678316175938 
vn -0.007659305352717638 0.0008945290464907885 0.006366699002683163 
vn -0.009932189248502254 0.0008510009502060711 0.0007920958450995386 
vn -0.008603548631072044 0.00045862438855692744 -0.00507627846673131 
vn -0.003965696785598993 -0.00010923411173280329 -0.009179395623505116 
vn 0.000018872113287216052 0.0008945264271460474 -0.009959892369806767 
vn 0.0018754861084744334 0.0003713112964760512 -0.009815532714128494 
vn 0.003362899413332343 0.005972885061055422 0.007281177677214146 
vn 0.003484606510028243 0.0057962555438280106 0.007366202771663666 
vn 0.0033487575128674507 0.0016312014777213335 0.009280355647206306 
vn 0.0006219603237695992 0.0027391035109758377 0.009597420692443848 
vn -0.0025350800715386868 0.002231295919045806 0.009412474930286407 
vn -0.001761815045028925 -0.005652953404933214 0.008058544248342514 
vn 0.00018896696565207094 -0.0063513172790408134 0.007721726782619953 
vn 0.0029929340817034245 -0.005434779450297356 0.00784254539757967 
vn -0.002429211512207985 0.0007203268469311297 0.009673678316175938 
vn 0.0022755544632673264 -0.005507929250597954 -0.008030228316783905 
vn 0.006311395671218634 -0.00510056596249342 -0.005843843799084425 
vn -0.00010896530147874728 -0.009998473338782787 -0.00013663653226103634 
vn -0.00010896530147874728 -0.009998473338782787 -0.00013663653226103634 
vn -0.00018883195298258215 -0.006584557704627514 -0.007523825392127037 
vn -0.00010896530147874728 -0.009998473338782787 -0.00013663653226103634 
vn -0.0027859469410032034 -0.0064853401854634285 -0.007083704229444265 
vn -0.0062340437434613705 -0.006811635568737984 -0.003839051118120551 
vn -0.00010896530147874728 -0.009998473338782787 -0.00013663653226103634 
vn -0.007341948337852955 -0.0067473966628313065 0.0007539509679190814 
vn -0.001761815045028925 -0.005652953404933214 0.008058544248342514 
vn -0.005723023787140846 -0.006215356756001711 0.005349423736333847 
vn 0.00018896696565207094 -0.0063513172790408134 0.007721726782619953 
vn -0.00010896530147874728 -0.009998473338782787 -0.00013663653226103634 
vn 0.007073483429849148 -0.0056529538705945015 0.004243812523782253 
vn 0.008174192160367966 -0.005688942968845367 -0.0009047183557413518 
vn 0.0029929340817034245 -0.005434779450297356 0.00784254539757967 
vn 0.0018754861084744334 0.0003713112964760512 -0.009815532714128494 
vn 0.003444872098043561 0.0036495348904281855 -0.008649494498968124 
vn 0.000018872113287216052 0.0008945264271460474 -0.009959892369806767 
vn 0.002971777692437172 0.005324282683432102 -0.007925941608846188 
vn -0.00018883195298258215 -0.006584557704627514 -0.007523825392127037 
vn 0.0022755544632673264 -0.005507929250597954 -0.008030228316783905 
vn 0.00711304834112525 -0.005796253681182861 0.003975925967097282 
vn 0.008844105526804924 0.001198694109916687 0.004510534927248955 
vn 0.0007168932934291661 -0.007185973692685366 0.00691721448674798 
vn 0.00045275711454451084 0.002401316072791815 0.00969683937728405 
vn -0.004938080441206694 -0.006811634171754122 0.005405275151133537 
vn -0.007118129171431065 0.0004149741434957832 0.0070114219561219215 
vn 0.00050905323587358 0.003404230810701847 0.009388933889567852 
vn -0.0071552288718521595 0.0020178183913230896 0.0066881319507956505 
vn 0.0004338120052125305 0.004604024812579155 0.00886649638414383 
vn -0.007085446268320084 0.0038520509842783213 0.0059125423431396484 
vn 0.0005464675487019122 0.006146664265543222 0.007868919521570206 
vn -0.006892197299748659 0.0053242845460772514 0.0049142250791192055 
vn 0.0010542813688516617 0.003972683101892471 0.00911626499146223 
vn -0.007937024347484112 0.002146026585251093 0.005691943224519491 
vn 0.008873898535966873 0.001975003629922867 0.004165728576481342 
vn 0.008723162114620209 0.002781099174171686 0.004021432716399431 
vn 0.006646623834967613 0.003730757161974907 0.006473317742347717 
vn 0.008891292847692966 0.0029067671857774258 0.0035349144600331783 
vn 0.00015095128037501127 0.00032764734351076186 0.009993490763008595 
vn 0.0077517153695225716 0.00631750887259841 -1.0292549035284537e-9 
vn 0.002042688662186265 -0.002697051502764225 0.00941027794033289 
vn 0.009023688733577728 0.002906766952946782 0.0031817848794162273 
vn 0.005451064556837082 -0.005937783978879452 -0.005918497685343027 
vn -0.00001888401857286226 -0.006938548292964697 -0.00720112444832921 
vn 0.00711304834112525 -0.005796253681182861 0.003975925967097282 
vn -0.006445714738219976 -0.006682643201202154 -0.0037141679786145687 
vn 0.0007168932934291661 -0.007185973692685366 0.00691721448674798 
vn -0.004938080441206694 -0.006811634171754122 0.005405275151133537 
vn 0.008891292847692966 0.0029067671857774258 0.0035349144600331783 
vn 0.005435483995825052 -0.005175536032766104 -0.006608278024941683 
vn 0.0077517153695225716 0.00631750887259841 -1.0292549035284537e-9 
vn 0.004436558578163385 -0.0021886823233217 -0.0086906049400568 
vn 0.009023688733577728 0.002906766952946782 0.0031817848794162273 
vn 0.006970216520130634 -0.005471407435834408 -0.004634628538042307 
vn 0.002042688662186265 -0.002697051502764225 0.00941027794033289 
vn 0.00035833980655297637 -0.00983208417892456 0.0017893342301249504 
vn 0.0033487575128674507 0.0016312014777213335 0.009280355647206306 
vn 0.008247388526797295 0.003527186345309019 0.004420354962348938 
vn 0.003362899413332343 0.005972885061055422 0.007281177677214146 
vn 0.004792570136487484 0.008499464951455593 0.0021886921022087336 
vn 0.003484606510028243 0.0057962555438280106 0.007366202771663666 
vn 0.006938830483704805 0.006181070115417242 0.0036941852886229753 
vn 0.0029929340817034245 -0.005434779450297356 0.00784254539757967 
vn 0.007073483429849148 -0.0056529538705945015 0.004243812523782253 
vn 0.007885533384978771 0.006112139206379652 -0.0006783228600397706 
vn 0.008174192160367966 -0.005688942968845367 -0.0009047183557413518 
vn 0.009250350296497345 0.0036495362874120474 -0.0010544724063947797 
vn 0.0050839148461818695 0.008590244688093662 -0.0006012482917867601 
vn 0.007199821062386036 0.002486051293089986 -0.006479361560195684 
vn 0.004890516400337219 0.007765497546643019 -0.003972392063587904 
vn 0.0018754861084744334 0.0003713112964760512 -0.009815532714128494 
vn 0.003444872098043561 0.0036495348904281855 -0.008649494498968124 
vn 0.0060952757485210896 0.006385006010532379 -0.004698862321674824 
vn 0.006311395671218634 -0.00510056596249342 -0.005843843799084425 
vn 0.002971777692437172 0.005324282683432102 -0.007925941608846188 
vn 0.0022755544632673264 -0.005507929250597954 -0.008030228316783905 
vn -0.004702216479927301 -0.006747395731508732 0.005688744131475687 
vn 0.000018868578990804963 -0.002358874538913369 0.009717785753309727 
vn -0.007017778232693672 -0.0025705997832119465 0.006644005421549082 
vn 0.0026283692568540573 0.0009380396222695708 0.00960269570350647 
vn 0.0005826778360642493 0.008085031062364578 0.005856001749634743 
vn -0.00633417209610343 0.0038116921205073595 0.0067341867834329605 
vn -0.00438613910228014 0.008522403426468372 -0.002851389814168215 
vn -0.0036391946487128735 0.008406085893511772 -0.004011730197817087 
vn 0.005004339851438999 0.007874424569308758 -0.0035986131988465786 
vn 0.005080692004412413 0.007569188252091408 -0.004110225010663271 
vn 0.008205651305615902 0.0033631117548793554 -0.004621337167918682 
vn -0.0024128586519509554 0.006007869262248278 -0.007621261291205883 
vn -0.001761815045028925 -0.005652955733239651 -0.008058542385697365 
vn -0.005723023787140846 -0.00621535861864686 -0.005349421873688698 
vn -0.0025350800715386868 0.0022312928922474384 -0.009412475861608982 
vn -0.007587221451103687 0.0016742919106036425 -0.006295301020145416 
vn -0.002429211512207985 0.0007203237037174404 -0.009673679247498512 
vn -0.007659305352717638 0.0008945270092226565 -0.00636669946834445 
vn -0.009923074394464493 0.000981530174612999 -0.0007544502150267363 
vn -0.009932189248502254 0.0008510007173754275 -0.0007920960779301822 
vn -0.008641684427857399 0.0004586260474752635 0.005011082626879215 
vn -0.008603548631072044 0.0004586260474752635 0.00507627846673131 
vn -0.0041029429994523525 0.0002402948884991929 0.00911636557430029 
vn -0.0027859469410032034 -0.006485337857156992 0.007083706092089415 
vn -0.00018883195298258215 -0.006584555376321077 0.007523827254772186 
vn 0.000018872113287216052 0.0008945296285673976 0.009959892369806767 
vn -0.003965696785598993 -0.00010923112131422386 0.009179395623505116 
vn 0.0018754861084744334 0.00037131449789740145 0.009815532714128494 
vn -0.0062340437434613705 -0.006811634171754122 0.0038390534464269876 
vn -0.007341948337852955 -0.0067473966628313065 -0.0007539487560279667 
vn -0.002429211512207985 0.0007203237037174404 -0.009673679247498512 
vn 0.0033487575128674507 0.001631198450922966 -0.009280356578528881 
vn -0.0025350800715386868 0.0022312928922474384 -0.009412475861608982 
vn 0.0006219603237695992 0.00273910048417747 -0.009597420692443848 
vn -0.001761815045028925 -0.005652955733239651 -0.008058542385697365 
vn 0.00018896696565207094 -0.00635131960734725 -0.007721724454313517 
vn 0.0029929340817034245 -0.005434781778603792 -0.00784254353493452 
vn 0.003484606510028243 0.005796253215521574 -0.007366204634308815 
vn 0.003362899413332343 0.005972882732748985 -0.007281180005520582 
vn 0.0022755544632673264 -0.005507926922291517 0.008030230179429054 
vn 0.006311395671218634 -0.00510056409984827 0.005843845196068287 
vn -0.00010896530147874728 -0.009998473338782787 0.0001366397918900475 
vn -0.00010896530147874728 -0.009998473338782787 0.0001366397918900475 
vn -0.00018883195298258215 -0.006584555376321077 0.007523827254772186 
vn -0.00010896530147874728 -0.009998473338782787 0.0001366397918900475 
vn -0.0027859469410032034 -0.006485337857156992 0.007083706092089415 
vn -0.0062340437434613705 -0.006811634171754122 0.0038390534464269876 
vn -0.00010896530147874728 -0.009998473338782787 0.0001366397918900475 
vn -0.007341948337852955 -0.0067473966628313065 -0.0007539487560279667 
vn -0.001761815045028925 -0.005652955733239651 -0.008058542385697365 
vn -0.005723023787140846 -0.00621535861864686 -0.005349421873688698 
vn 0.008174192160367966 -0.00568894250318408 0.0009047202183865011 
vn -0.00010896530147874728 -0.009998473338782787 0.0001366397918900475 
vn 0.007073483429849148 -0.005652955267578363 -0.004243810661137104 
vn 0.00018896696565207094 -0.00635131960734725 -0.007721724454313517 
vn 0.0029929340817034245 -0.005434781778603792 -0.00784254353493452 
vn 0.0018754861084744334 0.00037131449789740145 0.009815532714128494 
vn 0.000018872113287216052 0.0008945296285673976 0.009959892369806767 
vn 0.003444872098043561 0.0036495376843959093 0.008649492636322975 
vn 0.002971777692437172 0.005324285011738539 0.007925939746201038 
vn -0.00018883195298258215 -0.006584555376321077 0.007523827254772186 
vn 0.0022755544632673264 -0.005507926922291517 0.008030230179429054 
vn 0.00711304834112525 -0.005796255078166723 -0.003975924104452133 
vn 0.008844105526804924 0.0011986925965175033 -0.004510535392910242 
vn 0.0007168932934291661 -0.007185976020991802 -0.006917212158441544 
vn 0.00045275711454451084 0.0024013128131628036 -0.009696840308606625 
vn -0.004938080441206694 -0.006811635568737984 -0.005405272822827101 
vn -0.007118129171431065 0.0004149718733970076 -0.0070114219561219215 
vn 0.00050905323587358 0.0034042277839034796 -0.009388934820890427 
vn -0.0071552288718521595 0.002017816063016653 -0.006688132416456938 
vn 0.0004338120052125305 0.004604022018611431 -0.008866498246788979 
vn -0.007085446268320084 0.003852049121633172 -0.00591254374012351 
vn 0.0005464675487019122 0.006146661471575499 -0.007868921384215355 
vn -0.006892197299748659 0.0053242831490933895 -0.004914226941764355 
vn 0.0010542813688516617 0.0039726803079247475 -0.009116265922784805 
vn -0.007937024347484112 0.0021460247226059437 -0.005691944155842066 
vn 0.008873898535966873 0.001975002232939005 -0.00416572904214263 
vn 0.008723162114620209 0.0027810977771878242 -0.004021433647722006 
vn 0.006646623834967613 0.003730755066499114 -0.006473319139331579 
vn 0.008891292847692966 0.0029067660216242075 -0.003534915391355753 
vn 0.00015095128037501127 0.0003276440838817507 -0.009993490763008595 
vn 0.0077517153695225716 0.00631750887259841 -1.0292549035284537e-9 
vn 0.002042688662186265 -0.0026970545295625925 -0.009410277009010315 
vn 0.009023688733577728 0.0029067660216242075 -0.003181785810738802 
vn 0.005451064556837082 -0.0059377821162343025 0.005918499547988176 
vn -0.00001888401857286226 -0.006938545498996973 0.007201126776635647 
vn 0.00711304834112525 -0.005796255078166723 -0.003975924104452133 
vn -0.006445714738219976 -0.0066826422698795795 0.0037141700740903616 
vn 0.0007168932934291661 -0.007185976020991802 -0.006917212158441544 
vn -0.004938080441206694 -0.006811635568737984 -0.005405272822827101 
vn 0.008891292847692966 0.0029067660216242075 -0.003534915391355753 
vn 0.005435483995825052 -0.0051755341701209545 0.006608279421925545 
vn 0.0077517153695225716 0.00631750887259841 -1.0292549035284537e-9 
vn 0.004436558578163385 -0.0021886795293539762 0.008690605871379375 
vn 0.009023688733577728 0.0029067660216242075 -0.003181785810738802 
vn 0.006970216520130634 -0.005471406038850546 0.004634630400687456 
vn 0.002042688662186265 -0.0026970545295625925 -0.009410277009010315 
vn 0.00035833980655297637 -0.00983208417892456 -0.0017893309704959393 
vn 0.0033487575128674507 0.001631198450922966 -0.009280356578528881 
vn 0.008247388526797295 0.003527184948325157 -0.0044203563593328 
vn 0.003362899413332343 0.005972882732748985 -0.007281180005520582 
vn 0.004792570136487484 0.008499464020133018 -0.0021886948961764574 
vn 0.003484606510028243 0.005796253215521574 -0.007366204634308815 
vn 0.006938830483704805 0.0061810691840946674 -0.0036941871512681246 
vn 0.0029929340817034245 -0.005434781778603792 -0.00784254353493452 
vn 0.007073483429849148 -0.005652955267578363 -0.004243810661137104 
vn 0.007885533384978771 0.006112139206379652 0.0006783208809792995 
vn 0.008174192160367966 -0.00568894250318408 0.0009047202183865011 
vn 0.009250350296497345 0.003649536520242691 0.0010544712422415614 
vn 0.0050839148461818695 0.008590245619416237 0.0006012454978190362 
vn 0.007199821062386036 0.0024860533885657787 0.00647936062887311 
vn 0.004890516400337219 0.007765498943626881 0.00397238926962018 
vn 0.0018754861084744334 0.00037131449789740145 0.009815532714128494 
vn 0.003444872098043561 0.0036495376843959093 0.008649492636322975 
vn 0.0060952757485210896 0.006385007873177528 0.004698859993368387 
vn 0.006311395671218634 -0.00510056409984827 0.005843845196068287 
vn 0.002971777692437172 0.005324285011738539 0.007925939746201038 
vn 0.0022755544632673264 -0.005507926922291517 0.008030230179429054 
vn -0.004702216479927301 -0.006747397594153881 -0.0056887418031692505 
vn 0.000018868578990804963 -0.0023588775657117367 -0.009717784821987152 
vn -0.007017778232693672 -0.0025706018786877394 -0.0066440049558877945 
vn 0.0026283692568540573 0.0009380365372635424 -0.00960269570350647 
vn 0.0005826778360642493 0.008085029199719429 -0.005856004543602467 
vn -0.00633417209610343 0.0038116900250315666 -0.006734188180416822 
vn -0.006209479179233313 -0.0017173527739942074 0.0076480768620967865 
vn -0.007058007176965475 0.0025283517315983772 0.0066175502724945545 
vn 0.008385072462260723 -0.00045862433034926653 0.005429569631814957 
vn 0.0027577823493629694 -0.0016742914449423552 0.009465272538363934 
vn 0.00424882210791111 -0.002528349170461297 0.008692235685884953 
vn 0.006651228293776512 -0.004911447409540415 0.005624842364341021 
vn 0.0005850400193594396 -0.0027810968458652496 0.009587660431861877 
vn 0.006102501880377531 -0.007155519910156727 0.003399707842618227 
vn -0.0009218657505698502 -0.007737893611192703 0.006266990210860968 
vn 0.005218373611569405 -0.00831014197319746 -0.0019261662382632494 
vn -0.005371300503611565 -0.008211659267544746 -0.001928157638758421 
vn -0.00822779256850481 0.0034862670581787825 0.0044888039119541645 
vn -0.00935113150626421 0.003527185646817088 0.00033955424441955984 
vn -0.009757544845342636 0.002188680926337838 -3.565800710259026e-10 
vn -0.009747815318405628 -0.0022312942892313004 -0.000037760200939374045 
vn -0.006957699079066515 0.0023588750045746565 -0.006784256547689438 
vn -0.006209479179233313 -0.0017173553351312876 -0.007648075930774212 
vn -0.00701215211302042 -0.0020605940371751785 -0.006825224030762911 
vn 0.00825408659875393 -0.0005895267822779715 -0.005614491179585457 
vn 0.009951253421604633 0.00010923278023255989 0.0009801129344850779 
vn -0.00822779256850481 0.0034862670581787825 0.0044888039119541645 
vn -0.007931556552648544 0.0036088204942643642 -0.004905794747173786 
vn -0.0027266626711934805 -0.006969946436583996 -0.006632130593061447 
vn 0.0032939284574240446 -0.0015880774008110166 -0.009307418949902058 
vn 0.006505266297608614 -0.002948547014966607 -0.006999113131314516 
vn -0.006957699079066515 0.0023588750045746565 -0.006784256547689438 
vn -0.006045848596841097 0.00024029210908338428 -0.007961781695485115 
vn -0.00999883096665144 0.00015292274474631995 -2.4912259755094368e-11 
vn -0.009757544845342636 0.002188680926337838 -3.565800710259026e-10 
vn -0.006045848596841097 0.00024029469932429492 0.007961781695485115 
vn -0.007931556552648544 0.0036088204942643642 -0.004905794747173786 
vn 0.004233639687299728 -0.0021886823233217 -0.00879124365746975 
vn 0.001278866664506495 -0.0047584641724824905 -0.008701811544597149 
vn 0.006534004583954811 -0.005398052744567394 -0.005307336337864399 
vn 0.003167478134855628 -0.00888714101165533 -0.0033144839107990265 
vn -0.00935113150626421 0.003527185646817088 0.00033955424441955984 
vn -0.007058007176965475 0.0025283517315983772 0.0066175502724945545 
vn 0.006425776053220034 -0.0028649303130805492 0.007106446661055088 
vn 0.009907159954309464 0.00010923239460680634 -0.0013550797011703253 
vn -0.00701215211302042 -0.002060591708868742 0.006825224496424198 
vn 0.006177227012813091 -0.0026128028985112906 -0.007417218293994665 
vn 0.009013746865093708 -0.0043303994461894035 7.055130368804896e-10 
vn -0.00015090226952452213 -0.000414974638260901 -0.009990246035158634 
vn -0.006832871586084366 0.0008945268345996737 -0.007246495224535465 
vn -0.009942756034433842 0.0010684574954211712 -1.7407210395337103e-10 
vn -0.006832871586084366 0.0008945292211137712 0.007246494758874178 
vn -0.00015090226952452213 -0.0004149713786318898 0.009990246035158634 
vn 0.006177227012813091 -0.002612800570204854 0.00741721922531724 
vt 0.5065611600875854 0.47896090149879456 
vt 0.49056798219680786 0.44210654497146606 
vt 0.5323411822319031 0.4457334578037262 
vt 0.5026225447654724 0.4113360643386841 
vt 0.5175415277481079 0.3887554407119751 
vt 0.4187180697917938 0.504583477973938 
vt 0.40881186723709106 0.47755691409111023 
vt 0.34078121185302734 0.5251750946044922 
vt 0.3340975046157837 0.5051684379577637 
vt 0.32263970375061035 0.5319610238075256 
vt 0.32586222887039185 0.5097313523292542 
vt 0.31464314460754395 0.5159322619438171 
vt 0.3266976773738861 0.4865657687187195 
vt 0.3025885820388794 0.49709558486938477 
vt 0.3192978501319885 0.46889907121658325 
vt 0.29172754287719727 0.48352381587028503 
vt 0.3961605429649353 0.4538063406944275 
vt 0.4668169319629669 0.4250248372554779 
vt 0.4745748043060303 0.4009232521057129 
vt 0.4891357421875 0.370269775390625 
vt 0.5157512426376343 0.3687487840652466 
vt 0.542605459690094 0.3666428327560425 
vt 0.5611050128936768 0.417419970035553 
vt 0.5399796962738037 0.3341173827648163 
vt 0.5139609575271606 0.3341173827648163 
vt 0.5157512426376343 0.2996029555797577 
vt 0.542605459690094 0.3017089366912842 
vt 0.5175415277481079 0.2795962989330292 
vt 0.5323411822319031 0.22250129282474518 
vt 0.5611050128936768 0.2508147954940796 
vt 0.3815996050834656 0.4336826801300049 
vt 0.44616904854774475 0.4005722403526306 
vt 0.5065611600875854 0.1893908530473709 
vt 0.4906873404979706 0.2261282205581665 
vt 0.5026225447654724 0.2568987011909485 
vt 0.4668169319629669 0.24320992827415466 
vt 0.40881186723709106 0.19067783653736115 
vt 0.3961605429649353 0.21454542875289917 
vt 0.3340975046157837 0.1630662977695465 
vt 0.34090057015419006 0.14317664504051208 
vt 0.32275906205177307 0.13627375662326813 
vt 0.3259815573692322 0.15862038731575012 
vt 0.31464314460754395 0.15241949260234833 
vt 0.3266976773738861 0.1816689819097519 
vt 0.3027079403400421 0.1711391657590866 
vt 0.3192978501319885 0.19933567941188812 
vt 0.29184690117836 0.18471093475818634 
vt 0.41883742809295654 0.16376829147338867 
vt 0.3817189633846283 0.23455208539962769 
vt 0.44616904854774475 0.26766252517700195 
vt 0.4745748043060303 0.2673115134239197 
vt 0.4891357421875 0.29808199405670166 
vt 0.4865100085735321 0.3341173827648163 
vt 0.4715910255908966 0.3618459105491638 
vt 0.4613267481327057 0.37541767954826355 
vt 0.44139495491981506 0.34336021542549133 
vt 0.469800740480423 0.3341173827648163 
vt 0.4715910255908966 0.30638885498046875 
vt 0.4613267481327057 0.2929340898990631 
vt 0.44139495491981506 0.32499152421951294 
vt 0.44139495491981506 0.3341173827648163 
vt 0.39472833275794983 0.34324321150779724 
vt 0.39472833275794983 0.3341173827648163 
vt 0.39472833275794983 0.32499152421951294 
vt 0.4126311242580414 0.2895411550998688 
vt 0.36596450209617615 0.25327175855636597 
vt 0.31082385778427124 0.21676838397979736 
vt 0.38100284337997437 0.3052188754081726 
vt 0.3485391139984131 0.27409741282463074 
vt 0.30008217692375183 0.2343180924654007 
vt 0.2824181020259857 0.22484125196933746 
vt 0.28146326541900635 0.19875068962574005 
vt 0.26928937435150146 0.2178213745355606 
vt 0.794557511806488 0.3416052460670471 
vt 0.7790417671203613 0.31083476543426514 
vt 0.7498005032539368 0.3605589270591736 
vt 0.7200818657875061 0.3362233340740204 
vt 0.7202012538909912 0.26380157470703125 
vt 0.6802182793617249 0.26426956057548523 
vt 0.7138755917549133 0.21676838397979736 
vt 0.6802182793617249 0.21945933997631073 
vt 0.6465610265731812 0.21676838397979736 
vt 0.6402353644371033 0.26380157470703125 
vt 0.5881978869438171 0.20331361889839172 
vt 0.5879592299461365 0.25994065403938293 
vt 0.5813948512077332 0.31083476543426514 
vt 0.6403547525405884 0.3362233340740204 
vt 0.6802182793617249 0.33517035841941833 
vt 0.7163819670677185 0.36945077776908875 
vt 0.743594229221344 0.38957443833351135 
vt 0.7130401134490967 0.3884044587612152 
vt 0.6802182793617249 0.3688657879829407 
vt 0.644054651260376 0.36945077776908875 
vt 0.6106361150741577 0.3605589270591736 
vt 0.5658791065216064 0.3416052460670471 
vt 0.772477388381958 0.25994065403938293 
vt 0.7722386717796326 0.20331361889839172 
vt 0.6168423891067505 0.38957443833351135 
vt 0.6473965048789978 0.3884044587612152 
vt 0.6526479721069336 0.41402700543403625 
vt 0.6181552410125732 0.4192919135093689 
vt 0.6636283993721008 0.4417555332183838 
vt 0.6802182793617249 0.41414400935173035 
vt 0.6802182793617249 0.4412875473499298 
vt 0.6968082189559937 0.4417555332183838 
vt 0.7077886462211609 0.41402700543403625 
vt 0.7422813773155212 0.4192919135093689 
vt 0.6802182793617249 0.38770246505737305 
vt 0.10183851420879364 0.24554988741874695 
vt 0.13513772189617157 0.24133796989917755 
vt 0.13227327167987823 0.2824042737483978 
vt 0.16569183766841888 0.2647375762462616 
vt 0.13680864870548248 0.21536441147327423 
vt 0.1037481501698494 0.21536441147327423 
vt 0.07772941142320633 0.2590046525001526 
vt 0.1058964803814888 0.301474928855896 
vt 0.1967233568429947 0.32709750533103943 
vt 0.21844542026519775 0.3111857771873474 
vt 0.2432706356048584 0.2976140081882477 
vt 0.2074650377035141 0.252803772687912 
vt 0.19421696662902832 0.22554323077201843 
vt 0.19421696662902832 0.21536441147327423 
vt 0.24446415901184082 0.2241392582654953 
vt 0.2437480390071869 0.21536441147327423 
vt 0.24482221901416779 0.2488258332014084 
vt 0.26869261264801025 0.284627228975296 
vt 0.30032089352607727 0.33844631910324097 
vt 0.282298743724823 0.3495611250400543 
vt 0.30819812417030334 0.3561130166053772 
vt 0.29900801181793213 0.3765876591205597 
vt 0.3145237863063812 0.36909979581832886 
vt 0.2658281624317169 0.3627818822860718 
vt 0.2522220313549042 0.37764063477516174 
vt 0.2834922671318054 0.3840755224227905 
vt 0.269050657749176 0.3928503692150116 
vt 0.24100294709205627 0.39402034878730774 
vt 0.25699612498283386 0.404550164937973 
vt 0.2480447143316269 0.4195259213447571 
vt 0.2309773862361908 0.41192105412483215 
vt 0.16187256574630737 0.3700357675552368 
vt 0.1779850870370865 0.34675315022468567 
vt 0.08477117866277695 0.32265156507492065 
vt 0.046220485121011734 0.31060078740119934 
vt 0.011489052325487137 0.2931680679321289 
vt 0.03058537282049656 0.24613487720489502 
vt 0.07975839823484421 0.21536441147327423 
vt 0.030704723671078682 0.21536441147327423 
vt 0.03058537282049656 0.18459393084049225 
vt 0.07772941142320633 0.17172415554523468 
vt 0.011489052325487137 0.13756074011325836 
vt 0.046220485121011734 0.12012803554534912 
vt 0.08489052951335907 0.10807724297046661 
vt 0.1058964803814888 0.12925387918949127 
vt 0.1779850870370865 0.0839756578207016 
vt 0.16187256574630737 0.06057605519890785 
vt 0.241122305393219 0.03670846298336983 
vt 0.23109672963619232 0.018690772354602814 
vt 0.2481640726327896 0.011202899739146233 
vt 0.25699612498283386 0.02606164664030075 
vt 0.26917001605033875 0.03787844255566597 
vt 0.2523413896560669 0.05308818444609642 
vt 0.28361162543296814 0.04653629660606384 
vt 0.1968427151441574 0.10363131761550903 
vt 0.13227327167987823 0.14832454919815063 
vt 0.10195786505937576 0.18506193161010742 
vt 0.13513772189617157 0.1893908530473709 
vt 0.19421696662902832 0.20518557727336884 
vt 0.24446415901184082 0.20658956468105316 
vt 0.24482221901416779 0.18201997876167297 
vt 0.2074650377035141 0.17792505025863647 
vt 0.268811970949173 0.14610159397125244 
vt 0.16569183766841888 0.16599124670028687 
vt 0.2432706356048584 0.13311481475830078 
vt 0.30044025182724 0.09228251129388809 
vt 0.2824181020259857 0.08116770535707474 
vt 0.30831748247146606 0.07461581379175186 
vt 0.29912737011909485 0.05414116755127907 
vt 0.31464314460754395 0.0616290383040905 
vt 0.26594752073287964 0.06794693320989609 
vt 0.21844542026519775 0.11954304575920105 
vt 0.26928937435150146 0.45041340589523315 
vt 0.2824181020259857 0.4433934986591339 
vt 0.28146326541900635 0.4694840610027313 
vt 0.3107045292854309 0.4515833854675293 
vt 0.36596450209617615 0.4149630069732666 
vt 0.3485391139984131 0.39413735270500183 
vt 0.38100284337997437 0.36301589012145996 
vt 0.4126311242580414 0.3788106143474579 
vt 0.30008217692375183 0.43391668796539307 
vt 0.6229293346405029 0.7708709239959717 
vt 0.6123070120811462 0.7704029083251953 
vt 0.620064914226532 0.750630259513855 
vt 0.5978654026985168 0.7512152791023254 
vt 0.5959557890892029 0.7695839405059814 
vt 0.535205602645874 0.7708709239959717 
vt 0.5430828332901001 0.7513322234153748 
vt 0.3870897889137268 0.7603411078453064 
vt 0.38935747742652893 0.7499282956123352 
vt 0.5486924052238464 0.7323785424232483 
vt 0.39102840423583984 0.7389304637908936 
vt 0.5508407354354858 0.7130739092826843 
vt 0.39150580763816833 0.7273476719856262 
vt 0.5485730767250061 0.6931842565536499 
vt 0.39043164253234863 0.7158818244934082 
vt 0.5412926077842712 0.6734116077423096 
vt 0.38780590891838074 0.7053520083427429 
vt 0.5998944044113159 0.6694336533546448 
vt 0.6016846895217896 0.6887383460998535 
vt 0.6020427346229553 0.7099149823188782 
vt 0.6004911661148071 0.7315595746040344 
vt 0.6201842427253723 0.7305065989494324 
vt 0.6220938563346863 0.7108509540557861 
vt 0.6246002912521362 0.6913122534751892 
vt 0.627822756767273 0.6714226007461548 
vt 0.33648455142974854 0.562965452671051 
vt 0.3191785216331482 0.5788772106170654 
vt 0.3187010884284973 0.5605084896087646 
vt 0.29709839820861816 0.5564135909080505 
vt 0.3368425965309143 0.58753502368927 
vt 0.32001397013664246 0.5895240306854248 
vt 0.33755871653556824 0.6422901153564453 
vt 0.31667211651802063 0.6476719975471497 
vt 0.29900801181793213 0.7902925610542297 
vt 0.2886244058609009 0.789707601070404 
vt 0.29602423310279846 0.6528199315071106 
vt 0.2780020534992218 0.7899416089057922 
vt 0.2748989164829254 0.6550428867340088 
vt 0.2669023275375366 0.7902925610542297 
vt 0.25377359986305237 0.6525859236717224 
vt 0.25592195987701416 0.7902925610542297 
vt 0.23348377645015717 0.6463850140571594 
vt 0.2454189658164978 0.7898246049880981 
vt 0.23945137858390808 0.5895240306854248 
vt 0.25795093178749084 0.5909280180931091 
vt 0.2791955769062042 0.5912789702415466 
vt 0.30067893862724304 0.5905770063400269 
vt 0.27991169691085815 0.5565305948257446 
vt 0.2629637122154236 0.559923529624939 
vt 0.24136100709438324 0.566124439239502 
vt 0.241122305393219 0.575367271900177 
vt 0.7708064913749695 0.46702709794044495 
vt 0.7852480411529541 0.4699520468711853 
vt 0.7678226828575134 0.4860977828502655 
vt 0.7811900973320007 0.48913973569869995 
vt 0.8140118718147278 0.4736959934234619 
vt 0.8086410760879517 0.4960426092147827 
vt 0.8639010190963745 0.48270484805107117 
vt 0.855785071849823 0.5004885196685791 
vt 0.8666461110115051 0.5052854418754578 
vt 0.8792974352836609 0.4920646846294403 
vt 0.8790587186813354 0.5154643058776855 
vt 0.8750007748603821 0.4641021490097046 
vt 0.8181892037391663 0.45626330375671387 
vt 0.7882318496704102 0.4509983956813812 
vt 0.7739096283912659 0.4499453902244568 
vt 0.776416003704071 0.43040671944618225 
vt 0.789664089679718 0.43192771077156067 
vt 0.8199794888496399 0.43192771077156067 
vt 0.8789393901824951 0.4146119952201843 
vt 0.8679590225219727 0.39600932598114014 
vt 0.905316174030304 0.39788129925727844 
vt 0.8899197578430176 0.38349053263664246 
vt 0.9251286387443542 0.37494969367980957 
vt 0.9054355025291443 0.36547285318374634 
vt 0.8767910599708557 0.3721417188644409 
vt 0.8863391876220703 0.3603249192237854 
vt 0.8800135850906372 0.3461681604385376 
vt 0.8696299195289612 0.3599739372730255 
vt 0.8642590641975403 0.34499818086624146 
vt 0.8539948463439941 0.35061410069465637 
vt 0.8616333603858948 0.3765876591205597 
vt 0.8179504871368408 0.4092300832271576 
vt 0.7895447611808777 0.4132080376148224 
vt 0.7768934369087219 0.412740021944046 
vt 0.7875157594680786 0.39437136054039 
vt 0.774983823299408 0.396828293800354 
vt 0.7703290581703186 0.3791615962982178 
vt 0.7835771441459656 0.37553468346595764 
vt 0.8110281229019165 0.36956778168678284 
vt 0.8154441118240356 0.3903934061527252 
vt 0.6789054274559021 0.7908775806427002 
vt 0.6804569959640503 0.8117032051086426 
vt 0.6968082189559937 0.7925155162811279 
vt 0.6981211304664612 0.8126391768455505 
vt 0.6826053261756897 0.8314758539199829 
vt 0.6999114155769348 0.8300719261169434 
vt 0.7000307440757751 0.8496105670928955 
vt 0.6832020878791809 0.8508975505828857 
vt 0.6832020878791809 0.8703191876411438 
vt 0.6985985040664673 0.8710212111473083 
vt 0.6811731457710266 0.8904428482055664 
vt 0.6968082189559937 0.8898578882217407 
vt 0.6964501738548279 0.9108005166053772 
vt 0.6787860989570618 0.9111515283584595 
vt 0.5953590273857117 0.8776900768280029 
vt 0.5922558903694153 0.8916128277778625 
vt 0.5799626111984253 0.8888049125671387 
vt 0.5830658078193665 0.875818133354187 
vt 0.5959557890892029 0.8628313541412354 
vt 0.5835431814193726 0.8617783784866333 
vt 0.5987008810043335 0.851248562335968 
vt 0.586646318435669 0.851248562335968 
vt 0.5975073575973511 0.8370918035507202 
vt 0.5950009822845459 0.8235200047492981 
vt 0.5922558903694153 0.8094802498817444 
vt 0.5799626111984253 0.8120542168617249 
vt 0.582827091217041 0.8251579999923706 
vt 0.5854527950286865 0.8379107713699341 
vt 0.6589736342430115 0.03846343234181404 
vt 0.6553930640220642 0.044664327055215836 
vt 0.6785473823547363 0.041388384997844696 
vt 0.6754442453384399 0.051567211747169495 
vt 0.683321475982666 0.03986740857362747 
vt 0.6815311908721924 0.0555451437830925 
vt 0.6953760385513306 0.03846343234181404 
vt 0.6913180351257324 0.049344249069690704 
vt 0.70241779088974 0.047940272837877274 
vt 0.7064757347106934 0.03881442919373512 
vt 0.7151884436607361 0.03963341563940048 
vt 0.7107723951339722 0.04782327264547348 
vt 0.7529036998748779 0.047121286392211914 
vt 0.7476521730422974 0.05250319465994835 
vt 0.6493061184883118 0.568113386631012 
vt 0.6630316376686096 0.5646034479141235 
vt 0.6531254053115845 0.5440117716789246 
vt 0.6667315363883972 0.5386298894882202 
vt 0.6552737355232239 0.529153048992157 
vt 0.6658960580825806 0.5242391228675842 
vt 0.6555124521255493 0.5178042650222778 
vt 0.664225161075592 0.5131243467330933 
vt 0.6627929210662842 0.5047004818916321 
vt 0.654796302318573 0.5096144080162048 
vt 0.6493061184883118 0.4718240201473236 
vt 0.6543189287185669 0.46632513403892517 
vt 0.18681713938713074 0.9584187269210815 
vt 0.21104559302330017 0.9584187269210815 
vt 0.20197483897209167 0.9415709972381592 
vt 0.2160583734512329 0.939348042011261 
vt 0.21367134153842926 0.9160654544830322 
vt 0.22429366409778595 0.9129064679145813 
vt 0.20412318408489227 0.9221493005752563 
vt 0.1796560138463974 0.9454319477081299 
vt 0.1812075972557068 0.9332641363143921 
vt 0.19230733811855316 0.9112685322761536 
vt 0.20662957429885864 0.9152464270591736 
vt 0.20997142791748047 0.8950057625770569 
vt 0.21689383685588837 0.8967607617378235 
vt 0.22584524750709534 0.9583017230033875 
vt 0.23670627176761627 0.9560787677764893 
vt 0.2266807109117508 0.9365400671958923 
vt 0.23491600155830383 0.9338491559028625 
vt 0.23229025304317474 0.9109175205230713 
vt 0.26821520924568176 0.903312623500824 
vt 0.2700054943561554 0.9198093414306641 
vt 0.2443448007106781 0.9529197812080383 
vt 0.2764504849910736 0.9332641363143921 
vt 0.19075575470924377 0.7193918228149414 
vt 0.1742851734161377 0.7199767827987671 
vt 0.1412246823310852 0.6988001465797424 
vt 0.14086662232875824 0.7254756689071655 
vt 0.11365436762571335 0.7190408110618591 
vt 0.10601583868265152 0.7431423664093018 
vt 0.1470729261636734 0.7470033168792725 
vt 0.12415733933448792 0.7659569978713989 
vt 0.09169359505176544 0.751683235168457 
vt 0.08596470206975937 0.7326125502586365 
vt 0.09706443548202515 0.7227847576141357 
vt 0.07462625950574875 0.6988001465797424 
vt 0.2042425274848938 0.7542572021484375 
vt 0.18801066279411316 0.7565971612930298 
vt 0.06651032716035843 0.7396324276924133 
vt 0.07617783546447754 0.7730938792228699 
vt 0.01721794717013836 0.7239547371864319 
vt 0.011369699612259865 0.7825707197189331 
vt 0.03380787745118141 0.8370918035507202 
vt 0.0765358954668045 0.8077253103256226 
vt 0.09610962122678757 0.8445796370506287 
vt 0.09718378633260727 0.8088952898979187 
vt 0.09718378633260727 0.7890055775642395 
vt 0.09634832292795181 0.7700519561767578 
vt 0.11329630762338638 0.7931005358695984 
vt 0.11067056655883789 0.8150961399078369 
vt 0.12761855125427246 0.8140431642532349 
vt 0.1598435938358307 0.8253920078277588 
vt 0.1518470048904419 0.8000034093856812 
vt 0.15160830318927765 0.7775397896766663 
vt 0.1454019993543625 0.7629150748252869 
vt 0.1587694138288498 0.7609260678291321 
vt 0.18538491427898407 0.7955574989318848 
vt 0.20125873386859894 0.7914625406265259 
vt 0.5650436282157898 0.6435770988464355 
vt 0.5578824877738953 0.6184225082397461 
vt 0.6150521039962769 0.638897180557251 
vt 0.5958364605903625 0.6060207486152649 
vt 0.5497666001319885 0.5965439081192017 
vt 0.5286412835121155 0.6074247360229492 
vt 0.5152738690376282 0.5965439081192017 
vt 0.524463951587677 0.5600405335426331 
vt 0.5032193064689636 0.5950229167938232 
vt 0.5020257830619812 0.5592215061187744 
vt 0.4597751498222351 0.5665923953056335 
vt 0.49283567070961 0.5994688272476196 
vt 0.49009057879447937 0.6103496551513672 
vt 0.447004497051239 0.6030957698822021 
vt 0.49856457114219666 0.6166675686836243 
vt 0.43984338641166687 0.6528199315071106 
vt 0.5010709762573242 0.6528199315071106 
vt 0.38362857699394226 0.6516499519348145 
vt 0.3935348093509674 0.5842590928077698 
vt 0.43447253108024597 0.5305570363998413 
vt 0.4939098358154297 0.5058704614639282 
vt 0.5408151745796204 0.5135923027992249 
vt 0.5417699813842773 0.5451817512512207 
vt 0.5622985363006592 0.5725592970848083 
vt 0.597029983997345 0.5867160558700562 
vt 0.6335516571998596 0.5951399207115173 
vt 0.6487093567848206 0.6318773031234741 
vt 0.6294937133789062 0.5841420888900757 
vt 0.07772941142320633 0.08339066803455353 
vt 0.06782319396734238 0.07531780749559402 
vt 0.0668683797121048 0.08245468139648438 
vt 0.056007348001003265 0.07005289196968079 
vt 0.0545751228928566 0.08151869475841522 
vt 0.04299797862768173 0.06993589550256729 
vt 0.04252057150006294 0.07894474267959595 
vt 0.02951120398938656 0.07321184128522873 
vt 0.02951120398938656 0.0799977257847786 
vt 0.011727755889296532 0.08339066803455353 
vt 0.7667484879493713 0.76186203956604 
vt 0.7662711143493652 0.7512152791023254 
vt 0.7464586496353149 0.7589371204376221 
vt 0.7470554113388062 0.7367075085639954 
vt 0.7654356360435486 0.7348355054855347 
vt 0.7667484879493713 0.6741135716438293 
vt 0.7471747994422913 0.6819524168968201 
vt 0.7562455534934998 0.5259941220283508 
vt 0.7457425594329834 0.528217077255249 
vt 0.7281978130340576 0.6875683665275574 
vt 0.7347621917724609 0.5298550128936768 
vt 0.7089821696281433 0.6897913217544556 
vt 0.7231850028038025 0.5304400324821472 
vt 0.6890503764152527 0.6875683665275574 
vt 0.7117272615432739 0.5293870568275452 
vt 0.6692379117012024 0.6801974773406982 
vt 0.7012242674827576 0.5266960859298706 
vt 0.665179967880249 0.7388134598731995 
vt 0.6846343278884888 0.7405684590339661 
vt 0.7057596445083618 0.7409194111824036 
vt 0.727362334728241 0.7393984794616699 
vt 0.726407527923584 0.7591711282730103 
vt 0.7065951228141785 0.7610430717468262 
vt 0.687140703201294 0.7635000348091125 
vt 0.6672089695930481 0.7667759656906128 
vt 0.7921704649925232 0.08315666764974594 
vt 0.7762966752052307 0.10047237575054169 
vt 0.794557511806488 0.10094036906957626 
vt 0.7987348437309265 0.1225849986076355 
vt 0.7674646377563477 0.08280567824840546 
vt 0.7655549645423889 0.09965338557958603 
vt 0.7128013968467712 0.0821036845445633 
vt 0.7074305415153503 0.10292933136224747 
vt 0.5648049116134644 0.1205960288643837 
vt 0.5654016733169556 0.13100884854793549 
vt 0.7022984027862549 0.12363798171281815 
vt 0.5651629567146301 0.14165566861629486 
vt 0.7001500725746155 0.1446976214647293 
vt 0.5648049116134644 0.15277047455310822 
vt 0.7025371193885803 0.16587425768375397 
vt 0.5648049116134644 0.16365128755569458 
vt 0.7087434530258179 0.18611490726470947 
vt 0.5652823448181152 0.17418111860752106 
vt 0.7655549645423889 0.18014800548553467 
vt 0.7641227841377258 0.16166232526302338 
vt 0.7638840675354004 0.14036868512630463 
vt 0.7646001577377319 0.11895805597305298 
vt 0.7984961271286011 0.13978369534015656 
vt 0.7951542735099792 0.15663141012191772 
vt 0.7889479994773865 0.17827604711055756 
vt 0.7797578573226929 0.17851004004478455 
vt 0.7693742513656616 0.8114691972732544 
vt 0.783815860748291 0.8085442781448364 
vt 0.7663904428482056 0.7923985719680786 
vt 0.7797578573226929 0.7892395853996277 
vt 0.8125796914100647 0.8046833276748657 
vt 0.8073281645774841 0.782453715801239 
vt 0.8625881671905518 0.795791506767273 
vt 0.8543528914451599 0.7780078053474426 
vt 0.865213930606842 0.773210883140564 
vt 0.8779845833778381 0.7864316701889038 
vt 0.8776265382766724 0.7630320191383362 
vt 0.8735685348510742 0.814277172088623 
vt 0.8167570233345032 0.8222330212593079 
vt 0.7867996692657471 0.8274979591369629 
vt 0.772477388381958 0.8285509347915649 
vt 0.7751031517982483 0.847972571849823 
vt 0.7882318496704102 0.8465686440467834 
vt 0.7881125211715698 0.8652883172035217 
vt 0.7755805850028992 0.8657562732696533 
vt 0.7860835194587708 0.8841249942779541 
vt 0.7736709117889404 0.8816680312156677 
vt 0.7690162062644958 0.8992177248001099 
vt 0.7821449041366577 0.9029616713523865 
vt 0.809715211391449 0.9089285731315613 
vt 0.8141312599182129 0.8881028890609741 
vt 0.8525626063346863 0.9277652502059937 
vt 0.8603204488754272 0.9017916917800903 
vt 0.8753588199615479 0.9062376022338867 
vt 0.8681976795196533 0.9184054136276245 
vt 0.8628268837928772 0.9333811402320862 
vt 0.8785813450813293 0.93221116065979 
vt 0.8849070072174072 0.9181714057922363 
vt 0.9040033221244812 0.9130234718322754 
vt 0.8886069059371948 0.8950057625770569 
vt 0.9236963987350464 0.9035466313362122 
vt 0.9038839340209961 0.8806150555610657 
vt 0.8666461110115051 0.8824869990348816 
vt 0.8165183067321777 0.8692662119865417 
vt 0.818547248840332 0.8464516401290894 
vt 0.8775071501731873 0.8638843297958374 
vt 0.8816844820976257 0.6819524168968201 
vt 0.8685557842254639 0.6791445016860962 
vt 0.884310245513916 0.669667661190033 
vt 0.8702266812324524 0.6669766902923584 
vt 0.9028097987174988 0.5830891132354736 
vt 0.8820425271987915 0.5814511775970459 
vt 0.9012582302093506 0.5651884078979492 
vt 0.8810877203941345 0.5637844800949097 
vt 0.8559044599533081 0.6765705347061157 
vt 0.8566205501556396 0.6644027233123779 
vt 0.8425370454788208 0.6752835512161255 
vt 0.8425370454788208 0.6632327437400818 
vt 0.8320340514183044 0.6784424781799316 
vt 0.8309598565101624 0.6659237146377563 
vt 0.8178311586380005 0.678910493850708 
vt 0.8160408735275269 0.6666256785392761 
vt 0.8049411773681641 0.6819524168968201 
vt 0.8021960258483887 0.669667661190033 
vt 0.8033895492553711 0.5807491540908813 
vt 0.7826223373413086 0.5832061171531677 
vt 0.782861053943634 0.5654224157333374 
vt 0.8039863109588623 0.5650714039802551 
vt 0.8227245807647705 0.5633164644241333 
vt 0.8234407305717468 0.5786432027816772 
vt 0.8442079424858093 0.5617954730987549 
vt 0.8428950905799866 0.5786432027816772 
vt 0.862230122089386 0.579345166683197 
vt 0.8637816905975342 0.5620294809341431 
vt 0.3528357744216919 0.11299116164445877 
vt 0.34985196590423584 0.09345249086618423 
vt 0.34662947058677673 0.11673509329557419 
vt 0.33970704674720764 0.09661144018173218 
vt 0.35140353441238403 0.08865557610988617 
vt 0.3356490731239319 0.09041054546833038 
vt 0.3528357744216919 0.07660478353500366 
vt 0.34185537695884705 0.08069971203804016 
vt 0.3432876169681549 0.06958489865064621 
vt 0.3523583710193634 0.06548997014760971 
vt 0.3516422510147095 0.056832119822502136 
vt 0.3434069752693176 0.06116104498505592 
vt 0.34412306547164917 0.01915876381099224 
vt 0.33875223994255066 0.024423673748970032 
vt 0.012085812166333199 0.372258722782135 
vt 0.01566637121140957 0.3585699498653412 
vt 0.03619491681456566 0.3685148060321808 
vt 0.041685108095407486 0.35482603311538696 
vt 0.05099456384778023 0.3662918210029602 
vt 0.05588799715042114 0.35564500093460083 
vt 0.06233300268650055 0.3660578429698944 
vt 0.06698773056268692 0.35728299617767334 
vt 0.07558107376098633 0.35880395770072937 
vt 0.07068764418363571 0.3667598366737366 
vt 0.10840287804603577 0.372258722782135 
vt 0.1138930693268776 0.36722782254219055 
vt 0.5032193064689636 0.9429749846458435 
vt 0.5032193064689636 0.918756365776062 
vt 0.5200479030609131 0.9277652502059937 
vt 0.5223156213760376 0.9137254953384399 
vt 0.5457085967063904 0.9159484505653381 
vt 0.5486924052238464 0.9054186344146729 
vt 0.5396216511726379 0.9255422949790955 
vt 0.5162286758422852 0.9501118659973145 
vt 0.52840256690979 0.9484738707542419 
vt 0.550363302230835 0.9374760389328003 
vt 0.5464246869087219 0.9230853319168091 
vt 0.5667145848274231 0.9196923971176147 
vt 0.5648049116134644 0.9127894639968872 
vt 0.503338634967804 0.9038976430892944 
vt 0.5056063532829285 0.8930168151855469 
vt 0.5251800417900085 0.9030786752700806 
vt 0.5279251337051392 0.8947718143463135 
vt 0.5508407354354858 0.897345781326294 
vt 0.5583599209785461 0.8615443706512451 
vt 0.5418893694877625 0.8596723675727844 
vt 0.5087094902992249 0.8854119777679443 
vt 0.52840256690979 0.8533545136451721 
vt 0.5525116920471191 0.02056274004280567 
vt 0.5453505516052246 0.04583430662751198 
vt 0.6025201678276062 0.02524266019463539 
vt 0.5833044648170471 0.05823609605431557 
vt 0.5373539924621582 0.0677129328250885 
vt 0.5162286758422852 0.056832119822502136 
vt 0.5027418732643127 0.0677129328250885 
vt 0.5120513439178467 0.1042163074016571 
vt 0.4906873404979706 0.06923390924930573 
vt 0.48949381709098816 0.10503529757261276 
vt 0.4473625421524048 0.09754742681980133 
vt 0.48030370473861694 0.06478798389434814 
vt 0.47767797112464905 0.05390717089176178 
vt 0.4345918893814087 0.06104404851794243 
vt 0.4860326051712036 0.04758927971124649 
vt 0.42743077874183655 0.011319898068904877 
vt 0.4885390102863312 0.011319898068904877 
vt 0.37121596932411194 0.012606875970959663 
vt 0.38100284337997437 0.0798807293176651 
vt 0.42194056510925293 0.13358280062675476 
vt 0.48149722814559937 0.15838637948036194 
vt 0.5282832384109497 0.1506645232439041 
vt 0.5292380452156067 0.11895805597305298 
vt 0.5497666001319885 0.09158052504062653 
vt 0.5844979882240295 0.07742376625537872 
vt 0.6211390495300293 0.06911691278219223 
vt 0.6361774206161499 0.032262541353702545 
vt 0.6169617772102356 0.0799977257847786 
vt 0.3351716697216034 0.29234910011291504 
vt 0.3432876169681549 0.30229392647743225 
vt 0.33612650632858276 0.3032298982143402 
vt 0.3485391139984131 0.31411072611808777 
vt 0.33708131313323975 0.3155146837234497 
vt 0.3486584424972534 0.32709750533103943 
vt 0.3395876884460449 0.3275654911994934 
vt 0.3453165888786316 0.34066927433013916 
vt 0.33863288164138794 0.34066927433013916 
vt 0.3351716697216034 0.3583359718322754 
vt 0.01268257200717926 0.6622967720031738 
vt 0.019963044673204422 0.6042657494544983 
vt 0.07343274354934692 0.673645555973053 
vt 0.07271663099527359 0.6035637855529785 
vt 0.11067056655883789 0.6735285520553589 
vt 0.11067056655883789 0.6046167612075806 
vt 0.1486244946718216 0.6035637855529785 
vt 0.14802773296833038 0.673645555973053 
vt 0.07570042461156845 0.5606254935264587 
vt 0.011727755889296532 0.5442457795143127 
vt 0.07665524631738663 0.5344179272651672 
vt 0.021275915205478668 0.5030624866485596 
vt 0.06997153162956238 0.49756360054016113 
vt 0.0332111157476902 0.48118385672569275 
vt 0.08691951632499695 0.45638027787208557 
vt 0.03846260532736778 0.4477224349975586 
vt 0.09264840930700302 0.43251270055770874 
vt 0.08011645078659058 0.4167179763317108 
vt 0.02807898074388504 0.41648396849632263 
vt 0.08274219930171967 0.3964773118495941 
vt 0.11067056655883789 0.43824559450149536 
vt 0.11067056655883789 0.4559122920036316 
vt 0.11067056655883789 0.49534061551094055 
vt 0.11067056655883789 0.5343009829521179 
vt 0.11067056655883789 0.5627314448356628 
vt 0.14576005935668945 0.5606254935264587 
vt 0.20149743556976318 0.6042657494544983 
vt 0.20973272621631622 0.5442457795143127 
vt 0.14480523765087128 0.5344179272651672 
vt 0.1513696014881134 0.49756360054016113 
vt 0.20865856111049652 0.6622967720031738 
vt 0.20006521046161652 0.5030624866485596 
vt 0.1882493644952774 0.48118385672569275 
vt 0.13454096019268036 0.45638027787208557 
vt 0.18299788236618042 0.4477224349975586 
vt 0.12869271636009216 0.43251270055770874 
vt 0.14134402573108673 0.4167179763317108 
vt 0.19326214492321014 0.41648396849632263 
vt 0.13859893381595612 0.3964773118495941 
vt 0.9251286387443542 0.5257601141929626 
vt 0.9155804514884949 0.497914582490921 
vt 0.9035258889198303 0.5297380089759827 
vt 0.8964841365814209 0.50762540102005 
vt 0.8831167221069336 0.5305570363998413 
vt 0.8938583731651306 0.4763869345188141 
vt 0.1615145206451416 0.011319898068904877 
vt 0.14396977424621582 0.013776855543255806 
vt 0.16390155255794525 0.02851860411465168 
vt 0.1459987610578537 0.03343252092599869 
vt 0.12523150444030762 0.015414828434586525 
vt 0.12666372954845428 0.04255836457014084 
vt 0.10637389123439789 0.016584808006882668 
vt 0.10744805634021759 0.04583430662751198 
vt 0.08870979398488998 0.016818804666399956 
vt 0.08870979398488998 0.043845340609550476 
vt 0.06985218077898026 0.04583430662751198 
vt 0.07092634588479996 0.016584808006882668 
vt 0.05063650757074356 0.04255836457014084 
vt 0.05206873267889023 0.015414828434586525 
vt 0.031420834362506866 0.03343252092599869 
vt 0.033330466598272324 0.013776855543255806 
vt 0.01339868362993002 0.02851860411465168 
vt 0.01578572392463684 0.011319898068904877 
vt 0.8989905118942261 0.2828722596168518 
vt 0.9197577834129333 0.307207852602005 
vt 0.9146256446838379 0.28170228004455566 
vt 0.933244526386261 0.30603787302970886 
vt 0.9308574795722961 0.28029829263687134 
vt 0.9457765221595764 0.3052188754081726 
vt 0.9479248523712158 0.2791283130645752 
vt 0.9585471749305725 0.3053358793258667 
vt 0.9647534489631653 0.27842631936073303 
vt 0.9728693962097168 0.307207852602005 
vt 0.9806272983551025 0.2786603271961212 
vt 0.9665437340736389 0.33891430497169495 
vt 0.9555633664131165 0.3379783034324646 
vt 0.9438668489456177 0.3376273214817047 
vt 0.9321703910827637 0.3378613293170929 
vt 0.9210706353187561 0.3383293151855469 
vt 0.9050774574279785 0.3090797960758209 
vt 0.910209596157074 0.33891430497169495 
vt 0.9289478659629822 0.06642595678567886 
vt 0.9501925110816956 0.11673509329557419 
vt 0.9030485153198242 0.04045239835977554 
vt 0.9328864812850952 0.040803395211696625 
vt 0.9328864812850952 0.02629564143717289 
vt 0.9611729383468628 0.029805582016706467 
vt 0.9609342217445374 0.044898323714733124 
vt 0.9611729383468628 0.11802207678556442 
vt 0.9019743204116821 0.030039578676223755 
vt 0.8544722199440002 0.28579720854759216 
vt 0.845998227596283 0.29854997992515564 
vt 0.8471917510032654 0.22530923783779144 
vt 0.8321533799171448 0.23092514276504517 
vt 0.8556657433509827 0.21255645155906677 
vt 0.8354952335357666 0.20424960553646088 
vt 0.8544722199440002 0.1975807100534439 
vt 0.844088613986969 0.18611490726470947 
vt 0.8230826258659363 0.20436659455299377 
vt 0.8284534811973572 0.18248796463012695 
vt 0.8050605058670044 0.20085665583610535 
vt 0.8135344982147217 0.18810386955738068 
vt 0.8061346411705017 0.2158323973417282 
vt 0.8165183067321777 0.22729820013046265 
vt 0.8154441118240356 0.30053895711898804 
vt 0.8310792446136475 0.30416589975357056 
vt 0.8050605058670044 0.2890731394290924 
vt 0.9035258889198303 0.8472706079483032 
vt 0.9285898208618164 0.820478081703186 
vt 0.9328864812850952 0.8471536040306091 
vt 0.9487603306770325 0.7709879279136658 
vt 0.9584278464317322 0.8429417014122009 
vt 0.9584278464317322 0.7697009444236755 
vt 0.060662075877189636 0.8684472441673279 
vt 0.09909342229366302 0.8749991059303284 
vt 0.05517188459634781 0.8828380107879639 
vt 0.09181294590234756 0.8948888182640076 
vt 0.05302354693412781 0.8998026847839355 
vt 0.08870979398488998 0.9175863862037659 
vt 0.09992888569831848 0.897345781326294 
vt 0.09706443548202515 0.9202773571014404 
vt 0.11078991740942001 0.9000366926193237 
vt 0.10828352719545364 0.922032356262207 
vt 0.12475410103797913 0.9026106595993042 
vt 0.12284446507692337 0.9222663044929504 
vt 0.15053413808345795 0.9070565700531006 
vt 0.14945995807647705 0.9222663044929504 
vt 0.10780611634254456 0.8771051168441772 
vt 0.11866714805364609 0.8801470398902893 
vt 0.13072170317173004 0.8835399746894836 
vt 0.15697914361953735 0.8933678269386292 
vt 0.1321539282798767 0.878743052482605 
vt 0.14778903126716614 0.8730101585388184 
vt 0.12177029997110367 0.8616613745689392 
vt 0.12869271636009216 0.8593214154243469 
vt 0.3111819326877594 0.29819899797439575 
vt 0.3111819326877594 0.2814682722091675 
vt 0.304378867149353 0.301474928855896 
vt 0.304378867149353 0.26789650321006775 
vt 0.29757580161094666 0.28778618574142456 
vt 0.29757580161094666 0.2710554599761963 
vt 0.3459133505821228 0.7294536232948303 
vt 0.36119040846824646 0.7334315776824951 
vt 0.35032936930656433 0.7079259753227234 
vt 0.36119040846824646 0.7086279988288879 
vt 0.35259705781936646 0.6848773956298828 
vt 0.3598775267601013 0.6842923760414124 
vt 0.35200029611587524 0.6777405142784119 
vt 0.3591614365577698 0.6771554946899414 
vt 0.5793658494949341 0.5544246435165405 
vt 0.5878398418426514 0.5476387143135071 
vt 0.5747111439704895 0.5180382132530212 
vt 0.582827091217041 0.5104333758354187 
vt 0.567550003528595 0.46269819140434265 
vt 0.5774562358856201 0.45450833439826965 
vt 0.5600308179855347 0.45427432656288147 
vt 0.5729208588600159 0.4451484680175781 
vt 0.5887946486473083 0.4514663815498352 
vt 0.5898688435554504 0.44210654497146606 
vt 0.5985815525054932 0.5454157590866089 
vt 0.5947622656822205 0.5077424049377441 
vt 0.608726441860199 0.548574686050415 
vt 0.6065781116485596 0.5111353397369385 
vt 0.6167230606079102 0.5555946230888367 
vt 0.6143360137939453 0.5192081928253174 
vt 0.6002524495124817 0.4541573226451874 
vt 0.6056233048439026 0.44690343737602234 
vt 0.6095619201660156 0.46316617727279663 
vt 0.6167230606079102 0.45684829354286194 
vt 0.70731121301651 0.47287699580192566 
vt 0.7250946760177612 0.46269819140434265 
vt 0.7019403576850891 0.4857468008995056 
vt 0.7250946760177612 0.49545761942863464 
vt 0.7157852053642273 0.5042324662208557 
vt 0.7040886878967285 0.4984995722770691 
vt 0.9236963987350464 0.7527362108230591 
vt 0.9020936489105225 0.748641312122345 
vt 0.9142675995826721 0.7805817723274231 
vt 0.8951712846755981 0.7707539200782776 
vt 0.8924261927604675 0.8019923567771912 
vt 0.8818038105964661 0.7478222846984863 
vt 0.988743245601654 0.39624330401420593 
vt 0.9889819025993347 0.41203805804252625 
vt 0.960218071937561 0.40396517515182495 
vt 0.9620083570480347 0.41823893785476685 
vt 0.9284704923629761 0.41028308868408203 
vt 0.9294252991676331 0.4212808907032013 
vt 0.9621277451515198 0.4311087131500244 
vt 0.9296640157699585 0.4329806864261627 
vt 0.9614115953445435 0.4436275064945221 
vt 0.9295446276664734 0.44468048214912415 
vt 0.960218071937561 0.45708227157592773 
vt 0.985759437084198 0.4622301757335663 
vt 0.9845659136772156 0.4777909219264984 
vt 0.9583084583282471 0.4717070162296295 
vt 0.9290672540664673 0.4557952880859375 
vt 0.9284704923629761 0.46655911207199097 
vt 0.9870722889900208 0.4459674656391144 
vt 0.9882658123970032 0.4288857579231262 
vt 0.8936196565628052 0.7212637662887573 
vt 0.8946938514709473 0.7108509540557861 
vt 0.9246512055397034 0.725124716758728 
vt 0.924531877040863 0.7104999423027039 
vt 0.9528182744979858 0.7214977741241455 
vt 0.9525795578956604 0.7065219879150391 
vt 0.9528182744979858 0.6332812905311584 
vt 0.9418379068374634 0.6345682144165039 
vt 0.9207125902175903 0.6848773956298828 
vt 0.2063908725976944 0.8228180408477783 
vt 0.1936202049255371 0.8313589096069336 
vt 0.2669023275375366 0.8301888704299927 
vt 0.26129278540611267 0.8451646566390991 
vt 0.2796730101108551 0.8216480612754822 
vt 0.28802764415740967 0.8417717218399048 
vt 0.2945919930934906 0.8228180408477783 
vt 0.30616915225982666 0.8332308530807495 
vt 0.28778892755508423 0.854173481464386 
vt 0.30974969267845154 0.8489086031913757 
vt 0.2913694977760315 0.8723081946372986 
vt 0.3041401505470276 0.8637673258781433 
vt 0.18801066279411316 0.8463346362113953 
vt 0.26487335562705994 0.8607254028320312 
vt 0.19159121811389923 0.8618953824043274 
vt 0.2764504849910736 0.8711382150650024 
vt 0.2031683623790741 0.8723081946372986 
vt 0.7919318079948425 0.7611600756645203 
vt 0.7920511364936829 0.7317935824394226 
vt 0.8186666369438171 0.7361224889755249 
vt 0.8683170676231384 0.7159988284111023 
vt 0.7962284684181213 0.7062880396842957 
vt 0.8695105910301208 0.7062880396842957 
vt 0.8878908157348633 0.15370646119117737 
vt 0.8944551348686218 0.19219881296157837 
vt 0.9023323655128479 0.14820756018161774 
vt 0.9143869280815125 0.18494492769241333 
vt 0.9191610217094421 0.14598459005355835 
vt 0.9370638132095337 0.1816689819097519 
vt 0.9167739748954773 0.19301779568195343 
vt 0.9398089051246643 0.19009284675121307 
vt 0.9195190668106079 0.2038986086845398 
vt 0.9414798617362976 0.20132465660572052 
vt 0.9220254421234131 0.2178213745355606 
vt 0.9417185187339783 0.2159494012594223 
vt 0.9265608191490173 0.24356092512607574 
vt 0.9417185187339783 0.2426249384880066 
vt 0.8966034650802612 0.20085665583610535 
vt 0.8995872735977173 0.2117374688386917 
vt 0.9030485153198242 0.22378826141357422 
vt 0.9128353595733643 0.24999581277370453 
vt 0.8981550335884094 0.22530923783779144 
vt 0.8925455212593079 0.24086996912956238 
vt 0.8810877203941345 0.21489641070365906 
vt 0.8788200616836548 0.22179929912090302 
vt 0.5141996741294861 0.7948554754257202 
vt 0.5309089422225952 0.7948554754257202 
vt 0.5109771490097046 0.8016414046287537 
vt 0.544515073299408 0.8016414046287537 
vt 0.5245832800865173 0.8084272742271423 
vt 0.5412926077842712 0.8084272742271423 
vt 0.2417190670967102 0.4961596131324768 
vt 0.22644200921058655 0.5000205636024475 
vt 0.23718369007110596 0.4746319651603699 
vt 0.22644200921058655 0.47521695494651794 
vt 0.23491600155830383 0.4515833854675293 
vt 0.2277548760175705 0.4509983956813812 
vt 0.23551276326179504 0.44444650411605835 
vt 0.2283516377210617 0.4437445104122162 
vt 0.8433724641799927 0.012723874300718307 
vt 0.8517271280288696 0.019509758800268173 
vt 0.8385984301567078 0.04899325221776962 
vt 0.8467143774032593 0.05671512335538864 
vt 0.8314372897148132 0.10445030778646469 
vt 0.8413435220718384 0.11264016479253769 
vt 0.8239181041717529 0.11287416517734528 
vt 0.8368081450462341 0.12200000882148743 
vt 0.8526819348335266 0.11568211764097214 
vt 0.8537561297416687 0.12504194676876068 
vt 0.8624688386917114 0.02161572128534317 
vt 0.8586495518684387 0.05940607562661171 
vt 0.8726137280464172 0.018456775695085526 
vt 0.8704653978347778 0.05601313337683678 
vt 0.8806102871894836 0.01155389379709959 
vt 0.8783426284790039 0.04782327264547348 
vt 0.8641397356987 0.11299116164445877 
vt 0.8695105910301208 0.12024503946304321 
vt 0.8734492063522339 0.10398231446743011 
vt 0.8806102871894836 0.11018320918083191 
vt 0.7822642922401428 0.042675361037254333 
vt 0.8000476956367493 0.05273719131946564 
vt 0.7770127654075623 0.029805582016706467 
vt 0.8000476956367493 0.020094748586416245 
vt 0.7907382845878601 0.011319898068904877 
vt 0.7790417671203613 0.017052799463272095 
vt 0.33970704674720764 0.8094802498817444 
vt 0.3694257140159607 0.8043323159217834 
vt 0.3496132791042328 0.7799967527389526 
vt 0.4078570306301117 0.7865486741065979 
vt 0.4078570306301117 0.7865486741065979 
vt 0.4608493447303772 0.7913455367088318 
vt 0.4608493447303772 0.7913455367088318 
vt 0.4855552017688751 0.811235249042511 
vt 0.4855552017688751 0.811235249042511 
vt 0.4945065975189209 0.8452816605567932 
vt 0.4945065975189209 0.8452816605567932 
vt 0.41191500425338745 0.8083102703094482 
vt 0.41573426127433777 0.8471536040306091 
vt 0.3731256127357483 0.847036600112915 
vt 0.3420940935611725 0.847036600112915 
vt 0.369306355714798 0.8896238803863525 
vt 0.33970704674720764 0.8844759464263916 
vt 0.3228784203529358 0.9072905778884888 
vt 0.3496132791042328 0.9139594435691833 
vt 0.3228784203529358 0.9072905778884888 
vt 0.41191500425338745 0.8083102703094482 
vt 0.4115569591522217 0.8858799338340759 
vt 0.47875213623046875 0.8821359872817993 
vt 0.40726029872894287 0.9057695865631104 
vt 0.3496132791042328 0.9139594435691833 
vt 0.369306355714798 0.8896238803863525 
vt 0.33970704674720764 0.8844759464263916 
vt 0.3420940935611725 0.847036600112915 
vt 0.3731256127357483 0.847036600112915 
vt 0.33970704674720764 0.8094802498817444 
vt 0.4115569591522217 0.8858799338340759 
vt 0.40726029872894287 0.9057695865631104 
vt 0.460252583026886 0.9010896682739258 
vt 0.460252583026886 0.9010896682739258 
vt 0.47875213623046875 0.8821359872817993 
vt 0.41573426127433777 0.8471536040306091 
vt 0.3694257140159607 0.8043323159217834 
vt 0.3496132791042328 0.7799967527389526 
vt 0.3228784203529358 0.7867826223373413 
vt 0.3228784203529358 0.7867826223373413 
vt 0.6069361567497253 0.9695335030555725 
vt 0.6255550980567932 0.9684805274009705 
vt 0.5911816954612732 0.9551427364349365 
vt 0.5916591286659241 0.9356040954589844 
vt 0.6055039763450623 0.9227343201637268 
vt 0.6242422461509705 0.9213303327560425 
vt 0.6389225125312805 0.934083104133606 
vt 0.6389225125312805 0.9554937481880188 
s on 
f 1/1/1 2/2/2 3/3/3 
f 2/2/2 4/4/4 3/3/3 
f 3/3/3 4/4/4 5/5/5 
f 4/4/4 5/5/5 5/5/5 
f 5/5/5 5/5/5 1/1/1 
f 5/5/5 1/1/1 1/1/1 
f 1/1/1 1/1/1 2/2/2 
f 1/1/1 6/6/6 2/2/2 
f 2/2/2 6/6/6 7/7/7 
f 6/6/6 8/8/8 7/7/7 
f 7/7/7 8/8/8 9/9/9 
f 8/8/8 10/10/10 9/9/9 
f 9/9/9 10/10/10 11/11/11 
f 10/10/10 12/12/12 11/11/11 
f 11/11/11 12/12/12 13/13/13 
f 12/12/12 14/14/14 13/13/13 
f 13/13/13 14/14/14 15/15/15 
f 14/14/14 16/16/16 15/15/15 
f 15/15/15 16/16/16 16/16/16 
f 16/16/16 11/11/11 16/16/16 
f 16/16/16 11/11/11 11/11/11 
f 11/11/11 13/13/13 11/11/11 
f 11/11/11 13/13/13 9/9/9 
f 13/13/13 17/17/17 9/9/9 
f 9/9/9 17/17/17 7/7/7 
f 17/17/17 18/18/18 7/7/7 
f 7/7/7 18/18/18 2/2/2 
f 18/18/18 18/18/18 2/2/2 
f 2/2/2 18/18/18 4/4/4 
f 18/18/18 19/19/19 4/4/4 
f 4/4/4 19/19/19 4/4/4 
f 19/19/19 20/20/20 4/4/4 
f 4/4/4 20/20/20 5/5/5 
f 20/20/20 21/21/21 5/5/5 
f 5/5/5 21/21/21 5/5/5 
f 21/21/21 22/22/22 5/5/5 
f 5/5/5 22/22/22 3/3/3 
f 22/22/22 23/23/23 3/3/3 
f 3/3/3 23/23/23 23/23/23 
f 23/23/23 22/22/22 23/23/23 
f 23/23/23 22/22/22 22/22/22 
f 22/22/22 21/21/21 22/22/22 
f 22/22/22 21/21/21 24/24/24 
f 21/21/21 25/25/25 24/24/24 
f 24/24/24 25/25/25 24/24/24 
f 25/25/25 26/26/26 24/24/24 
f 24/24/24 26/26/26 27/27/27 
f 26/26/26 28/28/28 27/27/27 
f 27/27/27 28/28/28 27/27/27 
f 28/28/28 29/29/29 27/27/27 
f 27/27/27 29/29/29 30/30/30 
f 29/29/29 30/30/30 30/30/30 
f 30/30/30 30/30/30 25/25/25 
f 30/30/30 25/25/25 25/25/25 
f 25/25/25 25/25/25 20/20/20 
f 25/25/25 21/21/21 20/20/20 
f 20/20/20 21/21/21 21/21/21 
f 21/21/21 15/15/15 21/21/21 
f 21/21/21 15/15/15 15/15/15 
f 15/15/15 31/31/31 15/15/15 
f 15/15/15 31/31/31 13/13/13 
f 31/31/31 31/31/31 13/13/13 
f 13/13/13 31/31/31 17/17/17 
f 31/31/31 32/32/32 17/17/17 
f 17/17/17 32/32/32 18/18/18 
f 32/32/32 19/19/19 18/18/18 
f 18/18/18 19/19/19 19/19/19 
f 19/19/19 33/33/33 19/19/19 
f 19/19/19 33/33/33 33/33/33 
f 33/33/33 29/29/29 33/33/33 
f 33/33/33 29/29/29 34/34/34 
f 29/29/29 35/35/35 34/34/34 
f 34/34/34 35/35/35 34/34/34 
f 35/35/35 36/36/36 34/34/34 
f 34/34/34 36/36/36 37/37/37 
f 36/36/36 38/38/38 37/37/37 
f 37/37/37 38/38/38 37/37/37 
f 38/38/38 39/39/39 37/37/37 
f 37/37/37 39/39/39 40/40/40 
f 39/39/39 39/39/39 40/40/40 
f 40/40/40 39/39/39 41/41/41 
f 39/39/39 42/42/42 41/41/41 
f 41/41/41 42/42/42 43/43/43 
f 42/42/42 44/44/44 43/43/43 
f 43/43/43 44/44/44 45/45/45 
f 44/44/44 46/46/46 45/45/45 
f 45/45/45 46/46/46 47/47/47 
f 46/46/46 47/47/47 47/47/47 
f 47/47/47 47/47/47 28/28/28 
f 47/47/47 28/28/28 28/28/28 
f 28/28/28 28/28/28 29/29/29 
f 28/28/28 35/35/35 29/29/29 
f 29/29/29 35/35/35 35/35/35 
f 35/35/35 33/33/33 35/35/35 
f 35/35/35 33/33/33 33/33/33 
f 33/33/33 34/34/34 33/33/33 
f 33/33/33 34/34/34 48/48/48 
f 34/34/34 37/37/37 48/48/48 
f 48/48/48 37/37/37 40/40/40 
f 37/37/37 40/40/40 40/40/40 
f 40/40/40 40/40/40 42/42/42 
f 40/40/40 42/42/42 42/42/42 
f 42/42/42 42/42/42 44/44/44 
f 42/42/42 39/39/39 44/44/44 
f 44/44/44 39/39/39 44/44/44 
f 39/39/39 38/38/38 44/44/44 
f 44/44/44 38/38/38 49/49/49 
f 38/38/38 38/38/38 49/49/49 
f 49/49/49 38/38/38 50/50/50 
f 38/38/38 36/36/36 50/50/50 
f 50/50/50 36/36/36 51/51/51 
f 36/36/36 35/35/35 51/51/51 
f 51/51/51 35/35/35 52/52/52 
f 35/35/35 28/28/28 52/52/52 
f 52/52/52 28/28/28 52/52/52 
f 28/28/28 26/26/26 52/52/52 
f 52/52/52 26/26/26 52/52/52 
f 26/26/26 25/25/25 52/52/52 
f 52/52/52 25/25/25 53/53/53 
f 25/25/25 20/20/20 53/53/53 
f 53/53/53 20/20/20 54/54/54 
f 20/20/20 19/19/19 54/54/54 
f 54/54/54 19/19/19 55/55/55 
f 19/19/19 32/32/32 55/55/55 
f 55/55/55 32/32/32 55/55/55 
f 32/32/32 56/56/56 55/55/55 
f 55/55/55 56/56/56 54/54/54 
f 56/56/56 57/57/57 54/54/54 
f 54/54/54 57/57/57 53/53/53 
f 57/57/57 58/58/58 53/53/53 
f 53/53/53 58/58/58 52/52/52 
f 58/58/58 58/58/58 52/52/52 
f 52/52/52 58/58/58 51/51/51 
f 58/58/58 59/59/59 51/51/51 
f 51/51/51 59/59/59 50/50/50 
f 59/59/59 59/59/59 50/50/50 
f 50/50/50 59/59/59 60/60/60 
f 59/59/59 58/58/58 60/60/60 
f 60/60/60 58/58/58 60/60/60 
f 58/58/58 57/57/57 60/60/60 
f 60/60/60 57/57/57 61/61/61 
f 57/57/57 56/56/56 61/61/61 
f 61/61/61 56/56/56 61/61/61 
f 56/56/56 62/62/62 61/61/61 
f 61/61/61 62/62/62 61/61/61 
f 62/62/62 63/63/63 61/61/61 
f 61/61/61 63/63/63 61/61/61 
f 63/63/63 64/64/64 61/61/61 
f 61/61/61 64/64/64 60/60/60 
f 64/64/64 65/65/65 60/60/60 
f 60/60/60 65/65/65 50/50/50 
f 65/65/65 65/65/65 50/50/50 
f 50/50/50 65/65/65 49/49/49 
f 65/65/65 66/66/66 49/49/49 
f 49/49/49 66/66/66 46/46/46 
f 66/66/66 67/67/67 46/46/46 
f 46/46/46 67/67/67 47/47/47 
f 67/67/67 47/47/47 47/47/47 
f 47/47/47 47/47/47 49/49/49 
f 47/47/47 49/49/49 49/49/49 
f 49/49/49 49/49/49 44/44/44 
f 49/49/49 46/46/46 44/44/44 
f 44/44/44 46/46/46 46/46/46 
f 46/46/46 64/64/64 46/46/46 
f 46/46/46 64/64/64 64/64/64 
f 64/64/64 68/68/68 64/64/64 
f 64/64/64 68/68/68 65/65/65 
f 68/68/68 68/68/68 65/65/65 
f 65/65/65 68/68/68 66/66/66 
f 68/68/68 69/69/69 66/66/66 
f 66/66/66 69/69/69 67/67/67 
f 69/69/69 70/70/70 67/67/67 
f 67/67/67 70/70/70 67/67/67 
f 70/70/70 71/71/71 67/67/67 
f 67/67/67 71/71/71 72/72/72 
f 71/71/71 73/73/73 72/72/72 
f 72/72/72 73/73/73 73/73/73 
f 73/73/73 67/67/67 73/73/73 
f 73/73/73 67/67/67 67/67/67 
f 67/67/67 72/72/72 67/67/67 
f 67/67/67 72/72/72 47/47/47 
f 72/72/72 47/47/47 47/47/47 
f 47/47/47 47/47/47 74/74/74 
f 47/47/47 74/74/74 74/74/74 
f 74/74/74 74/74/74 75/75/75 
f 74/74/74 76/76/76 75/75/75 
f 75/75/75 76/76/76 75/75/75 
f 76/76/76 77/77/77 75/75/75 
f 75/75/75 77/77/77 78/78/78 
f 77/77/77 79/79/79 78/78/78 
f 78/78/78 79/79/79 80/80/80 
f 79/79/79 79/79/79 80/80/80 
f 80/80/80 79/79/79 81/81/81 
f 79/79/79 79/79/79 81/81/81 
f 81/81/81 79/79/79 82/82/82 
f 79/79/79 83/83/83 82/82/82 
f 82/82/82 83/83/83 84/84/84 
f 83/83/83 83/83/83 84/84/84 
f 84/84/84 83/83/83 85/85/85 
f 83/83/83 83/83/83 85/85/85 
f 85/85/85 83/83/83 86/86/86 
f 83/83/83 83/83/83 86/86/86 
f 86/86/86 83/83/83 87/87/87 
f 83/83/83 79/79/79 87/87/87 
f 87/87/87 79/79/79 88/88/88 
f 79/79/79 77/77/77 88/88/88 
f 88/88/88 77/77/77 89/89/89 
f 77/77/77 76/76/76 89/89/89 
f 89/89/89 76/76/76 89/89/89 
f 76/76/76 90/90/90 89/89/89 
f 89/89/89 90/90/90 89/89/89 
f 90/90/90 91/91/91 89/89/89 
f 89/89/89 91/91/91 89/89/89 
f 91/91/91 92/92/92 89/89/89 
f 89/89/89 92/92/92 88/88/88 
f 92/92/92 93/93/93 88/88/88 
f 88/88/88 93/93/93 87/87/87 
f 93/93/93 94/94/94 87/87/87 
f 87/87/87 94/94/94 86/86/86 
f 94/94/94 95/95/95 86/86/86 
f 86/86/86 95/95/95 95/95/95 
f 95/95/95 75/75/75 95/95/95 
f 95/95/95 75/75/75 75/75/75 
f 75/75/75 78/78/78 75/75/75 
f 75/75/75 78/78/78 96/96/96 
f 78/78/78 78/78/78 96/96/96 
f 96/96/96 78/78/78 97/97/97 
f 78/78/78 80/80/80 97/97/97 
f 97/97/97 80/80/80 80/80/80 
f 80/80/80 94/94/94 80/80/80 
f 80/80/80 94/94/94 94/94/94 
f 94/94/94 93/93/93 94/94/94 
f 94/94/94 93/93/93 98/98/98 
f 93/93/93 99/99/99 98/98/98 
f 98/98/98 99/99/99 98/98/98 
f 99/99/99 100/100/100 98/98/98 
f 98/98/98 100/100/100 101/101/101 
f 100/100/100 100/100/100 101/101/101 
f 101/101/101 100/100/100 102/102/102 
f 100/100/100 103/103/103 102/102/102 
f 102/102/102 103/103/103 104/104/104 
f 103/103/103 103/103/103 104/104/104 
f 104/104/104 103/103/103 105/105/105 
f 103/103/103 106/106/106 105/105/105 
f 105/105/105 106/106/106 107/107/107 
f 106/106/106 106/106/106 107/107/107 
f 107/107/107 106/106/106 90/90/90 
f 106/106/106 106/106/106 90/90/90 
f 90/90/90 106/106/106 91/91/91 
f 106/106/106 108/108/108 91/91/91 
f 91/91/91 108/108/108 92/92/92 
f 108/108/108 99/99/99 92/92/92 
f 92/92/92 99/99/99 93/93/93 
f 99/99/99 93/93/93 93/93/93 
f 93/93/93 93/93/93 99/99/99 
f 93/93/93 99/99/99 99/99/99 
f 99/99/99 99/99/99 100/100/100 
f 99/99/99 108/108/108 100/100/100 
f 100/100/100 108/108/108 103/103/103 
f 108/108/108 106/106/106 103/103/103 
f 103/103/103 106/106/106 106/106/106 
f 106/106/106 109/109/109 106/106/106 
f 106/106/106 109/109/109 109/109/109 
f 109/109/109 110/110/110 109/109/109 
f 109/109/109 110/110/110 111/111/111 
f 110/110/110 112/112/112 111/111/111 
f 111/111/111 112/112/112 112/112/112 
f 112/112/112 110/110/110 112/112/112 
f 112/112/112 110/110/110 110/110/110 
f 110/110/110 109/109/109 110/110/110 
f 110/110/110 109/109/109 113/113/113 
f 109/109/109 109/109/109 113/113/113 
f 113/113/113 109/109/109 114/114/114 
f 109/109/109 109/109/109 114/114/114 
f 114/114/114 109/109/109 115/115/115 
f 109/109/109 111/111/111 115/115/115 
f 115/115/115 111/111/111 116/116/116 
f 111/111/111 111/111/111 116/116/116 
f 116/116/116 111/111/111 117/117/117 
f 111/111/111 111/111/111 117/117/117 
f 117/117/117 111/111/111 118/118/118 
f 111/111/111 112/112/112 118/118/118 
f 118/118/118 112/112/112 119/119/119 
f 112/112/112 112/112/112 119/119/119 
f 119/119/119 112/112/112 120/120/120 
f 112/112/112 110/110/110 120/120/120 
f 120/120/120 110/110/110 121/121/121 
f 110/110/110 122/122/122 121/121/121 
f 121/121/121 122/122/122 123/123/123 
f 122/122/122 124/124/124 123/123/123 
f 123/123/123 124/124/124 124/124/124 
f 124/124/124 110/110/110 124/124/124 
f 124/124/124 110/110/110 110/110/110 
f 110/110/110 113/113/113 110/110/110 
f 110/110/110 113/113/113 122/122/122 
f 113/113/113 122/122/122 122/122/122 
f 122/122/122 122/122/122 123/123/123 
f 122/122/122 123/123/123 123/123/123 
f 123/123/123 123/123/123 121/121/121 
f 123/123/123 125/125/125 121/121/121 
f 121/121/121 125/125/125 120/120/120 
f 125/125/125 126/126/126 120/120/120 
f 120/120/120 126/126/126 119/119/119 
f 126/126/126 127/127/127 119/119/119 
f 119/119/119 127/127/127 128/128/128 
f 127/127/127 129/129/129 128/128/128 
f 128/128/128 129/129/129 130/130/130 
f 129/129/129 131/131/131 130/130/130 
f 130/130/130 131/131/131 131/131/131 
f 131/131/131 119/119/119 131/131/131 
f 131/131/131 119/119/119 119/119/119 
f 119/119/119 128/128/128 119/119/119 
f 119/119/119 128/128/128 118/118/118 
f 128/128/128 132/132/132 118/118/118 
f 118/118/118 132/132/132 117/117/117 
f 132/132/132 132/132/132 117/117/117 
f 117/117/117 132/132/132 133/133/133 
f 132/132/132 134/134/134 133/133/133 
f 133/133/133 134/134/134 133/133/133 
f 134/134/134 135/135/135 133/133/133 
f 133/133/133 135/135/135 136/136/136 
f 135/135/135 137/137/137 136/136/136 
f 136/136/136 137/137/137 136/136/136 
f 137/137/137 138/138/138 136/136/136 
f 136/136/136 138/138/138 136/136/136 
f 138/138/138 139/139/139 136/136/136 
f 136/136/136 139/139/139 136/136/136 
f 139/139/139 140/140/140 136/136/136 
f 136/136/136 140/140/140 141/141/141 
f 140/140/140 142/142/142 141/141/141 
f 141/141/141 142/142/142 116/116/116 
f 142/142/142 142/142/142 116/116/116 
f 116/116/116 142/142/142 115/115/115 
f 142/142/142 143/143/143 115/115/115 
f 115/115/115 143/143/143 115/115/115 
f 143/143/143 144/144/144 115/115/115 
f 115/115/115 144/144/144 115/115/115 
f 144/144/144 145/145/145 115/115/115 
f 115/115/115 145/145/145 146/146/146 
f 145/145/145 147/147/147 146/146/146 
f 146/146/146 147/147/147 146/146/146 
f 147/147/147 148/148/148 146/146/146 
f 146/146/146 148/148/148 149/149/149 
f 148/148/148 150/150/150 149/149/149 
f 149/149/149 150/150/150 149/149/149 
f 150/150/150 151/151/151 149/149/149 
f 149/149/149 151/151/151 149/149/149 
f 151/151/151 152/152/152 149/149/149 
f 149/149/149 152/152/152 153/153/153 
f 152/152/152 152/152/152 153/153/153 
f 153/153/153 152/152/152 154/154/154 
f 152/152/152 155/155/155 154/154/154 
f 154/154/154 155/155/155 156/156/156 
f 155/155/155 157/157/157 156/156/156 
f 156/156/156 157/157/157 156/156/156 
f 157/157/157 158/158/158 156/156/156 
f 156/156/156 158/158/158 156/156/156 
f 158/158/158 159/159/159 156/156/156 
f 156/156/156 159/159/159 156/156/156 
f 159/159/159 160/160/160 156/156/156 
f 156/156/156 160/160/160 161/161/161 
f 160/160/160 162/162/162 161/161/161 
f 161/161/161 162/162/162 162/162/162 
f 162/162/162 128/128/128 162/162/162 
f 162/162/162 128/128/128 128/128/128 
f 128/128/128 130/130/130 128/128/128 
f 128/128/128 130/130/130 132/132/132 
f 130/130/130 134/134/134 132/132/132 
f 132/132/132 134/134/134 134/134/134 
f 134/134/134 136/136/136 134/134/134 
f 134/134/134 136/136/136 136/136/136 
f 136/136/136 141/141/141 136/136/136 
f 136/136/136 141/141/141 133/133/133 
f 141/141/141 141/141/141 133/133/133 
f 133/133/133 141/141/141 117/117/117 
f 141/141/141 116/116/116 117/117/117 
f 117/117/117 116/116/116 116/116/116 
f 116/116/116 156/156/156 116/116/116 
f 116/116/116 156/156/156 156/156/156 
f 156/156/156 161/161/161 156/156/156 
f 156/156/156 161/161/161 154/154/154 
f 161/161/161 163/163/163 154/154/154 
f 154/154/154 163/163/163 153/153/153 
f 163/163/163 164/164/164 153/153/153 
f 153/153/153 164/164/164 149/149/149 
f 164/164/164 165/165/165 149/149/149 
f 149/149/149 165/165/165 114/114/114 
f 165/165/165 165/165/165 114/114/114 
f 114/114/114 165/165/165 113/113/113 
f 165/165/165 166/166/166 113/113/113 
f 113/113/113 166/166/166 122/122/122 
f 166/166/166 167/167/167 122/122/122 
f 122/122/122 167/167/167 168/168/168 
f 167/167/167 167/167/167 168/168/168 
f 168/168/168 167/167/167 169/169/169 
f 167/167/167 170/170/170 169/169/169 
f 169/169/169 170/170/170 171/171/171 
f 170/170/170 171/171/171 171/171/171 
f 171/171/171 171/171/171 149/149/149 
f 171/171/171 149/149/149 149/149/149 
f 149/149/149 149/149/149 146/146/146 
f 149/149/149 114/114/114 146/146/146 
f 146/146/146 114/114/114 115/115/115 
f 114/114/114 115/115/115 115/115/115 
f 115/115/115 115/115/115 165/165/165 
f 115/115/115 165/165/165 165/165/165 
f 165/165/165 165/165/165 166/166/166 
f 165/165/165 164/164/164 166/166/166 
f 166/166/166 164/164/164 166/166/166 
f 164/164/164 172/172/172 166/166/166 
f 166/166/166 172/172/172 170/170/170 
f 172/172/172 173/173/173 170/170/170 
f 170/170/170 173/173/173 171/171/171 
f 173/173/173 173/173/173 171/171/171 
f 171/171/171 173/173/173 174/174/174 
f 173/173/173 175/175/175 174/174/174 
f 174/174/174 175/175/175 176/176/176 
f 175/175/175 177/177/177 176/176/176 
f 176/176/176 177/177/177 178/178/178 
f 177/177/177 178/178/178 178/178/178 
f 178/178/178 178/178/178 122/122/122 
f 178/178/178 122/122/122 122/122/122 
f 122/122/122 122/122/122 124/124/124 
f 122/122/122 168/168/168 124/124/124 
f 124/124/124 168/168/168 168/168/168 
f 168/168/168 166/166/166 168/168/168 
f 168/168/168 166/166/166 166/166/166 
f 166/166/166 170/170/170 166/166/166 
f 166/166/166 170/170/170 167/167/167 
f 170/170/170 167/167/167 167/167/167 
f 167/167/167 167/167/167 175/175/175 
f 167/167/167 175/175/175 175/175/175 
f 175/175/175 175/175/175 177/177/177 
f 175/175/175 179/179/179 177/177/177 
f 177/177/177 179/179/179 162/162/162 
f 179/179/179 179/179/179 162/162/162 
f 162/162/162 179/179/179 161/161/161 
f 179/179/179 179/179/179 161/161/161 
f 161/161/161 179/179/179 163/163/163 
f 179/179/179 180/180/180 163/163/163 
f 163/163/163 180/180/180 164/164/164 
f 180/180/180 180/180/180 164/164/164 
f 164/164/164 180/180/180 172/172/172 
f 180/180/180 180/180/180 172/172/172 
f 172/172/172 180/180/180 173/173/173 
f 180/180/180 180/180/180 173/173/173 
f 173/173/173 180/180/180 175/175/175 
f 180/180/180 179/179/179 175/175/175 
f 175/175/175 179/179/179 179/179/179 
f 179/179/179 181/181/181 179/179/179 
f 179/179/179 181/181/181 181/181/181 
f 181/181/181 182/182/182 181/181/181 
f 181/181/181 182/182/182 183/183/183 
f 182/182/182 184/184/184 183/183/183 
f 183/183/183 184/184/184 16/16/16 
f 184/184/184 184/184/184 16/16/16 
f 16/16/16 184/184/184 15/15/15 
f 184/184/184 184/184/184 15/15/15 
f 15/15/15 184/184/184 185/185/185 
f 184/184/184 186/186/186 185/185/185 
f 185/185/185 186/186/186 185/185/185 
f 186/186/186 187/187/187 185/185/185 
f 185/185/185 187/187/187 188/188/188 
f 187/187/187 62/62/62 188/188/188 
f 188/188/188 62/62/62 188/188/188 
f 62/62/62 56/56/56 188/188/188 
f 188/188/188 56/56/56 188/188/188 
f 56/56/56 32/32/32 188/188/188 
f 188/188/188 32/32/32 188/188/188 
f 32/32/32 31/31/31 188/188/188 
f 188/188/188 31/31/31 185/185/185 
f 31/31/31 15/15/15 185/185/185 
f 185/185/185 15/15/15 15/15/15 
f 15/15/15 182/182/182 15/15/15 
f 15/15/15 182/182/182 182/182/182 
f 182/182/182 189/189/189 182/182/182 
f 182/182/182 189/189/189 184/184/184 
f 189/189/189 186/186/186 184/184/184 
f 184/184/184 186/186/186 186/186/186 
f 186/186/186 190/190/190 186/186/186 
f 186/186/186 190/190/190 190/190/190 
f 190/190/190 191/191/191 190/190/190 
f 190/190/190 191/191/191 192/192/192 
f 191/191/191 191/191/191 192/192/192 
f 192/192/192 191/191/191 193/193/193 
f 191/191/191 194/194/194 193/193/193 
f 193/193/193 194/194/194 193/193/193 
f 194/194/194 195/195/195 193/193/193 
f 193/193/193 195/195/195 196/196/196 
f 195/195/195 197/197/197 196/196/196 
f 196/196/196 197/197/197 196/196/196 
f 197/197/197 198/198/198 196/196/196 
f 196/196/196 198/198/198 199/199/199 
f 198/198/198 200/200/200 199/199/199 
f 199/199/199 200/200/200 201/201/201 
f 200/200/200 202/202/202 201/201/201 
f 201/201/201 202/202/202 203/203/203 
f 202/202/202 204/204/204 203/203/203 
f 203/203/203 204/204/204 205/205/205 
f 204/204/204 206/206/206 205/205/205 
f 205/205/205 206/206/206 206/206/206 
f 206/206/206 205/205/205 206/206/206 
f 206/206/206 205/205/205 205/205/205 
f 205/205/205 207/207/207 205/205/205 
f 205/205/205 207/207/207 203/203/203 
f 207/207/207 208/208/208 203/203/203 
f 203/203/203 208/208/208 201/201/201 
f 208/208/208 209/209/209 201/201/201 
f 201/201/201 209/209/209 199/199/199 
f 209/209/209 210/210/210 199/199/199 
f 199/199/199 210/210/210 196/196/196 
f 210/210/210 210/210/210 196/196/196 
f 196/196/196 210/210/210 193/193/193 
f 210/210/210 210/210/210 193/193/193 
f 193/193/193 210/210/210 192/192/192 
f 210/210/210 210/210/210 192/192/192 
f 192/192/192 210/210/210 211/211/211 
f 210/210/210 210/210/210 211/211/211 
f 211/211/211 210/210/210 212/212/212 
f 210/210/210 209/209/209 212/212/212 
f 212/212/212 209/209/209 213/213/213 
f 209/209/209 208/208/208 213/213/213 
f 213/213/213 208/208/208 214/214/214 
f 208/208/208 207/207/207 214/214/214 
f 214/214/214 207/207/207 207/207/207 
f 207/207/207 215/215/215 207/207/207 
f 207/207/207 215/215/215 215/215/215 
f 215/215/215 216/216/216 215/215/215 
f 215/215/215 216/216/216 217/217/217 
f 216/216/216 218/218/218 217/217/217 
f 217/217/217 218/218/218 218/218/218 
f 218/218/218 215/215/215 218/218/218 
f 218/218/218 215/215/215 215/215/215 
f 215/215/215 219/219/219 215/215/215 
f 215/215/215 219/219/219 216/216/216 
f 219/219/219 219/219/219 216/216/216 
f 216/216/216 219/219/219 220/220/220 
f 219/219/219 221/221/221 220/220/220 
f 220/220/220 221/221/221 222/222/222 
f 221/221/221 223/223/223 222/222/222 
f 222/222/222 223/223/223 222/222/222 
f 223/223/223 224/224/224 222/222/222 
f 222/222/222 224/224/224 225/225/225 
f 224/224/224 226/226/226 225/225/225 
f 225/225/225 226/226/226 227/227/227 
f 226/226/226 228/228/228 227/227/227 
f 227/227/227 228/228/228 229/229/229 
f 228/228/228 230/230/230 229/229/229 
f 229/229/229 230/230/230 231/231/231 
f 230/230/230 232/232/232 231/231/231 
f 231/231/231 232/232/232 232/232/232 
f 232/232/232 231/231/231 232/232/232 
f 232/232/232 231/231/231 231/231/231 
f 231/231/231 233/233/233 231/231/231 
f 231/231/231 233/233/233 229/229/229 
f 233/233/233 234/234/234 229/229/229 
f 229/229/229 234/234/234 227/227/227 
f 234/234/234 235/235/235 227/227/227 
f 227/227/227 235/235/235 225/225/225 
f 235/235/235 236/236/236 225/225/225 
f 225/225/225 236/236/236 222/222/222 
f 236/236/236 236/236/236 222/222/222 
f 222/222/222 236/236/236 220/220/220 
f 236/236/236 236/236/236 220/220/220 
f 220/220/220 236/236/236 216/216/216 
f 236/236/236 236/236/236 216/216/216 
f 216/216/216 236/236/236 218/218/218 
f 236/236/236 236/236/236 218/218/218 
f 218/218/218 236/236/236 237/237/237 
f 236/236/236 235/235/235 237/237/237 
f 237/237/237 235/235/235 238/238/238 
f 235/235/235 234/234/234 238/238/238 
f 238/238/238 234/234/234 239/239/239 
f 234/234/234 234/234/234 239/239/239 
f 239/239/239 234/234/234 240/240/240 
f 234/234/234 233/233/233 240/240/240 
f 240/240/240 233/233/233 233/233/233 
f 233/233/233 241/241/241 233/233/233 
f 233/233/233 241/241/241 241/241/241 
f 241/241/241 242/242/242 241/241/241 
f 241/241/241 242/242/242 243/243/243 
f 242/242/242 242/242/242 243/243/243 
f 243/243/243 242/242/242 244/244/244 
f 242/242/242 245/245/245 244/244/244 
f 244/244/244 245/245/245 246/246/246 
f 245/245/245 247/247/247 246/246/246 
f 246/246/246 247/247/247 248/248/248 
f 247/247/247 247/247/247 248/248/248 
f 248/248/248 247/247/247 249/249/249 
f 247/247/247 250/250/250 249/249/249 
f 249/249/249 250/250/250 251/251/251 
f 250/250/250 251/251/251 251/251/251 
f 251/251/251 251/251/251 250/250/250 
f 251/251/251 250/250/250 250/250/250 
f 250/250/250 250/250/250 252/252/252 
f 250/250/250 247/247/247 252/252/252 
f 252/252/252 247/247/247 252/252/252 
f 247/247/247 245/245/245 252/252/252 
f 252/252/252 245/245/245 253/253/253 
f 245/245/245 242/242/242 253/253/253 
f 253/253/253 242/242/242 254/254/254 
f 242/242/242 241/241/241 254/254/254 
f 254/254/254 241/241/241 254/254/254 
f 241/241/241 255/255/255 254/254/254 
f 254/254/254 255/255/255 254/254/254 
f 255/255/255 256/256/256 254/254/254 
f 254/254/254 256/256/256 254/254/254 
f 256/256/256 257/257/257 254/254/254 
f 254/254/254 257/257/257 254/254/254 
f 257/257/257 258/258/258 254/254/254 
f 254/254/254 258/258/258 253/253/253 
f 258/258/258 259/259/259 253/253/253 
f 253/253/253 259/259/259 252/252/252 
f 259/259/259 252/252/252 252/252/252 
f 252/252/252 252/252/252 258/258/258 
f 252/252/252 258/258/258 258/258/258 
f 258/258/258 258/258/258 259/259/259 
f 258/258/258 260/260/260 259/259/259 
f 259/259/259 260/260/260 261/261/261 
f 260/260/260 262/262/262 261/261/261 
f 261/261/261 262/262/262 263/263/263 
f 262/262/262 262/262/262 263/263/263 
f 263/263/263 262/262/262 264/264/264 
f 262/262/262 265/265/265 264/264/264 
f 264/264/264 265/265/265 266/266/266 
f 265/265/265 265/265/265 266/266/266 
f 266/266/266 265/265/265 267/267/267 
f 265/265/265 268/268/268 267/267/267 
f 267/267/267 268/268/268 269/269/269 
f 268/268/268 268/268/268 269/269/269 
f 269/269/269 268/268/268 270/270/270 
f 268/268/268 265/265/265 270/270/270 
f 270/270/270 265/265/265 271/271/271 
f 265/265/265 262/262/262 271/271/271 
f 271/271/271 262/262/262 271/271/271 
f 262/262/262 260/260/260 271/271/271 
f 271/271/271 260/260/260 272/272/272 
f 260/260/260 258/258/258 272/272/272 
f 272/272/272 258/258/258 272/272/272 
f 258/258/258 257/257/257 272/272/272 
f 272/272/272 257/257/257 273/273/273 
f 257/257/257 256/256/256 273/273/273 
f 273/273/273 256/256/256 273/273/273 
f 256/256/256 274/274/274 273/273/273 
f 273/273/273 274/274/274 275/275/275 
f 274/274/274 276/276/276 275/275/275 
f 275/275/275 276/276/276 275/275/275 
f 276/276/276 277/277/277 275/275/275 
f 275/275/275 277/277/277 275/275/275 
f 277/277/277 278/278/278 275/275/275 
f 275/275/275 278/278/278 275/275/275 
f 278/278/278 279/279/279 275/275/275 
f 275/275/275 279/279/279 280/280/280 
f 279/279/279 270/270/270 280/280/280 
f 280/280/280 270/270/270 280/280/280 
f 270/270/270 271/271/271 280/280/280 
f 280/280/280 271/271/271 280/280/280 
f 271/271/271 272/272/272 280/280/280 
f 280/280/280 272/272/272 280/280/280 
f 272/272/272 273/273/273 280/280/280 
f 280/280/280 273/273/273 275/275/275 
f 273/273/273 275/275/275 275/275/275 
f 275/275/275 275/275/275 281/281/281 
f 275/275/275 281/281/281 281/281/281 
f 281/281/281 281/281/281 282/282/282 
f 281/281/281 283/283/283 282/282/282 
f 282/282/282 283/283/283 282/282/282 
f 283/283/283 284/284/284 282/282/282 
f 282/282/282 284/284/284 285/285/285 
f 284/284/284 286/286/286 285/285/285 
f 285/285/285 286/286/286 285/285/285 
f 286/286/286 287/287/287 285/285/285 
f 285/285/285 287/287/287 288/288/288 
f 287/287/287 287/287/287 288/288/288 
f 288/288/288 287/287/287 289/289/289 
f 287/287/287 290/290/290 289/289/289 
f 289/289/289 290/290/290 291/291/291 
f 290/290/290 292/292/292 291/291/291 
f 291/291/291 292/292/292 291/291/291 
f 292/292/292 293/293/293 291/291/291 
f 291/291/291 293/293/293 291/291/291 
f 293/293/293 294/294/294 291/291/291 
f 291/291/291 294/294/294 295/295/295 
f 294/294/294 296/296/296 295/295/295 
f 295/295/295 296/296/296 295/295/295 
f 296/296/296 297/297/297 295/295/295 
f 295/295/295 297/297/297 295/295/295 
f 297/297/297 298/298/298 295/295/295 
f 295/295/295 298/298/298 299/299/299 
f 298/298/298 300/300/300 299/299/299 
f 299/299/299 300/300/300 301/301/301 
f 300/300/300 302/302/302 301/301/301 
f 301/301/301 302/302/302 301/301/301 
f 302/302/302 303/303/303 301/301/301 
f 301/301/301 303/303/303 288/288/288 
f 303/303/303 303/303/303 288/288/288 
f 288/288/288 303/303/303 285/285/285 
f 303/303/303 304/304/304 285/285/285 
f 285/285/285 304/304/304 282/282/282 
f 304/304/304 305/305/305 282/282/282 
f 282/282/282 305/305/305 281/281/281 
f 305/305/305 281/281/281 281/281/281 
f 281/281/281 281/281/281 295/295/295 
f 281/281/281 295/295/295 295/295/295 
f 295/295/295 295/295/295 291/291/291 
f 295/295/295 299/299/299 291/291/291 
f 291/291/291 299/299/299 289/289/289 
f 299/299/299 301/301/301 289/289/289 
f 289/289/289 301/301/301 288/288/288 
f 301/301/301 288/288/288 288/288/288 
f 288/288/288 288/288/288 306/306/306 
f 288/288/288 306/306/306 306/306/306 
f 306/306/306 306/306/306 307/307/307 
f 306/306/306 305/305/305 307/307/307 
f 307/307/307 305/305/305 307/307/307 
f 305/305/305 304/304/304 307/307/307 
f 307/307/307 304/304/304 308/308/308 
f 304/304/304 303/303/303 308/308/308 
f 308/308/308 303/303/303 302/302/302 
f 303/303/303 302/302/302 302/302/302 
f 302/302/302 302/302/302 309/309/309 
f 302/302/302 309/309/309 309/309/309 
f 309/309/309 309/309/309 310/310/310 
f 309/309/309 311/311/311 310/310/310 
f 310/310/310 311/311/311 312/312/312 
f 311/311/311 313/313/313 312/312/312 
f 312/312/312 313/313/313 314/314/314 
f 313/313/313 315/315/315 314/314/314 
f 314/314/314 315/315/315 316/316/316 
f 315/315/315 315/315/315 316/316/316 
f 316/316/316 315/315/315 317/317/317 
f 315/315/315 318/318/318 317/317/317 
f 317/317/317 318/318/318 317/317/317 
f 318/318/318 319/319/319 317/317/317 
f 317/317/317 319/319/319 320/320/320 
f 319/319/319 321/321/321 320/320/320 
f 320/320/320 321/321/321 322/322/322 
f 321/321/321 322/322/322 322/322/322 
f 322/322/322 322/322/322 323/323/323 
f 322/322/322 323/323/323 323/323/323 
f 323/323/323 323/323/323 324/324/324 
f 323/323/323 325/325/325 324/324/324 
f 324/324/324 325/325/325 326/326/326 
f 325/325/325 327/327/327 326/326/326 
f 326/326/326 327/327/327 328/328/328 
f 327/327/327 329/329/329 328/328/328 
f 328/328/328 329/329/329 330/330/330 
f 329/329/329 329/329/329 330/330/330 
f 330/330/330 329/329/329 331/331/331 
f 329/329/329 332/332/332 331/331/331 
f 331/331/331 332/332/332 331/331/331 
f 332/332/332 333/333/333 331/331/331 
f 331/331/331 333/333/333 334/334/334 
f 333/333/333 334/334/334 334/334/334 
f 334/334/334 334/334/334 335/335/335 
f 334/334/334 335/335/335 335/335/335 
f 335/335/335 335/335/335 336/336/336 
f 335/335/335 337/337/337 336/336/336 
f 336/336/336 337/337/337 338/338/338 
f 337/337/337 339/339/339 338/338/338 
f 338/338/338 339/339/339 340/340/340 
f 339/339/339 340/340/340 340/340/340 
f 340/340/340 340/340/340 339/339/339 
f 340/340/340 339/339/339 339/339/339 
f 339/339/339 339/339/339 341/341/341 
f 339/339/339 337/337/337 341/341/341 
f 341/341/341 337/337/337 342/342/342 
f 337/337/337 335/335/335 342/342/342 
f 342/342/342 335/335/335 335/335/335 
f 335/335/335 342/342/342 335/335/335 
f 335/335/335 342/342/342 342/342/342 
f 342/342/342 343/343/343 342/342/342 
f 342/342/342 343/343/343 341/341/341 
f 343/343/343 344/344/344 341/341/341 
f 341/341/341 344/344/344 345/345/345 
f 344/344/344 346/346/346 345/345/345 
f 345/345/345 346/346/346 347/347/347 
f 346/346/346 347/347/347 347/347/347 
f 347/347/347 347/347/347 336/336/336 
f 347/347/347 336/336/336 336/336/336 
f 336/336/336 336/336/336 348/348/348 
f 336/336/336 338/338/338 348/348/348 
f 348/348/348 338/338/338 349/349/349 
f 338/338/338 350/350/350 349/349/349 
f 349/349/349 350/350/350 351/351/351 
f 350/350/350 340/340/340 351/351/351 
f 351/351/351 340/340/340 351/351/351 
f 340/340/340 352/352/352 351/351/351 
f 351/351/351 352/352/352 351/351/351 
f 352/352/352 353/353/353 351/351/351 
f 351/351/351 353/353/353 351/351/351 
f 353/353/353 354/354/354 351/351/351 
f 351/351/351 354/354/354 355/355/355 
f 354/354/354 356/356/356 355/355/355 
f 355/355/355 356/356/356 356/356/356 
f 356/356/356 340/340/340 356/356/356 
f 356/356/356 340/340/340 340/340/340 
f 340/340/340 350/350/350 340/340/340 
f 340/340/340 350/350/350 338/338/338 
f 350/350/350 338/338/338 338/338/338 
f 338/338/338 338/338/338 349/349/349 
f 338/338/338 349/349/349 349/349/349 
f 349/349/349 349/349/349 355/355/355 
f 349/349/349 351/351/351 355/355/355 
f 355/355/355 351/351/351 351/351/351 
f 351/351/351 357/357/357 351/351/351 
f 351/351/351 357/357/357 357/357/357 
f 357/357/357 358/358/358 357/357/357 
f 357/357/357 358/358/358 359/359/359 
f 358/358/358 360/360/360 359/359/359 
f 359/359/359 360/360/360 361/361/361 
f 360/360/360 360/360/360 361/361/361 
f 361/361/361 360/360/360 362/362/362 
f 360/360/360 363/363/363 362/362/362 
f 362/362/362 363/363/363 362/362/362 
f 363/363/363 364/364/364 362/362/362 
f 362/362/362 364/364/364 362/362/362 
f 364/364/364 365/365/365 362/362/362 
f 362/362/362 365/365/365 362/362/362 
f 365/365/365 366/366/366 362/362/362 
f 362/362/362 366/366/366 362/362/362 
f 366/366/366 367/367/367 362/362/362 
f 362/362/362 367/367/367 361/361/361 
f 367/367/367 368/368/368 361/361/361 
f 361/361/361 368/368/368 359/359/359 
f 368/368/368 359/359/359 359/359/359 
f 359/359/359 359/359/359 357/357/357 
f 359/359/359 357/357/357 357/357/357 
f 357/357/357 357/357/357 358/358/358 
f 357/357/357 369/369/369 358/358/358 
f 358/358/358 369/369/369 358/358/358 
f 369/369/369 370/370/370 358/358/358 
f 358/358/358 370/370/370 358/358/358 
f 370/370/370 363/363/363 358/358/358 
f 358/358/358 363/363/363 360/360/360 
f 363/363/363 360/360/360 360/360/360 
f 360/360/360 360/360/360 367/367/367 
f 360/360/360 367/367/367 367/367/367 
f 367/367/367 367/367/367 368/368/368 
f 367/367/367 366/366/366 368/368/368 
f 368/368/368 366/366/366 371/371/371 
f 366/366/366 365/365/365 371/371/371 
f 371/371/371 365/365/365 371/371/371 
f 365/365/365 372/372/372 371/371/371 
f 371/371/371 372/372/372 373/373/373 
f 372/372/372 372/372/372 373/373/373 
f 373/373/373 372/372/372 374/374/374 
f 372/372/372 372/372/372 374/374/374 
f 374/374/374 372/372/372 375/375/375 
f 372/372/372 376/376/376 375/375/375 
f 375/375/375 376/376/376 377/377/377 
f 376/376/376 376/376/376 377/377/377 
f 377/377/377 376/376/376 378/378/378 
f 376/376/376 376/376/376 378/378/378 
f 378/378/378 376/376/376 379/379/379 
f 376/376/376 372/372/372 379/379/379 
f 379/379/379 372/372/372 380/380/380 
f 372/372/372 365/365/365 380/380/380 
f 380/380/380 365/365/365 380/380/380 
f 365/365/365 364/364/364 380/380/380 
f 380/380/380 364/364/364 379/379/379 
f 364/364/364 381/381/381 379/379/379 
f 379/379/379 381/381/381 378/378/378 
f 381/381/381 382/382/382 378/378/378 
f 378/378/378 382/382/382 377/377/377 
f 382/382/382 383/383/383 377/377/377 
f 377/377/377 383/383/383 384/384/384 
f 383/383/383 383/383/383 384/384/384 
f 384/384/384 383/383/383 385/385/385 
f 383/383/383 381/381/381 385/385/385 
f 385/385/385 381/381/381 386/386/386 
f 381/381/381 364/364/364 386/386/386 
f 386/386/386 364/364/364 387/387/387 
f 364/364/364 363/363/363 387/387/387 
f 387/387/387 363/363/363 388/388/388 
f 363/363/363 370/370/370 388/388/388 
f 388/388/388 370/370/370 389/389/389 
f 370/370/370 369/369/369 389/389/389 
f 389/389/389 369/369/369 389/389/389 
f 369/369/369 390/390/390 389/389/389 
f 389/389/389 390/390/390 389/389/389 
f 390/390/390 384/384/384 389/389/389 
f 389/389/389 384/384/384 389/389/389 
f 384/384/384 385/385/385 389/389/389 
f 389/389/389 385/385/385 389/389/389 
f 385/385/385 386/386/386 389/389/389 
f 389/389/389 386/386/386 388/388/388 
f 386/386/386 387/387/387 388/388/388 
f 388/388/388 387/387/387 387/387/387 
f 387/387/387 368/368/368 387/387/387 
f 387/387/387 368/368/368 368/368/368 
f 368/368/368 371/371/371 368/368/368 
f 368/368/368 371/371/371 373/373/373 
f 371/371/371 373/373/373 373/373/373 
f 373/373/373 373/373/373 382/382/382 
f 373/373/373 382/382/382 382/382/382 
f 382/382/382 382/382/382 383/383/383 
f 382/382/382 381/381/381 383/383/383 
f 383/383/383 381/381/381 381/381/381 
f 381/381/381 391/391/391 381/381/381 
f 381/381/381 391/391/391 391/391/391 
f 391/391/391 392/392/392 391/391/391 
f 391/391/391 392/392/392 393/393/393 
f 392/392/392 392/392/392 393/393/393 
f 393/393/393 392/392/392 394/394/394 
f 392/392/392 392/392/392 394/394/394 
f 394/394/394 392/392/392 395/395/395 
f 392/392/392 396/396/396 395/395/395 
f 395/395/395 396/396/396 395/395/395 
f 396/396/396 397/397/397 395/395/395 
f 395/395/395 397/397/397 398/398/398 
f 397/397/397 399/399/399 398/398/398 
f 398/398/398 399/399/399 400/400/400 
f 399/399/399 399/399/399 400/400/400 
f 400/400/400 399/399/399 401/401/401 
f 399/399/399 402/402/402 401/401/401 
f 401/401/401 402/402/402 401/401/401 
f 402/402/402 403/403/403 401/401/401 
f 401/401/401 403/403/403 404/404/404 
f 403/403/403 405/405/405 404/404/404 
f 404/404/404 405/405/405 406/406/406 
f 405/405/405 405/405/405 406/406/406 
f 406/406/406 405/405/405 407/407/407 
f 405/405/405 392/392/392 407/407/407 
f 407/407/407 392/392/392 391/391/391 
f 392/392/392 391/391/391 391/391/391 
f 391/391/391 391/391/391 392/392/392 
f 391/391/391 392/392/392 392/392/392 
f 392/392/392 392/392/392 396/396/396 
f 392/392/392 405/405/405 396/396/396 
f 396/396/396 405/405/405 405/405/405 
f 405/405/405 406/406/406 405/405/405 
f 405/405/405 406/406/406 406/406/406 
f 406/406/406 408/408/408 406/406/406 
f 406/406/406 408/408/408 404/404/404 
f 408/408/408 409/409/409 404/404/404 
f 404/404/404 409/409/409 401/401/401 
f 409/409/409 410/410/410 401/401/401 
f 401/401/401 410/410/410 400/400/400 
f 410/410/410 411/411/411 400/400/400 
f 400/400/400 411/411/411 398/398/398 
f 411/411/411 412/412/412 398/398/398 
f 398/398/398 412/412/412 398/398/398 
f 412/412/412 413/413/413 398/398/398 
f 398/398/398 413/413/413 395/395/395 
f 413/413/413 414/414/414 395/395/395 
f 395/395/395 414/414/414 395/395/395 
f 414/414/414 415/415/415 395/395/395 
f 395/395/395 415/415/415 394/394/394 
f 415/415/415 416/416/416 394/394/394 
f 394/394/394 416/416/416 393/393/393 
f 416/416/416 417/417/417 393/393/393 
f 393/393/393 417/417/417 417/417/417 
f 417/417/417 416/416/416 417/417/417 
f 417/417/417 416/416/416 416/416/416 
f 416/416/416 415/415/415 416/416/416 
f 416/416/416 415/415/415 418/418/418 
f 415/415/415 418/418/418 418/418/418 
f 418/418/418 418/418/418 419/419/419 
f 418/418/418 419/419/419 419/419/419 
f 419/419/419 419/419/419 420/420/420 
f 419/419/419 421/421/421 420/420/420 
f 420/420/420 421/421/421 422/422/422 
f 421/421/421 423/423/423 422/422/422 
f 422/422/422 423/423/423 424/424/424 
f 423/423/423 425/425/425 424/424/424 
f 424/424/424 425/425/425 426/426/426 
f 425/425/425 427/427/427 426/426/426 
f 426/426/426 427/427/427 428/428/428 
f 427/427/427 428/428/428 428/428/428 
f 428/428/428 428/428/428 429/429/429 
f 428/428/428 429/429/429 429/429/429 
f 429/429/429 429/429/429 430/430/430 
f 429/429/429 431/431/431 430/430/430 
f 430/430/430 431/431/431 430/430/430 
f 431/431/431 432/432/432 430/430/430 
f 430/430/430 432/432/432 433/433/433 
f 432/432/432 432/432/432 433/433/433 
f 433/433/433 432/432/432 434/434/434 
f 432/432/432 435/435/435 434/434/434 
f 434/434/434 435/435/435 436/436/436 
f 435/435/435 435/435/435 436/436/436 
f 436/436/436 435/435/435 437/437/437 
f 435/435/435 438/438/438 437/437/437 
f 437/437/437 438/438/438 439/439/439 
f 438/438/438 440/440/440 439/439/439 
f 439/439/439 440/440/440 441/441/441 
f 440/440/440 442/442/442 441/441/441 
f 441/441/441 442/442/442 443/443/443 
f 442/442/442 444/444/444 443/443/443 
f 443/443/443 444/444/444 445/445/445 
f 444/444/444 445/445/445 445/445/445 
f 445/445/445 445/445/445 444/444/444 
f 445/445/445 444/444/444 444/444/444 
f 444/444/444 444/444/444 446/446/446 
f 444/444/444 442/442/442 446/446/446 
f 446/446/446 442/442/442 447/447/447 
f 442/442/442 440/440/440 447/447/447 
f 447/447/447 440/440/440 448/448/448 
f 440/440/440 438/438/438 448/448/448 
f 448/448/448 438/438/438 449/449/449 
f 438/438/438 435/435/435 449/449/449 
f 449/449/449 435/435/435 449/449/449 
f 435/435/435 432/432/432 449/449/449 
f 449/449/449 432/432/432 449/449/449 
f 432/432/432 431/431/431 449/449/449 
f 449/449/449 431/431/431 449/449/449 
f 431/431/431 450/450/450 449/449/449 
f 449/449/449 450/450/450 449/449/449 
f 450/450/450 451/451/451 449/449/449 
f 449/449/449 451/451/451 448/448/448 
f 451/451/451 452/452/452 448/448/448 
f 448/448/448 452/452/452 447/447/447 
f 452/452/452 453/453/453 447/447/447 
f 447/447/447 453/453/453 446/446/446 
f 453/453/453 446/446/446 446/446/446 
f 446/446/446 446/446/446 454/454/454 
f 446/446/446 454/454/454 454/454/454 
f 454/454/454 454/454/454 455/455/455 
f 454/454/454 456/456/456 455/455/455 
f 455/455/455 456/456/456 457/457/457 
f 456/456/456 457/457/457 457/457/457 
f 457/457/457 457/457/457 454/454/454 
f 457/457/457 454/454/454 454/454/454 
f 454/454/454 454/454/454 458/458/458 
f 454/454/454 455/455/455 458/458/458 
f 458/458/458 455/455/455 458/458/458 
f 455/455/455 459/459/459 458/458/458 
f 458/458/458 459/459/459 460/460/460 
f 459/459/459 461/461/461 460/460/460 
f 460/460/460 461/461/461 462/462/462 
f 461/461/461 461/461/461 462/462/462 
f 462/462/462 461/461/461 463/463/463 
f 461/461/461 464/464/464 463/463/463 
f 463/463/463 464/464/464 465/465/465 
f 464/464/464 466/466/466 465/465/465 
f 465/465/465 466/466/466 467/467/467 
f 466/466/466 468/468/468 467/467/467 
f 467/467/467 468/468/468 469/469/469 
f 468/468/468 470/470/470 469/469/469 
f 469/469/469 470/470/470 471/471/471 
f 470/470/470 471/471/471 471/471/471 
f 471/471/471 471/471/471 470/470/470 
f 471/471/471 470/470/470 470/470/470 
f 470/470/470 470/470/470 472/472/472 
f 470/470/470 468/468/468 472/472/472 
f 472/472/472 468/468/468 473/473/473 
f 468/468/468 466/466/466 473/473/473 
f 473/473/473 466/466/466 474/474/474 
f 466/466/466 464/464/464 474/474/474 
f 474/474/474 464/464/464 475/475/475 
f 464/464/464 461/461/461 475/475/475 
f 475/475/475 461/461/461 475/475/475 
f 461/461/461 459/459/459 475/475/475 
f 475/475/475 459/459/459 475/475/475 
f 459/459/459 455/455/455 475/475/475 
f 475/475/475 455/455/455 475/475/475 
f 455/455/455 457/457/457 475/475/475 
f 475/475/475 457/457/457 475/475/475 
f 457/457/457 476/476/476 475/475/475 
f 475/475/475 476/476/476 474/474/474 
f 476/476/476 477/477/477 474/474/474 
f 474/474/474 477/477/477 473/473/473 
f 477/477/477 478/478/478 473/473/473 
f 473/473/473 478/478/478 473/473/473 
f 478/478/478 479/479/479 473/473/473 
f 473/473/473 479/479/479 472/472/472 
f 479/479/479 472/472/472 472/472/472 
f 472/472/472 472/472/472 480/480/480 
f 472/472/472 480/480/480 480/480/480 
f 480/480/480 480/480/480 481/481/481 
f 480/480/480 482/482/482 481/481/481 
f 481/481/481 482/482/482 481/481/481 
f 482/482/482 483/483/483 481/481/481 
f 481/481/481 483/483/483 484/484/484 
f 483/483/483 485/485/485 484/484/484 
f 484/484/484 485/485/485 486/486/486 
f 485/485/485 487/487/487 486/486/486 
f 486/486/486 487/487/487 486/486/486 
f 487/487/487 488/488/488 486/486/486 
f 486/486/486 488/488/488 489/489/489 
f 488/488/488 490/490/490 489/489/489 
f 489/489/489 490/490/490 490/490/490 
f 490/490/490 489/489/489 490/490/490 
f 490/490/490 489/489/489 489/489/489 
f 489/489/489 491/491/491 489/489/489 
f 489/489/489 491/491/491 486/486/486 
f 491/491/491 491/491/491 486/486/486 
f 486/486/486 491/491/491 484/484/484 
f 491/491/491 492/492/492 484/484/484 
f 484/484/484 492/492/492 481/481/481 
f 492/492/492 493/493/493 481/481/481 
f 481/481/481 493/493/493 480/480/480 
f 493/493/493 493/493/493 480/480/480 
f 480/480/480 493/493/493 494/494/494 
f 493/493/493 493/493/493 494/494/494 
f 494/494/494 493/493/493 495/495/495 
f 493/493/493 496/496/496 495/495/495 
f 495/495/495 496/496/496 495/495/495 
f 496/496/496 497/497/497 495/495/495 
f 495/495/495 497/497/497 498/498/498 
f 497/497/497 499/499/499 498/498/498 
f 498/498/498 499/499/499 500/500/500 
f 499/499/499 499/499/499 500/500/500 
f 500/500/500 499/499/499 501/501/501 
f 499/499/499 499/499/499 501/501/501 
f 501/501/501 499/499/499 502/502/502 
f 499/499/499 499/499/499 502/502/502 
f 502/502/502 499/499/499 503/503/503 
f 499/499/499 504/504/504 503/503/503 
f 503/503/503 504/504/504 505/505/505 
f 504/504/504 506/506/506 505/505/505 
f 505/505/505 506/506/506 505/505/505 
f 506/506/506 507/507/507 505/505/505 
f 505/505/505 507/507/507 505/505/505 
f 507/507/507 508/508/508 505/505/505 
f 505/505/505 508/508/508 509/509/509 
f 508/508/508 508/508/508 509/509/509 
f 509/509/509 508/508/508 510/510/510 
f 508/508/508 507/507/507 510/510/510 
f 510/510/510 507/507/507 511/511/511 
f 507/507/507 507/507/507 511/511/511 
f 511/511/511 507/507/507 512/512/512 
f 507/507/507 513/513/513 512/512/512 
f 512/512/512 513/513/513 514/514/514 
f 513/513/513 513/513/513 514/514/514 
f 514/514/514 513/513/513 515/515/515 
f 513/513/513 513/513/513 515/515/515 
f 515/515/515 513/513/513 516/516/516 
f 513/513/513 506/506/506 516/516/516 
f 516/516/516 506/506/506 517/517/517 
f 506/506/506 504/504/504 517/517/517 
f 517/517/517 504/504/504 497/497/497 
f 504/504/504 499/499/499 497/497/497 
f 497/497/497 499/499/499 499/499/499 
f 499/499/499 497/497/497 499/499/499 
f 499/499/499 497/497/497 497/497/497 
f 497/497/497 496/496/496 497/497/497 
f 497/497/497 496/496/496 517/517/517 
f 496/496/496 518/518/518 517/517/517 
f 517/517/517 518/518/518 516/516/516 
f 518/518/518 519/519/519 516/516/516 
f 516/516/516 519/519/519 515/515/515 
f 519/519/519 515/515/515 515/515/515 
f 515/515/515 515/515/515 513/513/513 
f 515/515/515 513/513/513 513/513/513 
f 513/513/513 513/513/513 506/506/506 
f 513/513/513 507/507/507 506/506/506 
f 506/506/506 507/507/507 507/507/507 
f 507/507/507 496/496/496 507/507/507 
f 507/507/507 496/496/496 496/496/496 
f 496/496/496 493/493/493 496/496/496 
f 496/496/496 493/493/493 518/518/518 
f 493/493/493 492/492/492 518/518/518 
f 518/518/518 492/492/492 519/519/519 
f 492/492/492 491/491/491 519/519/519 
f 519/519/519 491/491/491 491/491/491 
f 491/491/491 520/520/520 491/491/491 
f 491/491/491 520/520/520 520/520/520 
f 520/520/520 521/521/521 520/520/520 
f 520/520/520 521/521/521 522/522/522 
f 521/521/521 523/523/523 522/522/522 
f 522/522/522 523/523/523 524/524/524 
f 523/523/523 525/525/525 524/524/524 
f 524/524/524 525/525/525 526/526/526 
f 525/525/525 527/527/527 526/526/526 
f 526/526/526 527/527/527 527/527/527 
f 527/527/527 521/521/521 527/527/527 
f 527/527/527 521/521/521 521/521/521 
f 521/521/521 528/528/528 521/521/521 
f 521/521/521 528/528/528 523/523/523 
f 528/528/528 529/529/529 523/523/523 
f 523/523/523 529/529/529 525/525/525 
f 529/529/529 525/525/525 525/525/525 
f 525/525/525 525/525/525 528/528/528 
f 525/525/525 528/528/528 528/528/528 
f 528/528/528 528/528/528 529/529/529 
f 528/528/528 530/530/530 529/529/529 
f 529/529/529 530/530/530 531/531/531 
f 530/530/530 532/532/532 531/531/531 
f 531/531/531 532/532/532 533/533/533 
f 532/532/532 534/534/534 533/533/533 
f 533/533/533 534/534/534 535/535/535 
f 534/534/534 536/536/536 535/535/535 
f 535/535/535 536/536/536 535/535/535 
f 536/536/536 537/537/537 535/535/535 
f 535/535/535 537/537/537 538/538/538 
f 537/537/537 539/539/539 538/538/538 
f 538/538/538 539/539/539 538/538/538 
f 539/539/539 540/540/540 538/538/538 
f 538/538/538 540/540/540 538/538/538 
f 540/540/540 541/541/541 538/538/538 
f 538/538/538 541/541/541 538/538/538 
f 541/541/541 542/542/542 538/538/538 
f 538/538/538 542/542/542 543/543/543 
f 542/542/542 544/544/544 543/543/543 
f 543/543/543 544/544/544 545/545/545 
f 544/544/544 546/546/546 545/545/545 
f 545/545/545 546/546/546 545/545/545 
f 546/546/546 531/531/531 545/545/545 
f 545/545/545 531/531/531 545/545/545 
f 531/531/531 533/533/533 545/545/545 
f 545/545/545 533/533/533 543/543/543 
f 533/533/533 535/535/535 543/543/543 
f 543/543/543 535/535/535 538/538/538 
f 535/535/535 538/538/538 538/538/538 
f 538/538/538 538/538/538 544/544/544 
f 538/538/538 544/544/544 544/544/544 
f 544/544/544 544/544/544 546/546/546 
f 544/544/544 547/547/547 546/546/546 
f 546/546/546 547/547/547 546/546/546 
f 547/547/547 527/527/527 546/546/546 
f 546/546/546 527/527/527 546/546/546 
f 527/527/527 525/525/525 546/546/546 
f 546/546/546 525/525/525 546/546/546 
f 525/525/525 529/529/529 546/546/546 
f 546/546/546 529/529/529 531/531/531 
f 529/529/529 531/531/531 531/531/531 
f 531/531/531 531/531/531 548/548/548 
f 531/531/531 548/548/548 548/548/548 
f 548/548/548 548/548/548 549/549/549 
f 548/548/548 550/550/550 549/549/549 
f 549/549/549 550/550/550 549/549/549 
f 550/550/550 551/551/551 549/549/549 
f 549/549/549 551/551/551 552/552/552 
f 551/551/551 553/553/553 552/552/552 
f 552/552/552 553/553/553 554/554/554 
f 553/553/553 555/555/555 554/554/554 
f 554/554/554 555/555/555 554/554/554 
f 555/555/555 556/556/556 554/554/554 
f 554/554/554 556/556/556 557/557/557 
f 556/556/556 556/556/556 557/557/557 
f 557/557/557 556/556/556 558/558/558 
f 556/556/556 559/559/559 558/558/558 
f 558/558/558 559/559/559 560/560/560 
f 559/559/559 561/561/561 560/560/560 
f 560/560/560 561/561/561 561/561/561 
f 561/561/561 562/562/562 561/561/561 
f 561/561/561 562/562/562 562/562/562 
f 562/562/562 563/563/563 562/562/562 
f 562/562/562 563/563/563 564/564/564 
f 563/563/563 565/565/565 564/564/564 
f 564/564/564 565/565/565 566/566/566 
f 565/565/565 567/567/567 566/566/566 
f 566/566/566 567/567/567 568/568/568 
f 567/567/567 569/569/569 568/568/568 
f 568/568/568 569/569/569 568/568/568 
f 569/569/569 570/570/570 568/568/568 
f 568/568/568 570/570/570 571/571/571 
f 570/570/570 570/570/570 571/571/571 
f 571/571/571 570/570/570 572/572/572 
f 570/570/570 573/573/573 572/572/572 
f 572/572/572 573/573/573 573/573/573 
f 573/573/573 574/574/574 573/573/573 
f 573/573/573 574/574/574 574/574/574 
f 574/574/574 575/575/575 574/574/574 
f 574/574/574 575/575/575 576/576/576 
f 575/575/575 577/577/577 576/576/576 
f 576/576/576 577/577/577 578/578/578 
f 577/577/577 579/579/579 578/578/578 
f 578/578/578 579/579/579 579/579/579 
f 579/579/579 578/578/578 579/579/579 
f 579/579/579 578/578/578 578/578/578 
f 578/578/578 580/580/580 578/578/578 
f 578/578/578 580/580/580 576/576/576 
f 580/580/580 581/581/581 576/576/576 
f 576/576/576 581/581/581 574/574/574 
f 581/581/581 574/574/574 574/574/574 
f 574/574/574 574/574/574 581/581/581 
f 574/574/574 581/581/581 581/581/581 
f 581/581/581 581/581/581 582/582/582 
f 581/581/581 580/580/580 582/582/582 
f 582/582/582 580/580/580 583/583/583 
f 580/580/580 584/584/584 583/583/583 
f 583/583/583 584/584/584 585/585/585 
f 584/584/584 586/586/586 585/585/585 
f 585/585/585 586/586/586 586/586/586 
f 586/586/586 575/575/575 586/586/586 
f 586/586/586 575/575/575 575/575/575 
f 575/575/575 587/587/587 575/575/575 
f 575/575/575 587/587/587 577/577/577 
f 587/587/587 588/588/588 577/577/577 
f 577/577/577 588/588/588 589/589/589 
f 588/588/588 590/590/590 589/589/589 
f 589/589/589 590/590/590 579/579/579 
f 590/590/590 590/590/590 579/579/579 
f 579/579/579 590/590/590 591/591/591 
f 590/590/590 590/590/590 591/591/591 
f 591/591/591 590/590/590 592/592/592 
f 590/590/590 590/590/590 592/592/592 
f 592/592/592 590/590/590 593/593/593 
f 590/590/590 594/594/594 593/593/593 
f 593/593/593 594/594/594 595/595/595 
f 594/594/594 595/595/595 595/595/595 
f 595/595/595 595/595/595 579/579/579 
f 595/595/595 579/579/579 579/579/579 
f 579/579/579 579/579/579 589/589/589 
f 579/579/579 577/577/577 589/589/589 
f 589/589/589 577/577/577 577/577/577 
f 577/577/577 588/588/588 577/577/577 
f 577/577/577 588/588/588 588/588/588 
f 588/588/588 594/594/594 588/588/588 
f 588/588/588 594/594/594 590/590/590 
f 594/594/594 590/590/590 590/590/590 
f 590/590/590 590/590/590 596/596/596 
f 590/590/590 596/596/596 596/596/596 
f 596/596/596 596/596/596 597/597/597 
f 596/596/596 598/598/598 597/597/597 
f 597/597/597 598/598/598 597/597/597 
f 598/598/598 599/599/599 597/597/597 
f 597/597/597 599/599/599 597/597/597 
f 599/599/599 600/600/600 597/597/597 
f 597/597/597 600/600/600 601/601/601 
f 600/600/600 600/600/600 601/601/601 
f 601/601/601 600/600/600 602/602/602 
f 600/600/600 603/603/603 602/602/602 
f 602/602/602 603/603/603 604/604/604 
f 603/603/603 605/605/605 604/604/604 
f 604/604/604 605/605/605 604/604/604 
f 605/605/605 606/606/606 604/604/604 
f 604/604/604 606/606/606 607/607/607 
f 606/606/606 606/606/606 607/607/607 
f 607/607/607 606/606/606 608/608/608 
f 606/606/606 609/609/609 608/608/608 
f 608/608/608 609/609/609 610/610/610 
f 609/609/609 611/611/611 610/610/610 
f 610/610/610 611/611/611 610/610/610 
f 611/611/611 612/612/612 610/610/610 
f 610/610/610 612/612/612 597/597/597 
f 612/612/612 596/596/596 597/597/597 
f 597/597/597 596/596/596 596/596/596 
f 596/596/596 597/597/597 596/596/596 
f 596/596/596 597/597/597 597/597/597 
f 597/597/597 601/601/601 597/597/597 
f 597/597/597 601/601/601 610/610/610 
f 601/601/601 610/610/610 610/610/610 
f 610/610/610 610/610/610 611/611/611 
f 610/610/610 611/611/611 611/611/611 
f 611/611/611 611/611/611 613/613/613 
f 611/611/611 609/609/609 613/613/613 
f 613/613/613 609/609/609 614/614/614 
f 609/609/609 606/606/606 614/614/614 
f 614/614/614 606/606/606 615/615/615 
f 606/606/606 605/605/605 615/615/615 
f 615/615/615 605/605/605 616/616/616 
f 605/605/605 603/603/603 616/616/616 
f 616/616/616 603/603/603 617/617/617 
f 603/603/603 603/603/603 617/617/617 
f 617/617/617 603/603/603 618/618/618 
f 603/603/603 600/600/600 618/618/618 
f 618/618/618 600/600/600 619/619/619 
f 600/600/600 600/600/600 619/619/619 
f 619/619/619 600/600/600 620/620/620 
f 600/600/600 599/599/599 620/620/620 
f 620/620/620 599/599/599 621/621/621 
f 599/599/599 598/598/598 621/621/621 
f 621/621/621 598/598/598 622/622/622 
f 598/598/598 622/622/622 622/622/622 
f 622/622/622 622/622/622 621/621/621 
f 622/622/622 621/621/621 621/621/621 
f 621/621/621 621/621/621 620/620/620 
f 621/621/621 623/623/623 620/620/620 
f 620/620/620 623/623/623 623/623/623 
f 623/623/623 624/624/624 623/623/623 
f 623/623/623 624/624/624 624/624/624 
f 624/624/624 625/625/625 624/624/624 
f 624/624/624 625/625/625 626/626/626 
f 625/625/625 627/627/627 626/626/626 
f 626/626/626 627/627/627 628/628/628 
f 627/627/627 629/629/629 628/628/628 
f 628/628/628 629/629/629 630/630/630 
f 629/629/629 631/631/631 630/630/630 
f 630/630/630 631/631/631 632/632/632 
f 631/631/631 633/633/633 632/632/632 
f 632/632/632 633/633/633 633/633/633 
f 633/633/633 634/634/634 633/633/633 
f 633/633/633 634/634/634 634/634/634 
f 634/634/634 635/635/635 634/634/634 
f 634/634/634 635/635/635 636/636/636 
f 635/635/635 637/637/637 636/636/636 
f 636/636/636 637/637/637 638/638/638 
f 637/637/637 639/639/639 638/638/638 
f 638/638/638 639/639/639 638/638/638 
f 639/639/639 640/640/640 638/638/638 
f 638/638/638 640/640/640 641/641/641 
f 640/640/640 641/641/641 641/641/641 
f 641/641/641 641/641/641 637/637/637 
f 641/641/641 637/637/637 637/637/637 
f 637/637/637 637/637/637 642/642/642 
f 637/637/637 635/635/635 642/642/642 
f 642/642/642 635/635/635 642/642/642 
f 635/635/635 643/643/643 642/642/642 
f 642/642/642 643/643/643 644/644/644 
f 643/643/643 645/645/645 644/644/644 
f 644/644/644 645/645/645 646/646/646 
f 645/645/645 647/647/647 646/646/646 
f 646/646/646 647/647/647 648/648/648 
f 647/647/647 649/649/649 648/648/648 
f 648/648/648 649/649/649 650/650/650 
f 649/649/649 649/649/649 650/650/650 
f 650/650/650 649/649/649 651/651/651 
f 649/649/649 652/652/652 651/651/651 
f 651/651/651 652/652/652 653/653/653 
f 652/652/652 653/653/653 653/653/653 
f 653/653/653 653/653/653 650/650/650 
f 653/653/653 650/650/650 650/650/650 
f 650/650/650 650/650/650 648/648/648 
f 650/650/650 654/654/654 648/648/648 
f 648/648/648 654/654/654 648/648/648 
f 654/654/654 655/655/655 648/648/648 
f 648/648/648 655/655/655 646/646/646 
f 655/655/655 656/656/656 646/646/646 
f 646/646/646 656/656/656 644/644/644 
f 656/656/656 657/657/657 644/644/644 
f 644/644/644 657/657/657 642/642/642 
f 657/657/657 658/658/658 642/642/642 
f 642/642/642 658/658/658 637/637/637 
f 658/658/658 658/658/658 637/637/637 
f 637/637/637 658/658/658 639/639/639 
f 658/658/658 658/658/658 639/639/639 
f 639/639/639 658/658/658 640/640/640 
f 658/658/658 659/659/659 640/640/640 
f 640/640/640 659/659/659 660/660/660 
f 659/659/659 659/659/659 660/660/660 
f 660/660/660 659/659/659 661/661/661 
f 659/659/659 659/659/659 661/661/661 
f 661/661/661 659/659/659 662/662/662 
f 659/659/659 657/657/657 662/662/662 
f 662/662/662 657/657/657 662/662/662 
f 657/657/657 656/656/656 662/662/662 
f 662/662/662 656/656/656 663/663/663 
f 656/656/656 655/655/655 663/663/663 
f 663/663/663 655/655/655 655/655/655 
f 655/655/655 659/659/659 655/655/655 
f 655/655/655 659/659/659 659/659/659 
f 659/659/659 658/658/658 659/659/659 
f 659/659/659 658/658/658 657/657/657 
f 658/658/658 657/657/657 657/657/657 
f 657/657/657 657/657/657 640/640/640 
f 657/657/657 640/640/640 640/640/640 
f 640/640/640 640/640/640 641/641/641 
f 640/640/640 660/660/660 641/641/641 
f 641/641/641 660/660/660 664/664/664 
f 660/660/660 664/664/664 664/664/664 
f 664/664/664 664/664/664 661/661/661 
f 664/664/664 661/661/661 661/661/661 
f 661/661/661 661/661/661 665/665/665 
f 661/661/661 662/662/662 665/665/665 
f 665/665/665 662/662/662 665/665/665 
f 662/662/662 663/663/663 665/665/665 
f 665/665/665 663/663/663 666/666/666 
f 663/663/663 667/667/667 666/666/666 
f 666/666/666 667/667/667 668/668/668 
f 667/667/667 669/669/669 668/668/668 
f 668/668/668 669/669/669 668/668/668 
f 669/669/669 670/670/670 668/668/668 
f 668/668/668 670/670/670 671/671/671 
f 670/670/670 672/672/672 671/671/671 
f 671/671/671 672/672/672 672/672/672 
f 672/672/672 663/663/663 672/672/672 
f 672/672/672 663/663/663 663/663/663 
f 663/663/663 655/655/655 663/663/663 
f 663/663/663 655/655/655 667/667/667 
f 655/655/655 654/654/654 667/667/667 
f 667/667/667 654/654/654 669/669/669 
f 654/654/654 669/669/669 669/669/669 
f 669/669/669 669/669/669 673/673/673 
f 669/669/669 673/673/673 673/673/673 
f 673/673/673 673/673/673 674/674/674 
f 673/673/673 675/675/675 674/674/674 
f 674/674/674 675/675/675 676/676/676 
f 675/675/675 677/677/677 676/676/676 
f 676/676/676 677/677/677 676/676/676 
f 677/677/677 251/251/251 676/676/676 
f 676/676/676 251/251/251 676/676/676 
f 251/251/251 250/250/250 676/676/676 
f 676/676/676 250/250/250 678/678/678 
f 250/250/250 252/252/252 678/678/678 
f 678/678/678 252/252/252 252/252/252 
f 252/252/252 678/678/678 252/252/252 
f 252/252/252 678/678/678 678/678/678 
f 678/678/678 674/674/674 678/678/678 
f 678/678/678 674/674/674 676/676/676 
f 674/674/674 676/676/676 676/676/676 
f 676/676/676 676/676/676 679/679/679 
f 676/676/676 679/679/679 679/679/679 
f 679/679/679 679/679/679 680/680/680 
f 679/679/679 681/681/681 680/680/680 
f 680/680/680 681/681/681 680/680/680 
f 681/681/681 682/682/682 680/680/680 
f 680/680/680 682/682/682 683/683/683 
f 682/682/682 684/684/684 683/683/683 
f 683/683/683 684/684/684 685/685/685 
f 684/684/684 686/686/686 685/685/685 
f 685/685/685 686/686/686 687/687/687 
f 686/686/686 688/688/688 687/687/687 
f 687/687/687 688/688/688 687/687/687 
f 688/688/688 689/689/689 687/687/687 
f 687/687/687 689/689/689 690/690/690 
f 689/689/689 691/691/691 690/690/690 
f 690/690/690 691/691/691 692/692/692 
f 691/691/691 693/693/693 692/692/692 
f 692/692/692 693/693/693 694/694/694 
f 693/693/693 695/695/695 694/694/694 
f 694/694/694 695/695/695 696/696/696 
f 695/695/695 696/696/696 696/696/696 
f 696/696/696 696/696/696 697/697/697 
f 696/696/696 697/697/697 697/697/697 
f 697/697/697 697/697/697 698/698/698 
f 697/697/697 699/699/699 698/698/698 
f 698/698/698 699/699/699 700/700/700 
f 699/699/699 701/701/701 700/700/700 
f 700/700/700 701/701/701 702/702/702 
f 701/701/701 703/703/703 702/702/702 
f 702/702/702 703/703/703 704/704/704 
f 703/703/703 705/705/705 704/704/704 
f 704/704/704 705/705/705 706/706/706 
f 705/705/705 707/707/707 706/706/706 
f 706/706/706 707/707/707 707/707/707 
f 707/707/707 706/706/706 707/707/707 
f 707/707/707 706/706/706 706/706/706 
f 706/706/706 708/708/708 706/706/706 
f 706/706/706 708/708/708 704/704/704 
f 708/708/708 709/709/709 704/704/704 
f 704/704/704 709/709/709 702/702/702 
f 709/709/709 710/710/710 702/702/702 
f 702/702/702 710/710/710 700/700/700 
f 710/710/710 711/711/711 700/700/700 
f 700/700/700 711/711/711 698/698/698 
f 711/711/711 712/712/712 698/698/698 
f 698/698/698 712/712/712 713/713/713 
f 712/712/712 714/714/714 713/713/713 
f 713/713/713 714/714/714 714/714/714 
f 714/714/714 698/698/698 714/714/714 
f 714/714/714 698/698/698 698/698/698 
f 698/698/698 713/713/713 698/698/698 
f 698/698/698 713/713/713 697/697/697 
f 713/713/713 697/697/697 697/697/697 
f 697/697/697 697/697/697 715/715/715 
f 697/697/697 715/715/715 715/715/715 
f 715/715/715 715/715/715 716/716/716 
f 715/715/715 717/717/717 716/716/716 
f 716/716/716 717/717/717 718/718/718 
f 717/717/717 719/719/719 718/718/718 
f 718/718/718 719/719/719 718/718/718 
f 719/719/719 720/720/720 718/718/718 
f 718/718/718 720/720/720 718/718/718 
f 720/720/720 721/721/721 718/718/718 
f 718/718/718 721/721/721 718/718/718 
f 721/721/721 722/722/722 718/718/718 
f 718/718/718 722/722/722 716/716/716 
f 722/722/722 716/716/716 716/716/716 
f 716/716/716 716/716/716 717/717/717 
f 716/716/716 717/717/717 717/717/717 
f 717/717/717 717/717/717 719/719/719 
f 717/717/717 723/723/723 719/719/719 
f 719/719/719 723/723/723 723/723/723 
f 723/723/723 724/724/724 723/723/723 
f 723/723/723 724/724/724 724/724/724 
f 724/724/724 725/725/725 724/724/724 
f 724/724/724 725/725/725 726/726/726 
f 725/725/725 727/727/727 726/726/726 
f 726/726/726 727/727/727 728/728/728 
f 727/727/727 729/729/729 728/728/728 
f 728/728/728 729/729/729 730/730/730 
f 729/729/729 729/729/729 730/730/730 
f 730/730/730 729/729/729 731/731/731 
f 729/729/729 732/732/732 731/731/731 
f 731/731/731 732/732/732 733/733/733 
f 732/732/732 734/734/734 733/733/733 
f 733/733/733 734/734/734 735/735/735 
f 734/734/734 735/735/735 735/735/735 
f 735/735/735 735/735/735 726/726/726 
f 735/735/735 726/726/726 726/726/726 
f 726/726/726 726/726/726 724/724/724 
f 726/726/726 728/728/728 724/724/724 
f 724/724/724 728/728/728 728/728/728 
f 728/728/728 734/734/734 728/728/728 
f 728/728/728 734/734/734 734/734/734 
f 734/734/734 732/732/732 734/734/734 
f 734/734/734 732/732/732 736/736/736 
f 732/732/732 737/737/737 736/736/736 
f 736/736/736 737/737/737 738/738/738 
f 737/737/737 737/737/737 738/738/738 
f 738/738/738 737/737/737 739/739/739 
f 737/737/737 727/727/727 739/739/739 
f 739/739/739 727/727/727 725/725/725 
f 727/727/727 725/725/725 725/725/725 
f 725/725/725 725/725/725 732/732/732 
f 725/725/725 732/732/732 732/732/732 
f 732/732/732 732/732/732 737/737/737 
f 732/732/732 729/729/729 737/737/737 
f 737/737/737 729/729/729 727/727/727 
f 729/729/729 727/727/727 727/727/727 
f 727/727/727 727/727/727 736/736/736 
f 727/727/727 736/736/736 736/736/736 
f 736/736/736 736/736/736 740/740/740 
f 736/736/736 738/738/738 740/740/740 
f 740/740/740 738/738/738 738/738/738 
f 738/738/738 741/741/741 738/738/738 
f 738/738/738 741/741/741 741/741/741 
f 741/741/741 742/742/742 741/741/741 
f 741/741/741 742/742/742 743/743/743 
f 742/742/742 744/744/744 743/743/743 
f 743/743/743 744/744/744 745/745/745 
f 744/744/744 746/746/746 745/745/745 
f 745/745/745 746/746/746 746/746/746 
f 746/746/746 747/747/747 746/746/746 
f 746/746/746 747/747/747 747/747/747 
f 747/747/747 748/748/748 747/747/747 
f 747/747/747 748/748/748 749/749/749 
f 748/748/748 750/750/750 749/749/749 
f 749/749/749 750/750/750 751/751/751 
f 750/750/750 750/750/750 751/751/751 
f 751/751/751 750/750/750 752/752/752 
f 750/750/750 753/753/753 752/752/752 
f 752/752/752 753/753/753 754/754/754 
f 753/753/753 755/755/755 754/754/754 
f 754/754/754 755/755/755 756/756/756 
f 755/755/755 757/757/757 756/756/756 
f 756/756/756 757/757/757 758/758/758 
f 757/757/757 759/759/759 758/758/758 
f 758/758/758 759/759/759 760/760/760 
f 759/759/759 760/760/760 760/760/760 
f 760/760/760 760/760/760 748/748/748 
f 760/760/760 748/748/748 748/748/748 
f 748/748/748 748/748/748 750/750/750 
f 748/748/748 761/761/761 750/750/750 
f 750/750/750 761/761/761 753/753/753 
f 761/761/761 762/762/762 753/753/753 
f 753/753/753 762/762/762 755/755/755 
f 762/762/762 763/763/763 755/755/755 
f 755/755/755 763/763/763 757/757/757 
f 763/763/763 764/764/764 757/757/757 
f 757/757/757 764/764/764 759/759/759 
f 764/764/764 759/759/759 759/759/759 
f 759/759/759 759/759/759 763/763/763 
f 759/759/759 763/763/763 763/763/763 
f 763/763/763 763/763/763 764/764/764 
f 763/763/763 765/765/765 764/764/764 
f 764/764/764 765/765/765 766/766/766 
f 765/765/765 767/767/767 766/766/766 
f 766/766/766 767/767/767 768/768/768 
f 767/767/767 768/768/768 768/768/768 
f 768/768/768 768/768/768 769/769/769 
f 768/768/768 769/769/769 769/769/769 
f 769/769/769 769/769/769 770/770/770 
f 769/769/769 771/771/771 770/770/770 
f 770/770/770 771/771/771 772/772/772 
f 771/771/771 773/773/773 772/772/772 
f 772/772/772 773/773/773 774/774/774 
f 773/773/773 774/774/774 774/774/774 
f 774/774/774 774/774/774 775/775/775 
f 774/774/774 775/775/775 775/775/775 
f 775/775/775 775/775/775 776/776/776 
f 775/775/775 777/777/777 776/776/776 
f 776/776/776 777/777/777 778/778/778 
f 777/777/777 779/779/779 778/778/778 
f 778/778/778 779/779/779 780/780/780 
f 779/779/779 781/781/781 780/780/780 
f 780/780/780 781/781/781 782/782/782 
f 781/781/781 782/782/782 782/782/782 
f 782/782/782 782/782/782 783/783/783 
f 782/782/782 783/783/783 783/783/783 
f 783/783/783 783/783/783 784/784/784 
f 783/783/783 785/785/785 784/784/784 
f 784/784/784 785/785/785 786/786/786 
f 785/785/785 787/787/787 786/786/786 
f 786/786/786 787/787/787 788/788/788 
f 787/787/787 789/789/789 788/788/788 
f 788/788/788 789/789/789 788/788/788 
f 789/789/789 790/790/790 788/788/788 
f 788/788/788 790/790/790 791/791/791 
f 790/790/790 792/792/792 791/791/791 
f 791/791/791 792/792/792 792/792/792 
f 792/792/792 784/784/784 792/792/792 
f 792/792/792 784/784/784 784/784/784 
f 784/784/784 786/786/786 784/784/784 
f 784/784/784 786/786/786 793/793/793 
f 786/786/786 794/794/794 793/793/793 
f 793/793/793 794/794/794 795/795/795 
f 794/794/794 796/796/796 795/795/795 
f 795/795/795 796/796/796 797/797/797 
f 796/796/796 796/796/796 797/797/797 
f 797/797/797 796/796/796 798/798/798 
f 796/796/796 796/796/796 798/798/798 
f 798/798/798 796/796/796 799/799/799 
f 796/796/796 791/791/791 799/799/799 
f 799/799/799 791/791/791 799/799/799 
f 791/791/791 792/792/792 799/799/799 
f 799/799/799 792/792/792 799/799/799 
f 792/792/792 800/800/800 799/799/799 
f 799/799/799 800/800/800 801/801/801 
f 800/800/800 802/802/802 801/801/801 
f 801/801/801 802/802/802 802/802/802 
f 802/802/802 786/786/786 802/802/802 
f 802/802/802 786/786/786 786/786/786 
f 786/786/786 788/788/788 786/786/786 
f 786/786/786 788/788/788 794/794/794 
f 788/788/788 791/791/791 794/794/794 
f 794/794/794 791/791/791 796/796/796 
f 791/791/791 796/796/796 796/796/796 
f 796/796/796 796/796/796 798/798/798 
f 796/796/796 798/798/798 798/798/798 
f 798/798/798 798/798/798 801/801/801 
f 798/798/798 799/799/799 801/801/801 
f 801/801/801 799/799/799 799/799/799 
f 799/799/799 803/803/803 799/799/799 
f 799/799/799 803/803/803 803/803/803 
f 803/803/803 804/804/804 803/803/803 
f 803/803/803 804/804/804 805/805/805 
f 804/804/804 806/806/806 805/805/805 
f 805/805/805 806/806/806 805/805/805 
f 806/806/806 807/807/807 805/805/805 
f 805/805/805 807/807/807 808/808/808 
f 807/807/807 808/808/808 808/808/808 
f 808/808/808 808/808/808 809/809/809 
f 808/808/808 809/809/809 809/809/809 
f 809/809/809 809/809/809 810/810/810 
f 809/809/809 811/811/811 810/810/810 
f 810/810/810 811/811/811 812/812/812 
f 811/811/811 813/813/813 812/812/812 
f 812/812/812 813/813/813 489/489/489 
f 813/813/813 491/491/491 489/489/489 
f 489/489/489 491/491/491 491/491/491 
f 491/491/491 810/810/810 491/491/491 
f 491/491/491 810/810/810 810/810/810 
f 810/810/810 812/812/812 810/810/810 
f 810/810/810 812/812/812 814/814/814 
f 812/812/812 812/812/812 814/814/814 
f 814/814/814 812/812/812 490/490/490 
f 812/812/812 489/489/489 490/490/490 
f 490/490/490 489/489/489 489/489/489 
f 489/489/489 815/815/815 489/489/489 
f 489/489/489 815/815/815 815/815/815 
f 815/815/815 816/816/816 815/815/815 
f 815/815/815 816/816/816 817/817/817 
f 816/816/816 818/818/818 817/817/817 
f 817/817/817 818/818/818 819/819/819 
f 818/818/818 818/818/818 819/819/819 
f 819/819/819 818/818/818 820/820/820 
f 818/818/818 821/821/821 820/820/820 
f 820/820/820 821/821/821 822/822/822 
f 821/821/821 823/823/823 822/822/822 
f 822/822/822 823/823/823 824/824/824 
f 823/823/823 823/823/823 824/824/824 
f 824/824/824 823/823/823 825/825/825 
f 823/823/823 826/826/826 825/825/825 
f 825/825/825 826/826/826 825/825/825 
f 826/826/826 827/827/827 825/825/825 
f 825/825/825 827/827/827 825/825/825 
f 827/827/827 828/828/828 825/825/825 
f 825/825/825 828/828/828 829/829/829 
f 828/828/828 830/830/830 829/829/829 
f 829/829/829 830/830/830 830/830/830 
f 830/830/830 826/826/826 830/830/830 
f 830/830/830 826/826/826 826/826/826 
f 826/826/826 823/823/823 826/826/826 
f 826/826/826 823/823/823 831/831/831 
f 823/823/823 821/821/821 831/831/831 
f 831/831/831 821/821/821 832/832/832 
f 821/821/821 818/818/818 832/832/832 
f 832/832/832 818/818/818 816/816/816 
f 818/818/818 816/816/816 816/816/816 
f 816/816/816 816/816/816 824/824/824 
f 816/816/816 824/824/824 824/824/824 
f 824/824/824 824/824/824 829/829/829 
f 824/824/824 825/825/825 829/829/829 
f 829/829/829 825/825/825 825/825/825 
f 825/825/825 833/833/833 825/825/825 
f 825/825/825 833/833/833 833/833/833 
f 833/833/833 834/834/834 833/833/833 
f 833/833/833 834/834/834 835/835/835 
f 834/834/834 836/836/836 835/835/835 
f 835/835/835 836/836/836 837/837/837 
f 836/836/836 836/836/836 837/837/837 
f 837/837/837 836/836/836 838/838/838 
f 836/836/836 836/836/836 838/838/838 
f 838/838/838 836/836/836 839/839/839 
f 836/836/836 836/836/836 839/839/839 
f 839/839/839 836/836/836 840/840/840 
f 836/836/836 834/834/834 840/840/840 
f 840/840/840 834/834/834 841/841/841 
f 834/834/834 841/841/841 841/841/841 
f 841/841/841 841/841/841 842/842/842 
f 841/841/841 842/842/842 842/842/842 
f 842/842/842 842/842/842 843/843/843 
f 842/842/842 844/844/844 843/843/843 
f 843/843/843 844/844/844 845/845/845 
f 844/844/844 846/846/846 845/845/845 
f 845/845/845 846/846/846 847/847/847 
f 846/846/846 848/848/848 847/847/847 
f 847/847/847 848/848/848 847/847/847 
f 848/848/848 849/849/849 847/847/847 
f 847/847/847 849/849/849 850/850/850 
f 849/849/849 851/851/851 850/850/850 
f 850/850/850 851/851/851 852/852/852 
f 851/851/851 853/853/853 852/852/852 
f 852/852/852 853/853/853 853/853/853 
f 853/853/853 843/843/843 853/853/853 
f 853/853/853 843/843/843 843/843/843 
f 843/843/843 845/845/845 843/843/843 
f 843/843/843 845/845/845 854/854/854 
f 845/845/845 855/855/855 854/854/854 
f 854/854/854 855/855/855 856/856/856 
f 855/855/855 857/857/857 856/856/856 
f 856/856/856 857/857/857 858/858/858 
f 857/857/857 858/858/858 858/858/858 
f 858/858/858 858/858/858 844/844/844 
f 858/858/858 844/844/844 844/844/844 
f 844/844/844 844/844/844 846/846/846 
f 844/844/844 842/842/842 846/846/846 
f 846/846/846 842/842/842 842/842/842 
f 842/842/842 852/852/852 842/842/842 
f 842/842/842 852/852/852 852/852/852 
f 852/852/852 857/857/857 852/852/852 
f 852/852/852 857/857/857 850/850/850 
f 857/857/857 855/855/855 850/850/850 
f 850/850/850 855/855/855 847/847/847 
f 855/855/855 845/845/845 847/847/847 
f 847/847/847 845/845/845 845/845/845 
f 845/845/845 859/859/859 845/845/845 
f 845/845/845 859/859/859 859/859/859 
f 859/859/859 860/860/860 859/859/859 
f 859/859/859 860/860/860 861/861/861 
f 860/860/860 860/860/860 861/861/861 
f 861/861/861 860/860/860 862/862/862 
f 860/860/860 863/863/863 862/862/862 
f 862/862/862 863/863/863 864/864/864 
f 863/863/863 864/864/864 864/864/864 
f 864/864/864 864/864/864 865/865/865 
f 864/864/864 865/865/865 865/865/865 
f 865/865/865 865/865/865 866/866/866 
f 865/865/865 867/867/867 866/866/866 
f 866/866/866 867/867/867 868/868/868 
f 867/867/867 869/869/869 868/868/868 
f 868/868/868 869/869/869 868/868/868 
f 869/869/869 870/870/870 868/868/868 
f 868/868/868 870/870/870 871/871/871 
f 870/870/870 872/872/872 871/871/871 
f 871/871/871 872/872/872 873/873/873 
f 872/872/872 874/874/874 873/873/873 
f 873/873/873 874/874/874 875/875/875 
f 874/874/874 876/876/876 875/875/875 
f 875/875/875 876/876/876 877/877/877 
f 876/876/876 878/878/878 877/877/877 
f 877/877/877 878/878/878 878/878/878 
f 878/878/878 866/866/866 878/878/878 
f 878/878/878 866/866/866 866/866/866 
f 866/866/866 868/868/868 866/866/866 
f 866/866/866 868/868/868 879/879/879 
f 868/868/868 871/871/871 879/879/879 
f 879/879/879 871/871/871 880/880/880 
f 871/871/871 873/873/873 880/880/880 
f 880/880/880 873/873/873 881/881/881 
f 873/873/873 875/875/875 881/881/881 
f 881/881/881 875/875/875 882/882/882 
f 875/875/875 877/877/877 882/882/882 
f 882/882/882 877/877/877 877/877/877 
f 877/877/877 881/881/881 877/877/877 
f 877/877/877 881/881/881 881/881/881 
f 881/881/881 882/882/882 881/881/881 
f 881/881/881 882/882/882 883/883/883 
f 882/882/882 884/884/884 883/883/883 
f 883/883/883 884/884/884 885/885/885 
f 884/884/884 886/886/886 885/885/885 
f 885/885/885 886/886/886 886/886/886 
f 886/886/886 887/887/887 886/886/886 
f 886/886/886 887/887/887 887/887/887 
f 887/887/887 888/888/888 887/887/887 
f 887/887/887 888/888/888 889/889/889 
f 888/888/888 890/890/890 889/889/889 
f 889/889/889 890/890/890 891/891/891 
f 890/890/890 892/892/892 891/891/891 
f 891/891/891 892/892/892 892/892/892 
f 892/892/892 893/893/893 892/892/892 
f 892/892/892 893/893/893 893/893/893 
f 893/893/893 894/894/894 893/893/893 
f 893/893/893 894/894/894 895/895/895 
f 894/894/894 896/896/896 895/895/895 
f 895/895/895 896/896/896 897/897/897 
f 896/896/896 898/898/898 897/897/897 
f 897/897/897 898/898/898 899/899/899 
f 898/898/898 900/900/900 899/899/899 
f 899/899/899 900/900/900 900/900/900 
f 900/900/900 901/901/901 900/900/900 
f 900/900/900 901/901/901 901/901/901 
f 901/901/901 902/902/902 901/901/901 
f 901/901/901 902/902/902 903/903/903 
f 902/902/902 904/904/904 903/903/903 
f 903/903/903 904/904/904 905/905/905 
f 904/904/904 906/906/906 905/905/905 
f 905/905/905 906/906/906 907/907/907 
f 906/906/906 906/906/906 907/907/907 
f 907/907/907 906/906/906 908/908/908 
f 906/906/906 909/909/909 908/908/908 
f 908/908/908 909/909/909 910/910/910 
f 909/909/909 910/910/910 910/910/910 
f 910/910/910 910/910/910 902/902/902 
f 910/910/910 902/902/902 902/902/902 
f 902/902/902 902/902/902 904/904/904 
f 902/902/902 911/911/911 904/904/904 
f 904/904/904 911/911/911 912/912/912 
f 911/911/911 913/913/913 912/912/912 
f 912/912/912 913/913/913 914/914/914 
f 913/913/913 915/915/915 914/914/914 
f 914/914/914 915/915/915 914/914/914 
f 915/915/915 916/916/916 914/914/914 
f 914/914/914 916/916/916 914/914/914 
f 916/916/916 917/917/917 914/914/914 
f 914/914/914 917/917/917 909/909/909 
f 917/917/917 917/917/917 909/909/909 
f 909/909/909 917/917/917 910/910/910 
f 917/917/917 917/917/917 910/910/910 
f 910/910/910 917/917/917 918/918/918 
f 917/917/917 919/919/919 918/918/918 
f 918/918/918 919/919/919 920/920/920 
f 919/919/919 920/920/920 920/920/920 
f 920/920/920 920/920/920 904/904/904 
f 920/920/920 904/904/904 904/904/904 
f 904/904/904 904/904/904 906/906/906 
f 904/904/904 912/912/912 906/906/906 
f 906/906/906 912/912/912 909/909/909 
f 912/912/912 914/914/914 909/909/909 
f 909/909/909 914/914/914 914/914/914 
f 914/914/914 916/916/916 914/914/914 
f 914/914/914 916/916/916 916/916/916 
f 916/916/916 919/919/919 916/916/916 
f 916/916/916 919/919/919 917/917/917 
f 919/919/919 917/917/917 917/917/917 
f 917/917/917 917/917/917 921/921/921 
f 917/917/917 921/921/921 921/921/921 
f 921/921/921 921/921/921 922/922/922 
f 921/921/921 923/923/923 922/922/922 
f 922/922/922 923/923/923 924/924/924 
f 923/923/923 923/923/923 924/924/924 
f 924/924/924 923/923/923 925/925/925 
f 923/923/923 926/926/926 925/925/925 
f 925/925/925 926/926/926 926/926/926 
f 926/926/926 927/927/927 926/926/926 
f 926/926/926 927/927/927 927/927/927 
f 927/927/927 928/928/928 927/927/927 
f 927/927/927 928/928/928 929/929/929 
f 928/928/928 930/930/930 929/929/929 
f 929/929/929 930/930/930 931/931/931 
f 930/930/930 930/930/930 931/931/931 
f 931/931/931 930/930/930 932/932/932 
f 930/930/930 933/933/933 932/932/932 
f 932/932/932 933/933/933 934/934/934 
f 933/933/933 935/935/935 934/934/934 
f 934/934/934 935/935/935 936/936/936 
f 935/935/935 935/935/935 936/936/936 
f 936/936/936 935/935/935 937/937/937 
f 935/935/935 938/938/938 937/937/937 
f 937/937/937 938/938/938 939/939/939 
f 938/938/938 928/928/928 939/939/939 
f 939/939/939 928/928/928 940/940/940 
f 928/928/928 927/927/927 940/940/940 
f 940/940/940 927/927/927 940/940/940 
f 927/927/927 941/941/941 940/940/940 
f 940/940/940 941/941/941 942/942/942 
f 941/941/941 943/943/943 942/942/942 
f 942/942/942 943/943/943 942/942/942 
f 943/943/943 944/944/944 942/942/942 
f 942/942/942 944/944/944 945/945/945 
f 944/944/944 946/946/946 945/945/945 
f 945/945/945 946/946/946 946/946/946 
f 946/946/946 928/928/928 946/946/946 
f 946/946/946 928/928/928 928/928/928 
f 928/928/928 938/938/938 928/928/928 
f 928/928/928 938/938/938 930/930/930 
f 938/938/938 938/938/938 930/930/930 
f 930/930/930 938/938/938 933/933/933 
f 938/938/938 935/935/935 933/933/933 
f 933/933/933 935/935/935 935/935/935 
f 935/935/935 934/934/934 935/935/935 
f 935/935/935 934/934/934 934/934/934 
f 934/934/934 932/932/932 934/934/934 
f 934/934/934 932/932/932 947/947/947 
f 932/932/932 931/931/931 947/947/947 
f 947/947/947 931/931/931 931/931/931 
f 931/931/931 947/947/947 931/931/931 
f 931/931/931 947/947/947 947/947/947 
f 947/947/947 936/936/936 947/947/947 
f 947/947/947 936/936/936 934/934/934 
f 936/936/936 934/934/934 934/934/934 
f 934/934/934 934/934/934 945/945/945 
f 934/934/934 945/945/945 945/945/945 
f 945/945/945 945/945/945 942/942/942 
f 945/945/945 948/948/948 942/942/942 
f 942/942/942 948/948/948 940/940/940 
f 948/948/948 948/948/948 940/940/940 
f 940/940/940 948/948/948 939/939/939 
f 948/948/948 949/949/949 939/939/939 
f 939/939/939 949/949/949 937/937/937 
f 949/949/949 937/937/937 937/937/937 
f 937/937/937 937/937/937 949/949/949 
f 937/937/937 949/949/949 949/949/949 
f 949/949/949 949/949/949 950/950/950 
f 949/949/949 948/948/948 950/950/950 
f 950/950/950 948/948/948 950/950/950 
f 948/948/948 945/945/945 950/950/950 
f 950/950/950 945/945/945 951/951/951 
f 945/945/945 946/946/946 951/951/951 
f 951/951/951 946/946/946 946/946/946 
f 946/946/946 951/951/951 946/946/946 
f 946/946/946 951/951/951 951/951/951 
f 951/951/951 952/952/952 951/951/951 
f 951/951/951 952/952/952 946/946/946 
f 952/952/952 952/952/952 946/946/946 
f 946/946/946 952/952/952 953/953/953 
f 952/952/952 952/952/952 953/953/953 
f 953/953/953 952/952/952 954/954/954 
f 952/952/952 955/955/955 954/954/954 
f 954/954/954 955/955/955 956/956/956 
f 955/955/955 956/956/956 956/956/956 
f 956/956/956 956/956/956 955/955/955 
f 956/956/956 955/955/955 955/955/955 
f 955/955/955 955/955/955 957/957/957 
f 955/955/955 952/952/952 957/957/957 
f 957/957/957 952/952/952 957/957/957 
f 952/952/952 951/951/951 957/957/957 
f 957/957/957 951/951/951 958/958/958 
f 951/951/951 958/958/958 958/958/958 
f 958/958/958 958/958/958 951/951/951 
f 958/958/958 951/951/951 951/951/951 
f 951/951/951 951/951/951 950/950/950 
f 951/951/951 958/958/958 950/950/950 
f 950/950/950 958/958/958 959/959/959 
f 958/958/958 960/960/960 959/959/959 
f 959/959/959 960/960/960 949/949/949 
f 960/960/960 961/961/961 949/949/949 
f 949/949/949 961/961/961 937/937/937 
f 961/961/961 936/936/936 937/937/937 
f 937/937/937 936/936/936 936/936/936 
f 936/936/936 950/950/950 936/936/936 
f 936/936/936 950/950/950 950/950/950 
f 950/950/950 959/959/959 950/950/950 
f 950/950/950 959/959/959 949/949/949 
f 959/959/959 949/949/949 949/949/949 
f 949/949/949 949/949/949 960/960/960 
f 949/949/949 960/960/960 960/960/960 
f 960/960/960 960/960/960 958/958/958 
f 960/960/960 961/961/961 958/958/958 
f 958/958/958 961/961/961 957/957/957 
f 961/961/961 962/962/962 957/957/957 
f 957/957/957 962/962/962 955/955/955 
f 962/962/962 963/963/963 955/955/955 
f 955/955/955 963/963/963 956/956/956 
f 963/963/963 964/964/964 956/956/956 
f 956/956/956 964/964/964 965/965/965 
f 964/964/964 965/965/965 965/965/965 
f 965/965/965 965/965/965 961/961/961 
f 965/965/965 961/961/961 961/961/961 
f 961/961/961 961/961/961 962/962/962 
f 961/961/961 936/936/936 962/962/962 
f 962/962/962 936/936/936 962/962/962 
f 936/936/936 947/947/947 962/962/962 
f 962/962/962 947/947/947 963/963/963 
f 947/947/947 931/931/931 963/963/963 
f 963/963/963 931/931/931 964/964/964 
f 931/931/931 964/964/964 964/964/964 
f 964/964/964 964/964/964 931/931/931 
f 964/964/964 931/931/931 931/931/931 
f 931/931/931 931/931/931 929/929/929 
f 931/931/931 964/964/964 929/929/929 
f 929/929/929 964/964/964 966/966/966 
f 964/964/964 965/965/965 966/966/966 
f 966/966/966 965/965/965 965/965/965 
f 965/965/965 927/927/927 965/965/965 
f 965/965/965 927/927/927 927/927/927 
f 927/927/927 929/929/929 927/927/927 
f 927/927/927 929/929/929 966/966/966 
f 929/929/929 966/966/966 966/966/966 
f 966/966/966 966/966/966 967/967/967 
f 966/966/966 967/967/967 967/967/967 
f 967/967/967 967/967/967 968/968/968 
f 967/967/967 969/969/969 968/968/968 
f 968/968/968 969/969/969 968/968/968 
f 969/969/969 970/970/970 968/968/968 
f 968/968/968 970/970/970 968/968/968 
f 970/970/970 971/971/971 968/968/968 
f 968/968/968 971/971/971 968/968/968 
f 971/971/971 972/972/972 968/968/968 
f 968/968/968 972/972/972 968/968/968 
f 972/972/972 973/973/973 968/968/968 
f 968/968/968 973/973/973 974/974/974 

